file_path,filename,building_id,style_label,split
raw_data/A1.01/A1.01.Peo-com_01.JPG,A1.01.Peo-com_01.JPG,A1.01,A1,train
raw_data/A1.01/A1.01.Peo-com_02.JPG,A1.01.Peo-com_02.JPG,A1.01,A1,train
raw_data/A1.01/A1.01.Peo-com_03.JPG,A1.01.Peo-com_03.JPG,A1.01,A1,train
raw_data/A1.01/A1.01.Peo-com_04.JPG,A1.01.Peo-com_04.JPG,A1.01,A1,train
raw_data/A1.01/A1.01.Peo-com_05.JPG,A1.01.Peo-com_05.JPG,A1.01,A1,train
raw_data/A1.01/A1.01.Peo-com_06.JPG,A1.01.Peo-com_06.JPG,A1.01,A1,train
raw_data/A1.01/A1.01.Peo-com_07.JPG,A1.01.Peo-com_07.JPG,A1.01,A1,train
raw_data/A1.01/A1.01.Peo-com_08.JPG,A1.01.Peo-com_08.JPG,A1.01,A1,train
raw_data/A1.01/A1.01.Peo-com_09.JPG,A1.01.Peo-com_09.JPG,A1.01,A1,train
raw_data/A1.01/A1.01.Peo-com_10.JPG,A1.01.Peo-com_10.JPG,A1.01,A1,train
raw_data/A1.01/A1.01.Peo-com_100.JPG,A1.01.Peo-com_100.JPG,A1.01,A1,train
raw_data/A1.01/A1.01.Peo-com_101.JPG,A1.01.Peo-com_101.JPG,A1.01,A1,train
raw_data/A1.01/A1.01.Peo-com_102.JPG,A1.01.Peo-com_102.JPG,A1.01,A1,train
raw_data/A1.01/A1.01.Peo-com_103.JPG,A1.01.Peo-com_103.JPG,A1.01,A1,train
raw_data/A1.01/A1.01.Peo-com_104.JPG,A1.01.Peo-com_104.JPG,A1.01,A1,train
raw_data/A1.01/A1.01.Peo-com_105.JPG,A1.01.Peo-com_105.JPG,A1.01,A1,train
raw_data/A1.01/A1.01.Peo-com_106.JPG,A1.01.Peo-com_106.JPG,A1.01,A1,train
raw_data/A1.01/A1.01.Peo-com_107.JPG,A1.01.Peo-com_107.JPG,A1.01,A1,train
raw_data/A1.01/A1.01.Peo-com_108.JPG,A1.01.Peo-com_108.JPG,A1.01,A1,train
raw_data/A1.01/A1.01.Peo-com_109.JPG,A1.01.Peo-com_109.JPG,A1.01,A1,train
raw_data/A1.01/A1.01.Peo-com_11.JPG,A1.01.Peo-com_11.JPG,A1.01,A1,train
raw_data/A1.01/A1.01.Peo-com_110.JPG,A1.01.Peo-com_110.JPG,A1.01,A1,train
raw_data/A1.01/A1.01.Peo-com_111.JPG,A1.01.Peo-com_111.JPG,A1.01,A1,train
raw_data/A1.01/A1.01.Peo-com_112.JPG,A1.01.Peo-com_112.JPG,A1.01,A1,train
raw_data/A1.01/A1.01.Peo-com_113.JPG,A1.01.Peo-com_113.JPG,A1.01,A1,train
raw_data/A1.01/A1.01.Peo-com_114.JPG,A1.01.Peo-com_114.JPG,A1.01,A1,train
raw_data/A1.01/A1.01.Peo-com_115.JPG,A1.01.Peo-com_115.JPG,A1.01,A1,train
raw_data/A1.01/A1.01.Peo-com_116.JPG,A1.01.Peo-com_116.JPG,A1.01,A1,train
raw_data/A1.01/A1.01.Peo-com_117.JPG,A1.01.Peo-com_117.JPG,A1.01,A1,train
raw_data/A1.01/A1.01.Peo-com_118.JPG,A1.01.Peo-com_118.JPG,A1.01,A1,train
raw_data/A1.01/A1.01.Peo-com_119.JPG,A1.01.Peo-com_119.JPG,A1.01,A1,train
raw_data/A1.01/A1.01.Peo-com_12.JPG,A1.01.Peo-com_12.JPG,A1.01,A1,train
raw_data/A1.01/A1.01.Peo-com_120.JPG,A1.01.Peo-com_120.JPG,A1.01,A1,train
raw_data/A1.01/A1.01.Peo-com_121.JPG,A1.01.Peo-com_121.JPG,A1.01,A1,train
raw_data/A1.01/A1.01.Peo-com_122.JPG,A1.01.Peo-com_122.JPG,A1.01,A1,train
raw_data/A1.01/A1.01.Peo-com_123.JPG,A1.01.Peo-com_123.JPG,A1.01,A1,train
raw_data/A1.01/A1.01.Peo-com_124.JPG,A1.01.Peo-com_124.JPG,A1.01,A1,train
raw_data/A1.01/A1.01.Peo-com_125.JPG,A1.01.Peo-com_125.JPG,A1.01,A1,train
raw_data/A1.01/A1.01.Peo-com_126.JPG,A1.01.Peo-com_126.JPG,A1.01,A1,train
raw_data/A1.01/A1.01.Peo-com_127.JPG,A1.01.Peo-com_127.JPG,A1.01,A1,train
raw_data/A1.01/A1.01.Peo-com_128.JPG,A1.01.Peo-com_128.JPG,A1.01,A1,train
raw_data/A1.01/A1.01.Peo-com_129.JPG,A1.01.Peo-com_129.JPG,A1.01,A1,train
raw_data/A1.01/A1.01.Peo-com_13.JPG,A1.01.Peo-com_13.JPG,A1.01,A1,train
raw_data/A1.01/A1.01.Peo-com_130.JPG,A1.01.Peo-com_130.JPG,A1.01,A1,train
raw_data/A1.01/A1.01.Peo-com_131.JPG,A1.01.Peo-com_131.JPG,A1.01,A1,train
raw_data/A1.01/A1.01.Peo-com_132.JPG,A1.01.Peo-com_132.JPG,A1.01,A1,train
raw_data/A1.01/A1.01.Peo-com_133.JPG,A1.01.Peo-com_133.JPG,A1.01,A1,train
raw_data/A1.01/A1.01.Peo-com_134.JPG,A1.01.Peo-com_134.JPG,A1.01,A1,train
raw_data/A1.01/A1.01.Peo-com_135.JPG,A1.01.Peo-com_135.JPG,A1.01,A1,train
raw_data/A1.01/A1.01.Peo-com_136.JPG,A1.01.Peo-com_136.JPG,A1.01,A1,train
raw_data/A1.01/A1.01.Peo-com_137.JPG,A1.01.Peo-com_137.JPG,A1.01,A1,train
raw_data/A1.01/A1.01.Peo-com_138.JPG,A1.01.Peo-com_138.JPG,A1.01,A1,train
raw_data/A1.01/A1.01.Peo-com_139.JPG,A1.01.Peo-com_139.JPG,A1.01,A1,train
raw_data/A1.01/A1.01.Peo-com_14.JPG,A1.01.Peo-com_14.JPG,A1.01,A1,train
raw_data/A1.01/A1.01.Peo-com_140.JPG,A1.01.Peo-com_140.JPG,A1.01,A1,train
raw_data/A1.01/A1.01.Peo-com_141.JPG,A1.01.Peo-com_141.JPG,A1.01,A1,train
raw_data/A1.01/A1.01.Peo-com_142.JPG,A1.01.Peo-com_142.JPG,A1.01,A1,train
raw_data/A1.01/A1.01.Peo-com_143.JPG,A1.01.Peo-com_143.JPG,A1.01,A1,train
raw_data/A1.01/A1.01.Peo-com_144.JPG,A1.01.Peo-com_144.JPG,A1.01,A1,train
raw_data/A1.01/A1.01.Peo-com_145.JPG,A1.01.Peo-com_145.JPG,A1.01,A1,train
raw_data/A1.01/A1.01.Peo-com_146.JPG,A1.01.Peo-com_146.JPG,A1.01,A1,train
raw_data/A1.01/A1.01.Peo-com_147.JPG,A1.01.Peo-com_147.JPG,A1.01,A1,train
raw_data/A1.01/A1.01.Peo-com_148.JPG,A1.01.Peo-com_148.JPG,A1.01,A1,train
raw_data/A1.01/A1.01.Peo-com_149.JPG,A1.01.Peo-com_149.JPG,A1.01,A1,train
raw_data/A1.01/A1.01.Peo-com_15.JPG,A1.01.Peo-com_15.JPG,A1.01,A1,train
raw_data/A1.01/A1.01.Peo-com_150.JPG,A1.01.Peo-com_150.JPG,A1.01,A1,train
raw_data/A1.01/A1.01.Peo-com_151.JPG,A1.01.Peo-com_151.JPG,A1.01,A1,train
raw_data/A1.01/A1.01.Peo-com_152.JPG,A1.01.Peo-com_152.JPG,A1.01,A1,train
raw_data/A1.01/A1.01.Peo-com_153.JPG,A1.01.Peo-com_153.JPG,A1.01,A1,train
raw_data/A1.01/A1.01.Peo-com_154.JPG,A1.01.Peo-com_154.JPG,A1.01,A1,train
raw_data/A1.01/A1.01.Peo-com_155.JPG,A1.01.Peo-com_155.JPG,A1.01,A1,train
raw_data/A1.01/A1.01.Peo-com_156.JPG,A1.01.Peo-com_156.JPG,A1.01,A1,train
raw_data/A1.01/A1.01.Peo-com_157.JPG,A1.01.Peo-com_157.JPG,A1.01,A1,train
raw_data/A1.01/A1.01.Peo-com_158.JPG,A1.01.Peo-com_158.JPG,A1.01,A1,train
raw_data/A1.01/A1.01.Peo-com_159.JPG,A1.01.Peo-com_159.JPG,A1.01,A1,train
raw_data/A1.01/A1.01.Peo-com_16.JPG,A1.01.Peo-com_16.JPG,A1.01,A1,train
raw_data/A1.01/A1.01.Peo-com_160.JPG,A1.01.Peo-com_160.JPG,A1.01,A1,train
raw_data/A1.01/A1.01.Peo-com_161.JPG,A1.01.Peo-com_161.JPG,A1.01,A1,train
raw_data/A1.01/A1.01.Peo-com_162.JPG,A1.01.Peo-com_162.JPG,A1.01,A1,train
raw_data/A1.01/A1.01.Peo-com_163.JPG,A1.01.Peo-com_163.JPG,A1.01,A1,train
raw_data/A1.01/A1.01.Peo-com_164.JPG,A1.01.Peo-com_164.JPG,A1.01,A1,train
raw_data/A1.01/A1.01.Peo-com_165.JPG,A1.01.Peo-com_165.JPG,A1.01,A1,train
raw_data/A1.01/A1.01.Peo-com_166.JPG,A1.01.Peo-com_166.JPG,A1.01,A1,train
raw_data/A1.01/A1.01.Peo-com_167.JPG,A1.01.Peo-com_167.JPG,A1.01,A1,train
raw_data/A1.01/A1.01.Peo-com_168.JPG,A1.01.Peo-com_168.JPG,A1.01,A1,train
raw_data/A1.01/A1.01.Peo-com_169.JPG,A1.01.Peo-com_169.JPG,A1.01,A1,train
raw_data/A1.01/A1.01.Peo-com_17.JPG,A1.01.Peo-com_17.JPG,A1.01,A1,train
raw_data/A1.01/A1.01.Peo-com_170.JPG,A1.01.Peo-com_170.JPG,A1.01,A1,train
raw_data/A1.01/A1.01.Peo-com_171.JPG,A1.01.Peo-com_171.JPG,A1.01,A1,train
raw_data/A1.01/A1.01.Peo-com_172.JPG,A1.01.Peo-com_172.JPG,A1.01,A1,train
raw_data/A1.01/A1.01.Peo-com_173.JPG,A1.01.Peo-com_173.JPG,A1.01,A1,train
raw_data/A1.01/A1.01.Peo-com_174.JPG,A1.01.Peo-com_174.JPG,A1.01,A1,train
raw_data/A1.01/A1.01.Peo-com_175.JPG,A1.01.Peo-com_175.JPG,A1.01,A1,train
raw_data/A1.01/A1.01.Peo-com_176.JPG,A1.01.Peo-com_176.JPG,A1.01,A1,train
raw_data/A1.01/A1.01.Peo-com_177.JPG,A1.01.Peo-com_177.JPG,A1.01,A1,train
raw_data/A1.01/A1.01.Peo-com_178.JPG,A1.01.Peo-com_178.JPG,A1.01,A1,train
raw_data/A1.01/A1.01.Peo-com_18.JPG,A1.01.Peo-com_18.JPG,A1.01,A1,train
raw_data/A1.01/A1.01.Peo-com_19.JPG,A1.01.Peo-com_19.JPG,A1.01,A1,train
raw_data/A1.01/A1.01.Peo-com_20.JPG,A1.01.Peo-com_20.JPG,A1.01,A1,train
raw_data/A1.01/A1.01.Peo-com_21.JPG,A1.01.Peo-com_21.JPG,A1.01,A1,train
raw_data/A1.01/A1.01.Peo-com_22.JPG,A1.01.Peo-com_22.JPG,A1.01,A1,train
raw_data/A1.01/A1.01.Peo-com_23.JPG,A1.01.Peo-com_23.JPG,A1.01,A1,train
raw_data/A1.01/A1.01.Peo-com_24.JPG,A1.01.Peo-com_24.JPG,A1.01,A1,train
raw_data/A1.01/A1.01.Peo-com_25.JPG,A1.01.Peo-com_25.JPG,A1.01,A1,train
raw_data/A1.01/A1.01.Peo-com_26.JPG,A1.01.Peo-com_26.JPG,A1.01,A1,train
raw_data/A1.01/A1.01.Peo-com_27.JPG,A1.01.Peo-com_27.JPG,A1.01,A1,train
raw_data/A1.01/A1.01.Peo-com_28.JPG,A1.01.Peo-com_28.JPG,A1.01,A1,train
raw_data/A1.01/A1.01.Peo-com_29.JPG,A1.01.Peo-com_29.JPG,A1.01,A1,train
raw_data/A1.01/A1.01.Peo-com_30.JPG,A1.01.Peo-com_30.JPG,A1.01,A1,train
raw_data/A1.01/A1.01.Peo-com_31.JPG,A1.01.Peo-com_31.JPG,A1.01,A1,train
raw_data/A1.01/A1.01.Peo-com_32.JPG,A1.01.Peo-com_32.JPG,A1.01,A1,train
raw_data/A1.01/A1.01.Peo-com_33.JPG,A1.01.Peo-com_33.JPG,A1.01,A1,train
raw_data/A1.01/A1.01.Peo-com_34.JPG,A1.01.Peo-com_34.JPG,A1.01,A1,train
raw_data/A1.01/A1.01.Peo-com_35.JPG,A1.01.Peo-com_35.JPG,A1.01,A1,train
raw_data/A1.01/A1.01.Peo-com_36.JPG,A1.01.Peo-com_36.JPG,A1.01,A1,train
raw_data/A1.01/A1.01.Peo-com_37.JPG,A1.01.Peo-com_37.JPG,A1.01,A1,train
raw_data/A1.01/A1.01.Peo-com_38.JPG,A1.01.Peo-com_38.JPG,A1.01,A1,train
raw_data/A1.01/A1.01.Peo-com_39.JPG,A1.01.Peo-com_39.JPG,A1.01,A1,train
raw_data/A1.01/A1.01.Peo-com_40.JPG,A1.01.Peo-com_40.JPG,A1.01,A1,train
raw_data/A1.01/A1.01.Peo-com_41.JPG,A1.01.Peo-com_41.JPG,A1.01,A1,train
raw_data/A1.01/A1.01.Peo-com_42.JPG,A1.01.Peo-com_42.JPG,A1.01,A1,train
raw_data/A1.01/A1.01.Peo-com_43.JPG,A1.01.Peo-com_43.JPG,A1.01,A1,train
raw_data/A1.01/A1.01.Peo-com_44.JPG,A1.01.Peo-com_44.JPG,A1.01,A1,train
raw_data/A1.01/A1.01.Peo-com_45.JPG,A1.01.Peo-com_45.JPG,A1.01,A1,train
raw_data/A1.01/A1.01.Peo-com_46.JPG,A1.01.Peo-com_46.JPG,A1.01,A1,train
raw_data/A1.01/A1.01.Peo-com_47.JPG,A1.01.Peo-com_47.JPG,A1.01,A1,train
raw_data/A1.01/A1.01.Peo-com_48.JPG,A1.01.Peo-com_48.JPG,A1.01,A1,train
raw_data/A1.01/A1.01.Peo-com_49.JPG,A1.01.Peo-com_49.JPG,A1.01,A1,train
raw_data/A1.01/A1.01.Peo-com_50.JPG,A1.01.Peo-com_50.JPG,A1.01,A1,train
raw_data/A1.01/A1.01.Peo-com_51.JPG,A1.01.Peo-com_51.JPG,A1.01,A1,train
raw_data/A1.01/A1.01.Peo-com_52.JPG,A1.01.Peo-com_52.JPG,A1.01,A1,train
raw_data/A1.01/A1.01.Peo-com_53.JPG,A1.01.Peo-com_53.JPG,A1.01,A1,train
raw_data/A1.01/A1.01.Peo-com_54.JPG,A1.01.Peo-com_54.JPG,A1.01,A1,train
raw_data/A1.01/A1.01.Peo-com_55.JPG,A1.01.Peo-com_55.JPG,A1.01,A1,train
raw_data/A1.01/A1.01.Peo-com_56.JPG,A1.01.Peo-com_56.JPG,A1.01,A1,train
raw_data/A1.01/A1.01.Peo-com_57.JPG,A1.01.Peo-com_57.JPG,A1.01,A1,train
raw_data/A1.01/A1.01.Peo-com_58.JPG,A1.01.Peo-com_58.JPG,A1.01,A1,train
raw_data/A1.01/A1.01.Peo-com_59.JPG,A1.01.Peo-com_59.JPG,A1.01,A1,train
raw_data/A1.01/A1.01.Peo-com_60.JPG,A1.01.Peo-com_60.JPG,A1.01,A1,train
raw_data/A1.01/A1.01.Peo-com_61.JPG,A1.01.Peo-com_61.JPG,A1.01,A1,train
raw_data/A1.01/A1.01.Peo-com_62.JPG,A1.01.Peo-com_62.JPG,A1.01,A1,train
raw_data/A1.01/A1.01.Peo-com_63.JPG,A1.01.Peo-com_63.JPG,A1.01,A1,train
raw_data/A1.01/A1.01.Peo-com_64.JPG,A1.01.Peo-com_64.JPG,A1.01,A1,train
raw_data/A1.01/A1.01.Peo-com_65.JPG,A1.01.Peo-com_65.JPG,A1.01,A1,train
raw_data/A1.01/A1.01.Peo-com_66.JPG,A1.01.Peo-com_66.JPG,A1.01,A1,train
raw_data/A1.01/A1.01.Peo-com_67.JPG,A1.01.Peo-com_67.JPG,A1.01,A1,train
raw_data/A1.01/A1.01.Peo-com_68.JPG,A1.01.Peo-com_68.JPG,A1.01,A1,train
raw_data/A1.01/A1.01.Peo-com_69.JPG,A1.01.Peo-com_69.JPG,A1.01,A1,train
raw_data/A1.01/A1.01.Peo-com_70.JPG,A1.01.Peo-com_70.JPG,A1.01,A1,train
raw_data/A1.01/A1.01.Peo-com_71.JPG,A1.01.Peo-com_71.JPG,A1.01,A1,train
raw_data/A1.01/A1.01.Peo-com_72.JPG,A1.01.Peo-com_72.JPG,A1.01,A1,train
raw_data/A1.01/A1.01.Peo-com_73.JPG,A1.01.Peo-com_73.JPG,A1.01,A1,train
raw_data/A1.01/A1.01.Peo-com_74.JPG,A1.01.Peo-com_74.JPG,A1.01,A1,train
raw_data/A1.01/A1.01.Peo-com_75.JPG,A1.01.Peo-com_75.JPG,A1.01,A1,train
raw_data/A1.01/A1.01.Peo-com_76.JPG,A1.01.Peo-com_76.JPG,A1.01,A1,train
raw_data/A1.01/A1.01.Peo-com_77.JPG,A1.01.Peo-com_77.JPG,A1.01,A1,train
raw_data/A1.01/A1.01.Peo-com_78.JPG,A1.01.Peo-com_78.JPG,A1.01,A1,train
raw_data/A1.01/A1.01.Peo-com_79.JPG,A1.01.Peo-com_79.JPG,A1.01,A1,train
raw_data/A1.01/A1.01.Peo-com_80.JPG,A1.01.Peo-com_80.JPG,A1.01,A1,train
raw_data/A1.01/A1.01.Peo-com_81.JPG,A1.01.Peo-com_81.JPG,A1.01,A1,train
raw_data/A1.01/A1.01.Peo-com_82.JPG,A1.01.Peo-com_82.JPG,A1.01,A1,train
raw_data/A1.01/A1.01.Peo-com_83.JPG,A1.01.Peo-com_83.JPG,A1.01,A1,train
raw_data/A1.01/A1.01.Peo-com_84.JPG,A1.01.Peo-com_84.JPG,A1.01,A1,train
raw_data/A1.01/A1.01.Peo-com_85.JPG,A1.01.Peo-com_85.JPG,A1.01,A1,train
raw_data/A1.01/A1.01.Peo-com_86.JPG,A1.01.Peo-com_86.JPG,A1.01,A1,train
raw_data/A1.01/A1.01.Peo-com_87.JPG,A1.01.Peo-com_87.JPG,A1.01,A1,train
raw_data/A1.01/A1.01.Peo-com_88.JPG,A1.01.Peo-com_88.JPG,A1.01,A1,train
raw_data/A1.01/A1.01.Peo-com_89.JPG,A1.01.Peo-com_89.JPG,A1.01,A1,train
raw_data/A1.01/A1.01.Peo-com_90.JPG,A1.01.Peo-com_90.JPG,A1.01,A1,train
raw_data/A1.01/A1.01.Peo-com_91.JPG,A1.01.Peo-com_91.JPG,A1.01,A1,train
raw_data/A1.01/A1.01.Peo-com_92.JPG,A1.01.Peo-com_92.JPG,A1.01,A1,train
raw_data/A1.01/A1.01.Peo-com_93.JPG,A1.01.Peo-com_93.JPG,A1.01,A1,train
raw_data/A1.01/A1.01.Peo-com_94.JPG,A1.01.Peo-com_94.JPG,A1.01,A1,train
raw_data/A1.01/A1.01.Peo-com_95.JPG,A1.01.Peo-com_95.JPG,A1.01,A1,train
raw_data/A1.01/A1.01.Peo-com_96.JPG,A1.01.Peo-com_96.JPG,A1.01,A1,train
raw_data/A1.01/A1.01.Peo-com_97.JPG,A1.01.Peo-com_97.JPG,A1.01,A1,train
raw_data/A1.01/A1.01.Peo-com_98.JPG,A1.01.Peo-com_98.JPG,A1.01,A1,train
raw_data/A1.01/A1.01.Peo-com_99.JPG,A1.01.Peo-com_99.JPG,A1.01,A1,train
raw_data/A1.02/A1.02.Peo-Cou_01.JPG,A1.02.Peo-Cou_01.JPG,A1.02,A1,train
raw_data/A1.02/A1.02.Peo-Cou_02.JPG,A1.02.Peo-Cou_02.JPG,A1.02,A1,train
raw_data/A1.02/A1.02.Peo-Cou_03.JPG,A1.02.Peo-Cou_03.JPG,A1.02,A1,train
raw_data/A1.02/A1.02.Peo-Cou_04.JPG,A1.02.Peo-Cou_04.JPG,A1.02,A1,train
raw_data/A1.02/A1.02.Peo-Cou_05.JPG,A1.02.Peo-Cou_05.JPG,A1.02,A1,train
raw_data/A1.02/A1.02.Peo-Cou_06.JPG,A1.02.Peo-Cou_06.JPG,A1.02,A1,train
raw_data/A1.02/A1.02.Peo-Cou_07.JPG,A1.02.Peo-Cou_07.JPG,A1.02,A1,train
raw_data/A1.02/A1.02.Peo-Cou_08.JPG,A1.02.Peo-Cou_08.JPG,A1.02,A1,train
raw_data/A1.02/A1.02.Peo-Cou_09.JPG,A1.02.Peo-Cou_09.JPG,A1.02,A1,train
raw_data/A1.02/A1.02.Peo-Cou_10.JPG,A1.02.Peo-Cou_10.JPG,A1.02,A1,train
raw_data/A1.02/A1.02.Peo-Cou_100.JPG,A1.02.Peo-Cou_100.JPG,A1.02,A1,train
raw_data/A1.02/A1.02.Peo-Cou_101.JPG,A1.02.Peo-Cou_101.JPG,A1.02,A1,train
raw_data/A1.02/A1.02.Peo-Cou_102.JPG,A1.02.Peo-Cou_102.JPG,A1.02,A1,train
raw_data/A1.02/A1.02.Peo-Cou_103.JPG,A1.02.Peo-Cou_103.JPG,A1.02,A1,train
raw_data/A1.02/A1.02.Peo-Cou_11.JPG,A1.02.Peo-Cou_11.JPG,A1.02,A1,train
raw_data/A1.02/A1.02.Peo-Cou_12.JPG,A1.02.Peo-Cou_12.JPG,A1.02,A1,train
raw_data/A1.02/A1.02.Peo-Cou_13.JPG,A1.02.Peo-Cou_13.JPG,A1.02,A1,train
raw_data/A1.02/A1.02.Peo-Cou_14.JPG,A1.02.Peo-Cou_14.JPG,A1.02,A1,train
raw_data/A1.02/A1.02.Peo-Cou_15.JPG,A1.02.Peo-Cou_15.JPG,A1.02,A1,train
raw_data/A1.02/A1.02.Peo-Cou_16.JPG,A1.02.Peo-Cou_16.JPG,A1.02,A1,train
raw_data/A1.02/A1.02.Peo-Cou_17.JPG,A1.02.Peo-Cou_17.JPG,A1.02,A1,train
raw_data/A1.02/A1.02.Peo-Cou_18.JPG,A1.02.Peo-Cou_18.JPG,A1.02,A1,train
raw_data/A1.02/A1.02.Peo-Cou_19.JPG,A1.02.Peo-Cou_19.JPG,A1.02,A1,train
raw_data/A1.02/A1.02.Peo-Cou_20.JPG,A1.02.Peo-Cou_20.JPG,A1.02,A1,train
raw_data/A1.02/A1.02.Peo-Cou_21.JPG,A1.02.Peo-Cou_21.JPG,A1.02,A1,train
raw_data/A1.02/A1.02.Peo-Cou_22.JPG,A1.02.Peo-Cou_22.JPG,A1.02,A1,train
raw_data/A1.02/A1.02.Peo-Cou_23.JPG,A1.02.Peo-Cou_23.JPG,A1.02,A1,train
raw_data/A1.02/A1.02.Peo-Cou_24.JPG,A1.02.Peo-Cou_24.JPG,A1.02,A1,train
raw_data/A1.02/A1.02.Peo-Cou_25.JPG,A1.02.Peo-Cou_25.JPG,A1.02,A1,train
raw_data/A1.02/A1.02.Peo-Cou_26.JPG,A1.02.Peo-Cou_26.JPG,A1.02,A1,train
raw_data/A1.02/A1.02.Peo-Cou_27.JPG,A1.02.Peo-Cou_27.JPG,A1.02,A1,train
raw_data/A1.02/A1.02.Peo-Cou_28.JPG,A1.02.Peo-Cou_28.JPG,A1.02,A1,train
raw_data/A1.02/A1.02.Peo-Cou_29.JPG,A1.02.Peo-Cou_29.JPG,A1.02,A1,train
raw_data/A1.02/A1.02.Peo-Cou_30.JPG,A1.02.Peo-Cou_30.JPG,A1.02,A1,train
raw_data/A1.02/A1.02.Peo-Cou_31.JPG,A1.02.Peo-Cou_31.JPG,A1.02,A1,train
raw_data/A1.02/A1.02.Peo-Cou_32.JPG,A1.02.Peo-Cou_32.JPG,A1.02,A1,train
raw_data/A1.02/A1.02.Peo-Cou_33.JPG,A1.02.Peo-Cou_33.JPG,A1.02,A1,train
raw_data/A1.02/A1.02.Peo-Cou_34.JPG,A1.02.Peo-Cou_34.JPG,A1.02,A1,train
raw_data/A1.02/A1.02.Peo-Cou_35.JPG,A1.02.Peo-Cou_35.JPG,A1.02,A1,train
raw_data/A1.02/A1.02.Peo-Cou_36.JPG,A1.02.Peo-Cou_36.JPG,A1.02,A1,train
raw_data/A1.02/A1.02.Peo-Cou_37.JPG,A1.02.Peo-Cou_37.JPG,A1.02,A1,train
raw_data/A1.02/A1.02.Peo-Cou_38.JPG,A1.02.Peo-Cou_38.JPG,A1.02,A1,train
raw_data/A1.02/A1.02.Peo-Cou_39.JPG,A1.02.Peo-Cou_39.JPG,A1.02,A1,train
raw_data/A1.02/A1.02.Peo-Cou_40.JPG,A1.02.Peo-Cou_40.JPG,A1.02,A1,train
raw_data/A1.02/A1.02.Peo-Cou_41.JPG,A1.02.Peo-Cou_41.JPG,A1.02,A1,train
raw_data/A1.02/A1.02.Peo-Cou_42.JPG,A1.02.Peo-Cou_42.JPG,A1.02,A1,train
raw_data/A1.02/A1.02.Peo-Cou_43.JPG,A1.02.Peo-Cou_43.JPG,A1.02,A1,train
raw_data/A1.02/A1.02.Peo-Cou_44.JPG,A1.02.Peo-Cou_44.JPG,A1.02,A1,train
raw_data/A1.02/A1.02.Peo-Cou_45.JPG,A1.02.Peo-Cou_45.JPG,A1.02,A1,train
raw_data/A1.02/A1.02.Peo-Cou_46.JPG,A1.02.Peo-Cou_46.JPG,A1.02,A1,train
raw_data/A1.02/A1.02.Peo-Cou_47.JPG,A1.02.Peo-Cou_47.JPG,A1.02,A1,train
raw_data/A1.02/A1.02.Peo-Cou_48.JPG,A1.02.Peo-Cou_48.JPG,A1.02,A1,train
raw_data/A1.02/A1.02.Peo-Cou_49.JPG,A1.02.Peo-Cou_49.JPG,A1.02,A1,train
raw_data/A1.02/A1.02.Peo-Cou_50.JPG,A1.02.Peo-Cou_50.JPG,A1.02,A1,train
raw_data/A1.02/A1.02.Peo-Cou_51.JPG,A1.02.Peo-Cou_51.JPG,A1.02,A1,train
raw_data/A1.02/A1.02.Peo-Cou_52.JPG,A1.02.Peo-Cou_52.JPG,A1.02,A1,train
raw_data/A1.02/A1.02.Peo-Cou_53.JPG,A1.02.Peo-Cou_53.JPG,A1.02,A1,train
raw_data/A1.02/A1.02.Peo-Cou_54.JPG,A1.02.Peo-Cou_54.JPG,A1.02,A1,train
raw_data/A1.02/A1.02.Peo-Cou_55.JPG,A1.02.Peo-Cou_55.JPG,A1.02,A1,train
raw_data/A1.02/A1.02.Peo-Cou_56.JPG,A1.02.Peo-Cou_56.JPG,A1.02,A1,train
raw_data/A1.02/A1.02.Peo-Cou_57.JPG,A1.02.Peo-Cou_57.JPG,A1.02,A1,train
raw_data/A1.02/A1.02.Peo-Cou_58.JPG,A1.02.Peo-Cou_58.JPG,A1.02,A1,train
raw_data/A1.02/A1.02.Peo-Cou_59.JPG,A1.02.Peo-Cou_59.JPG,A1.02,A1,train
raw_data/A1.02/A1.02.Peo-Cou_60.JPG,A1.02.Peo-Cou_60.JPG,A1.02,A1,train
raw_data/A1.02/A1.02.Peo-Cou_61.JPG,A1.02.Peo-Cou_61.JPG,A1.02,A1,train
raw_data/A1.02/A1.02.Peo-Cou_62.JPG,A1.02.Peo-Cou_62.JPG,A1.02,A1,train
raw_data/A1.02/A1.02.Peo-Cou_63.JPG,A1.02.Peo-Cou_63.JPG,A1.02,A1,train
raw_data/A1.02/A1.02.Peo-Cou_64.JPG,A1.02.Peo-Cou_64.JPG,A1.02,A1,train
raw_data/A1.02/A1.02.Peo-Cou_65.JPG,A1.02.Peo-Cou_65.JPG,A1.02,A1,train
raw_data/A1.02/A1.02.Peo-Cou_66.JPG,A1.02.Peo-Cou_66.JPG,A1.02,A1,train
raw_data/A1.02/A1.02.Peo-Cou_67.JPG,A1.02.Peo-Cou_67.JPG,A1.02,A1,train
raw_data/A1.02/A1.02.Peo-Cou_68.JPG,A1.02.Peo-Cou_68.JPG,A1.02,A1,train
raw_data/A1.02/A1.02.Peo-Cou_69.JPG,A1.02.Peo-Cou_69.JPG,A1.02,A1,train
raw_data/A1.02/A1.02.Peo-Cou_70.JPG,A1.02.Peo-Cou_70.JPG,A1.02,A1,train
raw_data/A1.02/A1.02.Peo-Cou_71.JPG,A1.02.Peo-Cou_71.JPG,A1.02,A1,train
raw_data/A1.02/A1.02.Peo-Cou_72.JPG,A1.02.Peo-Cou_72.JPG,A1.02,A1,train
raw_data/A1.02/A1.02.Peo-Cou_73.JPG,A1.02.Peo-Cou_73.JPG,A1.02,A1,train
raw_data/A1.02/A1.02.Peo-Cou_74.JPG,A1.02.Peo-Cou_74.JPG,A1.02,A1,train
raw_data/A1.02/A1.02.Peo-Cou_75.JPG,A1.02.Peo-Cou_75.JPG,A1.02,A1,train
raw_data/A1.02/A1.02.Peo-Cou_76.JPG,A1.02.Peo-Cou_76.JPG,A1.02,A1,train
raw_data/A1.02/A1.02.Peo-Cou_77.JPG,A1.02.Peo-Cou_77.JPG,A1.02,A1,train
raw_data/A1.02/A1.02.Peo-Cou_78.JPG,A1.02.Peo-Cou_78.JPG,A1.02,A1,train
raw_data/A1.02/A1.02.Peo-Cou_79.JPG,A1.02.Peo-Cou_79.JPG,A1.02,A1,train
raw_data/A1.02/A1.02.Peo-Cou_80.JPG,A1.02.Peo-Cou_80.JPG,A1.02,A1,train
raw_data/A1.02/A1.02.Peo-Cou_81.JPG,A1.02.Peo-Cou_81.JPG,A1.02,A1,train
raw_data/A1.02/A1.02.Peo-Cou_82.JPG,A1.02.Peo-Cou_82.JPG,A1.02,A1,train
raw_data/A1.02/A1.02.Peo-Cou_83.JPG,A1.02.Peo-Cou_83.JPG,A1.02,A1,train
raw_data/A1.02/A1.02.Peo-Cou_84.JPG,A1.02.Peo-Cou_84.JPG,A1.02,A1,train
raw_data/A1.02/A1.02.Peo-Cou_85.JPG,A1.02.Peo-Cou_85.JPG,A1.02,A1,train
raw_data/A1.02/A1.02.Peo-Cou_86.JPG,A1.02.Peo-Cou_86.JPG,A1.02,A1,train
raw_data/A1.02/A1.02.Peo-Cou_87.JPG,A1.02.Peo-Cou_87.JPG,A1.02,A1,train
raw_data/A1.02/A1.02.Peo-Cou_88.JPG,A1.02.Peo-Cou_88.JPG,A1.02,A1,train
raw_data/A1.02/A1.02.Peo-Cou_89.JPG,A1.02.Peo-Cou_89.JPG,A1.02,A1,train
raw_data/A1.02/A1.02.Peo-Cou_90.JPG,A1.02.Peo-Cou_90.JPG,A1.02,A1,train
raw_data/A1.02/A1.02.Peo-Cou_91.JPG,A1.02.Peo-Cou_91.JPG,A1.02,A1,train
raw_data/A1.02/A1.02.Peo-Cou_92.JPG,A1.02.Peo-Cou_92.JPG,A1.02,A1,train
raw_data/A1.02/A1.02.Peo-Cou_93.JPG,A1.02.Peo-Cou_93.JPG,A1.02,A1,train
raw_data/A1.02/A1.02.Peo-Cou_94.JPG,A1.02.Peo-Cou_94.JPG,A1.02,A1,train
raw_data/A1.02/A1.02.Peo-Cou_95.JPG,A1.02.Peo-Cou_95.JPG,A1.02,A1,train
raw_data/A1.02/A1.02.Peo-Cou_96.JPG,A1.02.Peo-Cou_96.JPG,A1.02,A1,train
raw_data/A1.02/A1.02.Peo-Cou_97.JPG,A1.02.Peo-Cou_97.JPG,A1.02,A1,train
raw_data/A1.02/A1.02.Peo-Cou_98.JPG,A1.02.Peo-Cou_98.JPG,A1.02,A1,train
raw_data/A1.02/A1.02.Peo-Cou_99.JPG,A1.02.Peo-Cou_99.JPG,A1.02,A1,train
raw_data/A1.03/A1.03.Ope-Hou_01.JPG,A1.03.Ope-Hou_01.JPG,A1.03,A1,val
raw_data/A1.03/A1.03.Ope-Hou_02.JPG,A1.03.Ope-Hou_02.JPG,A1.03,A1,val
raw_data/A1.03/A1.03.Ope-Hou_03.JPG,A1.03.Ope-Hou_03.JPG,A1.03,A1,val
raw_data/A1.03/A1.03.Ope-Hou_04.JPG,A1.03.Ope-Hou_04.JPG,A1.03,A1,val
raw_data/A1.03/A1.03.Ope-Hou_05.JPG,A1.03.Ope-Hou_05.JPG,A1.03,A1,val
raw_data/A1.03/A1.03.Ope-Hou_06.JPG,A1.03.Ope-Hou_06.JPG,A1.03,A1,val
raw_data/A1.03/A1.03.Ope-Hou_07.JPG,A1.03.Ope-Hou_07.JPG,A1.03,A1,val
raw_data/A1.03/A1.03.Ope-Hou_08.JPG,A1.03.Ope-Hou_08.JPG,A1.03,A1,val
raw_data/A1.03/A1.03.Ope-Hou_09.JPG,A1.03.Ope-Hou_09.JPG,A1.03,A1,val
raw_data/A1.03/A1.03.Ope-Hou_10.JPG,A1.03.Ope-Hou_10.JPG,A1.03,A1,val
raw_data/A1.03/A1.03.Ope-Hou_100.JPG,A1.03.Ope-Hou_100.JPG,A1.03,A1,val
raw_data/A1.03/A1.03.Ope-Hou_101.JPG,A1.03.Ope-Hou_101.JPG,A1.03,A1,val
raw_data/A1.03/A1.03.Ope-Hou_102.JPG,A1.03.Ope-Hou_102.JPG,A1.03,A1,val
raw_data/A1.03/A1.03.Ope-Hou_103.JPG,A1.03.Ope-Hou_103.JPG,A1.03,A1,val
raw_data/A1.03/A1.03.Ope-Hou_104.JPG,A1.03.Ope-Hou_104.JPG,A1.03,A1,val
raw_data/A1.03/A1.03.Ope-Hou_105.JPG,A1.03.Ope-Hou_105.JPG,A1.03,A1,val
raw_data/A1.03/A1.03.Ope-Hou_106.JPG,A1.03.Ope-Hou_106.JPG,A1.03,A1,val
raw_data/A1.03/A1.03.Ope-Hou_107.JPG,A1.03.Ope-Hou_107.JPG,A1.03,A1,val
raw_data/A1.03/A1.03.Ope-Hou_108.JPG,A1.03.Ope-Hou_108.JPG,A1.03,A1,val
raw_data/A1.03/A1.03.Ope-Hou_109.JPG,A1.03.Ope-Hou_109.JPG,A1.03,A1,val
raw_data/A1.03/A1.03.Ope-Hou_11.JPG,A1.03.Ope-Hou_11.JPG,A1.03,A1,val
raw_data/A1.03/A1.03.Ope-Hou_110.JPG,A1.03.Ope-Hou_110.JPG,A1.03,A1,val
raw_data/A1.03/A1.03.Ope-Hou_111.JPG,A1.03.Ope-Hou_111.JPG,A1.03,A1,val
raw_data/A1.03/A1.03.Ope-Hou_112.JPG,A1.03.Ope-Hou_112.JPG,A1.03,A1,val
raw_data/A1.03/A1.03.Ope-Hou_113.JPG,A1.03.Ope-Hou_113.JPG,A1.03,A1,val
raw_data/A1.03/A1.03.Ope-Hou_114.JPG,A1.03.Ope-Hou_114.JPG,A1.03,A1,val
raw_data/A1.03/A1.03.Ope-Hou_115.JPG,A1.03.Ope-Hou_115.JPG,A1.03,A1,val
raw_data/A1.03/A1.03.Ope-Hou_116.JPG,A1.03.Ope-Hou_116.JPG,A1.03,A1,val
raw_data/A1.03/A1.03.Ope-Hou_117.JPG,A1.03.Ope-Hou_117.JPG,A1.03,A1,val
raw_data/A1.03/A1.03.Ope-Hou_118.JPG,A1.03.Ope-Hou_118.JPG,A1.03,A1,val
raw_data/A1.03/A1.03.Ope-Hou_119.JPG,A1.03.Ope-Hou_119.JPG,A1.03,A1,val
raw_data/A1.03/A1.03.Ope-Hou_12.JPG,A1.03.Ope-Hou_12.JPG,A1.03,A1,val
raw_data/A1.03/A1.03.Ope-Hou_120.JPG,A1.03.Ope-Hou_120.JPG,A1.03,A1,val
raw_data/A1.03/A1.03.Ope-Hou_121.JPG,A1.03.Ope-Hou_121.JPG,A1.03,A1,val
raw_data/A1.03/A1.03.Ope-Hou_122.JPG,A1.03.Ope-Hou_122.JPG,A1.03,A1,val
raw_data/A1.03/A1.03.Ope-Hou_123.JPG,A1.03.Ope-Hou_123.JPG,A1.03,A1,val
raw_data/A1.03/A1.03.Ope-Hou_124.JPG,A1.03.Ope-Hou_124.JPG,A1.03,A1,val
raw_data/A1.03/A1.03.Ope-Hou_125.JPG,A1.03.Ope-Hou_125.JPG,A1.03,A1,val
raw_data/A1.03/A1.03.Ope-Hou_126.JPG,A1.03.Ope-Hou_126.JPG,A1.03,A1,val
raw_data/A1.03/A1.03.Ope-Hou_127.JPG,A1.03.Ope-Hou_127.JPG,A1.03,A1,val
raw_data/A1.03/A1.03.Ope-Hou_128.JPG,A1.03.Ope-Hou_128.JPG,A1.03,A1,val
raw_data/A1.03/A1.03.Ope-Hou_129.JPG,A1.03.Ope-Hou_129.JPG,A1.03,A1,val
raw_data/A1.03/A1.03.Ope-Hou_13.JPG,A1.03.Ope-Hou_13.JPG,A1.03,A1,val
raw_data/A1.03/A1.03.Ope-Hou_130.JPG,A1.03.Ope-Hou_130.JPG,A1.03,A1,val
raw_data/A1.03/A1.03.Ope-Hou_131.JPG,A1.03.Ope-Hou_131.JPG,A1.03,A1,val
raw_data/A1.03/A1.03.Ope-Hou_132.JPG,A1.03.Ope-Hou_132.JPG,A1.03,A1,val
raw_data/A1.03/A1.03.Ope-Hou_133.JPG,A1.03.Ope-Hou_133.JPG,A1.03,A1,val
raw_data/A1.03/A1.03.Ope-Hou_134.JPG,A1.03.Ope-Hou_134.JPG,A1.03,A1,val
raw_data/A1.03/A1.03.Ope-Hou_135.JPG,A1.03.Ope-Hou_135.JPG,A1.03,A1,val
raw_data/A1.03/A1.03.Ope-Hou_136.JPG,A1.03.Ope-Hou_136.JPG,A1.03,A1,val
raw_data/A1.03/A1.03.Ope-Hou_137.JPG,A1.03.Ope-Hou_137.JPG,A1.03,A1,val
raw_data/A1.03/A1.03.Ope-Hou_138.JPG,A1.03.Ope-Hou_138.JPG,A1.03,A1,val
raw_data/A1.03/A1.03.Ope-Hou_139.JPG,A1.03.Ope-Hou_139.JPG,A1.03,A1,val
raw_data/A1.03/A1.03.Ope-Hou_14.JPG,A1.03.Ope-Hou_14.JPG,A1.03,A1,val
raw_data/A1.03/A1.03.Ope-Hou_140.JPG,A1.03.Ope-Hou_140.JPG,A1.03,A1,val
raw_data/A1.03/A1.03.Ope-Hou_141.JPG,A1.03.Ope-Hou_141.JPG,A1.03,A1,val
raw_data/A1.03/A1.03.Ope-Hou_142.JPG,A1.03.Ope-Hou_142.JPG,A1.03,A1,val
raw_data/A1.03/A1.03.Ope-Hou_143.JPG,A1.03.Ope-Hou_143.JPG,A1.03,A1,val
raw_data/A1.03/A1.03.Ope-Hou_144.JPG,A1.03.Ope-Hou_144.JPG,A1.03,A1,val
raw_data/A1.03/A1.03.Ope-Hou_145.JPG,A1.03.Ope-Hou_145.JPG,A1.03,A1,val
raw_data/A1.03/A1.03.Ope-Hou_146.JPG,A1.03.Ope-Hou_146.JPG,A1.03,A1,val
raw_data/A1.03/A1.03.Ope-Hou_147.JPG,A1.03.Ope-Hou_147.JPG,A1.03,A1,val
raw_data/A1.03/A1.03.Ope-Hou_148.JPG,A1.03.Ope-Hou_148.JPG,A1.03,A1,val
raw_data/A1.03/A1.03.Ope-Hou_149.JPG,A1.03.Ope-Hou_149.JPG,A1.03,A1,val
raw_data/A1.03/A1.03.Ope-Hou_15.JPG,A1.03.Ope-Hou_15.JPG,A1.03,A1,val
raw_data/A1.03/A1.03.Ope-Hou_150.JPG,A1.03.Ope-Hou_150.JPG,A1.03,A1,val
raw_data/A1.03/A1.03.Ope-Hou_151.JPG,A1.03.Ope-Hou_151.JPG,A1.03,A1,val
raw_data/A1.03/A1.03.Ope-Hou_152.JPG,A1.03.Ope-Hou_152.JPG,A1.03,A1,val
raw_data/A1.03/A1.03.Ope-Hou_153.JPG,A1.03.Ope-Hou_153.JPG,A1.03,A1,val
raw_data/A1.03/A1.03.Ope-Hou_154.JPG,A1.03.Ope-Hou_154.JPG,A1.03,A1,val
raw_data/A1.03/A1.03.Ope-Hou_155.JPG,A1.03.Ope-Hou_155.JPG,A1.03,A1,val
raw_data/A1.03/A1.03.Ope-Hou_156.JPG,A1.03.Ope-Hou_156.JPG,A1.03,A1,val
raw_data/A1.03/A1.03.Ope-Hou_157.JPG,A1.03.Ope-Hou_157.JPG,A1.03,A1,val
raw_data/A1.03/A1.03.Ope-Hou_158.JPG,A1.03.Ope-Hou_158.JPG,A1.03,A1,val
raw_data/A1.03/A1.03.Ope-Hou_159.JPG,A1.03.Ope-Hou_159.JPG,A1.03,A1,val
raw_data/A1.03/A1.03.Ope-Hou_16.JPG,A1.03.Ope-Hou_16.JPG,A1.03,A1,val
raw_data/A1.03/A1.03.Ope-Hou_160.JPG,A1.03.Ope-Hou_160.JPG,A1.03,A1,val
raw_data/A1.03/A1.03.Ope-Hou_161.JPG,A1.03.Ope-Hou_161.JPG,A1.03,A1,val
raw_data/A1.03/A1.03.Ope-Hou_162.JPG,A1.03.Ope-Hou_162.JPG,A1.03,A1,val
raw_data/A1.03/A1.03.Ope-Hou_163.JPG,A1.03.Ope-Hou_163.JPG,A1.03,A1,val
raw_data/A1.03/A1.03.Ope-Hou_164.JPG,A1.03.Ope-Hou_164.JPG,A1.03,A1,val
raw_data/A1.03/A1.03.Ope-Hou_165.JPG,A1.03.Ope-Hou_165.JPG,A1.03,A1,val
raw_data/A1.03/A1.03.Ope-Hou_166.JPG,A1.03.Ope-Hou_166.JPG,A1.03,A1,val
raw_data/A1.03/A1.03.Ope-Hou_167.JPG,A1.03.Ope-Hou_167.JPG,A1.03,A1,val
raw_data/A1.03/A1.03.Ope-Hou_168.JPG,A1.03.Ope-Hou_168.JPG,A1.03,A1,val
raw_data/A1.03/A1.03.Ope-Hou_169.JPG,A1.03.Ope-Hou_169.JPG,A1.03,A1,val
raw_data/A1.03/A1.03.Ope-Hou_17.JPG,A1.03.Ope-Hou_17.JPG,A1.03,A1,val
raw_data/A1.03/A1.03.Ope-Hou_170.JPG,A1.03.Ope-Hou_170.JPG,A1.03,A1,val
raw_data/A1.03/A1.03.Ope-Hou_171.JPG,A1.03.Ope-Hou_171.JPG,A1.03,A1,val
raw_data/A1.03/A1.03.Ope-Hou_172.JPG,A1.03.Ope-Hou_172.JPG,A1.03,A1,val
raw_data/A1.03/A1.03.Ope-Hou_173.JPG,A1.03.Ope-Hou_173.JPG,A1.03,A1,val
raw_data/A1.03/A1.03.Ope-Hou_174.JPG,A1.03.Ope-Hou_174.JPG,A1.03,A1,val
raw_data/A1.03/A1.03.Ope-Hou_175.JPG,A1.03.Ope-Hou_175.JPG,A1.03,A1,val
raw_data/A1.03/A1.03.Ope-Hou_176.JPG,A1.03.Ope-Hou_176.JPG,A1.03,A1,val
raw_data/A1.03/A1.03.Ope-Hou_177.JPG,A1.03.Ope-Hou_177.JPG,A1.03,A1,val
raw_data/A1.03/A1.03.Ope-Hou_178.JPG,A1.03.Ope-Hou_178.JPG,A1.03,A1,val
raw_data/A1.03/A1.03.Ope-Hou_179.JPG,A1.03.Ope-Hou_179.JPG,A1.03,A1,val
raw_data/A1.03/A1.03.Ope-Hou_18.JPG,A1.03.Ope-Hou_18.JPG,A1.03,A1,val
raw_data/A1.03/A1.03.Ope-Hou_180.JPG,A1.03.Ope-Hou_180.JPG,A1.03,A1,val
raw_data/A1.03/A1.03.Ope-Hou_181.JPG,A1.03.Ope-Hou_181.JPG,A1.03,A1,val
raw_data/A1.03/A1.03.Ope-Hou_182.JPG,A1.03.Ope-Hou_182.JPG,A1.03,A1,val
raw_data/A1.03/A1.03.Ope-Hou_183.JPG,A1.03.Ope-Hou_183.JPG,A1.03,A1,val
raw_data/A1.03/A1.03.Ope-Hou_184.JPG,A1.03.Ope-Hou_184.JPG,A1.03,A1,val
raw_data/A1.03/A1.03.Ope-Hou_185.JPG,A1.03.Ope-Hou_185.JPG,A1.03,A1,val
raw_data/A1.03/A1.03.Ope-Hou_186.JPG,A1.03.Ope-Hou_186.JPG,A1.03,A1,val
raw_data/A1.03/A1.03.Ope-Hou_187.JPG,A1.03.Ope-Hou_187.JPG,A1.03,A1,val
raw_data/A1.03/A1.03.Ope-Hou_188.JPG,A1.03.Ope-Hou_188.JPG,A1.03,A1,val
raw_data/A1.03/A1.03.Ope-Hou_189.JPG,A1.03.Ope-Hou_189.JPG,A1.03,A1,val
raw_data/A1.03/A1.03.Ope-Hou_19.JPG,A1.03.Ope-Hou_19.JPG,A1.03,A1,val
raw_data/A1.03/A1.03.Ope-Hou_190.JPG,A1.03.Ope-Hou_190.JPG,A1.03,A1,val
raw_data/A1.03/A1.03.Ope-Hou_191.JPG,A1.03.Ope-Hou_191.JPG,A1.03,A1,val
raw_data/A1.03/A1.03.Ope-Hou_192.JPG,A1.03.Ope-Hou_192.JPG,A1.03,A1,val
raw_data/A1.03/A1.03.Ope-Hou_193.JPG,A1.03.Ope-Hou_193.JPG,A1.03,A1,val
raw_data/A1.03/A1.03.Ope-Hou_194.JPG,A1.03.Ope-Hou_194.JPG,A1.03,A1,val
raw_data/A1.03/A1.03.Ope-Hou_195.JPG,A1.03.Ope-Hou_195.JPG,A1.03,A1,val
raw_data/A1.03/A1.03.Ope-Hou_196.JPG,A1.03.Ope-Hou_196.JPG,A1.03,A1,val
raw_data/A1.03/A1.03.Ope-Hou_197.JPG,A1.03.Ope-Hou_197.JPG,A1.03,A1,val
raw_data/A1.03/A1.03.Ope-Hou_198.JPG,A1.03.Ope-Hou_198.JPG,A1.03,A1,val
raw_data/A1.03/A1.03.Ope-Hou_199.JPG,A1.03.Ope-Hou_199.JPG,A1.03,A1,val
raw_data/A1.03/A1.03.Ope-Hou_20.JPG,A1.03.Ope-Hou_20.JPG,A1.03,A1,val
raw_data/A1.03/A1.03.Ope-Hou_200.JPG,A1.03.Ope-Hou_200.JPG,A1.03,A1,val
raw_data/A1.03/A1.03.Ope-Hou_201.JPG,A1.03.Ope-Hou_201.JPG,A1.03,A1,val
raw_data/A1.03/A1.03.Ope-Hou_202.JPG,A1.03.Ope-Hou_202.JPG,A1.03,A1,val
raw_data/A1.03/A1.03.Ope-Hou_203.JPG,A1.03.Ope-Hou_203.JPG,A1.03,A1,val
raw_data/A1.03/A1.03.Ope-Hou_204.JPG,A1.03.Ope-Hou_204.JPG,A1.03,A1,val
raw_data/A1.03/A1.03.Ope-Hou_205.JPG,A1.03.Ope-Hou_205.JPG,A1.03,A1,val
raw_data/A1.03/A1.03.Ope-Hou_206.JPG,A1.03.Ope-Hou_206.JPG,A1.03,A1,val
raw_data/A1.03/A1.03.Ope-Hou_207.JPG,A1.03.Ope-Hou_207.JPG,A1.03,A1,val
raw_data/A1.03/A1.03.Ope-Hou_208.JPG,A1.03.Ope-Hou_208.JPG,A1.03,A1,val
raw_data/A1.03/A1.03.Ope-Hou_209.JPG,A1.03.Ope-Hou_209.JPG,A1.03,A1,val
raw_data/A1.03/A1.03.Ope-Hou_21.JPG,A1.03.Ope-Hou_21.JPG,A1.03,A1,val
raw_data/A1.03/A1.03.Ope-Hou_210.JPG,A1.03.Ope-Hou_210.JPG,A1.03,A1,val
raw_data/A1.03/A1.03.Ope-Hou_211.JPG,A1.03.Ope-Hou_211.JPG,A1.03,A1,val
raw_data/A1.03/A1.03.Ope-Hou_212.JPG,A1.03.Ope-Hou_212.JPG,A1.03,A1,val
raw_data/A1.03/A1.03.Ope-Hou_213.JPG,A1.03.Ope-Hou_213.JPG,A1.03,A1,val
raw_data/A1.03/A1.03.Ope-Hou_214.JPG,A1.03.Ope-Hou_214.JPG,A1.03,A1,val
raw_data/A1.03/A1.03.Ope-Hou_215.JPG,A1.03.Ope-Hou_215.JPG,A1.03,A1,val
raw_data/A1.03/A1.03.Ope-Hou_216.JPG,A1.03.Ope-Hou_216.JPG,A1.03,A1,val
raw_data/A1.03/A1.03.Ope-Hou_217.JPG,A1.03.Ope-Hou_217.JPG,A1.03,A1,val
raw_data/A1.03/A1.03.Ope-Hou_218.JPG,A1.03.Ope-Hou_218.JPG,A1.03,A1,val
raw_data/A1.03/A1.03.Ope-Hou_219.JPG,A1.03.Ope-Hou_219.JPG,A1.03,A1,val
raw_data/A1.03/A1.03.Ope-Hou_22.JPG,A1.03.Ope-Hou_22.JPG,A1.03,A1,val
raw_data/A1.03/A1.03.Ope-Hou_220.JPG,A1.03.Ope-Hou_220.JPG,A1.03,A1,val
raw_data/A1.03/A1.03.Ope-Hou_221.JPG,A1.03.Ope-Hou_221.JPG,A1.03,A1,val
raw_data/A1.03/A1.03.Ope-Hou_222.JPG,A1.03.Ope-Hou_222.JPG,A1.03,A1,val
raw_data/A1.03/A1.03.Ope-Hou_223.JPG,A1.03.Ope-Hou_223.JPG,A1.03,A1,val
raw_data/A1.03/A1.03.Ope-Hou_224.JPG,A1.03.Ope-Hou_224.JPG,A1.03,A1,val
raw_data/A1.03/A1.03.Ope-Hou_225.JPG,A1.03.Ope-Hou_225.JPG,A1.03,A1,val
raw_data/A1.03/A1.03.Ope-Hou_226.JPG,A1.03.Ope-Hou_226.JPG,A1.03,A1,val
raw_data/A1.03/A1.03.Ope-Hou_227.JPG,A1.03.Ope-Hou_227.JPG,A1.03,A1,val
raw_data/A1.03/A1.03.Ope-Hou_228.JPG,A1.03.Ope-Hou_228.JPG,A1.03,A1,val
raw_data/A1.03/A1.03.Ope-Hou_229.JPG,A1.03.Ope-Hou_229.JPG,A1.03,A1,val
raw_data/A1.03/A1.03.Ope-Hou_23.JPG,A1.03.Ope-Hou_23.JPG,A1.03,A1,val
raw_data/A1.03/A1.03.Ope-Hou_230.JPG,A1.03.Ope-Hou_230.JPG,A1.03,A1,val
raw_data/A1.03/A1.03.Ope-Hou_231.JPG,A1.03.Ope-Hou_231.JPG,A1.03,A1,val
raw_data/A1.03/A1.03.Ope-Hou_232.JPG,A1.03.Ope-Hou_232.JPG,A1.03,A1,val
raw_data/A1.03/A1.03.Ope-Hou_233.JPG,A1.03.Ope-Hou_233.JPG,A1.03,A1,val
raw_data/A1.03/A1.03.Ope-Hou_234.JPG,A1.03.Ope-Hou_234.JPG,A1.03,A1,val
raw_data/A1.03/A1.03.Ope-Hou_235.JPG,A1.03.Ope-Hou_235.JPG,A1.03,A1,val
raw_data/A1.03/A1.03.Ope-Hou_236.JPG,A1.03.Ope-Hou_236.JPG,A1.03,A1,val
raw_data/A1.03/A1.03.Ope-Hou_237.JPG,A1.03.Ope-Hou_237.JPG,A1.03,A1,val
raw_data/A1.03/A1.03.Ope-Hou_238.JPG,A1.03.Ope-Hou_238.JPG,A1.03,A1,val
raw_data/A1.03/A1.03.Ope-Hou_239.JPG,A1.03.Ope-Hou_239.JPG,A1.03,A1,val
raw_data/A1.03/A1.03.Ope-Hou_24.JPG,A1.03.Ope-Hou_24.JPG,A1.03,A1,val
raw_data/A1.03/A1.03.Ope-Hou_240.JPG,A1.03.Ope-Hou_240.JPG,A1.03,A1,val
raw_data/A1.03/A1.03.Ope-Hou_241.JPG,A1.03.Ope-Hou_241.JPG,A1.03,A1,val
raw_data/A1.03/A1.03.Ope-Hou_242.JPG,A1.03.Ope-Hou_242.JPG,A1.03,A1,val
raw_data/A1.03/A1.03.Ope-Hou_243.JPG,A1.03.Ope-Hou_243.JPG,A1.03,A1,val
raw_data/A1.03/A1.03.Ope-Hou_244.JPG,A1.03.Ope-Hou_244.JPG,A1.03,A1,val
raw_data/A1.03/A1.03.Ope-Hou_245.JPG,A1.03.Ope-Hou_245.JPG,A1.03,A1,val
raw_data/A1.03/A1.03.Ope-Hou_246.JPG,A1.03.Ope-Hou_246.JPG,A1.03,A1,val
raw_data/A1.03/A1.03.Ope-Hou_247.JPG,A1.03.Ope-Hou_247.JPG,A1.03,A1,val
raw_data/A1.03/A1.03.Ope-Hou_248.JPG,A1.03.Ope-Hou_248.JPG,A1.03,A1,val
raw_data/A1.03/A1.03.Ope-Hou_249.JPG,A1.03.Ope-Hou_249.JPG,A1.03,A1,val
raw_data/A1.03/A1.03.Ope-Hou_25.JPG,A1.03.Ope-Hou_25.JPG,A1.03,A1,val
raw_data/A1.03/A1.03.Ope-Hou_250.JPG,A1.03.Ope-Hou_250.JPG,A1.03,A1,val
raw_data/A1.03/A1.03.Ope-Hou_251.JPG,A1.03.Ope-Hou_251.JPG,A1.03,A1,val
raw_data/A1.03/A1.03.Ope-Hou_252.JPG,A1.03.Ope-Hou_252.JPG,A1.03,A1,val
raw_data/A1.03/A1.03.Ope-Hou_253.JPG,A1.03.Ope-Hou_253.JPG,A1.03,A1,val
raw_data/A1.03/A1.03.Ope-Hou_254.JPG,A1.03.Ope-Hou_254.JPG,A1.03,A1,val
raw_data/A1.03/A1.03.Ope-Hou_255.JPG,A1.03.Ope-Hou_255.JPG,A1.03,A1,val
raw_data/A1.03/A1.03.Ope-Hou_256.JPG,A1.03.Ope-Hou_256.JPG,A1.03,A1,val
raw_data/A1.03/A1.03.Ope-Hou_257.JPG,A1.03.Ope-Hou_257.JPG,A1.03,A1,val
raw_data/A1.03/A1.03.Ope-Hou_258.JPG,A1.03.Ope-Hou_258.JPG,A1.03,A1,val
raw_data/A1.03/A1.03.Ope-Hou_259.JPG,A1.03.Ope-Hou_259.JPG,A1.03,A1,val
raw_data/A1.03/A1.03.Ope-Hou_26.JPG,A1.03.Ope-Hou_26.JPG,A1.03,A1,val
raw_data/A1.03/A1.03.Ope-Hou_260.JPG,A1.03.Ope-Hou_260.JPG,A1.03,A1,val
raw_data/A1.03/A1.03.Ope-Hou_261.JPG,A1.03.Ope-Hou_261.JPG,A1.03,A1,val
raw_data/A1.03/A1.03.Ope-Hou_262.JPG,A1.03.Ope-Hou_262.JPG,A1.03,A1,val
raw_data/A1.03/A1.03.Ope-Hou_263.JPG,A1.03.Ope-Hou_263.JPG,A1.03,A1,val
raw_data/A1.03/A1.03.Ope-Hou_264.JPG,A1.03.Ope-Hou_264.JPG,A1.03,A1,val
raw_data/A1.03/A1.03.Ope-Hou_265.JPG,A1.03.Ope-Hou_265.JPG,A1.03,A1,val
raw_data/A1.03/A1.03.Ope-Hou_266.JPG,A1.03.Ope-Hou_266.JPG,A1.03,A1,val
raw_data/A1.03/A1.03.Ope-Hou_267.JPG,A1.03.Ope-Hou_267.JPG,A1.03,A1,val
raw_data/A1.03/A1.03.Ope-Hou_268.JPG,A1.03.Ope-Hou_268.JPG,A1.03,A1,val
raw_data/A1.03/A1.03.Ope-Hou_269.JPG,A1.03.Ope-Hou_269.JPG,A1.03,A1,val
raw_data/A1.03/A1.03.Ope-Hou_27.JPG,A1.03.Ope-Hou_27.JPG,A1.03,A1,val
raw_data/A1.03/A1.03.Ope-Hou_270.JPG,A1.03.Ope-Hou_270.JPG,A1.03,A1,val
raw_data/A1.03/A1.03.Ope-Hou_271.JPG,A1.03.Ope-Hou_271.JPG,A1.03,A1,val
raw_data/A1.03/A1.03.Ope-Hou_272.JPG,A1.03.Ope-Hou_272.JPG,A1.03,A1,val
raw_data/A1.03/A1.03.Ope-Hou_28.JPG,A1.03.Ope-Hou_28.JPG,A1.03,A1,val
raw_data/A1.03/A1.03.Ope-Hou_29.JPG,A1.03.Ope-Hou_29.JPG,A1.03,A1,val
raw_data/A1.03/A1.03.Ope-Hou_30.JPG,A1.03.Ope-Hou_30.JPG,A1.03,A1,val
raw_data/A1.03/A1.03.Ope-Hou_31.JPG,A1.03.Ope-Hou_31.JPG,A1.03,A1,val
raw_data/A1.03/A1.03.Ope-Hou_32.JPG,A1.03.Ope-Hou_32.JPG,A1.03,A1,val
raw_data/A1.03/A1.03.Ope-Hou_33.JPG,A1.03.Ope-Hou_33.JPG,A1.03,A1,val
raw_data/A1.03/A1.03.Ope-Hou_34.JPG,A1.03.Ope-Hou_34.JPG,A1.03,A1,val
raw_data/A1.03/A1.03.Ope-Hou_35.JPG,A1.03.Ope-Hou_35.JPG,A1.03,A1,val
raw_data/A1.03/A1.03.Ope-Hou_36.JPG,A1.03.Ope-Hou_36.JPG,A1.03,A1,val
raw_data/A1.03/A1.03.Ope-Hou_37.JPG,A1.03.Ope-Hou_37.JPG,A1.03,A1,val
raw_data/A1.03/A1.03.Ope-Hou_38.JPG,A1.03.Ope-Hou_38.JPG,A1.03,A1,val
raw_data/A1.03/A1.03.Ope-Hou_39.JPG,A1.03.Ope-Hou_39.JPG,A1.03,A1,val
raw_data/A1.03/A1.03.Ope-Hou_40.JPG,A1.03.Ope-Hou_40.JPG,A1.03,A1,val
raw_data/A1.03/A1.03.Ope-Hou_41.JPG,A1.03.Ope-Hou_41.JPG,A1.03,A1,val
raw_data/A1.03/A1.03.Ope-Hou_42.JPG,A1.03.Ope-Hou_42.JPG,A1.03,A1,val
raw_data/A1.03/A1.03.Ope-Hou_43.JPG,A1.03.Ope-Hou_43.JPG,A1.03,A1,val
raw_data/A1.03/A1.03.Ope-Hou_44.JPG,A1.03.Ope-Hou_44.JPG,A1.03,A1,val
raw_data/A1.03/A1.03.Ope-Hou_45.JPG,A1.03.Ope-Hou_45.JPG,A1.03,A1,val
raw_data/A1.03/A1.03.Ope-Hou_46.JPG,A1.03.Ope-Hou_46.JPG,A1.03,A1,val
raw_data/A1.03/A1.03.Ope-Hou_47.JPG,A1.03.Ope-Hou_47.JPG,A1.03,A1,val
raw_data/A1.03/A1.03.Ope-Hou_48.JPG,A1.03.Ope-Hou_48.JPG,A1.03,A1,val
raw_data/A1.03/A1.03.Ope-Hou_49.JPG,A1.03.Ope-Hou_49.JPG,A1.03,A1,val
raw_data/A1.03/A1.03.Ope-Hou_50.JPG,A1.03.Ope-Hou_50.JPG,A1.03,A1,val
raw_data/A1.03/A1.03.Ope-Hou_51.JPG,A1.03.Ope-Hou_51.JPG,A1.03,A1,val
raw_data/A1.03/A1.03.Ope-Hou_52.JPG,A1.03.Ope-Hou_52.JPG,A1.03,A1,val
raw_data/A1.03/A1.03.Ope-Hou_53.JPG,A1.03.Ope-Hou_53.JPG,A1.03,A1,val
raw_data/A1.03/A1.03.Ope-Hou_54.JPG,A1.03.Ope-Hou_54.JPG,A1.03,A1,val
raw_data/A1.03/A1.03.Ope-Hou_55.JPG,A1.03.Ope-Hou_55.JPG,A1.03,A1,val
raw_data/A1.03/A1.03.Ope-Hou_56.JPG,A1.03.Ope-Hou_56.JPG,A1.03,A1,val
raw_data/A1.03/A1.03.Ope-Hou_57.JPG,A1.03.Ope-Hou_57.JPG,A1.03,A1,val
raw_data/A1.03/A1.03.Ope-Hou_58.JPG,A1.03.Ope-Hou_58.JPG,A1.03,A1,val
raw_data/A1.03/A1.03.Ope-Hou_59.JPG,A1.03.Ope-Hou_59.JPG,A1.03,A1,val
raw_data/A1.03/A1.03.Ope-Hou_60.JPG,A1.03.Ope-Hou_60.JPG,A1.03,A1,val
raw_data/A1.03/A1.03.Ope-Hou_61.JPG,A1.03.Ope-Hou_61.JPG,A1.03,A1,val
raw_data/A1.03/A1.03.Ope-Hou_62.JPG,A1.03.Ope-Hou_62.JPG,A1.03,A1,val
raw_data/A1.03/A1.03.Ope-Hou_63.JPG,A1.03.Ope-Hou_63.JPG,A1.03,A1,val
raw_data/A1.03/A1.03.Ope-Hou_64.JPG,A1.03.Ope-Hou_64.JPG,A1.03,A1,val
raw_data/A1.03/A1.03.Ope-Hou_65.JPG,A1.03.Ope-Hou_65.JPG,A1.03,A1,val
raw_data/A1.03/A1.03.Ope-Hou_66.JPG,A1.03.Ope-Hou_66.JPG,A1.03,A1,val
raw_data/A1.03/A1.03.Ope-Hou_67.JPG,A1.03.Ope-Hou_67.JPG,A1.03,A1,val
raw_data/A1.03/A1.03.Ope-Hou_68.JPG,A1.03.Ope-Hou_68.JPG,A1.03,A1,val
raw_data/A1.03/A1.03.Ope-Hou_69.JPG,A1.03.Ope-Hou_69.JPG,A1.03,A1,val
raw_data/A1.03/A1.03.Ope-Hou_70.JPG,A1.03.Ope-Hou_70.JPG,A1.03,A1,val
raw_data/A1.03/A1.03.Ope-Hou_71.JPG,A1.03.Ope-Hou_71.JPG,A1.03,A1,val
raw_data/A1.03/A1.03.Ope-Hou_72.JPG,A1.03.Ope-Hou_72.JPG,A1.03,A1,val
raw_data/A1.03/A1.03.Ope-Hou_73.JPG,A1.03.Ope-Hou_73.JPG,A1.03,A1,val
raw_data/A1.03/A1.03.Ope-Hou_74.JPG,A1.03.Ope-Hou_74.JPG,A1.03,A1,val
raw_data/A1.03/A1.03.Ope-Hou_75.JPG,A1.03.Ope-Hou_75.JPG,A1.03,A1,val
raw_data/A1.03/A1.03.Ope-Hou_76.JPG,A1.03.Ope-Hou_76.JPG,A1.03,A1,val
raw_data/A1.03/A1.03.Ope-Hou_77.JPG,A1.03.Ope-Hou_77.JPG,A1.03,A1,val
raw_data/A1.03/A1.03.Ope-Hou_78.JPG,A1.03.Ope-Hou_78.JPG,A1.03,A1,val
raw_data/A1.03/A1.03.Ope-Hou_79.JPG,A1.03.Ope-Hou_79.JPG,A1.03,A1,val
raw_data/A1.03/A1.03.Ope-Hou_80.JPG,A1.03.Ope-Hou_80.JPG,A1.03,A1,val
raw_data/A1.03/A1.03.Ope-Hou_81.JPG,A1.03.Ope-Hou_81.JPG,A1.03,A1,val
raw_data/A1.03/A1.03.Ope-Hou_82.JPG,A1.03.Ope-Hou_82.JPG,A1.03,A1,val
raw_data/A1.03/A1.03.Ope-Hou_83.JPG,A1.03.Ope-Hou_83.JPG,A1.03,A1,val
raw_data/A1.03/A1.03.Ope-Hou_84.JPG,A1.03.Ope-Hou_84.JPG,A1.03,A1,val
raw_data/A1.03/A1.03.Ope-Hou_85.JPG,A1.03.Ope-Hou_85.JPG,A1.03,A1,val
raw_data/A1.03/A1.03.Ope-Hou_86.JPG,A1.03.Ope-Hou_86.JPG,A1.03,A1,val
raw_data/A1.03/A1.03.Ope-Hou_87.JPG,A1.03.Ope-Hou_87.JPG,A1.03,A1,val
raw_data/A1.03/A1.03.Ope-Hou_88.JPG,A1.03.Ope-Hou_88.JPG,A1.03,A1,val
raw_data/A1.03/A1.03.Ope-Hou_89.JPG,A1.03.Ope-Hou_89.JPG,A1.03,A1,val
raw_data/A1.03/A1.03.Ope-Hou_90.JPG,A1.03.Ope-Hou_90.JPG,A1.03,A1,val
raw_data/A1.03/A1.03.Ope-Hou_91.JPG,A1.03.Ope-Hou_91.JPG,A1.03,A1,val
raw_data/A1.03/A1.03.Ope-Hou_92.JPG,A1.03.Ope-Hou_92.JPG,A1.03,A1,val
raw_data/A1.03/A1.03.Ope-Hou_93.JPG,A1.03.Ope-Hou_93.JPG,A1.03,A1,val
raw_data/A1.03/A1.03.Ope-Hou_94.JPG,A1.03.Ope-Hou_94.JPG,A1.03,A1,val
raw_data/A1.03/A1.03.Ope-Hou_95.JPG,A1.03.Ope-Hou_95.JPG,A1.03,A1,val
raw_data/A1.03/A1.03.Ope-Hou_96.JPG,A1.03.Ope-Hou_96.JPG,A1.03,A1,val
raw_data/A1.03/A1.03.Ope-Hou_97.JPG,A1.03.Ope-Hou_97.JPG,A1.03,A1,val
raw_data/A1.03/A1.03.Ope-Hou_98.JPG,A1.03.Ope-Hou_98.JPG,A1.03,A1,val
raw_data/A1.03/A1.03.Ope-Hou_99.JPG,A1.03.Ope-Hou_99.JPG,A1.03,A1,val
raw_data/A1.04/A1.04.HCM-Mus_01.jpg,A1.04.HCM-Mus_01.jpg,A1.04,A1,train
raw_data/A1.04/A1.04.HCM-Mus_02.jpg,A1.04.HCM-Mus_02.jpg,A1.04,A1,train
raw_data/A1.04/A1.04.HCM-Mus_03.jpg,A1.04.HCM-Mus_03.jpg,A1.04,A1,train
raw_data/A1.04/A1.04.HCM-Mus_04.jpg,A1.04.HCM-Mus_04.jpg,A1.04,A1,train
raw_data/A1.04/A1.04.HCM-Mus_05.jpg,A1.04.HCM-Mus_05.jpg,A1.04,A1,train
raw_data/A1.04/A1.04.HCM-Mus_06.jpg,A1.04.HCM-Mus_06.jpg,A1.04,A1,train
raw_data/A1.04/A1.04.HCM-Mus_07.jpg,A1.04.HCM-Mus_07.jpg,A1.04,A1,train
raw_data/A1.04/A1.04.HCM-Mus_08.jpg,A1.04.HCM-Mus_08.jpg,A1.04,A1,train
raw_data/A1.04/A1.04.HCM-Mus_09.jpg,A1.04.HCM-Mus_09.jpg,A1.04,A1,train
raw_data/A1.04/A1.04.HCM-Mus_10.jpg,A1.04.HCM-Mus_10.jpg,A1.04,A1,train
raw_data/A1.04/A1.04.HCM-Mus_100.jpg,A1.04.HCM-Mus_100.jpg,A1.04,A1,train
raw_data/A1.04/A1.04.HCM-Mus_101.jpg,A1.04.HCM-Mus_101.jpg,A1.04,A1,train
raw_data/A1.04/A1.04.HCM-Mus_102.jpg,A1.04.HCM-Mus_102.jpg,A1.04,A1,train
raw_data/A1.04/A1.04.HCM-Mus_103.jpg,A1.04.HCM-Mus_103.jpg,A1.04,A1,train
raw_data/A1.04/A1.04.HCM-Mus_104.jpg,A1.04.HCM-Mus_104.jpg,A1.04,A1,train
raw_data/A1.04/A1.04.HCM-Mus_105.jpg,A1.04.HCM-Mus_105.jpg,A1.04,A1,train
raw_data/A1.04/A1.04.HCM-Mus_106.jpg,A1.04.HCM-Mus_106.jpg,A1.04,A1,train
raw_data/A1.04/A1.04.HCM-Mus_107.jpg,A1.04.HCM-Mus_107.jpg,A1.04,A1,train
raw_data/A1.04/A1.04.HCM-Mus_108.jpg,A1.04.HCM-Mus_108.jpg,A1.04,A1,train
raw_data/A1.04/A1.04.HCM-Mus_109.jpg,A1.04.HCM-Mus_109.jpg,A1.04,A1,train
raw_data/A1.04/A1.04.HCM-Mus_11.jpg,A1.04.HCM-Mus_11.jpg,A1.04,A1,train
raw_data/A1.04/A1.04.HCM-Mus_110.jpg,A1.04.HCM-Mus_110.jpg,A1.04,A1,train
raw_data/A1.04/A1.04.HCM-Mus_12.jpg,A1.04.HCM-Mus_12.jpg,A1.04,A1,train
raw_data/A1.04/A1.04.HCM-Mus_13.jpg,A1.04.HCM-Mus_13.jpg,A1.04,A1,train
raw_data/A1.04/A1.04.HCM-Mus_14.jpg,A1.04.HCM-Mus_14.jpg,A1.04,A1,train
raw_data/A1.04/A1.04.HCM-Mus_15.jpg,A1.04.HCM-Mus_15.jpg,A1.04,A1,train
raw_data/A1.04/A1.04.HCM-Mus_16.jpg,A1.04.HCM-Mus_16.jpg,A1.04,A1,train
raw_data/A1.04/A1.04.HCM-Mus_17.jpg,A1.04.HCM-Mus_17.jpg,A1.04,A1,train
raw_data/A1.04/A1.04.HCM-Mus_18.jpg,A1.04.HCM-Mus_18.jpg,A1.04,A1,train
raw_data/A1.04/A1.04.HCM-Mus_19.jpg,A1.04.HCM-Mus_19.jpg,A1.04,A1,train
raw_data/A1.04/A1.04.HCM-Mus_20.jpg,A1.04.HCM-Mus_20.jpg,A1.04,A1,train
raw_data/A1.04/A1.04.HCM-Mus_21.jpg,A1.04.HCM-Mus_21.jpg,A1.04,A1,train
raw_data/A1.04/A1.04.HCM-Mus_22.jpg,A1.04.HCM-Mus_22.jpg,A1.04,A1,train
raw_data/A1.04/A1.04.HCM-Mus_23.jpg,A1.04.HCM-Mus_23.jpg,A1.04,A1,train
raw_data/A1.04/A1.04.HCM-Mus_24.jpg,A1.04.HCM-Mus_24.jpg,A1.04,A1,train
raw_data/A1.04/A1.04.HCM-Mus_25.jpg,A1.04.HCM-Mus_25.jpg,A1.04,A1,train
raw_data/A1.04/A1.04.HCM-Mus_26.jpg,A1.04.HCM-Mus_26.jpg,A1.04,A1,train
raw_data/A1.04/A1.04.HCM-Mus_27.jpg,A1.04.HCM-Mus_27.jpg,A1.04,A1,train
raw_data/A1.04/A1.04.HCM-Mus_28.jpg,A1.04.HCM-Mus_28.jpg,A1.04,A1,train
raw_data/A1.04/A1.04.HCM-Mus_29.jpg,A1.04.HCM-Mus_29.jpg,A1.04,A1,train
raw_data/A1.04/A1.04.HCM-Mus_30.jpg,A1.04.HCM-Mus_30.jpg,A1.04,A1,train
raw_data/A1.04/A1.04.HCM-Mus_31.jpg,A1.04.HCM-Mus_31.jpg,A1.04,A1,train
raw_data/A1.04/A1.04.HCM-Mus_32.jpg,A1.04.HCM-Mus_32.jpg,A1.04,A1,train
raw_data/A1.04/A1.04.HCM-Mus_33.jpg,A1.04.HCM-Mus_33.jpg,A1.04,A1,train
raw_data/A1.04/A1.04.HCM-Mus_34.jpg,A1.04.HCM-Mus_34.jpg,A1.04,A1,train
raw_data/A1.04/A1.04.HCM-Mus_35.jpg,A1.04.HCM-Mus_35.jpg,A1.04,A1,train
raw_data/A1.04/A1.04.HCM-Mus_36.jpg,A1.04.HCM-Mus_36.jpg,A1.04,A1,train
raw_data/A1.04/A1.04.HCM-Mus_37.jpg,A1.04.HCM-Mus_37.jpg,A1.04,A1,train
raw_data/A1.04/A1.04.HCM-Mus_38.jpg,A1.04.HCM-Mus_38.jpg,A1.04,A1,train
raw_data/A1.04/A1.04.HCM-Mus_39.jpg,A1.04.HCM-Mus_39.jpg,A1.04,A1,train
raw_data/A1.04/A1.04.HCM-Mus_40.jpg,A1.04.HCM-Mus_40.jpg,A1.04,A1,train
raw_data/A1.04/A1.04.HCM-Mus_41.jpg,A1.04.HCM-Mus_41.jpg,A1.04,A1,train
raw_data/A1.04/A1.04.HCM-Mus_42.jpg,A1.04.HCM-Mus_42.jpg,A1.04,A1,train
raw_data/A1.04/A1.04.HCM-Mus_43.jpg,A1.04.HCM-Mus_43.jpg,A1.04,A1,train
raw_data/A1.04/A1.04.HCM-Mus_44.jpg,A1.04.HCM-Mus_44.jpg,A1.04,A1,train
raw_data/A1.04/A1.04.HCM-Mus_45.jpg,A1.04.HCM-Mus_45.jpg,A1.04,A1,train
raw_data/A1.04/A1.04.HCM-Mus_46.jpg,A1.04.HCM-Mus_46.jpg,A1.04,A1,train
raw_data/A1.04/A1.04.HCM-Mus_47.jpg,A1.04.HCM-Mus_47.jpg,A1.04,A1,train
raw_data/A1.04/A1.04.HCM-Mus_48.png,A1.04.HCM-Mus_48.png,A1.04,A1,train
raw_data/A1.04/A1.04.HCM-Mus_49.jpg,A1.04.HCM-Mus_49.jpg,A1.04,A1,train
raw_data/A1.04/A1.04.HCM-Mus_50.jpg,A1.04.HCM-Mus_50.jpg,A1.04,A1,train
raw_data/A1.04/A1.04.HCM-Mus_51.jpg,A1.04.HCM-Mus_51.jpg,A1.04,A1,train
raw_data/A1.04/A1.04.HCM-Mus_52.jpg,A1.04.HCM-Mus_52.jpg,A1.04,A1,train
raw_data/A1.04/A1.04.HCM-Mus_53.jpg,A1.04.HCM-Mus_53.jpg,A1.04,A1,train
raw_data/A1.04/A1.04.HCM-Mus_54.jpg,A1.04.HCM-Mus_54.jpg,A1.04,A1,train
raw_data/A1.04/A1.04.HCM-Mus_55.jpg,A1.04.HCM-Mus_55.jpg,A1.04,A1,train
raw_data/A1.04/A1.04.HCM-Mus_56.jpg,A1.04.HCM-Mus_56.jpg,A1.04,A1,train
raw_data/A1.04/A1.04.HCM-Mus_57.jpg,A1.04.HCM-Mus_57.jpg,A1.04,A1,train
raw_data/A1.04/A1.04.HCM-Mus_58.jpg,A1.04.HCM-Mus_58.jpg,A1.04,A1,train
raw_data/A1.04/A1.04.HCM-Mus_59.png,A1.04.HCM-Mus_59.png,A1.04,A1,train
raw_data/A1.04/A1.04.HCM-Mus_60.png,A1.04.HCM-Mus_60.png,A1.04,A1,train
raw_data/A1.04/A1.04.HCM-Mus_61.png,A1.04.HCM-Mus_61.png,A1.04,A1,train
raw_data/A1.04/A1.04.HCM-Mus_62.png,A1.04.HCM-Mus_62.png,A1.04,A1,train
raw_data/A1.04/A1.04.HCM-Mus_63.jpg,A1.04.HCM-Mus_63.jpg,A1.04,A1,train
raw_data/A1.04/A1.04.HCM-Mus_64.jpg,A1.04.HCM-Mus_64.jpg,A1.04,A1,train
raw_data/A1.04/A1.04.HCM-Mus_65.jpg,A1.04.HCM-Mus_65.jpg,A1.04,A1,train
raw_data/A1.04/A1.04.HCM-Mus_66.jpg,A1.04.HCM-Mus_66.jpg,A1.04,A1,train
raw_data/A1.04/A1.04.HCM-Mus_67.jpg,A1.04.HCM-Mus_67.jpg,A1.04,A1,train
raw_data/A1.04/A1.04.HCM-Mus_68.jpg,A1.04.HCM-Mus_68.jpg,A1.04,A1,train
raw_data/A1.04/A1.04.HCM-Mus_69.jpg,A1.04.HCM-Mus_69.jpg,A1.04,A1,train
raw_data/A1.04/A1.04.HCM-Mus_70.jpg,A1.04.HCM-Mus_70.jpg,A1.04,A1,train
raw_data/A1.04/A1.04.HCM-Mus_71.jpg,A1.04.HCM-Mus_71.jpg,A1.04,A1,train
raw_data/A1.04/A1.04.HCM-Mus_72.jpg,A1.04.HCM-Mus_72.jpg,A1.04,A1,train
raw_data/A1.04/A1.04.HCM-Mus_73.jpg,A1.04.HCM-Mus_73.jpg,A1.04,A1,train
raw_data/A1.04/A1.04.HCM-Mus_74.jpg,A1.04.HCM-Mus_74.jpg,A1.04,A1,train
raw_data/A1.04/A1.04.HCM-Mus_75.jpg,A1.04.HCM-Mus_75.jpg,A1.04,A1,train
raw_data/A1.04/A1.04.HCM-Mus_76.jpg,A1.04.HCM-Mus_76.jpg,A1.04,A1,train
raw_data/A1.04/A1.04.HCM-Mus_77.jpg,A1.04.HCM-Mus_77.jpg,A1.04,A1,train
raw_data/A1.04/A1.04.HCM-Mus_78.jpg,A1.04.HCM-Mus_78.jpg,A1.04,A1,train
raw_data/A1.04/A1.04.HCM-Mus_79.jpg,A1.04.HCM-Mus_79.jpg,A1.04,A1,train
raw_data/A1.04/A1.04.HCM-Mus_80.jpg,A1.04.HCM-Mus_80.jpg,A1.04,A1,train
raw_data/A1.04/A1.04.HCM-Mus_81.jpg,A1.04.HCM-Mus_81.jpg,A1.04,A1,train
raw_data/A1.04/A1.04.HCM-Mus_82.jpg,A1.04.HCM-Mus_82.jpg,A1.04,A1,train
raw_data/A1.04/A1.04.HCM-Mus_83.jpg,A1.04.HCM-Mus_83.jpg,A1.04,A1,train
raw_data/A1.04/A1.04.HCM-Mus_84.jpg,A1.04.HCM-Mus_84.jpg,A1.04,A1,train
raw_data/A1.04/A1.04.HCM-Mus_85.jpg,A1.04.HCM-Mus_85.jpg,A1.04,A1,train
raw_data/A1.04/A1.04.HCM-Mus_86.jpg,A1.04.HCM-Mus_86.jpg,A1.04,A1,train
raw_data/A1.04/A1.04.HCM-Mus_87.jpg,A1.04.HCM-Mus_87.jpg,A1.04,A1,train
raw_data/A1.04/A1.04.HCM-Mus_88.jpg,A1.04.HCM-Mus_88.jpg,A1.04,A1,train
raw_data/A1.04/A1.04.HCM-Mus_89.jpg,A1.04.HCM-Mus_89.jpg,A1.04,A1,train
raw_data/A1.04/A1.04.HCM-Mus_90.jpg,A1.04.HCM-Mus_90.jpg,A1.04,A1,train
raw_data/A1.04/A1.04.HCM-Mus_91.jpg,A1.04.HCM-Mus_91.jpg,A1.04,A1,train
raw_data/A1.04/A1.04.HCM-Mus_92.jpg,A1.04.HCM-Mus_92.jpg,A1.04,A1,train
raw_data/A1.04/A1.04.HCM-Mus_93.jpg,A1.04.HCM-Mus_93.jpg,A1.04,A1,train
raw_data/A1.04/A1.04.HCM-Mus_94.jpg,A1.04.HCM-Mus_94.jpg,A1.04,A1,train
raw_data/A1.04/A1.04.HCM-Mus_95.jpg,A1.04.HCM-Mus_95.jpg,A1.04,A1,train
raw_data/A1.04/A1.04.HCM-Mus_96.jpg,A1.04.HCM-Mus_96.jpg,A1.04,A1,train
raw_data/A1.04/A1.04.HCM-Mus_97.jpg,A1.04.HCM-Mus_97.jpg,A1.04,A1,train
raw_data/A1.04/A1.04.HCM-Mus_98.jpg,A1.04.HCM-Mus_98.jpg,A1.04,A1,train
raw_data/A1.04/A1.04.HCM-Mus_99.jpg,A1.04.HCM-Mus_99.jpg,A1.04,A1,train
raw_data/A1.05/A1.05.Mus-His_01.jpg,A1.05.Mus-His_01.jpg,A1.05,A1,train
raw_data/A1.05/A1.05.Mus-His_02.jpg,A1.05.Mus-His_02.jpg,A1.05,A1,train
raw_data/A1.05/A1.05.Mus-His_03.jpg,A1.05.Mus-His_03.jpg,A1.05,A1,train
raw_data/A1.05/A1.05.Mus-His_04.jpg,A1.05.Mus-His_04.jpg,A1.05,A1,train
raw_data/A1.05/A1.05.Mus-His_05.jpg,A1.05.Mus-His_05.jpg,A1.05,A1,train
raw_data/A1.05/A1.05.Mus-His_06.jpg,A1.05.Mus-His_06.jpg,A1.05,A1,train
raw_data/A1.05/A1.05.Mus-His_07.jpg,A1.05.Mus-His_07.jpg,A1.05,A1,train
raw_data/A1.05/A1.05.Mus-His_08.jpg,A1.05.Mus-His_08.jpg,A1.05,A1,train
raw_data/A1.05/A1.05.Mus-His_09.jpg,A1.05.Mus-His_09.jpg,A1.05,A1,train
raw_data/A1.05/A1.05.Mus-His_10.jpg,A1.05.Mus-His_10.jpg,A1.05,A1,train
raw_data/A1.05/A1.05.Mus-His_11.jpg,A1.05.Mus-His_11.jpg,A1.05,A1,train
raw_data/A1.05/A1.05.Mus-His_12.jpg,A1.05.Mus-His_12.jpg,A1.05,A1,train
raw_data/A1.05/A1.05.Mus-His_13.jpg,A1.05.Mus-His_13.jpg,A1.05,A1,train
raw_data/A1.05/A1.05.Mus-His_14.jpg,A1.05.Mus-His_14.jpg,A1.05,A1,train
raw_data/A1.05/A1.05.Mus-His_15.jpg,A1.05.Mus-His_15.jpg,A1.05,A1,train
raw_data/A1.05/A1.05.Mus-His_16.jpg,A1.05.Mus-His_16.jpg,A1.05,A1,train
raw_data/A1.05/A1.05.Mus-His_17.jpg,A1.05.Mus-His_17.jpg,A1.05,A1,train
raw_data/A1.05/A1.05.Mus-His_18.jpg,A1.05.Mus-His_18.jpg,A1.05,A1,train
raw_data/A1.05/A1.05.Mus-His_19.jpg,A1.05.Mus-His_19.jpg,A1.05,A1,train
raw_data/A1.05/A1.05.Mus-His_20.jpg,A1.05.Mus-His_20.jpg,A1.05,A1,train
raw_data/A1.05/A1.05.Mus-His_21.jpg,A1.05.Mus-His_21.jpg,A1.05,A1,train
raw_data/A1.05/A1.05.Mus-His_22.jpg,A1.05.Mus-His_22.jpg,A1.05,A1,train
raw_data/A1.05/A1.05.Mus-His_23.jpg,A1.05.Mus-His_23.jpg,A1.05,A1,train
raw_data/A1.05/A1.05.Mus-His_24.jpg,A1.05.Mus-His_24.jpg,A1.05,A1,train
raw_data/A1.05/A1.05.Mus-His_25.jpg,A1.05.Mus-His_25.jpg,A1.05,A1,train
raw_data/A1.05/A1.05.Mus-His_26.jpg,A1.05.Mus-His_26.jpg,A1.05,A1,train
raw_data/A1.05/A1.05.Mus-His_27.jpg,A1.05.Mus-His_27.jpg,A1.05,A1,train
raw_data/A1.05/A1.05.Mus-His_28.jpg,A1.05.Mus-His_28.jpg,A1.05,A1,train
raw_data/A1.05/A1.05.Mus-His_29.jpg,A1.05.Mus-His_29.jpg,A1.05,A1,train
raw_data/A1.05/A1.05.Mus-His_30.jpg,A1.05.Mus-His_30.jpg,A1.05,A1,train
raw_data/A1.05/A1.05.Mus-His_31.jpg,A1.05.Mus-His_31.jpg,A1.05,A1,train
raw_data/A1.05/A1.05.Mus-His_32.jpg,A1.05.Mus-His_32.jpg,A1.05,A1,train
raw_data/A1.05/A1.05.Mus-His_33.jpg,A1.05.Mus-His_33.jpg,A1.05,A1,train
raw_data/A1.05/A1.05.Mus-His_34.jpg,A1.05.Mus-His_34.jpg,A1.05,A1,train
raw_data/A1.05/A1.05.Mus-His_35.jpg,A1.05.Mus-His_35.jpg,A1.05,A1,train
raw_data/A1.05/A1.05.Mus-His_36.jpg,A1.05.Mus-His_36.jpg,A1.05,A1,train
raw_data/A1.05/A1.05.Mus-His_37.JPG,A1.05.Mus-His_37.JPG,A1.05,A1,train
raw_data/A1.05/A1.05.Mus-His_38.JPG,A1.05.Mus-His_38.JPG,A1.05,A1,train
raw_data/A1.05/A1.05.Mus-His_39.JPG,A1.05.Mus-His_39.JPG,A1.05,A1,train
raw_data/A1.05/A1.05.Mus-His_40.JPG,A1.05.Mus-His_40.JPG,A1.05,A1,train
raw_data/A1.05/A1.05.Mus-His_41.JPG,A1.05.Mus-His_41.JPG,A1.05,A1,train
raw_data/A1.05/A1.05.Mus-His_42.JPG,A1.05.Mus-His_42.JPG,A1.05,A1,train
raw_data/A1.05/A1.05.Mus-His_43.JPG,A1.05.Mus-His_43.JPG,A1.05,A1,train
raw_data/A1.05/A1.05.Mus-His_44.JPG,A1.05.Mus-His_44.JPG,A1.05,A1,train
raw_data/A1.05/A1.05.Mus-His_45.JPG,A1.05.Mus-His_45.JPG,A1.05,A1,train
raw_data/A1.05/A1.05.Mus-His_46.JPG,A1.05.Mus-His_46.JPG,A1.05,A1,train
raw_data/A1.05/A1.05.Mus-His_47.JPG,A1.05.Mus-His_47.JPG,A1.05,A1,train
raw_data/A1.05/A1.05.Mus-His_48.JPG,A1.05.Mus-His_48.JPG,A1.05,A1,train
raw_data/A1.05/A1.05.Mus-His_49.JPG,A1.05.Mus-His_49.JPG,A1.05,A1,train
raw_data/A1.05/A1.05.Mus-His_50.JPG,A1.05.Mus-His_50.JPG,A1.05,A1,train
raw_data/A1.05/A1.05.Mus-His_51.JPG,A1.05.Mus-His_51.JPG,A1.05,A1,train
raw_data/A1.05/A1.05.Mus-His_52.JPG,A1.05.Mus-His_52.JPG,A1.05,A1,train
raw_data/A1.05/A1.05.Mus-His_53.JPG,A1.05.Mus-His_53.JPG,A1.05,A1,train
raw_data/A1.05/A1.05.Mus-His_54.JPG,A1.05.Mus-His_54.JPG,A1.05,A1,train
raw_data/A1.05/A1.05.Mus-His_55.JPG,A1.05.Mus-His_55.JPG,A1.05,A1,train
raw_data/A1.05/A1.05.Mus-His_56.JPG,A1.05.Mus-His_56.JPG,A1.05,A1,train
raw_data/A1.05/A1.05.Mus-His_57.JPG,A1.05.Mus-His_57.JPG,A1.05,A1,train
raw_data/A1.05/A1.05.Mus-His_58.JPG,A1.05.Mus-His_58.JPG,A1.05,A1,train
raw_data/A1.05/A1.05.Mus-His_59.JPG,A1.05.Mus-His_59.JPG,A1.05,A1,train
raw_data/A1.05/A1.05.Mus-His_60.JPG,A1.05.Mus-His_60.JPG,A1.05,A1,train
raw_data/A1.05/A1.05.Mus-His_61.JPG,A1.05.Mus-His_61.JPG,A1.05,A1,train
raw_data/A1.05/A1.05.Mus-His_62.JPG,A1.05.Mus-His_62.JPG,A1.05,A1,train
raw_data/A1.05/A1.05.Mus-His_63.JPG,A1.05.Mus-His_63.JPG,A1.05,A1,train
raw_data/A1.05/A1.05.Mus-His_64.JPG,A1.05.Mus-His_64.JPG,A1.05,A1,train
raw_data/A1.05/A1.05.Mus-His_65.JPG,A1.05.Mus-His_65.JPG,A1.05,A1,train
raw_data/A1.05/A1.05.Mus-His_66.JPG,A1.05.Mus-His_66.JPG,A1.05,A1,train
raw_data/A1.05/A1.05.Mus-His_67.JPG,A1.05.Mus-His_67.JPG,A1.05,A1,train
raw_data/A1.05/A1.05.Mus-His_68.JPG,A1.05.Mus-His_68.JPG,A1.05,A1,train
raw_data/A1.05/A1.05.Mus-His_69.JPG,A1.05.Mus-His_69.JPG,A1.05,A1,train
raw_data/A1.05/A1.05.Mus-His_70.JPG,A1.05.Mus-His_70.JPG,A1.05,A1,train
raw_data/A1.05/A1.05.Mus-His_71.JPG,A1.05.Mus-His_71.JPG,A1.05,A1,train
raw_data/A1.05/A1.05.Mus-His_72.JPG,A1.05.Mus-His_72.JPG,A1.05,A1,train
raw_data/A1.05/A1.05.Mus-His_73.JPG,A1.05.Mus-His_73.JPG,A1.05,A1,train
raw_data/A1.05/A1.05.Mus-His_74.JPG,A1.05.Mus-His_74.JPG,A1.05,A1,train
raw_data/A1.05/A1.05.Mus-His_75.JPG,A1.05.Mus-His_75.JPG,A1.05,A1,train
raw_data/A1.05/A1.05.Mus-His_76.JPG,A1.05.Mus-His_76.JPG,A1.05,A1,train
raw_data/A1.05/A1.05.Mus-His_77.JPG,A1.05.Mus-His_77.JPG,A1.05,A1,train
raw_data/A1.05/A1.05.Mus-His_78.JPG,A1.05.Mus-His_78.JPG,A1.05,A1,train
raw_data/A1.05/A1.05.Mus-His_79.JPG,A1.05.Mus-His_79.JPG,A1.05,A1,train
raw_data/A1.05/A1.05.Mus-His_80.JPG,A1.05.Mus-His_80.JPG,A1.05,A1,train
raw_data/A1.05/A1.05.Mus-His_81.JPG,A1.05.Mus-His_81.JPG,A1.05,A1,train
raw_data/A1.05/A1.05.Mus-His_82.JPG,A1.05.Mus-His_82.JPG,A1.05,A1,train
raw_data/A1.06/A1.06.TDN-Sch_01.JPG,A1.06.TDN-Sch_01.JPG,A1.06,A1,train
raw_data/A1.06/A1.06.TDN-Sch_02.JPG,A1.06.TDN-Sch_02.JPG,A1.06,A1,train
raw_data/A1.06/A1.06.TDN-Sch_03.JPG,A1.06.TDN-Sch_03.JPG,A1.06,A1,train
raw_data/A1.06/A1.06.TDN-Sch_04.JPG,A1.06.TDN-Sch_04.JPG,A1.06,A1,train
raw_data/A1.06/A1.06.TDN-Sch_05.JPG,A1.06.TDN-Sch_05.JPG,A1.06,A1,train
raw_data/A1.06/A1.06.TDN-Sch_06.JPG,A1.06.TDN-Sch_06.JPG,A1.06,A1,train
raw_data/A1.06/A1.06.TDN-Sch_07.JPG,A1.06.TDN-Sch_07.JPG,A1.06,A1,train
raw_data/A1.06/A1.06.TDN-Sch_08.JPG,A1.06.TDN-Sch_08.JPG,A1.06,A1,train
raw_data/A1.06/A1.06.TDN-Sch_09.JPG,A1.06.TDN-Sch_09.JPG,A1.06,A1,train
raw_data/A1.06/A1.06.TDN-Sch_10.JPG,A1.06.TDN-Sch_10.JPG,A1.06,A1,train
raw_data/A1.06/A1.06.TDN-Sch_100.JPG,A1.06.TDN-Sch_100.JPG,A1.06,A1,train
raw_data/A1.06/A1.06.TDN-Sch_101.JPG,A1.06.TDN-Sch_101.JPG,A1.06,A1,train
raw_data/A1.06/A1.06.TDN-Sch_102.JPG,A1.06.TDN-Sch_102.JPG,A1.06,A1,train
raw_data/A1.06/A1.06.TDN-Sch_103.JPG,A1.06.TDN-Sch_103.JPG,A1.06,A1,train
raw_data/A1.06/A1.06.TDN-Sch_104.JPG,A1.06.TDN-Sch_104.JPG,A1.06,A1,train
raw_data/A1.06/A1.06.TDN-Sch_105.JPG,A1.06.TDN-Sch_105.JPG,A1.06,A1,train
raw_data/A1.06/A1.06.TDN-Sch_106.JPG,A1.06.TDN-Sch_106.JPG,A1.06,A1,train
raw_data/A1.06/A1.06.TDN-Sch_107.JPG,A1.06.TDN-Sch_107.JPG,A1.06,A1,train
raw_data/A1.06/A1.06.TDN-Sch_108.JPG,A1.06.TDN-Sch_108.JPG,A1.06,A1,train
raw_data/A1.06/A1.06.TDN-Sch_109.JPG,A1.06.TDN-Sch_109.JPG,A1.06,A1,train
raw_data/A1.06/A1.06.TDN-Sch_11.JPG,A1.06.TDN-Sch_11.JPG,A1.06,A1,train
raw_data/A1.06/A1.06.TDN-Sch_110.JPG,A1.06.TDN-Sch_110.JPG,A1.06,A1,train
raw_data/A1.06/A1.06.TDN-Sch_111.JPG,A1.06.TDN-Sch_111.JPG,A1.06,A1,train
raw_data/A1.06/A1.06.TDN-Sch_112.JPG,A1.06.TDN-Sch_112.JPG,A1.06,A1,train
raw_data/A1.06/A1.06.TDN-Sch_113.JPG,A1.06.TDN-Sch_113.JPG,A1.06,A1,train
raw_data/A1.06/A1.06.TDN-Sch_114.JPG,A1.06.TDN-Sch_114.JPG,A1.06,A1,train
raw_data/A1.06/A1.06.TDN-Sch_115.JPG,A1.06.TDN-Sch_115.JPG,A1.06,A1,train
raw_data/A1.06/A1.06.TDN-Sch_116.JPG,A1.06.TDN-Sch_116.JPG,A1.06,A1,train
raw_data/A1.06/A1.06.TDN-Sch_117.JPG,A1.06.TDN-Sch_117.JPG,A1.06,A1,train
raw_data/A1.06/A1.06.TDN-Sch_118.JPG,A1.06.TDN-Sch_118.JPG,A1.06,A1,train
raw_data/A1.06/A1.06.TDN-Sch_119.JPG,A1.06.TDN-Sch_119.JPG,A1.06,A1,train
raw_data/A1.06/A1.06.TDN-Sch_12.JPG,A1.06.TDN-Sch_12.JPG,A1.06,A1,train
raw_data/A1.06/A1.06.TDN-Sch_120.JPG,A1.06.TDN-Sch_120.JPG,A1.06,A1,train
raw_data/A1.06/A1.06.TDN-Sch_121.JPG,A1.06.TDN-Sch_121.JPG,A1.06,A1,train
raw_data/A1.06/A1.06.TDN-Sch_122.JPG,A1.06.TDN-Sch_122.JPG,A1.06,A1,train
raw_data/A1.06/A1.06.TDN-Sch_123.JPG,A1.06.TDN-Sch_123.JPG,A1.06,A1,train
raw_data/A1.06/A1.06.TDN-Sch_124.JPG,A1.06.TDN-Sch_124.JPG,A1.06,A1,train
raw_data/A1.06/A1.06.TDN-Sch_125.JPG,A1.06.TDN-Sch_125.JPG,A1.06,A1,train
raw_data/A1.06/A1.06.TDN-Sch_126.JPG,A1.06.TDN-Sch_126.JPG,A1.06,A1,train
raw_data/A1.06/A1.06.TDN-Sch_127.JPG,A1.06.TDN-Sch_127.JPG,A1.06,A1,train
raw_data/A1.06/A1.06.TDN-Sch_128.JPG,A1.06.TDN-Sch_128.JPG,A1.06,A1,train
raw_data/A1.06/A1.06.TDN-Sch_129.JPG,A1.06.TDN-Sch_129.JPG,A1.06,A1,train
raw_data/A1.06/A1.06.TDN-Sch_13.JPG,A1.06.TDN-Sch_13.JPG,A1.06,A1,train
raw_data/A1.06/A1.06.TDN-Sch_130.JPG,A1.06.TDN-Sch_130.JPG,A1.06,A1,train
raw_data/A1.06/A1.06.TDN-Sch_131.JPG,A1.06.TDN-Sch_131.JPG,A1.06,A1,train
raw_data/A1.06/A1.06.TDN-Sch_132.JPG,A1.06.TDN-Sch_132.JPG,A1.06,A1,train
raw_data/A1.06/A1.06.TDN-Sch_133.JPG,A1.06.TDN-Sch_133.JPG,A1.06,A1,train
raw_data/A1.06/A1.06.TDN-Sch_134.JPG,A1.06.TDN-Sch_134.JPG,A1.06,A1,train
raw_data/A1.06/A1.06.TDN-Sch_135.JPG,A1.06.TDN-Sch_135.JPG,A1.06,A1,train
raw_data/A1.06/A1.06.TDN-Sch_136.JPG,A1.06.TDN-Sch_136.JPG,A1.06,A1,train
raw_data/A1.06/A1.06.TDN-Sch_137.JPG,A1.06.TDN-Sch_137.JPG,A1.06,A1,train
raw_data/A1.06/A1.06.TDN-Sch_138.JPG,A1.06.TDN-Sch_138.JPG,A1.06,A1,train
raw_data/A1.06/A1.06.TDN-Sch_139.JPG,A1.06.TDN-Sch_139.JPG,A1.06,A1,train
raw_data/A1.06/A1.06.TDN-Sch_14.JPG,A1.06.TDN-Sch_14.JPG,A1.06,A1,train
raw_data/A1.06/A1.06.TDN-Sch_140.JPG,A1.06.TDN-Sch_140.JPG,A1.06,A1,train
raw_data/A1.06/A1.06.TDN-Sch_141.JPG,A1.06.TDN-Sch_141.JPG,A1.06,A1,train
raw_data/A1.06/A1.06.TDN-Sch_142.JPG,A1.06.TDN-Sch_142.JPG,A1.06,A1,train
raw_data/A1.06/A1.06.TDN-Sch_143.JPG,A1.06.TDN-Sch_143.JPG,A1.06,A1,train
raw_data/A1.06/A1.06.TDN-Sch_144.JPG,A1.06.TDN-Sch_144.JPG,A1.06,A1,train
raw_data/A1.06/A1.06.TDN-Sch_145.JPG,A1.06.TDN-Sch_145.JPG,A1.06,A1,train
raw_data/A1.06/A1.06.TDN-Sch_146.JPG,A1.06.TDN-Sch_146.JPG,A1.06,A1,train
raw_data/A1.06/A1.06.TDN-Sch_147.JPG,A1.06.TDN-Sch_147.JPG,A1.06,A1,train
raw_data/A1.06/A1.06.TDN-Sch_148.JPG,A1.06.TDN-Sch_148.JPG,A1.06,A1,train
raw_data/A1.06/A1.06.TDN-Sch_149.JPG,A1.06.TDN-Sch_149.JPG,A1.06,A1,train
raw_data/A1.06/A1.06.TDN-Sch_15.JPG,A1.06.TDN-Sch_15.JPG,A1.06,A1,train
raw_data/A1.06/A1.06.TDN-Sch_150.JPG,A1.06.TDN-Sch_150.JPG,A1.06,A1,train
raw_data/A1.06/A1.06.TDN-Sch_151.JPG,A1.06.TDN-Sch_151.JPG,A1.06,A1,train
raw_data/A1.06/A1.06.TDN-Sch_152.JPG,A1.06.TDN-Sch_152.JPG,A1.06,A1,train
raw_data/A1.06/A1.06.TDN-Sch_153.JPG,A1.06.TDN-Sch_153.JPG,A1.06,A1,train
raw_data/A1.06/A1.06.TDN-Sch_154.JPG,A1.06.TDN-Sch_154.JPG,A1.06,A1,train
raw_data/A1.06/A1.06.TDN-Sch_155.JPG,A1.06.TDN-Sch_155.JPG,A1.06,A1,train
raw_data/A1.06/A1.06.TDN-Sch_156.JPG,A1.06.TDN-Sch_156.JPG,A1.06,A1,train
raw_data/A1.06/A1.06.TDN-Sch_157.JPG,A1.06.TDN-Sch_157.JPG,A1.06,A1,train
raw_data/A1.06/A1.06.TDN-Sch_158.JPG,A1.06.TDN-Sch_158.JPG,A1.06,A1,train
raw_data/A1.06/A1.06.TDN-Sch_159.JPG,A1.06.TDN-Sch_159.JPG,A1.06,A1,train
raw_data/A1.06/A1.06.TDN-Sch_16.JPG,A1.06.TDN-Sch_16.JPG,A1.06,A1,train
raw_data/A1.06/A1.06.TDN-Sch_160.JPG,A1.06.TDN-Sch_160.JPG,A1.06,A1,train
raw_data/A1.06/A1.06.TDN-Sch_161.JPG,A1.06.TDN-Sch_161.JPG,A1.06,A1,train
raw_data/A1.06/A1.06.TDN-Sch_162.JPG,A1.06.TDN-Sch_162.JPG,A1.06,A1,train
raw_data/A1.06/A1.06.TDN-Sch_163.JPG,A1.06.TDN-Sch_163.JPG,A1.06,A1,train
raw_data/A1.06/A1.06.TDN-Sch_164.JPG,A1.06.TDN-Sch_164.JPG,A1.06,A1,train
raw_data/A1.06/A1.06.TDN-Sch_165.JPG,A1.06.TDN-Sch_165.JPG,A1.06,A1,train
raw_data/A1.06/A1.06.TDN-Sch_166.JPG,A1.06.TDN-Sch_166.JPG,A1.06,A1,train
raw_data/A1.06/A1.06.TDN-Sch_167.JPG,A1.06.TDN-Sch_167.JPG,A1.06,A1,train
raw_data/A1.06/A1.06.TDN-Sch_168.JPG,A1.06.TDN-Sch_168.JPG,A1.06,A1,train
raw_data/A1.06/A1.06.TDN-Sch_169.JPG,A1.06.TDN-Sch_169.JPG,A1.06,A1,train
raw_data/A1.06/A1.06.TDN-Sch_17.JPG,A1.06.TDN-Sch_17.JPG,A1.06,A1,train
raw_data/A1.06/A1.06.TDN-Sch_170.JPG,A1.06.TDN-Sch_170.JPG,A1.06,A1,train
raw_data/A1.06/A1.06.TDN-Sch_171.JPG,A1.06.TDN-Sch_171.JPG,A1.06,A1,train
raw_data/A1.06/A1.06.TDN-Sch_172.JPG,A1.06.TDN-Sch_172.JPG,A1.06,A1,train
raw_data/A1.06/A1.06.TDN-Sch_18.JPG,A1.06.TDN-Sch_18.JPG,A1.06,A1,train
raw_data/A1.06/A1.06.TDN-Sch_19.JPG,A1.06.TDN-Sch_19.JPG,A1.06,A1,train
raw_data/A1.06/A1.06.TDN-Sch_20.JPG,A1.06.TDN-Sch_20.JPG,A1.06,A1,train
raw_data/A1.06/A1.06.TDN-Sch_21.JPG,A1.06.TDN-Sch_21.JPG,A1.06,A1,train
raw_data/A1.06/A1.06.TDN-Sch_22.JPG,A1.06.TDN-Sch_22.JPG,A1.06,A1,train
raw_data/A1.06/A1.06.TDN-Sch_23.JPG,A1.06.TDN-Sch_23.JPG,A1.06,A1,train
raw_data/A1.06/A1.06.TDN-Sch_24.JPG,A1.06.TDN-Sch_24.JPG,A1.06,A1,train
raw_data/A1.06/A1.06.TDN-Sch_25.JPG,A1.06.TDN-Sch_25.JPG,A1.06,A1,train
raw_data/A1.06/A1.06.TDN-Sch_26.JPG,A1.06.TDN-Sch_26.JPG,A1.06,A1,train
raw_data/A1.06/A1.06.TDN-Sch_27.JPG,A1.06.TDN-Sch_27.JPG,A1.06,A1,train
raw_data/A1.06/A1.06.TDN-Sch_28.JPG,A1.06.TDN-Sch_28.JPG,A1.06,A1,train
raw_data/A1.06/A1.06.TDN-Sch_29.JPG,A1.06.TDN-Sch_29.JPG,A1.06,A1,train
raw_data/A1.06/A1.06.TDN-Sch_30.JPG,A1.06.TDN-Sch_30.JPG,A1.06,A1,train
raw_data/A1.06/A1.06.TDN-Sch_31.JPG,A1.06.TDN-Sch_31.JPG,A1.06,A1,train
raw_data/A1.06/A1.06.TDN-Sch_32.JPG,A1.06.TDN-Sch_32.JPG,A1.06,A1,train
raw_data/A1.06/A1.06.TDN-Sch_33.JPG,A1.06.TDN-Sch_33.JPG,A1.06,A1,train
raw_data/A1.06/A1.06.TDN-Sch_34.JPG,A1.06.TDN-Sch_34.JPG,A1.06,A1,train
raw_data/A1.06/A1.06.TDN-Sch_35.JPG,A1.06.TDN-Sch_35.JPG,A1.06,A1,train
raw_data/A1.06/A1.06.TDN-Sch_36.JPG,A1.06.TDN-Sch_36.JPG,A1.06,A1,train
raw_data/A1.06/A1.06.TDN-Sch_37.JPG,A1.06.TDN-Sch_37.JPG,A1.06,A1,train
raw_data/A1.06/A1.06.TDN-Sch_38.JPG,A1.06.TDN-Sch_38.JPG,A1.06,A1,train
raw_data/A1.06/A1.06.TDN-Sch_39.JPG,A1.06.TDN-Sch_39.JPG,A1.06,A1,train
raw_data/A1.06/A1.06.TDN-Sch_40.JPG,A1.06.TDN-Sch_40.JPG,A1.06,A1,train
raw_data/A1.06/A1.06.TDN-Sch_41.JPG,A1.06.TDN-Sch_41.JPG,A1.06,A1,train
raw_data/A1.06/A1.06.TDN-Sch_42.JPG,A1.06.TDN-Sch_42.JPG,A1.06,A1,train
raw_data/A1.06/A1.06.TDN-Sch_43.JPG,A1.06.TDN-Sch_43.JPG,A1.06,A1,train
raw_data/A1.06/A1.06.TDN-Sch_44.JPG,A1.06.TDN-Sch_44.JPG,A1.06,A1,train
raw_data/A1.06/A1.06.TDN-Sch_45.JPG,A1.06.TDN-Sch_45.JPG,A1.06,A1,train
raw_data/A1.06/A1.06.TDN-Sch_46.JPG,A1.06.TDN-Sch_46.JPG,A1.06,A1,train
raw_data/A1.06/A1.06.TDN-Sch_47.JPG,A1.06.TDN-Sch_47.JPG,A1.06,A1,train
raw_data/A1.06/A1.06.TDN-Sch_48.JPG,A1.06.TDN-Sch_48.JPG,A1.06,A1,train
raw_data/A1.06/A1.06.TDN-Sch_49.JPG,A1.06.TDN-Sch_49.JPG,A1.06,A1,train
raw_data/A1.06/A1.06.TDN-Sch_50.JPG,A1.06.TDN-Sch_50.JPG,A1.06,A1,train
raw_data/A1.06/A1.06.TDN-Sch_51.JPG,A1.06.TDN-Sch_51.JPG,A1.06,A1,train
raw_data/A1.06/A1.06.TDN-Sch_52.JPG,A1.06.TDN-Sch_52.JPG,A1.06,A1,train
raw_data/A1.06/A1.06.TDN-Sch_53.JPG,A1.06.TDN-Sch_53.JPG,A1.06,A1,train
raw_data/A1.06/A1.06.TDN-Sch_54.JPG,A1.06.TDN-Sch_54.JPG,A1.06,A1,train
raw_data/A1.06/A1.06.TDN-Sch_55.JPG,A1.06.TDN-Sch_55.JPG,A1.06,A1,train
raw_data/A1.06/A1.06.TDN-Sch_56.JPG,A1.06.TDN-Sch_56.JPG,A1.06,A1,train
raw_data/A1.06/A1.06.TDN-Sch_57.JPG,A1.06.TDN-Sch_57.JPG,A1.06,A1,train
raw_data/A1.06/A1.06.TDN-Sch_58.JPG,A1.06.TDN-Sch_58.JPG,A1.06,A1,train
raw_data/A1.06/A1.06.TDN-Sch_59.JPG,A1.06.TDN-Sch_59.JPG,A1.06,A1,train
raw_data/A1.06/A1.06.TDN-Sch_60.JPG,A1.06.TDN-Sch_60.JPG,A1.06,A1,train
raw_data/A1.06/A1.06.TDN-Sch_61.JPG,A1.06.TDN-Sch_61.JPG,A1.06,A1,train
raw_data/A1.06/A1.06.TDN-Sch_62.JPG,A1.06.TDN-Sch_62.JPG,A1.06,A1,train
raw_data/A1.06/A1.06.TDN-Sch_63.JPG,A1.06.TDN-Sch_63.JPG,A1.06,A1,train
raw_data/A1.06/A1.06.TDN-Sch_64.JPG,A1.06.TDN-Sch_64.JPG,A1.06,A1,train
raw_data/A1.06/A1.06.TDN-Sch_65.JPG,A1.06.TDN-Sch_65.JPG,A1.06,A1,train
raw_data/A1.06/A1.06.TDN-Sch_66.JPG,A1.06.TDN-Sch_66.JPG,A1.06,A1,train
raw_data/A1.06/A1.06.TDN-Sch_67.JPG,A1.06.TDN-Sch_67.JPG,A1.06,A1,train
raw_data/A1.06/A1.06.TDN-Sch_68.JPG,A1.06.TDN-Sch_68.JPG,A1.06,A1,train
raw_data/A1.06/A1.06.TDN-Sch_69.JPG,A1.06.TDN-Sch_69.JPG,A1.06,A1,train
raw_data/A1.06/A1.06.TDN-Sch_70.JPG,A1.06.TDN-Sch_70.JPG,A1.06,A1,train
raw_data/A1.06/A1.06.TDN-Sch_71.JPG,A1.06.TDN-Sch_71.JPG,A1.06,A1,train
raw_data/A1.06/A1.06.TDN-Sch_72.JPG,A1.06.TDN-Sch_72.JPG,A1.06,A1,train
raw_data/A1.06/A1.06.TDN-Sch_73.JPG,A1.06.TDN-Sch_73.JPG,A1.06,A1,train
raw_data/A1.06/A1.06.TDN-Sch_74.JPG,A1.06.TDN-Sch_74.JPG,A1.06,A1,train
raw_data/A1.06/A1.06.TDN-Sch_75.JPG,A1.06.TDN-Sch_75.JPG,A1.06,A1,train
raw_data/A1.06/A1.06.TDN-Sch_76.JPG,A1.06.TDN-Sch_76.JPG,A1.06,A1,train
raw_data/A1.06/A1.06.TDN-Sch_77.JPG,A1.06.TDN-Sch_77.JPG,A1.06,A1,train
raw_data/A1.06/A1.06.TDN-Sch_78.JPG,A1.06.TDN-Sch_78.JPG,A1.06,A1,train
raw_data/A1.06/A1.06.TDN-Sch_79.JPG,A1.06.TDN-Sch_79.JPG,A1.06,A1,train
raw_data/A1.06/A1.06.TDN-Sch_80.JPG,A1.06.TDN-Sch_80.JPG,A1.06,A1,train
raw_data/A1.06/A1.06.TDN-Sch_81.JPG,A1.06.TDN-Sch_81.JPG,A1.06,A1,train
raw_data/A1.06/A1.06.TDN-Sch_82.JPG,A1.06.TDN-Sch_82.JPG,A1.06,A1,train
raw_data/A1.06/A1.06.TDN-Sch_83.JPG,A1.06.TDN-Sch_83.JPG,A1.06,A1,train
raw_data/A1.06/A1.06.TDN-Sch_84.JPG,A1.06.TDN-Sch_84.JPG,A1.06,A1,train
raw_data/A1.06/A1.06.TDN-Sch_85.JPG,A1.06.TDN-Sch_85.JPG,A1.06,A1,train
raw_data/A1.06/A1.06.TDN-Sch_86.JPG,A1.06.TDN-Sch_86.JPG,A1.06,A1,train
raw_data/A1.06/A1.06.TDN-Sch_87.JPG,A1.06.TDN-Sch_87.JPG,A1.06,A1,train
raw_data/A1.06/A1.06.TDN-Sch_88.JPG,A1.06.TDN-Sch_88.JPG,A1.06,A1,train
raw_data/A1.06/A1.06.TDN-Sch_89.JPG,A1.06.TDN-Sch_89.JPG,A1.06,A1,train
raw_data/A1.06/A1.06.TDN-Sch_90.JPG,A1.06.TDN-Sch_90.JPG,A1.06,A1,train
raw_data/A1.06/A1.06.TDN-Sch_91.JPG,A1.06.TDN-Sch_91.JPG,A1.06,A1,train
raw_data/A1.06/A1.06.TDN-Sch_92.JPG,A1.06.TDN-Sch_92.JPG,A1.06,A1,train
raw_data/A1.06/A1.06.TDN-Sch_93.JPG,A1.06.TDN-Sch_93.JPG,A1.06,A1,train
raw_data/A1.06/A1.06.TDN-Sch_94.JPG,A1.06.TDN-Sch_94.JPG,A1.06,A1,train
raw_data/A1.06/A1.06.TDN-Sch_95.JPG,A1.06.TDN-Sch_95.JPG,A1.06,A1,train
raw_data/A1.06/A1.06.TDN-Sch_96.JPG,A1.06.TDN-Sch_96.JPG,A1.06,A1,train
raw_data/A1.06/A1.06.TDN-Sch_97.JPG,A1.06.TDN-Sch_97.JPG,A1.06,A1,train
raw_data/A1.06/A1.06.TDN-Sch_98.JPG,A1.06.TDN-Sch_98.JPG,A1.06,A1,train
raw_data/A1.06/A1.06.TDN-Sch_99.JPG,A1.06.TDN-Sch_99.JPG,A1.06,A1,train
raw_data/A1.06/DSC05890.JPG,DSC05890.JPG,A1.06,A1,train
raw_data/A1.06/DSC05902.JPG,DSC05902.JPG,A1.06,A1,train
raw_data/A1.06/DSC05953.JPG,DSC05953.JPG,A1.06,A1,train
raw_data/A1.06/DSC05954.JPG,DSC05954.JPG,A1.06,A1,train
raw_data/A1.06/DSC05962.JPG,DSC05962.JPG,A1.06,A1,train
raw_data/A1.06/DSC05963.JPG,DSC05963.JPG,A1.06,A1,train
raw_data/A1.06/DSC05964.JPG,DSC05964.JPG,A1.06,A1,train
raw_data/A1.06/DSC05991.JPG,DSC05991.JPG,A1.06,A1,train
raw_data/A1.06/DSC05992.JPG,DSC05992.JPG,A1.06,A1,train
raw_data/A1.06/DSC06002.JPG,DSC06002.JPG,A1.06,A1,train
raw_data/A1.06/DSC06003.JPG,DSC06003.JPG,A1.06,A1,train
raw_data/A1.06/DSC06034.JPG,DSC06034.JPG,A1.06,A1,train
raw_data/A1.06/DSC06036.JPG,DSC06036.JPG,A1.06,A1,train
raw_data/A1.06/DSC06038.JPG,DSC06038.JPG,A1.06,A1,train
raw_data/A1.06/DSC06040.JPG,DSC06040.JPG,A1.06,A1,train
raw_data/A1.06/DSC06044.JPG,DSC06044.JPG,A1.06,A1,train
raw_data/A1.06/DSC06056.JPG,DSC06056.JPG,A1.06,A1,train
raw_data/A1.06/DSC06057.JPG,DSC06057.JPG,A1.06,A1,train
raw_data/A1.06/DSC06060.JPG,DSC06060.JPG,A1.06,A1,train
raw_data/A1.06/DSC06061.JPG,DSC06061.JPG,A1.06,A1,train
raw_data/A1.06/DSC06064.JPG,DSC06064.JPG,A1.06,A1,train
raw_data/A1.06/DSC06065.JPG,DSC06065.JPG,A1.06,A1,train
raw_data/A1.06/DSC06066.JPG,DSC06066.JPG,A1.06,A1,train
raw_data/A1.06/DSC06067.JPG,DSC06067.JPG,A1.06,A1,train
raw_data/A1.06/DSC06081.JPG,DSC06081.JPG,A1.06,A1,train
raw_data/A1.06/DSC06083.JPG,DSC06083.JPG,A1.06,A1,train
raw_data/A1.06/DSC06084.JPG,DSC06084.JPG,A1.06,A1,train
raw_data/A1.06/DSC06085.JPG,DSC06085.JPG,A1.06,A1,train
raw_data/A1.06/DSC06087.JPG,DSC06087.JPG,A1.06,A1,train
raw_data/A1.06/DSC06088.JPG,DSC06088.JPG,A1.06,A1,train
raw_data/A1.06/DSC06089.JPG,DSC06089.JPG,A1.06,A1,train
raw_data/A1.06/DSC06090.JPG,DSC06090.JPG,A1.06,A1,train
raw_data/A1.06/DSC06098.JPG,DSC06098.JPG,A1.06,A1,train
raw_data/A1.06/DSC06099.JPG,DSC06099.JPG,A1.06,A1,train
raw_data/A1.06/DSC06101.JPG,DSC06101.JPG,A1.06,A1,train
raw_data/A1.06/DSC06102.JPG,DSC06102.JPG,A1.06,A1,train
raw_data/A1.06/DSC06103.JPG,DSC06103.JPG,A1.06,A1,train
raw_data/A1.06/DSC06106.JPG,DSC06106.JPG,A1.06,A1,train
raw_data/A1.06/DSC06108.JPG,DSC06108.JPG,A1.06,A1,train
raw_data/A1.06/DSC06110.JPG,DSC06110.JPG,A1.06,A1,train
raw_data/A1.06/DSC06111.JPG,DSC06111.JPG,A1.06,A1,train
raw_data/A1.06/DSC06112.JPG,DSC06112.JPG,A1.06,A1,train
raw_data/A1.06/DSC06115.JPG,DSC06115.JPG,A1.06,A1,train
raw_data/A1.06/DSC06116.JPG,DSC06116.JPG,A1.06,A1,train
raw_data/A1.06/DSC06119.JPG,DSC06119.JPG,A1.06,A1,train
raw_data/A1.06/DSC06121.JPG,DSC06121.JPG,A1.06,A1,train
raw_data/A1.06/DSC06123.JPG,DSC06123.JPG,A1.06,A1,train
raw_data/A1.06/DSC06128.JPG,DSC06128.JPG,A1.06,A1,train
raw_data/A1.06/DSC06129.JPG,DSC06129.JPG,A1.06,A1,train
raw_data/A1.06/DSC06130.JPG,DSC06130.JPG,A1.06,A1,train
raw_data/A1.06/DSC06131.JPG,DSC06131.JPG,A1.06,A1,train
raw_data/A1.06/DSC06132.JPG,DSC06132.JPG,A1.06,A1,train
raw_data/A1.06/DSC06133.JPG,DSC06133.JPG,A1.06,A1,train
raw_data/A1.06/DSC06134.JPG,DSC06134.JPG,A1.06,A1,train
raw_data/A1.06/DSC06135.JPG,DSC06135.JPG,A1.06,A1,train
raw_data/A1.06/DSC06136.JPG,DSC06136.JPG,A1.06,A1,train
raw_data/A1.06/DSC06137.JPG,DSC06137.JPG,A1.06,A1,train
raw_data/A1.06/DSC06140.JPG,DSC06140.JPG,A1.06,A1,train
raw_data/A1.06/DSC06141.JPG,DSC06141.JPG,A1.06,A1,train
raw_data/A1.06/DSC06142.JPG,DSC06142.JPG,A1.06,A1,train
raw_data/A1.06/DSC06149.JPG,DSC06149.JPG,A1.06,A1,train
raw_data/A1.06/DSC06154.JPG,DSC06154.JPG,A1.06,A1,train
raw_data/A1.06/DSC06156.JPG,DSC06156.JPG,A1.06,A1,train
raw_data/A1.06/DSC06157.JPG,DSC06157.JPG,A1.06,A1,train
raw_data/A1.06/DSC06158.JPG,DSC06158.JPG,A1.06,A1,train
raw_data/A1.06/DSC06159.JPG,DSC06159.JPG,A1.06,A1,train
raw_data/A1.06/DSC06161.JPG,DSC06161.JPG,A1.06,A1,train
raw_data/A1.06/DSC06162.JPG,DSC06162.JPG,A1.06,A1,train
raw_data/A1.06/DSC06163.JPG,DSC06163.JPG,A1.06,A1,train
raw_data/A1.06/DSC06164.JPG,DSC06164.JPG,A1.06,A1,train
raw_data/A1.06/DSC06166.JPG,DSC06166.JPG,A1.06,A1,train
raw_data/A1.06/DSC06171.JPG,DSC06171.JPG,A1.06,A1,train
raw_data/A1.06/DSC06188.JPG,DSC06188.JPG,A1.06,A1,train
raw_data/A1.06/DSC06263.JPG,DSC06263.JPG,A1.06,A1,train
raw_data/A1.06/DSC06264.JPG,DSC06264.JPG,A1.06,A1,train
raw_data/A1.06/DSC06266.JPG,DSC06266.JPG,A1.06,A1,train
raw_data/A1.06/DSC06267.JPG,DSC06267.JPG,A1.06,A1,train
raw_data/A1.06/DSC06268.JPG,DSC06268.JPG,A1.06,A1,train
raw_data/A1.06/DSC06269.JPG,DSC06269.JPG,A1.06,A1,train
raw_data/A1.06/DSC06272.JPG,DSC06272.JPG,A1.06,A1,train
raw_data/A1.06/DSC06273.JPG,DSC06273.JPG,A1.06,A1,train
raw_data/A1.06/DSC06275.JPG,DSC06275.JPG,A1.06,A1,train
raw_data/A1.06/DSC06277.JPG,DSC06277.JPG,A1.06,A1,train
raw_data/A1.06/DSC06280.JPG,DSC06280.JPG,A1.06,A1,train
raw_data/A1.06/DSC06281.JPG,DSC06281.JPG,A1.06,A1,train
raw_data/A1.06/DSC06283.JPG,DSC06283.JPG,A1.06,A1,train
raw_data/A1.06/DSC06284.JPG,DSC06284.JPG,A1.06,A1,train
raw_data/A1.06/DSC06285.JPG,DSC06285.JPG,A1.06,A1,train
raw_data/A1.06/DSC06291.JPG,DSC06291.JPG,A1.06,A1,train
raw_data/A1.06/DSC06297.JPG,DSC06297.JPG,A1.06,A1,train
raw_data/A1.06/DSC06298.JPG,DSC06298.JPG,A1.06,A1,train
raw_data/A1.06/DSC06300.JPG,DSC06300.JPG,A1.06,A1,train
raw_data/A1.06/DSC06301.JPG,DSC06301.JPG,A1.06,A1,train
raw_data/A1.06/DSC06302.JPG,DSC06302.JPG,A1.06,A1,train
raw_data/A1.06/DSC06307.JPG,DSC06307.JPG,A1.06,A1,train
raw_data/A1.06/DSC06308.JPG,DSC06308.JPG,A1.06,A1,train
raw_data/A1.06/DSC06309.JPG,DSC06309.JPG,A1.06,A1,train
raw_data/A1.06/DSC06310.JPG,DSC06310.JPG,A1.06,A1,train
raw_data/A1.06/DSC06311.JPG,DSC06311.JPG,A1.06,A1,train
raw_data/A1.06/DSC06312.JPG,DSC06312.JPG,A1.06,A1,train
raw_data/A1.06/DSC06313.JPG,DSC06313.JPG,A1.06,A1,train
raw_data/A1.06/DSC06314.JPG,DSC06314.JPG,A1.06,A1,train
raw_data/A1.06/DSC06315.JPG,DSC06315.JPG,A1.06,A1,train
raw_data/A1.06/DSC06316.JPG,DSC06316.JPG,A1.06,A1,train
raw_data/A1.06/DSC06317.JPG,DSC06317.JPG,A1.06,A1,train
raw_data/A1.06/DSC06318.JPG,DSC06318.JPG,A1.06,A1,train
raw_data/A1.06/DSC06319.JPG,DSC06319.JPG,A1.06,A1,train
raw_data/A1.06/DSC06320.JPG,DSC06320.JPG,A1.06,A1,train
raw_data/A1.06/DSC06321.JPG,DSC06321.JPG,A1.06,A1,train
raw_data/A1.06/DSC06323.JPG,DSC06323.JPG,A1.06,A1,train
raw_data/A1.06/DSC06324.JPG,DSC06324.JPG,A1.06,A1,train
raw_data/A1.06/DSC06325.JPG,DSC06325.JPG,A1.06,A1,train
raw_data/A1.06/DSC06329.JPG,DSC06329.JPG,A1.06,A1,train
raw_data/A1.06/DSC06331.JPG,DSC06331.JPG,A1.06,A1,train
raw_data/A1.06/DSC06332.JPG,DSC06332.JPG,A1.06,A1,train
raw_data/A1.06/DSC06335.JPG,DSC06335.JPG,A1.06,A1,train
raw_data/A1.06/DSC06339.JPG,DSC06339.JPG,A1.06,A1,train
raw_data/A1.06/DSC06340.JPG,DSC06340.JPG,A1.06,A1,train
raw_data/A1.06/DSC06348.JPG,DSC06348.JPG,A1.06,A1,train
raw_data/A1.06/DSC06355.JPG,DSC06355.JPG,A1.06,A1,train
raw_data/A1.06/DSC06358.JPG,DSC06358.JPG,A1.06,A1,train
raw_data/A1.06/DSC06363.JPG,DSC06363.JPG,A1.06,A1,train
raw_data/A1.06/DSC06364.JPG,DSC06364.JPG,A1.06,A1,train
raw_data/A1.06/DSC06365.JPG,DSC06365.JPG,A1.06,A1,train
raw_data/A1.06/DSC06367.JPG,DSC06367.JPG,A1.06,A1,train
raw_data/A1.06/DSC06368.JPG,DSC06368.JPG,A1.06,A1,train
raw_data/A1.06/DSC06371.JPG,DSC06371.JPG,A1.06,A1,train
raw_data/A1.06/DSC06373.JPG,DSC06373.JPG,A1.06,A1,train
raw_data/A1.06/DSC06374.JPG,DSC06374.JPG,A1.06,A1,train
raw_data/A1.06/DSC06375.JPG,DSC06375.JPG,A1.06,A1,train
raw_data/A1.06/DSC06376.JPG,DSC06376.JPG,A1.06,A1,train
raw_data/A1.06/DSC06377.JPG,DSC06377.JPG,A1.06,A1,train
raw_data/A1.06/DSC06381.JPG,DSC06381.JPG,A1.06,A1,train
raw_data/A1.06/DSC06383.JPG,DSC06383.JPG,A1.06,A1,train
raw_data/A1.06/DSC06389.JPG,DSC06389.JPG,A1.06,A1,train
raw_data/A1.06/DSC06395.JPG,DSC06395.JPG,A1.06,A1,train
raw_data/A1.06/DSC06396.JPG,DSC06396.JPG,A1.06,A1,train
raw_data/A1.06/DSC06397.JPG,DSC06397.JPG,A1.06,A1,train
raw_data/A1.06/DSC06398.JPG,DSC06398.JPG,A1.06,A1,train
raw_data/A1.06/DSC06399.JPG,DSC06399.JPG,A1.06,A1,train
raw_data/A1.06/DSC06400.JPG,DSC06400.JPG,A1.06,A1,train
raw_data/A1.06/DSC06401.JPG,DSC06401.JPG,A1.06,A1,train
raw_data/A1.07/A1.07.Hot-Con_01.JPG,A1.07.Hot-Con_01.JPG,A1.07,A1,train
raw_data/A1.07/A1.07.Hot-Con_02.JPG,A1.07.Hot-Con_02.JPG,A1.07,A1,train
raw_data/A1.07/A1.07.Hot-Con_03.JPG,A1.07.Hot-Con_03.JPG,A1.07,A1,train
raw_data/A1.07/A1.07.Hot-Con_04.JPG,A1.07.Hot-Con_04.JPG,A1.07,A1,train
raw_data/A1.07/A1.07.Hot-Con_05.JPG,A1.07.Hot-Con_05.JPG,A1.07,A1,train
raw_data/A1.07/A1.07.Hot-Con_06.JPG,A1.07.Hot-Con_06.JPG,A1.07,A1,train
raw_data/A1.07/A1.07.Hot-Con_07.JPG,A1.07.Hot-Con_07.JPG,A1.07,A1,train
raw_data/A1.07/A1.07.Hot-Con_08.JPG,A1.07.Hot-Con_08.JPG,A1.07,A1,train
raw_data/A1.07/A1.07.Hot-Con_09.JPG,A1.07.Hot-Con_09.JPG,A1.07,A1,train
raw_data/A1.07/A1.07.Hot-Con_10.JPG,A1.07.Hot-Con_10.JPG,A1.07,A1,train
raw_data/A1.07/A1.07.Hot-Con_11.JPG,A1.07.Hot-Con_11.JPG,A1.07,A1,train
raw_data/A1.07/A1.07.Hot-Con_12.JPG,A1.07.Hot-Con_12.JPG,A1.07,A1,train
raw_data/A1.07/A1.07.Hot-Con_13.JPG,A1.07.Hot-Con_13.JPG,A1.07,A1,train
raw_data/A1.07/A1.07.Hot-Con_14.JPG,A1.07.Hot-Con_14.JPG,A1.07,A1,train
raw_data/A1.07/A1.07.Hot-Con_15.JPG,A1.07.Hot-Con_15.JPG,A1.07,A1,train
raw_data/A1.07/A1.07.Hot-Con_16.JPG,A1.07.Hot-Con_16.JPG,A1.07,A1,train
raw_data/A1.07/A1.07.Hot-Con_17.JPG,A1.07.Hot-Con_17.JPG,A1.07,A1,train
raw_data/A1.07/A1.07.Hot-Con_18.JPG,A1.07.Hot-Con_18.JPG,A1.07,A1,train
raw_data/A1.07/A1.07.Hot-Con_19.JPG,A1.07.Hot-Con_19.JPG,A1.07,A1,train
raw_data/A1.07/A1.07.Hot-Con_20.JPG,A1.07.Hot-Con_20.JPG,A1.07,A1,train
raw_data/A1.07/A1.07.Hot-Con_21.JPG,A1.07.Hot-Con_21.JPG,A1.07,A1,train
raw_data/A1.07/A1.07.Hot-Con_22.JPG,A1.07.Hot-Con_22.JPG,A1.07,A1,train
raw_data/A1.07/A1.07.Hot-Con_23.JPG,A1.07.Hot-Con_23.JPG,A1.07,A1,train
raw_data/A1.07/A1.07.Hot-Con_24.JPG,A1.07.Hot-Con_24.JPG,A1.07,A1,train
raw_data/A1.07/A1.07.Hot-Con_25.JPG,A1.07.Hot-Con_25.JPG,A1.07,A1,train
raw_data/A1.07/A1.07.Hot-Con_26.JPG,A1.07.Hot-Con_26.JPG,A1.07,A1,train
raw_data/A1.07/A1.07.Hot-Con_27.JPG,A1.07.Hot-Con_27.JPG,A1.07,A1,train
raw_data/A1.07/A1.07.Hot-Con_28.JPG,A1.07.Hot-Con_28.JPG,A1.07,A1,train
raw_data/A1.07/A1.07.Hot-Con_29.JPG,A1.07.Hot-Con_29.JPG,A1.07,A1,train
raw_data/A1.07/A1.07.Hot-Con_30.JPG,A1.07.Hot-Con_30.JPG,A1.07,A1,train
raw_data/A1.07/A1.07.Hot-Con_31.JPG,A1.07.Hot-Con_31.JPG,A1.07,A1,train
raw_data/A1.07/A1.07.Hot-Con_32.JPG,A1.07.Hot-Con_32.JPG,A1.07,A1,train
raw_data/A1.07/A1.07.Hot-Con_33.JPG,A1.07.Hot-Con_33.JPG,A1.07,A1,train
raw_data/A1.07/A1.07.Hot-Con_34.JPG,A1.07.Hot-Con_34.JPG,A1.07,A1,train
raw_data/A1.07/A1.07.Hot-Con_35.JPG,A1.07.Hot-Con_35.JPG,A1.07,A1,train
raw_data/A1.07/A1.07.Hot-Con_36.JPG,A1.07.Hot-Con_36.JPG,A1.07,A1,train
raw_data/A1.07/A1.07.Hot-Con_37.JPG,A1.07.Hot-Con_37.JPG,A1.07,A1,train
raw_data/A1.07/A1.07.Hot-Con_38.JPG,A1.07.Hot-Con_38.JPG,A1.07,A1,train
raw_data/A1.07/A1.07.Hot-Con_39.JPG,A1.07.Hot-Con_39.JPG,A1.07,A1,train
raw_data/A1.07/A1.07.Hot-Con_40.JPG,A1.07.Hot-Con_40.JPG,A1.07,A1,train
raw_data/A1.07/A1.07.Hot-Con_41.JPG,A1.07.Hot-Con_41.JPG,A1.07,A1,train
raw_data/A1.07/A1.07.Hot-Con_42.JPG,A1.07.Hot-Con_42.JPG,A1.07,A1,train
raw_data/A1.07/A1.07.Hot-Con_43.JPG,A1.07.Hot-Con_43.JPG,A1.07,A1,train
raw_data/A1.07/A1.07.Hot-Con_44.JPG,A1.07.Hot-Con_44.JPG,A1.07,A1,train
raw_data/A1.07/A1.07.Hot-Con_45.JPG,A1.07.Hot-Con_45.JPG,A1.07,A1,train
raw_data/A1.07/A1.07.Hot-Con_46.JPG,A1.07.Hot-Con_46.JPG,A1.07,A1,train
raw_data/A1.07/A1.07.Hot-Con_47.JPG,A1.07.Hot-Con_47.JPG,A1.07,A1,train
raw_data/A1.07/A1.07.Hot-Con_48.JPG,A1.07.Hot-Con_48.JPG,A1.07,A1,train
raw_data/A1.07/A1.07.Hot-Con_49.JPG,A1.07.Hot-Con_49.JPG,A1.07,A1,train
raw_data/A1.07/A1.07.Hot-Con_50.JPG,A1.07.Hot-Con_50.JPG,A1.07,A1,train
raw_data/A1.07/A1.07.Hot-Con_51.JPG,A1.07.Hot-Con_51.JPG,A1.07,A1,train
raw_data/A1.07/A1.07.Hot-Con_52.JPG,A1.07.Hot-Con_52.JPG,A1.07,A1,train
raw_data/A1.07/A1.07.Hot-Con_53.JPG,A1.07.Hot-Con_53.JPG,A1.07,A1,train
raw_data/A1.07/A1.07.Hot-Con_54.JPG,A1.07.Hot-Con_54.JPG,A1.07,A1,train
raw_data/A1.07/A1.07.Hot-Con_55.JPG,A1.07.Hot-Con_55.JPG,A1.07,A1,train
raw_data/A1.07/A1.07.Hot-Con_56.JPG,A1.07.Hot-Con_56.JPG,A1.07,A1,train
raw_data/A1.07/A1.07.Hot-Con_57.JPG,A1.07.Hot-Con_57.JPG,A1.07,A1,train
raw_data/A1.07/A1.07.Hot-Con_58.JPG,A1.07.Hot-Con_58.JPG,A1.07,A1,train
raw_data/A1.07/A1.07.Hot-Con_59.JPG,A1.07.Hot-Con_59.JPG,A1.07,A1,train
raw_data/A1.07/A1.07.Hot-Con_60.JPG,A1.07.Hot-Con_60.JPG,A1.07,A1,train
raw_data/A1.07/A1.07.Hot-Con_61.JPG,A1.07.Hot-Con_61.JPG,A1.07,A1,train
raw_data/A1.07/A1.07.Hot-Con_62.JPG,A1.07.Hot-Con_62.JPG,A1.07,A1,train
raw_data/A1.07/A1.07.Hot-Con_63.JPG,A1.07.Hot-Con_63.JPG,A1.07,A1,train
raw_data/A1.07/A1.07.Hot-Con_64.JPG,A1.07.Hot-Con_64.JPG,A1.07,A1,train
raw_data/A1.07/A1.07.Hot-Con_65.JPG,A1.07.Hot-Con_65.JPG,A1.07,A1,train
raw_data/A1.07/A1.07.Hot-Con_66.JPG,A1.07.Hot-Con_66.JPG,A1.07,A1,train
raw_data/A1.07/A1.07.Hot-Con_67.JPG,A1.07.Hot-Con_67.JPG,A1.07,A1,train
raw_data/A1.07/A1.07.Hot-Con_68.JPG,A1.07.Hot-Con_68.JPG,A1.07,A1,train
raw_data/A1.07/A1.07.Hot-Con_69.JPG,A1.07.Hot-Con_69.JPG,A1.07,A1,train
raw_data/A1.07/A1.07.Hot-Con_70.JPG,A1.07.Hot-Con_70.JPG,A1.07,A1,train
raw_data/A1.07/A1.07.Hot-Con_71.JPG,A1.07.Hot-Con_71.JPG,A1.07,A1,train
raw_data/A1.07/A1.07.Hot-Con_72.JPG,A1.07.Hot-Con_72.JPG,A1.07,A1,train
raw_data/A1.07/A1.07.Hot-Con_73.JPG,A1.07.Hot-Con_73.JPG,A1.07,A1,train
raw_data/A1.07/A1.07.Hot-Con_74.JPG,A1.07.Hot-Con_74.JPG,A1.07,A1,train
raw_data/A1.07/A1.07.Hot-Con_75.JPG,A1.07.Hot-Con_75.JPG,A1.07,A1,train
raw_data/A1.07/A1.07.Hot-Con_76.JPG,A1.07.Hot-Con_76.JPG,A1.07,A1,train
raw_data/A1.07/A1.07.Hot-Con_77.JPG,A1.07.Hot-Con_77.JPG,A1.07,A1,train
raw_data/A1.07/A1.07.Hot-Con_78.JPG,A1.07.Hot-Con_78.JPG,A1.07,A1,train
raw_data/A1.07/A1.07.Hot-Con_79.JPG,A1.07.Hot-Con_79.JPG,A1.07,A1,train
raw_data/A1.07/A1.07.Hot-Con_80.JPG,A1.07.Hot-Con_80.JPG,A1.07,A1,train
raw_data/A1.07/A1.07.Hot-Con_81.JPG,A1.07.Hot-Con_81.JPG,A1.07,A1,train
raw_data/A1.07/A1.07.Hot-Con_82.JPG,A1.07.Hot-Con_82.JPG,A1.07,A1,train
raw_data/A1.07/A1.07.Hot-Con_83.JPG,A1.07.Hot-Con_83.JPG,A1.07,A1,train
raw_data/A1.08/A1.08.MCH-Sch_01.JPG,A1.08.MCH-Sch_01.JPG,A1.08,A1,test
raw_data/A1.08/A1.08.MCH-Sch_02.JPG,A1.08.MCH-Sch_02.JPG,A1.08,A1,test
raw_data/A1.08/A1.08.MCH-Sch_03.JPG,A1.08.MCH-Sch_03.JPG,A1.08,A1,test
raw_data/A1.08/A1.08.MCH-Sch_04.JPG,A1.08.MCH-Sch_04.JPG,A1.08,A1,test
raw_data/A1.08/A1.08.MCH-Sch_05.JPG,A1.08.MCH-Sch_05.JPG,A1.08,A1,test
raw_data/A1.08/A1.08.MCH-Sch_06.JPG,A1.08.MCH-Sch_06.JPG,A1.08,A1,test
raw_data/A1.08/A1.08.MCH-Sch_07.JPG,A1.08.MCH-Sch_07.JPG,A1.08,A1,test
raw_data/A1.08/A1.08.MCH-Sch_08.JPG,A1.08.MCH-Sch_08.JPG,A1.08,A1,test
raw_data/A1.08/A1.08.MCH-Sch_09.JPG,A1.08.MCH-Sch_09.JPG,A1.08,A1,test
raw_data/A1.08/A1.08.MCH-Sch_10.JPG,A1.08.MCH-Sch_10.JPG,A1.08,A1,test
raw_data/A1.08/A1.08.MCH-Sch_11.JPG,A1.08.MCH-Sch_11.JPG,A1.08,A1,test
raw_data/A1.08/A1.08.MCH-Sch_12.JPG,A1.08.MCH-Sch_12.JPG,A1.08,A1,test
raw_data/A1.08/A1.08.MCH-Sch_13.JPG,A1.08.MCH-Sch_13.JPG,A1.08,A1,test
raw_data/A1.08/A1.08.MCH-Sch_14.JPG,A1.08.MCH-Sch_14.JPG,A1.08,A1,test
raw_data/A1.08/A1.08.MCH-Sch_15.JPG,A1.08.MCH-Sch_15.JPG,A1.08,A1,test
raw_data/A1.08/A1.08.MCH-Sch_16.JPG,A1.08.MCH-Sch_16.JPG,A1.08,A1,test
raw_data/A1.08/A1.08.MCH-Sch_17.JPG,A1.08.MCH-Sch_17.JPG,A1.08,A1,test
raw_data/A1.08/A1.08.MCH-Sch_18.JPG,A1.08.MCH-Sch_18.JPG,A1.08,A1,test
raw_data/A1.08/A1.08.MCH-Sch_19.JPG,A1.08.MCH-Sch_19.JPG,A1.08,A1,test
raw_data/A1.08/A1.08.MCH-Sch_20.JPG,A1.08.MCH-Sch_20.JPG,A1.08,A1,test
raw_data/A1.08/A1.08.MCH-Sch_21.JPG,A1.08.MCH-Sch_21.JPG,A1.08,A1,test
raw_data/A1.08/A1.08.MCH-Sch_22.JPG,A1.08.MCH-Sch_22.JPG,A1.08,A1,test
raw_data/A1.08/A1.08.MCH-Sch_23.JPG,A1.08.MCH-Sch_23.JPG,A1.08,A1,test
raw_data/A1.08/A1.08.MCH-Sch_24.JPG,A1.08.MCH-Sch_24.JPG,A1.08,A1,test
raw_data/A1.08/A1.08.MCH-Sch_25.JPG,A1.08.MCH-Sch_25.JPG,A1.08,A1,test
raw_data/A1.08/A1.08.MCH-Sch_26.JPG,A1.08.MCH-Sch_26.JPG,A1.08,A1,test
raw_data/A1.08/A1.08.MCH-Sch_27.JPG,A1.08.MCH-Sch_27.JPG,A1.08,A1,test
raw_data/A1.08/A1.08.MCH-Sch_28.JPG,A1.08.MCH-Sch_28.JPG,A1.08,A1,test
raw_data/A1.08/A1.08.MCH-Sch_29.JPG,A1.08.MCH-Sch_29.JPG,A1.08,A1,test
raw_data/A1.08/A1.08.MCH-Sch_30.JPG,A1.08.MCH-Sch_30.JPG,A1.08,A1,test
raw_data/A1.08/A1.08.MCH-Sch_31.JPG,A1.08.MCH-Sch_31.JPG,A1.08,A1,test
raw_data/A1.08/A1.08.MCH-Sch_32.JPG,A1.08.MCH-Sch_32.JPG,A1.08,A1,test
raw_data/A1.08/A1.08.MCH-Sch_33.JPG,A1.08.MCH-Sch_33.JPG,A1.08,A1,test
raw_data/A1.08/A1.08.MCH-Sch_34.JPG,A1.08.MCH-Sch_34.JPG,A1.08,A1,test
raw_data/A1.08/A1.08.MCH-Sch_35.JPG,A1.08.MCH-Sch_35.JPG,A1.08,A1,test
raw_data/A1.08/A1.08.MCH-Sch_36.JPG,A1.08.MCH-Sch_36.JPG,A1.08,A1,test
raw_data/A1.08/A1.08.MCH-Sch_37.JPG,A1.08.MCH-Sch_37.JPG,A1.08,A1,test
raw_data/A1.08/A1.08.MCH-Sch_38.JPG,A1.08.MCH-Sch_38.JPG,A1.08,A1,test
raw_data/A1.08/A1.08.MCH-Sch_39.JPG,A1.08.MCH-Sch_39.JPG,A1.08,A1,test
raw_data/A1.08/A1.08.MCH-Sch_40.JPG,A1.08.MCH-Sch_40.JPG,A1.08,A1,test
raw_data/A1.08/A1.08.MCH-Sch_41.JPG,A1.08.MCH-Sch_41.JPG,A1.08,A1,test
raw_data/A1.08/A1.08.MCH-Sch_42.JPG,A1.08.MCH-Sch_42.JPG,A1.08,A1,test
raw_data/A1.08/A1.08.MCH-Sch_43.JPG,A1.08.MCH-Sch_43.JPG,A1.08,A1,test
raw_data/A1.08/A1.08.MCH-Sch_44.JPG,A1.08.MCH-Sch_44.JPG,A1.08,A1,test
raw_data/A1.08/A1.08.MCH-Sch_45.JPG,A1.08.MCH-Sch_45.JPG,A1.08,A1,test
raw_data/A1.08/A1.08.MCH-Sch_46.JPG,A1.08.MCH-Sch_46.JPG,A1.08,A1,test
raw_data/A1.08/A1.08.MCH-Sch_47.JPG,A1.08.MCH-Sch_47.JPG,A1.08,A1,test
raw_data/A1.08/A1.08.MCH-Sch_48.JPG,A1.08.MCH-Sch_48.JPG,A1.08,A1,test
raw_data/A1.08/A1.08.MCH-Sch_49.JPG,A1.08.MCH-Sch_49.JPG,A1.08,A1,test
raw_data/A1.08/A1.08.MCH-Sch_50.JPG,A1.08.MCH-Sch_50.JPG,A1.08,A1,test
raw_data/A1.08/A1.08.MCH-Sch_51.JPG,A1.08.MCH-Sch_51.JPG,A1.08,A1,test
raw_data/A1.08/A1.08.MCH-Sch_52.JPG,A1.08.MCH-Sch_52.JPG,A1.08,A1,test
raw_data/A1.08/A1.08.MCH-Sch_53.JPG,A1.08.MCH-Sch_53.JPG,A1.08,A1,test
raw_data/A1.08/A1.08.MCH-Sch_54.JPG,A1.08.MCH-Sch_54.JPG,A1.08,A1,test
raw_data/A1.08/A1.08.MCH-Sch_55.JPG,A1.08.MCH-Sch_55.JPG,A1.08,A1,test
raw_data/A1.08/A1.08.MCH-Sch_56.JPG,A1.08.MCH-Sch_56.JPG,A1.08,A1,test
raw_data/A1.08/A1.08.MCH-Sch_57.JPG,A1.08.MCH-Sch_57.JPG,A1.08,A1,test
raw_data/A1.08/A1.08.MCH-Sch_58.JPG,A1.08.MCH-Sch_58.JPG,A1.08,A1,test
raw_data/A1.08/A1.08.MCH-Sch_59.JPG,A1.08.MCH-Sch_59.JPG,A1.08,A1,test
raw_data/A1.08/A1.08.MCH-Sch_60.JPG,A1.08.MCH-Sch_60.JPG,A1.08,A1,test
raw_data/A1.08/A1.08.MCH-Sch_61.JPG,A1.08.MCH-Sch_61.JPG,A1.08,A1,test
raw_data/A1.08/A1.08.MCH-Sch_62.JPG,A1.08.MCH-Sch_62.JPG,A1.08,A1,test
raw_data/A1.08/A1.08.MCH-Sch_63.JPG,A1.08.MCH-Sch_63.JPG,A1.08,A1,test
raw_data/A1.08/A1.08.MCH-Sch_64.JPG,A1.08.MCH-Sch_64.JPG,A1.08,A1,test
raw_data/A1.08/A1.08.MCH-Sch_65.JPG,A1.08.MCH-Sch_65.JPG,A1.08,A1,test
raw_data/A1.08/A1.08.MCH-Sch_66.JPG,A1.08.MCH-Sch_66.JPG,A1.08,A1,test
raw_data/A1.08/A1.08.MCH-Sch_67.JPG,A1.08.MCH-Sch_67.JPG,A1.08,A1,test
raw_data/A1.08/A1.08.MCH-Sch_68.JPG,A1.08.MCH-Sch_68.JPG,A1.08,A1,test
raw_data/A1.08/A1.08.MCH-Sch_69.JPG,A1.08.MCH-Sch_69.JPG,A1.08,A1,test
raw_data/A1.08/A1.08.MCH-Sch_70.JPG,A1.08.MCH-Sch_70.JPG,A1.08,A1,test
raw_data/A1.08/A1.08.MCH-Sch_71.JPG,A1.08.MCH-Sch_71.JPG,A1.08,A1,test
raw_data/A1.08/A1.08.MCH-Sch_72.JPG,A1.08.MCH-Sch_72.JPG,A1.08,A1,test
raw_data/A1.08/A1.08.MCH-Sch_73.JPG,A1.08.MCH-Sch_73.JPG,A1.08,A1,test
raw_data/A1.08/A1.08.MCH-Sch_74.JPG,A1.08.MCH-Sch_74.JPG,A1.08,A1,test
raw_data/A1.08/A1.08.MCH-Sch_75.JPG,A1.08.MCH-Sch_75.JPG,A1.08,A1,test
raw_data/A1.08/A1.08.MCH-Sch_76.JPG,A1.08.MCH-Sch_76.JPG,A1.08,A1,test
raw_data/A1.08/A1.08.MCH-Sch_77.JPG,A1.08.MCH-Sch_77.JPG,A1.08,A1,test
raw_data/A1.08/A1.08.MCH-Sch_78.JPG,A1.08.MCH-Sch_78.JPG,A1.08,A1,test
raw_data/A1.08/A1.08.MCH-Sch_79.JPG,A1.08.MCH-Sch_79.JPG,A1.08,A1,test
raw_data/A1.08/A1.08.MCH-Sch_80.JPG,A1.08.MCH-Sch_80.JPG,A1.08,A1,test
raw_data/A1.08/A1.08.MCH-Sch_81.JPG,A1.08.MCH-Sch_81.JPG,A1.08,A1,test
raw_data/A1.08/A1.08.MCH-Sch_82.JPG,A1.08.MCH-Sch_82.JPG,A1.08,A1,test
raw_data/A1.08/A1.08.MCH-Sch_83.JPG,A1.08.MCH-Sch_83.JPG,A1.08,A1,test
raw_data/A1.08/A1.08.MCH-Sch_84.JPG,A1.08.MCH-Sch_84.JPG,A1.08,A1,test
raw_data/A1.08/A1.08.MCH-Sch_85.JPG,A1.08.MCH-Sch_85.JPG,A1.08,A1,test
raw_data/A1.08/A1.08.MCH-Sch_86.JPG,A1.08.MCH-Sch_86.JPG,A1.08,A1,test
raw_data/A1.08/A1.08.MCH-Sch_87.JPG,A1.08.MCH-Sch_87.JPG,A1.08,A1,test
raw_data/A1.08/A1.08.MCH-Sch_88.JPG,A1.08.MCH-Sch_88.JPG,A1.08,A1,test
raw_data/A1.09/A1.09.Eye-Hos_01.JPG,A1.09.Eye-Hos_01.JPG,A1.09,A1,train
raw_data/A1.09/A1.09.Eye-Hos_02.JPG,A1.09.Eye-Hos_02.JPG,A1.09,A1,train
raw_data/A1.09/A1.09.Eye-Hos_03.JPG,A1.09.Eye-Hos_03.JPG,A1.09,A1,train
raw_data/A1.09/A1.09.Eye-Hos_04.JPG,A1.09.Eye-Hos_04.JPG,A1.09,A1,train
raw_data/A1.09/A1.09.Eye-Hos_05.JPG,A1.09.Eye-Hos_05.JPG,A1.09,A1,train
raw_data/A1.09/A1.09.Eye-Hos_06.JPG,A1.09.Eye-Hos_06.JPG,A1.09,A1,train
raw_data/A1.09/A1.09.Eye-Hos_07.JPG,A1.09.Eye-Hos_07.JPG,A1.09,A1,train
raw_data/A1.09/A1.09.Eye-Hos_08.JPG,A1.09.Eye-Hos_08.JPG,A1.09,A1,train
raw_data/A1.09/A1.09.Eye-Hos_09.JPG,A1.09.Eye-Hos_09.JPG,A1.09,A1,train
raw_data/A1.09/A1.09.Eye-Hos_10.JPG,A1.09.Eye-Hos_10.JPG,A1.09,A1,train
raw_data/A1.09/A1.09.Eye-Hos_100.JPG,A1.09.Eye-Hos_100.JPG,A1.09,A1,train
raw_data/A1.09/A1.09.Eye-Hos_101.JPG,A1.09.Eye-Hos_101.JPG,A1.09,A1,train
raw_data/A1.09/A1.09.Eye-Hos_102.JPG,A1.09.Eye-Hos_102.JPG,A1.09,A1,train
raw_data/A1.09/A1.09.Eye-Hos_103.JPG,A1.09.Eye-Hos_103.JPG,A1.09,A1,train
raw_data/A1.09/A1.09.Eye-Hos_104.JPG,A1.09.Eye-Hos_104.JPG,A1.09,A1,train
raw_data/A1.09/A1.09.Eye-Hos_105.JPG,A1.09.Eye-Hos_105.JPG,A1.09,A1,train
raw_data/A1.09/A1.09.Eye-Hos_106.JPG,A1.09.Eye-Hos_106.JPG,A1.09,A1,train
raw_data/A1.09/A1.09.Eye-Hos_107.JPG,A1.09.Eye-Hos_107.JPG,A1.09,A1,train
raw_data/A1.09/A1.09.Eye-Hos_108.JPG,A1.09.Eye-Hos_108.JPG,A1.09,A1,train
raw_data/A1.09/A1.09.Eye-Hos_109.JPG,A1.09.Eye-Hos_109.JPG,A1.09,A1,train
raw_data/A1.09/A1.09.Eye-Hos_11.JPG,A1.09.Eye-Hos_11.JPG,A1.09,A1,train
raw_data/A1.09/A1.09.Eye-Hos_110.JPG,A1.09.Eye-Hos_110.JPG,A1.09,A1,train
raw_data/A1.09/A1.09.Eye-Hos_111.JPG,A1.09.Eye-Hos_111.JPG,A1.09,A1,train
raw_data/A1.09/A1.09.Eye-Hos_112.JPG,A1.09.Eye-Hos_112.JPG,A1.09,A1,train
raw_data/A1.09/A1.09.Eye-Hos_113.JPG,A1.09.Eye-Hos_113.JPG,A1.09,A1,train
raw_data/A1.09/A1.09.Eye-Hos_114.JPG,A1.09.Eye-Hos_114.JPG,A1.09,A1,train
raw_data/A1.09/A1.09.Eye-Hos_115.JPG,A1.09.Eye-Hos_115.JPG,A1.09,A1,train
raw_data/A1.09/A1.09.Eye-Hos_116.JPG,A1.09.Eye-Hos_116.JPG,A1.09,A1,train
raw_data/A1.09/A1.09.Eye-Hos_117.JPG,A1.09.Eye-Hos_117.JPG,A1.09,A1,train
raw_data/A1.09/A1.09.Eye-Hos_118.JPG,A1.09.Eye-Hos_118.JPG,A1.09,A1,train
raw_data/A1.09/A1.09.Eye-Hos_119.JPG,A1.09.Eye-Hos_119.JPG,A1.09,A1,train
raw_data/A1.09/A1.09.Eye-Hos_12.JPG,A1.09.Eye-Hos_12.JPG,A1.09,A1,train
raw_data/A1.09/A1.09.Eye-Hos_120.JPG,A1.09.Eye-Hos_120.JPG,A1.09,A1,train
raw_data/A1.09/A1.09.Eye-Hos_121.JPG,A1.09.Eye-Hos_121.JPG,A1.09,A1,train
raw_data/A1.09/A1.09.Eye-Hos_13.JPG,A1.09.Eye-Hos_13.JPG,A1.09,A1,train
raw_data/A1.09/A1.09.Eye-Hos_14.JPG,A1.09.Eye-Hos_14.JPG,A1.09,A1,train
raw_data/A1.09/A1.09.Eye-Hos_15.JPG,A1.09.Eye-Hos_15.JPG,A1.09,A1,train
raw_data/A1.09/A1.09.Eye-Hos_16.JPG,A1.09.Eye-Hos_16.JPG,A1.09,A1,train
raw_data/A1.09/A1.09.Eye-Hos_17.JPG,A1.09.Eye-Hos_17.JPG,A1.09,A1,train
raw_data/A1.09/A1.09.Eye-Hos_18.JPG,A1.09.Eye-Hos_18.JPG,A1.09,A1,train
raw_data/A1.09/A1.09.Eye-Hos_19.JPG,A1.09.Eye-Hos_19.JPG,A1.09,A1,train
raw_data/A1.09/A1.09.Eye-Hos_20.JPG,A1.09.Eye-Hos_20.JPG,A1.09,A1,train
raw_data/A1.09/A1.09.Eye-Hos_21.JPG,A1.09.Eye-Hos_21.JPG,A1.09,A1,train
raw_data/A1.09/A1.09.Eye-Hos_22.JPG,A1.09.Eye-Hos_22.JPG,A1.09,A1,train
raw_data/A1.09/A1.09.Eye-Hos_23.JPG,A1.09.Eye-Hos_23.JPG,A1.09,A1,train
raw_data/A1.09/A1.09.Eye-Hos_24.JPG,A1.09.Eye-Hos_24.JPG,A1.09,A1,train
raw_data/A1.09/A1.09.Eye-Hos_25.JPG,A1.09.Eye-Hos_25.JPG,A1.09,A1,train
raw_data/A1.09/A1.09.Eye-Hos_26.JPG,A1.09.Eye-Hos_26.JPG,A1.09,A1,train
raw_data/A1.09/A1.09.Eye-Hos_27.JPG,A1.09.Eye-Hos_27.JPG,A1.09,A1,train
raw_data/A1.09/A1.09.Eye-Hos_28.JPG,A1.09.Eye-Hos_28.JPG,A1.09,A1,train
raw_data/A1.09/A1.09.Eye-Hos_29.JPG,A1.09.Eye-Hos_29.JPG,A1.09,A1,train
raw_data/A1.09/A1.09.Eye-Hos_30.JPG,A1.09.Eye-Hos_30.JPG,A1.09,A1,train
raw_data/A1.09/A1.09.Eye-Hos_31.JPG,A1.09.Eye-Hos_31.JPG,A1.09,A1,train
raw_data/A1.09/A1.09.Eye-Hos_32.JPG,A1.09.Eye-Hos_32.JPG,A1.09,A1,train
raw_data/A1.09/A1.09.Eye-Hos_33.JPG,A1.09.Eye-Hos_33.JPG,A1.09,A1,train
raw_data/A1.09/A1.09.Eye-Hos_34.JPG,A1.09.Eye-Hos_34.JPG,A1.09,A1,train
raw_data/A1.09/A1.09.Eye-Hos_35.JPG,A1.09.Eye-Hos_35.JPG,A1.09,A1,train
raw_data/A1.09/A1.09.Eye-Hos_36.JPG,A1.09.Eye-Hos_36.JPG,A1.09,A1,train
raw_data/A1.09/A1.09.Eye-Hos_37.JPG,A1.09.Eye-Hos_37.JPG,A1.09,A1,train
raw_data/A1.09/A1.09.Eye-Hos_38.JPG,A1.09.Eye-Hos_38.JPG,A1.09,A1,train
raw_data/A1.09/A1.09.Eye-Hos_39.JPG,A1.09.Eye-Hos_39.JPG,A1.09,A1,train
raw_data/A1.09/A1.09.Eye-Hos_40.JPG,A1.09.Eye-Hos_40.JPG,A1.09,A1,train
raw_data/A1.09/A1.09.Eye-Hos_41.JPG,A1.09.Eye-Hos_41.JPG,A1.09,A1,train
raw_data/A1.09/A1.09.Eye-Hos_42.JPG,A1.09.Eye-Hos_42.JPG,A1.09,A1,train
raw_data/A1.09/A1.09.Eye-Hos_43.JPG,A1.09.Eye-Hos_43.JPG,A1.09,A1,train
raw_data/A1.09/A1.09.Eye-Hos_44.JPG,A1.09.Eye-Hos_44.JPG,A1.09,A1,train
raw_data/A1.09/A1.09.Eye-Hos_45.JPG,A1.09.Eye-Hos_45.JPG,A1.09,A1,train
raw_data/A1.09/A1.09.Eye-Hos_46.JPG,A1.09.Eye-Hos_46.JPG,A1.09,A1,train
raw_data/A1.09/A1.09.Eye-Hos_47.JPG,A1.09.Eye-Hos_47.JPG,A1.09,A1,train
raw_data/A1.09/A1.09.Eye-Hos_48.JPG,A1.09.Eye-Hos_48.JPG,A1.09,A1,train
raw_data/A1.09/A1.09.Eye-Hos_49.JPG,A1.09.Eye-Hos_49.JPG,A1.09,A1,train
raw_data/A1.09/A1.09.Eye-Hos_50.JPG,A1.09.Eye-Hos_50.JPG,A1.09,A1,train
raw_data/A1.09/A1.09.Eye-Hos_51.JPG,A1.09.Eye-Hos_51.JPG,A1.09,A1,train
raw_data/A1.09/A1.09.Eye-Hos_52.JPG,A1.09.Eye-Hos_52.JPG,A1.09,A1,train
raw_data/A1.09/A1.09.Eye-Hos_53.JPG,A1.09.Eye-Hos_53.JPG,A1.09,A1,train
raw_data/A1.09/A1.09.Eye-Hos_54.JPG,A1.09.Eye-Hos_54.JPG,A1.09,A1,train
raw_data/A1.09/A1.09.Eye-Hos_55.JPG,A1.09.Eye-Hos_55.JPG,A1.09,A1,train
raw_data/A1.09/A1.09.Eye-Hos_56.JPG,A1.09.Eye-Hos_56.JPG,A1.09,A1,train
raw_data/A1.09/A1.09.Eye-Hos_57.JPG,A1.09.Eye-Hos_57.JPG,A1.09,A1,train
raw_data/A1.09/A1.09.Eye-Hos_58.JPG,A1.09.Eye-Hos_58.JPG,A1.09,A1,train
raw_data/A1.09/A1.09.Eye-Hos_59.JPG,A1.09.Eye-Hos_59.JPG,A1.09,A1,train
raw_data/A1.09/A1.09.Eye-Hos_60.JPG,A1.09.Eye-Hos_60.JPG,A1.09,A1,train
raw_data/A1.09/A1.09.Eye-Hos_61.JPG,A1.09.Eye-Hos_61.JPG,A1.09,A1,train
raw_data/A1.09/A1.09.Eye-Hos_62.JPG,A1.09.Eye-Hos_62.JPG,A1.09,A1,train
raw_data/A1.09/A1.09.Eye-Hos_63.JPG,A1.09.Eye-Hos_63.JPG,A1.09,A1,train
raw_data/A1.09/A1.09.Eye-Hos_64.JPG,A1.09.Eye-Hos_64.JPG,A1.09,A1,train
raw_data/A1.09/A1.09.Eye-Hos_65.JPG,A1.09.Eye-Hos_65.JPG,A1.09,A1,train
raw_data/A1.09/A1.09.Eye-Hos_66.JPG,A1.09.Eye-Hos_66.JPG,A1.09,A1,train
raw_data/A1.09/A1.09.Eye-Hos_67.JPG,A1.09.Eye-Hos_67.JPG,A1.09,A1,train
raw_data/A1.09/A1.09.Eye-Hos_68.JPG,A1.09.Eye-Hos_68.JPG,A1.09,A1,train
raw_data/A1.09/A1.09.Eye-Hos_69.JPG,A1.09.Eye-Hos_69.JPG,A1.09,A1,train
raw_data/A1.09/A1.09.Eye-Hos_70.JPG,A1.09.Eye-Hos_70.JPG,A1.09,A1,train
raw_data/A1.09/A1.09.Eye-Hos_71.JPG,A1.09.Eye-Hos_71.JPG,A1.09,A1,train
raw_data/A1.09/A1.09.Eye-Hos_72.JPG,A1.09.Eye-Hos_72.JPG,A1.09,A1,train
raw_data/A1.09/A1.09.Eye-Hos_73.JPG,A1.09.Eye-Hos_73.JPG,A1.09,A1,train
raw_data/A1.09/A1.09.Eye-Hos_74.JPG,A1.09.Eye-Hos_74.JPG,A1.09,A1,train
raw_data/A1.09/A1.09.Eye-Hos_75.JPG,A1.09.Eye-Hos_75.JPG,A1.09,A1,train
raw_data/A1.09/A1.09.Eye-Hos_76.JPG,A1.09.Eye-Hos_76.JPG,A1.09,A1,train
raw_data/A1.09/A1.09.Eye-Hos_77.JPG,A1.09.Eye-Hos_77.JPG,A1.09,A1,train
raw_data/A1.09/A1.09.Eye-Hos_78.JPG,A1.09.Eye-Hos_78.JPG,A1.09,A1,train
raw_data/A1.09/A1.09.Eye-Hos_79.JPG,A1.09.Eye-Hos_79.JPG,A1.09,A1,train
raw_data/A1.09/A1.09.Eye-Hos_80.JPG,A1.09.Eye-Hos_80.JPG,A1.09,A1,train
raw_data/A1.09/A1.09.Eye-Hos_81.JPG,A1.09.Eye-Hos_81.JPG,A1.09,A1,train
raw_data/A1.09/A1.09.Eye-Hos_82.JPG,A1.09.Eye-Hos_82.JPG,A1.09,A1,train
raw_data/A1.09/A1.09.Eye-Hos_83.JPG,A1.09.Eye-Hos_83.JPG,A1.09,A1,train
raw_data/A1.09/A1.09.Eye-Hos_84.JPG,A1.09.Eye-Hos_84.JPG,A1.09,A1,train
raw_data/A1.09/A1.09.Eye-Hos_85.JPG,A1.09.Eye-Hos_85.JPG,A1.09,A1,train
raw_data/A1.09/A1.09.Eye-Hos_86.JPG,A1.09.Eye-Hos_86.JPG,A1.09,A1,train
raw_data/A1.09/A1.09.Eye-Hos_87.JPG,A1.09.Eye-Hos_87.JPG,A1.09,A1,train
raw_data/A1.09/A1.09.Eye-Hos_88.JPG,A1.09.Eye-Hos_88.JPG,A1.09,A1,train
raw_data/A1.09/A1.09.Eye-Hos_89.JPG,A1.09.Eye-Hos_89.JPG,A1.09,A1,train
raw_data/A1.09/A1.09.Eye-Hos_90.JPG,A1.09.Eye-Hos_90.JPG,A1.09,A1,train
raw_data/A1.09/A1.09.Eye-Hos_91.JPG,A1.09.Eye-Hos_91.JPG,A1.09,A1,train
raw_data/A1.09/A1.09.Eye-Hos_92.JPG,A1.09.Eye-Hos_92.JPG,A1.09,A1,train
raw_data/A1.09/A1.09.Eye-Hos_93.JPG,A1.09.Eye-Hos_93.JPG,A1.09,A1,train
raw_data/A1.09/A1.09.Eye-Hos_94.JPG,A1.09.Eye-Hos_94.JPG,A1.09,A1,train
raw_data/A1.09/A1.09.Eye-Hos_95.JPG,A1.09.Eye-Hos_95.JPG,A1.09,A1,train
raw_data/A1.09/A1.09.Eye-Hos_96.JPG,A1.09.Eye-Hos_96.JPG,A1.09,A1,train
raw_data/A1.09/A1.09.Eye-Hos_97.JPG,A1.09.Eye-Hos_97.JPG,A1.09,A1,train
raw_data/A1.09/A1.09.Eye-Hos_98.JPG,A1.09.Eye-Hos_98.JPG,A1.09,A1,train
raw_data/A1.09/A1.09.Eye-Hos_99.JPG,A1.09.Eye-Hos_99.JPG,A1.09,A1,train
raw_data/A1.10/A1.10.Fin-Art_01.jpg,A1.10.Fin-Art_01.jpg,A1.10,A1,train
raw_data/A1.10/A1.10.Fin-Art_02.jpg,A1.10.Fin-Art_02.jpg,A1.10,A1,train
raw_data/A1.10/A1.10.Fin-Art_03.jpg,A1.10.Fin-Art_03.jpg,A1.10,A1,train
raw_data/A1.10/A1.10.Fin-Art_04.jpg,A1.10.Fin-Art_04.jpg,A1.10,A1,train
raw_data/A1.10/A1.10.Fin-Art_05.jpg,A1.10.Fin-Art_05.jpg,A1.10,A1,train
raw_data/A1.10/A1.10.Fin-Art_06.jpg,A1.10.Fin-Art_06.jpg,A1.10,A1,train
raw_data/A1.10/A1.10.Fin-Art_07.jpg,A1.10.Fin-Art_07.jpg,A1.10,A1,train
raw_data/A1.10/A1.10.Fin-Art_08.jpg,A1.10.Fin-Art_08.jpg,A1.10,A1,train
raw_data/A1.10/A1.10.Fin-Art_09.jpg,A1.10.Fin-Art_09.jpg,A1.10,A1,train
raw_data/A1.10/A1.10.Fin-Art_10.jpg,A1.10.Fin-Art_10.jpg,A1.10,A1,train
raw_data/A1.10/A1.10.Fin-Art_11.jpg,A1.10.Fin-Art_11.jpg,A1.10,A1,train
raw_data/A1.10/A1.10.Fin-Art_12.jpg,A1.10.Fin-Art_12.jpg,A1.10,A1,train
raw_data/A1.10/A1.10.Fin-Art_13.jpg,A1.10.Fin-Art_13.jpg,A1.10,A1,train
raw_data/A1.10/A1.10.Fin-Art_14.jpg,A1.10.Fin-Art_14.jpg,A1.10,A1,train
raw_data/A1.10/A1.10.Fin-Art_15.jpg,A1.10.Fin-Art_15.jpg,A1.10,A1,train
raw_data/A1.10/A1.10.Fin-Art_16.jpg,A1.10.Fin-Art_16.jpg,A1.10,A1,train
raw_data/A1.10/A1.10.Fin-Art_17.jpg,A1.10.Fin-Art_17.jpg,A1.10,A1,train
raw_data/A1.10/A1.10.Fin-Art_18.jpg,A1.10.Fin-Art_18.jpg,A1.10,A1,train
raw_data/A1.10/A1.10.Fin-Art_19.jpg,A1.10.Fin-Art_19.jpg,A1.10,A1,train
raw_data/A1.10/A1.10.Fin-Art_20.jpg,A1.10.Fin-Art_20.jpg,A1.10,A1,train
raw_data/A1.10/A1.10.Fin-Art_21.jpg,A1.10.Fin-Art_21.jpg,A1.10,A1,train
raw_data/A1.10/A1.10.Fin-Art_22.jpg,A1.10.Fin-Art_22.jpg,A1.10,A1,train
raw_data/A1.10/A1.10.Fin-Art_23.jpg,A1.10.Fin-Art_23.jpg,A1.10,A1,train
raw_data/A1.10/A1.10.Fin-Art_24.jpg,A1.10.Fin-Art_24.jpg,A1.10,A1,train
raw_data/A1.10/A1.10.Fin-Art_25.jpg,A1.10.Fin-Art_25.jpg,A1.10,A1,train
raw_data/A1.10/A1.10.Fin-Art_26.jpg,A1.10.Fin-Art_26.jpg,A1.10,A1,train
raw_data/A1.10/A1.10.Fin-Art_27.jpg,A1.10.Fin-Art_27.jpg,A1.10,A1,train
raw_data/A1.10/A1.10.Fin-Art_28.jpg,A1.10.Fin-Art_28.jpg,A1.10,A1,train
raw_data/A1.10/A1.10.Fin-Art_29.jpg,A1.10.Fin-Art_29.jpg,A1.10,A1,train
raw_data/A1.10/A1.10.Fin-Art_30.jpg,A1.10.Fin-Art_30.jpg,A1.10,A1,train
raw_data/A1.10/A1.10.Fin-Art_31.jpg,A1.10.Fin-Art_31.jpg,A1.10,A1,train
raw_data/A1.10/A1.10.Fin-Art_32.jpg,A1.10.Fin-Art_32.jpg,A1.10,A1,train
raw_data/A1.10/A1.10.Fin-Art_33.jpg,A1.10.Fin-Art_33.jpg,A1.10,A1,train
raw_data/A1.10/A1.10.Fin-Art_34.jpg,A1.10.Fin-Art_34.jpg,A1.10,A1,train
raw_data/A1.10/A1.10.Fin-Art_35.jpg,A1.10.Fin-Art_35.jpg,A1.10,A1,train
raw_data/A1.10/A1.10.Fin-Art_36.jpg,A1.10.Fin-Art_36.jpg,A1.10,A1,train
raw_data/A1.10/A1.10.Fin-Art_37.jpg,A1.10.Fin-Art_37.jpg,A1.10,A1,train
raw_data/A1.10/A1.10.Fin-Art_38.jpg,A1.10.Fin-Art_38.jpg,A1.10,A1,train
raw_data/A1.10/A1.10.Fin-Art_39.jpg,A1.10.Fin-Art_39.jpg,A1.10,A1,train
raw_data/A1.10/A1.10.Fin-Art_40.jpg,A1.10.Fin-Art_40.jpg,A1.10,A1,train
raw_data/A1.10/A1.10.Fin-Art_41.jpg,A1.10.Fin-Art_41.jpg,A1.10,A1,train
raw_data/A1.10/A1.10.Fin-Art_42.jpg,A1.10.Fin-Art_42.jpg,A1.10,A1,train
raw_data/A1.10/A1.10.Fin-Art_43.jpg,A1.10.Fin-Art_43.jpg,A1.10,A1,train
raw_data/A1.10/A1.10.Fin-Art_44.jpg,A1.10.Fin-Art_44.jpg,A1.10,A1,train
raw_data/A1.10/A1.10.Fin-Art_45.jpg,A1.10.Fin-Art_45.jpg,A1.10,A1,train
raw_data/A1.10/A1.10.Fin-Art_46.jpg,A1.10.Fin-Art_46.jpg,A1.10,A1,train
raw_data/A1.10/A1.10.Fin-Art_47.jpg,A1.10.Fin-Art_47.jpg,A1.10,A1,train
raw_data/A1.10/A1.10.Fin-Art_48.jpg,A1.10.Fin-Art_48.jpg,A1.10,A1,train
raw_data/A1.10/A1.10.Fin-Art_49.jpg,A1.10.Fin-Art_49.jpg,A1.10,A1,train
raw_data/A1.10/A1.10.Fin-Art_50.jpg,A1.10.Fin-Art_50.jpg,A1.10,A1,train
raw_data/A1.10/A1.10.Fin-Art_51.jpg,A1.10.Fin-Art_51.jpg,A1.10,A1,train
raw_data/A1.10/A1.10.Fin-Art_52.jpg,A1.10.Fin-Art_52.jpg,A1.10,A1,train
raw_data/A1.10/A1.10.Fin-Art_53.jpg,A1.10.Fin-Art_53.jpg,A1.10,A1,train
raw_data/A1.10/A1.10.Fin-Art_54.jpg,A1.10.Fin-Art_54.jpg,A1.10,A1,train
raw_data/A1.10/A1.10.Fin-Art_55.jpg,A1.10.Fin-Art_55.jpg,A1.10,A1,train
raw_data/A1.10/A1.10.Fin-Art_56.jpg,A1.10.Fin-Art_56.jpg,A1.10,A1,train
raw_data/A1.10/A1.10.Fin-Art_57.jpg,A1.10.Fin-Art_57.jpg,A1.10,A1,train
raw_data/A1.10/A1.10.Fin-Art_58.jpg,A1.10.Fin-Art_58.jpg,A1.10,A1,train
raw_data/A1.10/A1.10.Fin-Art_59.jpg,A1.10.Fin-Art_59.jpg,A1.10,A1,train
raw_data/A1.10/A1.10.Fin-Art_60.jpg,A1.10.Fin-Art_60.jpg,A1.10,A1,train
raw_data/A1.10/A1.10.Fin-Art_61.jpg,A1.10.Fin-Art_61.jpg,A1.10,A1,train
raw_data/A1.10/A1.10.Fin-Art_62.jpg,A1.10.Fin-Art_62.jpg,A1.10,A1,train
raw_data/A1.10/A1.10.Fin-Art_63.jpg,A1.10.Fin-Art_63.jpg,A1.10,A1,train
raw_data/A1.10/A1.10.Fin-Art_64.jpg,A1.10.Fin-Art_64.jpg,A1.10,A1,train
raw_data/A1.10/A1.10.Fin-Art_65.jpg,A1.10.Fin-Art_65.jpg,A1.10,A1,train
raw_data/A1.10/A1.10.Fin-Art_66.jpg,A1.10.Fin-Art_66.jpg,A1.10,A1,train
raw_data/A1.10/A1.10.Fin-Art_67.jpg,A1.10.Fin-Art_67.jpg,A1.10,A1,train
raw_data/A1.10/A1.10.Fin-Art_68.jpg,A1.10.Fin-Art_68.jpg,A1.10,A1,train
raw_data/A1.10/A1.10.Fin-Art_69.jpg,A1.10.Fin-Art_69.jpg,A1.10,A1,train
raw_data/A1.10/A1.10.Fin-Art_70.jpg,A1.10.Fin-Art_70.jpg,A1.10,A1,train
raw_data/A1.11/A1.11.LQD-Sch_01.JPG,A1.11.LQD-Sch_01.JPG,A1.11,A1,val
raw_data/A1.11/A1.11.LQD-Sch_02.JPG,A1.11.LQD-Sch_02.JPG,A1.11,A1,val
raw_data/A1.11/A1.11.LQD-Sch_03.JPG,A1.11.LQD-Sch_03.JPG,A1.11,A1,val
raw_data/A1.11/A1.11.LQD-Sch_04.JPG,A1.11.LQD-Sch_04.JPG,A1.11,A1,val
raw_data/A1.11/A1.11.LQD-Sch_05.JPG,A1.11.LQD-Sch_05.JPG,A1.11,A1,val
raw_data/A1.11/A1.11.LQD-Sch_06.JPG,A1.11.LQD-Sch_06.JPG,A1.11,A1,val
raw_data/A1.11/A1.11.LQD-Sch_07.JPG,A1.11.LQD-Sch_07.JPG,A1.11,A1,val
raw_data/A1.11/A1.11.LQD-Sch_08.JPG,A1.11.LQD-Sch_08.JPG,A1.11,A1,val
raw_data/A1.11/A1.11.LQD-Sch_09.JPG,A1.11.LQD-Sch_09.JPG,A1.11,A1,val
raw_data/A1.11/A1.11.LQD-Sch_10.JPG,A1.11.LQD-Sch_10.JPG,A1.11,A1,val
raw_data/A1.11/A1.11.LQD-Sch_11.JPG,A1.11.LQD-Sch_11.JPG,A1.11,A1,val
raw_data/A1.11/A1.11.LQD-Sch_12.JPG,A1.11.LQD-Sch_12.JPG,A1.11,A1,val
raw_data/A1.11/A1.11.LQD-Sch_13.JPG,A1.11.LQD-Sch_13.JPG,A1.11,A1,val
raw_data/A1.11/A1.11.LQD-Sch_14.JPG,A1.11.LQD-Sch_14.JPG,A1.11,A1,val
raw_data/A1.11/A1.11.LQD-Sch_15.JPG,A1.11.LQD-Sch_15.JPG,A1.11,A1,val
raw_data/A1.11/A1.11.LQD-Sch_16.JPG,A1.11.LQD-Sch_16.JPG,A1.11,A1,val
raw_data/A1.11/A1.11.LQD-Sch_17.JPG,A1.11.LQD-Sch_17.JPG,A1.11,A1,val
raw_data/A1.11/A1.11.LQD-Sch_18.JPG,A1.11.LQD-Sch_18.JPG,A1.11,A1,val
raw_data/A1.11/A1.11.LQD-Sch_19.JPG,A1.11.LQD-Sch_19.JPG,A1.11,A1,val
raw_data/A1.11/A1.11.LQD-Sch_20.JPG,A1.11.LQD-Sch_20.JPG,A1.11,A1,val
raw_data/A1.11/A1.11.LQD-Sch_21.JPG,A1.11.LQD-Sch_21.JPG,A1.11,A1,val
raw_data/A1.11/A1.11.LQD-Sch_22.JPG,A1.11.LQD-Sch_22.JPG,A1.11,A1,val
raw_data/A1.11/A1.11.LQD-Sch_23.JPG,A1.11.LQD-Sch_23.JPG,A1.11,A1,val
raw_data/A1.11/A1.11.LQD-Sch_24.JPG,A1.11.LQD-Sch_24.JPG,A1.11,A1,val
raw_data/A1.11/A1.11.LQD-Sch_25.JPG,A1.11.LQD-Sch_25.JPG,A1.11,A1,val
raw_data/A1.11/A1.11.LQD-Sch_26.JPG,A1.11.LQD-Sch_26.JPG,A1.11,A1,val
raw_data/A1.11/A1.11.LQD-Sch_27.JPG,A1.11.LQD-Sch_27.JPG,A1.11,A1,val
raw_data/A1.11/A1.11.LQD-Sch_28.JPG,A1.11.LQD-Sch_28.JPG,A1.11,A1,val
raw_data/A1.11/A1.11.LQD-Sch_29.JPG,A1.11.LQD-Sch_29.JPG,A1.11,A1,val
raw_data/A1.11/A1.11.LQD-Sch_30.JPG,A1.11.LQD-Sch_30.JPG,A1.11,A1,val
raw_data/A1.11/A1.11.LQD-Sch_31.JPG,A1.11.LQD-Sch_31.JPG,A1.11,A1,val
raw_data/A1.11/A1.11.LQD-Sch_32.JPG,A1.11.LQD-Sch_32.JPG,A1.11,A1,val
raw_data/A1.11/A1.11.LQD-Sch_33.JPG,A1.11.LQD-Sch_33.JPG,A1.11,A1,val
raw_data/A1.11/A1.11.LQD-Sch_34.JPG,A1.11.LQD-Sch_34.JPG,A1.11,A1,val
raw_data/A1.11/A1.11.LQD-Sch_35.JPG,A1.11.LQD-Sch_35.JPG,A1.11,A1,val
raw_data/A1.11/A1.11.LQD-Sch_36.JPG,A1.11.LQD-Sch_36.JPG,A1.11,A1,val
raw_data/A1.11/A1.11.LQD-Sch_37.JPG,A1.11.LQD-Sch_37.JPG,A1.11,A1,val
raw_data/A1.11/A1.11.LQD-Sch_38.JPG,A1.11.LQD-Sch_38.JPG,A1.11,A1,val
raw_data/A1.11/A1.11.LQD-Sch_39.JPG,A1.11.LQD-Sch_39.JPG,A1.11,A1,val
raw_data/A1.11/A1.11.LQD-Sch_40.JPG,A1.11.LQD-Sch_40.JPG,A1.11,A1,val
raw_data/A1.11/A1.11.LQD-Sch_41.JPG,A1.11.LQD-Sch_41.JPG,A1.11,A1,val
raw_data/A1.11/A1.11.LQD-Sch_42.JPG,A1.11.LQD-Sch_42.JPG,A1.11,A1,val
raw_data/A1.11/A1.11.LQD-Sch_43.JPG,A1.11.LQD-Sch_43.JPG,A1.11,A1,val
raw_data/A1.11/A1.11.LQD-Sch_44.JPG,A1.11.LQD-Sch_44.JPG,A1.11,A1,val
raw_data/A1.11/A1.11.LQD-Sch_45.JPG,A1.11.LQD-Sch_45.JPG,A1.11,A1,val
raw_data/A1.11/A1.11.LQD-Sch_46.JPG,A1.11.LQD-Sch_46.JPG,A1.11,A1,val
raw_data/A1.11/A1.11.LQD-Sch_47.JPG,A1.11.LQD-Sch_47.JPG,A1.11,A1,val
raw_data/A1.11/A1.11.LQD-Sch_48.JPG,A1.11.LQD-Sch_48.JPG,A1.11,A1,val
raw_data/A1.11/A1.11.LQD-Sch_49.JPG,A1.11.LQD-Sch_49.JPG,A1.11,A1,val
raw_data/A1.11/A1.11.LQD-Sch_50.JPG,A1.11.LQD-Sch_50.JPG,A1.11,A1,val
raw_data/A1.11/A1.11.LQD-Sch_51.JPG,A1.11.LQD-Sch_51.JPG,A1.11,A1,val
raw_data/A1.11/A1.11.LQD-Sch_52.JPG,A1.11.LQD-Sch_52.JPG,A1.11,A1,val
raw_data/A1.11/A1.11.LQD-Sch_53.JPG,A1.11.LQD-Sch_53.JPG,A1.11,A1,val
raw_data/A1.11/A1.11.LQD-Sch_54.JPG,A1.11.LQD-Sch_54.JPG,A1.11,A1,val
raw_data/A1.11/A1.11.LQD-Sch_55.JPG,A1.11.LQD-Sch_55.JPG,A1.11,A1,val
raw_data/A1.11/A1.11.LQD-Sch_56.JPG,A1.11.LQD-Sch_56.JPG,A1.11,A1,val
raw_data/A1.11/A1.11.LQD-Sch_57.JPG,A1.11.LQD-Sch_57.JPG,A1.11,A1,val
raw_data/A1.12/A1.12.Chi-Hou_01.JPG,A1.12.Chi-Hou_01.JPG,A1.12,A1,train
raw_data/A1.12/A1.12.Chi-Hou_02.JPG,A1.12.Chi-Hou_02.JPG,A1.12,A1,train
raw_data/A1.12/A1.12.Chi-Hou_03.JPG,A1.12.Chi-Hou_03.JPG,A1.12,A1,train
raw_data/A1.12/A1.12.Chi-Hou_04.JPG,A1.12.Chi-Hou_04.JPG,A1.12,A1,train
raw_data/A1.12/A1.12.Chi-Hou_05.JPG,A1.12.Chi-Hou_05.JPG,A1.12,A1,train
raw_data/A1.12/A1.12.Chi-Hou_06.JPG,A1.12.Chi-Hou_06.JPG,A1.12,A1,train
raw_data/A1.12/A1.12.Chi-Hou_07.JPG,A1.12.Chi-Hou_07.JPG,A1.12,A1,train
raw_data/A1.12/A1.12.Chi-Hou_08.JPG,A1.12.Chi-Hou_08.JPG,A1.12,A1,train
raw_data/A1.12/A1.12.Chi-Hou_09.JPG,A1.12.Chi-Hou_09.JPG,A1.12,A1,train
raw_data/A1.12/A1.12.Chi-Hou_10.JPG,A1.12.Chi-Hou_10.JPG,A1.12,A1,train
raw_data/A1.12/A1.12.Chi-Hou_100.JPG,A1.12.Chi-Hou_100.JPG,A1.12,A1,train
raw_data/A1.12/A1.12.Chi-Hou_101.JPG,A1.12.Chi-Hou_101.JPG,A1.12,A1,train
raw_data/A1.12/A1.12.Chi-Hou_102.JPG,A1.12.Chi-Hou_102.JPG,A1.12,A1,train
raw_data/A1.12/A1.12.Chi-Hou_103.JPG,A1.12.Chi-Hou_103.JPG,A1.12,A1,train
raw_data/A1.12/A1.12.Chi-Hou_104.JPG,A1.12.Chi-Hou_104.JPG,A1.12,A1,train
raw_data/A1.12/A1.12.Chi-Hou_105.JPG,A1.12.Chi-Hou_105.JPG,A1.12,A1,train
raw_data/A1.12/A1.12.Chi-Hou_106.JPG,A1.12.Chi-Hou_106.JPG,A1.12,A1,train
raw_data/A1.12/A1.12.Chi-Hou_107.JPG,A1.12.Chi-Hou_107.JPG,A1.12,A1,train
raw_data/A1.12/A1.12.Chi-Hou_108.JPG,A1.12.Chi-Hou_108.JPG,A1.12,A1,train
raw_data/A1.12/A1.12.Chi-Hou_109.JPG,A1.12.Chi-Hou_109.JPG,A1.12,A1,train
raw_data/A1.12/A1.12.Chi-Hou_11.JPG,A1.12.Chi-Hou_11.JPG,A1.12,A1,train
raw_data/A1.12/A1.12.Chi-Hou_110.JPG,A1.12.Chi-Hou_110.JPG,A1.12,A1,train
raw_data/A1.12/A1.12.Chi-Hou_111.JPG,A1.12.Chi-Hou_111.JPG,A1.12,A1,train
raw_data/A1.12/A1.12.Chi-Hou_112.JPG,A1.12.Chi-Hou_112.JPG,A1.12,A1,train
raw_data/A1.12/A1.12.Chi-Hou_113.JPG,A1.12.Chi-Hou_113.JPG,A1.12,A1,train
raw_data/A1.12/A1.12.Chi-Hou_114.JPG,A1.12.Chi-Hou_114.JPG,A1.12,A1,train
raw_data/A1.12/A1.12.Chi-Hou_115.JPG,A1.12.Chi-Hou_115.JPG,A1.12,A1,train
raw_data/A1.12/A1.12.Chi-Hou_116.JPG,A1.12.Chi-Hou_116.JPG,A1.12,A1,train
raw_data/A1.12/A1.12.Chi-Hou_117.JPG,A1.12.Chi-Hou_117.JPG,A1.12,A1,train
raw_data/A1.12/A1.12.Chi-Hou_118.JPG,A1.12.Chi-Hou_118.JPG,A1.12,A1,train
raw_data/A1.12/A1.12.Chi-Hou_119.JPG,A1.12.Chi-Hou_119.JPG,A1.12,A1,train
raw_data/A1.12/A1.12.Chi-Hou_12.JPG,A1.12.Chi-Hou_12.JPG,A1.12,A1,train
raw_data/A1.12/A1.12.Chi-Hou_120.JPG,A1.12.Chi-Hou_120.JPG,A1.12,A1,train
raw_data/A1.12/A1.12.Chi-Hou_121.JPG,A1.12.Chi-Hou_121.JPG,A1.12,A1,train
raw_data/A1.12/A1.12.Chi-Hou_122.JPG,A1.12.Chi-Hou_122.JPG,A1.12,A1,train
raw_data/A1.12/A1.12.Chi-Hou_123.JPG,A1.12.Chi-Hou_123.JPG,A1.12,A1,train
raw_data/A1.12/A1.12.Chi-Hou_124.JPG,A1.12.Chi-Hou_124.JPG,A1.12,A1,train
raw_data/A1.12/A1.12.Chi-Hou_125.JPG,A1.12.Chi-Hou_125.JPG,A1.12,A1,train
raw_data/A1.12/A1.12.Chi-Hou_126.JPG,A1.12.Chi-Hou_126.JPG,A1.12,A1,train
raw_data/A1.12/A1.12.Chi-Hou_127.JPG,A1.12.Chi-Hou_127.JPG,A1.12,A1,train
raw_data/A1.12/A1.12.Chi-Hou_128.JPG,A1.12.Chi-Hou_128.JPG,A1.12,A1,train
raw_data/A1.12/A1.12.Chi-Hou_129.JPG,A1.12.Chi-Hou_129.JPG,A1.12,A1,train
raw_data/A1.12/A1.12.Chi-Hou_13.JPG,A1.12.Chi-Hou_13.JPG,A1.12,A1,train
raw_data/A1.12/A1.12.Chi-Hou_130.JPG,A1.12.Chi-Hou_130.JPG,A1.12,A1,train
raw_data/A1.12/A1.12.Chi-Hou_131.JPG,A1.12.Chi-Hou_131.JPG,A1.12,A1,train
raw_data/A1.12/A1.12.Chi-Hou_132.JPG,A1.12.Chi-Hou_132.JPG,A1.12,A1,train
raw_data/A1.12/A1.12.Chi-Hou_133.JPG,A1.12.Chi-Hou_133.JPG,A1.12,A1,train
raw_data/A1.12/A1.12.Chi-Hou_134.JPG,A1.12.Chi-Hou_134.JPG,A1.12,A1,train
raw_data/A1.12/A1.12.Chi-Hou_135.JPG,A1.12.Chi-Hou_135.JPG,A1.12,A1,train
raw_data/A1.12/A1.12.Chi-Hou_136.JPG,A1.12.Chi-Hou_136.JPG,A1.12,A1,train
raw_data/A1.12/A1.12.Chi-Hou_137.JPG,A1.12.Chi-Hou_137.JPG,A1.12,A1,train
raw_data/A1.12/A1.12.Chi-Hou_138.JPG,A1.12.Chi-Hou_138.JPG,A1.12,A1,train
raw_data/A1.12/A1.12.Chi-Hou_139.JPG,A1.12.Chi-Hou_139.JPG,A1.12,A1,train
raw_data/A1.12/A1.12.Chi-Hou_14.JPG,A1.12.Chi-Hou_14.JPG,A1.12,A1,train
raw_data/A1.12/A1.12.Chi-Hou_140.JPG,A1.12.Chi-Hou_140.JPG,A1.12,A1,train
raw_data/A1.12/A1.12.Chi-Hou_141.JPG,A1.12.Chi-Hou_141.JPG,A1.12,A1,train
raw_data/A1.12/A1.12.Chi-Hou_142.JPG,A1.12.Chi-Hou_142.JPG,A1.12,A1,train
raw_data/A1.12/A1.12.Chi-Hou_143.JPG,A1.12.Chi-Hou_143.JPG,A1.12,A1,train
raw_data/A1.12/A1.12.Chi-Hou_144.JPG,A1.12.Chi-Hou_144.JPG,A1.12,A1,train
raw_data/A1.12/A1.12.Chi-Hou_145.JPG,A1.12.Chi-Hou_145.JPG,A1.12,A1,train
raw_data/A1.12/A1.12.Chi-Hou_146.JPG,A1.12.Chi-Hou_146.JPG,A1.12,A1,train
raw_data/A1.12/A1.12.Chi-Hou_147.JPG,A1.12.Chi-Hou_147.JPG,A1.12,A1,train
raw_data/A1.12/A1.12.Chi-Hou_148.JPG,A1.12.Chi-Hou_148.JPG,A1.12,A1,train
raw_data/A1.12/A1.12.Chi-Hou_149.JPG,A1.12.Chi-Hou_149.JPG,A1.12,A1,train
raw_data/A1.12/A1.12.Chi-Hou_15.JPG,A1.12.Chi-Hou_15.JPG,A1.12,A1,train
raw_data/A1.12/A1.12.Chi-Hou_150.JPG,A1.12.Chi-Hou_150.JPG,A1.12,A1,train
raw_data/A1.12/A1.12.Chi-Hou_151.JPG,A1.12.Chi-Hou_151.JPG,A1.12,A1,train
raw_data/A1.12/A1.12.Chi-Hou_152.JPG,A1.12.Chi-Hou_152.JPG,A1.12,A1,train
raw_data/A1.12/A1.12.Chi-Hou_153.JPG,A1.12.Chi-Hou_153.JPG,A1.12,A1,train
raw_data/A1.12/A1.12.Chi-Hou_154.JPG,A1.12.Chi-Hou_154.JPG,A1.12,A1,train
raw_data/A1.12/A1.12.Chi-Hou_155.JPG,A1.12.Chi-Hou_155.JPG,A1.12,A1,train
raw_data/A1.12/A1.12.Chi-Hou_156.JPG,A1.12.Chi-Hou_156.JPG,A1.12,A1,train
raw_data/A1.12/A1.12.Chi-Hou_157.JPG,A1.12.Chi-Hou_157.JPG,A1.12,A1,train
raw_data/A1.12/A1.12.Chi-Hou_158.JPG,A1.12.Chi-Hou_158.JPG,A1.12,A1,train
raw_data/A1.12/A1.12.Chi-Hou_159.JPG,A1.12.Chi-Hou_159.JPG,A1.12,A1,train
raw_data/A1.12/A1.12.Chi-Hou_16.JPG,A1.12.Chi-Hou_16.JPG,A1.12,A1,train
raw_data/A1.12/A1.12.Chi-Hou_160.JPG,A1.12.Chi-Hou_160.JPG,A1.12,A1,train
raw_data/A1.12/A1.12.Chi-Hou_161.JPG,A1.12.Chi-Hou_161.JPG,A1.12,A1,train
raw_data/A1.12/A1.12.Chi-Hou_162.JPG,A1.12.Chi-Hou_162.JPG,A1.12,A1,train
raw_data/A1.12/A1.12.Chi-Hou_163.JPG,A1.12.Chi-Hou_163.JPG,A1.12,A1,train
raw_data/A1.12/A1.12.Chi-Hou_164.JPG,A1.12.Chi-Hou_164.JPG,A1.12,A1,train
raw_data/A1.12/A1.12.Chi-Hou_165.JPG,A1.12.Chi-Hou_165.JPG,A1.12,A1,train
raw_data/A1.12/A1.12.Chi-Hou_166.JPG,A1.12.Chi-Hou_166.JPG,A1.12,A1,train
raw_data/A1.12/A1.12.Chi-Hou_167.JPG,A1.12.Chi-Hou_167.JPG,A1.12,A1,train
raw_data/A1.12/A1.12.Chi-Hou_17.JPG,A1.12.Chi-Hou_17.JPG,A1.12,A1,train
raw_data/A1.12/A1.12.Chi-Hou_18.JPG,A1.12.Chi-Hou_18.JPG,A1.12,A1,train
raw_data/A1.12/A1.12.Chi-Hou_19.JPG,A1.12.Chi-Hou_19.JPG,A1.12,A1,train
raw_data/A1.12/A1.12.Chi-Hou_20.JPG,A1.12.Chi-Hou_20.JPG,A1.12,A1,train
raw_data/A1.12/A1.12.Chi-Hou_21.JPG,A1.12.Chi-Hou_21.JPG,A1.12,A1,train
raw_data/A1.12/A1.12.Chi-Hou_22.JPG,A1.12.Chi-Hou_22.JPG,A1.12,A1,train
raw_data/A1.12/A1.12.Chi-Hou_23.JPG,A1.12.Chi-Hou_23.JPG,A1.12,A1,train
raw_data/A1.12/A1.12.Chi-Hou_24.JPG,A1.12.Chi-Hou_24.JPG,A1.12,A1,train
raw_data/A1.12/A1.12.Chi-Hou_25.JPG,A1.12.Chi-Hou_25.JPG,A1.12,A1,train
raw_data/A1.12/A1.12.Chi-Hou_26.JPG,A1.12.Chi-Hou_26.JPG,A1.12,A1,train
raw_data/A1.12/A1.12.Chi-Hou_27.JPG,A1.12.Chi-Hou_27.JPG,A1.12,A1,train
raw_data/A1.12/A1.12.Chi-Hou_28.JPG,A1.12.Chi-Hou_28.JPG,A1.12,A1,train
raw_data/A1.12/A1.12.Chi-Hou_29.JPG,A1.12.Chi-Hou_29.JPG,A1.12,A1,train
raw_data/A1.12/A1.12.Chi-Hou_30.JPG,A1.12.Chi-Hou_30.JPG,A1.12,A1,train
raw_data/A1.12/A1.12.Chi-Hou_31.JPG,A1.12.Chi-Hou_31.JPG,A1.12,A1,train
raw_data/A1.12/A1.12.Chi-Hou_32.JPG,A1.12.Chi-Hou_32.JPG,A1.12,A1,train
raw_data/A1.12/A1.12.Chi-Hou_33.JPG,A1.12.Chi-Hou_33.JPG,A1.12,A1,train
raw_data/A1.12/A1.12.Chi-Hou_34.JPG,A1.12.Chi-Hou_34.JPG,A1.12,A1,train
raw_data/A1.12/A1.12.Chi-Hou_35.JPG,A1.12.Chi-Hou_35.JPG,A1.12,A1,train
raw_data/A1.12/A1.12.Chi-Hou_36.JPG,A1.12.Chi-Hou_36.JPG,A1.12,A1,train
raw_data/A1.12/A1.12.Chi-Hou_37.JPG,A1.12.Chi-Hou_37.JPG,A1.12,A1,train
raw_data/A1.12/A1.12.Chi-Hou_38.JPG,A1.12.Chi-Hou_38.JPG,A1.12,A1,train
raw_data/A1.12/A1.12.Chi-Hou_39.JPG,A1.12.Chi-Hou_39.JPG,A1.12,A1,train
raw_data/A1.12/A1.12.Chi-Hou_40.JPG,A1.12.Chi-Hou_40.JPG,A1.12,A1,train
raw_data/A1.12/A1.12.Chi-Hou_41.JPG,A1.12.Chi-Hou_41.JPG,A1.12,A1,train
raw_data/A1.12/A1.12.Chi-Hou_42.JPG,A1.12.Chi-Hou_42.JPG,A1.12,A1,train
raw_data/A1.12/A1.12.Chi-Hou_43.JPG,A1.12.Chi-Hou_43.JPG,A1.12,A1,train
raw_data/A1.12/A1.12.Chi-Hou_44.JPG,A1.12.Chi-Hou_44.JPG,A1.12,A1,train
raw_data/A1.12/A1.12.Chi-Hou_45.JPG,A1.12.Chi-Hou_45.JPG,A1.12,A1,train
raw_data/A1.12/A1.12.Chi-Hou_46.JPG,A1.12.Chi-Hou_46.JPG,A1.12,A1,train
raw_data/A1.12/A1.12.Chi-Hou_47.JPG,A1.12.Chi-Hou_47.JPG,A1.12,A1,train
raw_data/A1.12/A1.12.Chi-Hou_48.JPG,A1.12.Chi-Hou_48.JPG,A1.12,A1,train
raw_data/A1.12/A1.12.Chi-Hou_49.JPG,A1.12.Chi-Hou_49.JPG,A1.12,A1,train
raw_data/A1.12/A1.12.Chi-Hou_50.JPG,A1.12.Chi-Hou_50.JPG,A1.12,A1,train
raw_data/A1.12/A1.12.Chi-Hou_51.JPG,A1.12.Chi-Hou_51.JPG,A1.12,A1,train
raw_data/A1.12/A1.12.Chi-Hou_52.JPG,A1.12.Chi-Hou_52.JPG,A1.12,A1,train
raw_data/A1.12/A1.12.Chi-Hou_53.JPG,A1.12.Chi-Hou_53.JPG,A1.12,A1,train
raw_data/A1.12/A1.12.Chi-Hou_54.JPG,A1.12.Chi-Hou_54.JPG,A1.12,A1,train
raw_data/A1.12/A1.12.Chi-Hou_55.JPG,A1.12.Chi-Hou_55.JPG,A1.12,A1,train
raw_data/A1.12/A1.12.Chi-Hou_56.JPG,A1.12.Chi-Hou_56.JPG,A1.12,A1,train
raw_data/A1.12/A1.12.Chi-Hou_57.JPG,A1.12.Chi-Hou_57.JPG,A1.12,A1,train
raw_data/A1.12/A1.12.Chi-Hou_58.JPG,A1.12.Chi-Hou_58.JPG,A1.12,A1,train
raw_data/A1.12/A1.12.Chi-Hou_59.JPG,A1.12.Chi-Hou_59.JPG,A1.12,A1,train
raw_data/A1.12/A1.12.Chi-Hou_60.JPG,A1.12.Chi-Hou_60.JPG,A1.12,A1,train
raw_data/A1.12/A1.12.Chi-Hou_61.JPG,A1.12.Chi-Hou_61.JPG,A1.12,A1,train
raw_data/A1.12/A1.12.Chi-Hou_62.JPG,A1.12.Chi-Hou_62.JPG,A1.12,A1,train
raw_data/A1.12/A1.12.Chi-Hou_63.JPG,A1.12.Chi-Hou_63.JPG,A1.12,A1,train
raw_data/A1.12/A1.12.Chi-Hou_64.JPG,A1.12.Chi-Hou_64.JPG,A1.12,A1,train
raw_data/A1.12/A1.12.Chi-Hou_65.JPG,A1.12.Chi-Hou_65.JPG,A1.12,A1,train
raw_data/A1.12/A1.12.Chi-Hou_66.JPG,A1.12.Chi-Hou_66.JPG,A1.12,A1,train
raw_data/A1.12/A1.12.Chi-Hou_67.JPG,A1.12.Chi-Hou_67.JPG,A1.12,A1,train
raw_data/A1.12/A1.12.Chi-Hou_68.JPG,A1.12.Chi-Hou_68.JPG,A1.12,A1,train
raw_data/A1.12/A1.12.Chi-Hou_69.JPG,A1.12.Chi-Hou_69.JPG,A1.12,A1,train
raw_data/A1.12/A1.12.Chi-Hou_70.JPG,A1.12.Chi-Hou_70.JPG,A1.12,A1,train
raw_data/A1.12/A1.12.Chi-Hou_71.JPG,A1.12.Chi-Hou_71.JPG,A1.12,A1,train
raw_data/A1.12/A1.12.Chi-Hou_72.JPG,A1.12.Chi-Hou_72.JPG,A1.12,A1,train
raw_data/A1.12/A1.12.Chi-Hou_73.JPG,A1.12.Chi-Hou_73.JPG,A1.12,A1,train
raw_data/A1.12/A1.12.Chi-Hou_74.JPG,A1.12.Chi-Hou_74.JPG,A1.12,A1,train
raw_data/A1.12/A1.12.Chi-Hou_75.JPG,A1.12.Chi-Hou_75.JPG,A1.12,A1,train
raw_data/A1.12/A1.12.Chi-Hou_76.JPG,A1.12.Chi-Hou_76.JPG,A1.12,A1,train
raw_data/A1.12/A1.12.Chi-Hou_77.JPG,A1.12.Chi-Hou_77.JPG,A1.12,A1,train
raw_data/A1.12/A1.12.Chi-Hou_78.JPG,A1.12.Chi-Hou_78.JPG,A1.12,A1,train
raw_data/A1.12/A1.12.Chi-Hou_79.JPG,A1.12.Chi-Hou_79.JPG,A1.12,A1,train
raw_data/A1.12/A1.12.Chi-Hou_80.JPG,A1.12.Chi-Hou_80.JPG,A1.12,A1,train
raw_data/A1.12/A1.12.Chi-Hou_81.JPG,A1.12.Chi-Hou_81.JPG,A1.12,A1,train
raw_data/A1.12/A1.12.Chi-Hou_82.JPG,A1.12.Chi-Hou_82.JPG,A1.12,A1,train
raw_data/A1.12/A1.12.Chi-Hou_83.JPG,A1.12.Chi-Hou_83.JPG,A1.12,A1,train
raw_data/A1.12/A1.12.Chi-Hou_84.JPG,A1.12.Chi-Hou_84.JPG,A1.12,A1,train
raw_data/A1.12/A1.12.Chi-Hou_85.JPG,A1.12.Chi-Hou_85.JPG,A1.12,A1,train
raw_data/A1.12/A1.12.Chi-Hou_86.JPG,A1.12.Chi-Hou_86.JPG,A1.12,A1,train
raw_data/A1.12/A1.12.Chi-Hou_87.JPG,A1.12.Chi-Hou_87.JPG,A1.12,A1,train
raw_data/A1.12/A1.12.Chi-Hou_88.JPG,A1.12.Chi-Hou_88.JPG,A1.12,A1,train
raw_data/A1.12/A1.12.Chi-Hou_89.JPG,A1.12.Chi-Hou_89.JPG,A1.12,A1,train
raw_data/A1.12/A1.12.Chi-Hou_90.JPG,A1.12.Chi-Hou_90.JPG,A1.12,A1,train
raw_data/A1.12/A1.12.Chi-Hou_91.JPG,A1.12.Chi-Hou_91.JPG,A1.12,A1,train
raw_data/A1.12/A1.12.Chi-Hou_92.JPG,A1.12.Chi-Hou_92.JPG,A1.12,A1,train
raw_data/A1.12/A1.12.Chi-Hou_93.JPG,A1.12.Chi-Hou_93.JPG,A1.12,A1,train
raw_data/A1.12/A1.12.Chi-Hou_94.JPG,A1.12.Chi-Hou_94.JPG,A1.12,A1,train
raw_data/A1.12/A1.12.Chi-Hou_95.JPG,A1.12.Chi-Hou_95.JPG,A1.12,A1,train
raw_data/A1.12/A1.12.Chi-Hou_96.JPG,A1.12.Chi-Hou_96.JPG,A1.12,A1,train
raw_data/A1.12/A1.12.Chi-Hou_97.JPG,A1.12.Chi-Hou_97.JPG,A1.12,A1,train
raw_data/A1.12/A1.12.Chi-Hou_98.JPG,A1.12.Chi-Hou_98.JPG,A1.12,A1,train
raw_data/A1.12/A1.12.Chi-Hou_99.JPG,A1.12.Chi-Hou_99.JPG,A1.12,A1,train
raw_data/A1.13/A1.13.Pas-Ins_01.JPG,A1.13.Pas-Ins_01.JPG,A1.13,A1,train
raw_data/A1.13/A1.13.Pas-Ins_02.JPG,A1.13.Pas-Ins_02.JPG,A1.13,A1,train
raw_data/A1.13/A1.13.Pas-Ins_03.JPG,A1.13.Pas-Ins_03.JPG,A1.13,A1,train
raw_data/A1.13/A1.13.Pas-Ins_04.JPG,A1.13.Pas-Ins_04.JPG,A1.13,A1,train
raw_data/A1.13/A1.13.Pas-Ins_05.JPG,A1.13.Pas-Ins_05.JPG,A1.13,A1,train
raw_data/A1.13/A1.13.Pas-Ins_06.JPG,A1.13.Pas-Ins_06.JPG,A1.13,A1,train
raw_data/A1.13/A1.13.Pas-Ins_07.JPG,A1.13.Pas-Ins_07.JPG,A1.13,A1,train
raw_data/A1.13/A1.13.Pas-Ins_08.JPG,A1.13.Pas-Ins_08.JPG,A1.13,A1,train
raw_data/A1.13/A1.13.Pas-Ins_09.JPG,A1.13.Pas-Ins_09.JPG,A1.13,A1,train
raw_data/A1.13/A1.13.Pas-Ins_10.JPG,A1.13.Pas-Ins_10.JPG,A1.13,A1,train
raw_data/A1.13/A1.13.Pas-Ins_100.JPG,A1.13.Pas-Ins_100.JPG,A1.13,A1,train
raw_data/A1.13/A1.13.Pas-Ins_101.JPG,A1.13.Pas-Ins_101.JPG,A1.13,A1,train
raw_data/A1.13/A1.13.Pas-Ins_102.JPG,A1.13.Pas-Ins_102.JPG,A1.13,A1,train
raw_data/A1.13/A1.13.Pas-Ins_103.JPG,A1.13.Pas-Ins_103.JPG,A1.13,A1,train
raw_data/A1.13/A1.13.Pas-Ins_104.JPG,A1.13.Pas-Ins_104.JPG,A1.13,A1,train
raw_data/A1.13/A1.13.Pas-Ins_105.JPG,A1.13.Pas-Ins_105.JPG,A1.13,A1,train
raw_data/A1.13/A1.13.Pas-Ins_106.JPG,A1.13.Pas-Ins_106.JPG,A1.13,A1,train
raw_data/A1.13/A1.13.Pas-Ins_107.JPG,A1.13.Pas-Ins_107.JPG,A1.13,A1,train
raw_data/A1.13/A1.13.Pas-Ins_108.JPG,A1.13.Pas-Ins_108.JPG,A1.13,A1,train
raw_data/A1.13/A1.13.Pas-Ins_109.JPG,A1.13.Pas-Ins_109.JPG,A1.13,A1,train
raw_data/A1.13/A1.13.Pas-Ins_11.JPG,A1.13.Pas-Ins_11.JPG,A1.13,A1,train
raw_data/A1.13/A1.13.Pas-Ins_110.JPG,A1.13.Pas-Ins_110.JPG,A1.13,A1,train
raw_data/A1.13/A1.13.Pas-Ins_111.JPG,A1.13.Pas-Ins_111.JPG,A1.13,A1,train
raw_data/A1.13/A1.13.Pas-Ins_112.JPG,A1.13.Pas-Ins_112.JPG,A1.13,A1,train
raw_data/A1.13/A1.13.Pas-Ins_113.JPG,A1.13.Pas-Ins_113.JPG,A1.13,A1,train
raw_data/A1.13/A1.13.Pas-Ins_114.JPG,A1.13.Pas-Ins_114.JPG,A1.13,A1,train
raw_data/A1.13/A1.13.Pas-Ins_115.JPG,A1.13.Pas-Ins_115.JPG,A1.13,A1,train
raw_data/A1.13/A1.13.Pas-Ins_116.JPG,A1.13.Pas-Ins_116.JPG,A1.13,A1,train
raw_data/A1.13/A1.13.Pas-Ins_117.JPG,A1.13.Pas-Ins_117.JPG,A1.13,A1,train
raw_data/A1.13/A1.13.Pas-Ins_118.JPG,A1.13.Pas-Ins_118.JPG,A1.13,A1,train
raw_data/A1.13/A1.13.Pas-Ins_119.JPG,A1.13.Pas-Ins_119.JPG,A1.13,A1,train
raw_data/A1.13/A1.13.Pas-Ins_12.JPG,A1.13.Pas-Ins_12.JPG,A1.13,A1,train
raw_data/A1.13/A1.13.Pas-Ins_120.JPG,A1.13.Pas-Ins_120.JPG,A1.13,A1,train
raw_data/A1.13/A1.13.Pas-Ins_121.JPG,A1.13.Pas-Ins_121.JPG,A1.13,A1,train
raw_data/A1.13/A1.13.Pas-Ins_122.JPG,A1.13.Pas-Ins_122.JPG,A1.13,A1,train
raw_data/A1.13/A1.13.Pas-Ins_123.JPG,A1.13.Pas-Ins_123.JPG,A1.13,A1,train
raw_data/A1.13/A1.13.Pas-Ins_124.JPG,A1.13.Pas-Ins_124.JPG,A1.13,A1,train
raw_data/A1.13/A1.13.Pas-Ins_125.JPG,A1.13.Pas-Ins_125.JPG,A1.13,A1,train
raw_data/A1.13/A1.13.Pas-Ins_126.JPG,A1.13.Pas-Ins_126.JPG,A1.13,A1,train
raw_data/A1.13/A1.13.Pas-Ins_127.JPG,A1.13.Pas-Ins_127.JPG,A1.13,A1,train
raw_data/A1.13/A1.13.Pas-Ins_128.JPG,A1.13.Pas-Ins_128.JPG,A1.13,A1,train
raw_data/A1.13/A1.13.Pas-Ins_129.JPG,A1.13.Pas-Ins_129.JPG,A1.13,A1,train
raw_data/A1.13/A1.13.Pas-Ins_13.JPG,A1.13.Pas-Ins_13.JPG,A1.13,A1,train
raw_data/A1.13/A1.13.Pas-Ins_130.JPG,A1.13.Pas-Ins_130.JPG,A1.13,A1,train
raw_data/A1.13/A1.13.Pas-Ins_131.JPG,A1.13.Pas-Ins_131.JPG,A1.13,A1,train
raw_data/A1.13/A1.13.Pas-Ins_132.JPG,A1.13.Pas-Ins_132.JPG,A1.13,A1,train
raw_data/A1.13/A1.13.Pas-Ins_133.JPG,A1.13.Pas-Ins_133.JPG,A1.13,A1,train
raw_data/A1.13/A1.13.Pas-Ins_134.JPG,A1.13.Pas-Ins_134.JPG,A1.13,A1,train
raw_data/A1.13/A1.13.Pas-Ins_135.JPG,A1.13.Pas-Ins_135.JPG,A1.13,A1,train
raw_data/A1.13/A1.13.Pas-Ins_136.JPG,A1.13.Pas-Ins_136.JPG,A1.13,A1,train
raw_data/A1.13/A1.13.Pas-Ins_137.JPG,A1.13.Pas-Ins_137.JPG,A1.13,A1,train
raw_data/A1.13/A1.13.Pas-Ins_138.JPG,A1.13.Pas-Ins_138.JPG,A1.13,A1,train
raw_data/A1.13/A1.13.Pas-Ins_139.JPG,A1.13.Pas-Ins_139.JPG,A1.13,A1,train
raw_data/A1.13/A1.13.Pas-Ins_14.JPG,A1.13.Pas-Ins_14.JPG,A1.13,A1,train
raw_data/A1.13/A1.13.Pas-Ins_140.JPG,A1.13.Pas-Ins_140.JPG,A1.13,A1,train
raw_data/A1.13/A1.13.Pas-Ins_141.JPG,A1.13.Pas-Ins_141.JPG,A1.13,A1,train
raw_data/A1.13/A1.13.Pas-Ins_142.JPG,A1.13.Pas-Ins_142.JPG,A1.13,A1,train
raw_data/A1.13/A1.13.Pas-Ins_143.JPG,A1.13.Pas-Ins_143.JPG,A1.13,A1,train
raw_data/A1.13/A1.13.Pas-Ins_144.JPG,A1.13.Pas-Ins_144.JPG,A1.13,A1,train
raw_data/A1.13/A1.13.Pas-Ins_145.JPG,A1.13.Pas-Ins_145.JPG,A1.13,A1,train
raw_data/A1.13/A1.13.Pas-Ins_146.JPG,A1.13.Pas-Ins_146.JPG,A1.13,A1,train
raw_data/A1.13/A1.13.Pas-Ins_147.JPG,A1.13.Pas-Ins_147.JPG,A1.13,A1,train
raw_data/A1.13/A1.13.Pas-Ins_148.JPG,A1.13.Pas-Ins_148.JPG,A1.13,A1,train
raw_data/A1.13/A1.13.Pas-Ins_149.JPG,A1.13.Pas-Ins_149.JPG,A1.13,A1,train
raw_data/A1.13/A1.13.Pas-Ins_15.JPG,A1.13.Pas-Ins_15.JPG,A1.13,A1,train
raw_data/A1.13/A1.13.Pas-Ins_150.JPG,A1.13.Pas-Ins_150.JPG,A1.13,A1,train
raw_data/A1.13/A1.13.Pas-Ins_151.JPG,A1.13.Pas-Ins_151.JPG,A1.13,A1,train
raw_data/A1.13/A1.13.Pas-Ins_152.JPG,A1.13.Pas-Ins_152.JPG,A1.13,A1,train
raw_data/A1.13/A1.13.Pas-Ins_153.JPG,A1.13.Pas-Ins_153.JPG,A1.13,A1,train
raw_data/A1.13/A1.13.Pas-Ins_154.JPG,A1.13.Pas-Ins_154.JPG,A1.13,A1,train
raw_data/A1.13/A1.13.Pas-Ins_155.JPG,A1.13.Pas-Ins_155.JPG,A1.13,A1,train
raw_data/A1.13/A1.13.Pas-Ins_156.JPG,A1.13.Pas-Ins_156.JPG,A1.13,A1,train
raw_data/A1.13/A1.13.Pas-Ins_157.JPG,A1.13.Pas-Ins_157.JPG,A1.13,A1,train
raw_data/A1.13/A1.13.Pas-Ins_158.JPG,A1.13.Pas-Ins_158.JPG,A1.13,A1,train
raw_data/A1.13/A1.13.Pas-Ins_159.JPG,A1.13.Pas-Ins_159.JPG,A1.13,A1,train
raw_data/A1.13/A1.13.Pas-Ins_16.JPG,A1.13.Pas-Ins_16.JPG,A1.13,A1,train
raw_data/A1.13/A1.13.Pas-Ins_160.JPG,A1.13.Pas-Ins_160.JPG,A1.13,A1,train
raw_data/A1.13/A1.13.Pas-Ins_17.JPG,A1.13.Pas-Ins_17.JPG,A1.13,A1,train
raw_data/A1.13/A1.13.Pas-Ins_18.JPG,A1.13.Pas-Ins_18.JPG,A1.13,A1,train
raw_data/A1.13/A1.13.Pas-Ins_19.JPG,A1.13.Pas-Ins_19.JPG,A1.13,A1,train
raw_data/A1.13/A1.13.Pas-Ins_20.JPG,A1.13.Pas-Ins_20.JPG,A1.13,A1,train
raw_data/A1.13/A1.13.Pas-Ins_21.JPG,A1.13.Pas-Ins_21.JPG,A1.13,A1,train
raw_data/A1.13/A1.13.Pas-Ins_22.JPG,A1.13.Pas-Ins_22.JPG,A1.13,A1,train
raw_data/A1.13/A1.13.Pas-Ins_23.JPG,A1.13.Pas-Ins_23.JPG,A1.13,A1,train
raw_data/A1.13/A1.13.Pas-Ins_24.JPG,A1.13.Pas-Ins_24.JPG,A1.13,A1,train
raw_data/A1.13/A1.13.Pas-Ins_25.JPG,A1.13.Pas-Ins_25.JPG,A1.13,A1,train
raw_data/A1.13/A1.13.Pas-Ins_26.JPG,A1.13.Pas-Ins_26.JPG,A1.13,A1,train
raw_data/A1.13/A1.13.Pas-Ins_27.JPG,A1.13.Pas-Ins_27.JPG,A1.13,A1,train
raw_data/A1.13/A1.13.Pas-Ins_28.JPG,A1.13.Pas-Ins_28.JPG,A1.13,A1,train
raw_data/A1.13/A1.13.Pas-Ins_29.JPG,A1.13.Pas-Ins_29.JPG,A1.13,A1,train
raw_data/A1.13/A1.13.Pas-Ins_30.JPG,A1.13.Pas-Ins_30.JPG,A1.13,A1,train
raw_data/A1.13/A1.13.Pas-Ins_31.JPG,A1.13.Pas-Ins_31.JPG,A1.13,A1,train
raw_data/A1.13/A1.13.Pas-Ins_32.JPG,A1.13.Pas-Ins_32.JPG,A1.13,A1,train
raw_data/A1.13/A1.13.Pas-Ins_33.JPG,A1.13.Pas-Ins_33.JPG,A1.13,A1,train
raw_data/A1.13/A1.13.Pas-Ins_34.JPG,A1.13.Pas-Ins_34.JPG,A1.13,A1,train
raw_data/A1.13/A1.13.Pas-Ins_35.JPG,A1.13.Pas-Ins_35.JPG,A1.13,A1,train
raw_data/A1.13/A1.13.Pas-Ins_36.JPG,A1.13.Pas-Ins_36.JPG,A1.13,A1,train
raw_data/A1.13/A1.13.Pas-Ins_37.JPG,A1.13.Pas-Ins_37.JPG,A1.13,A1,train
raw_data/A1.13/A1.13.Pas-Ins_38.JPG,A1.13.Pas-Ins_38.JPG,A1.13,A1,train
raw_data/A1.13/A1.13.Pas-Ins_39.JPG,A1.13.Pas-Ins_39.JPG,A1.13,A1,train
raw_data/A1.13/A1.13.Pas-Ins_40.JPG,A1.13.Pas-Ins_40.JPG,A1.13,A1,train
raw_data/A1.13/A1.13.Pas-Ins_41.JPG,A1.13.Pas-Ins_41.JPG,A1.13,A1,train
raw_data/A1.13/A1.13.Pas-Ins_42.JPG,A1.13.Pas-Ins_42.JPG,A1.13,A1,train
raw_data/A1.13/A1.13.Pas-Ins_43.JPG,A1.13.Pas-Ins_43.JPG,A1.13,A1,train
raw_data/A1.13/A1.13.Pas-Ins_44.JPG,A1.13.Pas-Ins_44.JPG,A1.13,A1,train
raw_data/A1.13/A1.13.Pas-Ins_45.JPG,A1.13.Pas-Ins_45.JPG,A1.13,A1,train
raw_data/A1.13/A1.13.Pas-Ins_46.JPG,A1.13.Pas-Ins_46.JPG,A1.13,A1,train
raw_data/A1.13/A1.13.Pas-Ins_47.JPG,A1.13.Pas-Ins_47.JPG,A1.13,A1,train
raw_data/A1.13/A1.13.Pas-Ins_48.JPG,A1.13.Pas-Ins_48.JPG,A1.13,A1,train
raw_data/A1.13/A1.13.Pas-Ins_49.JPG,A1.13.Pas-Ins_49.JPG,A1.13,A1,train
raw_data/A1.13/A1.13.Pas-Ins_50.JPG,A1.13.Pas-Ins_50.JPG,A1.13,A1,train
raw_data/A1.13/A1.13.Pas-Ins_51.JPG,A1.13.Pas-Ins_51.JPG,A1.13,A1,train
raw_data/A1.13/A1.13.Pas-Ins_52.JPG,A1.13.Pas-Ins_52.JPG,A1.13,A1,train
raw_data/A1.13/A1.13.Pas-Ins_53.JPG,A1.13.Pas-Ins_53.JPG,A1.13,A1,train
raw_data/A1.13/A1.13.Pas-Ins_54.JPG,A1.13.Pas-Ins_54.JPG,A1.13,A1,train
raw_data/A1.13/A1.13.Pas-Ins_55.JPG,A1.13.Pas-Ins_55.JPG,A1.13,A1,train
raw_data/A1.13/A1.13.Pas-Ins_56.JPG,A1.13.Pas-Ins_56.JPG,A1.13,A1,train
raw_data/A1.13/A1.13.Pas-Ins_57.JPG,A1.13.Pas-Ins_57.JPG,A1.13,A1,train
raw_data/A1.13/A1.13.Pas-Ins_58.JPG,A1.13.Pas-Ins_58.JPG,A1.13,A1,train
raw_data/A1.13/A1.13.Pas-Ins_59.JPG,A1.13.Pas-Ins_59.JPG,A1.13,A1,train
raw_data/A1.13/A1.13.Pas-Ins_60.JPG,A1.13.Pas-Ins_60.JPG,A1.13,A1,train
raw_data/A1.13/A1.13.Pas-Ins_61.JPG,A1.13.Pas-Ins_61.JPG,A1.13,A1,train
raw_data/A1.13/A1.13.Pas-Ins_62.JPG,A1.13.Pas-Ins_62.JPG,A1.13,A1,train
raw_data/A1.13/A1.13.Pas-Ins_63.JPG,A1.13.Pas-Ins_63.JPG,A1.13,A1,train
raw_data/A1.13/A1.13.Pas-Ins_64.JPG,A1.13.Pas-Ins_64.JPG,A1.13,A1,train
raw_data/A1.13/A1.13.Pas-Ins_65.JPG,A1.13.Pas-Ins_65.JPG,A1.13,A1,train
raw_data/A1.13/A1.13.Pas-Ins_66.JPG,A1.13.Pas-Ins_66.JPG,A1.13,A1,train
raw_data/A1.13/A1.13.Pas-Ins_67.JPG,A1.13.Pas-Ins_67.JPG,A1.13,A1,train
raw_data/A1.13/A1.13.Pas-Ins_68.JPG,A1.13.Pas-Ins_68.JPG,A1.13,A1,train
raw_data/A1.13/A1.13.Pas-Ins_69.JPG,A1.13.Pas-Ins_69.JPG,A1.13,A1,train
raw_data/A1.13/A1.13.Pas-Ins_70.JPG,A1.13.Pas-Ins_70.JPG,A1.13,A1,train
raw_data/A1.13/A1.13.Pas-Ins_71.JPG,A1.13.Pas-Ins_71.JPG,A1.13,A1,train
raw_data/A1.13/A1.13.Pas-Ins_72.JPG,A1.13.Pas-Ins_72.JPG,A1.13,A1,train
raw_data/A1.13/A1.13.Pas-Ins_73.JPG,A1.13.Pas-Ins_73.JPG,A1.13,A1,train
raw_data/A1.13/A1.13.Pas-Ins_74.JPG,A1.13.Pas-Ins_74.JPG,A1.13,A1,train
raw_data/A1.13/A1.13.Pas-Ins_75.JPG,A1.13.Pas-Ins_75.JPG,A1.13,A1,train
raw_data/A1.13/A1.13.Pas-Ins_76.JPG,A1.13.Pas-Ins_76.JPG,A1.13,A1,train
raw_data/A1.13/A1.13.Pas-Ins_77.JPG,A1.13.Pas-Ins_77.JPG,A1.13,A1,train
raw_data/A1.13/A1.13.Pas-Ins_78.JPG,A1.13.Pas-Ins_78.JPG,A1.13,A1,train
raw_data/A1.13/A1.13.Pas-Ins_79.JPG,A1.13.Pas-Ins_79.JPG,A1.13,A1,train
raw_data/A1.13/A1.13.Pas-Ins_80.JPG,A1.13.Pas-Ins_80.JPG,A1.13,A1,train
raw_data/A1.13/A1.13.Pas-Ins_81.JPG,A1.13.Pas-Ins_81.JPG,A1.13,A1,train
raw_data/A1.13/A1.13.Pas-Ins_82.JPG,A1.13.Pas-Ins_82.JPG,A1.13,A1,train
raw_data/A1.13/A1.13.Pas-Ins_83.JPG,A1.13.Pas-Ins_83.JPG,A1.13,A1,train
raw_data/A1.13/A1.13.Pas-Ins_84.JPG,A1.13.Pas-Ins_84.JPG,A1.13,A1,train
raw_data/A1.13/A1.13.Pas-Ins_85.JPG,A1.13.Pas-Ins_85.JPG,A1.13,A1,train
raw_data/A1.13/A1.13.Pas-Ins_86.JPG,A1.13.Pas-Ins_86.JPG,A1.13,A1,train
raw_data/A1.13/A1.13.Pas-Ins_87.JPG,A1.13.Pas-Ins_87.JPG,A1.13,A1,train
raw_data/A1.13/A1.13.Pas-Ins_88.JPG,A1.13.Pas-Ins_88.JPG,A1.13,A1,train
raw_data/A1.13/A1.13.Pas-Ins_89.JPG,A1.13.Pas-Ins_89.JPG,A1.13,A1,train
raw_data/A1.13/A1.13.Pas-Ins_90.JPG,A1.13.Pas-Ins_90.JPG,A1.13,A1,train
raw_data/A1.13/A1.13.Pas-Ins_91.JPG,A1.13.Pas-Ins_91.JPG,A1.13,A1,train
raw_data/A1.13/A1.13.Pas-Ins_92.JPG,A1.13.Pas-Ins_92.JPG,A1.13,A1,train
raw_data/A1.13/A1.13.Pas-Ins_93.JPG,A1.13.Pas-Ins_93.JPG,A1.13,A1,train
raw_data/A1.13/A1.13.Pas-Ins_94.JPG,A1.13.Pas-Ins_94.JPG,A1.13,A1,train
raw_data/A1.13/A1.13.Pas-Ins_95.JPG,A1.13.Pas-Ins_95.JPG,A1.13,A1,train
raw_data/A1.13/A1.13.Pas-Ins_96.JPG,A1.13.Pas-Ins_96.JPG,A1.13,A1,train
raw_data/A1.13/A1.13.Pas-Ins_97.JPG,A1.13.Pas-Ins_97.JPG,A1.13,A1,train
raw_data/A1.13/A1.13.Pas-Ins_98.JPG,A1.13.Pas-Ins_98.JPG,A1.13,A1,train
raw_data/A1.13/A1.13.Pas-Ins_99.JPG,A1.13.Pas-Ins_99.JPG,A1.13,A1,train
raw_data/A1.14/A1.14.Chi-Hos2_01.JPG,A1.14.Chi-Hos2_01.JPG,A1.14,A1,train
raw_data/A1.14/A1.14.Chi-Hos2_02.JPG,A1.14.Chi-Hos2_02.JPG,A1.14,A1,train
raw_data/A1.14/A1.14.Chi-Hos2_03.JPG,A1.14.Chi-Hos2_03.JPG,A1.14,A1,train
raw_data/A1.14/A1.14.Chi-Hos2_04.JPG,A1.14.Chi-Hos2_04.JPG,A1.14,A1,train
raw_data/A1.14/A1.14.Chi-Hos2_05.JPG,A1.14.Chi-Hos2_05.JPG,A1.14,A1,train
raw_data/A1.14/A1.14.Chi-Hos2_06.JPG,A1.14.Chi-Hos2_06.JPG,A1.14,A1,train
raw_data/A1.14/A1.14.Chi-Hos2_07.JPG,A1.14.Chi-Hos2_07.JPG,A1.14,A1,train
raw_data/A1.14/A1.14.Chi-Hos2_08.JPG,A1.14.Chi-Hos2_08.JPG,A1.14,A1,train
raw_data/A1.14/A1.14.Chi-Hos2_09.JPG,A1.14.Chi-Hos2_09.JPG,A1.14,A1,train
raw_data/A1.14/A1.14.Chi-Hos2_10.JPG,A1.14.Chi-Hos2_10.JPG,A1.14,A1,train
raw_data/A1.14/A1.14.Chi-Hos2_100.JPG,A1.14.Chi-Hos2_100.JPG,A1.14,A1,train
raw_data/A1.14/A1.14.Chi-Hos2_101.JPG,A1.14.Chi-Hos2_101.JPG,A1.14,A1,train
raw_data/A1.14/A1.14.Chi-Hos2_102.JPG,A1.14.Chi-Hos2_102.JPG,A1.14,A1,train
raw_data/A1.14/A1.14.Chi-Hos2_103.JPG,A1.14.Chi-Hos2_103.JPG,A1.14,A1,train
raw_data/A1.14/A1.14.Chi-Hos2_104.JPG,A1.14.Chi-Hos2_104.JPG,A1.14,A1,train
raw_data/A1.14/A1.14.Chi-Hos2_105.JPG,A1.14.Chi-Hos2_105.JPG,A1.14,A1,train
raw_data/A1.14/A1.14.Chi-Hos2_106.JPG,A1.14.Chi-Hos2_106.JPG,A1.14,A1,train
raw_data/A1.14/A1.14.Chi-Hos2_107.JPG,A1.14.Chi-Hos2_107.JPG,A1.14,A1,train
raw_data/A1.14/A1.14.Chi-Hos2_108.JPG,A1.14.Chi-Hos2_108.JPG,A1.14,A1,train
raw_data/A1.14/A1.14.Chi-Hos2_109.JPG,A1.14.Chi-Hos2_109.JPG,A1.14,A1,train
raw_data/A1.14/A1.14.Chi-Hos2_11.JPG,A1.14.Chi-Hos2_11.JPG,A1.14,A1,train
raw_data/A1.14/A1.14.Chi-Hos2_110.JPG,A1.14.Chi-Hos2_110.JPG,A1.14,A1,train
raw_data/A1.14/A1.14.Chi-Hos2_111.JPG,A1.14.Chi-Hos2_111.JPG,A1.14,A1,train
raw_data/A1.14/A1.14.Chi-Hos2_112.JPG,A1.14.Chi-Hos2_112.JPG,A1.14,A1,train
raw_data/A1.14/A1.14.Chi-Hos2_113.JPG,A1.14.Chi-Hos2_113.JPG,A1.14,A1,train
raw_data/A1.14/A1.14.Chi-Hos2_114.JPG,A1.14.Chi-Hos2_114.JPG,A1.14,A1,train
raw_data/A1.14/A1.14.Chi-Hos2_115.JPG,A1.14.Chi-Hos2_115.JPG,A1.14,A1,train
raw_data/A1.14/A1.14.Chi-Hos2_116.JPG,A1.14.Chi-Hos2_116.JPG,A1.14,A1,train
raw_data/A1.14/A1.14.Chi-Hos2_117.JPG,A1.14.Chi-Hos2_117.JPG,A1.14,A1,train
raw_data/A1.14/A1.14.Chi-Hos2_118.JPG,A1.14.Chi-Hos2_118.JPG,A1.14,A1,train
raw_data/A1.14/A1.14.Chi-Hos2_119.JPG,A1.14.Chi-Hos2_119.JPG,A1.14,A1,train
raw_data/A1.14/A1.14.Chi-Hos2_12.JPG,A1.14.Chi-Hos2_12.JPG,A1.14,A1,train
raw_data/A1.14/A1.14.Chi-Hos2_120.JPG,A1.14.Chi-Hos2_120.JPG,A1.14,A1,train
raw_data/A1.14/A1.14.Chi-Hos2_121.JPG,A1.14.Chi-Hos2_121.JPG,A1.14,A1,train
raw_data/A1.14/A1.14.Chi-Hos2_122.JPG,A1.14.Chi-Hos2_122.JPG,A1.14,A1,train
raw_data/A1.14/A1.14.Chi-Hos2_123.JPG,A1.14.Chi-Hos2_123.JPG,A1.14,A1,train
raw_data/A1.14/A1.14.Chi-Hos2_124.JPG,A1.14.Chi-Hos2_124.JPG,A1.14,A1,train
raw_data/A1.14/A1.14.Chi-Hos2_125.JPG,A1.14.Chi-Hos2_125.JPG,A1.14,A1,train
raw_data/A1.14/A1.14.Chi-Hos2_126.JPG,A1.14.Chi-Hos2_126.JPG,A1.14,A1,train
raw_data/A1.14/A1.14.Chi-Hos2_127.JPG,A1.14.Chi-Hos2_127.JPG,A1.14,A1,train
raw_data/A1.14/A1.14.Chi-Hos2_128.JPG,A1.14.Chi-Hos2_128.JPG,A1.14,A1,train
raw_data/A1.14/A1.14.Chi-Hos2_129.JPG,A1.14.Chi-Hos2_129.JPG,A1.14,A1,train
raw_data/A1.14/A1.14.Chi-Hos2_13.JPG,A1.14.Chi-Hos2_13.JPG,A1.14,A1,train
raw_data/A1.14/A1.14.Chi-Hos2_130.JPG,A1.14.Chi-Hos2_130.JPG,A1.14,A1,train
raw_data/A1.14/A1.14.Chi-Hos2_131.JPG,A1.14.Chi-Hos2_131.JPG,A1.14,A1,train
raw_data/A1.14/A1.14.Chi-Hos2_132.JPG,A1.14.Chi-Hos2_132.JPG,A1.14,A1,train
raw_data/A1.14/A1.14.Chi-Hos2_133.JPG,A1.14.Chi-Hos2_133.JPG,A1.14,A1,train
raw_data/A1.14/A1.14.Chi-Hos2_134.JPG,A1.14.Chi-Hos2_134.JPG,A1.14,A1,train
raw_data/A1.14/A1.14.Chi-Hos2_135.JPG,A1.14.Chi-Hos2_135.JPG,A1.14,A1,train
raw_data/A1.14/A1.14.Chi-Hos2_136.JPG,A1.14.Chi-Hos2_136.JPG,A1.14,A1,train
raw_data/A1.14/A1.14.Chi-Hos2_137.JPG,A1.14.Chi-Hos2_137.JPG,A1.14,A1,train
raw_data/A1.14/A1.14.Chi-Hos2_138.JPG,A1.14.Chi-Hos2_138.JPG,A1.14,A1,train
raw_data/A1.14/A1.14.Chi-Hos2_139.JPG,A1.14.Chi-Hos2_139.JPG,A1.14,A1,train
raw_data/A1.14/A1.14.Chi-Hos2_14.JPG,A1.14.Chi-Hos2_14.JPG,A1.14,A1,train
raw_data/A1.14/A1.14.Chi-Hos2_140.JPG,A1.14.Chi-Hos2_140.JPG,A1.14,A1,train
raw_data/A1.14/A1.14.Chi-Hos2_141.JPG,A1.14.Chi-Hos2_141.JPG,A1.14,A1,train
raw_data/A1.14/A1.14.Chi-Hos2_142.JPG,A1.14.Chi-Hos2_142.JPG,A1.14,A1,train
raw_data/A1.14/A1.14.Chi-Hos2_143.JPG,A1.14.Chi-Hos2_143.JPG,A1.14,A1,train
raw_data/A1.14/A1.14.Chi-Hos2_144.JPG,A1.14.Chi-Hos2_144.JPG,A1.14,A1,train
raw_data/A1.14/A1.14.Chi-Hos2_145.JPG,A1.14.Chi-Hos2_145.JPG,A1.14,A1,train
raw_data/A1.14/A1.14.Chi-Hos2_146.JPG,A1.14.Chi-Hos2_146.JPG,A1.14,A1,train
raw_data/A1.14/A1.14.Chi-Hos2_147.JPG,A1.14.Chi-Hos2_147.JPG,A1.14,A1,train
raw_data/A1.14/A1.14.Chi-Hos2_148.JPG,A1.14.Chi-Hos2_148.JPG,A1.14,A1,train
raw_data/A1.14/A1.14.Chi-Hos2_149.JPG,A1.14.Chi-Hos2_149.JPG,A1.14,A1,train
raw_data/A1.14/A1.14.Chi-Hos2_15.JPG,A1.14.Chi-Hos2_15.JPG,A1.14,A1,train
raw_data/A1.14/A1.14.Chi-Hos2_150.JPG,A1.14.Chi-Hos2_150.JPG,A1.14,A1,train
raw_data/A1.14/A1.14.Chi-Hos2_151.JPG,A1.14.Chi-Hos2_151.JPG,A1.14,A1,train
raw_data/A1.14/A1.14.Chi-Hos2_152.JPG,A1.14.Chi-Hos2_152.JPG,A1.14,A1,train
raw_data/A1.14/A1.14.Chi-Hos2_153.JPG,A1.14.Chi-Hos2_153.JPG,A1.14,A1,train
raw_data/A1.14/A1.14.Chi-Hos2_154.JPG,A1.14.Chi-Hos2_154.JPG,A1.14,A1,train
raw_data/A1.14/A1.14.Chi-Hos2_155.JPG,A1.14.Chi-Hos2_155.JPG,A1.14,A1,train
raw_data/A1.14/A1.14.Chi-Hos2_156.JPG,A1.14.Chi-Hos2_156.JPG,A1.14,A1,train
raw_data/A1.14/A1.14.Chi-Hos2_157.JPG,A1.14.Chi-Hos2_157.JPG,A1.14,A1,train
raw_data/A1.14/A1.14.Chi-Hos2_158.JPG,A1.14.Chi-Hos2_158.JPG,A1.14,A1,train
raw_data/A1.14/A1.14.Chi-Hos2_159.JPG,A1.14.Chi-Hos2_159.JPG,A1.14,A1,train
raw_data/A1.14/A1.14.Chi-Hos2_16.JPG,A1.14.Chi-Hos2_16.JPG,A1.14,A1,train
raw_data/A1.14/A1.14.Chi-Hos2_160.JPG,A1.14.Chi-Hos2_160.JPG,A1.14,A1,train
raw_data/A1.14/A1.14.Chi-Hos2_161.JPG,A1.14.Chi-Hos2_161.JPG,A1.14,A1,train
raw_data/A1.14/A1.14.Chi-Hos2_162.JPG,A1.14.Chi-Hos2_162.JPG,A1.14,A1,train
raw_data/A1.14/A1.14.Chi-Hos2_163.JPG,A1.14.Chi-Hos2_163.JPG,A1.14,A1,train
raw_data/A1.14/A1.14.Chi-Hos2_164.JPG,A1.14.Chi-Hos2_164.JPG,A1.14,A1,train
raw_data/A1.14/A1.14.Chi-Hos2_17.JPG,A1.14.Chi-Hos2_17.JPG,A1.14,A1,train
raw_data/A1.14/A1.14.Chi-Hos2_18.JPG,A1.14.Chi-Hos2_18.JPG,A1.14,A1,train
raw_data/A1.14/A1.14.Chi-Hos2_19.JPG,A1.14.Chi-Hos2_19.JPG,A1.14,A1,train
raw_data/A1.14/A1.14.Chi-Hos2_20.JPG,A1.14.Chi-Hos2_20.JPG,A1.14,A1,train
raw_data/A1.14/A1.14.Chi-Hos2_21.JPG,A1.14.Chi-Hos2_21.JPG,A1.14,A1,train
raw_data/A1.14/A1.14.Chi-Hos2_22.JPG,A1.14.Chi-Hos2_22.JPG,A1.14,A1,train
raw_data/A1.14/A1.14.Chi-Hos2_23.JPG,A1.14.Chi-Hos2_23.JPG,A1.14,A1,train
raw_data/A1.14/A1.14.Chi-Hos2_24.JPG,A1.14.Chi-Hos2_24.JPG,A1.14,A1,train
raw_data/A1.14/A1.14.Chi-Hos2_25.JPG,A1.14.Chi-Hos2_25.JPG,A1.14,A1,train
raw_data/A1.14/A1.14.Chi-Hos2_26.JPG,A1.14.Chi-Hos2_26.JPG,A1.14,A1,train
raw_data/A1.14/A1.14.Chi-Hos2_27.JPG,A1.14.Chi-Hos2_27.JPG,A1.14,A1,train
raw_data/A1.14/A1.14.Chi-Hos2_28.JPG,A1.14.Chi-Hos2_28.JPG,A1.14,A1,train
raw_data/A1.14/A1.14.Chi-Hos2_29.JPG,A1.14.Chi-Hos2_29.JPG,A1.14,A1,train
raw_data/A1.14/A1.14.Chi-Hos2_30.JPG,A1.14.Chi-Hos2_30.JPG,A1.14,A1,train
raw_data/A1.14/A1.14.Chi-Hos2_31.JPG,A1.14.Chi-Hos2_31.JPG,A1.14,A1,train
raw_data/A1.14/A1.14.Chi-Hos2_32.JPG,A1.14.Chi-Hos2_32.JPG,A1.14,A1,train
raw_data/A1.14/A1.14.Chi-Hos2_33.JPG,A1.14.Chi-Hos2_33.JPG,A1.14,A1,train
raw_data/A1.14/A1.14.Chi-Hos2_34.JPG,A1.14.Chi-Hos2_34.JPG,A1.14,A1,train
raw_data/A1.14/A1.14.Chi-Hos2_35.JPG,A1.14.Chi-Hos2_35.JPG,A1.14,A1,train
raw_data/A1.14/A1.14.Chi-Hos2_36.JPG,A1.14.Chi-Hos2_36.JPG,A1.14,A1,train
raw_data/A1.14/A1.14.Chi-Hos2_37.JPG,A1.14.Chi-Hos2_37.JPG,A1.14,A1,train
raw_data/A1.14/A1.14.Chi-Hos2_38.JPG,A1.14.Chi-Hos2_38.JPG,A1.14,A1,train
raw_data/A1.14/A1.14.Chi-Hos2_39.JPG,A1.14.Chi-Hos2_39.JPG,A1.14,A1,train
raw_data/A1.14/A1.14.Chi-Hos2_40.JPG,A1.14.Chi-Hos2_40.JPG,A1.14,A1,train
raw_data/A1.14/A1.14.Chi-Hos2_41.JPG,A1.14.Chi-Hos2_41.JPG,A1.14,A1,train
raw_data/A1.14/A1.14.Chi-Hos2_42.JPG,A1.14.Chi-Hos2_42.JPG,A1.14,A1,train
raw_data/A1.14/A1.14.Chi-Hos2_43.JPG,A1.14.Chi-Hos2_43.JPG,A1.14,A1,train
raw_data/A1.14/A1.14.Chi-Hos2_44.JPG,A1.14.Chi-Hos2_44.JPG,A1.14,A1,train
raw_data/A1.14/A1.14.Chi-Hos2_45.JPG,A1.14.Chi-Hos2_45.JPG,A1.14,A1,train
raw_data/A1.14/A1.14.Chi-Hos2_46.JPG,A1.14.Chi-Hos2_46.JPG,A1.14,A1,train
raw_data/A1.14/A1.14.Chi-Hos2_47.JPG,A1.14.Chi-Hos2_47.JPG,A1.14,A1,train
raw_data/A1.14/A1.14.Chi-Hos2_48.JPG,A1.14.Chi-Hos2_48.JPG,A1.14,A1,train
raw_data/A1.14/A1.14.Chi-Hos2_49.JPG,A1.14.Chi-Hos2_49.JPG,A1.14,A1,train
raw_data/A1.14/A1.14.Chi-Hos2_50.JPG,A1.14.Chi-Hos2_50.JPG,A1.14,A1,train
raw_data/A1.14/A1.14.Chi-Hos2_51.JPG,A1.14.Chi-Hos2_51.JPG,A1.14,A1,train
raw_data/A1.14/A1.14.Chi-Hos2_52.JPG,A1.14.Chi-Hos2_52.JPG,A1.14,A1,train
raw_data/A1.14/A1.14.Chi-Hos2_53.JPG,A1.14.Chi-Hos2_53.JPG,A1.14,A1,train
raw_data/A1.14/A1.14.Chi-Hos2_54.JPG,A1.14.Chi-Hos2_54.JPG,A1.14,A1,train
raw_data/A1.14/A1.14.Chi-Hos2_55.JPG,A1.14.Chi-Hos2_55.JPG,A1.14,A1,train
raw_data/A1.14/A1.14.Chi-Hos2_56.JPG,A1.14.Chi-Hos2_56.JPG,A1.14,A1,train
raw_data/A1.14/A1.14.Chi-Hos2_57.JPG,A1.14.Chi-Hos2_57.JPG,A1.14,A1,train
raw_data/A1.14/A1.14.Chi-Hos2_58.JPG,A1.14.Chi-Hos2_58.JPG,A1.14,A1,train
raw_data/A1.14/A1.14.Chi-Hos2_59.JPG,A1.14.Chi-Hos2_59.JPG,A1.14,A1,train
raw_data/A1.14/A1.14.Chi-Hos2_60.JPG,A1.14.Chi-Hos2_60.JPG,A1.14,A1,train
raw_data/A1.14/A1.14.Chi-Hos2_61.JPG,A1.14.Chi-Hos2_61.JPG,A1.14,A1,train
raw_data/A1.14/A1.14.Chi-Hos2_62.JPG,A1.14.Chi-Hos2_62.JPG,A1.14,A1,train
raw_data/A1.14/A1.14.Chi-Hos2_63.JPG,A1.14.Chi-Hos2_63.JPG,A1.14,A1,train
raw_data/A1.14/A1.14.Chi-Hos2_64.JPG,A1.14.Chi-Hos2_64.JPG,A1.14,A1,train
raw_data/A1.14/A1.14.Chi-Hos2_65.JPG,A1.14.Chi-Hos2_65.JPG,A1.14,A1,train
raw_data/A1.14/A1.14.Chi-Hos2_66.JPG,A1.14.Chi-Hos2_66.JPG,A1.14,A1,train
raw_data/A1.14/A1.14.Chi-Hos2_67.JPG,A1.14.Chi-Hos2_67.JPG,A1.14,A1,train
raw_data/A1.14/A1.14.Chi-Hos2_68.JPG,A1.14.Chi-Hos2_68.JPG,A1.14,A1,train
raw_data/A1.14/A1.14.Chi-Hos2_69.JPG,A1.14.Chi-Hos2_69.JPG,A1.14,A1,train
raw_data/A1.14/A1.14.Chi-Hos2_70.JPG,A1.14.Chi-Hos2_70.JPG,A1.14,A1,train
raw_data/A1.14/A1.14.Chi-Hos2_71.JPG,A1.14.Chi-Hos2_71.JPG,A1.14,A1,train
raw_data/A1.14/A1.14.Chi-Hos2_72.JPG,A1.14.Chi-Hos2_72.JPG,A1.14,A1,train
raw_data/A1.14/A1.14.Chi-Hos2_73.JPG,A1.14.Chi-Hos2_73.JPG,A1.14,A1,train
raw_data/A1.14/A1.14.Chi-Hos2_74.JPG,A1.14.Chi-Hos2_74.JPG,A1.14,A1,train
raw_data/A1.14/A1.14.Chi-Hos2_75.JPG,A1.14.Chi-Hos2_75.JPG,A1.14,A1,train
raw_data/A1.14/A1.14.Chi-Hos2_76.JPG,A1.14.Chi-Hos2_76.JPG,A1.14,A1,train
raw_data/A1.14/A1.14.Chi-Hos2_77.JPG,A1.14.Chi-Hos2_77.JPG,A1.14,A1,train
raw_data/A1.14/A1.14.Chi-Hos2_78.JPG,A1.14.Chi-Hos2_78.JPG,A1.14,A1,train
raw_data/A1.14/A1.14.Chi-Hos2_79.JPG,A1.14.Chi-Hos2_79.JPG,A1.14,A1,train
raw_data/A1.14/A1.14.Chi-Hos2_80.JPG,A1.14.Chi-Hos2_80.JPG,A1.14,A1,train
raw_data/A1.14/A1.14.Chi-Hos2_81.JPG,A1.14.Chi-Hos2_81.JPG,A1.14,A1,train
raw_data/A1.14/A1.14.Chi-Hos2_82.JPG,A1.14.Chi-Hos2_82.JPG,A1.14,A1,train
raw_data/A1.14/A1.14.Chi-Hos2_83.JPG,A1.14.Chi-Hos2_83.JPG,A1.14,A1,train
raw_data/A1.14/A1.14.Chi-Hos2_84.JPG,A1.14.Chi-Hos2_84.JPG,A1.14,A1,train
raw_data/A1.14/A1.14.Chi-Hos2_85.JPG,A1.14.Chi-Hos2_85.JPG,A1.14,A1,train
raw_data/A1.14/A1.14.Chi-Hos2_86.JPG,A1.14.Chi-Hos2_86.JPG,A1.14,A1,train
raw_data/A1.14/A1.14.Chi-Hos2_87.JPG,A1.14.Chi-Hos2_87.JPG,A1.14,A1,train
raw_data/A1.14/A1.14.Chi-Hos2_88.JPG,A1.14.Chi-Hos2_88.JPG,A1.14,A1,train
raw_data/A1.14/A1.14.Chi-Hos2_89.JPG,A1.14.Chi-Hos2_89.JPG,A1.14,A1,train
raw_data/A1.14/A1.14.Chi-Hos2_90.JPG,A1.14.Chi-Hos2_90.JPG,A1.14,A1,train
raw_data/A1.14/A1.14.Chi-Hos2_91.JPG,A1.14.Chi-Hos2_91.JPG,A1.14,A1,train
raw_data/A1.14/A1.14.Chi-Hos2_92.JPG,A1.14.Chi-Hos2_92.JPG,A1.14,A1,train
raw_data/A1.14/A1.14.Chi-Hos2_93.JPG,A1.14.Chi-Hos2_93.JPG,A1.14,A1,train
raw_data/A1.14/A1.14.Chi-Hos2_94.JPG,A1.14.Chi-Hos2_94.JPG,A1.14,A1,train
raw_data/A1.14/A1.14.Chi-Hos2_95.JPG,A1.14.Chi-Hos2_95.JPG,A1.14,A1,train
raw_data/A1.14/A1.14.Chi-Hos2_96.JPG,A1.14.Chi-Hos2_96.JPG,A1.14,A1,train
raw_data/A1.14/A1.14.Chi-Hos2_97.JPG,A1.14.Chi-Hos2_97.JPG,A1.14,A1,train
raw_data/A1.14/A1.14.Chi-Hos2_98.JPG,A1.14.Chi-Hos2_98.JPG,A1.14,A1,train
raw_data/A1.14/A1.14.Chi-Hos2_99.JPG,A1.14.Chi-Hos2_99.JPG,A1.14,A1,train
raw_data/A1.15/A1.15.VTT-Sch_01.JPG,A1.15.VTT-Sch_01.JPG,A1.15,A1,test
raw_data/A1.15/A1.15.VTT-Sch_02.JPG,A1.15.VTT-Sch_02.JPG,A1.15,A1,test
raw_data/A1.15/A1.15.VTT-Sch_03.JPG,A1.15.VTT-Sch_03.JPG,A1.15,A1,test
raw_data/A1.15/A1.15.VTT-Sch_04.JPG,A1.15.VTT-Sch_04.JPG,A1.15,A1,test
raw_data/A1.15/A1.15.VTT-Sch_05.JPG,A1.15.VTT-Sch_05.JPG,A1.15,A1,test
raw_data/A1.15/A1.15.VTT-Sch_06.JPG,A1.15.VTT-Sch_06.JPG,A1.15,A1,test
raw_data/A1.15/A1.15.VTT-Sch_07.JPG,A1.15.VTT-Sch_07.JPG,A1.15,A1,test
raw_data/A1.15/A1.15.VTT-Sch_08.JPG,A1.15.VTT-Sch_08.JPG,A1.15,A1,test
raw_data/A1.15/A1.15.VTT-Sch_09.JPG,A1.15.VTT-Sch_09.JPG,A1.15,A1,test
raw_data/A1.15/A1.15.VTT-Sch_10.JPG,A1.15.VTT-Sch_10.JPG,A1.15,A1,test
raw_data/A1.15/A1.15.VTT-Sch_11.JPG,A1.15.VTT-Sch_11.JPG,A1.15,A1,test
raw_data/A1.15/A1.15.VTT-Sch_12.JPG,A1.15.VTT-Sch_12.JPG,A1.15,A1,test
raw_data/A1.15/A1.15.VTT-Sch_13.JPG,A1.15.VTT-Sch_13.JPG,A1.15,A1,test
raw_data/A1.15/A1.15.VTT-Sch_14.JPG,A1.15.VTT-Sch_14.JPG,A1.15,A1,test
raw_data/A1.15/A1.15.VTT-Sch_15.JPG,A1.15.VTT-Sch_15.JPG,A1.15,A1,test
raw_data/A1.15/A1.15.VTT-Sch_16.JPG,A1.15.VTT-Sch_16.JPG,A1.15,A1,test
raw_data/A1.15/A1.15.VTT-Sch_17.JPG,A1.15.VTT-Sch_17.JPG,A1.15,A1,test
raw_data/A1.15/A1.15.VTT-Sch_18.JPG,A1.15.VTT-Sch_18.JPG,A1.15,A1,test
raw_data/A1.15/A1.15.VTT-Sch_19.JPG,A1.15.VTT-Sch_19.JPG,A1.15,A1,test
raw_data/A1.15/A1.15.VTT-Sch_20.JPG,A1.15.VTT-Sch_20.JPG,A1.15,A1,test
raw_data/A1.15/A1.15.VTT-Sch_21.JPG,A1.15.VTT-Sch_21.JPG,A1.15,A1,test
raw_data/A1.15/A1.15.VTT-Sch_22.JPG,A1.15.VTT-Sch_22.JPG,A1.15,A1,test
raw_data/A1.15/A1.15.VTT-Sch_23.JPG,A1.15.VTT-Sch_23.JPG,A1.15,A1,test
raw_data/A1.15/A1.15.VTT-Sch_24.JPG,A1.15.VTT-Sch_24.JPG,A1.15,A1,test
raw_data/A1.15/A1.15.VTT-Sch_25.JPG,A1.15.VTT-Sch_25.JPG,A1.15,A1,test
raw_data/A1.15/A1.15.VTT-Sch_26.JPG,A1.15.VTT-Sch_26.JPG,A1.15,A1,test
raw_data/A1.15/A1.15.VTT-Sch_27.JPG,A1.15.VTT-Sch_27.JPG,A1.15,A1,test
raw_data/A1.15/A1.15.VTT-Sch_28.JPG,A1.15.VTT-Sch_28.JPG,A1.15,A1,test
raw_data/A1.15/A1.15.VTT-Sch_29.JPG,A1.15.VTT-Sch_29.JPG,A1.15,A1,test
raw_data/A1.15/A1.15.VTT-Sch_30.JPG,A1.15.VTT-Sch_30.JPG,A1.15,A1,test
raw_data/A1.15/A1.15.VTT-Sch_31.JPG,A1.15.VTT-Sch_31.JPG,A1.15,A1,test
raw_data/A1.15/A1.15.VTT-Sch_32.JPG,A1.15.VTT-Sch_32.JPG,A1.15,A1,test
raw_data/A1.15/A1.15.VTT-Sch_33.JPG,A1.15.VTT-Sch_33.JPG,A1.15,A1,test
raw_data/A1.15/A1.15.VTT-Sch_34.JPG,A1.15.VTT-Sch_34.JPG,A1.15,A1,test
raw_data/A1.15/A1.15.VTT-Sch_35.JPG,A1.15.VTT-Sch_35.JPG,A1.15,A1,test
raw_data/A1.15/A1.15.VTT-Sch_36.JPG,A1.15.VTT-Sch_36.JPG,A1.15,A1,test
raw_data/A1.15/A1.15.VTT-Sch_37.JPG,A1.15.VTT-Sch_37.JPG,A1.15,A1,test
raw_data/A1.15/A1.15.VTT-Sch_38.JPG,A1.15.VTT-Sch_38.JPG,A1.15,A1,test
raw_data/A1.15/A1.15.VTT-Sch_39.JPG,A1.15.VTT-Sch_39.JPG,A1.15,A1,test
raw_data/A1.15/A1.15.VTT-Sch_40.JPG,A1.15.VTT-Sch_40.JPG,A1.15,A1,test
raw_data/A1.15/A1.15.VTT-Sch_41.JPG,A1.15.VTT-Sch_41.JPG,A1.15,A1,test
raw_data/A1.16/A1.16.LHP-Sch_01.JPG,A1.16.LHP-Sch_01.JPG,A1.16,A1,train
raw_data/A1.16/A1.16.LHP-Sch_02.JPG,A1.16.LHP-Sch_02.JPG,A1.16,A1,train
raw_data/A1.16/A1.16.LHP-Sch_03.JPG,A1.16.LHP-Sch_03.JPG,A1.16,A1,train
raw_data/A1.16/A1.16.LHP-Sch_04.JPG,A1.16.LHP-Sch_04.JPG,A1.16,A1,train
raw_data/A1.16/A1.16.LHP-Sch_05.JPG,A1.16.LHP-Sch_05.JPG,A1.16,A1,train
raw_data/A1.16/A1.16.LHP-Sch_06.JPG,A1.16.LHP-Sch_06.JPG,A1.16,A1,train
raw_data/A1.16/A1.16.LHP-Sch_07.JPG,A1.16.LHP-Sch_07.JPG,A1.16,A1,train
raw_data/A1.16/A1.16.LHP-Sch_08.JPG,A1.16.LHP-Sch_08.JPG,A1.16,A1,train
raw_data/A1.16/A1.16.LHP-Sch_09.JPG,A1.16.LHP-Sch_09.JPG,A1.16,A1,train
raw_data/A1.16/A1.16.LHP-Sch_10.JPG,A1.16.LHP-Sch_10.JPG,A1.16,A1,train
raw_data/A1.16/A1.16.LHP-Sch_11.JPG,A1.16.LHP-Sch_11.JPG,A1.16,A1,train
raw_data/A1.16/A1.16.LHP-Sch_12.JPG,A1.16.LHP-Sch_12.JPG,A1.16,A1,train
raw_data/A1.16/A1.16.LHP-Sch_13.JPG,A1.16.LHP-Sch_13.JPG,A1.16,A1,train
raw_data/A1.16/A1.16.LHP-Sch_14.JPG,A1.16.LHP-Sch_14.JPG,A1.16,A1,train
raw_data/A1.16/A1.16.LHP-Sch_15.JPG,A1.16.LHP-Sch_15.JPG,A1.16,A1,train
raw_data/A1.16/A1.16.LHP-Sch_16.JPG,A1.16.LHP-Sch_16.JPG,A1.16,A1,train
raw_data/A1.16/A1.16.LHP-Sch_17.JPG,A1.16.LHP-Sch_17.JPG,A1.16,A1,train
raw_data/A1.16/A1.16.LHP-Sch_18.JPG,A1.16.LHP-Sch_18.JPG,A1.16,A1,train
raw_data/A1.16/A1.16.LHP-Sch_19.JPG,A1.16.LHP-Sch_19.JPG,A1.16,A1,train
raw_data/A1.16/A1.16.LHP-Sch_20.JPG,A1.16.LHP-Sch_20.JPG,A1.16,A1,train
raw_data/A1.16/A1.16.LHP-Sch_21.JPG,A1.16.LHP-Sch_21.JPG,A1.16,A1,train
raw_data/A1.16/A1.16.LHP-Sch_22.JPG,A1.16.LHP-Sch_22.JPG,A1.16,A1,train
raw_data/A1.16/A1.16.LHP-Sch_23.JPG,A1.16.LHP-Sch_23.JPG,A1.16,A1,train
raw_data/A1.16/A1.16.LHP-Sch_24.JPG,A1.16.LHP-Sch_24.JPG,A1.16,A1,train
raw_data/A1.16/A1.16.LHP-Sch_25.JPG,A1.16.LHP-Sch_25.JPG,A1.16,A1,train
raw_data/A1.16/A1.16.LHP-Sch_26.JPG,A1.16.LHP-Sch_26.JPG,A1.16,A1,train
raw_data/A1.16/A1.16.LHP-Sch_27.JPG,A1.16.LHP-Sch_27.JPG,A1.16,A1,train
raw_data/A1.16/A1.16.LHP-Sch_28.JPG,A1.16.LHP-Sch_28.JPG,A1.16,A1,train
raw_data/A1.16/A1.16.LHP-Sch_29.JPG,A1.16.LHP-Sch_29.JPG,A1.16,A1,train
raw_data/A1.16/A1.16.LHP-Sch_30.JPG,A1.16.LHP-Sch_30.JPG,A1.16,A1,train
raw_data/A1.16/A1.16.LHP-Sch_31.JPG,A1.16.LHP-Sch_31.JPG,A1.16,A1,train
raw_data/A1.16/A1.16.LHP-Sch_32.JPG,A1.16.LHP-Sch_32.JPG,A1.16,A1,train
raw_data/A1.16/A1.16.LHP-Sch_33.JPG,A1.16.LHP-Sch_33.JPG,A1.16,A1,train
raw_data/A1.16/A1.16.LHP-Sch_34.JPG,A1.16.LHP-Sch_34.JPG,A1.16,A1,train
raw_data/A1.16/A1.16.LHP-Sch_35.JPG,A1.16.LHP-Sch_35.JPG,A1.16,A1,train
raw_data/A1.16/A1.16.LHP-Sch_36.JPG,A1.16.LHP-Sch_36.JPG,A1.16,A1,train
raw_data/A1.16/A1.16.LHP-Sch_37.JPG,A1.16.LHP-Sch_37.JPG,A1.16,A1,train
raw_data/A1.16/A1.16.LHP-Sch_38.JPG,A1.16.LHP-Sch_38.JPG,A1.16,A1,train
raw_data/A1.16/A1.16.LHP-Sch_39.JPG,A1.16.LHP-Sch_39.JPG,A1.16,A1,train
raw_data/A1.16/A1.16.LHP-Sch_40.JPG,A1.16.LHP-Sch_40.JPG,A1.16,A1,train
raw_data/A1.16/A1.16.LHP-Sch_41.JPG,A1.16.LHP-Sch_41.JPG,A1.16,A1,train
raw_data/A1.16/A1.16.LHP-Sch_42.JPG,A1.16.LHP-Sch_42.JPG,A1.16,A1,train
raw_data/A1.16/A1.16.LHP-Sch_43.JPG,A1.16.LHP-Sch_43.JPG,A1.16,A1,train
raw_data/A1.16/A1.16.LHP-Sch_44.JPG,A1.16.LHP-Sch_44.JPG,A1.16,A1,train
raw_data/A1.16/A1.16.LHP-Sch_45.JPG,A1.16.LHP-Sch_45.JPG,A1.16,A1,train
raw_data/A1.16/A1.16.LHP-Sch_46.JPG,A1.16.LHP-Sch_46.JPG,A1.16,A1,train
raw_data/A1.16/A1.16.LHP-Sch_47.JPG,A1.16.LHP-Sch_47.JPG,A1.16,A1,train
raw_data/A1.16/A1.16.LHP-Sch_48.JPG,A1.16.LHP-Sch_48.JPG,A1.16,A1,train
raw_data/A1.16/A1.16.LHP-Sch_49.JPG,A1.16.LHP-Sch_49.JPG,A1.16,A1,train
raw_data/A1.16/A1.16.LHP-Sch_50.JPG,A1.16.LHP-Sch_50.JPG,A1.16,A1,train
raw_data/A1.16/A1.16.LHP-Sch_51.JPG,A1.16.LHP-Sch_51.JPG,A1.16,A1,train
raw_data/A1.16/A1.16.LHP-Sch_52.JPG,A1.16.LHP-Sch_52.JPG,A1.16,A1,train
raw_data/A1.16/A1.16.LHP-Sch_53.JPG,A1.16.LHP-Sch_53.JPG,A1.16,A1,train
raw_data/A1.16/A1.16.LHP-Sch_54.JPG,A1.16.LHP-Sch_54.JPG,A1.16,A1,train
raw_data/A1.16/A1.16.LHP-Sch_55.JPG,A1.16.LHP-Sch_55.JPG,A1.16,A1,train
raw_data/A1.16/A1.16.LHP-Sch_56.JPG,A1.16.LHP-Sch_56.JPG,A1.16,A1,train
raw_data/A1.16/A1.16.LHP-Sch_57.JPG,A1.16.LHP-Sch_57.JPG,A1.16,A1,train
raw_data/A1.16/A1.16.LHP-Sch_58.JPG,A1.16.LHP-Sch_58.JPG,A1.16,A1,train
raw_data/A1.16/A1.16.LHP-Sch_59.JPG,A1.16.LHP-Sch_59.JPG,A1.16,A1,train
raw_data/A1.16/A1.16.LHP-Sch_60.JPG,A1.16.LHP-Sch_60.JPG,A1.16,A1,train
raw_data/A1.16/A1.16.LHP-Sch_61.JPG,A1.16.LHP-Sch_61.JPG,A1.16,A1,train
raw_data/A1.16/A1.16.LHP-Sch_62.JPG,A1.16.LHP-Sch_62.JPG,A1.16,A1,train
raw_data/A1.16/A1.16.LHP-Sch_63.JPG,A1.16.LHP-Sch_63.JPG,A1.16,A1,train
raw_data/A1.16/A1.16.LHP-Sch_64.JPG,A1.16.LHP-Sch_64.JPG,A1.16,A1,train
raw_data/A1.16/A1.16.LHP-Sch_65.JPG,A1.16.LHP-Sch_65.JPG,A1.16,A1,train
raw_data/A1.16/A1.16.LHP-Sch_66.JPG,A1.16.LHP-Sch_66.JPG,A1.16,A1,train
raw_data/A1.16/A1.16.LHP-Sch_67.JPG,A1.16.LHP-Sch_67.JPG,A1.16,A1,train
raw_data/A1.16/A1.16.LHP-Sch_68.JPG,A1.16.LHP-Sch_68.JPG,A1.16,A1,train
raw_data/A1.16/A1.16.LHP-Sch_69.JPG,A1.16.LHP-Sch_69.JPG,A1.16,A1,train
raw_data/A1.16/A1.16.LHP-Sch_70.JPG,A1.16.LHP-Sch_70.JPG,A1.16,A1,train
raw_data/A1.16/A1.16.LHP-Sch_71.JPG,A1.16.LHP-Sch_71.JPG,A1.16,A1,train
raw_data/A1.16/A1.16.LHP-Sch_72.JPG,A1.16.LHP-Sch_72.JPG,A1.16,A1,train
raw_data/A1.16/A1.16.LHP-Sch_73.JPG,A1.16.LHP-Sch_73.JPG,A1.16,A1,train
raw_data/A1.16/A1.16.LHP-Sch_74.JPG,A1.16.LHP-Sch_74.JPG,A1.16,A1,train
raw_data/A1.17/A1.17.Sai-Uni_01.JPG,A1.17.Sai-Uni_01.JPG,A1.17,A1,train
raw_data/A1.17/A1.17.Sai-Uni_02.JPG,A1.17.Sai-Uni_02.JPG,A1.17,A1,train
raw_data/A1.17/A1.17.Sai-Uni_03.JPG,A1.17.Sai-Uni_03.JPG,A1.17,A1,train
raw_data/A1.17/A1.17.Sai-Uni_04.JPG,A1.17.Sai-Uni_04.JPG,A1.17,A1,train
raw_data/A1.17/A1.17.Sai-Uni_05.JPG,A1.17.Sai-Uni_05.JPG,A1.17,A1,train
raw_data/A1.17/A1.17.Sai-Uni_06.JPG,A1.17.Sai-Uni_06.JPG,A1.17,A1,train
raw_data/A1.17/A1.17.Sai-Uni_07.JPG,A1.17.Sai-Uni_07.JPG,A1.17,A1,train
raw_data/A1.17/A1.17.Sai-Uni_08.JPG,A1.17.Sai-Uni_08.JPG,A1.17,A1,train
raw_data/A1.17/A1.17.Sai-Uni_09.JPG,A1.17.Sai-Uni_09.JPG,A1.17,A1,train
raw_data/A1.17/A1.17.Sai-Uni_10.JPG,A1.17.Sai-Uni_10.JPG,A1.17,A1,train
raw_data/A1.17/A1.17.Sai-Uni_100.JPG,A1.17.Sai-Uni_100.JPG,A1.17,A1,train
raw_data/A1.17/A1.17.Sai-Uni_101.JPG,A1.17.Sai-Uni_101.JPG,A1.17,A1,train
raw_data/A1.17/A1.17.Sai-Uni_102.JPG,A1.17.Sai-Uni_102.JPG,A1.17,A1,train
raw_data/A1.17/A1.17.Sai-Uni_103.JPG,A1.17.Sai-Uni_103.JPG,A1.17,A1,train
raw_data/A1.17/A1.17.Sai-Uni_104.JPG,A1.17.Sai-Uni_104.JPG,A1.17,A1,train
raw_data/A1.17/A1.17.Sai-Uni_11.JPG,A1.17.Sai-Uni_11.JPG,A1.17,A1,train
raw_data/A1.17/A1.17.Sai-Uni_12.JPG,A1.17.Sai-Uni_12.JPG,A1.17,A1,train
raw_data/A1.17/A1.17.Sai-Uni_13.JPG,A1.17.Sai-Uni_13.JPG,A1.17,A1,train
raw_data/A1.17/A1.17.Sai-Uni_14.JPG,A1.17.Sai-Uni_14.JPG,A1.17,A1,train
raw_data/A1.17/A1.17.Sai-Uni_15.JPG,A1.17.Sai-Uni_15.JPG,A1.17,A1,train
raw_data/A1.17/A1.17.Sai-Uni_16.JPG,A1.17.Sai-Uni_16.JPG,A1.17,A1,train
raw_data/A1.17/A1.17.Sai-Uni_17.JPG,A1.17.Sai-Uni_17.JPG,A1.17,A1,train
raw_data/A1.17/A1.17.Sai-Uni_18.JPG,A1.17.Sai-Uni_18.JPG,A1.17,A1,train
raw_data/A1.17/A1.17.Sai-Uni_19.JPG,A1.17.Sai-Uni_19.JPG,A1.17,A1,train
raw_data/A1.17/A1.17.Sai-Uni_20.JPG,A1.17.Sai-Uni_20.JPG,A1.17,A1,train
raw_data/A1.17/A1.17.Sai-Uni_21.JPG,A1.17.Sai-Uni_21.JPG,A1.17,A1,train
raw_data/A1.17/A1.17.Sai-Uni_22.JPG,A1.17.Sai-Uni_22.JPG,A1.17,A1,train
raw_data/A1.17/A1.17.Sai-Uni_23.JPG,A1.17.Sai-Uni_23.JPG,A1.17,A1,train
raw_data/A1.17/A1.17.Sai-Uni_24.JPG,A1.17.Sai-Uni_24.JPG,A1.17,A1,train
raw_data/A1.17/A1.17.Sai-Uni_25.JPG,A1.17.Sai-Uni_25.JPG,A1.17,A1,train
raw_data/A1.17/A1.17.Sai-Uni_26.JPG,A1.17.Sai-Uni_26.JPG,A1.17,A1,train
raw_data/A1.17/A1.17.Sai-Uni_27.JPG,A1.17.Sai-Uni_27.JPG,A1.17,A1,train
raw_data/A1.17/A1.17.Sai-Uni_28.JPG,A1.17.Sai-Uni_28.JPG,A1.17,A1,train
raw_data/A1.17/A1.17.Sai-Uni_29.JPG,A1.17.Sai-Uni_29.JPG,A1.17,A1,train
raw_data/A1.17/A1.17.Sai-Uni_30.JPG,A1.17.Sai-Uni_30.JPG,A1.17,A1,train
raw_data/A1.17/A1.17.Sai-Uni_31.JPG,A1.17.Sai-Uni_31.JPG,A1.17,A1,train
raw_data/A1.17/A1.17.Sai-Uni_32.JPG,A1.17.Sai-Uni_32.JPG,A1.17,A1,train
raw_data/A1.17/A1.17.Sai-Uni_33.JPG,A1.17.Sai-Uni_33.JPG,A1.17,A1,train
raw_data/A1.17/A1.17.Sai-Uni_34.JPG,A1.17.Sai-Uni_34.JPG,A1.17,A1,train
raw_data/A1.17/A1.17.Sai-Uni_35.JPG,A1.17.Sai-Uni_35.JPG,A1.17,A1,train
raw_data/A1.17/A1.17.Sai-Uni_36.JPG,A1.17.Sai-Uni_36.JPG,A1.17,A1,train
raw_data/A1.17/A1.17.Sai-Uni_37.JPG,A1.17.Sai-Uni_37.JPG,A1.17,A1,train
raw_data/A1.17/A1.17.Sai-Uni_38.JPG,A1.17.Sai-Uni_38.JPG,A1.17,A1,train
raw_data/A1.17/A1.17.Sai-Uni_39.JPG,A1.17.Sai-Uni_39.JPG,A1.17,A1,train
raw_data/A1.17/A1.17.Sai-Uni_40.JPG,A1.17.Sai-Uni_40.JPG,A1.17,A1,train
raw_data/A1.17/A1.17.Sai-Uni_41.JPG,A1.17.Sai-Uni_41.JPG,A1.17,A1,train
raw_data/A1.17/A1.17.Sai-Uni_42.JPG,A1.17.Sai-Uni_42.JPG,A1.17,A1,train
raw_data/A1.17/A1.17.Sai-Uni_43.JPG,A1.17.Sai-Uni_43.JPG,A1.17,A1,train
raw_data/A1.17/A1.17.Sai-Uni_44.JPG,A1.17.Sai-Uni_44.JPG,A1.17,A1,train
raw_data/A1.17/A1.17.Sai-Uni_45.JPG,A1.17.Sai-Uni_45.JPG,A1.17,A1,train
raw_data/A1.17/A1.17.Sai-Uni_46.JPG,A1.17.Sai-Uni_46.JPG,A1.17,A1,train
raw_data/A1.17/A1.17.Sai-Uni_47.JPG,A1.17.Sai-Uni_47.JPG,A1.17,A1,train
raw_data/A1.17/A1.17.Sai-Uni_48.JPG,A1.17.Sai-Uni_48.JPG,A1.17,A1,train
raw_data/A1.17/A1.17.Sai-Uni_49.JPG,A1.17.Sai-Uni_49.JPG,A1.17,A1,train
raw_data/A1.17/A1.17.Sai-Uni_50.JPG,A1.17.Sai-Uni_50.JPG,A1.17,A1,train
raw_data/A1.17/A1.17.Sai-Uni_51.JPG,A1.17.Sai-Uni_51.JPG,A1.17,A1,train
raw_data/A1.17/A1.17.Sai-Uni_52.JPG,A1.17.Sai-Uni_52.JPG,A1.17,A1,train
raw_data/A1.17/A1.17.Sai-Uni_53.JPG,A1.17.Sai-Uni_53.JPG,A1.17,A1,train
raw_data/A1.17/A1.17.Sai-Uni_54.JPG,A1.17.Sai-Uni_54.JPG,A1.17,A1,train
raw_data/A1.17/A1.17.Sai-Uni_55.JPG,A1.17.Sai-Uni_55.JPG,A1.17,A1,train
raw_data/A1.17/A1.17.Sai-Uni_56.JPG,A1.17.Sai-Uni_56.JPG,A1.17,A1,train
raw_data/A1.17/A1.17.Sai-Uni_57.JPG,A1.17.Sai-Uni_57.JPG,A1.17,A1,train
raw_data/A1.17/A1.17.Sai-Uni_58.JPG,A1.17.Sai-Uni_58.JPG,A1.17,A1,train
raw_data/A1.17/A1.17.Sai-Uni_59.JPG,A1.17.Sai-Uni_59.JPG,A1.17,A1,train
raw_data/A1.17/A1.17.Sai-Uni_60.JPG,A1.17.Sai-Uni_60.JPG,A1.17,A1,train
raw_data/A1.17/A1.17.Sai-Uni_61.JPG,A1.17.Sai-Uni_61.JPG,A1.17,A1,train
raw_data/A1.17/A1.17.Sai-Uni_62.JPG,A1.17.Sai-Uni_62.JPG,A1.17,A1,train
raw_data/A1.17/A1.17.Sai-Uni_63.JPG,A1.17.Sai-Uni_63.JPG,A1.17,A1,train
raw_data/A1.17/A1.17.Sai-Uni_64.JPG,A1.17.Sai-Uni_64.JPG,A1.17,A1,train
raw_data/A1.17/A1.17.Sai-Uni_65.JPG,A1.17.Sai-Uni_65.JPG,A1.17,A1,train
raw_data/A1.17/A1.17.Sai-Uni_66.JPG,A1.17.Sai-Uni_66.JPG,A1.17,A1,train
raw_data/A1.17/A1.17.Sai-Uni_67.JPG,A1.17.Sai-Uni_67.JPG,A1.17,A1,train
raw_data/A1.17/A1.17.Sai-Uni_68.JPG,A1.17.Sai-Uni_68.JPG,A1.17,A1,train
raw_data/A1.17/A1.17.Sai-Uni_69.JPG,A1.17.Sai-Uni_69.JPG,A1.17,A1,train
raw_data/A1.17/A1.17.Sai-Uni_70.JPG,A1.17.Sai-Uni_70.JPG,A1.17,A1,train
raw_data/A1.17/A1.17.Sai-Uni_71.JPG,A1.17.Sai-Uni_71.JPG,A1.17,A1,train
raw_data/A1.17/A1.17.Sai-Uni_72.JPG,A1.17.Sai-Uni_72.JPG,A1.17,A1,train
raw_data/A1.17/A1.17.Sai-Uni_73.JPG,A1.17.Sai-Uni_73.JPG,A1.17,A1,train
raw_data/A1.17/A1.17.Sai-Uni_74.JPG,A1.17.Sai-Uni_74.JPG,A1.17,A1,train
raw_data/A1.17/A1.17.Sai-Uni_75.JPG,A1.17.Sai-Uni_75.JPG,A1.17,A1,train
raw_data/A1.17/A1.17.Sai-Uni_76.JPG,A1.17.Sai-Uni_76.JPG,A1.17,A1,train
raw_data/A1.17/A1.17.Sai-Uni_77.JPG,A1.17.Sai-Uni_77.JPG,A1.17,A1,train
raw_data/A1.17/A1.17.Sai-Uni_78.JPG,A1.17.Sai-Uni_78.JPG,A1.17,A1,train
raw_data/A1.17/A1.17.Sai-Uni_79.JPG,A1.17.Sai-Uni_79.JPG,A1.17,A1,train
raw_data/A1.17/A1.17.Sai-Uni_80.JPG,A1.17.Sai-Uni_80.JPG,A1.17,A1,train
raw_data/A1.17/A1.17.Sai-Uni_81.JPG,A1.17.Sai-Uni_81.JPG,A1.17,A1,train
raw_data/A1.17/A1.17.Sai-Uni_82.JPG,A1.17.Sai-Uni_82.JPG,A1.17,A1,train
raw_data/A1.17/A1.17.Sai-Uni_83.JPG,A1.17.Sai-Uni_83.JPG,A1.17,A1,train
raw_data/A1.17/A1.17.Sai-Uni_84.JPG,A1.17.Sai-Uni_84.JPG,A1.17,A1,train
raw_data/A1.17/A1.17.Sai-Uni_85.JPG,A1.17.Sai-Uni_85.JPG,A1.17,A1,train
raw_data/A1.17/A1.17.Sai-Uni_86.JPG,A1.17.Sai-Uni_86.JPG,A1.17,A1,train
raw_data/A1.17/A1.17.Sai-Uni_87.JPG,A1.17.Sai-Uni_87.JPG,A1.17,A1,train
raw_data/A1.17/A1.17.Sai-Uni_88.JPG,A1.17.Sai-Uni_88.JPG,A1.17,A1,train
raw_data/A1.17/A1.17.Sai-Uni_89.JPG,A1.17.Sai-Uni_89.JPG,A1.17,A1,train
raw_data/A1.17/A1.17.Sai-Uni_90.JPG,A1.17.Sai-Uni_90.JPG,A1.17,A1,train
raw_data/A1.17/A1.17.Sai-Uni_91.JPG,A1.17.Sai-Uni_91.JPG,A1.17,A1,train
raw_data/A1.17/A1.17.Sai-Uni_92.JPG,A1.17.Sai-Uni_92.JPG,A1.17,A1,train
raw_data/A1.17/A1.17.Sai-Uni_93.JPG,A1.17.Sai-Uni_93.JPG,A1.17,A1,train
raw_data/A1.17/A1.17.Sai-Uni_94.JPG,A1.17.Sai-Uni_94.JPG,A1.17,A1,train
raw_data/A1.17/A1.17.Sai-Uni_95.JPG,A1.17.Sai-Uni_95.JPG,A1.17,A1,train
raw_data/A1.17/A1.17.Sai-Uni_96.JPG,A1.17.Sai-Uni_96.JPG,A1.17,A1,train
raw_data/A1.17/A1.17.Sai-Uni_97.JPG,A1.17.Sai-Uni_97.JPG,A1.17,A1,train
raw_data/A1.17/A1.17.Sai-Uni_98.JPG,A1.17.Sai-Uni_98.JPG,A1.17,A1,train
raw_data/A1.17/A1.17.Sai-Uni_99.JPG,A1.17.Sai-Uni_99.JPG,A1.17,A1,train
raw_data/A1.18/A1.18.TaD-Mar_01.JPG,A1.18.TaD-Mar_01.JPG,A1.18,A1,train
raw_data/A1.18/A1.18.TaD-Mar_02.JPG,A1.18.TaD-Mar_02.JPG,A1.18,A1,train
raw_data/A1.18/A1.18.TaD-Mar_03.JPG,A1.18.TaD-Mar_03.JPG,A1.18,A1,train
raw_data/A1.18/A1.18.TaD-Mar_04.JPG,A1.18.TaD-Mar_04.JPG,A1.18,A1,train
raw_data/A1.18/A1.18.TaD-Mar_05.JPG,A1.18.TaD-Mar_05.JPG,A1.18,A1,train
raw_data/A1.18/A1.18.TaD-Mar_06.JPG,A1.18.TaD-Mar_06.JPG,A1.18,A1,train
raw_data/A1.18/A1.18.TaD-Mar_07.JPG,A1.18.TaD-Mar_07.JPG,A1.18,A1,train
raw_data/A1.18/A1.18.TaD-Mar_08.JPG,A1.18.TaD-Mar_08.JPG,A1.18,A1,train
raw_data/A1.18/A1.18.TaD-Mar_09.JPG,A1.18.TaD-Mar_09.JPG,A1.18,A1,train
raw_data/A1.18/A1.18.TaD-Mar_10.JPG,A1.18.TaD-Mar_10.JPG,A1.18,A1,train
raw_data/A1.18/A1.18.TaD-Mar_11.JPG,A1.18.TaD-Mar_11.JPG,A1.18,A1,train
raw_data/A1.18/A1.18.TaD-Mar_12.JPG,A1.18.TaD-Mar_12.JPG,A1.18,A1,train
raw_data/A1.18/A1.18.TaD-Mar_13.JPG,A1.18.TaD-Mar_13.JPG,A1.18,A1,train
raw_data/A1.18/A1.18.TaD-Mar_14.JPG,A1.18.TaD-Mar_14.JPG,A1.18,A1,train
raw_data/A1.18/A1.18.TaD-Mar_15.JPG,A1.18.TaD-Mar_15.JPG,A1.18,A1,train
raw_data/A1.18/A1.18.TaD-Mar_16.JPG,A1.18.TaD-Mar_16.JPG,A1.18,A1,train
raw_data/A1.18/A1.18.TaD-Mar_17.JPG,A1.18.TaD-Mar_17.JPG,A1.18,A1,train
raw_data/A1.18/A1.18.TaD-Mar_18.JPG,A1.18.TaD-Mar_18.JPG,A1.18,A1,train
raw_data/A1.18/A1.18.TaD-Mar_19.JPG,A1.18.TaD-Mar_19.JPG,A1.18,A1,train
raw_data/A1.18/A1.18.TaD-Mar_20.JPG,A1.18.TaD-Mar_20.JPG,A1.18,A1,train
raw_data/A1.18/A1.18.TaD-Mar_21.JPG,A1.18.TaD-Mar_21.JPG,A1.18,A1,train
raw_data/A1.18/A1.18.TaD-Mar_22.JPG,A1.18.TaD-Mar_22.JPG,A1.18,A1,train
raw_data/A1.18/A1.18.TaD-Mar_23.JPG,A1.18.TaD-Mar_23.JPG,A1.18,A1,train
raw_data/A1.18/A1.18.TaD-Mar_24.JPG,A1.18.TaD-Mar_24.JPG,A1.18,A1,train
raw_data/A1.18/A1.18.TaD-Mar_25.JPG,A1.18.TaD-Mar_25.JPG,A1.18,A1,train
raw_data/A1.18/A1.18.TaD-Mar_26.JPG,A1.18.TaD-Mar_26.JPG,A1.18,A1,train
raw_data/A1.18/A1.18.TaD-Mar_27.JPG,A1.18.TaD-Mar_27.JPG,A1.18,A1,train
raw_data/A1.18/A1.18.TaD-Mar_28.JPG,A1.18.TaD-Mar_28.JPG,A1.18,A1,train
raw_data/A1.18/A1.18.TaD-Mar_29.JPG,A1.18.TaD-Mar_29.JPG,A1.18,A1,train
raw_data/A1.18/A1.18.TaD-Mar_30.JPG,A1.18.TaD-Mar_30.JPG,A1.18,A1,train
raw_data/A1.18/A1.18.TaD-Mar_31.JPG,A1.18.TaD-Mar_31.JPG,A1.18,A1,train
raw_data/A1.18/A1.18.TaD-Mar_32.JPG,A1.18.TaD-Mar_32.JPG,A1.18,A1,train
raw_data/A1.18/A1.18.TaD-Mar_33.JPG,A1.18.TaD-Mar_33.JPG,A1.18,A1,train
raw_data/A1.18/A1.18.TaD-Mar_34.JPG,A1.18.TaD-Mar_34.JPG,A1.18,A1,train
raw_data/A1.18/A1.18.TaD-Mar_35.JPG,A1.18.TaD-Mar_35.JPG,A1.18,A1,train
raw_data/A1.18/A1.18.TaD-Mar_36.JPG,A1.18.TaD-Mar_36.JPG,A1.18,A1,train
raw_data/A1.18/A1.18.TaD-Mar_37.JPG,A1.18.TaD-Mar_37.JPG,A1.18,A1,train
raw_data/A1.18/A1.18.TaD-Mar_38.JPG,A1.18.TaD-Mar_38.JPG,A1.18,A1,train
raw_data/A1.18/A1.18.TaD-Mar_39.JPG,A1.18.TaD-Mar_39.JPG,A1.18,A1,train
raw_data/A1.18/A1.18.TaD-Mar_40.JPG,A1.18.TaD-Mar_40.JPG,A1.18,A1,train
raw_data/A1.18/A1.18.TaD-Mar_41.JPG,A1.18.TaD-Mar_41.JPG,A1.18,A1,train
raw_data/A1.18/A1.18.TaD-Mar_42.JPG,A1.18.TaD-Mar_42.JPG,A1.18,A1,train
raw_data/A1.18/A1.18.TaD-Mar_43.JPG,A1.18.TaD-Mar_43.JPG,A1.18,A1,train
raw_data/A1.18/A1.18.TaD-Mar_44.JPG,A1.18.TaD-Mar_44.JPG,A1.18,A1,train
raw_data/A1.18/A1.18.TaD-Mar_45.JPG,A1.18.TaD-Mar_45.JPG,A1.18,A1,train
raw_data/A1.18/A1.18.TaD-Mar_46.JPG,A1.18.TaD-Mar_46.JPG,A1.18,A1,train
raw_data/A1.18/A1.18.TaD-Mar_47.JPG,A1.18.TaD-Mar_47.JPG,A1.18,A1,train
raw_data/A1.18/A1.18.TaD-Mar_48.JPG,A1.18.TaD-Mar_48.JPG,A1.18,A1,train
raw_data/A1.18/A1.18.TaD-Mar_49.JPG,A1.18.TaD-Mar_49.JPG,A1.18,A1,train
raw_data/A1.18/A1.18.TaD-Mar_50.JPG,A1.18.TaD-Mar_50.JPG,A1.18,A1,train
raw_data/A1.18/A1.18.TaD-Mar_51.JPG,A1.18.TaD-Mar_51.JPG,A1.18,A1,train
raw_data/A1.18/A1.18.TaD-Mar_52.JPG,A1.18.TaD-Mar_52.JPG,A1.18,A1,train
raw_data/A1.18/A1.18.TaD-Mar_53.JPG,A1.18.TaD-Mar_53.JPG,A1.18,A1,train
raw_data/A1.19/A1.19.TuD-DiB_01.JPG,A1.19.TuD-DiB_01.JPG,A1.19,A1,val
raw_data/A1.19/A1.19.TuD-DiB_02.JPG,A1.19.TuD-DiB_02.JPG,A1.19,A1,val
raw_data/A1.19/A1.19.TuD-DiB_03.JPG,A1.19.TuD-DiB_03.JPG,A1.19,A1,val
raw_data/A1.19/A1.19.TuD-DiB_04.JPG,A1.19.TuD-DiB_04.JPG,A1.19,A1,val
raw_data/A1.19/A1.19.TuD-DiB_05.JPG,A1.19.TuD-DiB_05.JPG,A1.19,A1,val
raw_data/A1.19/A1.19.TuD-DiB_06.JPG,A1.19.TuD-DiB_06.JPG,A1.19,A1,val
raw_data/A1.19/A1.19.TuD-DiB_07.JPG,A1.19.TuD-DiB_07.JPG,A1.19,A1,val
raw_data/A1.19/A1.19.TuD-DiB_08.JPG,A1.19.TuD-DiB_08.JPG,A1.19,A1,val
raw_data/A1.19/A1.19.TuD-DiB_09.JPG,A1.19.TuD-DiB_09.JPG,A1.19,A1,val
raw_data/A1.19/A1.19.TuD-DiB_10.JPG,A1.19.TuD-DiB_10.JPG,A1.19,A1,val
raw_data/A1.19/A1.19.TuD-DiB_11.JPG,A1.19.TuD-DiB_11.JPG,A1.19,A1,val
raw_data/A1.19/A1.19.TuD-DiB_12.JPG,A1.19.TuD-DiB_12.JPG,A1.19,A1,val
raw_data/A1.19/A1.19.TuD-DiB_13.JPG,A1.19.TuD-DiB_13.JPG,A1.19,A1,val
raw_data/A1.19/A1.19.TuD-DiB_14.JPG,A1.19.TuD-DiB_14.JPG,A1.19,A1,val
raw_data/A1.19/A1.19.TuD-DiB_15.JPG,A1.19.TuD-DiB_15.JPG,A1.19,A1,val
raw_data/A1.19/A1.19.TuD-DiB_16.JPG,A1.19.TuD-DiB_16.JPG,A1.19,A1,val
raw_data/A1.19/A1.19.TuD-DiB_17.JPG,A1.19.TuD-DiB_17.JPG,A1.19,A1,val
raw_data/A1.19/A1.19.TuD-DiB_18.JPG,A1.19.TuD-DiB_18.JPG,A1.19,A1,val
raw_data/A1.19/A1.19.TuD-DiB_19.JPG,A1.19.TuD-DiB_19.JPG,A1.19,A1,val
raw_data/A1.19/A1.19.TuD-DiB_20.JPG,A1.19.TuD-DiB_20.JPG,A1.19,A1,val
raw_data/A1.19/A1.19.TuD-DiB_21.JPG,A1.19.TuD-DiB_21.JPG,A1.19,A1,val
raw_data/A1.19/A1.19.TuD-DiB_22.JPG,A1.19.TuD-DiB_22.JPG,A1.19,A1,val
raw_data/A1.19/A1.19.TuD-DiB_23.JPG,A1.19.TuD-DiB_23.JPG,A1.19,A1,val
raw_data/A1.19/A1.19.TuD-DiB_24.JPG,A1.19.TuD-DiB_24.JPG,A1.19,A1,val
raw_data/A1.19/A1.19.TuD-DiB_25.JPG,A1.19.TuD-DiB_25.JPG,A1.19,A1,val
raw_data/A1.19/A1.19.TuD-DiB_26.JPG,A1.19.TuD-DiB_26.JPG,A1.19,A1,val
raw_data/A1.19/A1.19.TuD-DiB_27.JPG,A1.19.TuD-DiB_27.JPG,A1.19,A1,val
raw_data/A1.19/A1.19.TuD-DiB_28.JPG,A1.19.TuD-DiB_28.JPG,A1.19,A1,val
raw_data/A1.19/A1.19.TuD-DiB_29.JPG,A1.19.TuD-DiB_29.JPG,A1.19,A1,val
raw_data/A1.19/A1.19.TuD-DiB_30.JPG,A1.19.TuD-DiB_30.JPG,A1.19,A1,val
raw_data/A1.19/A1.19.TuD-DiB_31.JPG,A1.19.TuD-DiB_31.JPG,A1.19,A1,val
raw_data/A1.19/A1.19.TuD-DiB_32.JPG,A1.19.TuD-DiB_32.JPG,A1.19,A1,val
raw_data/A1.19/A1.19.TuD-DiB_33.JPG,A1.19.TuD-DiB_33.JPG,A1.19,A1,val
raw_data/A1.19/A1.19.TuD-DiB_34.JPG,A1.19.TuD-DiB_34.JPG,A1.19,A1,val
raw_data/A1.19/A1.19.TuD-DiB_35.JPG,A1.19.TuD-DiB_35.JPG,A1.19,A1,val
raw_data/A1.19/A1.19.TuD-DiB_36.JPG,A1.19.TuD-DiB_36.JPG,A1.19,A1,val
raw_data/A1.19/A1.19.TuD-DiB_37.JPG,A1.19.TuD-DiB_37.JPG,A1.19,A1,val
raw_data/A1.19/A1.19.TuD-DiB_38.JPG,A1.19.TuD-DiB_38.JPG,A1.19,A1,val
raw_data/A1.19/A1.19.TuD-DiB_39.JPG,A1.19.TuD-DiB_39.JPG,A1.19,A1,val
raw_data/A1.19/A1.19.TuD-DiB_40.JPG,A1.19.TuD-DiB_40.JPG,A1.19,A1,val
raw_data/A1.19/A1.19.TuD-DiB_41.JPG,A1.19.TuD-DiB_41.JPG,A1.19,A1,val
raw_data/A1.19/A1.19.TuD-DiB_42.JPG,A1.19.TuD-DiB_42.JPG,A1.19,A1,val
raw_data/A1.19/A1.19.TuD-DiB_43.JPG,A1.19.TuD-DiB_43.JPG,A1.19,A1,val
raw_data/A1.19/A1.19.TuD-DiB_44.JPG,A1.19.TuD-DiB_44.JPG,A1.19,A1,val
raw_data/A1.19/A1.19.TuD-DiB_45.JPG,A1.19.TuD-DiB_45.JPG,A1.19,A1,val
raw_data/A1.19/A1.19.TuD-DiB_46.JPG,A1.19.TuD-DiB_46.JPG,A1.19,A1,val
raw_data/A1.19/A1.19.TuD-DiB_47.JPG,A1.19.TuD-DiB_47.JPG,A1.19,A1,val
raw_data/A1.19/A1.19.TuD-DiB_48.JPG,A1.19.TuD-DiB_48.JPG,A1.19,A1,val
raw_data/A1.19/A1.19.TuD-DiB_49.JPG,A1.19.TuD-DiB_49.JPG,A1.19,A1,val
raw_data/A1.19/A1.19.TuD-DiB_50.JPG,A1.19.TuD-DiB_50.JPG,A1.19,A1,val
raw_data/A1.19/A1.19.TuD-DiB_51.JPG,A1.19.TuD-DiB_51.JPG,A1.19,A1,val
raw_data/A1.20/A1.20.Peo-Com_01.JPG,A1.20.Peo-Com_01.JPG,A1.20,A1,train
raw_data/A1.20/A1.20.Peo-Com_02.JPG,A1.20.Peo-Com_02.JPG,A1.20,A1,train
raw_data/A1.20/A1.20.Peo-Com_03.JPG,A1.20.Peo-Com_03.JPG,A1.20,A1,train
raw_data/A1.20/A1.20.Peo-Com_04.JPG,A1.20.Peo-Com_04.JPG,A1.20,A1,train
raw_data/A1.20/A1.20.Peo-Com_05.JPG,A1.20.Peo-Com_05.JPG,A1.20,A1,train
raw_data/A1.20/A1.20.Peo-Com_06.JPG,A1.20.Peo-Com_06.JPG,A1.20,A1,train
raw_data/A1.20/A1.20.Peo-Com_07.JPG,A1.20.Peo-Com_07.JPG,A1.20,A1,train
raw_data/A1.20/A1.20.Peo-Com_08.JPG,A1.20.Peo-Com_08.JPG,A1.20,A1,train
raw_data/A1.20/A1.20.Peo-Com_09.JPG,A1.20.Peo-Com_09.JPG,A1.20,A1,train
raw_data/A1.20/A1.20.Peo-Com_10.JPG,A1.20.Peo-Com_10.JPG,A1.20,A1,train
raw_data/A1.20/A1.20.Peo-Com_11.JPG,A1.20.Peo-Com_11.JPG,A1.20,A1,train
raw_data/A1.20/A1.20.Peo-Com_12.JPG,A1.20.Peo-Com_12.JPG,A1.20,A1,train
raw_data/A1.20/A1.20.Peo-Com_13.JPG,A1.20.Peo-Com_13.JPG,A1.20,A1,train
raw_data/A1.20/A1.20.Peo-Com_14.JPG,A1.20.Peo-Com_14.JPG,A1.20,A1,train
raw_data/A1.20/A1.20.Peo-Com_15.JPG,A1.20.Peo-Com_15.JPG,A1.20,A1,train
raw_data/A1.20/A1.20.Peo-Com_16.JPG,A1.20.Peo-Com_16.JPG,A1.20,A1,train
raw_data/A1.20/A1.20.Peo-Com_17.JPG,A1.20.Peo-Com_17.JPG,A1.20,A1,train
raw_data/A1.20/A1.20.Peo-Com_18.JPG,A1.20.Peo-Com_18.JPG,A1.20,A1,train
raw_data/A1.20/A1.20.Peo-Com_19.JPG,A1.20.Peo-Com_19.JPG,A1.20,A1,train
raw_data/A1.20/A1.20.Peo-Com_20.JPG,A1.20.Peo-Com_20.JPG,A1.20,A1,train
raw_data/A1.20/A1.20.Peo-Com_21.JPG,A1.20.Peo-Com_21.JPG,A1.20,A1,train
raw_data/A1.21/A1.21.Rai-Bui_01.JPG,A1.21.Rai-Bui_01.JPG,A1.21,A1,test
raw_data/A1.21/A1.21.Rai-Bui_02.JPG,A1.21.Rai-Bui_02.JPG,A1.21,A1,test
raw_data/A1.21/A1.21.Rai-Bui_03.JPG,A1.21.Rai-Bui_03.JPG,A1.21,A1,test
raw_data/A1.21/A1.21.Rai-Bui_04.JPG,A1.21.Rai-Bui_04.JPG,A1.21,A1,test
raw_data/A1.21/A1.21.Rai-Bui_05.JPG,A1.21.Rai-Bui_05.JPG,A1.21,A1,test
raw_data/A1.21/A1.21.Rai-Bui_06.JPG,A1.21.Rai-Bui_06.JPG,A1.21,A1,test
raw_data/A1.21/A1.21.Rai-Bui_07.JPG,A1.21.Rai-Bui_07.JPG,A1.21,A1,test
raw_data/A1.21/A1.21.Rai-Bui_08.JPG,A1.21.Rai-Bui_08.JPG,A1.21,A1,test
raw_data/A1.21/A1.21.Rai-Bui_09.JPG,A1.21.Rai-Bui_09.JPG,A1.21,A1,test
raw_data/A1.21/A1.21.Rai-Bui_10.JPG,A1.21.Rai-Bui_10.JPG,A1.21,A1,test
raw_data/A1.21/A1.21.Rai-Bui_11.JPG,A1.21.Rai-Bui_11.JPG,A1.21,A1,test
raw_data/A1.21/A1.21.Rai-Bui_12.JPG,A1.21.Rai-Bui_12.JPG,A1.21,A1,test
raw_data/A1.21/A1.21.Rai-Bui_13.JPG,A1.21.Rai-Bui_13.JPG,A1.21,A1,test
raw_data/A1.21/A1.21.Rai-Bui_14.JPG,A1.21.Rai-Bui_14.JPG,A1.21,A1,test
raw_data/A1.21/A1.21.Rai-Bui_15.JPG,A1.21.Rai-Bui_15.JPG,A1.21,A1,test
raw_data/A1.21/A1.21.Rai-Bui_16.JPG,A1.21.Rai-Bui_16.JPG,A1.21,A1,test
raw_data/A1.21/A1.21.Rai-Bui_17.JPG,A1.21.Rai-Bui_17.JPG,A1.21,A1,test
raw_data/A1.21/A1.21.Rai-Bui_18.JPG,A1.21.Rai-Bui_18.JPG,A1.21,A1,test
raw_data/A1.21/A1.21.Rai-Bui_19.JPG,A1.21.Rai-Bui_19.JPG,A1.21,A1,test
raw_data/A1.21/A1.21.Rai-Bui_20.JPG,A1.21.Rai-Bui_20.JPG,A1.21,A1,test
raw_data/A1.21/A1.21.Rai-Bui_21.JPG,A1.21.Rai-Bui_21.JPG,A1.21,A1,test
raw_data/A1.21/A1.21.Rai-Bui_22.JPG,A1.21.Rai-Bui_22.JPG,A1.21,A1,test
raw_data/A1.21/A1.21.Rai-Bui_23.JPG,A1.21.Rai-Bui_23.JPG,A1.21,A1,test
raw_data/A1.21/A1.21.Rai-Bui_24.JPG,A1.21.Rai-Bui_24.JPG,A1.21,A1,test
raw_data/A1.21/A1.21.Rai-Bui_25.JPG,A1.21.Rai-Bui_25.JPG,A1.21,A1,test
raw_data/A1.21/A1.21.Rai-Bui_26.JPG,A1.21.Rai-Bui_26.JPG,A1.21,A1,test
raw_data/A1.21/A1.21.Rai-Bui_27.JPG,A1.21.Rai-Bui_27.JPG,A1.21,A1,test
raw_data/A1.21/A1.21.Rai-Bui_28.JPG,A1.21.Rai-Bui_28.JPG,A1.21,A1,test
raw_data/A1.21/A1.21.Rai-Bui_29.JPG,A1.21.Rai-Bui_29.JPG,A1.21,A1,test
raw_data/A1.21/A1.21.Rai-Bui_30.JPG,A1.21.Rai-Bui_30.JPG,A1.21,A1,test
raw_data/A1.21/A1.21.Rai-Bui_31.JPG,A1.21.Rai-Bui_31.JPG,A1.21,A1,test
raw_data/A1.21/A1.21.Rai-Bui_32.JPG,A1.21.Rai-Bui_32.JPG,A1.21,A1,test
raw_data/A1.21/A1.21.Rai-Bui_33.JPG,A1.21.Rai-Bui_33.JPG,A1.21,A1,test
raw_data/A1.21/A1.21.Rai-Bui_34.JPG,A1.21.Rai-Bui_34.JPG,A1.21,A1,test
raw_data/A1.21/A1.21.Rai-Bui_35.JPG,A1.21.Rai-Bui_35.JPG,A1.21,A1,test
raw_data/A1.21/A1.21.Rai-Bui_36.JPG,A1.21.Rai-Bui_36.JPG,A1.21,A1,test
raw_data/A1.21/A1.21.Rai-Bui_37.JPG,A1.21.Rai-Bui_37.JPG,A1.21,A1,test
raw_data/A1.21/A1.21.Rai-Bui_38.JPG,A1.21.Rai-Bui_38.JPG,A1.21,A1,test
raw_data/A1.21/A1.21.Rai-Bui_39.JPG,A1.21.Rai-Bui_39.JPG,A1.21,A1,test
raw_data/A1.21/A1.21.Rai-Bui_40.JPG,A1.21.Rai-Bui_40.JPG,A1.21,A1,test
raw_data/A1.21/A1.21.Rai-Bui_41.JPG,A1.21.Rai-Bui_41.JPG,A1.21,A1,test
raw_data/A1.21/A1.21.Rai-Bui_42.JPG,A1.21.Rai-Bui_42.JPG,A1.21,A1,test
raw_data/A1.21/A1.21.Rai-Bui_43.JPG,A1.21.Rai-Bui_43.JPG,A1.21,A1,test
raw_data/A1.21/A1.21.Rai-Bui_44.JPG,A1.21.Rai-Bui_44.JPG,A1.21,A1,test
raw_data/A1.21/A1.21.Rai-Bui_45.JPG,A1.21.Rai-Bui_45.JPG,A1.21,A1,test
raw_data/A1.21/A1.21.Rai-Bui_46.JPG,A1.21.Rai-Bui_46.JPG,A1.21,A1,test
raw_data/A1.21/A1.21.Rai-Bui_47.JPG,A1.21.Rai-Bui_47.JPG,A1.21,A1,test
raw_data/A1.21/A1.21.Rai-Bui_48.JPG,A1.21.Rai-Bui_48.JPG,A1.21,A1,test
raw_data/A1.21/A1.21.Rai-Bui_49.JPG,A1.21.Rai-Bui_49.JPG,A1.21,A1,test
raw_data/A1.21/A1.21.Rai-Bui_50.JPG,A1.21.Rai-Bui_50.JPG,A1.21,A1,test
raw_data/A1.21/A1.21.Rai-Bui_51.JPG,A1.21.Rai-Bui_51.JPG,A1.21,A1,test
raw_data/A1.22 (need_review)/A1.22.Ben-Tha_100.jpg,A1.22.Ben-Tha_100.jpg,A1.22 (need_review),A1,train
raw_data/A1.22 (need_review)/A1.22.Ben-Tha_101.jpg,A1.22.Ben-Tha_101.jpg,A1.22 (need_review),A1,train
raw_data/A1.22 (need_review)/A1.22.Ben-Tha_102.jpg,A1.22.Ben-Tha_102.jpg,A1.22 (need_review),A1,train
raw_data/A1.22 (need_review)/A1.22.Ben-Tha_103.jpg,A1.22.Ben-Tha_103.jpg,A1.22 (need_review),A1,train
raw_data/A1.22 (need_review)/A1.22.Ben-Tha_104.jpg,A1.22.Ben-Tha_104.jpg,A1.22 (need_review),A1,train
raw_data/A1.22 (need_review)/A1.22.Ben-Tha_82.jpg,A1.22.Ben-Tha_82.jpg,A1.22 (need_review),A1,train
raw_data/A1.22 (need_review)/A1.22.Ben-Tha_83.jpg,A1.22.Ben-Tha_83.jpg,A1.22 (need_review),A1,train
raw_data/A1.22 (need_review)/A1.22.Ben-Tha_84.jpg,A1.22.Ben-Tha_84.jpg,A1.22 (need_review),A1,train
raw_data/A1.22 (need_review)/A1.22.Ben-Tha_85.jpg,A1.22.Ben-Tha_85.jpg,A1.22 (need_review),A1,train
raw_data/A1.22 (need_review)/A1.22.Ben-Tha_86.jpg,A1.22.Ben-Tha_86.jpg,A1.22 (need_review),A1,train
raw_data/A1.22 (need_review)/A1.22.Ben-Tha_87.jpg,A1.22.Ben-Tha_87.jpg,A1.22 (need_review),A1,train
raw_data/A1.22 (need_review)/A1.22.Ben-Tha_88.jpg,A1.22.Ben-Tha_88.jpg,A1.22 (need_review),A1,train
raw_data/A1.22 (need_review)/A1.22.Ben-Tha_89.jpg,A1.22.Ben-Tha_89.jpg,A1.22 (need_review),A1,train
raw_data/A1.22 (need_review)/A1.22.Ben-Tha_90.jpg,A1.22.Ben-Tha_90.jpg,A1.22 (need_review),A1,train
raw_data/A1.22 (need_review)/A1.22.Ben-Tha_91.jpg,A1.22.Ben-Tha_91.jpg,A1.22 (need_review),A1,train
raw_data/A1.22 (need_review)/A1.22.Ben-Tha_92.jpg,A1.22.Ben-Tha_92.jpg,A1.22 (need_review),A1,train
raw_data/A1.22 (need_review)/A1.22.Ben-Tha_93.jpg,A1.22.Ben-Tha_93.jpg,A1.22 (need_review),A1,train
raw_data/A1.22 (need_review)/A1.22.Ben-Tha_94.jpg,A1.22.Ben-Tha_94.jpg,A1.22 (need_review),A1,train
raw_data/A1.22 (need_review)/A1.22.Ben-Tha_95.jpg,A1.22.Ben-Tha_95.jpg,A1.22 (need_review),A1,train
raw_data/A1.22 (need_review)/A1.22.Ben-Tha_96.jpg,A1.22.Ben-Tha_96.jpg,A1.22 (need_review),A1,train
raw_data/A1.22 (need_review)/A1.22.Ben-Tha_97.jpg,A1.22.Ben-Tha_97.jpg,A1.22 (need_review),A1,train
raw_data/A1.22 (need_review)/A1.22.Ben-Tha_98.jpg,A1.22.Ben-Tha_98.jpg,A1.22 (need_review),A1,train
raw_data/A1.22 (need_review)/A1.22.Ben-Tha_99.jpg,A1.22.Ben-Tha_99.jpg,A1.22 (need_review),A1,train
raw_data/A1.23/A1.23.Tru-Vuo_01.JPG,A1.23.Tru-Vuo_01.JPG,A1.23,A1,val
raw_data/A1.23/A1.23.Tru-Vuo_02.JPG,A1.23.Tru-Vuo_02.JPG,A1.23,A1,val
raw_data/A1.23/A1.23.Tru-Vuo_03.JPG,A1.23.Tru-Vuo_03.JPG,A1.23,A1,val
raw_data/A1.23/A1.23.Tru-Vuo_04.JPG,A1.23.Tru-Vuo_04.JPG,A1.23,A1,val
raw_data/A1.23/A1.23.Tru-Vuo_05.JPG,A1.23.Tru-Vuo_05.JPG,A1.23,A1,val
raw_data/A1.23/A1.23.Tru-Vuo_06.JPG,A1.23.Tru-Vuo_06.JPG,A1.23,A1,val
raw_data/A1.23/A1.23.Tru-Vuo_07.JPG,A1.23.Tru-Vuo_07.JPG,A1.23,A1,val
raw_data/A1.23/A1.23.Tru-Vuo_08.JPG,A1.23.Tru-Vuo_08.JPG,A1.23,A1,val
raw_data/A1.23/A1.23.Tru-Vuo_09.JPG,A1.23.Tru-Vuo_09.JPG,A1.23,A1,val
raw_data/A1.23/A1.23.Tru-Vuo_10.JPG,A1.23.Tru-Vuo_10.JPG,A1.23,A1,val
raw_data/A1.23/A1.23.Tru-Vuo_100.JPG,A1.23.Tru-Vuo_100.JPG,A1.23,A1,val
raw_data/A1.23/A1.23.Tru-Vuo_101.JPG,A1.23.Tru-Vuo_101.JPG,A1.23,A1,val
raw_data/A1.23/A1.23.Tru-Vuo_102.JPG,A1.23.Tru-Vuo_102.JPG,A1.23,A1,val
raw_data/A1.23/A1.23.Tru-Vuo_103.JPG,A1.23.Tru-Vuo_103.JPG,A1.23,A1,val
raw_data/A1.23/A1.23.Tru-Vuo_104.JPG,A1.23.Tru-Vuo_104.JPG,A1.23,A1,val
raw_data/A1.23/A1.23.Tru-Vuo_105.JPG,A1.23.Tru-Vuo_105.JPG,A1.23,A1,val
raw_data/A1.23/A1.23.Tru-Vuo_106.JPG,A1.23.Tru-Vuo_106.JPG,A1.23,A1,val
raw_data/A1.23/A1.23.Tru-Vuo_107.JPG,A1.23.Tru-Vuo_107.JPG,A1.23,A1,val
raw_data/A1.23/A1.23.Tru-Vuo_108.JPG,A1.23.Tru-Vuo_108.JPG,A1.23,A1,val
raw_data/A1.23/A1.23.Tru-Vuo_109.JPG,A1.23.Tru-Vuo_109.JPG,A1.23,A1,val
raw_data/A1.23/A1.23.Tru-Vuo_11.JPG,A1.23.Tru-Vuo_11.JPG,A1.23,A1,val
raw_data/A1.23/A1.23.Tru-Vuo_110.JPG,A1.23.Tru-Vuo_110.JPG,A1.23,A1,val
raw_data/A1.23/A1.23.Tru-Vuo_111.JPG,A1.23.Tru-Vuo_111.JPG,A1.23,A1,val
raw_data/A1.23/A1.23.Tru-Vuo_112.JPG,A1.23.Tru-Vuo_112.JPG,A1.23,A1,val
raw_data/A1.23/A1.23.Tru-Vuo_12.JPG,A1.23.Tru-Vuo_12.JPG,A1.23,A1,val
raw_data/A1.23/A1.23.Tru-Vuo_13.JPG,A1.23.Tru-Vuo_13.JPG,A1.23,A1,val
raw_data/A1.23/A1.23.Tru-Vuo_14.JPG,A1.23.Tru-Vuo_14.JPG,A1.23,A1,val
raw_data/A1.23/A1.23.Tru-Vuo_15.JPG,A1.23.Tru-Vuo_15.JPG,A1.23,A1,val
raw_data/A1.23/A1.23.Tru-Vuo_16.JPG,A1.23.Tru-Vuo_16.JPG,A1.23,A1,val
raw_data/A1.23/A1.23.Tru-Vuo_17.JPG,A1.23.Tru-Vuo_17.JPG,A1.23,A1,val
raw_data/A1.23/A1.23.Tru-Vuo_18.JPG,A1.23.Tru-Vuo_18.JPG,A1.23,A1,val
raw_data/A1.23/A1.23.Tru-Vuo_19.JPG,A1.23.Tru-Vuo_19.JPG,A1.23,A1,val
raw_data/A1.23/A1.23.Tru-Vuo_20.JPG,A1.23.Tru-Vuo_20.JPG,A1.23,A1,val
raw_data/A1.23/A1.23.Tru-Vuo_21.JPG,A1.23.Tru-Vuo_21.JPG,A1.23,A1,val
raw_data/A1.23/A1.23.Tru-Vuo_22.JPG,A1.23.Tru-Vuo_22.JPG,A1.23,A1,val
raw_data/A1.23/A1.23.Tru-Vuo_23.JPG,A1.23.Tru-Vuo_23.JPG,A1.23,A1,val
raw_data/A1.23/A1.23.Tru-Vuo_24.JPG,A1.23.Tru-Vuo_24.JPG,A1.23,A1,val
raw_data/A1.23/A1.23.Tru-Vuo_25.JPG,A1.23.Tru-Vuo_25.JPG,A1.23,A1,val
raw_data/A1.23/A1.23.Tru-Vuo_26.JPG,A1.23.Tru-Vuo_26.JPG,A1.23,A1,val
raw_data/A1.23/A1.23.Tru-Vuo_27.JPG,A1.23.Tru-Vuo_27.JPG,A1.23,A1,val
raw_data/A1.23/A1.23.Tru-Vuo_28.JPG,A1.23.Tru-Vuo_28.JPG,A1.23,A1,val
raw_data/A1.23/A1.23.Tru-Vuo_29.JPG,A1.23.Tru-Vuo_29.JPG,A1.23,A1,val
raw_data/A1.23/A1.23.Tru-Vuo_30.JPG,A1.23.Tru-Vuo_30.JPG,A1.23,A1,val
raw_data/A1.23/A1.23.Tru-Vuo_31.JPG,A1.23.Tru-Vuo_31.JPG,A1.23,A1,val
raw_data/A1.23/A1.23.Tru-Vuo_32.JPG,A1.23.Tru-Vuo_32.JPG,A1.23,A1,val
raw_data/A1.23/A1.23.Tru-Vuo_33.JPG,A1.23.Tru-Vuo_33.JPG,A1.23,A1,val
raw_data/A1.23/A1.23.Tru-Vuo_34.JPG,A1.23.Tru-Vuo_34.JPG,A1.23,A1,val
raw_data/A1.23/A1.23.Tru-Vuo_35.JPG,A1.23.Tru-Vuo_35.JPG,A1.23,A1,val
raw_data/A1.23/A1.23.Tru-Vuo_36.JPG,A1.23.Tru-Vuo_36.JPG,A1.23,A1,val
raw_data/A1.23/A1.23.Tru-Vuo_37.JPG,A1.23.Tru-Vuo_37.JPG,A1.23,A1,val
raw_data/A1.23/A1.23.Tru-Vuo_38.JPG,A1.23.Tru-Vuo_38.JPG,A1.23,A1,val
raw_data/A1.23/A1.23.Tru-Vuo_39.JPG,A1.23.Tru-Vuo_39.JPG,A1.23,A1,val
raw_data/A1.23/A1.23.Tru-Vuo_40.JPG,A1.23.Tru-Vuo_40.JPG,A1.23,A1,val
raw_data/A1.23/A1.23.Tru-Vuo_41.JPG,A1.23.Tru-Vuo_41.JPG,A1.23,A1,val
raw_data/A1.23/A1.23.Tru-Vuo_42.JPG,A1.23.Tru-Vuo_42.JPG,A1.23,A1,val
raw_data/A1.23/A1.23.Tru-Vuo_43.JPG,A1.23.Tru-Vuo_43.JPG,A1.23,A1,val
raw_data/A1.23/A1.23.Tru-Vuo_44.JPG,A1.23.Tru-Vuo_44.JPG,A1.23,A1,val
raw_data/A1.23/A1.23.Tru-Vuo_45.JPG,A1.23.Tru-Vuo_45.JPG,A1.23,A1,val
raw_data/A1.23/A1.23.Tru-Vuo_46.JPG,A1.23.Tru-Vuo_46.JPG,A1.23,A1,val
raw_data/A1.23/A1.23.Tru-Vuo_47.JPG,A1.23.Tru-Vuo_47.JPG,A1.23,A1,val
raw_data/A1.23/A1.23.Tru-Vuo_48.JPG,A1.23.Tru-Vuo_48.JPG,A1.23,A1,val
raw_data/A1.23/A1.23.Tru-Vuo_49.JPG,A1.23.Tru-Vuo_49.JPG,A1.23,A1,val
raw_data/A1.23/A1.23.Tru-Vuo_50.JPG,A1.23.Tru-Vuo_50.JPG,A1.23,A1,val
raw_data/A1.23/A1.23.Tru-Vuo_51.JPG,A1.23.Tru-Vuo_51.JPG,A1.23,A1,val
raw_data/A1.23/A1.23.Tru-Vuo_52.JPG,A1.23.Tru-Vuo_52.JPG,A1.23,A1,val
raw_data/A1.23/A1.23.Tru-Vuo_53.JPG,A1.23.Tru-Vuo_53.JPG,A1.23,A1,val
raw_data/A1.23/A1.23.Tru-Vuo_54.JPG,A1.23.Tru-Vuo_54.JPG,A1.23,A1,val
raw_data/A1.23/A1.23.Tru-Vuo_55.JPG,A1.23.Tru-Vuo_55.JPG,A1.23,A1,val
raw_data/A1.23/A1.23.Tru-Vuo_56.JPG,A1.23.Tru-Vuo_56.JPG,A1.23,A1,val
raw_data/A1.23/A1.23.Tru-Vuo_57.JPG,A1.23.Tru-Vuo_57.JPG,A1.23,A1,val
raw_data/A1.23/A1.23.Tru-Vuo_58.JPG,A1.23.Tru-Vuo_58.JPG,A1.23,A1,val
raw_data/A1.23/A1.23.Tru-Vuo_59.JPG,A1.23.Tru-Vuo_59.JPG,A1.23,A1,val
raw_data/A1.23/A1.23.Tru-Vuo_60.JPG,A1.23.Tru-Vuo_60.JPG,A1.23,A1,val
raw_data/A1.23/A1.23.Tru-Vuo_61.JPG,A1.23.Tru-Vuo_61.JPG,A1.23,A1,val
raw_data/A1.23/A1.23.Tru-Vuo_62.JPG,A1.23.Tru-Vuo_62.JPG,A1.23,A1,val
raw_data/A1.23/A1.23.Tru-Vuo_63.JPG,A1.23.Tru-Vuo_63.JPG,A1.23,A1,val
raw_data/A1.23/A1.23.Tru-Vuo_64.JPG,A1.23.Tru-Vuo_64.JPG,A1.23,A1,val
raw_data/A1.23/A1.23.Tru-Vuo_65.JPG,A1.23.Tru-Vuo_65.JPG,A1.23,A1,val
raw_data/A1.23/A1.23.Tru-Vuo_66.JPG,A1.23.Tru-Vuo_66.JPG,A1.23,A1,val
raw_data/A1.23/A1.23.Tru-Vuo_67.JPG,A1.23.Tru-Vuo_67.JPG,A1.23,A1,val
raw_data/A1.23/A1.23.Tru-Vuo_68.JPG,A1.23.Tru-Vuo_68.JPG,A1.23,A1,val
raw_data/A1.23/A1.23.Tru-Vuo_69.JPG,A1.23.Tru-Vuo_69.JPG,A1.23,A1,val
raw_data/A1.23/A1.23.Tru-Vuo_70.JPG,A1.23.Tru-Vuo_70.JPG,A1.23,A1,val
raw_data/A1.23/A1.23.Tru-Vuo_71.JPG,A1.23.Tru-Vuo_71.JPG,A1.23,A1,val
raw_data/A1.23/A1.23.Tru-Vuo_72.JPG,A1.23.Tru-Vuo_72.JPG,A1.23,A1,val
raw_data/A1.23/A1.23.Tru-Vuo_73.JPG,A1.23.Tru-Vuo_73.JPG,A1.23,A1,val
raw_data/A1.23/A1.23.Tru-Vuo_74.JPG,A1.23.Tru-Vuo_74.JPG,A1.23,A1,val
raw_data/A1.23/A1.23.Tru-Vuo_75.JPG,A1.23.Tru-Vuo_75.JPG,A1.23,A1,val
raw_data/A1.23/A1.23.Tru-Vuo_76.JPG,A1.23.Tru-Vuo_76.JPG,A1.23,A1,val
raw_data/A1.23/A1.23.Tru-Vuo_77.JPG,A1.23.Tru-Vuo_77.JPG,A1.23,A1,val
raw_data/A1.23/A1.23.Tru-Vuo_78.JPG,A1.23.Tru-Vuo_78.JPG,A1.23,A1,val
raw_data/A1.23/A1.23.Tru-Vuo_79.JPG,A1.23.Tru-Vuo_79.JPG,A1.23,A1,val
raw_data/A1.23/A1.23.Tru-Vuo_80.JPG,A1.23.Tru-Vuo_80.JPG,A1.23,A1,val
raw_data/A1.23/A1.23.Tru-Vuo_81.JPG,A1.23.Tru-Vuo_81.JPG,A1.23,A1,val
raw_data/A1.23/A1.23.Tru-Vuo_82.JPG,A1.23.Tru-Vuo_82.JPG,A1.23,A1,val
raw_data/A1.23/A1.23.Tru-Vuo_83.JPG,A1.23.Tru-Vuo_83.JPG,A1.23,A1,val
raw_data/A1.23/A1.23.Tru-Vuo_84.JPG,A1.23.Tru-Vuo_84.JPG,A1.23,A1,val
raw_data/A1.23/A1.23.Tru-Vuo_85.JPG,A1.23.Tru-Vuo_85.JPG,A1.23,A1,val
raw_data/A1.23/A1.23.Tru-Vuo_86.JPG,A1.23.Tru-Vuo_86.JPG,A1.23,A1,val
raw_data/A1.23/A1.23.Tru-Vuo_87.JPG,A1.23.Tru-Vuo_87.JPG,A1.23,A1,val
raw_data/A1.23/A1.23.Tru-Vuo_88.JPG,A1.23.Tru-Vuo_88.JPG,A1.23,A1,val
raw_data/A1.23/A1.23.Tru-Vuo_89.JPG,A1.23.Tru-Vuo_89.JPG,A1.23,A1,val
raw_data/A1.23/A1.23.Tru-Vuo_90.JPG,A1.23.Tru-Vuo_90.JPG,A1.23,A1,val
raw_data/A1.23/A1.23.Tru-Vuo_91.JPG,A1.23.Tru-Vuo_91.JPG,A1.23,A1,val
raw_data/A1.23/A1.23.Tru-Vuo_92.JPG,A1.23.Tru-Vuo_92.JPG,A1.23,A1,val
raw_data/A1.23/A1.23.Tru-Vuo_93.JPG,A1.23.Tru-Vuo_93.JPG,A1.23,A1,val
raw_data/A1.23/A1.23.Tru-Vuo_94.JPG,A1.23.Tru-Vuo_94.JPG,A1.23,A1,val
raw_data/A1.23/A1.23.Tru-Vuo_95.JPG,A1.23.Tru-Vuo_95.JPG,A1.23,A1,val
raw_data/A1.23/A1.23.Tru-Vuo_96.JPG,A1.23.Tru-Vuo_96.JPG,A1.23,A1,val
raw_data/A1.23/A1.23.Tru-Vuo_97.JPG,A1.23.Tru-Vuo_97.JPG,A1.23,A1,val
raw_data/A1.23/A1.23.Tru-Vuo_98.JPG,A1.23.Tru-Vuo_98.JPG,A1.23,A1,val
raw_data/A1.23/A1.23.Tru-Vuo_99.JPG,A1.23.Tru-Vuo_99.JPG,A1.23,A1,val
raw_data/A1.24/A1.24.Indo-Ban_01.JPG,A1.24.Indo-Ban_01.JPG,A1.24,A1,val
raw_data/A1.24/A1.24.Indo-Ban_02.JPG,A1.24.Indo-Ban_02.JPG,A1.24,A1,val
raw_data/A1.24/A1.24.Indo-Ban_03.JPG,A1.24.Indo-Ban_03.JPG,A1.24,A1,val
raw_data/A1.24/A1.24.Indo-Ban_04.JPG,A1.24.Indo-Ban_04.JPG,A1.24,A1,val
raw_data/A1.24/A1.24.Indo-Ban_05.JPG,A1.24.Indo-Ban_05.JPG,A1.24,A1,val
raw_data/A1.24/A1.24.Indo-Ban_06.JPG,A1.24.Indo-Ban_06.JPG,A1.24,A1,val
raw_data/A1.24/A1.24.Indo-Ban_07.JPG,A1.24.Indo-Ban_07.JPG,A1.24,A1,val
raw_data/A1.24/A1.24.Indo-Ban_08.JPG,A1.24.Indo-Ban_08.JPG,A1.24,A1,val
raw_data/A1.24/A1.24.Indo-Ban_09.JPG,A1.24.Indo-Ban_09.JPG,A1.24,A1,val
raw_data/A1.24/A1.24.Indo-Ban_10.JPG,A1.24.Indo-Ban_10.JPG,A1.24,A1,val
raw_data/A1.24/A1.24.Indo-Ban_100.JPG,A1.24.Indo-Ban_100.JPG,A1.24,A1,val
raw_data/A1.24/A1.24.Indo-Ban_101.JPG,A1.24.Indo-Ban_101.JPG,A1.24,A1,val
raw_data/A1.24/A1.24.Indo-Ban_102.JPG,A1.24.Indo-Ban_102.JPG,A1.24,A1,val
raw_data/A1.24/A1.24.Indo-Ban_103.JPG,A1.24.Indo-Ban_103.JPG,A1.24,A1,val
raw_data/A1.24/A1.24.Indo-Ban_104.JPG,A1.24.Indo-Ban_104.JPG,A1.24,A1,val
raw_data/A1.24/A1.24.Indo-Ban_105.JPG,A1.24.Indo-Ban_105.JPG,A1.24,A1,val
raw_data/A1.24/A1.24.Indo-Ban_106.JPG,A1.24.Indo-Ban_106.JPG,A1.24,A1,val
raw_data/A1.24/A1.24.Indo-Ban_107.JPG,A1.24.Indo-Ban_107.JPG,A1.24,A1,val
raw_data/A1.24/A1.24.Indo-Ban_108.JPG,A1.24.Indo-Ban_108.JPG,A1.24,A1,val
raw_data/A1.24/A1.24.Indo-Ban_109.JPG,A1.24.Indo-Ban_109.JPG,A1.24,A1,val
raw_data/A1.24/A1.24.Indo-Ban_11.JPG,A1.24.Indo-Ban_11.JPG,A1.24,A1,val
raw_data/A1.24/A1.24.Indo-Ban_110.JPG,A1.24.Indo-Ban_110.JPG,A1.24,A1,val
raw_data/A1.24/A1.24.Indo-Ban_111.JPG,A1.24.Indo-Ban_111.JPG,A1.24,A1,val
raw_data/A1.24/A1.24.Indo-Ban_112.JPG,A1.24.Indo-Ban_112.JPG,A1.24,A1,val
raw_data/A1.24/A1.24.Indo-Ban_113.JPG,A1.24.Indo-Ban_113.JPG,A1.24,A1,val
raw_data/A1.24/A1.24.Indo-Ban_114.JPG,A1.24.Indo-Ban_114.JPG,A1.24,A1,val
raw_data/A1.24/A1.24.Indo-Ban_115.JPG,A1.24.Indo-Ban_115.JPG,A1.24,A1,val
raw_data/A1.24/A1.24.Indo-Ban_116.JPG,A1.24.Indo-Ban_116.JPG,A1.24,A1,val
raw_data/A1.24/A1.24.Indo-Ban_117.JPG,A1.24.Indo-Ban_117.JPG,A1.24,A1,val
raw_data/A1.24/A1.24.Indo-Ban_118.JPG,A1.24.Indo-Ban_118.JPG,A1.24,A1,val
raw_data/A1.24/A1.24.Indo-Ban_119.JPG,A1.24.Indo-Ban_119.JPG,A1.24,A1,val
raw_data/A1.24/A1.24.Indo-Ban_12.JPG,A1.24.Indo-Ban_12.JPG,A1.24,A1,val
raw_data/A1.24/A1.24.Indo-Ban_120.JPG,A1.24.Indo-Ban_120.JPG,A1.24,A1,val
raw_data/A1.24/A1.24.Indo-Ban_121.JPG,A1.24.Indo-Ban_121.JPG,A1.24,A1,val
raw_data/A1.24/A1.24.Indo-Ban_122.JPG,A1.24.Indo-Ban_122.JPG,A1.24,A1,val
raw_data/A1.24/A1.24.Indo-Ban_123.JPG,A1.24.Indo-Ban_123.JPG,A1.24,A1,val
raw_data/A1.24/A1.24.Indo-Ban_124.JPG,A1.24.Indo-Ban_124.JPG,A1.24,A1,val
raw_data/A1.24/A1.24.Indo-Ban_125.JPG,A1.24.Indo-Ban_125.JPG,A1.24,A1,val
raw_data/A1.24/A1.24.Indo-Ban_126.JPG,A1.24.Indo-Ban_126.JPG,A1.24,A1,val
raw_data/A1.24/A1.24.Indo-Ban_127.JPG,A1.24.Indo-Ban_127.JPG,A1.24,A1,val
raw_data/A1.24/A1.24.Indo-Ban_128.JPG,A1.24.Indo-Ban_128.JPG,A1.24,A1,val
raw_data/A1.24/A1.24.Indo-Ban_129.JPG,A1.24.Indo-Ban_129.JPG,A1.24,A1,val
raw_data/A1.24/A1.24.Indo-Ban_13.JPG,A1.24.Indo-Ban_13.JPG,A1.24,A1,val
raw_data/A1.24/A1.24.Indo-Ban_130.JPG,A1.24.Indo-Ban_130.JPG,A1.24,A1,val
raw_data/A1.24/A1.24.Indo-Ban_131.JPG,A1.24.Indo-Ban_131.JPG,A1.24,A1,val
raw_data/A1.24/A1.24.Indo-Ban_132.JPG,A1.24.Indo-Ban_132.JPG,A1.24,A1,val
raw_data/A1.24/A1.24.Indo-Ban_133.JPG,A1.24.Indo-Ban_133.JPG,A1.24,A1,val
raw_data/A1.24/A1.24.Indo-Ban_134.JPG,A1.24.Indo-Ban_134.JPG,A1.24,A1,val
raw_data/A1.24/A1.24.Indo-Ban_135.JPG,A1.24.Indo-Ban_135.JPG,A1.24,A1,val
raw_data/A1.24/A1.24.Indo-Ban_136.JPG,A1.24.Indo-Ban_136.JPG,A1.24,A1,val
raw_data/A1.24/A1.24.Indo-Ban_137.JPG,A1.24.Indo-Ban_137.JPG,A1.24,A1,val
raw_data/A1.24/A1.24.Indo-Ban_138.JPG,A1.24.Indo-Ban_138.JPG,A1.24,A1,val
raw_data/A1.24/A1.24.Indo-Ban_139.JPG,A1.24.Indo-Ban_139.JPG,A1.24,A1,val
raw_data/A1.24/A1.24.Indo-Ban_14.JPG,A1.24.Indo-Ban_14.JPG,A1.24,A1,val
raw_data/A1.24/A1.24.Indo-Ban_140.JPG,A1.24.Indo-Ban_140.JPG,A1.24,A1,val
raw_data/A1.24/A1.24.Indo-Ban_141.JPG,A1.24.Indo-Ban_141.JPG,A1.24,A1,val
raw_data/A1.24/A1.24.Indo-Ban_142.JPG,A1.24.Indo-Ban_142.JPG,A1.24,A1,val
raw_data/A1.24/A1.24.Indo-Ban_143.JPG,A1.24.Indo-Ban_143.JPG,A1.24,A1,val
raw_data/A1.24/A1.24.Indo-Ban_144.JPG,A1.24.Indo-Ban_144.JPG,A1.24,A1,val
raw_data/A1.24/A1.24.Indo-Ban_145.JPG,A1.24.Indo-Ban_145.JPG,A1.24,A1,val
raw_data/A1.24/A1.24.Indo-Ban_146.JPG,A1.24.Indo-Ban_146.JPG,A1.24,A1,val
raw_data/A1.24/A1.24.Indo-Ban_147.JPG,A1.24.Indo-Ban_147.JPG,A1.24,A1,val
raw_data/A1.24/A1.24.Indo-Ban_148.JPG,A1.24.Indo-Ban_148.JPG,A1.24,A1,val
raw_data/A1.24/A1.24.Indo-Ban_149.JPG,A1.24.Indo-Ban_149.JPG,A1.24,A1,val
raw_data/A1.24/A1.24.Indo-Ban_15.JPG,A1.24.Indo-Ban_15.JPG,A1.24,A1,val
raw_data/A1.24/A1.24.Indo-Ban_150.JPG,A1.24.Indo-Ban_150.JPG,A1.24,A1,val
raw_data/A1.24/A1.24.Indo-Ban_151.JPG,A1.24.Indo-Ban_151.JPG,A1.24,A1,val
raw_data/A1.24/A1.24.Indo-Ban_152.JPG,A1.24.Indo-Ban_152.JPG,A1.24,A1,val
raw_data/A1.24/A1.24.Indo-Ban_153.JPG,A1.24.Indo-Ban_153.JPG,A1.24,A1,val
raw_data/A1.24/A1.24.Indo-Ban_154.JPG,A1.24.Indo-Ban_154.JPG,A1.24,A1,val
raw_data/A1.24/A1.24.Indo-Ban_155.JPG,A1.24.Indo-Ban_155.JPG,A1.24,A1,val
raw_data/A1.24/A1.24.Indo-Ban_156.JPG,A1.24.Indo-Ban_156.JPG,A1.24,A1,val
raw_data/A1.24/A1.24.Indo-Ban_157.JPG,A1.24.Indo-Ban_157.JPG,A1.24,A1,val
raw_data/A1.24/A1.24.Indo-Ban_158.JPG,A1.24.Indo-Ban_158.JPG,A1.24,A1,val
raw_data/A1.24/A1.24.Indo-Ban_159.JPG,A1.24.Indo-Ban_159.JPG,A1.24,A1,val
raw_data/A1.24/A1.24.Indo-Ban_16.JPG,A1.24.Indo-Ban_16.JPG,A1.24,A1,val
raw_data/A1.24/A1.24.Indo-Ban_160.JPG,A1.24.Indo-Ban_160.JPG,A1.24,A1,val
raw_data/A1.24/A1.24.Indo-Ban_161.JPG,A1.24.Indo-Ban_161.JPG,A1.24,A1,val
raw_data/A1.24/A1.24.Indo-Ban_162.JPG,A1.24.Indo-Ban_162.JPG,A1.24,A1,val
raw_data/A1.24/A1.24.Indo-Ban_163.JPG,A1.24.Indo-Ban_163.JPG,A1.24,A1,val
raw_data/A1.24/A1.24.Indo-Ban_164.JPG,A1.24.Indo-Ban_164.JPG,A1.24,A1,val
raw_data/A1.24/A1.24.Indo-Ban_165.JPG,A1.24.Indo-Ban_165.JPG,A1.24,A1,val
raw_data/A1.24/A1.24.Indo-Ban_166.JPG,A1.24.Indo-Ban_166.JPG,A1.24,A1,val
raw_data/A1.24/A1.24.Indo-Ban_167.JPG,A1.24.Indo-Ban_167.JPG,A1.24,A1,val
raw_data/A1.24/A1.24.Indo-Ban_168.JPG,A1.24.Indo-Ban_168.JPG,A1.24,A1,val
raw_data/A1.24/A1.24.Indo-Ban_169.JPG,A1.24.Indo-Ban_169.JPG,A1.24,A1,val
raw_data/A1.24/A1.24.Indo-Ban_17.JPG,A1.24.Indo-Ban_17.JPG,A1.24,A1,val
raw_data/A1.24/A1.24.Indo-Ban_170.JPG,A1.24.Indo-Ban_170.JPG,A1.24,A1,val
raw_data/A1.24/A1.24.Indo-Ban_171.JPG,A1.24.Indo-Ban_171.JPG,A1.24,A1,val
raw_data/A1.24/A1.24.Indo-Ban_172.JPG,A1.24.Indo-Ban_172.JPG,A1.24,A1,val
raw_data/A1.24/A1.24.Indo-Ban_173.JPG,A1.24.Indo-Ban_173.JPG,A1.24,A1,val
raw_data/A1.24/A1.24.Indo-Ban_174.JPG,A1.24.Indo-Ban_174.JPG,A1.24,A1,val
raw_data/A1.24/A1.24.Indo-Ban_175.JPG,A1.24.Indo-Ban_175.JPG,A1.24,A1,val
raw_data/A1.24/A1.24.Indo-Ban_176.JPG,A1.24.Indo-Ban_176.JPG,A1.24,A1,val
raw_data/A1.24/A1.24.Indo-Ban_177.JPG,A1.24.Indo-Ban_177.JPG,A1.24,A1,val
raw_data/A1.24/A1.24.Indo-Ban_178.JPG,A1.24.Indo-Ban_178.JPG,A1.24,A1,val
raw_data/A1.24/A1.24.Indo-Ban_179.JPG,A1.24.Indo-Ban_179.JPG,A1.24,A1,val
raw_data/A1.24/A1.24.Indo-Ban_18.JPG,A1.24.Indo-Ban_18.JPG,A1.24,A1,val
raw_data/A1.24/A1.24.Indo-Ban_180.JPG,A1.24.Indo-Ban_180.JPG,A1.24,A1,val
raw_data/A1.24/A1.24.Indo-Ban_181.JPG,A1.24.Indo-Ban_181.JPG,A1.24,A1,val
raw_data/A1.24/A1.24.Indo-Ban_182.JPG,A1.24.Indo-Ban_182.JPG,A1.24,A1,val
raw_data/A1.24/A1.24.Indo-Ban_183.JPG,A1.24.Indo-Ban_183.JPG,A1.24,A1,val
raw_data/A1.24/A1.24.Indo-Ban_184.JPG,A1.24.Indo-Ban_184.JPG,A1.24,A1,val
raw_data/A1.24/A1.24.Indo-Ban_185.JPG,A1.24.Indo-Ban_185.JPG,A1.24,A1,val
raw_data/A1.24/A1.24.Indo-Ban_186.JPG,A1.24.Indo-Ban_186.JPG,A1.24,A1,val
raw_data/A1.24/A1.24.Indo-Ban_187.JPG,A1.24.Indo-Ban_187.JPG,A1.24,A1,val
raw_data/A1.24/A1.24.Indo-Ban_188.JPG,A1.24.Indo-Ban_188.JPG,A1.24,A1,val
raw_data/A1.24/A1.24.Indo-Ban_189.JPG,A1.24.Indo-Ban_189.JPG,A1.24,A1,val
raw_data/A1.24/A1.24.Indo-Ban_19.JPG,A1.24.Indo-Ban_19.JPG,A1.24,A1,val
raw_data/A1.24/A1.24.Indo-Ban_190.JPG,A1.24.Indo-Ban_190.JPG,A1.24,A1,val
raw_data/A1.24/A1.24.Indo-Ban_191.JPG,A1.24.Indo-Ban_191.JPG,A1.24,A1,val
raw_data/A1.24/A1.24.Indo-Ban_192.JPG,A1.24.Indo-Ban_192.JPG,A1.24,A1,val
raw_data/A1.24/A1.24.Indo-Ban_193.JPG,A1.24.Indo-Ban_193.JPG,A1.24,A1,val
raw_data/A1.24/A1.24.Indo-Ban_194.JPG,A1.24.Indo-Ban_194.JPG,A1.24,A1,val
raw_data/A1.24/A1.24.Indo-Ban_195.JPG,A1.24.Indo-Ban_195.JPG,A1.24,A1,val
raw_data/A1.24/A1.24.Indo-Ban_196.JPG,A1.24.Indo-Ban_196.JPG,A1.24,A1,val
raw_data/A1.24/A1.24.Indo-Ban_197.JPG,A1.24.Indo-Ban_197.JPG,A1.24,A1,val
raw_data/A1.24/A1.24.Indo-Ban_198.JPG,A1.24.Indo-Ban_198.JPG,A1.24,A1,val
raw_data/A1.24/A1.24.Indo-Ban_199.JPG,A1.24.Indo-Ban_199.JPG,A1.24,A1,val
raw_data/A1.24/A1.24.Indo-Ban_20.JPG,A1.24.Indo-Ban_20.JPG,A1.24,A1,val
raw_data/A1.24/A1.24.Indo-Ban_200.JPG,A1.24.Indo-Ban_200.JPG,A1.24,A1,val
raw_data/A1.24/A1.24.Indo-Ban_201.JPG,A1.24.Indo-Ban_201.JPG,A1.24,A1,val
raw_data/A1.24/A1.24.Indo-Ban_202.JPG,A1.24.Indo-Ban_202.JPG,A1.24,A1,val
raw_data/A1.24/A1.24.Indo-Ban_203.JPG,A1.24.Indo-Ban_203.JPG,A1.24,A1,val
raw_data/A1.24/A1.24.Indo-Ban_204.JPG,A1.24.Indo-Ban_204.JPG,A1.24,A1,val
raw_data/A1.24/A1.24.Indo-Ban_205.JPG,A1.24.Indo-Ban_205.JPG,A1.24,A1,val
raw_data/A1.24/A1.24.Indo-Ban_206.JPG,A1.24.Indo-Ban_206.JPG,A1.24,A1,val
raw_data/A1.24/A1.24.Indo-Ban_207.JPG,A1.24.Indo-Ban_207.JPG,A1.24,A1,val
raw_data/A1.24/A1.24.Indo-Ban_208.JPG,A1.24.Indo-Ban_208.JPG,A1.24,A1,val
raw_data/A1.24/A1.24.Indo-Ban_209.JPG,A1.24.Indo-Ban_209.JPG,A1.24,A1,val
raw_data/A1.24/A1.24.Indo-Ban_21.JPG,A1.24.Indo-Ban_21.JPG,A1.24,A1,val
raw_data/A1.24/A1.24.Indo-Ban_210.JPG,A1.24.Indo-Ban_210.JPG,A1.24,A1,val
raw_data/A1.24/A1.24.Indo-Ban_211.JPG,A1.24.Indo-Ban_211.JPG,A1.24,A1,val
raw_data/A1.24/A1.24.Indo-Ban_212.JPG,A1.24.Indo-Ban_212.JPG,A1.24,A1,val
raw_data/A1.24/A1.24.Indo-Ban_213.JPG,A1.24.Indo-Ban_213.JPG,A1.24,A1,val
raw_data/A1.24/A1.24.Indo-Ban_214.JPG,A1.24.Indo-Ban_214.JPG,A1.24,A1,val
raw_data/A1.24/A1.24.Indo-Ban_215.JPG,A1.24.Indo-Ban_215.JPG,A1.24,A1,val
raw_data/A1.24/A1.24.Indo-Ban_216.JPG,A1.24.Indo-Ban_216.JPG,A1.24,A1,val
raw_data/A1.24/A1.24.Indo-Ban_217.JPG,A1.24.Indo-Ban_217.JPG,A1.24,A1,val
raw_data/A1.24/A1.24.Indo-Ban_218.JPG,A1.24.Indo-Ban_218.JPG,A1.24,A1,val
raw_data/A1.24/A1.24.Indo-Ban_219.JPG,A1.24.Indo-Ban_219.JPG,A1.24,A1,val
raw_data/A1.24/A1.24.Indo-Ban_22.JPG,A1.24.Indo-Ban_22.JPG,A1.24,A1,val
raw_data/A1.24/A1.24.Indo-Ban_220.JPG,A1.24.Indo-Ban_220.JPG,A1.24,A1,val
raw_data/A1.24/A1.24.Indo-Ban_221.JPG,A1.24.Indo-Ban_221.JPG,A1.24,A1,val
raw_data/A1.24/A1.24.Indo-Ban_222.JPG,A1.24.Indo-Ban_222.JPG,A1.24,A1,val
raw_data/A1.24/A1.24.Indo-Ban_223.JPG,A1.24.Indo-Ban_223.JPG,A1.24,A1,val
raw_data/A1.24/A1.24.Indo-Ban_224.JPG,A1.24.Indo-Ban_224.JPG,A1.24,A1,val
raw_data/A1.24/A1.24.Indo-Ban_225.JPG,A1.24.Indo-Ban_225.JPG,A1.24,A1,val
raw_data/A1.24/A1.24.Indo-Ban_226.JPG,A1.24.Indo-Ban_226.JPG,A1.24,A1,val
raw_data/A1.24/A1.24.Indo-Ban_227.JPG,A1.24.Indo-Ban_227.JPG,A1.24,A1,val
raw_data/A1.24/A1.24.Indo-Ban_228.JPG,A1.24.Indo-Ban_228.JPG,A1.24,A1,val
raw_data/A1.24/A1.24.Indo-Ban_229.JPG,A1.24.Indo-Ban_229.JPG,A1.24,A1,val
raw_data/A1.24/A1.24.Indo-Ban_23.JPG,A1.24.Indo-Ban_23.JPG,A1.24,A1,val
raw_data/A1.24/A1.24.Indo-Ban_230.JPG,A1.24.Indo-Ban_230.JPG,A1.24,A1,val
raw_data/A1.24/A1.24.Indo-Ban_231.JPG,A1.24.Indo-Ban_231.JPG,A1.24,A1,val
raw_data/A1.24/A1.24.Indo-Ban_232.JPG,A1.24.Indo-Ban_232.JPG,A1.24,A1,val
raw_data/A1.24/A1.24.Indo-Ban_233.JPG,A1.24.Indo-Ban_233.JPG,A1.24,A1,val
raw_data/A1.24/A1.24.Indo-Ban_234.JPG,A1.24.Indo-Ban_234.JPG,A1.24,A1,val
raw_data/A1.24/A1.24.Indo-Ban_235.JPG,A1.24.Indo-Ban_235.JPG,A1.24,A1,val
raw_data/A1.24/A1.24.Indo-Ban_236.JPG,A1.24.Indo-Ban_236.JPG,A1.24,A1,val
raw_data/A1.24/A1.24.Indo-Ban_237.JPG,A1.24.Indo-Ban_237.JPG,A1.24,A1,val
raw_data/A1.24/A1.24.Indo-Ban_238.JPG,A1.24.Indo-Ban_238.JPG,A1.24,A1,val
raw_data/A1.24/A1.24.Indo-Ban_239.JPG,A1.24.Indo-Ban_239.JPG,A1.24,A1,val
raw_data/A1.24/A1.24.Indo-Ban_24.JPG,A1.24.Indo-Ban_24.JPG,A1.24,A1,val
raw_data/A1.24/A1.24.Indo-Ban_240.JPG,A1.24.Indo-Ban_240.JPG,A1.24,A1,val
raw_data/A1.24/A1.24.Indo-Ban_241.JPG,A1.24.Indo-Ban_241.JPG,A1.24,A1,val
raw_data/A1.24/A1.24.Indo-Ban_242.JPG,A1.24.Indo-Ban_242.JPG,A1.24,A1,val
raw_data/A1.24/A1.24.Indo-Ban_243.JPG,A1.24.Indo-Ban_243.JPG,A1.24,A1,val
raw_data/A1.24/A1.24.Indo-Ban_244.JPG,A1.24.Indo-Ban_244.JPG,A1.24,A1,val
raw_data/A1.24/A1.24.Indo-Ban_245.JPG,A1.24.Indo-Ban_245.JPG,A1.24,A1,val
raw_data/A1.24/A1.24.Indo-Ban_246.JPG,A1.24.Indo-Ban_246.JPG,A1.24,A1,val
raw_data/A1.24/A1.24.Indo-Ban_247.JPG,A1.24.Indo-Ban_247.JPG,A1.24,A1,val
raw_data/A1.24/A1.24.Indo-Ban_248.JPG,A1.24.Indo-Ban_248.JPG,A1.24,A1,val
raw_data/A1.24/A1.24.Indo-Ban_249.JPG,A1.24.Indo-Ban_249.JPG,A1.24,A1,val
raw_data/A1.24/A1.24.Indo-Ban_25.JPG,A1.24.Indo-Ban_25.JPG,A1.24,A1,val
raw_data/A1.24/A1.24.Indo-Ban_250.JPG,A1.24.Indo-Ban_250.JPG,A1.24,A1,val
raw_data/A1.24/A1.24.Indo-Ban_251.JPG,A1.24.Indo-Ban_251.JPG,A1.24,A1,val
raw_data/A1.24/A1.24.Indo-Ban_252.JPG,A1.24.Indo-Ban_252.JPG,A1.24,A1,val
raw_data/A1.24/A1.24.Indo-Ban_253.JPG,A1.24.Indo-Ban_253.JPG,A1.24,A1,val
raw_data/A1.24/A1.24.Indo-Ban_254.JPG,A1.24.Indo-Ban_254.JPG,A1.24,A1,val
raw_data/A1.24/A1.24.Indo-Ban_255.JPG,A1.24.Indo-Ban_255.JPG,A1.24,A1,val
raw_data/A1.24/A1.24.Indo-Ban_256.JPG,A1.24.Indo-Ban_256.JPG,A1.24,A1,val
raw_data/A1.24/A1.24.Indo-Ban_257.JPG,A1.24.Indo-Ban_257.JPG,A1.24,A1,val
raw_data/A1.24/A1.24.Indo-Ban_258.JPG,A1.24.Indo-Ban_258.JPG,A1.24,A1,val
raw_data/A1.24/A1.24.Indo-Ban_259.JPG,A1.24.Indo-Ban_259.JPG,A1.24,A1,val
raw_data/A1.24/A1.24.Indo-Ban_26.JPG,A1.24.Indo-Ban_26.JPG,A1.24,A1,val
raw_data/A1.24/A1.24.Indo-Ban_260.JPG,A1.24.Indo-Ban_260.JPG,A1.24,A1,val
raw_data/A1.24/A1.24.Indo-Ban_261.JPG,A1.24.Indo-Ban_261.JPG,A1.24,A1,val
raw_data/A1.24/A1.24.Indo-Ban_262.JPG,A1.24.Indo-Ban_262.JPG,A1.24,A1,val
raw_data/A1.24/A1.24.Indo-Ban_263.JPG,A1.24.Indo-Ban_263.JPG,A1.24,A1,val
raw_data/A1.24/A1.24.Indo-Ban_264.JPG,A1.24.Indo-Ban_264.JPG,A1.24,A1,val
raw_data/A1.24/A1.24.Indo-Ban_265.JPG,A1.24.Indo-Ban_265.JPG,A1.24,A1,val
raw_data/A1.24/A1.24.Indo-Ban_266.JPG,A1.24.Indo-Ban_266.JPG,A1.24,A1,val
raw_data/A1.24/A1.24.Indo-Ban_267.JPG,A1.24.Indo-Ban_267.JPG,A1.24,A1,val
raw_data/A1.24/A1.24.Indo-Ban_268.JPG,A1.24.Indo-Ban_268.JPG,A1.24,A1,val
raw_data/A1.24/A1.24.Indo-Ban_269.JPG,A1.24.Indo-Ban_269.JPG,A1.24,A1,val
raw_data/A1.24/A1.24.Indo-Ban_27.JPG,A1.24.Indo-Ban_27.JPG,A1.24,A1,val
raw_data/A1.24/A1.24.Indo-Ban_270.JPG,A1.24.Indo-Ban_270.JPG,A1.24,A1,val
raw_data/A1.24/A1.24.Indo-Ban_271.JPG,A1.24.Indo-Ban_271.JPG,A1.24,A1,val
raw_data/A1.24/A1.24.Indo-Ban_272.JPG,A1.24.Indo-Ban_272.JPG,A1.24,A1,val
raw_data/A1.24/A1.24.Indo-Ban_273.JPG,A1.24.Indo-Ban_273.JPG,A1.24,A1,val
raw_data/A1.24/A1.24.Indo-Ban_274.JPG,A1.24.Indo-Ban_274.JPG,A1.24,A1,val
raw_data/A1.24/A1.24.Indo-Ban_275.JPG,A1.24.Indo-Ban_275.JPG,A1.24,A1,val
raw_data/A1.24/A1.24.Indo-Ban_276.JPG,A1.24.Indo-Ban_276.JPG,A1.24,A1,val
raw_data/A1.24/A1.24.Indo-Ban_277.JPG,A1.24.Indo-Ban_277.JPG,A1.24,A1,val
raw_data/A1.24/A1.24.Indo-Ban_278.JPG,A1.24.Indo-Ban_278.JPG,A1.24,A1,val
raw_data/A1.24/A1.24.Indo-Ban_279.JPG,A1.24.Indo-Ban_279.JPG,A1.24,A1,val
raw_data/A1.24/A1.24.Indo-Ban_28.JPG,A1.24.Indo-Ban_28.JPG,A1.24,A1,val
raw_data/A1.24/A1.24.Indo-Ban_280.JPG,A1.24.Indo-Ban_280.JPG,A1.24,A1,val
raw_data/A1.24/A1.24.Indo-Ban_281.JPG,A1.24.Indo-Ban_281.JPG,A1.24,A1,val
raw_data/A1.24/A1.24.Indo-Ban_282.JPG,A1.24.Indo-Ban_282.JPG,A1.24,A1,val
raw_data/A1.24/A1.24.Indo-Ban_283.JPG,A1.24.Indo-Ban_283.JPG,A1.24,A1,val
raw_data/A1.24/A1.24.Indo-Ban_284.JPG,A1.24.Indo-Ban_284.JPG,A1.24,A1,val
raw_data/A1.24/A1.24.Indo-Ban_285.JPG,A1.24.Indo-Ban_285.JPG,A1.24,A1,val
raw_data/A1.24/A1.24.Indo-Ban_286.JPG,A1.24.Indo-Ban_286.JPG,A1.24,A1,val
raw_data/A1.24/A1.24.Indo-Ban_287.JPG,A1.24.Indo-Ban_287.JPG,A1.24,A1,val
raw_data/A1.24/A1.24.Indo-Ban_288.JPG,A1.24.Indo-Ban_288.JPG,A1.24,A1,val
raw_data/A1.24/A1.24.Indo-Ban_289.JPG,A1.24.Indo-Ban_289.JPG,A1.24,A1,val
raw_data/A1.24/A1.24.Indo-Ban_29.JPG,A1.24.Indo-Ban_29.JPG,A1.24,A1,val
raw_data/A1.24/A1.24.Indo-Ban_290.JPG,A1.24.Indo-Ban_290.JPG,A1.24,A1,val
raw_data/A1.24/A1.24.Indo-Ban_291.JPG,A1.24.Indo-Ban_291.JPG,A1.24,A1,val
raw_data/A1.24/A1.24.Indo-Ban_292.JPG,A1.24.Indo-Ban_292.JPG,A1.24,A1,val
raw_data/A1.24/A1.24.Indo-Ban_293.JPG,A1.24.Indo-Ban_293.JPG,A1.24,A1,val
raw_data/A1.24/A1.24.Indo-Ban_294.JPG,A1.24.Indo-Ban_294.JPG,A1.24,A1,val
raw_data/A1.24/A1.24.Indo-Ban_295.JPG,A1.24.Indo-Ban_295.JPG,A1.24,A1,val
raw_data/A1.24/A1.24.Indo-Ban_296.JPG,A1.24.Indo-Ban_296.JPG,A1.24,A1,val
raw_data/A1.24/A1.24.Indo-Ban_297.JPG,A1.24.Indo-Ban_297.JPG,A1.24,A1,val
raw_data/A1.24/A1.24.Indo-Ban_298.JPG,A1.24.Indo-Ban_298.JPG,A1.24,A1,val
raw_data/A1.24/A1.24.Indo-Ban_299.JPG,A1.24.Indo-Ban_299.JPG,A1.24,A1,val
raw_data/A1.24/A1.24.Indo-Ban_30.JPG,A1.24.Indo-Ban_30.JPG,A1.24,A1,val
raw_data/A1.24/A1.24.Indo-Ban_300.JPG,A1.24.Indo-Ban_300.JPG,A1.24,A1,val
raw_data/A1.24/A1.24.Indo-Ban_301.JPG,A1.24.Indo-Ban_301.JPG,A1.24,A1,val
raw_data/A1.24/A1.24.Indo-Ban_302.JPG,A1.24.Indo-Ban_302.JPG,A1.24,A1,val
raw_data/A1.24/A1.24.Indo-Ban_303.JPG,A1.24.Indo-Ban_303.JPG,A1.24,A1,val
raw_data/A1.24/A1.24.Indo-Ban_304.JPG,A1.24.Indo-Ban_304.JPG,A1.24,A1,val
raw_data/A1.24/A1.24.Indo-Ban_305.JPG,A1.24.Indo-Ban_305.JPG,A1.24,A1,val
raw_data/A1.24/A1.24.Indo-Ban_306.JPG,A1.24.Indo-Ban_306.JPG,A1.24,A1,val
raw_data/A1.24/A1.24.Indo-Ban_307.JPG,A1.24.Indo-Ban_307.JPG,A1.24,A1,val
raw_data/A1.24/A1.24.Indo-Ban_308.JPG,A1.24.Indo-Ban_308.JPG,A1.24,A1,val
raw_data/A1.24/A1.24.Indo-Ban_309.JPG,A1.24.Indo-Ban_309.JPG,A1.24,A1,val
raw_data/A1.24/A1.24.Indo-Ban_31.JPG,A1.24.Indo-Ban_31.JPG,A1.24,A1,val
raw_data/A1.24/A1.24.Indo-Ban_310.JPG,A1.24.Indo-Ban_310.JPG,A1.24,A1,val
raw_data/A1.24/A1.24.Indo-Ban_311.JPG,A1.24.Indo-Ban_311.JPG,A1.24,A1,val
raw_data/A1.24/A1.24.Indo-Ban_312.JPG,A1.24.Indo-Ban_312.JPG,A1.24,A1,val
raw_data/A1.24/A1.24.Indo-Ban_313.JPG,A1.24.Indo-Ban_313.JPG,A1.24,A1,val
raw_data/A1.24/A1.24.Indo-Ban_314.JPG,A1.24.Indo-Ban_314.JPG,A1.24,A1,val
raw_data/A1.24/A1.24.Indo-Ban_315.JPG,A1.24.Indo-Ban_315.JPG,A1.24,A1,val
raw_data/A1.24/A1.24.Indo-Ban_316.JPG,A1.24.Indo-Ban_316.JPG,A1.24,A1,val
raw_data/A1.24/A1.24.Indo-Ban_317.JPG,A1.24.Indo-Ban_317.JPG,A1.24,A1,val
raw_data/A1.24/A1.24.Indo-Ban_318.JPG,A1.24.Indo-Ban_318.JPG,A1.24,A1,val
raw_data/A1.24/A1.24.Indo-Ban_319.JPG,A1.24.Indo-Ban_319.JPG,A1.24,A1,val
raw_data/A1.24/A1.24.Indo-Ban_32.JPG,A1.24.Indo-Ban_32.JPG,A1.24,A1,val
raw_data/A1.24/A1.24.Indo-Ban_320.JPG,A1.24.Indo-Ban_320.JPG,A1.24,A1,val
raw_data/A1.24/A1.24.Indo-Ban_321.JPG,A1.24.Indo-Ban_321.JPG,A1.24,A1,val
raw_data/A1.24/A1.24.Indo-Ban_322.JPG,A1.24.Indo-Ban_322.JPG,A1.24,A1,val
raw_data/A1.24/A1.24.Indo-Ban_323.JPG,A1.24.Indo-Ban_323.JPG,A1.24,A1,val
raw_data/A1.24/A1.24.Indo-Ban_324.JPG,A1.24.Indo-Ban_324.JPG,A1.24,A1,val
raw_data/A1.24/A1.24.Indo-Ban_325.JPG,A1.24.Indo-Ban_325.JPG,A1.24,A1,val
raw_data/A1.24/A1.24.Indo-Ban_326.JPG,A1.24.Indo-Ban_326.JPG,A1.24,A1,val
raw_data/A1.24/A1.24.Indo-Ban_327.JPG,A1.24.Indo-Ban_327.JPG,A1.24,A1,val
raw_data/A1.24/A1.24.Indo-Ban_328.JPG,A1.24.Indo-Ban_328.JPG,A1.24,A1,val
raw_data/A1.24/A1.24.Indo-Ban_329.JPG,A1.24.Indo-Ban_329.JPG,A1.24,A1,val
raw_data/A1.24/A1.24.Indo-Ban_33.JPG,A1.24.Indo-Ban_33.JPG,A1.24,A1,val
raw_data/A1.24/A1.24.Indo-Ban_330.JPG,A1.24.Indo-Ban_330.JPG,A1.24,A1,val
raw_data/A1.24/A1.24.Indo-Ban_331.JPG,A1.24.Indo-Ban_331.JPG,A1.24,A1,val
raw_data/A1.24/A1.24.Indo-Ban_332.JPG,A1.24.Indo-Ban_332.JPG,A1.24,A1,val
raw_data/A1.24/A1.24.Indo-Ban_333.JPG,A1.24.Indo-Ban_333.JPG,A1.24,A1,val
raw_data/A1.24/A1.24.Indo-Ban_334.JPG,A1.24.Indo-Ban_334.JPG,A1.24,A1,val
raw_data/A1.24/A1.24.Indo-Ban_335.JPG,A1.24.Indo-Ban_335.JPG,A1.24,A1,val
raw_data/A1.24/A1.24.Indo-Ban_336.JPG,A1.24.Indo-Ban_336.JPG,A1.24,A1,val
raw_data/A1.24/A1.24.Indo-Ban_337.JPG,A1.24.Indo-Ban_337.JPG,A1.24,A1,val
raw_data/A1.24/A1.24.Indo-Ban_338.JPG,A1.24.Indo-Ban_338.JPG,A1.24,A1,val
raw_data/A1.24/A1.24.Indo-Ban_339.JPG,A1.24.Indo-Ban_339.JPG,A1.24,A1,val
raw_data/A1.24/A1.24.Indo-Ban_34.JPG,A1.24.Indo-Ban_34.JPG,A1.24,A1,val
raw_data/A1.24/A1.24.Indo-Ban_340.JPG,A1.24.Indo-Ban_340.JPG,A1.24,A1,val
raw_data/A1.24/A1.24.Indo-Ban_341.JPG,A1.24.Indo-Ban_341.JPG,A1.24,A1,val
raw_data/A1.24/A1.24.Indo-Ban_342.JPG,A1.24.Indo-Ban_342.JPG,A1.24,A1,val
raw_data/A1.24/A1.24.Indo-Ban_343.JPG,A1.24.Indo-Ban_343.JPG,A1.24,A1,val
raw_data/A1.24/A1.24.Indo-Ban_344.JPG,A1.24.Indo-Ban_344.JPG,A1.24,A1,val
raw_data/A1.24/A1.24.Indo-Ban_345.JPG,A1.24.Indo-Ban_345.JPG,A1.24,A1,val
raw_data/A1.24/A1.24.Indo-Ban_346.JPG,A1.24.Indo-Ban_346.JPG,A1.24,A1,val
raw_data/A1.24/A1.24.Indo-Ban_347.JPG,A1.24.Indo-Ban_347.JPG,A1.24,A1,val
raw_data/A1.24/A1.24.Indo-Ban_348.JPG,A1.24.Indo-Ban_348.JPG,A1.24,A1,val
raw_data/A1.24/A1.24.Indo-Ban_349.JPG,A1.24.Indo-Ban_349.JPG,A1.24,A1,val
raw_data/A1.24/A1.24.Indo-Ban_35.JPG,A1.24.Indo-Ban_35.JPG,A1.24,A1,val
raw_data/A1.24/A1.24.Indo-Ban_350.JPG,A1.24.Indo-Ban_350.JPG,A1.24,A1,val
raw_data/A1.24/A1.24.Indo-Ban_351.JPG,A1.24.Indo-Ban_351.JPG,A1.24,A1,val
raw_data/A1.24/A1.24.Indo-Ban_352.JPG,A1.24.Indo-Ban_352.JPG,A1.24,A1,val
raw_data/A1.24/A1.24.Indo-Ban_353.JPG,A1.24.Indo-Ban_353.JPG,A1.24,A1,val
raw_data/A1.24/A1.24.Indo-Ban_354.JPG,A1.24.Indo-Ban_354.JPG,A1.24,A1,val
raw_data/A1.24/A1.24.Indo-Ban_355.JPG,A1.24.Indo-Ban_355.JPG,A1.24,A1,val
raw_data/A1.24/A1.24.Indo-Ban_356.JPG,A1.24.Indo-Ban_356.JPG,A1.24,A1,val
raw_data/A1.24/A1.24.Indo-Ban_357.JPG,A1.24.Indo-Ban_357.JPG,A1.24,A1,val
raw_data/A1.24/A1.24.Indo-Ban_358.JPG,A1.24.Indo-Ban_358.JPG,A1.24,A1,val
raw_data/A1.24/A1.24.Indo-Ban_359.JPG,A1.24.Indo-Ban_359.JPG,A1.24,A1,val
raw_data/A1.24/A1.24.Indo-Ban_36.JPG,A1.24.Indo-Ban_36.JPG,A1.24,A1,val
raw_data/A1.24/A1.24.Indo-Ban_360.JPG,A1.24.Indo-Ban_360.JPG,A1.24,A1,val
raw_data/A1.24/A1.24.Indo-Ban_361.JPG,A1.24.Indo-Ban_361.JPG,A1.24,A1,val
raw_data/A1.24/A1.24.Indo-Ban_362.JPG,A1.24.Indo-Ban_362.JPG,A1.24,A1,val
raw_data/A1.24/A1.24.Indo-Ban_37.JPG,A1.24.Indo-Ban_37.JPG,A1.24,A1,val
raw_data/A1.24/A1.24.Indo-Ban_38.JPG,A1.24.Indo-Ban_38.JPG,A1.24,A1,val
raw_data/A1.24/A1.24.Indo-Ban_39.JPG,A1.24.Indo-Ban_39.JPG,A1.24,A1,val
raw_data/A1.24/A1.24.Indo-Ban_40.JPG,A1.24.Indo-Ban_40.JPG,A1.24,A1,val
raw_data/A1.24/A1.24.Indo-Ban_41.JPG,A1.24.Indo-Ban_41.JPG,A1.24,A1,val
raw_data/A1.24/A1.24.Indo-Ban_42.JPG,A1.24.Indo-Ban_42.JPG,A1.24,A1,val
raw_data/A1.24/A1.24.Indo-Ban_43.JPG,A1.24.Indo-Ban_43.JPG,A1.24,A1,val
raw_data/A1.24/A1.24.Indo-Ban_44.JPG,A1.24.Indo-Ban_44.JPG,A1.24,A1,val
raw_data/A1.24/A1.24.Indo-Ban_45.JPG,A1.24.Indo-Ban_45.JPG,A1.24,A1,val
raw_data/A1.24/A1.24.Indo-Ban_46.JPG,A1.24.Indo-Ban_46.JPG,A1.24,A1,val
raw_data/A1.24/A1.24.Indo-Ban_47.JPG,A1.24.Indo-Ban_47.JPG,A1.24,A1,val
raw_data/A1.24/A1.24.Indo-Ban_48.JPG,A1.24.Indo-Ban_48.JPG,A1.24,A1,val
raw_data/A1.24/A1.24.Indo-Ban_49.JPG,A1.24.Indo-Ban_49.JPG,A1.24,A1,val
raw_data/A1.24/A1.24.Indo-Ban_50.JPG,A1.24.Indo-Ban_50.JPG,A1.24,A1,val
raw_data/A1.24/A1.24.Indo-Ban_51.JPG,A1.24.Indo-Ban_51.JPG,A1.24,A1,val
raw_data/A1.24/A1.24.Indo-Ban_52.JPG,A1.24.Indo-Ban_52.JPG,A1.24,A1,val
raw_data/A1.24/A1.24.Indo-Ban_53.JPG,A1.24.Indo-Ban_53.JPG,A1.24,A1,val
raw_data/A1.24/A1.24.Indo-Ban_54.JPG,A1.24.Indo-Ban_54.JPG,A1.24,A1,val
raw_data/A1.24/A1.24.Indo-Ban_55.JPG,A1.24.Indo-Ban_55.JPG,A1.24,A1,val
raw_data/A1.24/A1.24.Indo-Ban_56.JPG,A1.24.Indo-Ban_56.JPG,A1.24,A1,val
raw_data/A1.24/A1.24.Indo-Ban_57.JPG,A1.24.Indo-Ban_57.JPG,A1.24,A1,val
raw_data/A1.24/A1.24.Indo-Ban_58.JPG,A1.24.Indo-Ban_58.JPG,A1.24,A1,val
raw_data/A1.24/A1.24.Indo-Ban_59.JPG,A1.24.Indo-Ban_59.JPG,A1.24,A1,val
raw_data/A1.24/A1.24.Indo-Ban_60.JPG,A1.24.Indo-Ban_60.JPG,A1.24,A1,val
raw_data/A1.24/A1.24.Indo-Ban_61.JPG,A1.24.Indo-Ban_61.JPG,A1.24,A1,val
raw_data/A1.24/A1.24.Indo-Ban_62.JPG,A1.24.Indo-Ban_62.JPG,A1.24,A1,val
raw_data/A1.24/A1.24.Indo-Ban_63.JPG,A1.24.Indo-Ban_63.JPG,A1.24,A1,val
raw_data/A1.24/A1.24.Indo-Ban_64.JPG,A1.24.Indo-Ban_64.JPG,A1.24,A1,val
raw_data/A1.24/A1.24.Indo-Ban_65.JPG,A1.24.Indo-Ban_65.JPG,A1.24,A1,val
raw_data/A1.24/A1.24.Indo-Ban_66.JPG,A1.24.Indo-Ban_66.JPG,A1.24,A1,val
raw_data/A1.24/A1.24.Indo-Ban_67.JPG,A1.24.Indo-Ban_67.JPG,A1.24,A1,val
raw_data/A1.24/A1.24.Indo-Ban_68.JPG,A1.24.Indo-Ban_68.JPG,A1.24,A1,val
raw_data/A1.24/A1.24.Indo-Ban_69.JPG,A1.24.Indo-Ban_69.JPG,A1.24,A1,val
raw_data/A1.24/A1.24.Indo-Ban_70.JPG,A1.24.Indo-Ban_70.JPG,A1.24,A1,val
raw_data/A1.24/A1.24.Indo-Ban_71.JPG,A1.24.Indo-Ban_71.JPG,A1.24,A1,val
raw_data/A1.24/A1.24.Indo-Ban_72.JPG,A1.24.Indo-Ban_72.JPG,A1.24,A1,val
raw_data/A1.24/A1.24.Indo-Ban_73.JPG,A1.24.Indo-Ban_73.JPG,A1.24,A1,val
raw_data/A1.24/A1.24.Indo-Ban_74.JPG,A1.24.Indo-Ban_74.JPG,A1.24,A1,val
raw_data/A1.24/A1.24.Indo-Ban_75.JPG,A1.24.Indo-Ban_75.JPG,A1.24,A1,val
raw_data/A1.24/A1.24.Indo-Ban_76.JPG,A1.24.Indo-Ban_76.JPG,A1.24,A1,val
raw_data/A1.24/A1.24.Indo-Ban_77.JPG,A1.24.Indo-Ban_77.JPG,A1.24,A1,val
raw_data/A1.24/A1.24.Indo-Ban_78.JPG,A1.24.Indo-Ban_78.JPG,A1.24,A1,val
raw_data/A1.24/A1.24.Indo-Ban_79.JPG,A1.24.Indo-Ban_79.JPG,A1.24,A1,val
raw_data/A1.24/A1.24.Indo-Ban_80.JPG,A1.24.Indo-Ban_80.JPG,A1.24,A1,val
raw_data/A1.24/A1.24.Indo-Ban_81.JPG,A1.24.Indo-Ban_81.JPG,A1.24,A1,val
raw_data/A1.24/A1.24.Indo-Ban_82.JPG,A1.24.Indo-Ban_82.JPG,A1.24,A1,val
raw_data/A1.24/A1.24.Indo-Ban_83.JPG,A1.24.Indo-Ban_83.JPG,A1.24,A1,val
raw_data/A1.24/A1.24.Indo-Ban_84.JPG,A1.24.Indo-Ban_84.JPG,A1.24,A1,val
raw_data/A1.24/A1.24.Indo-Ban_85.JPG,A1.24.Indo-Ban_85.JPG,A1.24,A1,val
raw_data/A1.24/A1.24.Indo-Ban_86.JPG,A1.24.Indo-Ban_86.JPG,A1.24,A1,val
raw_data/A1.24/A1.24.Indo-Ban_87.JPG,A1.24.Indo-Ban_87.JPG,A1.24,A1,val
raw_data/A1.24/A1.24.Indo-Ban_88.JPG,A1.24.Indo-Ban_88.JPG,A1.24,A1,val
raw_data/A1.24/A1.24.Indo-Ban_89.JPG,A1.24.Indo-Ban_89.JPG,A1.24,A1,val
raw_data/A1.24/A1.24.Indo-Ban_90.JPG,A1.24.Indo-Ban_90.JPG,A1.24,A1,val
raw_data/A1.24/A1.24.Indo-Ban_91.JPG,A1.24.Indo-Ban_91.JPG,A1.24,A1,val
raw_data/A1.24/A1.24.Indo-Ban_92.JPG,A1.24.Indo-Ban_92.JPG,A1.24,A1,val
raw_data/A1.24/A1.24.Indo-Ban_93.JPG,A1.24.Indo-Ban_93.JPG,A1.24,A1,val
raw_data/A1.24/A1.24.Indo-Ban_94.JPG,A1.24.Indo-Ban_94.JPG,A1.24,A1,val
raw_data/A1.24/A1.24.Indo-Ban_95.JPG,A1.24.Indo-Ban_95.JPG,A1.24,A1,val
raw_data/A1.24/A1.24.Indo-Ban_96.JPG,A1.24.Indo-Ban_96.JPG,A1.24,A1,val
raw_data/A1.24/A1.24.Indo-Ban_97.JPG,A1.24.Indo-Ban_97.JPG,A1.24,A1,val
raw_data/A1.24/A1.24.Indo-Ban_98.JPG,A1.24.Indo-Ban_98.JPG,A1.24,A1,val
raw_data/A1.24/A1.24.Indo-Ban_99.JPG,A1.24.Indo-Ban_99.JPG,A1.24,A1,val
raw_data/A1.25/A1.25.Gra-Sai_01.JPG,A1.25.Gra-Sai_01.JPG,A1.25,A1,train
raw_data/A1.25/A1.25.Gra-Sai_02.JPG,A1.25.Gra-Sai_02.JPG,A1.25,A1,train
raw_data/A1.25/A1.25.Gra-Sai_03.JPG,A1.25.Gra-Sai_03.JPG,A1.25,A1,train
raw_data/A1.25/A1.25.Gra-Sai_04.JPG,A1.25.Gra-Sai_04.JPG,A1.25,A1,train
raw_data/A1.25/A1.25.Gra-Sai_05.JPG,A1.25.Gra-Sai_05.JPG,A1.25,A1,train
raw_data/A1.25/A1.25.Gra-Sai_06.JPG,A1.25.Gra-Sai_06.JPG,A1.25,A1,train
raw_data/A1.25/A1.25.Gra-Sai_07.JPG,A1.25.Gra-Sai_07.JPG,A1.25,A1,train
raw_data/A1.25/A1.25.Gra-Sai_08.JPG,A1.25.Gra-Sai_08.JPG,A1.25,A1,train
raw_data/A1.25/A1.25.Gra-Sai_09.JPG,A1.25.Gra-Sai_09.JPG,A1.25,A1,train
raw_data/A1.25/A1.25.Gra-Sai_10.JPG,A1.25.Gra-Sai_10.JPG,A1.25,A1,train
raw_data/A1.25/A1.25.Gra-Sai_11.JPG,A1.25.Gra-Sai_11.JPG,A1.25,A1,train
raw_data/A1.25/A1.25.Gra-Sai_12.JPG,A1.25.Gra-Sai_12.JPG,A1.25,A1,train
raw_data/A1.25/A1.25.Gra-Sai_13.JPG,A1.25.Gra-Sai_13.JPG,A1.25,A1,train
raw_data/A1.25/A1.25.Gra-Sai_14.JPG,A1.25.Gra-Sai_14.JPG,A1.25,A1,train
raw_data/A1.25/A1.25.Gra-Sai_15.JPG,A1.25.Gra-Sai_15.JPG,A1.25,A1,train
raw_data/A1.25/A1.25.Gra-Sai_16.JPG,A1.25.Gra-Sai_16.JPG,A1.25,A1,train
raw_data/A1.25/A1.25.Gra-Sai_17.JPG,A1.25.Gra-Sai_17.JPG,A1.25,A1,train
raw_data/A1.25/A1.25.Gra-Sai_18.JPG,A1.25.Gra-Sai_18.JPG,A1.25,A1,train
raw_data/A1.25/A1.25.Gra-Sai_19.JPG,A1.25.Gra-Sai_19.JPG,A1.25,A1,train
raw_data/A1.25/A1.25.Gra-Sai_20.JPG,A1.25.Gra-Sai_20.JPG,A1.25,A1,train
raw_data/A1.25/A1.25.Gra-Sai_21.JPG,A1.25.Gra-Sai_21.JPG,A1.25,A1,train
raw_data/A1.25/A1.25.Gra-Sai_22.JPG,A1.25.Gra-Sai_22.JPG,A1.25,A1,train
raw_data/A1.25/A1.25.Gra-Sai_23.JPG,A1.25.Gra-Sai_23.JPG,A1.25,A1,train
raw_data/A1.25/A1.25.Gra-Sai_24.JPG,A1.25.Gra-Sai_24.JPG,A1.25,A1,train
raw_data/A1.25/A1.25.Gra-Sai_25.JPG,A1.25.Gra-Sai_25.JPG,A1.25,A1,train
raw_data/A1.25/A1.25.Gra-Sai_26.JPG,A1.25.Gra-Sai_26.JPG,A1.25,A1,train
raw_data/A1.25/A1.25.Gra-Sai_27.JPG,A1.25.Gra-Sai_27.JPG,A1.25,A1,train
raw_data/A1.25/A1.25.Gra-Sai_28.JPG,A1.25.Gra-Sai_28.JPG,A1.25,A1,train
raw_data/A1.25/A1.25.Gra-Sai_29.JPG,A1.25.Gra-Sai_29.JPG,A1.25,A1,train
raw_data/A1.25/A1.25.Gra-Sai_30.JPG,A1.25.Gra-Sai_30.JPG,A1.25,A1,train
raw_data/A1.25/A1.25.Gra-Sai_31.JPG,A1.25.Gra-Sai_31.JPG,A1.25,A1,train
raw_data/A1.25/A1.25.Gra-Sai_32.JPG,A1.25.Gra-Sai_32.JPG,A1.25,A1,train
raw_data/A1.25/A1.25.Gra-Sai_33.JPG,A1.25.Gra-Sai_33.JPG,A1.25,A1,train
raw_data/A1.25/A1.25.Gra-Sai_34.JPG,A1.25.Gra-Sai_34.JPG,A1.25,A1,train
raw_data/A1.25/A1.25.Gra-Sai_35.JPG,A1.25.Gra-Sai_35.JPG,A1.25,A1,train
raw_data/A1.25/A1.25.Gra-Sai_36.JPG,A1.25.Gra-Sai_36.JPG,A1.25,A1,train
raw_data/A1.25/A1.25.Gra-Sai_37.JPG,A1.25.Gra-Sai_37.JPG,A1.25,A1,train
raw_data/A1.25/A1.25.Gra-Sai_38.JPG,A1.25.Gra-Sai_38.JPG,A1.25,A1,train
raw_data/A1.25/A1.25.Gra-Sai_39.JPG,A1.25.Gra-Sai_39.JPG,A1.25,A1,train
raw_data/A1.25/A1.25.Gra-Sai_40.JPG,A1.25.Gra-Sai_40.JPG,A1.25,A1,train
raw_data/A1.25/A1.25.Gra-Sai_41.JPG,A1.25.Gra-Sai_41.JPG,A1.25,A1,train
raw_data/A1.25/A1.25.Gra-Sai_42.JPG,A1.25.Gra-Sai_42.JPG,A1.25,A1,train
raw_data/A1.25/A1.25.Gra-Sai_43.JPG,A1.25.Gra-Sai_43.JPG,A1.25,A1,train
raw_data/A1.25/A1.25.Gra-Sai_44.JPG,A1.25.Gra-Sai_44.JPG,A1.25,A1,train
raw_data/A1.25/A1.25.Gra-Sai_45.JPG,A1.25.Gra-Sai_45.JPG,A1.25,A1,train
raw_data/A1.25/A1.25.Gra-Sai_46.JPG,A1.25.Gra-Sai_46.JPG,A1.25,A1,train
raw_data/A1.25/A1.25.Gra-Sai_47.JPG,A1.25.Gra-Sai_47.JPG,A1.25,A1,train
raw_data/A1.25/A1.25.Gra-Sai_48.JPG,A1.25.Gra-Sai_48.JPG,A1.25,A1,train
raw_data/A1.25/A1.25.Gra-Sai_49.JPG,A1.25.Gra-Sai_49.JPG,A1.25,A1,train
raw_data/A1.25/A1.25.Gra-Sai_50.JPG,A1.25.Gra-Sai_50.JPG,A1.25,A1,train
raw_data/A1.25/A1.25.Gra-Sai_51.JPG,A1.25.Gra-Sai_51.JPG,A1.25,A1,train
raw_data/A1.25/A1.25.Gra-Sai_52.JPG,A1.25.Gra-Sai_52.JPG,A1.25,A1,train
raw_data/A1.25/A1.25.Gra-Sai_53.JPG,A1.25.Gra-Sai_53.JPG,A1.25,A1,train
raw_data/A1.25/A1.25.Gra-Sai_54.JPG,A1.25.Gra-Sai_54.JPG,A1.25,A1,train
raw_data/A1.25/A1.25.Gra-Sai_55.JPG,A1.25.Gra-Sai_55.JPG,A1.25,A1,train
raw_data/A1.25/A1.25.Gra-Sai_56.JPG,A1.25.Gra-Sai_56.JPG,A1.25,A1,train
raw_data/A1.25/A1.25.Gra-Sai_57.JPG,A1.25.Gra-Sai_57.JPG,A1.25,A1,train
raw_data/A1.25/A1.25.Gra-Sai_58.JPG,A1.25.Gra-Sai_58.JPG,A1.25,A1,train
raw_data/A1.25/A1.25.Gra-Sai_59.JPG,A1.25.Gra-Sai_59.JPG,A1.25,A1,train
raw_data/A1.25/A1.25.Gra-Sai_60.JPG,A1.25.Gra-Sai_60.JPG,A1.25,A1,train
raw_data/A1.25/A1.25.Gra-Sai_61.JPG,A1.25.Gra-Sai_61.JPG,A1.25,A1,train
raw_data/A1.25/A1.25.Gra-Sai_62.JPG,A1.25.Gra-Sai_62.JPG,A1.25,A1,train
raw_data/A1.25/A1.25.Gra-Sai_63.JPG,A1.25.Gra-Sai_63.JPG,A1.25,A1,train
raw_data/A1.25/A1.25.Gra-Sai_64.JPG,A1.25.Gra-Sai_64.JPG,A1.25,A1,train
raw_data/A1.25/A1.25.Gra-Sai_65.JPG,A1.25.Gra-Sai_65.JPG,A1.25,A1,train
raw_data/A1.25/A1.25.Gra-Sai_66.JPG,A1.25.Gra-Sai_66.JPG,A1.25,A1,train
raw_data/A1.25/A1.25.Gra-Sai_67.JPG,A1.25.Gra-Sai_67.JPG,A1.25,A1,train
raw_data/A1.25/A1.25.Gra-Sai_68.JPG,A1.25.Gra-Sai_68.JPG,A1.25,A1,train
raw_data/A1.25/A1.25.Gra-Sai_69.JPG,A1.25.Gra-Sai_69.JPG,A1.25,A1,train
raw_data/A1.25/A1.25.Gra-Sai_70.JPG,A1.25.Gra-Sai_70.JPG,A1.25,A1,train
raw_data/A1.25/A1.25.Gra-Sai_71.JPG,A1.25.Gra-Sai_71.JPG,A1.25,A1,train
raw_data/A1.25/A1.25.Gra-Sai_72.JPG,A1.25.Gra-Sai_72.JPG,A1.25,A1,train
raw_data/A1.25/A1.25.Gra-Sai_73.JPG,A1.25.Gra-Sai_73.JPG,A1.25,A1,train
raw_data/A1.25/A1.25.Gra-Sai_74.JPG,A1.25.Gra-Sai_74.JPG,A1.25,A1,train
raw_data/A1.25/A1.25.Gra-Sai_75.JPG,A1.25.Gra-Sai_75.JPG,A1.25,A1,train
raw_data/A1.25/A1.25.Gra-Sai_76.JPG,A1.25.Gra-Sai_76.JPG,A1.25,A1,train
raw_data/A1.25/A1.25.Gra-Sai_77.JPG,A1.25.Gra-Sai_77.JPG,A1.25,A1,train
raw_data/A1.25/A1.25.Gra-Sai_78.JPG,A1.25.Gra-Sai_78.JPG,A1.25,A1,train
raw_data/A1.25/A1.25.Gra-Sai_79.JPG,A1.25.Gra-Sai_79.JPG,A1.25,A1,train
raw_data/A1.25/A1.25.Gra-Sai_80.JPG,A1.25.Gra-Sai_80.JPG,A1.25,A1,train
raw_data/A1.25/A1.25.Gra-Sai_81.JPG,A1.25.Gra-Sai_81.JPG,A1.25,A1,train
raw_data/A1.25/A1.25.Gra-Sai_82.JPG,A1.25.Gra-Sai_82.JPG,A1.25,A1,train
raw_data/A1.25/A1.25.Gra-Sai_83.JPG,A1.25.Gra-Sai_83.JPG,A1.25,A1,train
raw_data/A1.25/A1.25.Gra-Sai_84.JPG,A1.25.Gra-Sai_84.JPG,A1.25,A1,train
raw_data/A1.25/A1.25.Gra-Sai_85.JPG,A1.25.Gra-Sai_85.JPG,A1.25,A1,train
raw_data/A1.25/A1.25.Gra-Sai_86.JPG,A1.25.Gra-Sai_86.JPG,A1.25,A1,train
raw_data/A1.25/A1.25.Gra-Sai_87.JPG,A1.25.Gra-Sai_87.JPG,A1.25,A1,train
raw_data/A1.25/A1.25.Gra-Sai_88.JPG,A1.25.Gra-Sai_88.JPG,A1.25,A1,train
raw_data/A1.25/A1.25.Gra-Sai_89.JPG,A1.25.Gra-Sai_89.JPG,A1.25,A1,train
raw_data/A1.25/A1.25.Gra-Sai_90.JPG,A1.25.Gra-Sai_90.JPG,A1.25,A1,train
raw_data/A1.25/A1.25.Gra-Sai_91.JPG,A1.25.Gra-Sai_91.JPG,A1.25,A1,train
raw_data/A1.25/A1.25.Gra-Sai_92.JPG,A1.25.Gra-Sai_92.JPG,A1.25,A1,train
raw_data/A1.25/A1.25.Gra-Sai_93.JPG,A1.25.Gra-Sai_93.JPG,A1.25,A1,train
raw_data/A1.26/A1.26.Tan-Din_01.JPG,A1.26.Tan-Din_01.JPG,A1.26,A1,train
raw_data/A1.26/A1.26.Tan-Din_02.JPG,A1.26.Tan-Din_02.JPG,A1.26,A1,train
raw_data/A1.26/A1.26.Tan-Din_03.JPG,A1.26.Tan-Din_03.JPG,A1.26,A1,train
raw_data/A1.26/A1.26.Tan-Din_04.JPG,A1.26.Tan-Din_04.JPG,A1.26,A1,train
raw_data/A1.26/A1.26.Tan-Din_05.JPG,A1.26.Tan-Din_05.JPG,A1.26,A1,train
raw_data/A1.26/A1.26.Tan-Din_06.JPG,A1.26.Tan-Din_06.JPG,A1.26,A1,train
raw_data/A1.26/A1.26.Tan-Din_07.JPG,A1.26.Tan-Din_07.JPG,A1.26,A1,train
raw_data/A1.26/A1.26.Tan-Din_08.JPG,A1.26.Tan-Din_08.JPG,A1.26,A1,train
raw_data/A1.26/A1.26.Tan-Din_09.JPG,A1.26.Tan-Din_09.JPG,A1.26,A1,train
raw_data/A1.26/A1.26.Tan-Din_10.JPG,A1.26.Tan-Din_10.JPG,A1.26,A1,train
raw_data/A1.26/A1.26.Tan-Din_100.JPG,A1.26.Tan-Din_100.JPG,A1.26,A1,train
raw_data/A1.26/A1.26.Tan-Din_101.JPG,A1.26.Tan-Din_101.JPG,A1.26,A1,train
raw_data/A1.26/A1.26.Tan-Din_102.JPG,A1.26.Tan-Din_102.JPG,A1.26,A1,train
raw_data/A1.26/A1.26.Tan-Din_103.JPG,A1.26.Tan-Din_103.JPG,A1.26,A1,train
raw_data/A1.26/A1.26.Tan-Din_104.JPG,A1.26.Tan-Din_104.JPG,A1.26,A1,train
raw_data/A1.26/A1.26.Tan-Din_105.JPG,A1.26.Tan-Din_105.JPG,A1.26,A1,train
raw_data/A1.26/A1.26.Tan-Din_106.JPG,A1.26.Tan-Din_106.JPG,A1.26,A1,train
raw_data/A1.26/A1.26.Tan-Din_107.JPG,A1.26.Tan-Din_107.JPG,A1.26,A1,train
raw_data/A1.26/A1.26.Tan-Din_108.JPG,A1.26.Tan-Din_108.JPG,A1.26,A1,train
raw_data/A1.26/A1.26.Tan-Din_109.JPG,A1.26.Tan-Din_109.JPG,A1.26,A1,train
raw_data/A1.26/A1.26.Tan-Din_11.JPG,A1.26.Tan-Din_11.JPG,A1.26,A1,train
raw_data/A1.26/A1.26.Tan-Din_110.JPG,A1.26.Tan-Din_110.JPG,A1.26,A1,train
raw_data/A1.26/A1.26.Tan-Din_111.JPG,A1.26.Tan-Din_111.JPG,A1.26,A1,train
raw_data/A1.26/A1.26.Tan-Din_112.JPG,A1.26.Tan-Din_112.JPG,A1.26,A1,train
raw_data/A1.26/A1.26.Tan-Din_113.JPG,A1.26.Tan-Din_113.JPG,A1.26,A1,train
raw_data/A1.26/A1.26.Tan-Din_114.JPG,A1.26.Tan-Din_114.JPG,A1.26,A1,train
raw_data/A1.26/A1.26.Tan-Din_115.JPG,A1.26.Tan-Din_115.JPG,A1.26,A1,train
raw_data/A1.26/A1.26.Tan-Din_116.JPG,A1.26.Tan-Din_116.JPG,A1.26,A1,train
raw_data/A1.26/A1.26.Tan-Din_117.JPG,A1.26.Tan-Din_117.JPG,A1.26,A1,train
raw_data/A1.26/A1.26.Tan-Din_118.JPG,A1.26.Tan-Din_118.JPG,A1.26,A1,train
raw_data/A1.26/A1.26.Tan-Din_119.JPG,A1.26.Tan-Din_119.JPG,A1.26,A1,train
raw_data/A1.26/A1.26.Tan-Din_12.JPG,A1.26.Tan-Din_12.JPG,A1.26,A1,train
raw_data/A1.26/A1.26.Tan-Din_120.JPG,A1.26.Tan-Din_120.JPG,A1.26,A1,train
raw_data/A1.26/A1.26.Tan-Din_121.JPG,A1.26.Tan-Din_121.JPG,A1.26,A1,train
raw_data/A1.26/A1.26.Tan-Din_122.JPG,A1.26.Tan-Din_122.JPG,A1.26,A1,train
raw_data/A1.26/A1.26.Tan-Din_123.JPG,A1.26.Tan-Din_123.JPG,A1.26,A1,train
raw_data/A1.26/A1.26.Tan-Din_124.JPG,A1.26.Tan-Din_124.JPG,A1.26,A1,train
raw_data/A1.26/A1.26.Tan-Din_125.JPG,A1.26.Tan-Din_125.JPG,A1.26,A1,train
raw_data/A1.26/A1.26.Tan-Din_126.JPG,A1.26.Tan-Din_126.JPG,A1.26,A1,train
raw_data/A1.26/A1.26.Tan-Din_127.JPG,A1.26.Tan-Din_127.JPG,A1.26,A1,train
raw_data/A1.26/A1.26.Tan-Din_128.JPG,A1.26.Tan-Din_128.JPG,A1.26,A1,train
raw_data/A1.26/A1.26.Tan-Din_129.JPG,A1.26.Tan-Din_129.JPG,A1.26,A1,train
raw_data/A1.26/A1.26.Tan-Din_13.JPG,A1.26.Tan-Din_13.JPG,A1.26,A1,train
raw_data/A1.26/A1.26.Tan-Din_130.JPG,A1.26.Tan-Din_130.JPG,A1.26,A1,train
raw_data/A1.26/A1.26.Tan-Din_131.JPG,A1.26.Tan-Din_131.JPG,A1.26,A1,train
raw_data/A1.26/A1.26.Tan-Din_132.JPG,A1.26.Tan-Din_132.JPG,A1.26,A1,train
raw_data/A1.26/A1.26.Tan-Din_133.JPG,A1.26.Tan-Din_133.JPG,A1.26,A1,train
raw_data/A1.26/A1.26.Tan-Din_134.JPG,A1.26.Tan-Din_134.JPG,A1.26,A1,train
raw_data/A1.26/A1.26.Tan-Din_135.JPG,A1.26.Tan-Din_135.JPG,A1.26,A1,train
raw_data/A1.26/A1.26.Tan-Din_136.JPG,A1.26.Tan-Din_136.JPG,A1.26,A1,train
raw_data/A1.26/A1.26.Tan-Din_137.JPG,A1.26.Tan-Din_137.JPG,A1.26,A1,train
raw_data/A1.26/A1.26.Tan-Din_138.JPG,A1.26.Tan-Din_138.JPG,A1.26,A1,train
raw_data/A1.26/A1.26.Tan-Din_139.JPG,A1.26.Tan-Din_139.JPG,A1.26,A1,train
raw_data/A1.26/A1.26.Tan-Din_14.JPG,A1.26.Tan-Din_14.JPG,A1.26,A1,train
raw_data/A1.26/A1.26.Tan-Din_140.JPG,A1.26.Tan-Din_140.JPG,A1.26,A1,train
raw_data/A1.26/A1.26.Tan-Din_141.JPG,A1.26.Tan-Din_141.JPG,A1.26,A1,train
raw_data/A1.26/A1.26.Tan-Din_142.JPG,A1.26.Tan-Din_142.JPG,A1.26,A1,train
raw_data/A1.26/A1.26.Tan-Din_143.JPG,A1.26.Tan-Din_143.JPG,A1.26,A1,train
raw_data/A1.26/A1.26.Tan-Din_144.JPG,A1.26.Tan-Din_144.JPG,A1.26,A1,train
raw_data/A1.26/A1.26.Tan-Din_145.JPG,A1.26.Tan-Din_145.JPG,A1.26,A1,train
raw_data/A1.26/A1.26.Tan-Din_146.JPG,A1.26.Tan-Din_146.JPG,A1.26,A1,train
raw_data/A1.26/A1.26.Tan-Din_147.JPG,A1.26.Tan-Din_147.JPG,A1.26,A1,train
raw_data/A1.26/A1.26.Tan-Din_148.JPG,A1.26.Tan-Din_148.JPG,A1.26,A1,train
raw_data/A1.26/A1.26.Tan-Din_149.JPG,A1.26.Tan-Din_149.JPG,A1.26,A1,train
raw_data/A1.26/A1.26.Tan-Din_15.JPG,A1.26.Tan-Din_15.JPG,A1.26,A1,train
raw_data/A1.26/A1.26.Tan-Din_150.JPG,A1.26.Tan-Din_150.JPG,A1.26,A1,train
raw_data/A1.26/A1.26.Tan-Din_151.JPG,A1.26.Tan-Din_151.JPG,A1.26,A1,train
raw_data/A1.26/A1.26.Tan-Din_152.JPG,A1.26.Tan-Din_152.JPG,A1.26,A1,train
raw_data/A1.26/A1.26.Tan-Din_153.JPG,A1.26.Tan-Din_153.JPG,A1.26,A1,train
raw_data/A1.26/A1.26.Tan-Din_154.JPG,A1.26.Tan-Din_154.JPG,A1.26,A1,train
raw_data/A1.26/A1.26.Tan-Din_155.JPG,A1.26.Tan-Din_155.JPG,A1.26,A1,train
raw_data/A1.26/A1.26.Tan-Din_156.JPG,A1.26.Tan-Din_156.JPG,A1.26,A1,train
raw_data/A1.26/A1.26.Tan-Din_157.JPG,A1.26.Tan-Din_157.JPG,A1.26,A1,train
raw_data/A1.26/A1.26.Tan-Din_158.JPG,A1.26.Tan-Din_158.JPG,A1.26,A1,train
raw_data/A1.26/A1.26.Tan-Din_159.JPG,A1.26.Tan-Din_159.JPG,A1.26,A1,train
raw_data/A1.26/A1.26.Tan-Din_16.JPG,A1.26.Tan-Din_16.JPG,A1.26,A1,train
raw_data/A1.26/A1.26.Tan-Din_17.JPG,A1.26.Tan-Din_17.JPG,A1.26,A1,train
raw_data/A1.26/A1.26.Tan-Din_18.JPG,A1.26.Tan-Din_18.JPG,A1.26,A1,train
raw_data/A1.26/A1.26.Tan-Din_19.JPG,A1.26.Tan-Din_19.JPG,A1.26,A1,train
raw_data/A1.26/A1.26.Tan-Din_20.JPG,A1.26.Tan-Din_20.JPG,A1.26,A1,train
raw_data/A1.26/A1.26.Tan-Din_21.JPG,A1.26.Tan-Din_21.JPG,A1.26,A1,train
raw_data/A1.26/A1.26.Tan-Din_22.JPG,A1.26.Tan-Din_22.JPG,A1.26,A1,train
raw_data/A1.26/A1.26.Tan-Din_23.JPG,A1.26.Tan-Din_23.JPG,A1.26,A1,train
raw_data/A1.26/A1.26.Tan-Din_24.JPG,A1.26.Tan-Din_24.JPG,A1.26,A1,train
raw_data/A1.26/A1.26.Tan-Din_25.JPG,A1.26.Tan-Din_25.JPG,A1.26,A1,train
raw_data/A1.26/A1.26.Tan-Din_26.JPG,A1.26.Tan-Din_26.JPG,A1.26,A1,train
raw_data/A1.26/A1.26.Tan-Din_27.JPG,A1.26.Tan-Din_27.JPG,A1.26,A1,train
raw_data/A1.26/A1.26.Tan-Din_28.JPG,A1.26.Tan-Din_28.JPG,A1.26,A1,train
raw_data/A1.26/A1.26.Tan-Din_29.JPG,A1.26.Tan-Din_29.JPG,A1.26,A1,train
raw_data/A1.26/A1.26.Tan-Din_30.JPG,A1.26.Tan-Din_30.JPG,A1.26,A1,train
raw_data/A1.26/A1.26.Tan-Din_31.JPG,A1.26.Tan-Din_31.JPG,A1.26,A1,train
raw_data/A1.26/A1.26.Tan-Din_32.JPG,A1.26.Tan-Din_32.JPG,A1.26,A1,train
raw_data/A1.26/A1.26.Tan-Din_33.JPG,A1.26.Tan-Din_33.JPG,A1.26,A1,train
raw_data/A1.26/A1.26.Tan-Din_34.JPG,A1.26.Tan-Din_34.JPG,A1.26,A1,train
raw_data/A1.26/A1.26.Tan-Din_35.JPG,A1.26.Tan-Din_35.JPG,A1.26,A1,train
raw_data/A1.26/A1.26.Tan-Din_36.JPG,A1.26.Tan-Din_36.JPG,A1.26,A1,train
raw_data/A1.26/A1.26.Tan-Din_37.JPG,A1.26.Tan-Din_37.JPG,A1.26,A1,train
raw_data/A1.26/A1.26.Tan-Din_38.JPG,A1.26.Tan-Din_38.JPG,A1.26,A1,train
raw_data/A1.26/A1.26.Tan-Din_39.JPG,A1.26.Tan-Din_39.JPG,A1.26,A1,train
raw_data/A1.26/A1.26.Tan-Din_40.JPG,A1.26.Tan-Din_40.JPG,A1.26,A1,train
raw_data/A1.26/A1.26.Tan-Din_41.JPG,A1.26.Tan-Din_41.JPG,A1.26,A1,train
raw_data/A1.26/A1.26.Tan-Din_42.JPG,A1.26.Tan-Din_42.JPG,A1.26,A1,train
raw_data/A1.26/A1.26.Tan-Din_43.JPG,A1.26.Tan-Din_43.JPG,A1.26,A1,train
raw_data/A1.26/A1.26.Tan-Din_44.JPG,A1.26.Tan-Din_44.JPG,A1.26,A1,train
raw_data/A1.26/A1.26.Tan-Din_45.JPG,A1.26.Tan-Din_45.JPG,A1.26,A1,train
raw_data/A1.26/A1.26.Tan-Din_46.JPG,A1.26.Tan-Din_46.JPG,A1.26,A1,train
raw_data/A1.26/A1.26.Tan-Din_47.JPG,A1.26.Tan-Din_47.JPG,A1.26,A1,train
raw_data/A1.26/A1.26.Tan-Din_48.JPG,A1.26.Tan-Din_48.JPG,A1.26,A1,train
raw_data/A1.26/A1.26.Tan-Din_49.JPG,A1.26.Tan-Din_49.JPG,A1.26,A1,train
raw_data/A1.26/A1.26.Tan-Din_50.JPG,A1.26.Tan-Din_50.JPG,A1.26,A1,train
raw_data/A1.26/A1.26.Tan-Din_51.JPG,A1.26.Tan-Din_51.JPG,A1.26,A1,train
raw_data/A1.26/A1.26.Tan-Din_52.JPG,A1.26.Tan-Din_52.JPG,A1.26,A1,train
raw_data/A1.26/A1.26.Tan-Din_53.JPG,A1.26.Tan-Din_53.JPG,A1.26,A1,train
raw_data/A1.26/A1.26.Tan-Din_54.JPG,A1.26.Tan-Din_54.JPG,A1.26,A1,train
raw_data/A1.26/A1.26.Tan-Din_55.JPG,A1.26.Tan-Din_55.JPG,A1.26,A1,train
raw_data/A1.26/A1.26.Tan-Din_56.JPG,A1.26.Tan-Din_56.JPG,A1.26,A1,train
raw_data/A1.26/A1.26.Tan-Din_57.JPG,A1.26.Tan-Din_57.JPG,A1.26,A1,train
raw_data/A1.26/A1.26.Tan-Din_58.JPG,A1.26.Tan-Din_58.JPG,A1.26,A1,train
raw_data/A1.26/A1.26.Tan-Din_59.JPG,A1.26.Tan-Din_59.JPG,A1.26,A1,train
raw_data/A1.26/A1.26.Tan-Din_60.JPG,A1.26.Tan-Din_60.JPG,A1.26,A1,train
raw_data/A1.26/A1.26.Tan-Din_61.JPG,A1.26.Tan-Din_61.JPG,A1.26,A1,train
raw_data/A1.26/A1.26.Tan-Din_62.JPG,A1.26.Tan-Din_62.JPG,A1.26,A1,train
raw_data/A1.26/A1.26.Tan-Din_63.JPG,A1.26.Tan-Din_63.JPG,A1.26,A1,train
raw_data/A1.26/A1.26.Tan-Din_64.JPG,A1.26.Tan-Din_64.JPG,A1.26,A1,train
raw_data/A1.26/A1.26.Tan-Din_65.JPG,A1.26.Tan-Din_65.JPG,A1.26,A1,train
raw_data/A1.26/A1.26.Tan-Din_66.JPG,A1.26.Tan-Din_66.JPG,A1.26,A1,train
raw_data/A1.26/A1.26.Tan-Din_67.JPG,A1.26.Tan-Din_67.JPG,A1.26,A1,train
raw_data/A1.26/A1.26.Tan-Din_68.JPG,A1.26.Tan-Din_68.JPG,A1.26,A1,train
raw_data/A1.26/A1.26.Tan-Din_69.JPG,A1.26.Tan-Din_69.JPG,A1.26,A1,train
raw_data/A1.26/A1.26.Tan-Din_70.JPG,A1.26.Tan-Din_70.JPG,A1.26,A1,train
raw_data/A1.26/A1.26.Tan-Din_71.JPG,A1.26.Tan-Din_71.JPG,A1.26,A1,train
raw_data/A1.26/A1.26.Tan-Din_72.JPG,A1.26.Tan-Din_72.JPG,A1.26,A1,train
raw_data/A1.26/A1.26.Tan-Din_73.JPG,A1.26.Tan-Din_73.JPG,A1.26,A1,train
raw_data/A1.26/A1.26.Tan-Din_74.JPG,A1.26.Tan-Din_74.JPG,A1.26,A1,train
raw_data/A1.26/A1.26.Tan-Din_75.JPG,A1.26.Tan-Din_75.JPG,A1.26,A1,train
raw_data/A1.26/A1.26.Tan-Din_76.JPG,A1.26.Tan-Din_76.JPG,A1.26,A1,train
raw_data/A1.26/A1.26.Tan-Din_77.JPG,A1.26.Tan-Din_77.JPG,A1.26,A1,train
raw_data/A1.26/A1.26.Tan-Din_78.JPG,A1.26.Tan-Din_78.JPG,A1.26,A1,train
raw_data/A1.26/A1.26.Tan-Din_79.JPG,A1.26.Tan-Din_79.JPG,A1.26,A1,train
raw_data/A1.26/A1.26.Tan-Din_80.JPG,A1.26.Tan-Din_80.JPG,A1.26,A1,train
raw_data/A1.26/A1.26.Tan-Din_81.JPG,A1.26.Tan-Din_81.JPG,A1.26,A1,train
raw_data/A1.26/A1.26.Tan-Din_82.JPG,A1.26.Tan-Din_82.JPG,A1.26,A1,train
raw_data/A1.26/A1.26.Tan-Din_83.JPG,A1.26.Tan-Din_83.JPG,A1.26,A1,train
raw_data/A1.26/A1.26.Tan-Din_84.JPG,A1.26.Tan-Din_84.JPG,A1.26,A1,train
raw_data/A1.26/A1.26.Tan-Din_85.JPG,A1.26.Tan-Din_85.JPG,A1.26,A1,train
raw_data/A1.26/A1.26.Tan-Din_86.JPG,A1.26.Tan-Din_86.JPG,A1.26,A1,train
raw_data/A1.26/A1.26.Tan-Din_87.JPG,A1.26.Tan-Din_87.JPG,A1.26,A1,train
raw_data/A1.26/A1.26.Tan-Din_88.JPG,A1.26.Tan-Din_88.JPG,A1.26,A1,train
raw_data/A1.26/A1.26.Tan-Din_89.JPG,A1.26.Tan-Din_89.JPG,A1.26,A1,train
raw_data/A1.26/A1.26.Tan-Din_90.JPG,A1.26.Tan-Din_90.JPG,A1.26,A1,train
raw_data/A1.26/A1.26.Tan-Din_91.JPG,A1.26.Tan-Din_91.JPG,A1.26,A1,train
raw_data/A1.26/A1.26.Tan-Din_92.JPG,A1.26.Tan-Din_92.JPG,A1.26,A1,train
raw_data/A1.26/A1.26.Tan-Din_93.JPG,A1.26.Tan-Din_93.JPG,A1.26,A1,train
raw_data/A1.26/A1.26.Tan-Din_94.JPG,A1.26.Tan-Din_94.JPG,A1.26,A1,train
raw_data/A1.26/A1.26.Tan-Din_95.JPG,A1.26.Tan-Din_95.JPG,A1.26,A1,train
raw_data/A1.26/A1.26.Tan-Din_96.JPG,A1.26.Tan-Din_96.JPG,A1.26,A1,train
raw_data/A1.26/A1.26.Tan-Din_97.JPG,A1.26.Tan-Din_97.JPG,A1.26,A1,train
raw_data/A1.26/A1.26.Tan-Din_98.JPG,A1.26.Tan-Din_98.JPG,A1.26,A1,train
raw_data/A1.26/A1.26.Tan-Din_99.JPG,A1.26.Tan-Din_99.JPG,A1.26,A1,train
raw_data/A1.27 (need_review)/A1.27.Tu-Du_01.JPG,A1.27.Tu-Du_01.JPG,A1.27 (need_review),A1,train
raw_data/A1.27 (need_review)/A1.27.Tu-Du_02.JPG,A1.27.Tu-Du_02.JPG,A1.27 (need_review),A1,train
raw_data/A1.27 (need_review)/A1.27.Tu-Du_03.JPG,A1.27.Tu-Du_03.JPG,A1.27 (need_review),A1,train
raw_data/A1.27 (need_review)/A1.27.Tu-Du_04.JPG,A1.27.Tu-Du_04.JPG,A1.27 (need_review),A1,train
raw_data/A1.27 (need_review)/A1.27.Tu-Du_05.JPG,A1.27.Tu-Du_05.JPG,A1.27 (need_review),A1,train
raw_data/A1.27 (need_review)/A1.27.Tu-Du_06.JPG,A1.27.Tu-Du_06.JPG,A1.27 (need_review),A1,train
raw_data/A1.27 (need_review)/A1.27.Tu-Du_07.JPG,A1.27.Tu-Du_07.JPG,A1.27 (need_review),A1,train
raw_data/A1.27 (need_review)/A1.27.Tu-Du_08.JPG,A1.27.Tu-Du_08.JPG,A1.27 (need_review),A1,train
raw_data/A1.27 (need_review)/A1.27.Tu-Du_09.JPG,A1.27.Tu-Du_09.JPG,A1.27 (need_review),A1,train
raw_data/A1.27 (need_review)/A1.27.Tu-Du_10.JPG,A1.27.Tu-Du_10.JPG,A1.27 (need_review),A1,train
raw_data/A1.27 (need_review)/A1.27.Tu-Du_11.JPG,A1.27.Tu-Du_11.JPG,A1.27 (need_review),A1,train
raw_data/A1.27 (need_review)/A1.27.Tu-Du_12.JPG,A1.27.Tu-Du_12.JPG,A1.27 (need_review),A1,train
raw_data/A1.27 (need_review)/A1.27.Tu-Du_13.JPG,A1.27.Tu-Du_13.JPG,A1.27 (need_review),A1,train
raw_data/A1.27 (need_review)/A1.27.Tu-Du_14.JPG,A1.27.Tu-Du_14.JPG,A1.27 (need_review),A1,train
raw_data/A1.27 (need_review)/A1.27.Tu-Du_15.JPG,A1.27.Tu-Du_15.JPG,A1.27 (need_review),A1,train
raw_data/A1.27 (need_review)/A1.27.Tu-Du_16.JPG,A1.27.Tu-Du_16.JPG,A1.27 (need_review),A1,train
raw_data/A1.27 (need_review)/A1.27.Tu-Du_17.JPG,A1.27.Tu-Du_17.JPG,A1.27 (need_review),A1,train
raw_data/A1.27 (need_review)/A1.27.Tu-Du_18.JPG,A1.27.Tu-Du_18.JPG,A1.27 (need_review),A1,train
raw_data/A1.27 (need_review)/A1.27.Tu-Du_19.JPG,A1.27.Tu-Du_19.JPG,A1.27 (need_review),A1,train
raw_data/A1.27 (need_review)/A1.27.Tu-Du_20.JPG,A1.27.Tu-Du_20.JPG,A1.27 (need_review),A1,train
raw_data/A1.27 (need_review)/A1.27.Tu-Du_21.JPG,A1.27.Tu-Du_21.JPG,A1.27 (need_review),A1,train
raw_data/A1.27 (need_review)/A1.27.Tu-Du_22.JPG,A1.27.Tu-Du_22.JPG,A1.27 (need_review),A1,train
raw_data/A1.27 (need_review)/A1.27.Tu-Du_23.JPG,A1.27.Tu-Du_23.JPG,A1.27 (need_review),A1,train
raw_data/A1.27 (need_review)/A1.27.Tu-Du_24.JPG,A1.27.Tu-Du_24.JPG,A1.27 (need_review),A1,train
raw_data/A1.27 (need_review)/A1.27.Tu-Du_25.JPG,A1.27.Tu-Du_25.JPG,A1.27 (need_review),A1,train
raw_data/A1.27 (need_review)/A1.27.Tu-Du_26.JPG,A1.27.Tu-Du_26.JPG,A1.27 (need_review),A1,train
raw_data/A1.27 (need_review)/A1.27.Tu-Du_27.JPG,A1.27.Tu-Du_27.JPG,A1.27 (need_review),A1,train
raw_data/A1.27 (need_review)/A1.27.Tu-Du_28.JPG,A1.27.Tu-Du_28.JPG,A1.27 (need_review),A1,train
raw_data/A1.27 (need_review)/A1.27.Tu-Du_29.JPG,A1.27.Tu-Du_29.JPG,A1.27 (need_review),A1,train
raw_data/A1.27 (need_review)/A1.27.Tu-Du_30.JPG,A1.27.Tu-Du_30.JPG,A1.27 (need_review),A1,train
raw_data/A1.27 (need_review)/A1.27.Tu-Du_31.JPG,A1.27.Tu-Du_31.JPG,A1.27 (need_review),A1,train
raw_data/A1.27 (need_review)/A1.27.Tu-Du_32.JPG,A1.27.Tu-Du_32.JPG,A1.27 (need_review),A1,train
raw_data/A1.27 (need_review)/A1.27.Tu-Du_33.JPG,A1.27.Tu-Du_33.JPG,A1.27 (need_review),A1,train
raw_data/A1.27 (need_review)/A1.27.Tu-Du_34.JPG,A1.27.Tu-Du_34.JPG,A1.27 (need_review),A1,train
raw_data/A1.27 (need_review)/A1.27.Tu-Du_35.JPG,A1.27.Tu-Du_35.JPG,A1.27 (need_review),A1,train
raw_data/A1.27 (need_review)/A1.27.Tu-Du_36.JPG,A1.27.Tu-Du_36.JPG,A1.27 (need_review),A1,train
raw_data/A1.27 (need_review)/A1.27.Tu-Du_37.JPG,A1.27.Tu-Du_37.JPG,A1.27 (need_review),A1,train
raw_data/A1.27 (need_review)/A1.27.Tu-Du_38.JPG,A1.27.Tu-Du_38.JPG,A1.27 (need_review),A1,train
raw_data/A1.27 (need_review)/A1.27.Tu-Du_39.JPG,A1.27.Tu-Du_39.JPG,A1.27 (need_review),A1,train
raw_data/A1.27 (need_review)/A1.27.Tu-Du_40.JPG,A1.27.Tu-Du_40.JPG,A1.27 (need_review),A1,train
raw_data/A1.27 (need_review)/A1.27.Tu-Du_41.JPG,A1.27.Tu-Du_41.JPG,A1.27 (need_review),A1,train
raw_data/A1.27 (need_review)/A1.27.Tu-Du_42.JPG,A1.27.Tu-Du_42.JPG,A1.27 (need_review),A1,train
raw_data/A1.27 (need_review)/A1.27.Tu-Du_43.JPG,A1.27.Tu-Du_43.JPG,A1.27 (need_review),A1,train
raw_data/A1.27 (need_review)/A1.27.Tu-Du_44.JPG,A1.27.Tu-Du_44.JPG,A1.27 (need_review),A1,train
raw_data/A1.27 (need_review)/A1.27.Tu-Du_45.JPG,A1.27.Tu-Du_45.JPG,A1.27 (need_review),A1,train
raw_data/A1.27 (need_review)/A1.27.Tu-Du_46.JPG,A1.27.Tu-Du_46.JPG,A1.27 (need_review),A1,train
raw_data/A1.27 (need_review)/A1.27.Tu-Du_47.JPG,A1.27.Tu-Du_47.JPG,A1.27 (need_review),A1,train
raw_data/A1.27 (need_review)/A1.27.Tu-Du_48.JPG,A1.27.Tu-Du_48.JPG,A1.27 (need_review),A1,train
raw_data/A1.27 (need_review)/A1.27.Tu-Du_49.JPG,A1.27.Tu-Du_49.JPG,A1.27 (need_review),A1,train
raw_data/A1.27 (need_review)/A1.27.Tu-Du_50.JPG,A1.27.Tu-Du_50.JPG,A1.27 (need_review),A1,train
raw_data/A1.28/A1.28.Cam-Mus_01.JPG,A1.28.Cam-Mus_01.JPG,A1.28,A1,train
raw_data/A1.28/A1.28.Cam-Mus_02.JPG,A1.28.Cam-Mus_02.JPG,A1.28,A1,train
raw_data/A1.28/A1.28.Cam-Mus_03.JPG,A1.28.Cam-Mus_03.JPG,A1.28,A1,train
raw_data/A1.28/A1.28.Cam-Mus_04.JPG,A1.28.Cam-Mus_04.JPG,A1.28,A1,train
raw_data/A1.28/A1.28.Cam-Mus_05.JPG,A1.28.Cam-Mus_05.JPG,A1.28,A1,train
raw_data/A1.28/A1.28.Cam-Mus_06.JPG,A1.28.Cam-Mus_06.JPG,A1.28,A1,train
raw_data/A1.28/A1.28.Cam-Mus_07.JPG,A1.28.Cam-Mus_07.JPG,A1.28,A1,train
raw_data/A1.28/A1.28.Cam-Mus_08.JPG,A1.28.Cam-Mus_08.JPG,A1.28,A1,train
raw_data/A1.28/A1.28.Cam-Mus_09.JPG,A1.28.Cam-Mus_09.JPG,A1.28,A1,train
raw_data/A1.28/A1.28.Cam-Mus_10.JPG,A1.28.Cam-Mus_10.JPG,A1.28,A1,train
raw_data/A1.28/A1.28.Cam-Mus_11.JPG,A1.28.Cam-Mus_11.JPG,A1.28,A1,train
raw_data/A1.28/A1.28.Cam-Mus_12.JPG,A1.28.Cam-Mus_12.JPG,A1.28,A1,train
raw_data/A1.28/A1.28.Cam-Mus_13.JPG,A1.28.Cam-Mus_13.JPG,A1.28,A1,train
raw_data/A1.28/A1.28.Cam-Mus_14.JPG,A1.28.Cam-Mus_14.JPG,A1.28,A1,train
raw_data/A1.28/A1.28.Cam-Mus_15.JPG,A1.28.Cam-Mus_15.JPG,A1.28,A1,train
raw_data/A1.28/A1.28.Cam-Mus_16.JPG,A1.28.Cam-Mus_16.JPG,A1.28,A1,train
raw_data/A1.28/A1.28.Cam-Mus_17.JPG,A1.28.Cam-Mus_17.JPG,A1.28,A1,train
raw_data/A1.28/A1.28.Cam-Mus_18.JPG,A1.28.Cam-Mus_18.JPG,A1.28,A1,train
raw_data/A1.28/A1.28.Cam-Mus_19.JPG,A1.28.Cam-Mus_19.JPG,A1.28,A1,train
raw_data/A1.28/A1.28.Cam-Mus_20.JPG,A1.28.Cam-Mus_20.JPG,A1.28,A1,train
raw_data/A1.28/A1.28.Cam-Mus_21.JPG,A1.28.Cam-Mus_21.JPG,A1.28,A1,train
raw_data/A1.28/A1.28.Cam-Mus_22.JPG,A1.28.Cam-Mus_22.JPG,A1.28,A1,train
raw_data/A1.28/A1.28.Cam-Mus_23.JPG,A1.28.Cam-Mus_23.JPG,A1.28,A1,train
raw_data/A1.28/A1.28.Cam-Mus_24.JPG,A1.28.Cam-Mus_24.JPG,A1.28,A1,train
raw_data/A1.28/A1.28.Cam-Mus_25.JPG,A1.28.Cam-Mus_25.JPG,A1.28,A1,train
raw_data/A1.28/A1.28.Cam-Mus_26.JPG,A1.28.Cam-Mus_26.JPG,A1.28,A1,train
raw_data/A1.28/A1.28.Cam-Mus_27.JPG,A1.28.Cam-Mus_27.JPG,A1.28,A1,train
raw_data/A1.28/A1.28.Cam-Mus_28.JPG,A1.28.Cam-Mus_28.JPG,A1.28,A1,train
raw_data/A1.28/A1.28.Cam-Mus_29.JPG,A1.28.Cam-Mus_29.JPG,A1.28,A1,train
raw_data/A1.28/A1.28.Cam-Mus_30.JPG,A1.28.Cam-Mus_30.JPG,A1.28,A1,train
raw_data/A1.28/A1.28.Cam-Mus_31.JPG,A1.28.Cam-Mus_31.JPG,A1.28,A1,train
raw_data/A1.28/A1.28.Cam-Mus_32.JPG,A1.28.Cam-Mus_32.JPG,A1.28,A1,train
raw_data/A1.28/A1.28.Cam-Mus_33.JPG,A1.28.Cam-Mus_33.JPG,A1.28,A1,train
raw_data/A1.28/A1.28.Cam-Mus_34.JPG,A1.28.Cam-Mus_34.JPG,A1.28,A1,train
raw_data/A1.28/A1.28.Cam-Mus_35.JPG,A1.28.Cam-Mus_35.JPG,A1.28,A1,train
raw_data/A1.28/A1.28.Cam-Mus_36.JPG,A1.28.Cam-Mus_36.JPG,A1.28,A1,train
raw_data/A1.28/A1.28.Cam-Mus_37.JPG,A1.28.Cam-Mus_37.JPG,A1.28,A1,train
raw_data/A1.28/A1.28.Cam-Mus_38.JPG,A1.28.Cam-Mus_38.JPG,A1.28,A1,train
raw_data/A1.28/A1.28.Cam-Mus_39.JPG,A1.28.Cam-Mus_39.JPG,A1.28,A1,train
raw_data/A1.28/A1.28.Cam-Mus_40.JPG,A1.28.Cam-Mus_40.JPG,A1.28,A1,train
raw_data/A1.28/A1.28.Cam-Mus_41.JPG,A1.28.Cam-Mus_41.JPG,A1.28,A1,train
raw_data/A1.28/A1.28.Cam-Mus_42.JPG,A1.28.Cam-Mus_42.JPG,A1.28,A1,train
raw_data/A1.28/A1.28.Cam-Mus_43.JPG,A1.28.Cam-Mus_43.JPG,A1.28,A1,train
raw_data/A1.28/A1.28.Cam-Mus_44.JPG,A1.28.Cam-Mus_44.JPG,A1.28,A1,train
raw_data/A1.28/A1.28.Cam-Mus_45.JPG,A1.28.Cam-Mus_45.JPG,A1.28,A1,train
raw_data/A1.28/A1.28.Cam-Mus_46.JPG,A1.28.Cam-Mus_46.JPG,A1.28,A1,train
raw_data/A1.28/A1.28.Cam-Mus_47.JPG,A1.28.Cam-Mus_47.JPG,A1.28,A1,train
raw_data/A1.28/A1.28.Cam-Mus_48.JPG,A1.28.Cam-Mus_48.JPG,A1.28,A1,train
raw_data/A1.28/A1.28.Cam-Mus_49.JPG,A1.28.Cam-Mus_49.JPG,A1.28,A1,train
raw_data/A1.28/A1.28.Cam-Mus_50.JPG,A1.28.Cam-Mus_50.JPG,A1.28,A1,train
raw_data/A1.28/A1.28.Cam-Mus_51.JPG,A1.28.Cam-Mus_51.JPG,A1.28,A1,train
raw_data/A1.28/A1.28.Cam-Mus_52.JPG,A1.28.Cam-Mus_52.JPG,A1.28,A1,train
raw_data/A1.28/A1.28.Cam-Mus_53.JPG,A1.28.Cam-Mus_53.JPG,A1.28,A1,train
raw_data/A1.28/A1.28.Cam-Mus_54.JPG,A1.28.Cam-Mus_54.JPG,A1.28,A1,train
raw_data/A1.28/A1.28.Cam-Mus_55.JPG,A1.28.Cam-Mus_55.JPG,A1.28,A1,train
raw_data/A1.28/A1.28.Cam-Mus_56.JPG,A1.28.Cam-Mus_56.JPG,A1.28,A1,train
raw_data/A1.28/A1.28.Cam-Mus_57.JPG,A1.28.Cam-Mus_57.JPG,A1.28,A1,train
raw_data/A1.29/A1.29.Lab-Cul_01.JPG,A1.29.Lab-Cul_01.JPG,A1.29,A1,test
raw_data/A1.29/A1.29.Lab-Cul_02.JPG,A1.29.Lab-Cul_02.JPG,A1.29,A1,test
raw_data/A1.29/A1.29.Lab-Cul_03.JPG,A1.29.Lab-Cul_03.JPG,A1.29,A1,test
raw_data/A1.29/A1.29.Lab-Cul_04.JPG,A1.29.Lab-Cul_04.JPG,A1.29,A1,test
raw_data/A1.29/A1.29.Lab-Cul_05.JPG,A1.29.Lab-Cul_05.JPG,A1.29,A1,test
raw_data/A1.29/A1.29.Lab-Cul_06.JPG,A1.29.Lab-Cul_06.JPG,A1.29,A1,test
raw_data/A1.29/A1.29.Lab-Cul_07.JPG,A1.29.Lab-Cul_07.JPG,A1.29,A1,test
raw_data/A1.29/A1.29.Lab-Cul_08.JPG,A1.29.Lab-Cul_08.JPG,A1.29,A1,test
raw_data/A1.29/A1.29.Lab-Cul_09.JPG,A1.29.Lab-Cul_09.JPG,A1.29,A1,test
raw_data/A1.29/A1.29.Lab-Cul_10.JPG,A1.29.Lab-Cul_10.JPG,A1.29,A1,test
raw_data/A1.29/A1.29.Lab-Cul_11.JPG,A1.29.Lab-Cul_11.JPG,A1.29,A1,test
raw_data/A1.29/A1.29.Lab-Cul_12.JPG,A1.29.Lab-Cul_12.JPG,A1.29,A1,test
raw_data/A1.29/A1.29.Lab-Cul_13.JPG,A1.29.Lab-Cul_13.JPG,A1.29,A1,test
raw_data/A1.29/A1.29.Lab-Cul_14.JPG,A1.29.Lab-Cul_14.JPG,A1.29,A1,test
raw_data/A1.29/A1.29.Lab-Cul_15.JPG,A1.29.Lab-Cul_15.JPG,A1.29,A1,test
raw_data/A1.29/A1.29.Lab-Cul_16.JPG,A1.29.Lab-Cul_16.JPG,A1.29,A1,test
raw_data/A1.29/A1.29.Lab-Cul_17.JPG,A1.29.Lab-Cul_17.JPG,A1.29,A1,test
raw_data/A1.29/A1.29.Lab-Cul_18.JPG,A1.29.Lab-Cul_18.JPG,A1.29,A1,test
raw_data/A1.29/A1.29.Lab-Cul_19.JPG,A1.29.Lab-Cul_19.JPG,A1.29,A1,test
raw_data/A1.29/A1.29.Lab-Cul_20.JPG,A1.29.Lab-Cul_20.JPG,A1.29,A1,test
raw_data/A1.29/A1.29.Lab-Cul_21.JPG,A1.29.Lab-Cul_21.JPG,A1.29,A1,test
raw_data/A1.29/A1.29.Lab-Cul_22.JPG,A1.29.Lab-Cul_22.JPG,A1.29,A1,test
raw_data/A1.29/A1.29.Lab-Cul_23.JPG,A1.29.Lab-Cul_23.JPG,A1.29,A1,test
raw_data/A1.29/A1.29.Lab-Cul_24.JPG,A1.29.Lab-Cul_24.JPG,A1.29,A1,test
raw_data/A1.29/A1.29.Lab-Cul_25.JPG,A1.29.Lab-Cul_25.JPG,A1.29,A1,test
raw_data/A1.29/A1.29.Lab-Cul_26.JPG,A1.29.Lab-Cul_26.JPG,A1.29,A1,test
raw_data/A1.29/A1.29.Lab-Cul_27.JPG,A1.29.Lab-Cul_27.JPG,A1.29,A1,test
raw_data/A1.29/A1.29.Lab-Cul_28.JPG,A1.29.Lab-Cul_28.JPG,A1.29,A1,test
raw_data/A1.29/A1.29.Lab-Cul_29.JPG,A1.29.Lab-Cul_29.JPG,A1.29,A1,test
raw_data/A1.29/A1.29.Lab-Cul_30.JPG,A1.29.Lab-Cul_30.JPG,A1.29,A1,test
raw_data/A1.29/A1.29.Lab-Cul_31.JPG,A1.29.Lab-Cul_31.JPG,A1.29,A1,test
raw_data/A1.29/A1.29.Lab-Cul_32.JPG,A1.29.Lab-Cul_32.JPG,A1.29,A1,test
raw_data/A1.29/A1.29.Lab-Cul_33.JPG,A1.29.Lab-Cul_33.JPG,A1.29,A1,test
raw_data/A1.29/A1.29.Lab-Cul_34.JPG,A1.29.Lab-Cul_34.JPG,A1.29,A1,test
raw_data/A1.29/A1.29.Lab-Cul_35.JPG,A1.29.Lab-Cul_35.JPG,A1.29,A1,test
raw_data/A1.30/A1.30.Pol-Mas_01.JPG,A1.30.Pol-Mas_01.JPG,A1.30,A1,train
raw_data/A1.30/A1.30.Pol-Mas_02.JPG,A1.30.Pol-Mas_02.JPG,A1.30,A1,train
raw_data/A1.30/A1.30.Pol-Mas_03.JPG,A1.30.Pol-Mas_03.JPG,A1.30,A1,train
raw_data/A1.30/A1.30.Pol-Mas_04.JPG,A1.30.Pol-Mas_04.JPG,A1.30,A1,train
raw_data/A1.30/A1.30.Pol-Mas_05.JPG,A1.30.Pol-Mas_05.JPG,A1.30,A1,train
raw_data/A1.30/A1.30.Pol-Mas_06.JPG,A1.30.Pol-Mas_06.JPG,A1.30,A1,train
raw_data/A1.30/A1.30.Pol-Mas_07.JPG,A1.30.Pol-Mas_07.JPG,A1.30,A1,train
raw_data/A1.30/A1.30.Pol-Mas_08.JPG,A1.30.Pol-Mas_08.JPG,A1.30,A1,train
raw_data/A1.30/A1.30.Pol-Mas_09.JPG,A1.30.Pol-Mas_09.JPG,A1.30,A1,train
raw_data/A1.30/A1.30.Pol-Mas_10.JPG,A1.30.Pol-Mas_10.JPG,A1.30,A1,train
raw_data/A1.30/A1.30.Pol-Mas_11.JPG,A1.30.Pol-Mas_11.JPG,A1.30,A1,train
raw_data/A1.30/A1.30.Pol-Mas_12.JPG,A1.30.Pol-Mas_12.JPG,A1.30,A1,train
raw_data/A1.30/A1.30.Pol-Mas_13.JPG,A1.30.Pol-Mas_13.JPG,A1.30,A1,train
raw_data/A1.30/A1.30.Pol-Mas_14.JPG,A1.30.Pol-Mas_14.JPG,A1.30,A1,train
raw_data/A1.30/A1.30.Pol-Mas_15.JPG,A1.30.Pol-Mas_15.JPG,A1.30,A1,train
raw_data/A1.30/A1.30.Pol-Mas_16.JPG,A1.30.Pol-Mas_16.JPG,A1.30,A1,train
raw_data/A1.30/A1.30.Pol-Mas_17.JPG,A1.30.Pol-Mas_17.JPG,A1.30,A1,train
raw_data/A1.30/A1.30.Pol-Mas_18.JPG,A1.30.Pol-Mas_18.JPG,A1.30,A1,train
raw_data/A1.30/A1.30.Pol-Mas_19.JPG,A1.30.Pol-Mas_19.JPG,A1.30,A1,train
raw_data/A1.30/A1.30.Pol-Mas_20.JPG,A1.30.Pol-Mas_20.JPG,A1.30,A1,train
raw_data/A1.30/A1.30.Pol-Mas_21.JPG,A1.30.Pol-Mas_21.JPG,A1.30,A1,train
raw_data/A1.30/A1.30.Pol-Mas_22.JPG,A1.30.Pol-Mas_22.JPG,A1.30,A1,train
raw_data/A1.30/A1.30.Pol-Mas_23.JPG,A1.30.Pol-Mas_23.JPG,A1.30,A1,train
raw_data/A1.30/A1.30.Pol-Mas_24.JPG,A1.30.Pol-Mas_24.JPG,A1.30,A1,train
raw_data/A1.30/A1.30.Pol-Mas_25.JPG,A1.30.Pol-Mas_25.JPG,A1.30,A1,train
raw_data/A1.30/A1.30.Pol-Mas_26.JPG,A1.30.Pol-Mas_26.JPG,A1.30,A1,train
raw_data/A1.31/A1.31.Cul-Com_01.JPG,A1.31.Cul-Com_01.JPG,A1.31,A1,train
raw_data/A1.31/A1.31.Cul-Com_02.JPG,A1.31.Cul-Com_02.JPG,A1.31,A1,train
raw_data/A1.31/A1.31.Cul-Com_03.JPG,A1.31.Cul-Com_03.JPG,A1.31,A1,train
raw_data/A1.31/A1.31.Cul-Com_04.JPG,A1.31.Cul-Com_04.JPG,A1.31,A1,train
raw_data/A1.31/A1.31.Cul-Com_05.JPG,A1.31.Cul-Com_05.JPG,A1.31,A1,train
raw_data/A1.31/A1.31.Cul-Com_06.JPG,A1.31.Cul-Com_06.JPG,A1.31,A1,train
raw_data/A1.31/A1.31.Cul-Com_07.JPG,A1.31.Cul-Com_07.JPG,A1.31,A1,train
raw_data/A1.31/A1.31.Cul-Com_08.JPG,A1.31.Cul-Com_08.JPG,A1.31,A1,train
raw_data/A1.31/A1.31.Cul-Com_09.JPG,A1.31.Cul-Com_09.JPG,A1.31,A1,train
raw_data/A1.31/A1.31.Cul-Com_10.JPG,A1.31.Cul-Com_10.JPG,A1.31,A1,train
raw_data/A1.31/A1.31.Cul-Com_11.JPG,A1.31.Cul-Com_11.JPG,A1.31,A1,train
raw_data/A1.31/A1.31.Cul-Com_12.JPG,A1.31.Cul-Com_12.JPG,A1.31,A1,train
raw_data/A1.31/A1.31.Cul-Com_13.JPG,A1.31.Cul-Com_13.JPG,A1.31,A1,train
raw_data/A1.31/A1.31.Cul-Com_14.JPG,A1.31.Cul-Com_14.JPG,A1.31,A1,train
raw_data/A1.31/A1.31.Cul-Com_15.JPG,A1.31.Cul-Com_15.JPG,A1.31,A1,train
raw_data/A1.31/A1.31.Cul-Com_16.JPG,A1.31.Cul-Com_16.JPG,A1.31,A1,train
raw_data/A1.31/A1.31.Cul-Com_17.JPG,A1.31.Cul-Com_17.JPG,A1.31,A1,train
raw_data/A1.31/A1.31.Cul-Com_18.JPG,A1.31.Cul-Com_18.JPG,A1.31,A1,train
raw_data/A1.31/A1.31.Cul-Com_19.JPG,A1.31.Cul-Com_19.JPG,A1.31,A1,train
raw_data/A1.31/A1.31.Cul-Com_20.JPG,A1.31.Cul-Com_20.JPG,A1.31,A1,train
raw_data/A1.31/A1.31.Cul-Com_21.JPG,A1.31.Cul-Com_21.JPG,A1.31,A1,train
raw_data/A1.31/A1.31.Cul-Com_22.JPG,A1.31.Cul-Com_22.JPG,A1.31,A1,train
raw_data/A1.31/A1.31.Cul-Com_23.JPG,A1.31.Cul-Com_23.JPG,A1.31,A1,train
raw_data/A1.31/A1.31.Cul-Com_24.JPG,A1.31.Cul-Com_24.JPG,A1.31,A1,train
raw_data/A1.31/A1.31.Cul-Com_25.JPG,A1.31.Cul-Com_25.JPG,A1.31,A1,train
raw_data/A1.31/A1.31.Cul-Com_26.JPG,A1.31.Cul-Com_26.JPG,A1.31,A1,train
raw_data/A1.31/A1.31.Cul-Com_27.JPG,A1.31.Cul-Com_27.JPG,A1.31,A1,train
raw_data/A1.31/A1.31.Cul-Com_28.JPG,A1.31.Cul-Com_28.JPG,A1.31,A1,train
raw_data/A1.31/A1.31.Cul-Com_29.JPG,A1.31.Cul-Com_29.JPG,A1.31,A1,train
raw_data/A1.31/A1.31.Cul-Com_30.JPG,A1.31.Cul-Com_30.JPG,A1.31,A1,train
raw_data/A1.31/A1.31.Cul-Com_31.JPG,A1.31.Cul-Com_31.JPG,A1.31,A1,train
raw_data/A1.31/A1.31.Cul-Com_32.JPG,A1.31.Cul-Com_32.JPG,A1.31,A1,train
raw_data/A1.31/A1.31.Cul-Com_33.JPG,A1.31.Cul-Com_33.JPG,A1.31,A1,train
raw_data/A1.31/A1.31.Cul-Com_34.JPG,A1.31.Cul-Com_34.JPG,A1.31,A1,train
raw_data/A1.31/A1.31.Cul-Com_35.JPG,A1.31.Cul-Com_35.JPG,A1.31,A1,train
raw_data/A1.31/A1.31.Cul-Com_36.JPG,A1.31.Cul-Com_36.JPG,A1.31,A1,train
raw_data/A1.31/A1.31.Cul-Com_37.JPG,A1.31.Cul-Com_37.JPG,A1.31,A1,train
raw_data/A1.31/A1.31.Cul-Com_38.JPG,A1.31.Cul-Com_38.JPG,A1.31,A1,train
raw_data/A1.32/A1.32.Sec-Adm_01.JPG,A1.32.Sec-Adm_01.JPG,A1.32,A1,train
raw_data/A1.32/A1.32.Sec-Adm_02.JPG,A1.32.Sec-Adm_02.JPG,A1.32,A1,train
raw_data/A1.32/A1.32.Sec-Adm_03.JPG,A1.32.Sec-Adm_03.JPG,A1.32,A1,train
raw_data/A1.32/A1.32.Sec-Adm_04.JPG,A1.32.Sec-Adm_04.JPG,A1.32,A1,train
raw_data/A1.32/A1.32.Sec-Adm_05.JPG,A1.32.Sec-Adm_05.JPG,A1.32,A1,train
raw_data/A1.32/A1.32.Sec-Adm_06.JPG,A1.32.Sec-Adm_06.JPG,A1.32,A1,train
raw_data/A1.32/A1.32.Sec-Adm_07.JPG,A1.32.Sec-Adm_07.JPG,A1.32,A1,train
raw_data/A1.32/A1.32.Sec-Adm_08.JPG,A1.32.Sec-Adm_08.JPG,A1.32,A1,train
raw_data/A1.32/A1.32.Sec-Adm_09.JPG,A1.32.Sec-Adm_09.JPG,A1.32,A1,train
raw_data/A1.32/A1.32.Sec-Adm_10.JPG,A1.32.Sec-Adm_10.JPG,A1.32,A1,train
raw_data/A1.32/A1.32.Sec-Adm_11.JPG,A1.32.Sec-Adm_11.JPG,A1.32,A1,train
raw_data/A1.32/A1.32.Sec-Adm_12.JPG,A1.32.Sec-Adm_12.JPG,A1.32,A1,train
raw_data/A1.32/A1.32.Sec-Adm_13.JPG,A1.32.Sec-Adm_13.JPG,A1.32,A1,train
raw_data/A1.32/A1.32.Sec-Adm_14.JPG,A1.32.Sec-Adm_14.JPG,A1.32,A1,train
raw_data/A1.32/A1.32.Sec-Adm_15.JPG,A1.32.Sec-Adm_15.JPG,A1.32,A1,train
raw_data/A1.32/A1.32.Sec-Adm_16.JPG,A1.32.Sec-Adm_16.JPG,A1.32,A1,train
raw_data/A1.32/A1.32.Sec-Adm_17.JPG,A1.32.Sec-Adm_17.JPG,A1.32,A1,train
raw_data/A1.32/A1.32.Sec-Adm_18.JPG,A1.32.Sec-Adm_18.JPG,A1.32,A1,train
raw_data/A1.32/A1.32.Sec-Adm_19.JPG,A1.32.Sec-Adm_19.JPG,A1.32,A1,train
raw_data/A1.32/A1.32.Sec-Adm_20.JPG,A1.32.Sec-Adm_20.JPG,A1.32,A1,train
raw_data/A1.32/A1.32.Sec-Adm_21.JPG,A1.32.Sec-Adm_21.JPG,A1.32,A1,train
raw_data/A1.32/A1.32.Sec-Adm_22.JPG,A1.32.Sec-Adm_22.JPG,A1.32,A1,train
raw_data/A1.32/A1.32.Sec-Adm_23.JPG,A1.32.Sec-Adm_23.JPG,A1.32,A1,train
raw_data/A1.32/A1.32.Sec-Adm_24.JPG,A1.32.Sec-Adm_24.JPG,A1.32,A1,train
raw_data/A1.32/A1.32.Sec-Adm_25.JPG,A1.32.Sec-Adm_25.JPG,A1.32,A1,train
raw_data/A1.32/A1.32.Sec-Adm_26.JPG,A1.32.Sec-Adm_26.JPG,A1.32,A1,train
raw_data/A1.32/A1.32.Sec-Adm_27.JPG,A1.32.Sec-Adm_27.JPG,A1.32,A1,train
raw_data/A1.32/A1.32.Sec-Adm_28.JPG,A1.32.Sec-Adm_28.JPG,A1.32,A1,train
raw_data/A1.32/A1.32.Sec-Adm_29.JPG,A1.32.Sec-Adm_29.JPG,A1.32,A1,train
raw_data/A1.32/A1.32.Sec-Adm_30.JPG,A1.32.Sec-Adm_30.JPG,A1.32,A1,train
raw_data/A1.32/A1.32.Sec-Adm_31.JPG,A1.32.Sec-Adm_31.JPG,A1.32,A1,train
raw_data/A1.32/A1.32.Sec-Adm_32.JPG,A1.32.Sec-Adm_32.JPG,A1.32,A1,train
raw_data/A1.32/A1.32.Sec-Adm_33.JPG,A1.32.Sec-Adm_33.JPG,A1.32,A1,train
raw_data/A1.32/A1.32.Sec-Adm_34.JPG,A1.32.Sec-Adm_34.JPG,A1.32,A1,train
raw_data/A1.33/A1.33.Sou-Wom_01.JPG,A1.33.Sou-Wom_01.JPG,A1.33,A1,train
raw_data/A1.33/A1.33.Sou-Wom_02.JPG,A1.33.Sou-Wom_02.JPG,A1.33,A1,train
raw_data/A1.33/A1.33.Sou-Wom_03.JPG,A1.33.Sou-Wom_03.JPG,A1.33,A1,train
raw_data/A1.33/A1.33.Sou-Wom_04.JPG,A1.33.Sou-Wom_04.JPG,A1.33,A1,train
raw_data/A1.33/A1.33.Sou-Wom_05.JPG,A1.33.Sou-Wom_05.JPG,A1.33,A1,train
raw_data/A1.33/A1.33.Sou-Wom_06.JPG,A1.33.Sou-Wom_06.JPG,A1.33,A1,train
raw_data/A1.33/A1.33.Sou-Wom_07.JPG,A1.33.Sou-Wom_07.JPG,A1.33,A1,train
raw_data/A1.33/A1.33.Sou-Wom_08.JPG,A1.33.Sou-Wom_08.JPG,A1.33,A1,train
raw_data/A1.33/A1.33.Sou-Wom_09.JPG,A1.33.Sou-Wom_09.JPG,A1.33,A1,train
raw_data/A1.33/A1.33.Sou-Wom_10.JPG,A1.33.Sou-Wom_10.JPG,A1.33,A1,train
raw_data/A1.33/A1.33.Sou-Wom_11.JPG,A1.33.Sou-Wom_11.JPG,A1.33,A1,train
raw_data/A1.33/A1.33.Sou-Wom_12.JPG,A1.33.Sou-Wom_12.JPG,A1.33,A1,train
raw_data/A1.33/A1.33.Sou-Wom_13.JPG,A1.33.Sou-Wom_13.JPG,A1.33,A1,train
raw_data/A1.33/A1.33.Sou-Wom_14.JPG,A1.33.Sou-Wom_14.JPG,A1.33,A1,train
raw_data/A1.33/A1.33.Sou-Wom_15.JPG,A1.33.Sou-Wom_15.JPG,A1.33,A1,train
raw_data/A1.33/A1.33.Sou-Wom_16.JPG,A1.33.Sou-Wom_16.JPG,A1.33,A1,train
raw_data/A1.33/A1.33.Sou-Wom_17.JPG,A1.33.Sou-Wom_17.JPG,A1.33,A1,train
raw_data/A1.33/A1.33.Sou-Wom_18.JPG,A1.33.Sou-Wom_18.JPG,A1.33,A1,train
raw_data/A1.33/A1.33.Sou-Wom_19.JPG,A1.33.Sou-Wom_19.JPG,A1.33,A1,train
raw_data/A1.33/A1.33.Sou-Wom_20.JPG,A1.33.Sou-Wom_20.JPG,A1.33,A1,train
raw_data/A1.33/A1.33.Sou-Wom_21.JPG,A1.33.Sou-Wom_21.JPG,A1.33,A1,train
raw_data/A1.33/A1.33.Sou-Wom_22.JPG,A1.33.Sou-Wom_22.JPG,A1.33,A1,train
raw_data/A1.33/A1.33.Sou-Wom_23.JPG,A1.33.Sou-Wom_23.JPG,A1.33,A1,train
raw_data/A1.33/A1.33.Sou-Wom_24.JPG,A1.33.Sou-Wom_24.JPG,A1.33,A1,train
raw_data/A1.33/A1.33.Sou-Wom_25.JPG,A1.33.Sou-Wom_25.JPG,A1.33,A1,train
raw_data/A1.33/A1.33.Sou-Wom_26.JPG,A1.33.Sou-Wom_26.JPG,A1.33,A1,train
raw_data/A1.33/A1.33.Sou-Wom_27.JPG,A1.33.Sou-Wom_27.JPG,A1.33,A1,train
raw_data/A1.33/A1.33.Sou-Wom_28.JPG,A1.33.Sou-Wom_28.JPG,A1.33,A1,train
raw_data/A1.33/A1.33.Sou-Wom_29.JPG,A1.33.Sou-Wom_29.JPG,A1.33,A1,train
raw_data/A1.33/A1.33.Sou-Wom_30.JPG,A1.33.Sou-Wom_30.JPG,A1.33,A1,train
raw_data/A1.33/A1.33.Sou-Wom_31.JPG,A1.33.Sou-Wom_31.JPG,A1.33,A1,train
raw_data/A1.33/A1.33.Sou-Wom_32.JPG,A1.33.Sou-Wom_32.JPG,A1.33,A1,train
raw_data/A1.33/A1.33.Sou-Wom_33.JPG,A1.33.Sou-Wom_33.JPG,A1.33,A1,train
raw_data/A1.33/A1.33.Sou-Wom_34.JPG,A1.33.Sou-Wom_34.JPG,A1.33,A1,train
raw_data/A1.33/A1.33.Sou-Wom_35.JPG,A1.33.Sou-Wom_35.JPG,A1.33,A1,train
raw_data/A1.33/A1.33.Sou-Wom_36.JPG,A1.33.Sou-Wom_36.JPG,A1.33,A1,train
raw_data/A1.33/A1.33.Sou-Wom_37.JPG,A1.33.Sou-Wom_37.JPG,A1.33,A1,train
raw_data/A1.33/A1.33.Sou-Wom_38.JPG,A1.33.Sou-Wom_38.JPG,A1.33,A1,train
raw_data/A1.33/A1.33.Sou-Wom_39.JPG,A1.33.Sou-Wom_39.JPG,A1.33,A1,train
raw_data/A1.33/A1.33.Sou-Wom_40.JPG,A1.33.Sou-Wom_40.JPG,A1.33,A1,train
raw_data/A1.33/A1.33.Sou-Wom_41.JPG,A1.33.Sou-Wom_41.JPG,A1.33,A1,train
raw_data/A1.33/A1.33.Sou-Wom_42.JPG,A1.33.Sou-Wom_42.JPG,A1.33,A1,train
raw_data/A1.33/A1.33.Sou-Wom_43.JPG,A1.33.Sou-Wom_43.JPG,A1.33,A1,train
raw_data/A1.33/A1.33.Sou-Wom_44.JPG,A1.33.Sou-Wom_44.JPG,A1.33,A1,train
raw_data/A1.33/A1.33.Sou-Wom_45.JPG,A1.33.Sou-Wom_45.JPG,A1.33,A1,train
raw_data/A1.33/A1.33.Sou-Wom_46.JPG,A1.33.Sou-Wom_46.JPG,A1.33,A1,train
raw_data/A1.33/A1.33.Sou-Wom_47.JPG,A1.33.Sou-Wom_47.JPG,A1.33,A1,train
raw_data/A1.33/A1.33.Sou-Wom_48.JPG,A1.33.Sou-Wom_48.JPG,A1.33,A1,train
raw_data/A1.33/A1.33.Sou-Wom_49.JPG,A1.33.Sou-Wom_49.JPG,A1.33,A1,train
raw_data/A1.33/A1.33.Sou-Wom_50.JPG,A1.33.Sou-Wom_50.JPG,A1.33,A1,train
raw_data/A1.33/A1.33.Sou-Wom_51.JPG,A1.33.Sou-Wom_51.JPG,A1.33,A1,train
raw_data/A1.33/A1.33.Sou-Wom_52.JPG,A1.33.Sou-Wom_52.JPG,A1.33,A1,train
raw_data/A1.33/A1.33.Sou-Wom_53.JPG,A1.33.Sou-Wom_53.JPG,A1.33,A1,train
raw_data/A1.33/A1.33.Sou-Wom_54.JPG,A1.33.Sou-Wom_54.JPG,A1.33,A1,train
raw_data/A1.33/A1.33.Sou-Wom_55.JPG,A1.33.Sou-Wom_55.JPG,A1.33,A1,train
raw_data/A1.33/A1.33.Sou-Wom_56.JPG,A1.33.Sou-Wom_56.JPG,A1.33,A1,train
raw_data/A1.33/A1.33.Sou-Wom_57.JPG,A1.33.Sou-Wom_57.JPG,A1.33,A1,train
raw_data/A1.33/A1.33.Sou-Wom_58.JPG,A1.33.Sou-Wom_58.JPG,A1.33,A1,train
raw_data/A1.33/A1.33.Sou-Wom_59.JPG,A1.33.Sou-Wom_59.JPG,A1.33,A1,train
raw_data/A1.33/A1.33.Sou-Wom_60.JPG,A1.33.Sou-Wom_60.JPG,A1.33,A1,train
raw_data/A1.33/A1.33.Sou-Wom_61.JPG,A1.33.Sou-Wom_61.JPG,A1.33,A1,train
raw_data/A1.33/A1.33.Sou-Wom_62.JPG,A1.33.Sou-Wom_62.JPG,A1.33,A1,train
raw_data/A1.33/A1.33.Sou-Wom_63.JPG,A1.33.Sou-Wom_63.JPG,A1.33,A1,train
raw_data/A1.33/A1.33.Sou-Wom_64.JPG,A1.33.Sou-Wom_64.JPG,A1.33,A1,train
raw_data/A1.33/A1.33.Sou-Wom_65.JPG,A1.33.Sou-Wom_65.JPG,A1.33,A1,train
raw_data/A1.33/A1.33.Sou-Wom_66.JPG,A1.33.Sou-Wom_66.JPG,A1.33,A1,train
raw_data/A1.33/A1.33.Sou-Wom_67.JPG,A1.33.Sou-Wom_67.JPG,A1.33,A1,train
raw_data/A1.33/A1.33.Sou-Wom_68.JPG,A1.33.Sou-Wom_68.JPG,A1.33,A1,train
raw_data/A1.33/A1.33.Sou-Wom_69.JPG,A1.33.Sou-Wom_69.JPG,A1.33,A1,train
raw_data/A1.33/A1.33.Sou-Wom_70.JPG,A1.33.Sou-Wom_70.JPG,A1.33,A1,train
raw_data/A1.33/A1.33.Sou-Wom_71.JPG,A1.33.Sou-Wom_71.JPG,A1.33,A1,train
raw_data/A1.33/A1.33.Sou-Wom_72.JPG,A1.33.Sou-Wom_72.JPG,A1.33,A1,train
raw_data/A1.33/A1.33.Sou-Wom_73.JPG,A1.33.Sou-Wom_73.JPG,A1.33,A1,train
raw_data/A1.33/A1.33.Sou-Wom_74.JPG,A1.33.Sou-Wom_74.JPG,A1.33,A1,train
raw_data/A1.33/A1.33.Sou-Wom_75.JPG,A1.33.Sou-Wom_75.JPG,A1.33,A1,train
raw_data/A1.33/A1.33.Sou-Wom_76.JPG,A1.33.Sou-Wom_76.JPG,A1.33,A1,train
raw_data/A1.33/A1.33.Sou-Wom_77.JPG,A1.33.Sou-Wom_77.JPG,A1.33,A1,train
raw_data/A1.33/A1.33.Sou-Wom_78.JPG,A1.33.Sou-Wom_78.JPG,A1.33,A1,train
raw_data/A1.33/A1.33.Sou-Wom_79.JPG,A1.33.Sou-Wom_79.JPG,A1.33,A1,train
raw_data/A1.33/A1.33.Sou-Wom_80.JPG,A1.33.Sou-Wom_80.JPG,A1.33,A1,train
raw_data/A1.33/A1.33.Sou-Wom_81.JPG,A1.33.Sou-Wom_81.JPG,A1.33,A1,train
raw_data/A1.33/A1.33.Sou-Wom_82.JPG,A1.33.Sou-Wom_82.JPG,A1.33,A1,train
raw_data/A1.33/A1.33.Sou-Wom_83.JPG,A1.33.Sou-Wom_83.JPG,A1.33,A1,train
raw_data/A1.33/A1.33.Sou-Wom_84.JPG,A1.33.Sou-Wom_84.JPG,A1.33,A1,train
raw_data/A1.33/A1.33.Sou-Wom_85.JPG,A1.33.Sou-Wom_85.JPG,A1.33,A1,train
raw_data/A1.33/A1.33.Sou-Wom_86.JPG,A1.33.Sou-Wom_86.JPG,A1.33,A1,train
raw_data/A1.33/A1.33.Sou-Wom_87.JPG,A1.33.Sou-Wom_87.JPG,A1.33,A1,train
raw_data/A1.33/A1.33.Sou-Wom_88.JPG,A1.33.Sou-Wom_88.JPG,A1.33,A1,train
raw_data/A1.33/A1.33.Sou-Wom_89.JPG,A1.33.Sou-Wom_89.JPG,A1.33,A1,train
raw_data/A1.34/A1.34.Maj-Hot_01.JPG,A1.34.Maj-Hot_01.JPG,A1.34,A1,train
raw_data/A1.34/A1.34.Maj-Hot_02.JPG,A1.34.Maj-Hot_02.JPG,A1.34,A1,train
raw_data/A1.34/A1.34.Maj-Hot_03.JPG,A1.34.Maj-Hot_03.JPG,A1.34,A1,train
raw_data/A1.34/A1.34.Maj-Hot_04.JPG,A1.34.Maj-Hot_04.JPG,A1.34,A1,train
raw_data/A1.34/A1.34.Maj-Hot_05.JPG,A1.34.Maj-Hot_05.JPG,A1.34,A1,train
raw_data/A1.34/A1.34.Maj-Hot_06.JPG,A1.34.Maj-Hot_06.JPG,A1.34,A1,train
raw_data/A1.34/A1.34.Maj-Hot_07.JPG,A1.34.Maj-Hot_07.JPG,A1.34,A1,train
raw_data/A1.34/A1.34.Maj-Hot_08.JPG,A1.34.Maj-Hot_08.JPG,A1.34,A1,train
raw_data/A1.34/A1.34.Maj-Hot_09.JPG,A1.34.Maj-Hot_09.JPG,A1.34,A1,train
raw_data/A1.34/A1.34.Maj-Hot_10.JPG,A1.34.Maj-Hot_10.JPG,A1.34,A1,train
raw_data/A1.34/A1.34.Maj-Hot_11.JPG,A1.34.Maj-Hot_11.JPG,A1.34,A1,train
raw_data/A1.34/A1.34.Maj-Hot_12.JPG,A1.34.Maj-Hot_12.JPG,A1.34,A1,train
raw_data/A1.34/A1.34.Maj-Hot_13.JPG,A1.34.Maj-Hot_13.JPG,A1.34,A1,train
raw_data/A1.34/A1.34.Maj-Hot_14.JPG,A1.34.Maj-Hot_14.JPG,A1.34,A1,train
raw_data/A1.36/A1.36.St-Paul_01.JPG,A1.36.St-Paul_01.JPG,A1.36,A1,train
raw_data/A1.36/A1.36.St-Paul_02.JPG,A1.36.St-Paul_02.JPG,A1.36,A1,train
raw_data/A1.36/A1.36.St-Paul_03.JPG,A1.36.St-Paul_03.JPG,A1.36,A1,train
raw_data/A1.36/A1.36.St-Paul_04.JPG,A1.36.St-Paul_04.JPG,A1.36,A1,train
raw_data/A1.36/A1.36.St-Paul_05.JPG,A1.36.St-Paul_05.JPG,A1.36,A1,train
raw_data/A1.36/A1.36.St-Paul_06.JPG,A1.36.St-Paul_06.JPG,A1.36,A1,train
raw_data/A1.36/A1.36.St-Paul_07.JPG,A1.36.St-Paul_07.JPG,A1.36,A1,train
raw_data/A1.36/A1.36.St-Paul_08.JPG,A1.36.St-Paul_08.JPG,A1.36,A1,train
raw_data/A1.36/A1.36.St-Paul_09.JPG,A1.36.St-Paul_09.JPG,A1.36,A1,train
raw_data/A1.36/A1.36.St-Paul_10.JPG,A1.36.St-Paul_10.JPG,A1.36,A1,train
raw_data/A1.36/A1.36.St-Paul_11.JPG,A1.36.St-Paul_11.JPG,A1.36,A1,train
raw_data/A1.36/A1.36.St-Paul_12.JPG,A1.36.St-Paul_12.JPG,A1.36,A1,train
raw_data/A1.36/A1.36.St-Paul_13.JPG,A1.36.St-Paul_13.JPG,A1.36,A1,train
raw_data/A1.36/A1.36.St-Paul_14.JPG,A1.36.St-Paul_14.JPG,A1.36,A1,train
raw_data/A1.36/A1.36.St-Paul_15.JPG,A1.36.St-Paul_15.JPG,A1.36,A1,train
raw_data/A1.36/A1.36.St-Paul_16.JPG,A1.36.St-Paul_16.JPG,A1.36,A1,train
raw_data/A1.36/A1.36.St-Paul_17.JPG,A1.36.St-Paul_17.JPG,A1.36,A1,train
raw_data/A1.36/A1.36.St-Paul_18.JPG,A1.36.St-Paul_18.JPG,A1.36,A1,train
raw_data/A1.36/A1.36.St-Paul_19.JPG,A1.36.St-Paul_19.JPG,A1.36,A1,train
raw_data/A1.36/A1.36.St-Paul_20.JPG,A1.36.St-Paul_20.JPG,A1.36,A1,train
raw_data/A1.36/A1.36.St-Paul_21.JPG,A1.36.St-Paul_21.JPG,A1.36,A1,train
raw_data/A1.36/A1.36.St-Paul_22.JPG,A1.36.St-Paul_22.JPG,A1.36,A1,train
raw_data/A1.36/A1.36.St-Paul_23.JPG,A1.36.St-Paul_23.JPG,A1.36,A1,train
raw_data/A1.36/A1.36.St-Paul_24.JPG,A1.36.St-Paul_24.JPG,A1.36,A1,train
raw_data/A1.36/A1.36.St-Paul_25.JPG,A1.36.St-Paul_25.JPG,A1.36,A1,train
raw_data/A1.36/A1.36.St-Paul_26.JPG,A1.36.St-Paul_26.JPG,A1.36,A1,train
raw_data/A1.36/A1.36.St-Paul_27.JPG,A1.36.St-Paul_27.JPG,A1.36,A1,train
raw_data/A1.36/A1.36.St-Paul_28.JPG,A1.36.St-Paul_28.JPG,A1.36,A1,train
raw_data/A1.36/A1.36.St-Paul_29.JPG,A1.36.St-Paul_29.JPG,A1.36,A1,train
raw_data/A1.36/A1.36.St-Paul_30.JPG,A1.36.St-Paul_30.JPG,A1.36,A1,train
raw_data/A1.36/A1.36.St-Paul_31.JPG,A1.36.St-Paul_31.JPG,A1.36,A1,train
raw_data/A1.36/A1.36.St-Paul_32.JPG,A1.36.St-Paul_32.JPG,A1.36,A1,train
raw_data/A1.36/A1.36.St-Paul_33.JPG,A1.36.St-Paul_33.JPG,A1.36,A1,train
raw_data/A1.36/A1.36.St-Paul_34.JPG,A1.36.St-Paul_34.JPG,A1.36,A1,train
raw_data/A1.36/A1.36.St-Paul_35.JPG,A1.36.St-Paul_35.JPG,A1.36,A1,train
raw_data/A1.36/A1.36.St-Paul_36.JPG,A1.36.St-Paul_36.JPG,A1.36,A1,train
raw_data/A1.36/A1.36.St-Paul_37.JPG,A1.36.St-Paul_37.JPG,A1.36,A1,train
raw_data/A1.36/A1.36.St-Paul_38.JPG,A1.36.St-Paul_38.JPG,A1.36,A1,train
raw_data/A1.36/A1.36.St-Paul_39.JPG,A1.36.St-Paul_39.JPG,A1.36,A1,train
raw_data/A1.36/A1.36.St-Paul_40.JPG,A1.36.St-Paul_40.JPG,A1.36,A1,train
raw_data/A1.36/A1.36.St-Paul_41.JPG,A1.36.St-Paul_41.JPG,A1.36,A1,train
raw_data/A1.36/A1.36.St-Paul_42.JPG,A1.36.St-Paul_42.JPG,A1.36,A1,train
raw_data/A1.36/A1.36.St-Paul_43.JPG,A1.36.St-Paul_43.JPG,A1.36,A1,train
raw_data/A1.36/A1.36.St-Paul_44.JPG,A1.36.St-Paul_44.JPG,A1.36,A1,train
raw_data/A1.36/A1.36.St-Paul_45.JPG,A1.36.St-Paul_45.JPG,A1.36,A1,train
raw_data/A1.36/A1.36.St-Paul_46.JPG,A1.36.St-Paul_46.JPG,A1.36,A1,train
raw_data/A1.36/A1.36.St-Paul_47.JPG,A1.36.St-Paul_47.JPG,A1.36,A1,train
raw_data/A1.36/A1.36.St-Paul_48.JPG,A1.36.St-Paul_48.JPG,A1.36,A1,train
raw_data/A1.36/A1.36.St-Paul_49.JPG,A1.36.St-Paul_49.JPG,A1.36,A1,train
raw_data/A1.36/A1.36.St-Paul_50.JPG,A1.36.St-Paul_50.JPG,A1.36,A1,train
raw_data/A1.36/A1.36.St-Paul_51.JPG,A1.36.St-Paul_51.JPG,A1.36,A1,train
raw_data/A1.36/A1.36.St-Paul_52.JPG,A1.36.St-Paul_52.JPG,A1.36,A1,train
raw_data/A1.36/A1.36.St-Paul_53.JPG,A1.36.St-Paul_53.JPG,A1.36,A1,train
raw_data/A1.36/A1.36.St-Paul_54.JPG,A1.36.St-Paul_54.JPG,A1.36,A1,train
raw_data/A1.36/A1.36.St-Paul_55.JPG,A1.36.St-Paul_55.JPG,A1.36,A1,train
raw_data/A1.36/A1.36.St-Paul_56.JPG,A1.36.St-Paul_56.JPG,A1.36,A1,train
raw_data/A1.36/A1.36.St-Paul_57.JPG,A1.36.St-Paul_57.JPG,A1.36,A1,train
raw_data/A1.36/A1.36.St-Paul_58.JPG,A1.36.St-Paul_58.JPG,A1.36,A1,train
raw_data/A1.36/A1.36.St-Paul_59.JPG,A1.36.St-Paul_59.JPG,A1.36,A1,train
raw_data/A1.36/A1.36.St-Paul_60.JPG,A1.36.St-Paul_60.JPG,A1.36,A1,train
raw_data/A1.36/A1.36.St-Paul_61.JPG,A1.36.St-Paul_61.JPG,A1.36,A1,train
raw_data/A1.36/A1.36.St-Paul_62.JPG,A1.36.St-Paul_62.JPG,A1.36,A1,train
raw_data/A1.36/A1.36.St-Paul_63.JPG,A1.36.St-Paul_63.JPG,A1.36,A1,train
raw_data/A1.36/A1.36.St-Paul_64.JPG,A1.36.St-Paul_64.JPG,A1.36,A1,train
raw_data/A1.36/A1.36.St-Paul_65.JPG,A1.36.St-Paul_65.JPG,A1.36,A1,train
raw_data/A1.36/A1.36.St-Paul_66.JPG,A1.36.St-Paul_66.JPG,A1.36,A1,train
raw_data/A1.36/A1.36.St-Paul_67.JPG,A1.36.St-Paul_67.JPG,A1.36,A1,train
raw_data/A1.36/A1.36.St-Paul_68.JPG,A1.36.St-Paul_68.JPG,A1.36,A1,train
raw_data/A1.36/A1.36.St-Paul_69.JPG,A1.36.St-Paul_69.JPG,A1.36,A1,train
raw_data/A1.36/A1.36.St-Paul_70.JPG,A1.36.St-Paul_70.JPG,A1.36,A1,train
raw_data/A1.36/A1.36.St-Paul_71.JPG,A1.36.St-Paul_71.JPG,A1.36,A1,train
raw_data/A1.36/A1.36.St-Paul_72.JPG,A1.36.St-Paul_72.JPG,A1.36,A1,train
raw_data/A1.36/A1.36.St-Paul_73.JPG,A1.36.St-Paul_73.JPG,A1.36,A1,train
raw_data/A1.36/A1.36.St-Paul_74.JPG,A1.36.St-Paul_74.JPG,A1.36,A1,train
raw_data/A1.36/A1.36.St-Paul_75.JPG,A1.36.St-Paul_75.JPG,A1.36,A1,train
raw_data/A1.36/A1.36.St-Paul_76.JPG,A1.36.St-Paul_76.JPG,A1.36,A1,train
raw_data/A1.36/A1.36.St-Paul_77.JPG,A1.36.St-Paul_77.JPG,A1.36,A1,train
raw_data/A1.36/A1.36.St-Paul_78.JPG,A1.36.St-Paul_78.JPG,A1.36,A1,train
raw_data/A1.36/A1.36.St-Paul_79.JPG,A1.36.St-Paul_79.JPG,A1.36,A1,train
raw_data/A1.36/A1.36.St-Paul_80.JPG,A1.36.St-Paul_80.JPG,A1.36,A1,train
raw_data/A1.36/A1.36.St-Paul_81.JPG,A1.36.St-Paul_81.JPG,A1.36,A1,train
raw_data/A1.36/A1.36.St-Paul_82.JPG,A1.36.St-Paul_82.JPG,A1.36,A1,train
raw_data/A1.36/A1.36.St-Paul_83.JPG,A1.36.St-Paul_83.JPG,A1.36,A1,train
raw_data/A1.36/A1.36.St-Paul_84.JPG,A1.36.St-Paul_84.JPG,A1.36,A1,train
raw_data/A1.36/A1.36.St-Paul_85.JPG,A1.36.St-Paul_85.JPG,A1.36,A1,train
raw_data/A1.36/A1.36.St-Paul_86.JPG,A1.36.St-Paul_86.JPG,A1.36,A1,train
raw_data/A1.36/A1.36.St-Paul_87.JPG,A1.36.St-Paul_87.JPG,A1.36,A1,train
raw_data/A1.36/A1.36.St-Paul_88.JPG,A1.36.St-Paul_88.JPG,A1.36,A1,train
raw_data/A1.36/A1.36.St-Paul_89.JPG,A1.36.St-Paul_89.JPG,A1.36,A1,train
raw_data/A1.36/A1.36.St-Paul_90.JPG,A1.36.St-Paul_90.JPG,A1.36,A1,train
raw_data/A1.37/A1.37.Uni-SSH_01.JPG,A1.37.Uni-SSH_01.JPG,A1.37,A1,val
raw_data/A1.37/A1.37.Uni-SSH_02.JPG,A1.37.Uni-SSH_02.JPG,A1.37,A1,val
raw_data/A1.37/A1.37.Uni-SSH_03.JPG,A1.37.Uni-SSH_03.JPG,A1.37,A1,val
raw_data/A1.37/A1.37.Uni-SSH_04.JPG,A1.37.Uni-SSH_04.JPG,A1.37,A1,val
raw_data/A1.37/A1.37.Uni-SSH_05.JPG,A1.37.Uni-SSH_05.JPG,A1.37,A1,val
raw_data/A1.37/A1.37.Uni-SSH_06.JPG,A1.37.Uni-SSH_06.JPG,A1.37,A1,val
raw_data/A1.37/A1.37.Uni-SSH_07.JPG,A1.37.Uni-SSH_07.JPG,A1.37,A1,val
raw_data/A1.37/A1.37.Uni-SSH_08.JPG,A1.37.Uni-SSH_08.JPG,A1.37,A1,val
raw_data/A1.37/A1.37.Uni-SSH_09.JPG,A1.37.Uni-SSH_09.JPG,A1.37,A1,val
raw_data/A1.37/A1.37.Uni-SSH_10.JPG,A1.37.Uni-SSH_10.JPG,A1.37,A1,val
raw_data/A1.37/A1.37.Uni-SSH_11.JPG,A1.37.Uni-SSH_11.JPG,A1.37,A1,val
raw_data/A1.37/A1.37.Uni-SSH_12.JPG,A1.37.Uni-SSH_12.JPG,A1.37,A1,val
raw_data/A1.37/A1.37.Uni-SSH_13.JPG,A1.37.Uni-SSH_13.JPG,A1.37,A1,val
raw_data/A1.37/A1.37.Uni-SSH_14.JPG,A1.37.Uni-SSH_14.JPG,A1.37,A1,val
raw_data/A1.37/A1.37.Uni-SSH_15.JPG,A1.37.Uni-SSH_15.JPG,A1.37,A1,val
raw_data/A1.37/A1.37.Uni-SSH_16.JPG,A1.37.Uni-SSH_16.JPG,A1.37,A1,val
raw_data/A1.37/A1.37.Uni-SSH_17.JPG,A1.37.Uni-SSH_17.JPG,A1.37,A1,val
raw_data/A1.37/A1.37.Uni-SSH_18.JPG,A1.37.Uni-SSH_18.JPG,A1.37,A1,val
raw_data/A1.37/A1.37.Uni-SSH_19.JPG,A1.37.Uni-SSH_19.JPG,A1.37,A1,val
raw_data/A1.37/A1.37.Uni-SSH_20.JPG,A1.37.Uni-SSH_20.JPG,A1.37,A1,val
raw_data/A1.37/A1.37.Uni-SSH_21.JPG,A1.37.Uni-SSH_21.JPG,A1.37,A1,val
raw_data/A1.37/A1.37.Uni-SSH_22.JPG,A1.37.Uni-SSH_22.JPG,A1.37,A1,val
raw_data/A1.37/A1.37.Uni-SSH_23.JPG,A1.37.Uni-SSH_23.JPG,A1.37,A1,val
raw_data/A1.37/A1.37.Uni-SSH_24.JPG,A1.37.Uni-SSH_24.JPG,A1.37,A1,val
raw_data/A1.37/A1.37.Uni-SSH_25.JPG,A1.37.Uni-SSH_25.JPG,A1.37,A1,val
raw_data/A1.37/A1.37.Uni-SSH_26.JPG,A1.37.Uni-SSH_26.JPG,A1.37,A1,val
raw_data/A1.37/A1.37.Uni-SSH_27.JPG,A1.37.Uni-SSH_27.JPG,A1.37,A1,val
raw_data/A1.37/A1.37.Uni-SSH_28.JPG,A1.37.Uni-SSH_28.JPG,A1.37,A1,val
raw_data/A1.37/A1.37.Uni-SSH_29.JPG,A1.37.Uni-SSH_29.JPG,A1.37,A1,val
raw_data/A1.37/A1.37.Uni-SSH_30.JPG,A1.37.Uni-SSH_30.JPG,A1.37,A1,val
raw_data/A1.37/A1.37.Uni-SSH_31.JPG,A1.37.Uni-SSH_31.JPG,A1.37,A1,val
raw_data/A1.37/A1.37.Uni-SSH_32.JPG,A1.37.Uni-SSH_32.JPG,A1.37,A1,val
raw_data/A1.37/A1.37.Uni-SSH_33.JPG,A1.37.Uni-SSH_33.JPG,A1.37,A1,val
raw_data/A1.37/A1.37.Uni-SSH_34.JPG,A1.37.Uni-SSH_34.JPG,A1.37,A1,val
raw_data/A1.37/A1.37.Uni-SSH_35.JPG,A1.37.Uni-SSH_35.JPG,A1.37,A1,val
raw_data/A1.37/A1.37.Uni-SSH_36.JPG,A1.37.Uni-SSH_36.JPG,A1.37,A1,val
raw_data/A1.37/A1.37.Uni-SSH_37.JPG,A1.37.Uni-SSH_37.JPG,A1.37,A1,val
raw_data/A1.37/A1.37.Uni-SSH_38.JPG,A1.37.Uni-SSH_38.JPG,A1.37,A1,val
raw_data/A1.37/A1.37.Uni-SSH_39.JPG,A1.37.Uni-SSH_39.JPG,A1.37,A1,val
raw_data/A1.37/A1.37.Uni-SSH_40.JPG,A1.37.Uni-SSH_40.JPG,A1.37,A1,val
raw_data/A1.37/A1.37.Uni-SSH_41.JPG,A1.37.Uni-SSH_41.JPG,A1.37,A1,val
raw_data/A1.37/A1.37.Uni-SSH_42.JPG,A1.37.Uni-SSH_42.JPG,A1.37,A1,val
raw_data/A1.37/A1.37.Uni-SSH_43.JPG,A1.37.Uni-SSH_43.JPG,A1.37,A1,val
raw_data/A1.37/A1.37.Uni-SSH_44.JPG,A1.37.Uni-SSH_44.JPG,A1.37,A1,val
raw_data/A1.37/A1.37.Uni-SSH_45.JPG,A1.37.Uni-SSH_45.JPG,A1.37,A1,val
raw_data/A1.38/A1.38.HBT-Sch_01.JPG,A1.38.HBT-Sch_01.JPG,A1.38,A1,train
raw_data/A1.38/A1.38.HBT-Sch_02.JPG,A1.38.HBT-Sch_02.JPG,A1.38,A1,train
raw_data/A1.38/A1.38.HBT-Sch_03.JPG,A1.38.HBT-Sch_03.JPG,A1.38,A1,train
raw_data/A1.38/A1.38.HBT-Sch_04.JPG,A1.38.HBT-Sch_04.JPG,A1.38,A1,train
raw_data/A1.38/A1.38.HBT-Sch_05.JPG,A1.38.HBT-Sch_05.JPG,A1.38,A1,train
raw_data/A1.38/A1.38.HBT-Sch_06.JPG,A1.38.HBT-Sch_06.JPG,A1.38,A1,train
raw_data/A1.38/A1.38.HBT-Sch_07.JPG,A1.38.HBT-Sch_07.JPG,A1.38,A1,train
raw_data/A1.38/A1.38.HBT-Sch_08.JPG,A1.38.HBT-Sch_08.JPG,A1.38,A1,train
raw_data/A1.38/A1.38.HBT-Sch_09.JPG,A1.38.HBT-Sch_09.JPG,A1.38,A1,train
raw_data/A1.38/A1.38.HBT-Sch_10.JPG,A1.38.HBT-Sch_10.JPG,A1.38,A1,train
raw_data/A1.38/A1.38.HBT-Sch_11.JPG,A1.38.HBT-Sch_11.JPG,A1.38,A1,train
raw_data/A1.38/A1.38.HBT-Sch_12.JPG,A1.38.HBT-Sch_12.JPG,A1.38,A1,train
raw_data/A1.38/A1.38.HBT-Sch_13.JPG,A1.38.HBT-Sch_13.JPG,A1.38,A1,train
raw_data/A1.38/A1.38.HBT-Sch_14.JPG,A1.38.HBT-Sch_14.JPG,A1.38,A1,train
raw_data/A1.38/A1.38.HBT-Sch_15.JPG,A1.38.HBT-Sch_15.JPG,A1.38,A1,train
raw_data/A1.38/A1.38.HBT-Sch_16.JPG,A1.38.HBT-Sch_16.JPG,A1.38,A1,train
raw_data/A1.39/A1.39.Oil-Buid_01.JPG,A1.39.Oil-Buid_01.JPG,A1.39,A1,val
raw_data/A1.39/A1.39.Oil-Buid_02.JPG,A1.39.Oil-Buid_02.JPG,A1.39,A1,val
raw_data/A1.39/A1.39.Oil-Buid_03.JPG,A1.39.Oil-Buid_03.JPG,A1.39,A1,val
raw_data/A1.39/A1.39.Oil-Buid_04.JPG,A1.39.Oil-Buid_04.JPG,A1.39,A1,val
raw_data/A1.39/A1.39.Oil-Buid_05.JPG,A1.39.Oil-Buid_05.JPG,A1.39,A1,val
raw_data/A1.39/A1.39.Oil-Buid_06.JPG,A1.39.Oil-Buid_06.JPG,A1.39,A1,val
raw_data/A1.39/A1.39.Oil-Buid_07.JPG,A1.39.Oil-Buid_07.JPG,A1.39,A1,val
raw_data/A1.39/A1.39.Oil-Buid_08.JPG,A1.39.Oil-Buid_08.JPG,A1.39,A1,val
raw_data/A1.39/A1.39.Oil-Buid_09.JPG,A1.39.Oil-Buid_09.JPG,A1.39,A1,val
raw_data/A1.39/A1.39.Oil-Buid_10.JPG,A1.39.Oil-Buid_10.JPG,A1.39,A1,val
raw_data/A1.39/A1.39.Oil-Buid_11.JPG,A1.39.Oil-Buid_11.JPG,A1.39,A1,val
raw_data/A1.39/A1.39.Oil-Buid_12.JPG,A1.39.Oil-Buid_12.JPG,A1.39,A1,val
raw_data/A1.39/A1.39.Oil-Buid_13.JPG,A1.39.Oil-Buid_13.JPG,A1.39,A1,val
raw_data/A1.39/A1.39.Oil-Buid_14.JPG,A1.39.Oil-Buid_14.JPG,A1.39,A1,val
raw_data/A1.39/A1.39.Oil-Buid_15.JPG,A1.39.Oil-Buid_15.JPG,A1.39,A1,val
raw_data/A1.39/A1.39.Oil-Buid_16.JPG,A1.39.Oil-Buid_16.JPG,A1.39,A1,val
raw_data/A1.39/A1.39.Oil-Buid_17.JPG,A1.39.Oil-Buid_17.JPG,A1.39,A1,val
raw_data/A1.39/A1.39.Oil-Buid_18.JPG,A1.39.Oil-Buid_18.JPG,A1.39,A1,val
raw_data/A1.39/A1.39.Oil-Buid_19.JPG,A1.39.Oil-Buid_19.JPG,A1.39,A1,val
raw_data/A1.39/A1.39.Oil-Buid_20.JPG,A1.39.Oil-Buid_20.JPG,A1.39,A1,val
raw_data/A1.39/A1.39.Oil-Buid_21.JPG,A1.39.Oil-Buid_21.JPG,A1.39,A1,val
raw_data/A1.39/A1.39.Oil-Buid_22.JPG,A1.39.Oil-Buid_22.JPG,A1.39,A1,val
raw_data/A1.39/A1.39.Oil-Buid_23.JPG,A1.39.Oil-Buid_23.JPG,A1.39,A1,val
raw_data/A1.39/A1.39.Oil-Buid_24.JPG,A1.39.Oil-Buid_24.JPG,A1.39,A1,val
raw_data/A1.39/A1.39.Oil-Buid_25.JPG,A1.39.Oil-Buid_25.JPG,A1.39,A1,val
raw_data/A1.39/A1.39.Oil-Buid_26.JPG,A1.39.Oil-Buid_26.JPG,A1.39,A1,val
raw_data/A1.39/A1.39.Oil-Buid_27.JPG,A1.39.Oil-Buid_27.JPG,A1.39,A1,val
raw_data/A1.39/A1.39.Oil-Buid_28.JPG,A1.39.Oil-Buid_28.JPG,A1.39,A1,val
raw_data/A1.39/A1.39.Oil-Buid_29.JPG,A1.39.Oil-Buid_29.JPG,A1.39,A1,val
raw_data/A1.39/A1.39.Oil-Buid_30.JPG,A1.39.Oil-Buid_30.JPG,A1.39,A1,val
raw_data/A1.39/A1.39.Oil-Buid_31.JPG,A1.39.Oil-Buid_31.JPG,A1.39,A1,val
raw_data/A1.39/A1.39.Oil-Buid_32.JPG,A1.39.Oil-Buid_32.JPG,A1.39,A1,val
raw_data/A1.39/A1.39.Oil-Buid_33.JPG,A1.39.Oil-Buid_33.JPG,A1.39,A1,val
raw_data/A1.39/A1.39.Oil-Buid_34.JPG,A1.39.Oil-Buid_34.JPG,A1.39,A1,val
raw_data/A1.39/A1.39.Oil-Buid_35.JPG,A1.39.Oil-Buid_35.JPG,A1.39,A1,val
raw_data/A1.39/A1.39.Oil-Buid_36.JPG,A1.39.Oil-Buid_36.JPG,A1.39,A1,val
raw_data/A1.39/A1.39.Oil-Buid_37.JPG,A1.39.Oil-Buid_37.JPG,A1.39,A1,val
raw_data/A1.39/A1.39.Oil-Buid_38.JPG,A1.39.Oil-Buid_38.JPG,A1.39,A1,val
raw_data/A1.39/A1.39.Oil-Buid_39.JPG,A1.39.Oil-Buid_39.JPG,A1.39,A1,val
raw_data/A1.39/A1.39.Oil-Buid_40.JPG,A1.39.Oil-Buid_40.JPG,A1.39,A1,val
raw_data/A1.39/A1.39.Oil-Buid_41.JPG,A1.39.Oil-Buid_41.JPG,A1.39,A1,val
raw_data/A1.39/A1.39.Oil-Buid_42.JPG,A1.39.Oil-Buid_42.JPG,A1.39,A1,val
raw_data/A1.39/A1.39.Oil-Buid_43.JPG,A1.39.Oil-Buid_43.JPG,A1.39,A1,val
raw_data/A1.39/A1.39.Oil-Buid_44.JPG,A1.39.Oil-Buid_44.JPG,A1.39,A1,val
raw_data/A1.39/A1.39.Oil-Buid_45.JPG,A1.39.Oil-Buid_45.JPG,A1.39,A1,val
raw_data/A1.39/A1.39.Oil-Buid_46.JPG,A1.39.Oil-Buid_46.JPG,A1.39,A1,val
raw_data/A1.39/A1.39.Oil-Buid_47.JPG,A1.39.Oil-Buid_47.JPG,A1.39,A1,val
raw_data/A1.39/A1.39.Oil-Buid_48.JPG,A1.39.Oil-Buid_48.JPG,A1.39,A1,val
raw_data/A1.39/A1.39.Oil-Buid_49.JPG,A1.39.Oil-Buid_49.JPG,A1.39,A1,val
raw_data/A1.39/A1.39.Oil-Buid_50.JPG,A1.39.Oil-Buid_50.JPG,A1.39,A1,val
raw_data/A1.39/A1.39.Oil-Buid_51.JPG,A1.39.Oil-Buid_51.JPG,A1.39,A1,val
raw_data/A1.39/A1.39.Oil-Buid_52.JPG,A1.39.Oil-Buid_52.JPG,A1.39,A1,val
raw_data/A1.39/A1.39.Oil-Buid_53.JPG,A1.39.Oil-Buid_53.JPG,A1.39,A1,val
raw_data/A1.39/A1.39.Oil-Buid_54.JPG,A1.39.Oil-Buid_54.JPG,A1.39,A1,val
raw_data/A1.39/A1.39.Oil-Buid_55.JPG,A1.39.Oil-Buid_55.JPG,A1.39,A1,val
raw_data/A1.39/A1.39.Oil-Buid_56.JPG,A1.39.Oil-Buid_56.JPG,A1.39,A1,val
raw_data/A1.39/A1.39.Oil-Buid_57.JPG,A1.39.Oil-Buid_57.JPG,A1.39,A1,val
raw_data/A1.39/A1.39.Oil-Buid_58.JPG,A1.39.Oil-Buid_58.JPG,A1.39,A1,val
raw_data/A1.39/A1.39.Oil-Buid_59.JPG,A1.39.Oil-Buid_59.JPG,A1.39,A1,val
raw_data/A1.39/A1.39.Oil-Buid_60.JPG,A1.39.Oil-Buid_60.JPG,A1.39,A1,val
raw_data/A1.39/A1.39.Oil-Buid_61.JPG,A1.39.Oil-Buid_61.JPG,A1.39,A1,val
raw_data/A1.39/A1.39.Oil-Buid_62.JPG,A1.39.Oil-Buid_62.JPG,A1.39,A1,val
raw_data/A1.39/A1.39.Oil-Buid_63.JPG,A1.39.Oil-Buid_63.JPG,A1.39,A1,val
raw_data/A1.39/A1.39.Oil-Buid_64.JPG,A1.39.Oil-Buid_64.JPG,A1.39,A1,val
raw_data/A1.40/A1.40.Veg-Oil_01.JPG,A1.40.Veg-Oil_01.JPG,A1.40,A1,test
raw_data/A1.40/A1.40.Veg-Oil_02.JPG,A1.40.Veg-Oil_02.JPG,A1.40,A1,test
raw_data/A1.40/A1.40.Veg-Oil_03.JPG,A1.40.Veg-Oil_03.JPG,A1.40,A1,test
raw_data/A1.40/A1.40.Veg-Oil_04.JPG,A1.40.Veg-Oil_04.JPG,A1.40,A1,test
raw_data/A1.40/A1.40.Veg-Oil_05.JPG,A1.40.Veg-Oil_05.JPG,A1.40,A1,test
raw_data/A1.40/A1.40.Veg-Oil_06.JPG,A1.40.Veg-Oil_06.JPG,A1.40,A1,test
raw_data/A1.40/A1.40.Veg-Oil_07.JPG,A1.40.Veg-Oil_07.JPG,A1.40,A1,test
raw_data/A1.40/A1.40.Veg-Oil_08.JPG,A1.40.Veg-Oil_08.JPG,A1.40,A1,test
raw_data/A1.40/A1.40.Veg-Oil_09.JPG,A1.40.Veg-Oil_09.JPG,A1.40,A1,test
raw_data/A1.40/A1.40.Veg-Oil_10.JPG,A1.40.Veg-Oil_10.JPG,A1.40,A1,test
raw_data/A1.40/A1.40.Veg-Oil_11.JPG,A1.40.Veg-Oil_11.JPG,A1.40,A1,test
raw_data/A1.40/A1.40.Veg-Oil_12.JPG,A1.40.Veg-Oil_12.JPG,A1.40,A1,test
raw_data/A1.40/A1.40.Veg-Oil_13.JPG,A1.40.Veg-Oil_13.JPG,A1.40,A1,test
raw_data/A1.40/A1.40.Veg-Oil_14.JPG,A1.40.Veg-Oil_14.JPG,A1.40,A1,test
raw_data/A1.40/A1.40.Veg-Oil_15.JPG,A1.40.Veg-Oil_15.JPG,A1.40,A1,test
raw_data/A1.40/A1.40.Veg-Oil_16.JPG,A1.40.Veg-Oil_16.JPG,A1.40,A1,test
raw_data/A1.40/A1.40.Veg-Oil_17.JPG,A1.40.Veg-Oil_17.JPG,A1.40,A1,test
raw_data/A1.40/A1.40.Veg-Oil_18.JPG,A1.40.Veg-Oil_18.JPG,A1.40,A1,test
raw_data/A1.40/A1.40.Veg-Oil_19.JPG,A1.40.Veg-Oil_19.JPG,A1.40,A1,test
raw_data/A1.40/A1.40.Veg-Oil_20.JPG,A1.40.Veg-Oil_20.JPG,A1.40,A1,test
raw_data/A1.40/A1.40.Veg-Oil_21.JPG,A1.40.Veg-Oil_21.JPG,A1.40,A1,test
raw_data/A1.40/A1.40.Veg-Oil_22.JPG,A1.40.Veg-Oil_22.JPG,A1.40,A1,test
raw_data/A1.40/A1.40.Veg-Oil_23.JPG,A1.40.Veg-Oil_23.JPG,A1.40,A1,test
raw_data/A1.40/A1.40.Veg-Oil_24.JPG,A1.40.Veg-Oil_24.JPG,A1.40,A1,test
raw_data/A1.40/A1.40.Veg-Oil_25.JPG,A1.40.Veg-Oil_25.JPG,A1.40,A1,test
raw_data/A1.40/A1.40.Veg-Oil_26.JPG,A1.40.Veg-Oil_26.JPG,A1.40,A1,test
raw_data/A1.40/A1.40.Veg-Oil_27.JPG,A1.40.Veg-Oil_27.JPG,A1.40,A1,test
raw_data/A1.40/A1.40.Veg-Oil_28.JPG,A1.40.Veg-Oil_28.JPG,A1.40,A1,test
raw_data/A1.40/A1.40.Veg-Oil_29.JPG,A1.40.Veg-Oil_29.JPG,A1.40,A1,test
raw_data/A1.40/A1.40.Veg-Oil_30.JPG,A1.40.Veg-Oil_30.JPG,A1.40,A1,test
raw_data/A1.40/A1.40.Veg-Oil_31.JPG,A1.40.Veg-Oil_31.JPG,A1.40,A1,test
raw_data/A1.40/A1.40.Veg-Oil_32.JPG,A1.40.Veg-Oil_32.JPG,A1.40,A1,test
raw_data/A1.40/A1.40.Veg-Oil_33.JPG,A1.40.Veg-Oil_33.JPG,A1.40,A1,test
raw_data/A1.40/A1.40.Veg-Oil_34.JPG,A1.40.Veg-Oil_34.JPG,A1.40,A1,test
raw_data/A1.40/A1.40.Veg-Oil_35.JPG,A1.40.Veg-Oil_35.JPG,A1.40,A1,test
raw_data/A1.40/A1.40.Veg-Oil_36.JPG,A1.40.Veg-Oil_36.JPG,A1.40,A1,test
raw_data/A1.40/A1.40.Veg-Oil_37.JPG,A1.40.Veg-Oil_37.JPG,A1.40,A1,test
raw_data/A1.40/A1.40.Veg-Oil_38.JPG,A1.40.Veg-Oil_38.JPG,A1.40,A1,test
raw_data/A1.40/A1.40.Veg-Oil_39.JPG,A1.40.Veg-Oil_39.JPG,A1.40,A1,test
raw_data/A1.40/A1.40.Veg-Oil_40.JPG,A1.40.Veg-Oil_40.JPG,A1.40,A1,test
raw_data/A1.40/A1.40.Veg-Oil_41.JPG,A1.40.Veg-Oil_41.JPG,A1.40,A1,test
raw_data/A1.40/A1.40.Veg-Oil_42.JPG,A1.40.Veg-Oil_42.JPG,A1.40,A1,test
raw_data/A1.40/A1.40.Veg-Oil_43.JPG,A1.40.Veg-Oil_43.JPG,A1.40,A1,test
raw_data/A1.40/A1.40.Veg-Oil_44.JPG,A1.40.Veg-Oil_44.JPG,A1.40,A1,test
raw_data/A1.40/A1.40.Veg-Oil_45.JPG,A1.40.Veg-Oil_45.JPG,A1.40,A1,test
raw_data/A1.40/A1.40.Veg-Oil_46.JPG,A1.40.Veg-Oil_46.JPG,A1.40,A1,test
raw_data/A1.40/A1.40.Veg-Oil_47.JPG,A1.40.Veg-Oil_47.JPG,A1.40,A1,test
raw_data/A1.40/A1.40.Veg-Oil_48.JPG,A1.40.Veg-Oil_48.JPG,A1.40,A1,test
raw_data/A1.40/A1.40.Veg-Oil_49.JPG,A1.40.Veg-Oil_49.JPG,A1.40,A1,test
raw_data/A1.40/A1.40.Veg-Oil_50.JPG,A1.40.Veg-Oil_50.JPG,A1.40,A1,test
raw_data/A1.40/A1.40.Veg-Oil_51.JPG,A1.40.Veg-Oil_51.JPG,A1.40,A1,test
raw_data/A1.40/A1.40.Veg-Oil_52.JPG,A1.40.Veg-Oil_52.JPG,A1.40,A1,test
raw_data/A1.40/A1.40.Veg-Oil_53.JPG,A1.40.Veg-Oil_53.JPG,A1.40,A1,test
raw_data/A1.40/A1.40.Veg-Oil_54.JPG,A1.40.Veg-Oil_54.JPG,A1.40,A1,test
raw_data/A1.40/A1.40.Veg-Oil_55.JPG,A1.40.Veg-Oil_55.JPG,A1.40,A1,test
raw_data/A1.40/A1.40.Veg-Oil_56.JPG,A1.40.Veg-Oil_56.JPG,A1.40,A1,test
raw_data/A1.40/A1.40.Veg-Oil_57.JPG,A1.40.Veg-Oil_57.JPG,A1.40,A1,test
raw_data/A1.41/A1.41.Sto-Exc_01.JPG,A1.41.Sto-Exc_01.JPG,A1.41,A1,train
raw_data/A1.41/A1.41.Sto-Exc_02.JPG,A1.41.Sto-Exc_02.JPG,A1.41,A1,train
raw_data/A1.41/A1.41.Sto-Exc_03.JPG,A1.41.Sto-Exc_03.JPG,A1.41,A1,train
raw_data/A1.41/A1.41.Sto-Exc_04.JPG,A1.41.Sto-Exc_04.JPG,A1.41,A1,train
raw_data/A1.41/A1.41.Sto-Exc_05.JPG,A1.41.Sto-Exc_05.JPG,A1.41,A1,train
raw_data/A1.41/A1.41.Sto-Exc_06.JPG,A1.41.Sto-Exc_06.JPG,A1.41,A1,train
raw_data/A1.41/A1.41.Sto-Exc_07.JPG,A1.41.Sto-Exc_07.JPG,A1.41,A1,train
raw_data/A1.41/A1.41.Sto-Exc_08.JPG,A1.41.Sto-Exc_08.JPG,A1.41,A1,train
raw_data/A1.41/A1.41.Sto-Exc_09.JPG,A1.41.Sto-Exc_09.JPG,A1.41,A1,train
raw_data/A1.41/A1.41.Sto-Exc_10.JPG,A1.41.Sto-Exc_10.JPG,A1.41,A1,train
raw_data/A1.41/A1.41.Sto-Exc_11.JPG,A1.41.Sto-Exc_11.JPG,A1.41,A1,train
raw_data/A1.41/A1.41.Sto-Exc_12.JPG,A1.41.Sto-Exc_12.JPG,A1.41,A1,train
raw_data/A1.41/A1.41.Sto-Exc_13.JPG,A1.41.Sto-Exc_13.JPG,A1.41,A1,train
raw_data/A1.41/A1.41.Sto-Exc_14.JPG,A1.41.Sto-Exc_14.JPG,A1.41,A1,train
raw_data/A1.41/A1.41.Sto-Exc_15.JPG,A1.41.Sto-Exc_15.JPG,A1.41,A1,train
raw_data/A1.41/A1.41.Sto-Exc_16.JPG,A1.41.Sto-Exc_16.JPG,A1.41,A1,train
raw_data/A1.41/A1.41.Sto-Exc_17.JPG,A1.41.Sto-Exc_17.JPG,A1.41,A1,train
raw_data/A1.41/A1.41.Sto-Exc_18.JPG,A1.41.Sto-Exc_18.JPG,A1.41,A1,train
raw_data/A1.41/A1.41.Sto-Exc_19.JPG,A1.41.Sto-Exc_19.JPG,A1.41,A1,train
raw_data/A1.41/A1.41.Sto-Exc_20.JPG,A1.41.Sto-Exc_20.JPG,A1.41,A1,train
raw_data/A1.41/A1.41.Sto-Exc_21.JPG,A1.41.Sto-Exc_21.JPG,A1.41,A1,train
raw_data/A1.41/A1.41.Sto-Exc_22.JPG,A1.41.Sto-Exc_22.JPG,A1.41,A1,train
raw_data/A1.41/A1.41.Sto-Exc_23.JPG,A1.41.Sto-Exc_23.JPG,A1.41,A1,train
raw_data/A1.41/A1.41.Sto-Exc_24.JPG,A1.41.Sto-Exc_24.JPG,A1.41,A1,train
raw_data/A1.41/A1.41.Sto-Exc_25.JPG,A1.41.Sto-Exc_25.JPG,A1.41,A1,train
raw_data/A1.41/A1.41.Sto-Exc_26.JPG,A1.41.Sto-Exc_26.JPG,A1.41,A1,train
raw_data/A1.41/A1.41.Sto-Exc_27.JPG,A1.41.Sto-Exc_27.JPG,A1.41,A1,train
raw_data/A1.41/A1.41.Sto-Exc_28.JPG,A1.41.Sto-Exc_28.JPG,A1.41,A1,train
raw_data/A1.41/A1.41.Sto-Exc_29.JPG,A1.41.Sto-Exc_29.JPG,A1.41,A1,train
raw_data/A1.41/A1.41.Sto-Exc_30.JPG,A1.41.Sto-Exc_30.JPG,A1.41,A1,train
raw_data/A1.41/A1.41.Sto-Exc_31.JPG,A1.41.Sto-Exc_31.JPG,A1.41,A1,train
raw_data/A1.41/A1.41.Sto-Exc_32.JPG,A1.41.Sto-Exc_32.JPG,A1.41,A1,train
raw_data/A1.41/A1.41.Sto-Exc_33.JPG,A1.41.Sto-Exc_33.JPG,A1.41,A1,train
raw_data/A1.41/A1.41.Sto-Exc_34.JPG,A1.41.Sto-Exc_34.JPG,A1.41,A1,train
raw_data/A1.41/A1.41.Sto-Exc_35.JPG,A1.41.Sto-Exc_35.JPG,A1.41,A1,train
raw_data/A1.41/A1.41.Sto-Exc_36.JPG,A1.41.Sto-Exc_36.JPG,A1.41,A1,train
raw_data/A1.41/A1.41.Sto-Exc_37.JPG,A1.41.Sto-Exc_37.JPG,A1.41,A1,train
raw_data/A1.41/A1.41.Sto-Exc_38.JPG,A1.41.Sto-Exc_38.JPG,A1.41,A1,train
raw_data/A1.41/A1.41.Sto-Exc_39.JPG,A1.41.Sto-Exc_39.JPG,A1.41,A1,train
raw_data/A1.41/A1.41.Sto-Exc_40.JPG,A1.41.Sto-Exc_40.JPG,A1.41,A1,train
raw_data/A1.41/A1.41.Sto-Exc_41.JPG,A1.41.Sto-Exc_41.JPG,A1.41,A1,train
raw_data/A1.41/A1.41.Sto-Exc_42.JPG,A1.41.Sto-Exc_42.JPG,A1.41,A1,train
raw_data/A1.41/A1.41.Sto-Exc_43.JPG,A1.41.Sto-Exc_43.JPG,A1.41,A1,train
raw_data/A1.41/A1.41.Sto-Exc_44.JPG,A1.41.Sto-Exc_44.JPG,A1.41,A1,train
raw_data/A1.42/A1.42.BIDV-Bui_01.JPG,A1.42.BIDV-Bui_01.JPG,A1.42,A1,train
raw_data/A1.42/A1.42.BIDV-Bui_02.JPG,A1.42.BIDV-Bui_02.JPG,A1.42,A1,train
raw_data/A1.42/A1.42.BIDV-Bui_03.JPG,A1.42.BIDV-Bui_03.JPG,A1.42,A1,train
raw_data/A1.42/A1.42.BIDV-Bui_04.JPG,A1.42.BIDV-Bui_04.JPG,A1.42,A1,train
raw_data/A1.42/A1.42.BIDV-Bui_05.JPG,A1.42.BIDV-Bui_05.JPG,A1.42,A1,train
raw_data/A1.42/A1.42.BIDV-Bui_06.JPG,A1.42.BIDV-Bui_06.JPG,A1.42,A1,train
raw_data/A1.42/A1.42.BIDV-Bui_07.JPG,A1.42.BIDV-Bui_07.JPG,A1.42,A1,train
raw_data/A1.42/A1.42.BIDV-Bui_08.JPG,A1.42.BIDV-Bui_08.JPG,A1.42,A1,train
raw_data/A1.42/A1.42.BIDV-Bui_09.JPG,A1.42.BIDV-Bui_09.JPG,A1.42,A1,train
raw_data/A1.42/A1.42.BIDV-Bui_10.JPG,A1.42.BIDV-Bui_10.JPG,A1.42,A1,train
raw_data/A1.42/A1.42.BIDV-Bui_11.JPG,A1.42.BIDV-Bui_11.JPG,A1.42,A1,train
raw_data/A1.42/A1.42.BIDV-Bui_12.JPG,A1.42.BIDV-Bui_12.JPG,A1.42,A1,train
raw_data/A1.42/A1.42.BIDV-Bui_13.JPG,A1.42.BIDV-Bui_13.JPG,A1.42,A1,train
raw_data/A1.42/A1.42.BIDV-Bui_14.JPG,A1.42.BIDV-Bui_14.JPG,A1.42,A1,train
raw_data/A1.42/A1.42.BIDV-Bui_15.JPG,A1.42.BIDV-Bui_15.JPG,A1.42,A1,train
raw_data/A1.42/A1.42.BIDV-Bui_16.JPG,A1.42.BIDV-Bui_16.JPG,A1.42,A1,train
raw_data/A1.42/A1.42.BIDV-Bui_17.JPG,A1.42.BIDV-Bui_17.JPG,A1.42,A1,train
raw_data/A1.42/A1.42.BIDV-Bui_18.JPG,A1.42.BIDV-Bui_18.JPG,A1.42,A1,train
raw_data/A1.42/A1.42.BIDV-Bui_19.JPG,A1.42.BIDV-Bui_19.JPG,A1.42,A1,train
raw_data/A1.42/A1.42.BIDV-Bui_20.JPG,A1.42.BIDV-Bui_20.JPG,A1.42,A1,train
raw_data/A1.42/A1.42.BIDV-Bui_21.JPG,A1.42.BIDV-Bui_21.JPG,A1.42,A1,train
raw_data/A1.42/A1.42.BIDV-Bui_22.JPG,A1.42.BIDV-Bui_22.JPG,A1.42,A1,train
raw_data/A1.42/A1.42.BIDV-Bui_23.JPG,A1.42.BIDV-Bui_23.JPG,A1.42,A1,train
raw_data/A1.42/A1.42.BIDV-Bui_24.JPG,A1.42.BIDV-Bui_24.JPG,A1.42,A1,train
raw_data/A1.42/A1.42.BIDV-Bui_25.JPG,A1.42.BIDV-Bui_25.JPG,A1.42,A1,train
raw_data/A1.42/A1.42.BIDV-Bui_26.JPG,A1.42.BIDV-Bui_26.JPG,A1.42,A1,train
raw_data/A1.42/A1.42.BIDV-Bui_27.JPG,A1.42.BIDV-Bui_27.JPG,A1.42,A1,train
raw_data/A1.42/A1.42.BIDV-Bui_28.JPG,A1.42.BIDV-Bui_28.JPG,A1.42,A1,train
raw_data/A1.42/A1.42.BIDV-Bui_29.JPG,A1.42.BIDV-Bui_29.JPG,A1.42,A1,train
raw_data/A1.42/A1.42.BIDV-Bui_30.JPG,A1.42.BIDV-Bui_30.JPG,A1.42,A1,train
raw_data/A1.42/A1.42.BIDV-Bui_31.JPG,A1.42.BIDV-Bui_31.JPG,A1.42,A1,train
raw_data/A1.42/A1.42.BIDV-Bui_32.JPG,A1.42.BIDV-Bui_32.JPG,A1.42,A1,train
raw_data/A1.42/A1.42.BIDV-Bui_33.JPG,A1.42.BIDV-Bui_33.JPG,A1.42,A1,train
raw_data/A1.42/A1.42.BIDV-Bui_34.JPG,A1.42.BIDV-Bui_34.JPG,A1.42,A1,train
raw_data/A1.42/A1.42.BIDV-Bui_35.JPG,A1.42.BIDV-Bui_35.JPG,A1.42,A1,train
raw_data/A1.42/A1.42.BIDV-Bui_36.JPG,A1.42.BIDV-Bui_36.JPG,A1.42,A1,train
raw_data/A1.42/A1.42.BIDV-Bui_37.JPG,A1.42.BIDV-Bui_37.JPG,A1.42,A1,train
raw_data/A1.42/A1.42.BIDV-Bui_38.JPG,A1.42.BIDV-Bui_38.JPG,A1.42,A1,train
raw_data/A1.42/A1.42.BIDV-Bui_39.JPG,A1.42.BIDV-Bui_39.JPG,A1.42,A1,train
raw_data/A1.42/A1.42.BIDV-Bui_40.JPG,A1.42.BIDV-Bui_40.JPG,A1.42,A1,train
raw_data/A1.42/A1.42.BIDV-Bui_41.JPG,A1.42.BIDV-Bui_41.JPG,A1.42,A1,train
raw_data/A1.42/A1.42.BIDV-Bui_42.JPG,A1.42.BIDV-Bui_42.JPG,A1.42,A1,train
raw_data/A1.42/A1.42.BIDV-Bui_43.JPG,A1.42.BIDV-Bui_43.JPG,A1.42,A1,train
raw_data/A1.42/A1.42.BIDV-Bui_44.JPG,A1.42.BIDV-Bui_44.JPG,A1.42,A1,train
raw_data/A1.42/A1.42.BIDV-Bui_45.JPG,A1.42.BIDV-Bui_45.JPG,A1.42,A1,train
raw_data/A1.42/A1.42.BIDV-Bui_46.JPG,A1.42.BIDV-Bui_46.JPG,A1.42,A1,train
raw_data/A1.43/A1.43.Sta-Tre_01.JPG,A1.43.Sta-Tre_01.JPG,A1.43,A1,train
raw_data/A1.43/A1.43.Sta-Tre_02.JPG,A1.43.Sta-Tre_02.JPG,A1.43,A1,train
raw_data/A1.43/A1.43.Sta-Tre_03.JPG,A1.43.Sta-Tre_03.JPG,A1.43,A1,train
raw_data/A1.43/A1.43.Sta-Tre_04.JPG,A1.43.Sta-Tre_04.JPG,A1.43,A1,train
raw_data/A1.43/A1.43.Sta-Tre_05.JPG,A1.43.Sta-Tre_05.JPG,A1.43,A1,train
raw_data/A1.43/A1.43.Sta-Tre_06.JPG,A1.43.Sta-Tre_06.JPG,A1.43,A1,train
raw_data/A1.43/A1.43.Sta-Tre_07.JPG,A1.43.Sta-Tre_07.JPG,A1.43,A1,train
raw_data/A1.43/A1.43.Sta-Tre_08.JPG,A1.43.Sta-Tre_08.JPG,A1.43,A1,train
raw_data/A1.43/A1.43.Sta-Tre_09.JPG,A1.43.Sta-Tre_09.JPG,A1.43,A1,train
raw_data/A1.43/A1.43.Sta-Tre_10.JPG,A1.43.Sta-Tre_10.JPG,A1.43,A1,train
raw_data/A1.43/A1.43.Sta-Tre_11.JPG,A1.43.Sta-Tre_11.JPG,A1.43,A1,train
raw_data/A1.43/A1.43.Sta-Tre_12.JPG,A1.43.Sta-Tre_12.JPG,A1.43,A1,train
raw_data/A1.43/A1.43.Sta-Tre_13.JPG,A1.43.Sta-Tre_13.JPG,A1.43,A1,train
raw_data/A1.43/A1.43.Sta-Tre_14.JPG,A1.43.Sta-Tre_14.JPG,A1.43,A1,train
raw_data/A1.43/A1.43.Sta-Tre_15.JPG,A1.43.Sta-Tre_15.JPG,A1.43,A1,train
raw_data/A1.43/A1.43.Sta-Tre_16.JPG,A1.43.Sta-Tre_16.JPG,A1.43,A1,train
raw_data/A1.43/A1.43.Sta-Tre_17.JPG,A1.43.Sta-Tre_17.JPG,A1.43,A1,train
raw_data/A1.43/A1.43.Sta-Tre_18.JPG,A1.43.Sta-Tre_18.JPG,A1.43,A1,train
raw_data/A1.43/A1.43.Sta-Tre_19.JPG,A1.43.Sta-Tre_19.JPG,A1.43,A1,train
raw_data/A1.43/A1.43.Sta-Tre_20.JPG,A1.43.Sta-Tre_20.JPG,A1.43,A1,train
raw_data/A1.43/A1.43.Sta-Tre_21.JPG,A1.43.Sta-Tre_21.JPG,A1.43,A1,train
raw_data/A1.43/A1.43.Sta-Tre_22.JPG,A1.43.Sta-Tre_22.JPG,A1.43,A1,train
raw_data/A1.43/A1.43.Sta-Tre_23.JPG,A1.43.Sta-Tre_23.JPG,A1.43,A1,train
raw_data/A1.43/A1.43.Sta-Tre_24.JPG,A1.43.Sta-Tre_24.JPG,A1.43,A1,train
raw_data/A1.43/A1.43.Sta-Tre_25.JPG,A1.43.Sta-Tre_25.JPG,A1.43,A1,train
raw_data/A1.43/A1.43.Sta-Tre_26.JPG,A1.43.Sta-Tre_26.JPG,A1.43,A1,train
raw_data/A1.43/A1.43.Sta-Tre_27.JPG,A1.43.Sta-Tre_27.JPG,A1.43,A1,train
raw_data/A1.43/A1.43.Sta-Tre_28.JPG,A1.43.Sta-Tre_28.JPG,A1.43,A1,train
raw_data/A1.43/A1.43.Sta-Tre_29.JPG,A1.43.Sta-Tre_29.JPG,A1.43,A1,train
raw_data/A1.43/A1.43.Sta-Tre_30.JPG,A1.43.Sta-Tre_30.JPG,A1.43,A1,train
raw_data/A1.43/A1.43.Sta-Tre_31.JPG,A1.43.Sta-Tre_31.JPG,A1.43,A1,train
raw_data/A1.43/A1.43.Sta-Tre_32.JPG,A1.43.Sta-Tre_32.JPG,A1.43,A1,train
raw_data/A1.43/A1.43.Sta-Tre_33.JPG,A1.43.Sta-Tre_33.JPG,A1.43,A1,train
raw_data/A1.43/A1.43.Sta-Tre_34.JPG,A1.43.Sta-Tre_34.JPG,A1.43,A1,train
raw_data/A1.43/A1.43.Sta-Tre_35.JPG,A1.43.Sta-Tre_35.JPG,A1.43,A1,train
raw_data/A1.43/A1.43.Sta-Tre_36.JPG,A1.43.Sta-Tre_36.JPG,A1.43,A1,train
raw_data/A1.43/A1.43.Sta-Tre_37.JPG,A1.43.Sta-Tre_37.JPG,A1.43,A1,train
raw_data/A1.43/A1.43.Sta-Tre_38.JPG,A1.43.Sta-Tre_38.JPG,A1.43,A1,train
raw_data/A1.43/A1.43.Sta-Tre_39.JPG,A1.43.Sta-Tre_39.JPG,A1.43,A1,train
raw_data/A1.43/A1.43.Sta-Tre_40.JPG,A1.43.Sta-Tre_40.JPG,A1.43,A1,train
raw_data/A1.43/A1.43.Sta-Tre_41.JPG,A1.43.Sta-Tre_41.JPG,A1.43,A1,train
raw_data/A1.43/A1.43.Sta-Tre_42.JPG,A1.43.Sta-Tre_42.JPG,A1.43,A1,train
raw_data/A1.43/A1.43.Sta-Tre_43.JPG,A1.43.Sta-Tre_43.JPG,A1.43,A1,train
raw_data/A1.43/A1.43.Sta-Tre_44.JPG,A1.43.Sta-Tre_44.JPG,A1.43,A1,train
raw_data/A1.43/A1.43.Sta-Tre_45.JPG,A1.43.Sta-Tre_45.JPG,A1.43,A1,train
raw_data/A1.43/A1.43.Sta-Tre_46.JPG,A1.43.Sta-Tre_46.JPG,A1.43,A1,train
raw_data/A1.43/A1.43.Sta-Tre_47.JPG,A1.43.Sta-Tre_47.JPG,A1.43,A1,train
raw_data/A1.43/A1.43.Sta-Tre_48.JPG,A1.43.Sta-Tre_48.JPG,A1.43,A1,train
raw_data/A1.43/A1.43.Sta-Tre_49.JPG,A1.43.Sta-Tre_49.JPG,A1.43,A1,train
raw_data/A1.43/A1.43.Sta-Tre_50.JPG,A1.43.Sta-Tre_50.JPG,A1.43,A1,train
raw_data/A1.43/A1.43.Sta-Tre_51.JPG,A1.43.Sta-Tre_51.JPG,A1.43,A1,train
raw_data/A1.43/A1.43.Sta-Tre_52.JPG,A1.43.Sta-Tre_52.JPG,A1.43,A1,train
raw_data/A1.43/A1.43.Sta-Tre_53.JPG,A1.43.Sta-Tre_53.JPG,A1.43,A1,train
raw_data/A1.43/A1.43.Sta-Tre_54.JPG,A1.43.Sta-Tre_54.JPG,A1.43,A1,train
raw_data/A1.43/A1.43.Sta-Tre_55.JPG,A1.43.Sta-Tre_55.JPG,A1.43,A1,train
raw_data/A1.44/A1.44.Nor-Pal_01.jpg,A1.44.Nor-Pal_01.jpg,A1.44,A1,test
raw_data/A1.44/A1.44.Nor-Pal_02.jpg,A1.44.Nor-Pal_02.jpg,A1.44,A1,test
raw_data/A1.44/A1.44.Nor-Pal_03.jpg,A1.44.Nor-Pal_03.jpg,A1.44,A1,test
raw_data/A1.44/A1.44.Nor-Pal_04.jpg,A1.44.Nor-Pal_04.jpg,A1.44,A1,test
raw_data/A1.44/A1.44.Nor-Pal_05.jpg,A1.44.Nor-Pal_05.jpg,A1.44,A1,test
raw_data/A1.44/A1.44.Nor-Pal_06.jpg,A1.44.Nor-Pal_06.jpg,A1.44,A1,test
raw_data/A1.44/A1.44.Nor-Pal_07.jpg,A1.44.Nor-Pal_07.jpg,A1.44,A1,test
raw_data/A1.44/A1.44.Nor-Pal_08.jpg,A1.44.Nor-Pal_08.jpg,A1.44,A1,test
raw_data/A1.44/A1.44.Nor-Pal_09.jpg,A1.44.Nor-Pal_09.jpg,A1.44,A1,test
raw_data/A1.44/A1.44.Nor-Pal_10.jpg,A1.44.Nor-Pal_10.jpg,A1.44,A1,test
raw_data/A1.44/A1.44.Nor-Pal_100.jpg,A1.44.Nor-Pal_100.jpg,A1.44,A1,test
raw_data/A1.44/A1.44.Nor-Pal_101.jpg,A1.44.Nor-Pal_101.jpg,A1.44,A1,test
raw_data/A1.44/A1.44.Nor-Pal_102.jpg,A1.44.Nor-Pal_102.jpg,A1.44,A1,test
raw_data/A1.44/A1.44.Nor-Pal_103.jpg,A1.44.Nor-Pal_103.jpg,A1.44,A1,test
raw_data/A1.44/A1.44.Nor-Pal_11.jpg,A1.44.Nor-Pal_11.jpg,A1.44,A1,test
raw_data/A1.44/A1.44.Nor-Pal_12.jpg,A1.44.Nor-Pal_12.jpg,A1.44,A1,test
raw_data/A1.44/A1.44.Nor-Pal_13.jpg,A1.44.Nor-Pal_13.jpg,A1.44,A1,test
raw_data/A1.44/A1.44.Nor-Pal_14.jpg,A1.44.Nor-Pal_14.jpg,A1.44,A1,test
raw_data/A1.44/A1.44.Nor-Pal_15.jpg,A1.44.Nor-Pal_15.jpg,A1.44,A1,test
raw_data/A1.44/A1.44.Nor-Pal_16.jpg,A1.44.Nor-Pal_16.jpg,A1.44,A1,test
raw_data/A1.44/A1.44.Nor-Pal_17.jpg,A1.44.Nor-Pal_17.jpg,A1.44,A1,test
raw_data/A1.44/A1.44.Nor-Pal_18.jpg,A1.44.Nor-Pal_18.jpg,A1.44,A1,test
raw_data/A1.44/A1.44.Nor-Pal_19.jpg,A1.44.Nor-Pal_19.jpg,A1.44,A1,test
raw_data/A1.44/A1.44.Nor-Pal_20.jpg,A1.44.Nor-Pal_20.jpg,A1.44,A1,test
raw_data/A1.44/A1.44.Nor-Pal_21.jpg,A1.44.Nor-Pal_21.jpg,A1.44,A1,test
raw_data/A1.44/A1.44.Nor-Pal_22.jpg,A1.44.Nor-Pal_22.jpg,A1.44,A1,test
raw_data/A1.44/A1.44.Nor-Pal_23.jpg,A1.44.Nor-Pal_23.jpg,A1.44,A1,test
raw_data/A1.44/A1.44.Nor-Pal_24.jpg,A1.44.Nor-Pal_24.jpg,A1.44,A1,test
raw_data/A1.44/A1.44.Nor-Pal_25.jpg,A1.44.Nor-Pal_25.jpg,A1.44,A1,test
raw_data/A1.44/A1.44.Nor-Pal_26.jpg,A1.44.Nor-Pal_26.jpg,A1.44,A1,test
raw_data/A1.44/A1.44.Nor-Pal_27.jpg,A1.44.Nor-Pal_27.jpg,A1.44,A1,test
raw_data/A1.44/A1.44.Nor-Pal_28.jpg,A1.44.Nor-Pal_28.jpg,A1.44,A1,test
raw_data/A1.44/A1.44.Nor-Pal_29.jpg,A1.44.Nor-Pal_29.jpg,A1.44,A1,test
raw_data/A1.44/A1.44.Nor-Pal_30.jpg,A1.44.Nor-Pal_30.jpg,A1.44,A1,test
raw_data/A1.44/A1.44.Nor-Pal_31.jpg,A1.44.Nor-Pal_31.jpg,A1.44,A1,test
raw_data/A1.44/A1.44.Nor-Pal_32.jpg,A1.44.Nor-Pal_32.jpg,A1.44,A1,test
raw_data/A1.44/A1.44.Nor-Pal_33.jpg,A1.44.Nor-Pal_33.jpg,A1.44,A1,test
raw_data/A1.44/A1.44.Nor-Pal_34.jpg,A1.44.Nor-Pal_34.jpg,A1.44,A1,test
raw_data/A1.44/A1.44.Nor-Pal_35.jpg,A1.44.Nor-Pal_35.jpg,A1.44,A1,test
raw_data/A1.44/A1.44.Nor-Pal_36.jpg,A1.44.Nor-Pal_36.jpg,A1.44,A1,test
raw_data/A1.44/A1.44.Nor-Pal_37.jpg,A1.44.Nor-Pal_37.jpg,A1.44,A1,test
raw_data/A1.44/A1.44.Nor-Pal_38.jpg,A1.44.Nor-Pal_38.jpg,A1.44,A1,test
raw_data/A1.44/A1.44.Nor-Pal_39.jpg,A1.44.Nor-Pal_39.jpg,A1.44,A1,test
raw_data/A1.44/A1.44.Nor-Pal_40.jpg,A1.44.Nor-Pal_40.jpg,A1.44,A1,test
raw_data/A1.44/A1.44.Nor-Pal_41.jpg,A1.44.Nor-Pal_41.jpg,A1.44,A1,test
raw_data/A1.44/A1.44.Nor-Pal_42.jpg,A1.44.Nor-Pal_42.jpg,A1.44,A1,test
raw_data/A1.44/A1.44.Nor-Pal_43.jpg,A1.44.Nor-Pal_43.jpg,A1.44,A1,test
raw_data/A1.44/A1.44.Nor-Pal_44.jpg,A1.44.Nor-Pal_44.jpg,A1.44,A1,test
raw_data/A1.44/A1.44.Nor-Pal_45.jpg,A1.44.Nor-Pal_45.jpg,A1.44,A1,test
raw_data/A1.44/A1.44.Nor-Pal_46.jpg,A1.44.Nor-Pal_46.jpg,A1.44,A1,test
raw_data/A1.44/A1.44.Nor-Pal_47.jpg,A1.44.Nor-Pal_47.jpg,A1.44,A1,test
raw_data/A1.44/A1.44.Nor-Pal_48.jpg,A1.44.Nor-Pal_48.jpg,A1.44,A1,test
raw_data/A1.44/A1.44.Nor-Pal_49.jpg,A1.44.Nor-Pal_49.jpg,A1.44,A1,test
raw_data/A1.44/A1.44.Nor-Pal_50.jpg,A1.44.Nor-Pal_50.jpg,A1.44,A1,test
raw_data/A1.44/A1.44.Nor-Pal_51.jpg,A1.44.Nor-Pal_51.jpg,A1.44,A1,test
raw_data/A1.44/A1.44.Nor-Pal_52.jpg,A1.44.Nor-Pal_52.jpg,A1.44,A1,test
raw_data/A1.44/A1.44.Nor-Pal_53.jpg,A1.44.Nor-Pal_53.jpg,A1.44,A1,test
raw_data/A1.44/A1.44.Nor-Pal_54.jpg,A1.44.Nor-Pal_54.jpg,A1.44,A1,test
raw_data/A1.44/A1.44.Nor-Pal_55.jpg,A1.44.Nor-Pal_55.jpg,A1.44,A1,test
raw_data/A1.44/A1.44.Nor-Pal_56.jpg,A1.44.Nor-Pal_56.jpg,A1.44,A1,test
raw_data/A1.44/A1.44.Nor-Pal_57.jpg,A1.44.Nor-Pal_57.jpg,A1.44,A1,test
raw_data/A1.44/A1.44.Nor-Pal_58.jpg,A1.44.Nor-Pal_58.jpg,A1.44,A1,test
raw_data/A1.44/A1.44.Nor-Pal_59.jpg,A1.44.Nor-Pal_59.jpg,A1.44,A1,test
raw_data/A1.44/A1.44.Nor-Pal_60.jpg,A1.44.Nor-Pal_60.jpg,A1.44,A1,test
raw_data/A1.44/A1.44.Nor-Pal_61.jpg,A1.44.Nor-Pal_61.jpg,A1.44,A1,test
raw_data/A1.44/A1.44.Nor-Pal_62.jpg,A1.44.Nor-Pal_62.jpg,A1.44,A1,test
raw_data/A1.44/A1.44.Nor-Pal_63.jpg,A1.44.Nor-Pal_63.jpg,A1.44,A1,test
raw_data/A1.44/A1.44.Nor-Pal_64.jpg,A1.44.Nor-Pal_64.jpg,A1.44,A1,test
raw_data/A1.44/A1.44.Nor-Pal_65.jpg,A1.44.Nor-Pal_65.jpg,A1.44,A1,test
raw_data/A1.44/A1.44.Nor-Pal_66.jpg,A1.44.Nor-Pal_66.jpg,A1.44,A1,test
raw_data/A1.44/A1.44.Nor-Pal_67.jpg,A1.44.Nor-Pal_67.jpg,A1.44,A1,test
raw_data/A1.44/A1.44.Nor-Pal_68.jpg,A1.44.Nor-Pal_68.jpg,A1.44,A1,test
raw_data/A1.44/A1.44.Nor-Pal_69.jpg,A1.44.Nor-Pal_69.jpg,A1.44,A1,test
raw_data/A1.44/A1.44.Nor-Pal_70.jpg,A1.44.Nor-Pal_70.jpg,A1.44,A1,test
raw_data/A1.44/A1.44.Nor-Pal_71.jpg,A1.44.Nor-Pal_71.jpg,A1.44,A1,test
raw_data/A1.44/A1.44.Nor-Pal_72.jpg,A1.44.Nor-Pal_72.jpg,A1.44,A1,test
raw_data/A1.44/A1.44.Nor-Pal_73.jpg,A1.44.Nor-Pal_73.jpg,A1.44,A1,test
raw_data/A1.44/A1.44.Nor-Pal_74.jpg,A1.44.Nor-Pal_74.jpg,A1.44,A1,test
raw_data/A1.44/A1.44.Nor-Pal_75.jpg,A1.44.Nor-Pal_75.jpg,A1.44,A1,test
raw_data/A1.44/A1.44.Nor-Pal_76.jpg,A1.44.Nor-Pal_76.jpg,A1.44,A1,test
raw_data/A1.44/A1.44.Nor-Pal_77.jpg,A1.44.Nor-Pal_77.jpg,A1.44,A1,test
raw_data/A1.44/A1.44.Nor-Pal_78.jpg,A1.44.Nor-Pal_78.jpg,A1.44,A1,test
raw_data/A1.44/A1.44.Nor-Pal_79.jpg,A1.44.Nor-Pal_79.jpg,A1.44,A1,test
raw_data/A1.44/A1.44.Nor-Pal_80.jpg,A1.44.Nor-Pal_80.jpg,A1.44,A1,test
raw_data/A1.44/A1.44.Nor-Pal_81.jpg,A1.44.Nor-Pal_81.jpg,A1.44,A1,test
raw_data/A1.44/A1.44.Nor-Pal_82.jpg,A1.44.Nor-Pal_82.jpg,A1.44,A1,test
raw_data/A1.44/A1.44.Nor-Pal_83.jpg,A1.44.Nor-Pal_83.jpg,A1.44,A1,test
raw_data/A1.44/A1.44.Nor-Pal_84.jpg,A1.44.Nor-Pal_84.jpg,A1.44,A1,test
raw_data/A1.44/A1.44.Nor-Pal_85.jpg,A1.44.Nor-Pal_85.jpg,A1.44,A1,test
raw_data/A1.44/A1.44.Nor-Pal_86.jpg,A1.44.Nor-Pal_86.jpg,A1.44,A1,test
raw_data/A1.44/A1.44.Nor-Pal_87.jpg,A1.44.Nor-Pal_87.jpg,A1.44,A1,test
raw_data/A1.44/A1.44.Nor-Pal_88.jpg,A1.44.Nor-Pal_88.jpg,A1.44,A1,test
raw_data/A1.44/A1.44.Nor-Pal_89.jpg,A1.44.Nor-Pal_89.jpg,A1.44,A1,test
raw_data/A1.44/A1.44.Nor-Pal_90.jpg,A1.44.Nor-Pal_90.jpg,A1.44,A1,test
raw_data/A1.44/A1.44.Nor-Pal_91.jpg,A1.44.Nor-Pal_91.jpg,A1.44,A1,test
raw_data/A1.44/A1.44.Nor-Pal_92.jpg,A1.44.Nor-Pal_92.jpg,A1.44,A1,test
raw_data/A1.44/A1.44.Nor-Pal_93.jpg,A1.44.Nor-Pal_93.jpg,A1.44,A1,test
raw_data/A1.44/A1.44.Nor-Pal_94.jpg,A1.44.Nor-Pal_94.jpg,A1.44,A1,test
raw_data/A1.44/A1.44.Nor-Pal_95.jpg,A1.44.Nor-Pal_95.jpg,A1.44,A1,test
raw_data/A1.44/A1.44.Nor-Pal_96.jpg,A1.44.Nor-Pal_96.jpg,A1.44,A1,test
raw_data/A1.44/A1.44.Nor-Pal_97.jpg,A1.44.Nor-Pal_97.jpg,A1.44,A1,test
raw_data/A1.44/A1.44.Nor-Pal_98.jpg,A1.44.Nor-Pal_98.jpg,A1.44,A1,test
raw_data/A1.44/A1.44.Nor-Pal_99.jpg,A1.44.Nor-Pal_99.jpg,A1.44,A1,test
raw_data/A1.45.Hanoi Colonial historical buildings/DSC01984.JPG,DSC01984.JPG,A1.45.Hanoi Colonial historical buildings,A1,train
raw_data/A1.45.Hanoi Colonial historical buildings/DSC01985.JPG,DSC01985.JPG,A1.45.Hanoi Colonial historical buildings,A1,train
raw_data/A1.45.Hanoi Colonial historical buildings/DSC01988.JPG,DSC01988.JPG,A1.45.Hanoi Colonial historical buildings,A1,train
raw_data/A1.45.Hanoi Colonial historical buildings/DSC01989.JPG,DSC01989.JPG,A1.45.Hanoi Colonial historical buildings,A1,train
raw_data/A1.45.Hanoi Colonial historical buildings/DSC01990.JPG,DSC01990.JPG,A1.45.Hanoi Colonial historical buildings,A1,train
raw_data/A1.45.Hanoi Colonial historical buildings/DSC01992.JPG,DSC01992.JPG,A1.45.Hanoi Colonial historical buildings,A1,train
raw_data/A1.45.Hanoi Colonial historical buildings/DSC01995.JPG,DSC01995.JPG,A1.45.Hanoi Colonial historical buildings,A1,train
raw_data/A1.45.Hanoi Colonial historical buildings/DSC01996.JPG,DSC01996.JPG,A1.45.Hanoi Colonial historical buildings,A1,train
raw_data/A1.45.Hanoi Colonial historical buildings/DSC01997.JPG,DSC01997.JPG,A1.45.Hanoi Colonial historical buildings,A1,train
raw_data/A1.45.Hanoi Colonial historical buildings/DSC01998.JPG,DSC01998.JPG,A1.45.Hanoi Colonial historical buildings,A1,train
raw_data/A1.45.Hanoi Colonial historical buildings/DSC01999.JPG,DSC01999.JPG,A1.45.Hanoi Colonial historical buildings,A1,train
raw_data/A1.45.Hanoi Colonial historical buildings/DSC02000.JPG,DSC02000.JPG,A1.45.Hanoi Colonial historical buildings,A1,train
raw_data/A1.45.Hanoi Colonial historical buildings/DSC02001.JPG,DSC02001.JPG,A1.45.Hanoi Colonial historical buildings,A1,train
raw_data/A1.45.Hanoi Colonial historical buildings/DSC02002.JPG,DSC02002.JPG,A1.45.Hanoi Colonial historical buildings,A1,train
raw_data/A1.45.Hanoi Colonial historical buildings/DSC02003.JPG,DSC02003.JPG,A1.45.Hanoi Colonial historical buildings,A1,train
raw_data/A1.45.Hanoi Colonial historical buildings/DSC02006.JPG,DSC02006.JPG,A1.45.Hanoi Colonial historical buildings,A1,train
raw_data/A1.45.Hanoi Colonial historical buildings/DSC02007.JPG,DSC02007.JPG,A1.45.Hanoi Colonial historical buildings,A1,train
raw_data/A1.45.Hanoi Colonial historical buildings/DSC02008.JPG,DSC02008.JPG,A1.45.Hanoi Colonial historical buildings,A1,train
raw_data/A1.45.Hanoi Colonial historical buildings/DSC02010.JPG,DSC02010.JPG,A1.45.Hanoi Colonial historical buildings,A1,train
raw_data/A1.45.Hanoi Colonial historical buildings/DSC02011.JPG,DSC02011.JPG,A1.45.Hanoi Colonial historical buildings,A1,train
raw_data/A1.45.Hanoi Colonial historical buildings/DSC02012.JPG,DSC02012.JPG,A1.45.Hanoi Colonial historical buildings,A1,train
raw_data/A1.45.Hanoi Colonial historical buildings/DSC02013.JPG,DSC02013.JPG,A1.45.Hanoi Colonial historical buildings,A1,train
raw_data/A1.45.Hanoi Colonial historical buildings/DSC02014.JPG,DSC02014.JPG,A1.45.Hanoi Colonial historical buildings,A1,train
raw_data/A1.45.Hanoi Colonial historical buildings/DSC02017.JPG,DSC02017.JPG,A1.45.Hanoi Colonial historical buildings,A1,train
raw_data/A1.45.Hanoi Colonial historical buildings/DSC02018.JPG,DSC02018.JPG,A1.45.Hanoi Colonial historical buildings,A1,train
raw_data/A1.45.Hanoi Colonial historical buildings/DSC02019.JPG,DSC02019.JPG,A1.45.Hanoi Colonial historical buildings,A1,train
raw_data/A1.45.Hanoi Colonial historical buildings/DSC02020.JPG,DSC02020.JPG,A1.45.Hanoi Colonial historical buildings,A1,train
raw_data/A1.45.Hanoi Colonial historical buildings/DSC02021.JPG,DSC02021.JPG,A1.45.Hanoi Colonial historical buildings,A1,train
raw_data/A1.45.Hanoi Colonial historical buildings/DSC02025.JPG,DSC02025.JPG,A1.45.Hanoi Colonial historical buildings,A1,train
raw_data/A1.45.Hanoi Colonial historical buildings/DSC02026.JPG,DSC02026.JPG,A1.45.Hanoi Colonial historical buildings,A1,train
raw_data/A1.45.Hanoi Colonial historical buildings/DSC02027.JPG,DSC02027.JPG,A1.45.Hanoi Colonial historical buildings,A1,train
raw_data/A1.45.Hanoi Colonial historical buildings/DSC02028.JPG,DSC02028.JPG,A1.45.Hanoi Colonial historical buildings,A1,train
raw_data/A1.45.Hanoi Colonial historical buildings/DSC02029.JPG,DSC02029.JPG,A1.45.Hanoi Colonial historical buildings,A1,train
raw_data/A1.45.Hanoi Colonial historical buildings/DSC02030.JPG,DSC02030.JPG,A1.45.Hanoi Colonial historical buildings,A1,train
raw_data/A1.45.Hanoi Colonial historical buildings/DSC02031.JPG,DSC02031.JPG,A1.45.Hanoi Colonial historical buildings,A1,train
raw_data/A1.45.Hanoi Colonial historical buildings/DSC02032.JPG,DSC02032.JPG,A1.45.Hanoi Colonial historical buildings,A1,train
raw_data/A1.45.Hanoi Colonial historical buildings/DSC02033.JPG,DSC02033.JPG,A1.45.Hanoi Colonial historical buildings,A1,train
raw_data/A1.45.Hanoi Colonial historical buildings/DSC02034.JPG,DSC02034.JPG,A1.45.Hanoi Colonial historical buildings,A1,train
raw_data/A1.45.Hanoi Colonial historical buildings/DSC02035.JPG,DSC02035.JPG,A1.45.Hanoi Colonial historical buildings,A1,train
raw_data/A1.45.Hanoi Colonial historical buildings/DSC02036.JPG,DSC02036.JPG,A1.45.Hanoi Colonial historical buildings,A1,train
raw_data/A1.45.Hanoi Colonial historical buildings/DSC02037.JPG,DSC02037.JPG,A1.45.Hanoi Colonial historical buildings,A1,train
raw_data/A1.45.Hanoi Colonial historical buildings/DSC02039.JPG,DSC02039.JPG,A1.45.Hanoi Colonial historical buildings,A1,train
raw_data/A1.45.Hanoi Colonial historical buildings/DSC02040.JPG,DSC02040.JPG,A1.45.Hanoi Colonial historical buildings,A1,train
raw_data/A1.45.Hanoi Colonial historical buildings/DSC02041.JPG,DSC02041.JPG,A1.45.Hanoi Colonial historical buildings,A1,train
raw_data/A1.45.Hanoi Colonial historical buildings/DSC02042.JPG,DSC02042.JPG,A1.45.Hanoi Colonial historical buildings,A1,train
raw_data/A1.45.Hanoi Colonial historical buildings/DSC02043.JPG,DSC02043.JPG,A1.45.Hanoi Colonial historical buildings,A1,train
raw_data/A1.45.Hanoi Colonial historical buildings/DSC02044.JPG,DSC02044.JPG,A1.45.Hanoi Colonial historical buildings,A1,train
raw_data/A1.45.Hanoi Colonial historical buildings/DSC02045.JPG,DSC02045.JPG,A1.45.Hanoi Colonial historical buildings,A1,train
raw_data/A1.45.Hanoi Colonial historical buildings/DSC02046.JPG,DSC02046.JPG,A1.45.Hanoi Colonial historical buildings,A1,train
raw_data/A1.45.Hanoi Colonial historical buildings/DSC02047.JPG,DSC02047.JPG,A1.45.Hanoi Colonial historical buildings,A1,train
raw_data/A1.45.Hanoi Colonial historical buildings/DSC02048.JPG,DSC02048.JPG,A1.45.Hanoi Colonial historical buildings,A1,train
raw_data/A1.45.Hanoi Colonial historical buildings/DSC02049.JPG,DSC02049.JPG,A1.45.Hanoi Colonial historical buildings,A1,train
raw_data/A1.45.Hanoi Colonial historical buildings/DSC02050.JPG,DSC02050.JPG,A1.45.Hanoi Colonial historical buildings,A1,train
raw_data/A1.45.Hanoi Colonial historical buildings/DSC02051.JPG,DSC02051.JPG,A1.45.Hanoi Colonial historical buildings,A1,train
raw_data/A1.45.Hanoi Colonial historical buildings/DSC02053.JPG,DSC02053.JPG,A1.45.Hanoi Colonial historical buildings,A1,train
raw_data/A1.45.Hanoi Colonial historical buildings/DSC02054.JPG,DSC02054.JPG,A1.45.Hanoi Colonial historical buildings,A1,train
raw_data/A1.45.Hanoi Colonial historical buildings/DSC02055.JPG,DSC02055.JPG,A1.45.Hanoi Colonial historical buildings,A1,train
raw_data/A1.45.Hanoi Colonial historical buildings/DSC02056.JPG,DSC02056.JPG,A1.45.Hanoi Colonial historical buildings,A1,train
raw_data/A1.45.Hanoi Colonial historical buildings/DSC02057.JPG,DSC02057.JPG,A1.45.Hanoi Colonial historical buildings,A1,train
raw_data/A1.45.Hanoi Colonial historical buildings/DSC02059.JPG,DSC02059.JPG,A1.45.Hanoi Colonial historical buildings,A1,train
raw_data/A1.45.Hanoi Colonial historical buildings/DSC02060.JPG,DSC02060.JPG,A1.45.Hanoi Colonial historical buildings,A1,train
raw_data/A1.45.Hanoi Colonial historical buildings/DSC02061.JPG,DSC02061.JPG,A1.45.Hanoi Colonial historical buildings,A1,train
raw_data/A1.45.Hanoi Colonial historical buildings/DSC02062.JPG,DSC02062.JPG,A1.45.Hanoi Colonial historical buildings,A1,train
raw_data/A1.45.Hanoi Colonial historical buildings/DSC02064.JPG,DSC02064.JPG,A1.45.Hanoi Colonial historical buildings,A1,train
raw_data/A1.45.Hanoi Colonial historical buildings/DSC02065.JPG,DSC02065.JPG,A1.45.Hanoi Colonial historical buildings,A1,train
raw_data/A1.45.Hanoi Colonial historical buildings/DSC02066.JPG,DSC02066.JPG,A1.45.Hanoi Colonial historical buildings,A1,train
raw_data/A1.45.Hanoi Colonial historical buildings/DSC02067.JPG,DSC02067.JPG,A1.45.Hanoi Colonial historical buildings,A1,train
raw_data/A1.45.Hanoi Colonial historical buildings/DSC02069.JPG,DSC02069.JPG,A1.45.Hanoi Colonial historical buildings,A1,train
raw_data/A1.45.Hanoi Colonial historical buildings/DSC02070.JPG,DSC02070.JPG,A1.45.Hanoi Colonial historical buildings,A1,train
raw_data/A1.45.Hanoi Colonial historical buildings/DSC02071.JPG,DSC02071.JPG,A1.45.Hanoi Colonial historical buildings,A1,train
raw_data/A1.45.Hanoi Colonial historical buildings/DSC02072.JPG,DSC02072.JPG,A1.45.Hanoi Colonial historical buildings,A1,train
raw_data/A1.45.Hanoi Colonial historical buildings/DSC02073.JPG,DSC02073.JPG,A1.45.Hanoi Colonial historical buildings,A1,train
raw_data/A1.45.Hanoi Colonial historical buildings/DSC02074.JPG,DSC02074.JPG,A1.45.Hanoi Colonial historical buildings,A1,train
raw_data/A1.45.Hanoi Colonial historical buildings/DSC02075.JPG,DSC02075.JPG,A1.45.Hanoi Colonial historical buildings,A1,train
raw_data/A1.45.Hanoi Colonial historical buildings/DSC02076.JPG,DSC02076.JPG,A1.45.Hanoi Colonial historical buildings,A1,train
raw_data/A1.45.Hanoi Colonial historical buildings/DSC02077.JPG,DSC02077.JPG,A1.45.Hanoi Colonial historical buildings,A1,train
raw_data/A1.45.Hanoi Colonial historical buildings/DSC02078.JPG,DSC02078.JPG,A1.45.Hanoi Colonial historical buildings,A1,train
raw_data/A1.45.Hanoi Colonial historical buildings/DSC02079.JPG,DSC02079.JPG,A1.45.Hanoi Colonial historical buildings,A1,train
raw_data/A1.45.Hanoi Colonial historical buildings/DSC02081.JPG,DSC02081.JPG,A1.45.Hanoi Colonial historical buildings,A1,train
raw_data/A1.45.Hanoi Colonial historical buildings/DSC02082.JPG,DSC02082.JPG,A1.45.Hanoi Colonial historical buildings,A1,train
raw_data/A1.45.Hanoi Colonial historical buildings/DSC02083.JPG,DSC02083.JPG,A1.45.Hanoi Colonial historical buildings,A1,train
raw_data/A1.45.Hanoi Colonial historical buildings/DSC02084.JPG,DSC02084.JPG,A1.45.Hanoi Colonial historical buildings,A1,train
raw_data/A1.45.Hanoi Colonial historical buildings/DSC02085.JPG,DSC02085.JPG,A1.45.Hanoi Colonial historical buildings,A1,train
raw_data/A1.45.Hanoi Colonial historical buildings/DSC02086.JPG,DSC02086.JPG,A1.45.Hanoi Colonial historical buildings,A1,train
raw_data/A1.45.Hanoi Colonial historical buildings/DSC02087.JPG,DSC02087.JPG,A1.45.Hanoi Colonial historical buildings,A1,train
raw_data/A1.45.Hanoi Colonial historical buildings/DSC02088.JPG,DSC02088.JPG,A1.45.Hanoi Colonial historical buildings,A1,train
raw_data/A1.45.Hanoi Colonial historical buildings/DSC02089.JPG,DSC02089.JPG,A1.45.Hanoi Colonial historical buildings,A1,train
raw_data/A1.45.Hanoi Colonial historical buildings/DSC02090.JPG,DSC02090.JPG,A1.45.Hanoi Colonial historical buildings,A1,train
raw_data/A1.45.Hanoi Colonial historical buildings/DSC02091.JPG,DSC02091.JPG,A1.45.Hanoi Colonial historical buildings,A1,train
raw_data/A1.45.Hanoi Colonial historical buildings/DSC02092.JPG,DSC02092.JPG,A1.45.Hanoi Colonial historical buildings,A1,train
raw_data/A1.45.Hanoi Colonial historical buildings/DSC02094.JPG,DSC02094.JPG,A1.45.Hanoi Colonial historical buildings,A1,train
raw_data/A1.45.Hanoi Colonial historical buildings/DSC02095.JPG,DSC02095.JPG,A1.45.Hanoi Colonial historical buildings,A1,train
raw_data/A1.45.Hanoi Colonial historical buildings/DSC02096.JPG,DSC02096.JPG,A1.45.Hanoi Colonial historical buildings,A1,train
raw_data/A1.45.Hanoi Colonial historical buildings/DSC02097.JPG,DSC02097.JPG,A1.45.Hanoi Colonial historical buildings,A1,train
raw_data/A1.45.Hanoi Colonial historical buildings/DSC02098.JPG,DSC02098.JPG,A1.45.Hanoi Colonial historical buildings,A1,train
raw_data/A1.45.Hanoi Colonial historical buildings/DSC02099.JPG,DSC02099.JPG,A1.45.Hanoi Colonial historical buildings,A1,train
raw_data/A1.45.Hanoi Colonial historical buildings/DSC02100.JPG,DSC02100.JPG,A1.45.Hanoi Colonial historical buildings,A1,train
raw_data/A1.45.Hanoi Colonial historical buildings/DSC02101.JPG,DSC02101.JPG,A1.45.Hanoi Colonial historical buildings,A1,train
raw_data/A1.45.Hanoi Colonial historical buildings/DSC02102.JPG,DSC02102.JPG,A1.45.Hanoi Colonial historical buildings,A1,train
raw_data/A1.45.Hanoi Colonial historical buildings/DSC02103.JPG,DSC02103.JPG,A1.45.Hanoi Colonial historical buildings,A1,train
raw_data/A1.45.Hanoi Colonial historical buildings/DSC02104.JPG,DSC02104.JPG,A1.45.Hanoi Colonial historical buildings,A1,train
raw_data/A1.45.Hanoi Colonial historical buildings/DSC02105.JPG,DSC02105.JPG,A1.45.Hanoi Colonial historical buildings,A1,train
raw_data/A1.45.Hanoi Colonial historical buildings/DSC02106.JPG,DSC02106.JPG,A1.45.Hanoi Colonial historical buildings,A1,train
raw_data/A1.45.Hanoi Colonial historical buildings/DSC02107.JPG,DSC02107.JPG,A1.45.Hanoi Colonial historical buildings,A1,train
raw_data/A1.45.Hanoi Colonial historical buildings/DSC02108.JPG,DSC02108.JPG,A1.45.Hanoi Colonial historical buildings,A1,train
raw_data/A1.45.Hanoi Colonial historical buildings/DSC02109.JPG,DSC02109.JPG,A1.45.Hanoi Colonial historical buildings,A1,train
raw_data/A1.45.Hanoi Colonial historical buildings/DSC02110.JPG,DSC02110.JPG,A1.45.Hanoi Colonial historical buildings,A1,train
raw_data/A1.45.Hanoi Colonial historical buildings/DSC02111.JPG,DSC02111.JPG,A1.45.Hanoi Colonial historical buildings,A1,train
raw_data/A1.45.Hanoi Colonial historical buildings/DSC02112.JPG,DSC02112.JPG,A1.45.Hanoi Colonial historical buildings,A1,train
raw_data/A1.45.Hanoi Colonial historical buildings/DSC02113.JPG,DSC02113.JPG,A1.45.Hanoi Colonial historical buildings,A1,train
raw_data/A1.45.Hanoi Colonial historical buildings/DSC02114.JPG,DSC02114.JPG,A1.45.Hanoi Colonial historical buildings,A1,train
raw_data/A1.45.Hanoi Colonial historical buildings/DSC02115.JPG,DSC02115.JPG,A1.45.Hanoi Colonial historical buildings,A1,train
raw_data/A1.45.Hanoi Colonial historical buildings/DSC02116.JPG,DSC02116.JPG,A1.45.Hanoi Colonial historical buildings,A1,train
raw_data/A1.45.Hanoi Colonial historical buildings/DSC02117.JPG,DSC02117.JPG,A1.45.Hanoi Colonial historical buildings,A1,train
raw_data/A1.45.Hanoi Colonial historical buildings/DSC02118.JPG,DSC02118.JPG,A1.45.Hanoi Colonial historical buildings,A1,train
raw_data/A1.45.Hanoi Colonial historical buildings/DSC02119.JPG,DSC02119.JPG,A1.45.Hanoi Colonial historical buildings,A1,train
raw_data/A1.45.Hanoi Colonial historical buildings/DSC02120.JPG,DSC02120.JPG,A1.45.Hanoi Colonial historical buildings,A1,train
raw_data/A1.45.Hanoi Colonial historical buildings/DSC02121.JPG,DSC02121.JPG,A1.45.Hanoi Colonial historical buildings,A1,train
raw_data/A1.45.Hanoi Colonial historical buildings/DSC02122.JPG,DSC02122.JPG,A1.45.Hanoi Colonial historical buildings,A1,train
raw_data/A1.45.Hanoi Colonial historical buildings/DSC02123.JPG,DSC02123.JPG,A1.45.Hanoi Colonial historical buildings,A1,train
raw_data/A1.45.Hanoi Colonial historical buildings/DSC02124.JPG,DSC02124.JPG,A1.45.Hanoi Colonial historical buildings,A1,train
raw_data/A1.45.Hanoi Colonial historical buildings/DSC02125.JPG,DSC02125.JPG,A1.45.Hanoi Colonial historical buildings,A1,train
raw_data/A1.45.Hanoi Colonial historical buildings/DSC02126.JPG,DSC02126.JPG,A1.45.Hanoi Colonial historical buildings,A1,train
raw_data/A1.45.Hanoi Colonial historical buildings/DSC02127.JPG,DSC02127.JPG,A1.45.Hanoi Colonial historical buildings,A1,train
raw_data/A1.45.Hanoi Colonial historical buildings/DSC02128.JPG,DSC02128.JPG,A1.45.Hanoi Colonial historical buildings,A1,train
raw_data/A1.45.Hanoi Colonial historical buildings/DSC02129.JPG,DSC02129.JPG,A1.45.Hanoi Colonial historical buildings,A1,train
raw_data/A1.45.Hanoi Colonial historical buildings/DSC02130.JPG,DSC02130.JPG,A1.45.Hanoi Colonial historical buildings,A1,train
raw_data/A1.45.Hanoi Colonial historical buildings/DSC02131.JPG,DSC02131.JPG,A1.45.Hanoi Colonial historical buildings,A1,train
raw_data/A1.45.Hanoi Colonial historical buildings/DSC02132.JPG,DSC02132.JPG,A1.45.Hanoi Colonial historical buildings,A1,train
raw_data/A1.45.Hanoi Colonial historical buildings/DSC02133.JPG,DSC02133.JPG,A1.45.Hanoi Colonial historical buildings,A1,train
raw_data/A1.45.Hanoi Colonial historical buildings/DSC02135.JPG,DSC02135.JPG,A1.45.Hanoi Colonial historical buildings,A1,train
raw_data/A1.45.Hanoi Colonial historical buildings/DSC02136.JPG,DSC02136.JPG,A1.45.Hanoi Colonial historical buildings,A1,train
raw_data/A1.45.Hanoi Colonial historical buildings/DSC02137.JPG,DSC02137.JPG,A1.45.Hanoi Colonial historical buildings,A1,train
raw_data/A1.45.Hanoi Colonial historical buildings/DSC02138.JPG,DSC02138.JPG,A1.45.Hanoi Colonial historical buildings,A1,train
raw_data/A1.45.Hanoi Colonial historical buildings/DSC02139.JPG,DSC02139.JPG,A1.45.Hanoi Colonial historical buildings,A1,train
raw_data/A1.45.Hanoi Colonial historical buildings/DSC02140.JPG,DSC02140.JPG,A1.45.Hanoi Colonial historical buildings,A1,train
raw_data/A1.45.Hanoi Colonial historical buildings/DSC02141.JPG,DSC02141.JPG,A1.45.Hanoi Colonial historical buildings,A1,train
raw_data/A1.45.Hanoi Colonial historical buildings/DSC02142.JPG,DSC02142.JPG,A1.45.Hanoi Colonial historical buildings,A1,train
raw_data/A1.45.Hanoi Colonial historical buildings/DSC02143.JPG,DSC02143.JPG,A1.45.Hanoi Colonial historical buildings,A1,train
raw_data/A1.45.Hanoi Colonial historical buildings/DSC02502.JPG,DSC02502.JPG,A1.45.Hanoi Colonial historical buildings,A1,train
raw_data/A1.45.Hanoi Colonial historical buildings/DSC02503.JPG,DSC02503.JPG,A1.45.Hanoi Colonial historical buildings,A1,train
raw_data/A1.45.Hanoi Colonial historical buildings/DSC02504.JPG,DSC02504.JPG,A1.45.Hanoi Colonial historical buildings,A1,train
raw_data/A1.45.Hanoi Colonial historical buildings/DSC02505.JPG,DSC02505.JPG,A1.45.Hanoi Colonial historical buildings,A1,train
raw_data/A1.45.Hanoi Colonial historical buildings/DSC02506.JPG,DSC02506.JPG,A1.45.Hanoi Colonial historical buildings,A1,train
raw_data/A1.45.Hanoi Colonial historical buildings/DSC02507.JPG,DSC02507.JPG,A1.45.Hanoi Colonial historical buildings,A1,train
raw_data/A1.45.Hanoi Colonial historical buildings/DSC02508.JPG,DSC02508.JPG,A1.45.Hanoi Colonial historical buildings,A1,train
raw_data/A1.45.Hanoi Colonial historical buildings/DSC02509.JPG,DSC02509.JPG,A1.45.Hanoi Colonial historical buildings,A1,train
raw_data/A1.45.Hanoi Colonial historical buildings/DSC02510.JPG,DSC02510.JPG,A1.45.Hanoi Colonial historical buildings,A1,train
raw_data/A1.45.Hanoi Colonial historical buildings/DSC02511.JPG,DSC02511.JPG,A1.45.Hanoi Colonial historical buildings,A1,train
raw_data/A1.45.Hanoi Colonial historical buildings/DSC02512.JPG,DSC02512.JPG,A1.45.Hanoi Colonial historical buildings,A1,train
raw_data/A1.45.Hanoi Colonial historical buildings/DSC02513.JPG,DSC02513.JPG,A1.45.Hanoi Colonial historical buildings,A1,train
raw_data/A1.45.Hanoi Colonial historical buildings/DSC02514.JPG,DSC02514.JPG,A1.45.Hanoi Colonial historical buildings,A1,train
raw_data/A1.45.Hanoi Colonial historical buildings/DSC02515.JPG,DSC02515.JPG,A1.45.Hanoi Colonial historical buildings,A1,train
raw_data/A1.45.Hanoi Colonial historical buildings/DSC02516.JPG,DSC02516.JPG,A1.45.Hanoi Colonial historical buildings,A1,train
raw_data/A1.45.Hanoi Colonial historical buildings/DSC02517.JPG,DSC02517.JPG,A1.45.Hanoi Colonial historical buildings,A1,train
raw_data/A1.45.Hanoi Colonial historical buildings/DSC02518.JPG,DSC02518.JPG,A1.45.Hanoi Colonial historical buildings,A1,train
raw_data/A1.45.Hanoi Colonial historical buildings/DSC02519.JPG,DSC02519.JPG,A1.45.Hanoi Colonial historical buildings,A1,train
raw_data/A1.45.Hanoi Colonial historical buildings/DSC02520.JPG,DSC02520.JPG,A1.45.Hanoi Colonial historical buildings,A1,train
raw_data/A1.45.Hanoi Colonial historical buildings/DSC02521.JPG,DSC02521.JPG,A1.45.Hanoi Colonial historical buildings,A1,train
raw_data/A1.45.Hanoi Colonial historical buildings/DSC02524.JPG,DSC02524.JPG,A1.45.Hanoi Colonial historical buildings,A1,train
raw_data/A1.45.Hanoi Colonial historical buildings/DSC02525.JPG,DSC02525.JPG,A1.45.Hanoi Colonial historical buildings,A1,train
raw_data/A1.45.Hanoi Colonial historical buildings/DSC02526.JPG,DSC02526.JPG,A1.45.Hanoi Colonial historical buildings,A1,train
raw_data/A1.45.Hanoi Colonial historical buildings/DSC02527.JPG,DSC02527.JPG,A1.45.Hanoi Colonial historical buildings,A1,train
raw_data/A1.45.Hanoi Colonial historical buildings/DSC02528.JPG,DSC02528.JPG,A1.45.Hanoi Colonial historical buildings,A1,train
raw_data/A1.45.Hanoi Colonial historical buildings/DSC02530.JPG,DSC02530.JPG,A1.45.Hanoi Colonial historical buildings,A1,train
raw_data/A1.45.Hanoi Colonial historical buildings/DSC02531.JPG,DSC02531.JPG,A1.45.Hanoi Colonial historical buildings,A1,train
raw_data/A1.45.Hanoi Colonial historical buildings/DSC02532.JPG,DSC02532.JPG,A1.45.Hanoi Colonial historical buildings,A1,train
raw_data/A1.45.Hanoi Colonial historical buildings/DSC02533.JPG,DSC02533.JPG,A1.45.Hanoi Colonial historical buildings,A1,train
raw_data/A1.45.Hanoi Colonial historical buildings/DSC02534.JPG,DSC02534.JPG,A1.45.Hanoi Colonial historical buildings,A1,train
raw_data/A1.45.Hanoi Colonial historical buildings/DSC02535.JPG,DSC02535.JPG,A1.45.Hanoi Colonial historical buildings,A1,train
raw_data/A1.45.Hanoi Colonial historical buildings/DSC02536.JPG,DSC02536.JPG,A1.45.Hanoi Colonial historical buildings,A1,train
raw_data/A1.45.Hanoi Colonial historical buildings/DSC02537.JPG,DSC02537.JPG,A1.45.Hanoi Colonial historical buildings,A1,train
raw_data/A1.45.Hanoi Colonial historical buildings/DSC02538.JPG,DSC02538.JPG,A1.45.Hanoi Colonial historical buildings,A1,train
raw_data/A1.45.Hanoi Colonial historical buildings/DSC02580.JPG,DSC02580.JPG,A1.45.Hanoi Colonial historical buildings,A1,train
raw_data/A1.45.Hanoi Colonial historical buildings/DSC02586.JPG,DSC02586.JPG,A1.45.Hanoi Colonial historical buildings,A1,train
raw_data/A1.45.Hanoi Colonial historical buildings/DSC02587.JPG,DSC02587.JPG,A1.45.Hanoi Colonial historical buildings,A1,train
raw_data/A1.45.Hanoi Colonial historical buildings/DSC02588.JPG,DSC02588.JPG,A1.45.Hanoi Colonial historical buildings,A1,train
raw_data/A1.45.Hanoi Colonial historical buildings/DSC02589.JPG,DSC02589.JPG,A1.45.Hanoi Colonial historical buildings,A1,train
raw_data/A1.45.Hanoi Colonial historical buildings/DSC02590.JPG,DSC02590.JPG,A1.45.Hanoi Colonial historical buildings,A1,train
raw_data/A1.45.Hanoi Colonial historical buildings/DSC02591.JPG,DSC02591.JPG,A1.45.Hanoi Colonial historical buildings,A1,train
raw_data/A1.45.Hanoi Colonial historical buildings/DSC02592.JPG,DSC02592.JPG,A1.45.Hanoi Colonial historical buildings,A1,train
raw_data/A1.45.Hanoi Colonial historical buildings/DSC02593.JPG,DSC02593.JPG,A1.45.Hanoi Colonial historical buildings,A1,train
raw_data/A1.45.Hanoi Colonial historical buildings/DSC02594.JPG,DSC02594.JPG,A1.45.Hanoi Colonial historical buildings,A1,train
raw_data/A1.45.Hanoi Colonial historical buildings/DSC02595.JPG,DSC02595.JPG,A1.45.Hanoi Colonial historical buildings,A1,train
raw_data/A1.45.Hanoi Colonial historical buildings/DSC02596.JPG,DSC02596.JPG,A1.45.Hanoi Colonial historical buildings,A1,train
raw_data/A1.45.Hanoi Colonial historical buildings/DSC02597.JPG,DSC02597.JPG,A1.45.Hanoi Colonial historical buildings,A1,train
raw_data/A1.45.Hanoi Colonial historical buildings/DSC02598.JPG,DSC02598.JPG,A1.45.Hanoi Colonial historical buildings,A1,train
raw_data/A1.46.Cửa Bắc Catholic Church/DSC02569.JPG,DSC02569.JPG,A1.46.Cửa Bắc Catholic Church,A1,train
raw_data/A1.46.Cửa Bắc Catholic Church/DSC02570.JPG,DSC02570.JPG,A1.46.Cửa Bắc Catholic Church,A1,train
raw_data/A1.46.Cửa Bắc Catholic Church/DSC02571.JPG,DSC02571.JPG,A1.46.Cửa Bắc Catholic Church,A1,train
raw_data/A1.46.Cửa Bắc Catholic Church/DSC02575.JPG,DSC02575.JPG,A1.46.Cửa Bắc Catholic Church,A1,train
raw_data/A1.46.Cửa Bắc Catholic Church/DSC02576.JPG,DSC02576.JPG,A1.46.Cửa Bắc Catholic Church,A1,train
raw_data/A1.46.Cửa Bắc Catholic Church/DSC02577.JPG,DSC02577.JPG,A1.46.Cửa Bắc Catholic Church,A1,train
raw_data/A1.46.Cửa Bắc Catholic Church/DSC02578.JPG,DSC02578.JPG,A1.46.Cửa Bắc Catholic Church,A1,train
raw_data/A1.46.Cửa Bắc Catholic Church/DSC02579.JPG,DSC02579.JPG,A1.46.Cửa Bắc Catholic Church,A1,train
raw_data/A1.46.Cửa Bắc Catholic Church/DSC02581.JPG,DSC02581.JPG,A1.46.Cửa Bắc Catholic Church,A1,train
raw_data/A1.46.Cửa Bắc Catholic Church/DSC02582.JPG,DSC02582.JPG,A1.46.Cửa Bắc Catholic Church,A1,train
raw_data/A1.46.Cửa Bắc Catholic Church/DSC02583.JPG,DSC02583.JPG,A1.46.Cửa Bắc Catholic Church,A1,train
raw_data/A1.47.VAXUCO/DSC02552.JPG,DSC02552.JPG,A1.47.VAXUCO,A1,train
raw_data/A1.47.VAXUCO/DSC02553.JPG,DSC02553.JPG,A1.47.VAXUCO,A1,train
raw_data/A1.47.VAXUCO/DSC02554.JPG,DSC02554.JPG,A1.47.VAXUCO,A1,train
raw_data/A1.47.VAXUCO/DSC02555.JPG,DSC02555.JPG,A1.47.VAXUCO,A1,train
raw_data/A1.47.VAXUCO/DSC02556.JPG,DSC02556.JPG,A1.47.VAXUCO,A1,train
raw_data/A1.47.VAXUCO/DSC02557.JPG,DSC02557.JPG,A1.47.VAXUCO,A1,train
raw_data/A1.47.VAXUCO/DSC02558.JPG,DSC02558.JPG,A1.47.VAXUCO,A1,train
raw_data/A1.47.VAXUCO/DSC02559.JPG,DSC02559.JPG,A1.47.VAXUCO,A1,train
raw_data/A1.47.VAXUCO/DSC02560.JPG,DSC02560.JPG,A1.47.VAXUCO,A1,train
raw_data/A1.47.VAXUCO/DSC02561.JPG,DSC02561.JPG,A1.47.VAXUCO,A1,train
raw_data/A1.47.VAXUCO/DSC02562.JPG,DSC02562.JPG,A1.47.VAXUCO,A1,train
raw_data/A1.47.VAXUCO/DSC02564.JPG,DSC02564.JPG,A1.47.VAXUCO,A1,train
raw_data/A1.47.VAXUCO/DSC02566.JPG,DSC02566.JPG,A1.47.VAXUCO,A1,train
raw_data/A1.47.VAXUCO/DSC02567.JPG,DSC02567.JPG,A1.47.VAXUCO,A1,train
raw_data/A1.47.VAXUCO/DSC02568.JPG,DSC02568.JPG,A1.47.VAXUCO,A1,train
raw_data/A1.48.Viện Lịch sử Quân đội Việt Nam/DSC02543.JPG,DSC02543.JPG,A1.48.Viện Lịch sử Quân đội Việt Nam,A1,test
raw_data/A1.48.Viện Lịch sử Quân đội Việt Nam/DSC02544.JPG,DSC02544.JPG,A1.48.Viện Lịch sử Quân đội Việt Nam,A1,test
raw_data/A1.48.Viện Lịch sử Quân đội Việt Nam/DSC02545.JPG,DSC02545.JPG,A1.48.Viện Lịch sử Quân đội Việt Nam,A1,test
raw_data/A1.48.Viện Lịch sử Quân đội Việt Nam/DSC02546.JPG,DSC02546.JPG,A1.48.Viện Lịch sử Quân đội Việt Nam,A1,test
raw_data/A1.48.Viện Lịch sử Quân đội Việt Nam/DSC02547.JPG,DSC02547.JPG,A1.48.Viện Lịch sử Quân đội Việt Nam,A1,test
raw_data/A1.48.Viện Lịch sử Quân đội Việt Nam/DSC02548.JPG,DSC02548.JPG,A1.48.Viện Lịch sử Quân đội Việt Nam,A1,test
raw_data/A1.48.Viện Lịch sử Quân đội Việt Nam/DSC02549.JPG,DSC02549.JPG,A1.48.Viện Lịch sử Quân đội Việt Nam,A1,test
raw_data/A1.48.Viện Lịch sử Quân đội Việt Nam/DSC02550.JPG,DSC02550.JPG,A1.48.Viện Lịch sử Quân đội Việt Nam,A1,test
raw_data/A1.48.Viện Lịch sử Quân đội Việt Nam/DSC02551.JPG,DSC02551.JPG,A1.48.Viện Lịch sử Quân đội Việt Nam,A1,test
raw_data/A2.01/A2.01.Uni-Squa_01.JPG,A2.01.Uni-Squa_01.JPG,A2.01,A2,train
raw_data/A2.01/A2.01.Uni-Squa_02.JPG,A2.01.Uni-Squa_02.JPG,A2.01,A2,train
raw_data/A2.01/A2.01.Uni-Squa_03.JPG,A2.01.Uni-Squa_03.JPG,A2.01,A2,train
raw_data/A2.01/A2.01.Uni-Squa_04.JPG,A2.01.Uni-Squa_04.JPG,A2.01,A2,train
raw_data/A2.01/A2.01.Uni-Squa_05.JPG,A2.01.Uni-Squa_05.JPG,A2.01,A2,train
raw_data/A2.01/A2.01.Uni-Squa_06.JPG,A2.01.Uni-Squa_06.JPG,A2.01,A2,train
raw_data/A2.01/A2.01.Uni-Squa_07.JPG,A2.01.Uni-Squa_07.JPG,A2.01,A2,train
raw_data/A2.01/A2.01.Uni-Squa_08.JPG,A2.01.Uni-Squa_08.JPG,A2.01,A2,train
raw_data/A2.01/A2.01.Uni-Squa_09.JPG,A2.01.Uni-Squa_09.JPG,A2.01,A2,train
raw_data/A2.01/A2.01.Uni-Squa_10.JPG,A2.01.Uni-Squa_10.JPG,A2.01,A2,train
raw_data/A2.01/A2.01.Uni-Squa_100.JPG,A2.01.Uni-Squa_100.JPG,A2.01,A2,train
raw_data/A2.01/A2.01.Uni-Squa_101.JPG,A2.01.Uni-Squa_101.JPG,A2.01,A2,train
raw_data/A2.01/A2.01.Uni-Squa_102.JPG,A2.01.Uni-Squa_102.JPG,A2.01,A2,train
raw_data/A2.01/A2.01.Uni-Squa_103.JPG,A2.01.Uni-Squa_103.JPG,A2.01,A2,train
raw_data/A2.01/A2.01.Uni-Squa_104.JPG,A2.01.Uni-Squa_104.JPG,A2.01,A2,train
raw_data/A2.01/A2.01.Uni-Squa_105.JPG,A2.01.Uni-Squa_105.JPG,A2.01,A2,train
raw_data/A2.01/A2.01.Uni-Squa_106.JPG,A2.01.Uni-Squa_106.JPG,A2.01,A2,train
raw_data/A2.01/A2.01.Uni-Squa_107.JPG,A2.01.Uni-Squa_107.JPG,A2.01,A2,train
raw_data/A2.01/A2.01.Uni-Squa_108.JPG,A2.01.Uni-Squa_108.JPG,A2.01,A2,train
raw_data/A2.01/A2.01.Uni-Squa_109.JPG,A2.01.Uni-Squa_109.JPG,A2.01,A2,train
raw_data/A2.01/A2.01.Uni-Squa_11.JPG,A2.01.Uni-Squa_11.JPG,A2.01,A2,train
raw_data/A2.01/A2.01.Uni-Squa_110.JPG,A2.01.Uni-Squa_110.JPG,A2.01,A2,train
raw_data/A2.01/A2.01.Uni-Squa_111.JPG,A2.01.Uni-Squa_111.JPG,A2.01,A2,train
raw_data/A2.01/A2.01.Uni-Squa_112.JPG,A2.01.Uni-Squa_112.JPG,A2.01,A2,train
raw_data/A2.01/A2.01.Uni-Squa_113.JPG,A2.01.Uni-Squa_113.JPG,A2.01,A2,train
raw_data/A2.01/A2.01.Uni-Squa_114.JPG,A2.01.Uni-Squa_114.JPG,A2.01,A2,train
raw_data/A2.01/A2.01.Uni-Squa_115.JPG,A2.01.Uni-Squa_115.JPG,A2.01,A2,train
raw_data/A2.01/A2.01.Uni-Squa_116.JPG,A2.01.Uni-Squa_116.JPG,A2.01,A2,train
raw_data/A2.01/A2.01.Uni-Squa_117.JPG,A2.01.Uni-Squa_117.JPG,A2.01,A2,train
raw_data/A2.01/A2.01.Uni-Squa_118.JPG,A2.01.Uni-Squa_118.JPG,A2.01,A2,train
raw_data/A2.01/A2.01.Uni-Squa_119.JPG,A2.01.Uni-Squa_119.JPG,A2.01,A2,train
raw_data/A2.01/A2.01.Uni-Squa_12.JPG,A2.01.Uni-Squa_12.JPG,A2.01,A2,train
raw_data/A2.01/A2.01.Uni-Squa_120.JPG,A2.01.Uni-Squa_120.JPG,A2.01,A2,train
raw_data/A2.01/A2.01.Uni-Squa_121.JPG,A2.01.Uni-Squa_121.JPG,A2.01,A2,train
raw_data/A2.01/A2.01.Uni-Squa_122.JPG,A2.01.Uni-Squa_122.JPG,A2.01,A2,train
raw_data/A2.01/A2.01.Uni-Squa_123.JPG,A2.01.Uni-Squa_123.JPG,A2.01,A2,train
raw_data/A2.01/A2.01.Uni-Squa_124.JPG,A2.01.Uni-Squa_124.JPG,A2.01,A2,train
raw_data/A2.01/A2.01.Uni-Squa_125.JPG,A2.01.Uni-Squa_125.JPG,A2.01,A2,train
raw_data/A2.01/A2.01.Uni-Squa_126.JPG,A2.01.Uni-Squa_126.JPG,A2.01,A2,train
raw_data/A2.01/A2.01.Uni-Squa_127.JPG,A2.01.Uni-Squa_127.JPG,A2.01,A2,train
raw_data/A2.01/A2.01.Uni-Squa_128.JPG,A2.01.Uni-Squa_128.JPG,A2.01,A2,train
raw_data/A2.01/A2.01.Uni-Squa_129.JPG,A2.01.Uni-Squa_129.JPG,A2.01,A2,train
raw_data/A2.01/A2.01.Uni-Squa_13.JPG,A2.01.Uni-Squa_13.JPG,A2.01,A2,train
raw_data/A2.01/A2.01.Uni-Squa_130.JPG,A2.01.Uni-Squa_130.JPG,A2.01,A2,train
raw_data/A2.01/A2.01.Uni-Squa_131.JPG,A2.01.Uni-Squa_131.JPG,A2.01,A2,train
raw_data/A2.01/A2.01.Uni-Squa_132.JPG,A2.01.Uni-Squa_132.JPG,A2.01,A2,train
raw_data/A2.01/A2.01.Uni-Squa_133.JPG,A2.01.Uni-Squa_133.JPG,A2.01,A2,train
raw_data/A2.01/A2.01.Uni-Squa_134.JPG,A2.01.Uni-Squa_134.JPG,A2.01,A2,train
raw_data/A2.01/A2.01.Uni-Squa_135.JPG,A2.01.Uni-Squa_135.JPG,A2.01,A2,train
raw_data/A2.01/A2.01.Uni-Squa_136.JPG,A2.01.Uni-Squa_136.JPG,A2.01,A2,train
raw_data/A2.01/A2.01.Uni-Squa_137.JPG,A2.01.Uni-Squa_137.JPG,A2.01,A2,train
raw_data/A2.01/A2.01.Uni-Squa_138.JPG,A2.01.Uni-Squa_138.JPG,A2.01,A2,train
raw_data/A2.01/A2.01.Uni-Squa_139.JPG,A2.01.Uni-Squa_139.JPG,A2.01,A2,train
raw_data/A2.01/A2.01.Uni-Squa_14.JPG,A2.01.Uni-Squa_14.JPG,A2.01,A2,train
raw_data/A2.01/A2.01.Uni-Squa_140.JPG,A2.01.Uni-Squa_140.JPG,A2.01,A2,train
raw_data/A2.01/A2.01.Uni-Squa_141.JPG,A2.01.Uni-Squa_141.JPG,A2.01,A2,train
raw_data/A2.01/A2.01.Uni-Squa_142.JPG,A2.01.Uni-Squa_142.JPG,A2.01,A2,train
raw_data/A2.01/A2.01.Uni-Squa_143.JPG,A2.01.Uni-Squa_143.JPG,A2.01,A2,train
raw_data/A2.01/A2.01.Uni-Squa_144.JPG,A2.01.Uni-Squa_144.JPG,A2.01,A2,train
raw_data/A2.01/A2.01.Uni-Squa_145.JPG,A2.01.Uni-Squa_145.JPG,A2.01,A2,train
raw_data/A2.01/A2.01.Uni-Squa_146.JPG,A2.01.Uni-Squa_146.JPG,A2.01,A2,train
raw_data/A2.01/A2.01.Uni-Squa_147.JPG,A2.01.Uni-Squa_147.JPG,A2.01,A2,train
raw_data/A2.01/A2.01.Uni-Squa_15.JPG,A2.01.Uni-Squa_15.JPG,A2.01,A2,train
raw_data/A2.01/A2.01.Uni-Squa_16.JPG,A2.01.Uni-Squa_16.JPG,A2.01,A2,train
raw_data/A2.01/A2.01.Uni-Squa_17.JPG,A2.01.Uni-Squa_17.JPG,A2.01,A2,train
raw_data/A2.01/A2.01.Uni-Squa_18.JPG,A2.01.Uni-Squa_18.JPG,A2.01,A2,train
raw_data/A2.01/A2.01.Uni-Squa_19.JPG,A2.01.Uni-Squa_19.JPG,A2.01,A2,train
raw_data/A2.01/A2.01.Uni-Squa_20.JPG,A2.01.Uni-Squa_20.JPG,A2.01,A2,train
raw_data/A2.01/A2.01.Uni-Squa_21.JPG,A2.01.Uni-Squa_21.JPG,A2.01,A2,train
raw_data/A2.01/A2.01.Uni-Squa_22.JPG,A2.01.Uni-Squa_22.JPG,A2.01,A2,train
raw_data/A2.01/A2.01.Uni-Squa_23.JPG,A2.01.Uni-Squa_23.JPG,A2.01,A2,train
raw_data/A2.01/A2.01.Uni-Squa_24.JPG,A2.01.Uni-Squa_24.JPG,A2.01,A2,train
raw_data/A2.01/A2.01.Uni-Squa_25.JPG,A2.01.Uni-Squa_25.JPG,A2.01,A2,train
raw_data/A2.01/A2.01.Uni-Squa_26.JPG,A2.01.Uni-Squa_26.JPG,A2.01,A2,train
raw_data/A2.01/A2.01.Uni-Squa_27.JPG,A2.01.Uni-Squa_27.JPG,A2.01,A2,train
raw_data/A2.01/A2.01.Uni-Squa_28.JPG,A2.01.Uni-Squa_28.JPG,A2.01,A2,train
raw_data/A2.01/A2.01.Uni-Squa_29.JPG,A2.01.Uni-Squa_29.JPG,A2.01,A2,train
raw_data/A2.01/A2.01.Uni-Squa_30.JPG,A2.01.Uni-Squa_30.JPG,A2.01,A2,train
raw_data/A2.01/A2.01.Uni-Squa_31.JPG,A2.01.Uni-Squa_31.JPG,A2.01,A2,train
raw_data/A2.01/A2.01.Uni-Squa_32.JPG,A2.01.Uni-Squa_32.JPG,A2.01,A2,train
raw_data/A2.01/A2.01.Uni-Squa_33.JPG,A2.01.Uni-Squa_33.JPG,A2.01,A2,train
raw_data/A2.01/A2.01.Uni-Squa_34.JPG,A2.01.Uni-Squa_34.JPG,A2.01,A2,train
raw_data/A2.01/A2.01.Uni-Squa_35.JPG,A2.01.Uni-Squa_35.JPG,A2.01,A2,train
raw_data/A2.01/A2.01.Uni-Squa_36.JPG,A2.01.Uni-Squa_36.JPG,A2.01,A2,train
raw_data/A2.01/A2.01.Uni-Squa_37.JPG,A2.01.Uni-Squa_37.JPG,A2.01,A2,train
raw_data/A2.01/A2.01.Uni-Squa_38.JPG,A2.01.Uni-Squa_38.JPG,A2.01,A2,train
raw_data/A2.01/A2.01.Uni-Squa_39.JPG,A2.01.Uni-Squa_39.JPG,A2.01,A2,train
raw_data/A2.01/A2.01.Uni-Squa_40.JPG,A2.01.Uni-Squa_40.JPG,A2.01,A2,train
raw_data/A2.01/A2.01.Uni-Squa_41.JPG,A2.01.Uni-Squa_41.JPG,A2.01,A2,train
raw_data/A2.01/A2.01.Uni-Squa_42.JPG,A2.01.Uni-Squa_42.JPG,A2.01,A2,train
raw_data/A2.01/A2.01.Uni-Squa_43.JPG,A2.01.Uni-Squa_43.JPG,A2.01,A2,train
raw_data/A2.01/A2.01.Uni-Squa_44.JPG,A2.01.Uni-Squa_44.JPG,A2.01,A2,train
raw_data/A2.01/A2.01.Uni-Squa_45.JPG,A2.01.Uni-Squa_45.JPG,A2.01,A2,train
raw_data/A2.01/A2.01.Uni-Squa_46.JPG,A2.01.Uni-Squa_46.JPG,A2.01,A2,train
raw_data/A2.01/A2.01.Uni-Squa_47.JPG,A2.01.Uni-Squa_47.JPG,A2.01,A2,train
raw_data/A2.01/A2.01.Uni-Squa_48.JPG,A2.01.Uni-Squa_48.JPG,A2.01,A2,train
raw_data/A2.01/A2.01.Uni-Squa_49.JPG,A2.01.Uni-Squa_49.JPG,A2.01,A2,train
raw_data/A2.01/A2.01.Uni-Squa_50.JPG,A2.01.Uni-Squa_50.JPG,A2.01,A2,train
raw_data/A2.01/A2.01.Uni-Squa_51.JPG,A2.01.Uni-Squa_51.JPG,A2.01,A2,train
raw_data/A2.01/A2.01.Uni-Squa_52.JPG,A2.01.Uni-Squa_52.JPG,A2.01,A2,train
raw_data/A2.01/A2.01.Uni-Squa_53.JPG,A2.01.Uni-Squa_53.JPG,A2.01,A2,train
raw_data/A2.01/A2.01.Uni-Squa_54.JPG,A2.01.Uni-Squa_54.JPG,A2.01,A2,train
raw_data/A2.01/A2.01.Uni-Squa_55.JPG,A2.01.Uni-Squa_55.JPG,A2.01,A2,train
raw_data/A2.01/A2.01.Uni-Squa_56.JPG,A2.01.Uni-Squa_56.JPG,A2.01,A2,train
raw_data/A2.01/A2.01.Uni-Squa_57.JPG,A2.01.Uni-Squa_57.JPG,A2.01,A2,train
raw_data/A2.01/A2.01.Uni-Squa_58.JPG,A2.01.Uni-Squa_58.JPG,A2.01,A2,train
raw_data/A2.01/A2.01.Uni-Squa_59.JPG,A2.01.Uni-Squa_59.JPG,A2.01,A2,train
raw_data/A2.01/A2.01.Uni-Squa_60.JPG,A2.01.Uni-Squa_60.JPG,A2.01,A2,train
raw_data/A2.01/A2.01.Uni-Squa_61.JPG,A2.01.Uni-Squa_61.JPG,A2.01,A2,train
raw_data/A2.01/A2.01.Uni-Squa_62.JPG,A2.01.Uni-Squa_62.JPG,A2.01,A2,train
raw_data/A2.01/A2.01.Uni-Squa_63.JPG,A2.01.Uni-Squa_63.JPG,A2.01,A2,train
raw_data/A2.01/A2.01.Uni-Squa_64.JPG,A2.01.Uni-Squa_64.JPG,A2.01,A2,train
raw_data/A2.01/A2.01.Uni-Squa_65.JPG,A2.01.Uni-Squa_65.JPG,A2.01,A2,train
raw_data/A2.01/A2.01.Uni-Squa_66.JPG,A2.01.Uni-Squa_66.JPG,A2.01,A2,train
raw_data/A2.01/A2.01.Uni-Squa_67.JPG,A2.01.Uni-Squa_67.JPG,A2.01,A2,train
raw_data/A2.01/A2.01.Uni-Squa_68.JPG,A2.01.Uni-Squa_68.JPG,A2.01,A2,train
raw_data/A2.01/A2.01.Uni-Squa_69.JPG,A2.01.Uni-Squa_69.JPG,A2.01,A2,train
raw_data/A2.01/A2.01.Uni-Squa_70.JPG,A2.01.Uni-Squa_70.JPG,A2.01,A2,train
raw_data/A2.01/A2.01.Uni-Squa_71.JPG,A2.01.Uni-Squa_71.JPG,A2.01,A2,train
raw_data/A2.01/A2.01.Uni-Squa_72.JPG,A2.01.Uni-Squa_72.JPG,A2.01,A2,train
raw_data/A2.01/A2.01.Uni-Squa_73.JPG,A2.01.Uni-Squa_73.JPG,A2.01,A2,train
raw_data/A2.01/A2.01.Uni-Squa_74.JPG,A2.01.Uni-Squa_74.JPG,A2.01,A2,train
raw_data/A2.01/A2.01.Uni-Squa_75.JPG,A2.01.Uni-Squa_75.JPG,A2.01,A2,train
raw_data/A2.01/A2.01.Uni-Squa_76.JPG,A2.01.Uni-Squa_76.JPG,A2.01,A2,train
raw_data/A2.01/A2.01.Uni-Squa_77.JPG,A2.01.Uni-Squa_77.JPG,A2.01,A2,train
raw_data/A2.01/A2.01.Uni-Squa_78.JPG,A2.01.Uni-Squa_78.JPG,A2.01,A2,train
raw_data/A2.01/A2.01.Uni-Squa_79.JPG,A2.01.Uni-Squa_79.JPG,A2.01,A2,train
raw_data/A2.01/A2.01.Uni-Squa_80.JPG,A2.01.Uni-Squa_80.JPG,A2.01,A2,train
raw_data/A2.01/A2.01.Uni-Squa_81.JPG,A2.01.Uni-Squa_81.JPG,A2.01,A2,train
raw_data/A2.01/A2.01.Uni-Squa_82.JPG,A2.01.Uni-Squa_82.JPG,A2.01,A2,train
raw_data/A2.01/A2.01.Uni-Squa_83.JPG,A2.01.Uni-Squa_83.JPG,A2.01,A2,train
raw_data/A2.01/A2.01.Uni-Squa_84.JPG,A2.01.Uni-Squa_84.JPG,A2.01,A2,train
raw_data/A2.01/A2.01.Uni-Squa_85.JPG,A2.01.Uni-Squa_85.JPG,A2.01,A2,train
raw_data/A2.01/A2.01.Uni-Squa_86.JPG,A2.01.Uni-Squa_86.JPG,A2.01,A2,train
raw_data/A2.01/A2.01.Uni-Squa_87.JPG,A2.01.Uni-Squa_87.JPG,A2.01,A2,train
raw_data/A2.01/A2.01.Uni-Squa_88.JPG,A2.01.Uni-Squa_88.JPG,A2.01,A2,train
raw_data/A2.01/A2.01.Uni-Squa_89.JPG,A2.01.Uni-Squa_89.JPG,A2.01,A2,train
raw_data/A2.01/A2.01.Uni-Squa_90.JPG,A2.01.Uni-Squa_90.JPG,A2.01,A2,train
raw_data/A2.01/A2.01.Uni-Squa_91.JPG,A2.01.Uni-Squa_91.JPG,A2.01,A2,train
raw_data/A2.01/A2.01.Uni-Squa_92.JPG,A2.01.Uni-Squa_92.JPG,A2.01,A2,train
raw_data/A2.01/A2.01.Uni-Squa_93.JPG,A2.01.Uni-Squa_93.JPG,A2.01,A2,train
raw_data/A2.01/A2.01.Uni-Squa_94.JPG,A2.01.Uni-Squa_94.JPG,A2.01,A2,train
raw_data/A2.01/A2.01.Uni-Squa_95.JPG,A2.01.Uni-Squa_95.JPG,A2.01,A2,train
raw_data/A2.01/A2.01.Uni-Squa_96.JPG,A2.01.Uni-Squa_96.JPG,A2.01,A2,train
raw_data/A2.01/A2.01.Uni-Squa_97.JPG,A2.01.Uni-Squa_97.JPG,A2.01,A2,train
raw_data/A2.01/A2.01.Uni-Squa_98.JPG,A2.01.Uni-Squa_98.JPG,A2.01,A2,train
raw_data/A2.01/A2.01.Uni-Squa_99.JPG,A2.01.Uni-Squa_99.JPG,A2.01,A2,train
raw_data/A2.04/A2.04.Pub-Def_01.JPG,A2.04.Pub-Def_01.JPG,A2.04,A2,val
raw_data/A2.04/A2.04.Pub-Def_02.JPG,A2.04.Pub-Def_02.JPG,A2.04,A2,val
raw_data/A2.04/A2.04.Pub-Def_03.JPG,A2.04.Pub-Def_03.JPG,A2.04,A2,val
raw_data/A2.04/A2.04.Pub-Def_04.JPG,A2.04.Pub-Def_04.JPG,A2.04,A2,val
raw_data/A2.04/A2.04.Pub-Def_05.JPG,A2.04.Pub-Def_05.JPG,A2.04,A2,val
raw_data/A2.04/A2.04.Pub-Def_06.JPG,A2.04.Pub-Def_06.JPG,A2.04,A2,val
raw_data/A2.04/A2.04.Pub-Def_07.JPG,A2.04.Pub-Def_07.JPG,A2.04,A2,val
raw_data/A2.04/A2.04.Pub-Def_08.JPG,A2.04.Pub-Def_08.JPG,A2.04,A2,val
raw_data/A2.04/A2.04.Pub-Def_09.JPG,A2.04.Pub-Def_09.JPG,A2.04,A2,val
raw_data/A2.04/A2.04.Pub-Def_10.JPG,A2.04.Pub-Def_10.JPG,A2.04,A2,val
raw_data/A2.04/A2.04.Pub-Def_11.JPG,A2.04.Pub-Def_11.JPG,A2.04,A2,val
raw_data/A2.04/A2.04.Pub-Def_12.JPG,A2.04.Pub-Def_12.JPG,A2.04,A2,val
raw_data/A2.04/A2.04.Pub-Def_13.JPG,A2.04.Pub-Def_13.JPG,A2.04,A2,val
raw_data/A2.04/A2.04.Pub-Def_14.JPG,A2.04.Pub-Def_14.JPG,A2.04,A2,val
raw_data/A2.04/A2.04.Pub-Def_15.JPG,A2.04.Pub-Def_15.JPG,A2.04,A2,val
raw_data/A2.04/A2.04.Pub-Def_16.JPG,A2.04.Pub-Def_16.JPG,A2.04,A2,val
raw_data/A2.04/A2.04.Pub-Def_17.JPG,A2.04.Pub-Def_17.JPG,A2.04,A2,val
raw_data/A2.04/A2.04.Pub-Def_18.JPG,A2.04.Pub-Def_18.JPG,A2.04,A2,val
raw_data/A2.04/A2.04.Pub-Def_19.JPG,A2.04.Pub-Def_19.JPG,A2.04,A2,val
raw_data/A2.04/A2.04.Pub-Def_20.JPG,A2.04.Pub-Def_20.JPG,A2.04,A2,val
raw_data/A2.04/A2.04.Pub-Def_21.JPG,A2.04.Pub-Def_21.JPG,A2.04,A2,val
raw_data/A2.04/A2.04.Pub-Def_22.JPG,A2.04.Pub-Def_22.JPG,A2.04,A2,val
raw_data/A2.04/A2.04.Pub-Def_23.JPG,A2.04.Pub-Def_23.JPG,A2.04,A2,val
raw_data/A2.04/A2.04.Pub-Def_24.JPG,A2.04.Pub-Def_24.JPG,A2.04,A2,val
raw_data/A2.04/A2.04.Pub-Def_25.JPG,A2.04.Pub-Def_25.JPG,A2.04,A2,val
raw_data/A2.04/A2.04.Pub-Def_26.JPG,A2.04.Pub-Def_26.JPG,A2.04,A2,val
raw_data/A2.04/A2.04.Pub-Def_27.JPG,A2.04.Pub-Def_27.JPG,A2.04,A2,val
raw_data/A2.04/A2.04.Pub-Def_28.JPG,A2.04.Pub-Def_28.JPG,A2.04,A2,val
raw_data/A2.04/A2.04.Pub-Def_29.JPG,A2.04.Pub-Def_29.JPG,A2.04,A2,val
raw_data/A2.05/A2.05.Pub-Ser_01.JPG,A2.05.Pub-Ser_01.JPG,A2.05,A2,train
raw_data/A2.05/A2.05.Pub-Ser_02.JPG,A2.05.Pub-Ser_02.JPG,A2.05,A2,train
raw_data/A2.05/A2.05.Pub-Ser_03.JPG,A2.05.Pub-Ser_03.JPG,A2.05,A2,train
raw_data/A2.05/A2.05.Pub-Ser_04.JPG,A2.05.Pub-Ser_04.JPG,A2.05,A2,train
raw_data/A2.05/A2.05.Pub-Ser_05.JPG,A2.05.Pub-Ser_05.JPG,A2.05,A2,train
raw_data/A2.05/A2.05.Pub-Ser_06.JPG,A2.05.Pub-Ser_06.JPG,A2.05,A2,train
raw_data/A2.05/A2.05.Pub-Ser_07.JPG,A2.05.Pub-Ser_07.JPG,A2.05,A2,train
raw_data/A2.05/A2.05.Pub-Ser_08.JPG,A2.05.Pub-Ser_08.JPG,A2.05,A2,train
raw_data/A2.05/A2.05.Pub-Ser_09.JPG,A2.05.Pub-Ser_09.JPG,A2.05,A2,train
raw_data/A2.05/A2.05.Pub-Ser_10.JPG,A2.05.Pub-Ser_10.JPG,A2.05,A2,train
raw_data/A2.05/A2.05.Pub-Ser_11.JPG,A2.05.Pub-Ser_11.JPG,A2.05,A2,train
raw_data/A2.05/A2.05.Pub-Ser_12.JPG,A2.05.Pub-Ser_12.JPG,A2.05,A2,train
raw_data/A2.05/A2.05.Pub-Ser_13.JPG,A2.05.Pub-Ser_13.JPG,A2.05,A2,train
raw_data/A2.05/A2.05.Pub-Ser_14.JPG,A2.05.Pub-Ser_14.JPG,A2.05,A2,train
raw_data/A2.05/A2.05.Pub-Ser_15.JPG,A2.05.Pub-Ser_15.JPG,A2.05,A2,train
raw_data/A2.05/A2.05.Pub-Ser_16.JPG,A2.05.Pub-Ser_16.JPG,A2.05,A2,train
raw_data/A2.05/A2.05.Pub-Ser_17.JPG,A2.05.Pub-Ser_17.JPG,A2.05,A2,train
raw_data/A2.05/A2.05.Pub-Ser_18.JPG,A2.05.Pub-Ser_18.JPG,A2.05,A2,train
raw_data/A2.05/A2.05.Pub-Ser_19.JPG,A2.05.Pub-Ser_19.JPG,A2.05,A2,train
raw_data/A2.05/A2.05.Pub-Ser_20.JPG,A2.05.Pub-Ser_20.JPG,A2.05,A2,train
raw_data/A2.05/A2.05.Pub-Ser_21.JPG,A2.05.Pub-Ser_21.JPG,A2.05,A2,train
raw_data/A2.05/A2.05.Pub-Ser_22.JPG,A2.05.Pub-Ser_22.JPG,A2.05,A2,train
raw_data/A2.05/A2.05.Pub-Ser_23.JPG,A2.05.Pub-Ser_23.JPG,A2.05,A2,train
raw_data/A2.05/A2.05.Pub-Ser_24.JPG,A2.05.Pub-Ser_24.JPG,A2.05,A2,train
raw_data/A2.05/A2.05.Pub-Ser_25.JPG,A2.05.Pub-Ser_25.JPG,A2.05,A2,train
raw_data/A2.06 (need_review)/A2.06.VCB-Tow_01.JPG,A2.06.VCB-Tow_01.JPG,A2.06 (need_review),A2,train
raw_data/A2.06 (need_review)/A2.06.VCB-Tow_02.JPG,A2.06.VCB-Tow_02.JPG,A2.06 (need_review),A2,train
raw_data/A2.06 (need_review)/A2.06.VCB-Tow_03.JPG,A2.06.VCB-Tow_03.JPG,A2.06 (need_review),A2,train
raw_data/A2.06 (need_review)/A2.06.VCB-Tow_04.JPG,A2.06.VCB-Tow_04.JPG,A2.06 (need_review),A2,train
raw_data/A2.06 (need_review)/A2.06.VCB-Tow_05.JPG,A2.06.VCB-Tow_05.JPG,A2.06 (need_review),A2,train
raw_data/A2.06 (need_review)/A2.06.VCB-Tow_06.JPG,A2.06.VCB-Tow_06.JPG,A2.06 (need_review),A2,train
raw_data/A2.06 (need_review)/A2.06.VCB-Tow_07.JPG,A2.06.VCB-Tow_07.JPG,A2.06 (need_review),A2,train
raw_data/A2.06 (need_review)/A2.06.VCB-Tow_08.JPG,A2.06.VCB-Tow_08.JPG,A2.06 (need_review),A2,train
raw_data/A2.06 (need_review)/A2.06.VCB-Tow_09.JPG,A2.06.VCB-Tow_09.JPG,A2.06 (need_review),A2,train
raw_data/A2.06 (need_review)/A2.06.VCB-Tow_10.JPG,A2.06.VCB-Tow_10.JPG,A2.06 (need_review),A2,train
raw_data/A2.06 (need_review)/A2.06.VCB-Tow_11.JPG,A2.06.VCB-Tow_11.JPG,A2.06 (need_review),A2,train
raw_data/A2.06 (need_review)/A2.06.VCB-Tow_12.JPG,A2.06.VCB-Tow_12.JPG,A2.06 (need_review),A2,train
raw_data/A2.06 (need_review)/A2.06.VCB-Tow_13.JPG,A2.06.VCB-Tow_13.JPG,A2.06 (need_review),A2,train
raw_data/A2.06 (need_review)/A2.06.VCB-Tow_14.JPG,A2.06.VCB-Tow_14.JPG,A2.06 (need_review),A2,train
raw_data/A2.06 (need_review)/A2.06.VCB-Tow_15.JPG,A2.06.VCB-Tow_15.JPG,A2.06 (need_review),A2,train
raw_data/A2.06 (need_review)/A2.06.VCB-Tow_16.JPG,A2.06.VCB-Tow_16.JPG,A2.06 (need_review),A2,train
raw_data/A2.06 (need_review)/A2.06.VCB-Tow_17.JPG,A2.06.VCB-Tow_17.JPG,A2.06 (need_review),A2,train
raw_data/A2.06 (need_review)/A2.06.VCB-Tow_18.JPG,A2.06.VCB-Tow_18.JPG,A2.06 (need_review),A2,train
raw_data/A2.06 (need_review)/A2.06.VCB-Tow_19.JPG,A2.06.VCB-Tow_19.JPG,A2.06 (need_review),A2,train
raw_data/A2.06 (need_review)/A2.06.VCB-Tow_20.JPG,A2.06.VCB-Tow_20.JPG,A2.06 (need_review),A2,train
raw_data/A2.06 (need_review)/A2.06.VCB-Tow_21.JPG,A2.06.VCB-Tow_21.JPG,A2.06 (need_review),A2,train
raw_data/A2.06 (need_review)/A2.06.VCB-Tow_22.JPG,A2.06.VCB-Tow_22.JPG,A2.06 (need_review),A2,train
raw_data/A2.06 (need_review)/A2.06.VCB-Tow_23.JPG,A2.06.VCB-Tow_23.JPG,A2.06 (need_review),A2,train
raw_data/A2.06 (need_review)/A2.06.VCB-Tow_24.JPG,A2.06.VCB-Tow_24.JPG,A2.06 (need_review),A2,train
raw_data/A2.06 (need_review)/A2.06.VCB-Tow_25.JPG,A2.06.VCB-Tow_25.JPG,A2.06 (need_review),A2,train
raw_data/A2.06 (need_review)/A2.06.VCB-Tow_26.JPG,A2.06.VCB-Tow_26.JPG,A2.06 (need_review),A2,train
raw_data/A2.06 (need_review)/A2.06.VCB-Tow_27.JPG,A2.06.VCB-Tow_27.JPG,A2.06 (need_review),A2,train
raw_data/A2.06 (need_review)/A2.06.VCB-Tow_28.JPG,A2.06.VCB-Tow_28.JPG,A2.06 (need_review),A2,train
raw_data/A2.06 (need_review)/A2.06.VCB-Tow_29.JPG,A2.06.VCB-Tow_29.JPG,A2.06 (need_review),A2,train
raw_data/A2.06 (need_review)/A2.06.VCB-Tow_30.JPG,A2.06.VCB-Tow_30.JPG,A2.06 (need_review),A2,train
raw_data/A2.06 (need_review)/A2.06.VCB-Tow_31.JPG,A2.06.VCB-Tow_31.JPG,A2.06 (need_review),A2,train
raw_data/A2.06 (need_review)/A2.06.VCB-Tow_32.JPG,A2.06.VCB-Tow_32.JPG,A2.06 (need_review),A2,train
raw_data/A2.06 (need_review)/A2.06.VCB-Tow_33.JPG,A2.06.VCB-Tow_33.JPG,A2.06 (need_review),A2,train
raw_data/A2.06 (need_review)/A2.06.VCB-Tow_34.JPG,A2.06.VCB-Tow_34.JPG,A2.06 (need_review),A2,train
raw_data/A2.06 (need_review)/A2.06.VCB-Tow_35.JPG,A2.06.VCB-Tow_35.JPG,A2.06 (need_review),A2,train
raw_data/A2.06 (need_review)/A2.06.VCB-Tow_36.JPG,A2.06.VCB-Tow_36.JPG,A2.06 (need_review),A2,train
raw_data/A2.06 (need_review)/A2.06.VCB-Tow_37.JPG,A2.06.VCB-Tow_37.JPG,A2.06 (need_review),A2,train
raw_data/A2.06 (need_review)/A2.06.VCB-Tow_38.JPG,A2.06.VCB-Tow_38.JPG,A2.06 (need_review),A2,train
raw_data/A2.06 (need_review)/A2.06.VCB-Tow_39.JPG,A2.06.VCB-Tow_39.JPG,A2.06 (need_review),A2,train
raw_data/A2.06 (need_review)/A2.06.VCB-Tow_40.JPG,A2.06.VCB-Tow_40.JPG,A2.06 (need_review),A2,train
raw_data/A2.06 (need_review)/A2.06.VCB-Tow_41.JPG,A2.06.VCB-Tow_41.JPG,A2.06 (need_review),A2,train
raw_data/A2.06 (need_review)/A2.06.VCB-Tow_42.JPG,A2.06.VCB-Tow_42.JPG,A2.06 (need_review),A2,train
raw_data/A2.06 (need_review)/A2.06.VCB-Tow_43.JPG,A2.06.VCB-Tow_43.JPG,A2.06 (need_review),A2,train
raw_data/A2.06 (need_review)/A2.06.VCB-Tow_44.JPG,A2.06.VCB-Tow_44.JPG,A2.06 (need_review),A2,train
raw_data/A2.06 (need_review)/A2.06.VCB-Tow_45.JPG,A2.06.VCB-Tow_45.JPG,A2.06 (need_review),A2,train
raw_data/A2.07/A2.07.Mel-Poi_01.JPG,A2.07.Mel-Poi_01.JPG,A2.07,A2,train
raw_data/A2.07/A2.07.Mel-Poi_02.JPG,A2.07.Mel-Poi_02.JPG,A2.07,A2,train
raw_data/A2.07/A2.07.Mel-Poi_03.JPG,A2.07.Mel-Poi_03.JPG,A2.07,A2,train
raw_data/A2.07/A2.07.Mel-Poi_04.JPG,A2.07.Mel-Poi_04.JPG,A2.07,A2,train
raw_data/A2.07/A2.07.Mel-Poi_05.JPG,A2.07.Mel-Poi_05.JPG,A2.07,A2,train
raw_data/A2.07/A2.07.Mel-Poi_06.JPG,A2.07.Mel-Poi_06.JPG,A2.07,A2,train
raw_data/A2.07/A2.07.Mel-Poi_07.JPG,A2.07.Mel-Poi_07.JPG,A2.07,A2,train
raw_data/A2.07/A2.07.Mel-Poi_08.JPG,A2.07.Mel-Poi_08.JPG,A2.07,A2,train
raw_data/A2.07/A2.07.Mel-Poi_09.JPG,A2.07.Mel-Poi_09.JPG,A2.07,A2,train
raw_data/A2.07/A2.07.Mel-Poi_10.JPG,A2.07.Mel-Poi_10.JPG,A2.07,A2,train
raw_data/A2.07/A2.07.Mel-Poi_11.JPG,A2.07.Mel-Poi_11.JPG,A2.07,A2,train
raw_data/A2.07/A2.07.Mel-Poi_12.JPG,A2.07.Mel-Poi_12.JPG,A2.07,A2,train
raw_data/A2.07/A2.07.Mel-Poi_13.JPG,A2.07.Mel-Poi_13.JPG,A2.07,A2,train
raw_data/A2.07/A2.07.Mel-Poi_14.JPG,A2.07.Mel-Poi_14.JPG,A2.07,A2,train
raw_data/A2.07/A2.07.Mel-Poi_15.JPG,A2.07.Mel-Poi_15.JPG,A2.07,A2,train
raw_data/A2.07/A2.07.Mel-Poi_16.JPG,A2.07.Mel-Poi_16.JPG,A2.07,A2,train
raw_data/A2.07/A2.07.Mel-Poi_17.JPG,A2.07.Mel-Poi_17.JPG,A2.07,A2,train
raw_data/A2.07/A2.07.Mel-Poi_18.JPG,A2.07.Mel-Poi_18.JPG,A2.07,A2,train
raw_data/A2.07/A2.07.Mel-Poi_19.JPG,A2.07.Mel-Poi_19.JPG,A2.07,A2,train
raw_data/A2.07/A2.07.Mel-Poi_20.JPG,A2.07.Mel-Poi_20.JPG,A2.07,A2,train
raw_data/A2.07/A2.07.Mel-Poi_21.JPG,A2.07.Mel-Poi_21.JPG,A2.07,A2,train
raw_data/A2.07/A2.07.Mel-Poi_22.JPG,A2.07.Mel-Poi_22.JPG,A2.07,A2,train
raw_data/A2.07/A2.07.Mel-Poi_23.JPG,A2.07.Mel-Poi_23.JPG,A2.07,A2,train
raw_data/A2.07/A2.07.Mel-Poi_24.JPG,A2.07.Mel-Poi_24.JPG,A2.07,A2,train
raw_data/A2.07/A2.07.Mel-Poi_25.JPG,A2.07.Mel-Poi_25.JPG,A2.07,A2,train
raw_data/A2.07/A2.07.Mel-Poi_26.JPG,A2.07.Mel-Poi_26.JPG,A2.07,A2,train
raw_data/A2.07/A2.07.Mel-Poi_27.JPG,A2.07.Mel-Poi_27.JPG,A2.07,A2,train
raw_data/A2.07/A2.07.Mel-Poi_28.JPG,A2.07.Mel-Poi_28.JPG,A2.07,A2,train
raw_data/A2.09/A2.09.Sai-Tra_01.JPG,A2.09.Sai-Tra_01.JPG,A2.09,A2,train
raw_data/A2.09/A2.09.Sai-Tra_02.JPG,A2.09.Sai-Tra_02.JPG,A2.09,A2,train
raw_data/A2.09/A2.09.Sai-Tra_03.JPG,A2.09.Sai-Tra_03.JPG,A2.09,A2,train
raw_data/A2.09/A2.09.Sai-Tra_04.JPG,A2.09.Sai-Tra_04.JPG,A2.09,A2,train
raw_data/A2.09/A2.09.Sai-Tra_05.JPG,A2.09.Sai-Tra_05.JPG,A2.09,A2,train
raw_data/A2.09/A2.09.Sai-Tra_06.JPG,A2.09.Sai-Tra_06.JPG,A2.09,A2,train
raw_data/A2.09/A2.09.Sai-Tra_07.JPG,A2.09.Sai-Tra_07.JPG,A2.09,A2,train
raw_data/A2.09/A2.09.Sai-Tra_08.JPG,A2.09.Sai-Tra_08.JPG,A2.09,A2,train
raw_data/A2.09/A2.09.Sai-Tra_09.JPG,A2.09.Sai-Tra_09.JPG,A2.09,A2,train
raw_data/A2.09/A2.09.Sai-Tra_10.JPG,A2.09.Sai-Tra_10.JPG,A2.09,A2,train
raw_data/A2.09/A2.09.Sai-Tra_11.JPG,A2.09.Sai-Tra_11.JPG,A2.09,A2,train
raw_data/A2.09/A2.09.Sai-Tra_12.JPG,A2.09.Sai-Tra_12.JPG,A2.09,A2,train
raw_data/A2.09/A2.09.Sai-Tra_13.JPG,A2.09.Sai-Tra_13.JPG,A2.09,A2,train
raw_data/A2.09/A2.09.Sai-Tra_14.JPG,A2.09.Sai-Tra_14.JPG,A2.09,A2,train
raw_data/A2.09/A2.09.Sai-Tra_15.JPG,A2.09.Sai-Tra_15.JPG,A2.09,A2,train
raw_data/A2.09/A2.09.Sai-Tra_16.JPG,A2.09.Sai-Tra_16.JPG,A2.09,A2,train
raw_data/A2.09/A2.09.Sai-Tra_17.JPG,A2.09.Sai-Tra_17.JPG,A2.09,A2,train
raw_data/A2.09/A2.09.Sai-Tra_18.JPG,A2.09.Sai-Tra_18.JPG,A2.09,A2,train
raw_data/A2.09/A2.09.Sai-Tra_19.JPG,A2.09.Sai-Tra_19.JPG,A2.09,A2,train
raw_data/A2.09/A2.09.Sai-Tra_20.JPG,A2.09.Sai-Tra_20.JPG,A2.09,A2,train
raw_data/A2.09/A2.09.Sai-Tra_21.JPG,A2.09.Sai-Tra_21.JPG,A2.09,A2,train
raw_data/A2.09/A2.09.Sai-Tra_22.JPG,A2.09.Sai-Tra_22.JPG,A2.09,A2,train
raw_data/A2.09/A2.09.Sai-Tra_23.JPG,A2.09.Sai-Tra_23.JPG,A2.09,A2,train
raw_data/A2.09/A2.09.Sai-Tra_24.JPG,A2.09.Sai-Tra_24.JPG,A2.09,A2,train
raw_data/A2.09/A2.09.Sai-Tra_25.JPG,A2.09.Sai-Tra_25.JPG,A2.09,A2,train
raw_data/A2.09/A2.09.Sai-Tra_26.JPG,A2.09.Sai-Tra_26.JPG,A2.09,A2,train
raw_data/A2.09/A2.09.Sai-Tra_27.JPG,A2.09.Sai-Tra_27.JPG,A2.09,A2,train
raw_data/A2.09/A2.09.Sai-Tra_28.JPG,A2.09.Sai-Tra_28.JPG,A2.09,A2,train
raw_data/A2.09/A2.09.Sai-Tra_29.JPG,A2.09.Sai-Tra_29.JPG,A2.09,A2,train
raw_data/A2.09/A2.09.Sai-Tra_30.JPG,A2.09.Sai-Tra_30.JPG,A2.09,A2,train
raw_data/A2.09/A2.09.Sai-Tra_31.JPG,A2.09.Sai-Tra_31.JPG,A2.09,A2,train
raw_data/A2.09/A2.09.Sai-Tra_32.JPG,A2.09.Sai-Tra_32.JPG,A2.09,A2,train
raw_data/A2.09/A2.09.Sai-Tra_33.JPG,A2.09.Sai-Tra_33.JPG,A2.09,A2,train
raw_data/A2.09/A2.09.Sai-Tra_34.JPG,A2.09.Sai-Tra_34.JPG,A2.09,A2,train
raw_data/A2.09/A2.09.Sai-Tra_35.JPG,A2.09.Sai-Tra_35.JPG,A2.09,A2,train
raw_data/A2.09/A2.09.Sai-Tra_36.JPG,A2.09.Sai-Tra_36.JPG,A2.09,A2,train
raw_data/A2.09/A2.09.Sai-Tra_37.JPG,A2.09.Sai-Tra_37.JPG,A2.09,A2,train
raw_data/A2.09/A2.09.Sai-Tra_38.JPG,A2.09.Sai-Tra_38.JPG,A2.09,A2,train
raw_data/A2.09/A2.09.Sai-Tra_39.JPG,A2.09.Sai-Tra_39.JPG,A2.09,A2,train
raw_data/A2.09/A2.09.Sai-Tra_40.JPG,A2.09.Sai-Tra_40.JPG,A2.09,A2,train
raw_data/A2.09/A2.09.Sai-Tra_41.JPG,A2.09.Sai-Tra_41.JPG,A2.09,A2,train
raw_data/A2.09/A2.09.Sai-Tra_42.JPG,A2.09.Sai-Tra_42.JPG,A2.09,A2,train
raw_data/A2.09/A2.09.Sai-Tra_43.JPG,A2.09.Sai-Tra_43.JPG,A2.09,A2,train
raw_data/A2.09/A2.09.Sai-Tra_44.JPG,A2.09.Sai-Tra_44.JPG,A2.09,A2,train
raw_data/A2.09/A2.09.Sai-Tra_45.JPG,A2.09.Sai-Tra_45.JPG,A2.09,A2,train
raw_data/A2.09/A2.09.Sai-Tra_46.JPG,A2.09.Sai-Tra_46.JPG,A2.09,A2,train
raw_data/A2.09/A2.09.Sai-Tra_47.JPG,A2.09.Sai-Tra_47.JPG,A2.09,A2,train
raw_data/A2.09/A2.09.Sai-Tra_48.JPG,A2.09.Sai-Tra_48.JPG,A2.09,A2,train
raw_data/A2.09/A2.09.Sai-Tra_49.JPG,A2.09.Sai-Tra_49.JPG,A2.09,A2,train
raw_data/A2.09/A2.09.Sai-Tra_50.JPG,A2.09.Sai-Tra_50.JPG,A2.09,A2,train
raw_data/A2.09/A2.09.Sai-Tra_51.JPG,A2.09.Sai-Tra_51.JPG,A2.09,A2,train
raw_data/A2.09/A2.09.Sai-Tra_52.JPG,A2.09.Sai-Tra_52.JPG,A2.09,A2,train
raw_data/A2.09/A2.09.Sai-Tra_53.JPG,A2.09.Sai-Tra_53.JPG,A2.09,A2,train
raw_data/A2.09/A2.09.Sai-Tra_54.JPG,A2.09.Sai-Tra_54.JPG,A2.09,A2,train
raw_data/A2.09/A2.09.Sai-Tra_55.JPG,A2.09.Sai-Tra_55.JPG,A2.09,A2,train
raw_data/A2.09/A2.09.Sai-Tra_56.JPG,A2.09.Sai-Tra_56.JPG,A2.09,A2,train
raw_data/A2.09/A2.09.Sai-Tra_57.JPG,A2.09.Sai-Tra_57.JPG,A2.09,A2,train
raw_data/A2.09/A2.09.Sai-Tra_58.JPG,A2.09.Sai-Tra_58.JPG,A2.09,A2,train
raw_data/A2.09/A2.09.Sai-Tra_59.JPG,A2.09.Sai-Tra_59.JPG,A2.09,A2,train
raw_data/A2.09/A2.09.Sai-Tra_60.JPG,A2.09.Sai-Tra_60.JPG,A2.09,A2,train
raw_data/A2.09/A2.09.Sai-Tra_61.JPG,A2.09.Sai-Tra_61.JPG,A2.09,A2,train
raw_data/A2.09/A2.09.Sai-Tra_62.JPG,A2.09.Sai-Tra_62.JPG,A2.09,A2,train
raw_data/A2.09/A2.09.Sai-Tra_63.JPG,A2.09.Sai-Tra_63.JPG,A2.09,A2,train
raw_data/A2.09/A2.09.Sai-Tra_64.JPG,A2.09.Sai-Tra_64.JPG,A2.09,A2,train
raw_data/A2.09/A2.09.Sai-Tra_65.JPG,A2.09.Sai-Tra_65.JPG,A2.09,A2,train
raw_data/A2.09/A2.09.Sai-Tra_66.JPG,A2.09.Sai-Tra_66.JPG,A2.09,A2,train
raw_data/A2.10/A2.10.Cit-Vie_01.JPG,A2.10.Cit-Vie_01.JPG,A2.10,A2,val
raw_data/A2.10/A2.10.Cit-Vie_02.JPG,A2.10.Cit-Vie_02.JPG,A2.10,A2,val
raw_data/A2.10/A2.10.Cit-Vie_03.JPG,A2.10.Cit-Vie_03.JPG,A2.10,A2,val
raw_data/A2.10/A2.10.Cit-Vie_04.JPG,A2.10.Cit-Vie_04.JPG,A2.10,A2,val
raw_data/A2.10/A2.10.Cit-Vie_05.JPG,A2.10.Cit-Vie_05.JPG,A2.10,A2,val
raw_data/A2.10/A2.10.Cit-Vie_06.JPG,A2.10.Cit-Vie_06.JPG,A2.10,A2,val
raw_data/A2.10/A2.10.Cit-Vie_07.JPG,A2.10.Cit-Vie_07.JPG,A2.10,A2,val
raw_data/A2.10/A2.10.Cit-Vie_08.JPG,A2.10.Cit-Vie_08.JPG,A2.10,A2,val
raw_data/A2.10/A2.10.Cit-Vie_09.JPG,A2.10.Cit-Vie_09.JPG,A2.10,A2,val
raw_data/A2.10/A2.10.Cit-Vie_10.JPG,A2.10.Cit-Vie_10.JPG,A2.10,A2,val
raw_data/A2.10/A2.10.Cit-Vie_11.JPG,A2.10.Cit-Vie_11.JPG,A2.10,A2,val
raw_data/A2.10/A2.10.Cit-Vie_12.JPG,A2.10.Cit-Vie_12.JPG,A2.10,A2,val
raw_data/A2.10/A2.10.Cit-Vie_13.JPG,A2.10.Cit-Vie_13.JPG,A2.10,A2,val
raw_data/A2.10/A2.10.Cit-Vie_14.JPG,A2.10.Cit-Vie_14.JPG,A2.10,A2,val
raw_data/A2.10/A2.10.Cit-Vie_15.JPG,A2.10.Cit-Vie_15.JPG,A2.10,A2,val
raw_data/A2.10/A2.10.Cit-Vie_16.JPG,A2.10.Cit-Vie_16.JPG,A2.10,A2,val
raw_data/A2.10/A2.10.Cit-Vie_17.JPG,A2.10.Cit-Vie_17.JPG,A2.10,A2,val
raw_data/A2.10/A2.10.Cit-Vie_18.JPG,A2.10.Cit-Vie_18.JPG,A2.10,A2,val
raw_data/A2.10/A2.10.Cit-Vie_19.JPG,A2.10.Cit-Vie_19.JPG,A2.10,A2,val
raw_data/A2.10/A2.10.Cit-Vie_20.JPG,A2.10.Cit-Vie_20.JPG,A2.10,A2,val
raw_data/A2.10/A2.10.Cit-Vie_21.JPG,A2.10.Cit-Vie_21.JPG,A2.10,A2,val
raw_data/A2.10/A2.10.Cit-Vie_22.JPG,A2.10.Cit-Vie_22.JPG,A2.10,A2,val
raw_data/A2.10/A2.10.Cit-Vie_23.JPG,A2.10.Cit-Vie_23.JPG,A2.10,A2,val
raw_data/A2.10/A2.10.Cit-Vie_24.JPG,A2.10.Cit-Vie_24.JPG,A2.10,A2,val
raw_data/A2.10/A2.10.Cit-Vie_25.JPG,A2.10.Cit-Vie_25.JPG,A2.10,A2,val
raw_data/A2.10/A2.10.Cit-Vie_26.JPG,A2.10.Cit-Vie_26.JPG,A2.10,A2,val
raw_data/A2.10/A2.10.Cit-Vie_27.JPG,A2.10.Cit-Vie_27.JPG,A2.10,A2,val
raw_data/A2.10/A2.10.Cit-Vie_28.JPG,A2.10.Cit-Vie_28.JPG,A2.10,A2,val
raw_data/A2.10/A2.10.Cit-Vie_29.JPG,A2.10.Cit-Vie_29.JPG,A2.10,A2,val
raw_data/A2.10/A2.10.Cit-Vie_30.JPG,A2.10.Cit-Vie_30.JPG,A2.10,A2,val
raw_data/A2.10/A2.10.Cit-Vie_31.JPG,A2.10.Cit-Vie_31.JPG,A2.10,A2,val
raw_data/A2.10/A2.10.Cit-Vie_32.JPG,A2.10.Cit-Vie_32.JPG,A2.10,A2,val
raw_data/A2.10/A2.10.Cit-Vie_33.JPG,A2.10.Cit-Vie_33.JPG,A2.10,A2,val
raw_data/A2.10/A2.10.Cit-Vie_34.JPG,A2.10.Cit-Vie_34.JPG,A2.10,A2,val
raw_data/A2.10/A2.10.Cit-Vie_35.JPG,A2.10.Cit-Vie_35.JPG,A2.10,A2,val
raw_data/A2.10/A2.10.Cit-Vie_36.JPG,A2.10.Cit-Vie_36.JPG,A2.10,A2,val
raw_data/A2.10/A2.10.Cit-Vie_37.JPG,A2.10.Cit-Vie_37.JPG,A2.10,A2,val
raw_data/A2.10/A2.10.Cit-Vie_38.JPG,A2.10.Cit-Vie_38.JPG,A2.10,A2,val
raw_data/A2.10/A2.10.Cit-Vie_39.JPG,A2.10.Cit-Vie_39.JPG,A2.10,A2,val
raw_data/A2.10/A2.10.Cit-Vie_40.JPG,A2.10.Cit-Vie_40.JPG,A2.10,A2,val
raw_data/A2.11/A2.11.Sai-Uni_01.JPG,A2.11.Sai-Uni_01.JPG,A2.11,A2,train
raw_data/A2.11/A2.11.Sai-Uni_02.JPG,A2.11.Sai-Uni_02.JPG,A2.11,A2,train
raw_data/A2.11/A2.11.Sai-Uni_03.JPG,A2.11.Sai-Uni_03.JPG,A2.11,A2,train
raw_data/A2.11/A2.11.Sai-Uni_04.JPG,A2.11.Sai-Uni_04.JPG,A2.11,A2,train
raw_data/A2.11/A2.11.Sai-Uni_05.JPG,A2.11.Sai-Uni_05.JPG,A2.11,A2,train
raw_data/A2.11/A2.11.Sai-Uni_06.JPG,A2.11.Sai-Uni_06.JPG,A2.11,A2,train
raw_data/A2.11/A2.11.Sai-Uni_07.JPG,A2.11.Sai-Uni_07.JPG,A2.11,A2,train
raw_data/A2.11/A2.11.Sai-Uni_08.JPG,A2.11.Sai-Uni_08.JPG,A2.11,A2,train
raw_data/A2.11/A2.11.Sai-Uni_09.JPG,A2.11.Sai-Uni_09.JPG,A2.11,A2,train
raw_data/A2.11/A2.11.Sai-Uni_10.JPG,A2.11.Sai-Uni_10.JPG,A2.11,A2,train
raw_data/A2.11/A2.11.Sai-Uni_11.JPG,A2.11.Sai-Uni_11.JPG,A2.11,A2,train
raw_data/A2.11/A2.11.Sai-Uni_12.JPG,A2.11.Sai-Uni_12.JPG,A2.11,A2,train
raw_data/A2.11/A2.11.Sai-Uni_13.JPG,A2.11.Sai-Uni_13.JPG,A2.11,A2,train
raw_data/A2.11/A2.11.Sai-Uni_14.JPG,A2.11.Sai-Uni_14.JPG,A2.11,A2,train
raw_data/A2.11/A2.11.Sai-Uni_15.JPG,A2.11.Sai-Uni_15.JPG,A2.11,A2,train
raw_data/A2.11/A2.11.Sai-Uni_16.JPG,A2.11.Sai-Uni_16.JPG,A2.11,A2,train
raw_data/A2.11/A2.11.Sai-Uni_17.JPG,A2.11.Sai-Uni_17.JPG,A2.11,A2,train
raw_data/A2.11/A2.11.Sai-Uni_18.JPG,A2.11.Sai-Uni_18.JPG,A2.11,A2,train
raw_data/A2.11/A2.11.Sai-Uni_19.JPG,A2.11.Sai-Uni_19.JPG,A2.11,A2,train
raw_data/A2.11/A2.11.Sai-Uni_20.JPG,A2.11.Sai-Uni_20.JPG,A2.11,A2,train
raw_data/A2.11/A2.11.Sai-Uni_21.JPG,A2.11.Sai-Uni_21.JPG,A2.11,A2,train
raw_data/A2.11/A2.11.Sai-Uni_22.JPG,A2.11.Sai-Uni_22.JPG,A2.11,A2,train
raw_data/A2.11/A2.11.Sai-Uni_23.JPG,A2.11.Sai-Uni_23.JPG,A2.11,A2,train
raw_data/A2.11/A2.11.Sai-Uni_24.JPG,A2.11.Sai-Uni_24.JPG,A2.11,A2,train
raw_data/A2.11/A2.11.Sai-Uni_25.JPG,A2.11.Sai-Uni_25.JPG,A2.11,A2,train
raw_data/A2.11/A2.11.Sai-Uni_26.JPG,A2.11.Sai-Uni_26.JPG,A2.11,A2,train
raw_data/A2.11/A2.11.Sai-Uni_27.JPG,A2.11.Sai-Uni_27.JPG,A2.11,A2,train
raw_data/A2.11/A2.11.Sai-Uni_28.JPG,A2.11.Sai-Uni_28.JPG,A2.11,A2,train
raw_data/A2.11/A2.11.Sai-Uni_29.JPG,A2.11.Sai-Uni_29.JPG,A2.11,A2,train
raw_data/A2.12/A2.12.Uni-Edu_01.JPG,A2.12.Uni-Edu_01.JPG,A2.12,A2,test
raw_data/A2.12/A2.12.Uni-Edu_02.JPG,A2.12.Uni-Edu_02.JPG,A2.12,A2,test
raw_data/A2.12/A2.12.Uni-Edu_03.JPG,A2.12.Uni-Edu_03.JPG,A2.12,A2,test
raw_data/A2.12/A2.12.Uni-Edu_04.JPG,A2.12.Uni-Edu_04.JPG,A2.12,A2,test
raw_data/A2.12/A2.12.Uni-Edu_05.JPG,A2.12.Uni-Edu_05.JPG,A2.12,A2,test
raw_data/A2.12/A2.12.Uni-Edu_06.JPG,A2.12.Uni-Edu_06.JPG,A2.12,A2,test
raw_data/A2.12/A2.12.Uni-Edu_07.JPG,A2.12.Uni-Edu_07.JPG,A2.12,A2,test
raw_data/A2.12/A2.12.Uni-Edu_08.JPG,A2.12.Uni-Edu_08.JPG,A2.12,A2,test
raw_data/A2.12/A2.12.Uni-Edu_09.JPG,A2.12.Uni-Edu_09.JPG,A2.12,A2,test
raw_data/A2.12/A2.12.Uni-Edu_10.JPG,A2.12.Uni-Edu_10.JPG,A2.12,A2,test
raw_data/A2.12/A2.12.Uni-Edu_11.JPG,A2.12.Uni-Edu_11.JPG,A2.12,A2,test
raw_data/A2.12/A2.12.Uni-Edu_12.JPG,A2.12.Uni-Edu_12.JPG,A2.12,A2,test
raw_data/A2.12/A2.12.Uni-Edu_13.JPG,A2.12.Uni-Edu_13.JPG,A2.12,A2,test
raw_data/A2.12/A2.12.Uni-Edu_14.JPG,A2.12.Uni-Edu_14.JPG,A2.12,A2,test
raw_data/A2.12/A2.12.Uni-Edu_15.JPG,A2.12.Uni-Edu_15.JPG,A2.12,A2,test
raw_data/A2.12/A2.12.Uni-Edu_16.JPG,A2.12.Uni-Edu_16.JPG,A2.12,A2,test
raw_data/A2.12/A2.12.Uni-Edu_17.JPG,A2.12.Uni-Edu_17.JPG,A2.12,A2,test
raw_data/A2.12/A2.12.Uni-Edu_18.JPG,A2.12.Uni-Edu_18.JPG,A2.12,A2,test
raw_data/A2.12/A2.12.Uni-Edu_19.JPG,A2.12.Uni-Edu_19.JPG,A2.12,A2,test
raw_data/A2.12/A2.12.Uni-Edu_20.JPG,A2.12.Uni-Edu_20.JPG,A2.12,A2,test
raw_data/A2.12/A2.12.Uni-Edu_21.JPG,A2.12.Uni-Edu_21.JPG,A2.12,A2,test
raw_data/A2.12/A2.12.Uni-Edu_22.JPG,A2.12.Uni-Edu_22.JPG,A2.12,A2,test
raw_data/A2.12/A2.12.Uni-Edu_23.JPG,A2.12.Uni-Edu_23.JPG,A2.12,A2,test
raw_data/A2.12/A2.12.Uni-Edu_24.JPG,A2.12.Uni-Edu_24.JPG,A2.12,A2,test
raw_data/A2.12/A2.12.Uni-Edu_25.JPG,A2.12.Uni-Edu_25.JPG,A2.12,A2,test
raw_data/A2.12/A2.12.Uni-Edu_26.JPG,A2.12.Uni-Edu_26.JPG,A2.12,A2,test
raw_data/A2.12/A2.12.Uni-Edu_27.JPG,A2.12.Uni-Edu_27.JPG,A2.12,A2,test
raw_data/A2.12/A2.12.Uni-Edu_28.JPG,A2.12.Uni-Edu_28.JPG,A2.12,A2,test
raw_data/A2.12/A2.12.Uni-Edu_29.JPG,A2.12.Uni-Edu_29.JPG,A2.12,A2,test
raw_data/A2.12/A2.12.Uni-Edu_30.JPG,A2.12.Uni-Edu_30.JPG,A2.12,A2,test
raw_data/A2.12/A2.12.Uni-Edu_31.JPG,A2.12.Uni-Edu_31.JPG,A2.12,A2,test
raw_data/A2.12/A2.12.Uni-Edu_32.JPG,A2.12.Uni-Edu_32.JPG,A2.12,A2,test
raw_data/A2.12/A2.12.Uni-Edu_33.JPG,A2.12.Uni-Edu_33.JPG,A2.12,A2,test
raw_data/A2.12/A2.12.Uni-Edu_34.JPG,A2.12.Uni-Edu_34.JPG,A2.12,A2,test
raw_data/A2.12/A2.12.Uni-Edu_35.JPG,A2.12.Uni-Edu_35.JPG,A2.12,A2,test
raw_data/A2.12/A2.12.Uni-Edu_36.JPG,A2.12.Uni-Edu_36.JPG,A2.12,A2,test
raw_data/A2.12/A2.12.Uni-Edu_37.JPG,A2.12.Uni-Edu_37.JPG,A2.12,A2,test
raw_data/A2.12/A2.12.Uni-Edu_38.JPG,A2.12.Uni-Edu_38.JPG,A2.12,A2,test
raw_data/A2.12/A2.12.Uni-Edu_39.JPG,A2.12.Uni-Edu_39.JPG,A2.12,A2,test
raw_data/A2.12/A2.12.Uni-Edu_40.JPG,A2.12.Uni-Edu_40.JPG,A2.12,A2,test
raw_data/A2.12/A2.12.Uni-Edu_41.JPG,A2.12.Uni-Edu_41.JPG,A2.12,A2,test
raw_data/A2.12/A2.12.Uni-Edu_42.JPG,A2.12.Uni-Edu_42.JPG,A2.12,A2,test
raw_data/A2.12/A2.12.Uni-Edu_43.JPG,A2.12.Uni-Edu_43.JPG,A2.12,A2,test
raw_data/A2.12/A2.12.Uni-Edu_44.JPG,A2.12.Uni-Edu_44.JPG,A2.12,A2,test
raw_data/A2.12/A2.12.Uni-Edu_45.JPG,A2.12.Uni-Edu_45.JPG,A2.12,A2,test
raw_data/A2.12/A2.12.Uni-Edu_46.JPG,A2.12.Uni-Edu_46.JPG,A2.12,A2,test
raw_data/A2.13/A2.13.Kei-Uni_01.JPG,A2.13.Kei-Uni_01.JPG,A2.13,A2,train
raw_data/A2.13/A2.13.Kei-Uni_02.JPG,A2.13.Kei-Uni_02.JPG,A2.13,A2,train
raw_data/A2.13/A2.13.Kei-Uni_03.JPG,A2.13.Kei-Uni_03.JPG,A2.13,A2,train
raw_data/A2.13/A2.13.Kei-Uni_04.JPG,A2.13.Kei-Uni_04.JPG,A2.13,A2,train
raw_data/A2.13/A2.13.Kei-Uni_05.JPG,A2.13.Kei-Uni_05.JPG,A2.13,A2,train
raw_data/A2.13/A2.13.Kei-Uni_06.JPG,A2.13.Kei-Uni_06.JPG,A2.13,A2,train
raw_data/A2.13/A2.13.Kei-Uni_07.JPG,A2.13.Kei-Uni_07.JPG,A2.13,A2,train
raw_data/A2.13/A2.13.Kei-Uni_08.JPG,A2.13.Kei-Uni_08.JPG,A2.13,A2,train
raw_data/A2.13/A2.13.Kei-Uni_09.JPG,A2.13.Kei-Uni_09.JPG,A2.13,A2,train
raw_data/A2.13/A2.13.Kei-Uni_10.JPG,A2.13.Kei-Uni_10.JPG,A2.13,A2,train
raw_data/A2.13/A2.13.Kei-Uni_11.JPG,A2.13.Kei-Uni_11.JPG,A2.13,A2,train
raw_data/A2.13/A2.13.Kei-Uni_12.JPG,A2.13.Kei-Uni_12.JPG,A2.13,A2,train
raw_data/A2.13/A2.13.Kei-Uni_13.JPG,A2.13.Kei-Uni_13.JPG,A2.13,A2,train
raw_data/A2.13/A2.13.Kei-Uni_14.JPG,A2.13.Kei-Uni_14.JPG,A2.13,A2,train
raw_data/A2.13/A2.13.Kei-Uni_15.JPG,A2.13.Kei-Uni_15.JPG,A2.13,A2,train
raw_data/A2.13/A2.13.Kei-Uni_16.JPG,A2.13.Kei-Uni_16.JPG,A2.13,A2,train
raw_data/A2.13/A2.13.Kei-Uni_17.JPG,A2.13.Kei-Uni_17.JPG,A2.13,A2,train
raw_data/A2.13/A2.13.Kei-Uni_18.JPG,A2.13.Kei-Uni_18.JPG,A2.13,A2,train
raw_data/A2.13/A2.13.Kei-Uni_19.JPG,A2.13.Kei-Uni_19.JPG,A2.13,A2,train
raw_data/A2.13/A2.13.Kei-Uni_20.JPG,A2.13.Kei-Uni_20.JPG,A2.13,A2,train
raw_data/A2.13/A2.13.Kei-Uni_21.JPG,A2.13.Kei-Uni_21.JPG,A2.13,A2,train
raw_data/A2.13/A2.13.Kei-Uni_22.JPG,A2.13.Kei-Uni_22.JPG,A2.13,A2,train
raw_data/A2.13/A2.13.Kei-Uni_23.JPG,A2.13.Kei-Uni_23.JPG,A2.13,A2,train
raw_data/A2.13/A2.13.Kei-Uni_24.JPG,A2.13.Kei-Uni_24.JPG,A2.13,A2,train
raw_data/A2.13/A2.13.Kei-Uni_25.JPG,A2.13.Kei-Uni_25.JPG,A2.13,A2,train
raw_data/A2.13/A2.13.Kei-Uni_26.JPG,A2.13.Kei-Uni_26.JPG,A2.13,A2,train
raw_data/A2.13/A2.13.Kei-Uni_27.JPG,A2.13.Kei-Uni_27.JPG,A2.13,A2,train
raw_data/A2.13/A2.13.Kei-Uni_28.JPG,A2.13.Kei-Uni_28.JPG,A2.13,A2,train
raw_data/A2.13/A2.13.Kei-Uni_29.JPG,A2.13.Kei-Uni_29.JPG,A2.13,A2,train
raw_data/A2.14/A2.14.LBM-Tow_01.JPG,A2.14.LBM-Tow_01.JPG,A2.14,A2,train
raw_data/A2.14/A2.14.LBM-Tow_02.JPG,A2.14.LBM-Tow_02.JPG,A2.14,A2,train
raw_data/A2.14/A2.14.LBM-Tow_03.JPG,A2.14.LBM-Tow_03.JPG,A2.14,A2,train
raw_data/A2.14/A2.14.LBM-Tow_04.JPG,A2.14.LBM-Tow_04.JPG,A2.14,A2,train
raw_data/A2.14/A2.14.LBM-Tow_05.JPG,A2.14.LBM-Tow_05.JPG,A2.14,A2,train
raw_data/A2.14/A2.14.LBM-Tow_06.JPG,A2.14.LBM-Tow_06.JPG,A2.14,A2,train
raw_data/A2.14/A2.14.LBM-Tow_07.JPG,A2.14.LBM-Tow_07.JPG,A2.14,A2,train
raw_data/A2.14/A2.14.LBM-Tow_08.JPG,A2.14.LBM-Tow_08.JPG,A2.14,A2,train
raw_data/A2.14/A2.14.LBM-Tow_09.JPG,A2.14.LBM-Tow_09.JPG,A2.14,A2,train
raw_data/A2.14/A2.14.LBM-Tow_10.JPG,A2.14.LBM-Tow_10.JPG,A2.14,A2,train
raw_data/A2.14/A2.14.LBM-Tow_11.JPG,A2.14.LBM-Tow_11.JPG,A2.14,A2,train
raw_data/A2.14/A2.14.LBM-Tow_12.JPG,A2.14.LBM-Tow_12.JPG,A2.14,A2,train
raw_data/A2.14/A2.14.LBM-Tow_13.JPG,A2.14.LBM-Tow_13.JPG,A2.14,A2,train
raw_data/A2.14/A2.14.LBM-Tow_14.JPG,A2.14.LBM-Tow_14.JPG,A2.14,A2,train
raw_data/A2.14/A2.14.LBM-Tow_15.JPG,A2.14.LBM-Tow_15.JPG,A2.14,A2,train
raw_data/A2.14/A2.14.LBM-Tow_16.JPG,A2.14.LBM-Tow_16.JPG,A2.14,A2,train
raw_data/A2.14/A2.14.LBM-Tow_17.JPG,A2.14.LBM-Tow_17.JPG,A2.14,A2,train
raw_data/A2.14/A2.14.LBM-Tow_18.JPG,A2.14.LBM-Tow_18.JPG,A2.14,A2,train
raw_data/A2.14/A2.14.LBM-Tow_19.JPG,A2.14.LBM-Tow_19.JPG,A2.14,A2,train
raw_data/A2.14/A2.14.LBM-Tow_20.JPG,A2.14.LBM-Tow_20.JPG,A2.14,A2,train
raw_data/A2.14/A2.14.LBM-Tow_21.JPG,A2.14.LBM-Tow_21.JPG,A2.14,A2,train
raw_data/A2.14/A2.14.LBM-Tow_22.JPG,A2.14.LBM-Tow_22.JPG,A2.14,A2,train
raw_data/A2.14/A2.14.LBM-Tow_23.JPG,A2.14.LBM-Tow_23.JPG,A2.14,A2,train
raw_data/A2.14/A2.14.LBM-Tow_24.JPG,A2.14.LBM-Tow_24.JPG,A2.14,A2,train
raw_data/A2.14/A2.14.LBM-Tow_25.JPG,A2.14.LBM-Tow_25.JPG,A2.14,A2,train
raw_data/A2.14/A2.14.LBM-Tow_26.JPG,A2.14.LBM-Tow_26.JPG,A2.14,A2,train
raw_data/A2.14/A2.14.LBM-Tow_27.JPG,A2.14.LBM-Tow_27.JPG,A2.14,A2,train
raw_data/A2.14/A2.14.LBM-Tow_28.JPG,A2.14.LBM-Tow_28.JPG,A2.14,A2,train
raw_data/A2.14/A2.14.LBM-Tow_29.JPG,A2.14.LBM-Tow_29.JPG,A2.14,A2,train
raw_data/A2.14/A2.14.LBM-Tow_30.JPG,A2.14.LBM-Tow_30.JPG,A2.14,A2,train
raw_data/A2.14/A2.14.LBM-Tow_31.JPG,A2.14.LBM-Tow_31.JPG,A2.14,A2,train
raw_data/A2.14/A2.14.LBM-Tow_32.JPG,A2.14.LBM-Tow_32.JPG,A2.14,A2,train
raw_data/A2.14/A2.14.LBM-Tow_33.JPG,A2.14.LBM-Tow_33.JPG,A2.14,A2,train
raw_data/A2.14/A2.14.LBM-Tow_34.JPG,A2.14.LBM-Tow_34.JPG,A2.14,A2,train
raw_data/A2.14/A2.14.LBM-Tow_35.JPG,A2.14.LBM-Tow_35.JPG,A2.14,A2,train
raw_data/A2.14/A2.14.LBM-Tow_36.JPG,A2.14.LBM-Tow_36.JPG,A2.14,A2,train
raw_data/A2.14/A2.14.LBM-Tow_37.JPG,A2.14.LBM-Tow_37.JPG,A2.14,A2,train
raw_data/A2.14/A2.14.LBM-Tow_38.JPG,A2.14.LBM-Tow_38.JPG,A2.14,A2,train
raw_data/A2.14/A2.14.LBM-Tow_39.JPG,A2.14.LBM-Tow_39.JPG,A2.14,A2,train
raw_data/A2.14/A2.14.LBM-Tow_40.JPG,A2.14.LBM-Tow_40.JPG,A2.14,A2,train
raw_data/A2.14/A2.14.LBM-Tow_41.JPG,A2.14.LBM-Tow_41.JPG,A2.14,A2,train
raw_data/A2.14/A2.14.LBM-Tow_42.JPG,A2.14.LBM-Tow_42.JPG,A2.14,A2,train
raw_data/A2.14/A2.14.LBM-Tow_43.JPG,A2.14.LBM-Tow_43.JPG,A2.14,A2,train
raw_data/A2.14/A2.14.LBM-Tow_44.JPG,A2.14.LBM-Tow_44.JPG,A2.14,A2,train
raw_data/A2.14/A2.14.LBM-Tow_45.JPG,A2.14.LBM-Tow_45.JPG,A2.14,A2,train
raw_data/A2.15/A2.15.New-Wor_01.JPG,A2.15.New-Wor_01.JPG,A2.15,A2,train
raw_data/A2.15/A2.15.New-Wor_02.JPG,A2.15.New-Wor_02.JPG,A2.15,A2,train
raw_data/A2.15/A2.15.New-Wor_03.JPG,A2.15.New-Wor_03.JPG,A2.15,A2,train
raw_data/A2.15/A2.15.New-Wor_04.JPG,A2.15.New-Wor_04.JPG,A2.15,A2,train
raw_data/A2.15/A2.15.New-Wor_05.JPG,A2.15.New-Wor_05.JPG,A2.15,A2,train
raw_data/A2.15/A2.15.New-Wor_06.JPG,A2.15.New-Wor_06.JPG,A2.15,A2,train
raw_data/A2.15/A2.15.New-Wor_07.JPG,A2.15.New-Wor_07.JPG,A2.15,A2,train
raw_data/A2.15/A2.15.New-Wor_08.JPG,A2.15.New-Wor_08.JPG,A2.15,A2,train
raw_data/A2.15/A2.15.New-Wor_09.JPG,A2.15.New-Wor_09.JPG,A2.15,A2,train
raw_data/A2.15/A2.15.New-Wor_10.JPG,A2.15.New-Wor_10.JPG,A2.15,A2,train
raw_data/A2.15/A2.15.New-Wor_11.JPG,A2.15.New-Wor_11.JPG,A2.15,A2,train
raw_data/A2.15/A2.15.New-Wor_12.JPG,A2.15.New-Wor_12.JPG,A2.15,A2,train
raw_data/A2.15/A2.15.New-Wor_13.JPG,A2.15.New-Wor_13.JPG,A2.15,A2,train
raw_data/A2.15/A2.15.New-Wor_14.JPG,A2.15.New-Wor_14.JPG,A2.15,A2,train
raw_data/A2.15/A2.15.New-Wor_15.JPG,A2.15.New-Wor_15.JPG,A2.15,A2,train
raw_data/A2.15/A2.15.New-Wor_16.JPG,A2.15.New-Wor_16.JPG,A2.15,A2,train
raw_data/A2.15/A2.15.New-Wor_17.JPG,A2.15.New-Wor_17.JPG,A2.15,A2,train
raw_data/A2.15/A2.15.New-Wor_18.JPG,A2.15.New-Wor_18.JPG,A2.15,A2,train
raw_data/A2.15/A2.15.New-Wor_19.JPG,A2.15.New-Wor_19.JPG,A2.15,A2,train
raw_data/A2.15/A2.15.New-Wor_20.JPG,A2.15.New-Wor_20.JPG,A2.15,A2,train
raw_data/A2.15/A2.15.New-Wor_21.JPG,A2.15.New-Wor_21.JPG,A2.15,A2,train
raw_data/A2.15/A2.15.New-Wor_22.JPG,A2.15.New-Wor_22.JPG,A2.15,A2,train
raw_data/A2.15/A2.15.New-Wor_23.JPG,A2.15.New-Wor_23.JPG,A2.15,A2,train
raw_data/A2.15/A2.15.New-Wor_24.JPG,A2.15.New-Wor_24.JPG,A2.15,A2,train
raw_data/A2.15/A2.15.New-Wor_25.JPG,A2.15.New-Wor_25.JPG,A2.15,A2,train
raw_data/A2.15/A2.15.New-Wor_26.JPG,A2.15.New-Wor_26.JPG,A2.15,A2,train
raw_data/A2.15/A2.15.New-Wor_27.JPG,A2.15.New-Wor_27.JPG,A2.15,A2,train
raw_data/A2.15/A2.15.New-Wor_28.JPG,A2.15.New-Wor_28.JPG,A2.15,A2,train
raw_data/A2.15/A2.15.New-Wor_29.JPG,A2.15.New-Wor_29.JPG,A2.15,A2,train
raw_data/A2.15/A2.15.New-Wor_30.JPG,A2.15.New-Wor_30.JPG,A2.15,A2,train
raw_data/A2.15/A2.15.New-Wor_31.JPG,A2.15.New-Wor_31.JPG,A2.15,A2,train
raw_data/A2.15/A2.15.New-Wor_32.JPG,A2.15.New-Wor_32.JPG,A2.15,A2,train
raw_data/A2.15/A2.15.New-Wor_33.JPG,A2.15.New-Wor_33.JPG,A2.15,A2,train
raw_data/A2.15/A2.15.New-Wor_34.JPG,A2.15.New-Wor_34.JPG,A2.15,A2,train
raw_data/A2.15/A2.15.New-Wor_35.JPG,A2.15.New-Wor_35.JPG,A2.15,A2,train
raw_data/A2.15/A2.15.New-Wor_36.JPG,A2.15.New-Wor_36.JPG,A2.15,A2,train
raw_data/A2.15/A2.15.New-Wor_37.JPG,A2.15.New-Wor_37.JPG,A2.15,A2,train
raw_data/A2.15/A2.15.New-Wor_38.JPG,A2.15.New-Wor_38.JPG,A2.15,A2,train
raw_data/A2.15/A2.15.New-Wor_39.JPG,A2.15.New-Wor_39.JPG,A2.15,A2,train
raw_data/A2.15/A2.15.New-Wor_40.JPG,A2.15.New-Wor_40.JPG,A2.15,A2,train
raw_data/A2.15/A2.15.New-Wor_41.JPG,A2.15.New-Wor_41.JPG,A2.15,A2,train
raw_data/A2.15/A2.15.New-Wor_42.JPG,A2.15.New-Wor_42.JPG,A2.15,A2,train
raw_data/A2.15/A2.15.New-Wor_43.JPG,A2.15.New-Wor_43.JPG,A2.15,A2,train
raw_data/A2.15/A2.15.New-Wor_44.JPG,A2.15.New-Wor_44.JPG,A2.15,A2,train
raw_data/A2.15/A2.15.New-Wor_45.JPG,A2.15.New-Wor_45.JPG,A2.15,A2,train
raw_data/A2.15/A2.15.New-Wor_46.JPG,A2.15.New-Wor_46.JPG,A2.15,A2,train
raw_data/A2.15/A2.15.New-Wor_47.JPG,A2.15.New-Wor_47.JPG,A2.15,A2,train
raw_data/A2.15/A2.15.New-Wor_48.JPG,A2.15.New-Wor_48.JPG,A2.15,A2,train
raw_data/A2.15/A2.15.New-Wor_49.JPG,A2.15.New-Wor_49.JPG,A2.15,A2,train
raw_data/A2.15/A2.15.New-Wor_50.JPG,A2.15.New-Wor_50.JPG,A2.15,A2,train
raw_data/A2.15/A2.15.New-Wor_51.JPG,A2.15.New-Wor_51.JPG,A2.15,A2,train
raw_data/A2.15/A2.15.New-Wor_52.JPG,A2.15.New-Wor_52.JPG,A2.15,A2,train
raw_data/A2.15/A2.15.New-Wor_53.JPG,A2.15.New-Wor_53.JPG,A2.15,A2,train
raw_data/A2.16/A2.16.Thai-Squ_01.JPG,A2.16.Thai-Squ_01.JPG,A2.16,A2,train
raw_data/A2.16/A2.16.Thai-Squ_02.JPG,A2.16.Thai-Squ_02.JPG,A2.16,A2,train
raw_data/A2.16/A2.16.Thai-Squ_03.JPG,A2.16.Thai-Squ_03.JPG,A2.16,A2,train
raw_data/A2.16/A2.16.Thai-Squ_04.JPG,A2.16.Thai-Squ_04.JPG,A2.16,A2,train
raw_data/A2.16/A2.16.Thai-Squ_05.JPG,A2.16.Thai-Squ_05.JPG,A2.16,A2,train
raw_data/A2.16/A2.16.Thai-Squ_06.JPG,A2.16.Thai-Squ_06.JPG,A2.16,A2,train
raw_data/A2.16/A2.16.Thai-Squ_07.JPG,A2.16.Thai-Squ_07.JPG,A2.16,A2,train
raw_data/A2.16/A2.16.Thai-Squ_08.JPG,A2.16.Thai-Squ_08.JPG,A2.16,A2,train
raw_data/A2.16/A2.16.Thai-Squ_09.JPG,A2.16.Thai-Squ_09.JPG,A2.16,A2,train
raw_data/A2.16/A2.16.Thai-Squ_10.JPG,A2.16.Thai-Squ_10.JPG,A2.16,A2,train
raw_data/A2.16/A2.16.Thai-Squ_11.JPG,A2.16.Thai-Squ_11.JPG,A2.16,A2,train
raw_data/A2.16/A2.16.Thai-Squ_12.JPG,A2.16.Thai-Squ_12.JPG,A2.16,A2,train
raw_data/A2.16/A2.16.Thai-Squ_13.JPG,A2.16.Thai-Squ_13.JPG,A2.16,A2,train
raw_data/A2.16/A2.16.Thai-Squ_14.JPG,A2.16.Thai-Squ_14.JPG,A2.16,A2,train
raw_data/A2.16/A2.16.Thai-Squ_15.JPG,A2.16.Thai-Squ_15.JPG,A2.16,A2,train
raw_data/A2.16/A2.16.Thai-Squ_16.JPG,A2.16.Thai-Squ_16.JPG,A2.16,A2,train
raw_data/A2.16/A2.16.Thai-Squ_17.JPG,A2.16.Thai-Squ_17.JPG,A2.16,A2,train
raw_data/A2.16/A2.16.Thai-Squ_18.JPG,A2.16.Thai-Squ_18.JPG,A2.16,A2,train
raw_data/A2.16/A2.16.Thai-Squ_19.JPG,A2.16.Thai-Squ_19.JPG,A2.16,A2,train
raw_data/A2.16/A2.16.Thai-Squ_20.JPG,A2.16.Thai-Squ_20.JPG,A2.16,A2,train
raw_data/A2.16/A2.16.Thai-Squ_21.JPG,A2.16.Thai-Squ_21.JPG,A2.16,A2,train
raw_data/A2.16/A2.16.Thai-Squ_22.JPG,A2.16.Thai-Squ_22.JPG,A2.16,A2,train
raw_data/A2.16/A2.16.Thai-Squ_23.JPG,A2.16.Thai-Squ_23.JPG,A2.16,A2,train
raw_data/A2.16/A2.16.Thai-Squ_24.JPG,A2.16.Thai-Squ_24.JPG,A2.16,A2,train
raw_data/A2.16/A2.16.Thai-Squ_25.JPG,A2.16.Thai-Squ_25.JPG,A2.16,A2,train
raw_data/A2.16/A2.16.Thai-Squ_26.JPG,A2.16.Thai-Squ_26.JPG,A2.16,A2,train
raw_data/A2.16/A2.16.Thai-Squ_27.JPG,A2.16.Thai-Squ_27.JPG,A2.16,A2,train
raw_data/A2.16/A2.16.Thai-Squ_28.JPG,A2.16.Thai-Squ_28.JPG,A2.16,A2,train
raw_data/A2.16/A2.16.Thai-Squ_29.JPG,A2.16.Thai-Squ_29.JPG,A2.16,A2,train
raw_data/A2.16/A2.16.Thai-Squ_30.JPG,A2.16.Thai-Squ_30.JPG,A2.16,A2,train
raw_data/A2.16/A2.16.Thai-Squ_31.JPG,A2.16.Thai-Squ_31.JPG,A2.16,A2,train
raw_data/A2.17/A2.17.Dia-Pla_01.JPG,A2.17.Dia-Pla_01.JPG,A2.17,A2,test
raw_data/A2.17/A2.17.Dia-Pla_02.JPG,A2.17.Dia-Pla_02.JPG,A2.17,A2,test
raw_data/A2.17/A2.17.Dia-Pla_03.JPG,A2.17.Dia-Pla_03.JPG,A2.17,A2,test
raw_data/A2.17/A2.17.Dia-Pla_04.JPG,A2.17.Dia-Pla_04.JPG,A2.17,A2,test
raw_data/A2.17/A2.17.Dia-Pla_05.JPG,A2.17.Dia-Pla_05.JPG,A2.17,A2,test
raw_data/A2.17/A2.17.Dia-Pla_06.JPG,A2.17.Dia-Pla_06.JPG,A2.17,A2,test
raw_data/A2.17/A2.17.Dia-Pla_07.JPG,A2.17.Dia-Pla_07.JPG,A2.17,A2,test
raw_data/A2.17/A2.17.Dia-Pla_08.JPG,A2.17.Dia-Pla_08.JPG,A2.17,A2,test
raw_data/A2.17/A2.17.Dia-Pla_09.JPG,A2.17.Dia-Pla_09.JPG,A2.17,A2,test
raw_data/A2.17/A2.17.Dia-Pla_10.JPG,A2.17.Dia-Pla_10.JPG,A2.17,A2,test
raw_data/A2.17/A2.17.Dia-Pla_11.JPG,A2.17.Dia-Pla_11.JPG,A2.17,A2,test
raw_data/A2.17/A2.17.Dia-Pla_12.JPG,A2.17.Dia-Pla_12.JPG,A2.17,A2,test
raw_data/A2.17/A2.17.Dia-Pla_13.JPG,A2.17.Dia-Pla_13.JPG,A2.17,A2,test
raw_data/A2.17/A2.17.Dia-Pla_14.JPG,A2.17.Dia-Pla_14.JPG,A2.17,A2,test
raw_data/A2.17/A2.17.Dia-Pla_15.JPG,A2.17.Dia-Pla_15.JPG,A2.17,A2,test
raw_data/A2.17/A2.17.Dia-Pla_16.JPG,A2.17.Dia-Pla_16.JPG,A2.17,A2,test
raw_data/A2.17/A2.17.Dia-Pla_17.JPG,A2.17.Dia-Pla_17.JPG,A2.17,A2,test
raw_data/A2.17/A2.17.Dia-Pla_18.JPG,A2.17.Dia-Pla_18.JPG,A2.17,A2,test
raw_data/A2.17/A2.17.Dia-Pla_19.JPG,A2.17.Dia-Pla_19.JPG,A2.17,A2,test
raw_data/A2.17/A2.17.Dia-Pla_20.JPG,A2.17.Dia-Pla_20.JPG,A2.17,A2,test
raw_data/A2.17/A2.17.Dia-Pla_21.JPG,A2.17.Dia-Pla_21.JPG,A2.17,A2,test
raw_data/A2.17/A2.17.Dia-Pla_22.JPG,A2.17.Dia-Pla_22.JPG,A2.17,A2,test
raw_data/A2.17/A2.17.Dia-Pla_23.JPG,A2.17.Dia-Pla_23.JPG,A2.17,A2,test
raw_data/A2.17/A2.17.Dia-Pla_24.JPG,A2.17.Dia-Pla_24.JPG,A2.17,A2,test
raw_data/A2.17/A2.17.Dia-Pla_25.JPG,A2.17.Dia-Pla_25.JPG,A2.17,A2,test
raw_data/A2.17/A2.17.Dia-Pla_26.JPG,A2.17.Dia-Pla_26.JPG,A2.17,A2,test
raw_data/A2.17/A2.17.Dia-Pla_27.JPG,A2.17.Dia-Pla_27.JPG,A2.17,A2,test
raw_data/A2.17/A2.17.Dia-Pla_28.JPG,A2.17.Dia-Pla_28.JPG,A2.17,A2,test
raw_data/A2.17/A2.17.Dia-Pla_29.JPG,A2.17.Dia-Pla_29.JPG,A2.17,A2,test
raw_data/A2.17/A2.17.Dia-Pla_30.JPG,A2.17.Dia-Pla_30.JPG,A2.17,A2,test
raw_data/A2.17/A2.17.Dia-Pla_31.JPG,A2.17.Dia-Pla_31.JPG,A2.17,A2,test
raw_data/A2.17/A2.17.Dia-Pla_32.JPG,A2.17.Dia-Pla_32.JPG,A2.17,A2,test
raw_data/A2.17/A2.17.Dia-Pla_33.JPG,A2.17.Dia-Pla_33.JPG,A2.17,A2,test
raw_data/A2.17/A2.17.Dia-Pla_34.JPG,A2.17.Dia-Pla_34.JPG,A2.17,A2,test
raw_data/A2.17/A2.17.Dia-Pla_35.JPG,A2.17.Dia-Pla_35.JPG,A2.17,A2,test
raw_data/A2.17/A2.17.Dia-Pla_36.JPG,A2.17.Dia-Pla_36.JPG,A2.17,A2,test
raw_data/A2.17/A2.17.Dia-Pla_37.JPG,A2.17.Dia-Pla_37.JPG,A2.17,A2,test
raw_data/A2.17/A2.17.Dia-Pla_38.JPG,A2.17.Dia-Pla_38.JPG,A2.17,A2,test
raw_data/A2.17/A2.17.Dia-Pla_39.JPG,A2.17.Dia-Pla_39.JPG,A2.17,A2,test
raw_data/A2.17/A2.17.Dia-Pla_40.JPG,A2.17.Dia-Pla_40.JPG,A2.17,A2,test
raw_data/A2.17/A2.17.Dia-Pla_41.JPG,A2.17.Dia-Pla_41.JPG,A2.17,A2,test
raw_data/A2.17/A2.17.Dia-Pla_42.JPG,A2.17.Dia-Pla_42.JPG,A2.17,A2,test
raw_data/A2.17/A2.17.Dia-Pla_43.JPG,A2.17.Dia-Pla_43.JPG,A2.17,A2,test
raw_data/A2.18/A2.18.MTN-Par_01.JPG,A2.18.MTN-Par_01.JPG,A2.18,A2,val
raw_data/A2.18/A2.18.MTN-Par_02.JPG,A2.18.MTN-Par_02.JPG,A2.18,A2,val
raw_data/A2.18/A2.18.MTN-Par_03.JPG,A2.18.MTN-Par_03.JPG,A2.18,A2,val
raw_data/A2.18/A2.18.MTN-Par_04.JPG,A2.18.MTN-Par_04.JPG,A2.18,A2,val
raw_data/A2.18/A2.18.MTN-Par_05.JPG,A2.18.MTN-Par_05.JPG,A2.18,A2,val
raw_data/A2.18/A2.18.MTN-Par_06.JPG,A2.18.MTN-Par_06.JPG,A2.18,A2,val
raw_data/A2.18/A2.18.MTN-Par_07.JPG,A2.18.MTN-Par_07.JPG,A2.18,A2,val
raw_data/A2.18/A2.18.MTN-Par_08.JPG,A2.18.MTN-Par_08.JPG,A2.18,A2,val
raw_data/A2.18/A2.18.MTN-Par_09.JPG,A2.18.MTN-Par_09.JPG,A2.18,A2,val
raw_data/A2.18/A2.18.MTN-Par_10.JPG,A2.18.MTN-Par_10.JPG,A2.18,A2,val
raw_data/A2.18/A2.18.MTN-Par_11.JPG,A2.18.MTN-Par_11.JPG,A2.18,A2,val
raw_data/A2.18/A2.18.MTN-Par_12.JPG,A2.18.MTN-Par_12.JPG,A2.18,A2,val
raw_data/A2.18/A2.18.MTN-Par_13.JPG,A2.18.MTN-Par_13.JPG,A2.18,A2,val
raw_data/A2.18/A2.18.MTN-Par_14.JPG,A2.18.MTN-Par_14.JPG,A2.18,A2,val
raw_data/A2.18/A2.18.MTN-Par_15.JPG,A2.18.MTN-Par_15.JPG,A2.18,A2,val
raw_data/A2.18/A2.18.MTN-Par_16.JPG,A2.18.MTN-Par_16.JPG,A2.18,A2,val
raw_data/A2.18/A2.18.MTN-Par_17.JPG,A2.18.MTN-Par_17.JPG,A2.18,A2,val
raw_data/A2.19/A2.19.La-Vela_01.JPG,A2.19.La-Vela_01.JPG,A2.19,A2,train
raw_data/A2.19/A2.19.La-Vela_02.JPG,A2.19.La-Vela_02.JPG,A2.19,A2,train
raw_data/A2.19/A2.19.La-Vela_03.JPG,A2.19.La-Vela_03.JPG,A2.19,A2,train
raw_data/A2.19/A2.19.La-Vela_04.JPG,A2.19.La-Vela_04.JPG,A2.19,A2,train
raw_data/A2.19/A2.19.La-Vela_05.JPG,A2.19.La-Vela_05.JPG,A2.19,A2,train
raw_data/A2.19/A2.19.La-Vela_06.JPG,A2.19.La-Vela_06.JPG,A2.19,A2,train
raw_data/A2.19/A2.19.La-Vela_07.JPG,A2.19.La-Vela_07.JPG,A2.19,A2,train
raw_data/A2.19/A2.19.La-Vela_08.JPG,A2.19.La-Vela_08.JPG,A2.19,A2,train
raw_data/A2.19/A2.19.La-Vela_09.JPG,A2.19.La-Vela_09.JPG,A2.19,A2,train
raw_data/A2.19/A2.19.La-Vela_10.JPG,A2.19.La-Vela_10.JPG,A2.19,A2,train
raw_data/A2.19/A2.19.La-Vela_11.JPG,A2.19.La-Vela_11.JPG,A2.19,A2,train
raw_data/A2.19/A2.19.La-Vela_12.JPG,A2.19.La-Vela_12.JPG,A2.19,A2,train
raw_data/A2.19/A2.19.La-Vela_13.JPG,A2.19.La-Vela_13.JPG,A2.19,A2,train
raw_data/A2.19/A2.19.La-Vela_14.JPG,A2.19.La-Vela_14.JPG,A2.19,A2,train
raw_data/A2.19/A2.19.La-Vela_15.JPG,A2.19.La-Vela_15.JPG,A2.19,A2,train
raw_data/A2.19/A2.19.La-Vela_16.JPG,A2.19.La-Vela_16.JPG,A2.19,A2,train
raw_data/A2.19/A2.19.La-Vela_17.JPG,A2.19.La-Vela_17.JPG,A2.19,A2,train
raw_data/A2.19/A2.19.La-Vela_18.JPG,A2.19.La-Vela_18.JPG,A2.19,A2,train
raw_data/A2.19/A2.19.La-Vela_19.JPG,A2.19.La-Vela_19.JPG,A2.19,A2,train
raw_data/A2.19/A2.19.La-Vela_20.JPG,A2.19.La-Vela_20.JPG,A2.19,A2,train
raw_data/A2.19/A2.19.La-Vela_21.JPG,A2.19.La-Vela_21.JPG,A2.19,A2,train
raw_data/A2.19/A2.19.La-Vela_22.JPG,A2.19.La-Vela_22.JPG,A2.19,A2,train
raw_data/A2.19/A2.19.La-Vela_23.JPG,A2.19.La-Vela_23.JPG,A2.19,A2,train
raw_data/A2.19/A2.19.La-Vela_24.JPG,A2.19.La-Vela_24.JPG,A2.19,A2,train
raw_data/A2.19/A2.19.La-Vela_25.JPG,A2.19.La-Vela_25.JPG,A2.19,A2,train
raw_data/A2.19/A2.19.La-Vela_26.JPG,A2.19.La-Vela_26.JPG,A2.19,A2,train
raw_data/A2.19/A2.19.La-Vela_27.JPG,A2.19.La-Vela_27.JPG,A2.19,A2,train
raw_data/A2.19/A2.19.La-Vela_28.JPG,A2.19.La-Vela_28.JPG,A2.19,A2,train
raw_data/A2.20/A2.20.Metr-pol_01.JPG,A2.20.Metr-pol_01.JPG,A2.20,A2,train
raw_data/A2.20/A2.20.Metr-pol_02.JPG,A2.20.Metr-pol_02.JPG,A2.20,A2,train
raw_data/A2.20/A2.20.Metr-pol_03.JPG,A2.20.Metr-pol_03.JPG,A2.20,A2,train
raw_data/A2.20/A2.20.Metr-pol_04.JPG,A2.20.Metr-pol_04.JPG,A2.20,A2,train
raw_data/A2.20/A2.20.Metr-pol_05.JPG,A2.20.Metr-pol_05.JPG,A2.20,A2,train
raw_data/A2.20/A2.20.Metr-pol_06.JPG,A2.20.Metr-pol_06.JPG,A2.20,A2,train
raw_data/A2.20/A2.20.Metr-pol_07.JPG,A2.20.Metr-pol_07.JPG,A2.20,A2,train
raw_data/A2.20/A2.20.Metr-pol_08.JPG,A2.20.Metr-pol_08.JPG,A2.20,A2,train
raw_data/A2.20/A2.20.Metr-pol_09.JPG,A2.20.Metr-pol_09.JPG,A2.20,A2,train
raw_data/A2.20/A2.20.Metr-pol_10.JPG,A2.20.Metr-pol_10.JPG,A2.20,A2,train
raw_data/A2.20/A2.20.Metr-pol_11.JPG,A2.20.Metr-pol_11.JPG,A2.20,A2,train
raw_data/A2.20/A2.20.Metr-pol_12.JPG,A2.20.Metr-pol_12.JPG,A2.20,A2,train
raw_data/A2.20/A2.20.Metr-pol_13.JPG,A2.20.Metr-pol_13.JPG,A2.20,A2,train
raw_data/A2.20/A2.20.Metr-pol_14.JPG,A2.20.Metr-pol_14.JPG,A2.20,A2,train
raw_data/A2.20/A2.20.Metr-pol_15.JPG,A2.20.Metr-pol_15.JPG,A2.20,A2,train
raw_data/A2.20/A2.20.Metr-pol_16.JPG,A2.20.Metr-pol_16.JPG,A2.20,A2,train
raw_data/A2.20/A2.20.Metr-pol_17.JPG,A2.20.Metr-pol_17.JPG,A2.20,A2,train
raw_data/A2.20/A2.20.Metr-pol_18.JPG,A2.20.Metr-pol_18.JPG,A2.20,A2,train
raw_data/A2.20/A2.20.Metr-pol_19.JPG,A2.20.Metr-pol_19.JPG,A2.20,A2,train
raw_data/A2.20/A2.20.Metr-pol_20.JPG,A2.20.Metr-pol_20.JPG,A2.20,A2,train
raw_data/A2.20/A2.20.Metr-pol_21.JPG,A2.20.Metr-pol_21.JPG,A2.20,A2,train
raw_data/A2.20/A2.20.Metr-pol_22.JPG,A2.20.Metr-pol_22.JPG,A2.20,A2,train
raw_data/A2.20/A2.20.Metr-pol_23.JPG,A2.20.Metr-pol_23.JPG,A2.20,A2,train
raw_data/A2.20/A2.20.Metr-pol_24.JPG,A2.20.Metr-pol_24.JPG,A2.20,A2,train
raw_data/A2.20/A2.20.Metr-pol_25.JPG,A2.20.Metr-pol_25.JPG,A2.20,A2,train
raw_data/A2.20/A2.20.Metr-pol_26.JPG,A2.20.Metr-pol_26.JPG,A2.20,A2,train
raw_data/A2.20/A2.20.Metr-pol_27.JPG,A2.20.Metr-pol_27.JPG,A2.20,A2,train
raw_data/A2.20/A2.20.Metr-pol_28.JPG,A2.20.Metr-pol_28.JPG,A2.20,A2,train
raw_data/A2.20/A2.20.Metr-pol_29.JPG,A2.20.Metr-pol_29.JPG,A2.20,A2,train
raw_data/A2.20/A2.20.Metr-pol_30.JPG,A2.20.Metr-pol_30.JPG,A2.20,A2,train
raw_data/A2.20/A2.20.Metr-pol_31.JPG,A2.20.Metr-pol_31.JPG,A2.20,A2,train
raw_data/A2.20/A2.20.Metr-pol_32.JPG,A2.20.Metr-pol_32.JPG,A2.20,A2,train
raw_data/A2.20/A2.20.Metr-pol_33.JPG,A2.20.Metr-pol_33.JPG,A2.20,A2,train
raw_data/A2.20/A2.20.Metr-pol_34.JPG,A2.20.Metr-pol_34.JPG,A2.20,A2,train
raw_data/A2.20/A2.20.Metr-pol_35.JPG,A2.20.Metr-pol_35.JPG,A2.20,A2,train
raw_data/A2.20/A2.20.Metr-pol_36.JPG,A2.20.Metr-pol_36.JPG,A2.20,A2,train
raw_data/A2.20/A2.20.Metr-pol_37.JPG,A2.20.Metr-pol_37.JPG,A2.20,A2,train
raw_data/A2.20/A2.20.Metr-pol_38.JPG,A2.20.Metr-pol_38.JPG,A2.20,A2,train
raw_data/A2.20/A2.20.Metr-pol_39.JPG,A2.20.Metr-pol_39.JPG,A2.20,A2,train
raw_data/A2.20/A2.20.Metr-pol_40.JPG,A2.20.Metr-pol_40.JPG,A2.20,A2,train
raw_data/A2.20/A2.20.Metr-pol_41.JPG,A2.20.Metr-pol_41.JPG,A2.20,A2,train
raw_data/A2.20/A2.20.Metr-pol_42.JPG,A2.20.Metr-pol_42.JPG,A2.20,A2,train
raw_data/A2.20/A2.20.Metr-pol_43.JPG,A2.20.Metr-pol_43.JPG,A2.20,A2,train
raw_data/A2.20/A2.20.Metr-pol_44.JPG,A2.20.Metr-pol_44.JPG,A2.20,A2,train
raw_data/A2.20/A2.20.Metr-pol_45.JPG,A2.20.Metr-pol_45.JPG,A2.20,A2,train
raw_data/A2.21/A2.21.Cons-Mus_01.JPG,A2.21.Cons-Mus_01.JPG,A2.21,A2,test
raw_data/A2.21/A2.21.Cons-Mus_02.JPG,A2.21.Cons-Mus_02.JPG,A2.21,A2,test
raw_data/A2.21/A2.21.Cons-Mus_03.JPG,A2.21.Cons-Mus_03.JPG,A2.21,A2,test
raw_data/A2.21/A2.21.Cons-Mus_04.JPG,A2.21.Cons-Mus_04.JPG,A2.21,A2,test
raw_data/A2.21/A2.21.Cons-Mus_05.JPG,A2.21.Cons-Mus_05.JPG,A2.21,A2,test
raw_data/A2.21/A2.21.Cons-Mus_06.JPG,A2.21.Cons-Mus_06.JPG,A2.21,A2,test
raw_data/A2.21/A2.21.Cons-Mus_07.JPG,A2.21.Cons-Mus_07.JPG,A2.21,A2,test
raw_data/A2.21/A2.21.Cons-Mus_08.JPG,A2.21.Cons-Mus_08.JPG,A2.21,A2,test
raw_data/A2.21/A2.21.Cons-Mus_09.JPG,A2.21.Cons-Mus_09.JPG,A2.21,A2,test
raw_data/A2.21/A2.21.Cons-Mus_10.JPG,A2.21.Cons-Mus_10.JPG,A2.21,A2,test
raw_data/A2.21/A2.21.Cons-Mus_11.JPG,A2.21.Cons-Mus_11.JPG,A2.21,A2,test
raw_data/A2.21/A2.21.Cons-Mus_12.JPG,A2.21.Cons-Mus_12.JPG,A2.21,A2,test
raw_data/A2.21/A2.21.Cons-Mus_13.JPG,A2.21.Cons-Mus_13.JPG,A2.21,A2,test
raw_data/A2.21/A2.21.Cons-Mus_14.JPG,A2.21.Cons-Mus_14.JPG,A2.21,A2,test
raw_data/A2.21/A2.21.Cons-Mus_15.JPG,A2.21.Cons-Mus_15.JPG,A2.21,A2,test
raw_data/A2.21/A2.21.Cons-Mus_16.JPG,A2.21.Cons-Mus_16.JPG,A2.21,A2,test
raw_data/A2.21/A2.21.Cons-Mus_17.JPG,A2.21.Cons-Mus_17.JPG,A2.21,A2,test
raw_data/A2.21/A2.21.Cons-Mus_18.JPG,A2.21.Cons-Mus_18.JPG,A2.21,A2,test
raw_data/A2.21/A2.21.Cons-Mus_19.JPG,A2.21.Cons-Mus_19.JPG,A2.21,A2,test
raw_data/A2.21/A2.21.Cons-Mus_20.JPG,A2.21.Cons-Mus_20.JPG,A2.21,A2,test
raw_data/A2.21/A2.21.Cons-Mus_21.JPG,A2.21.Cons-Mus_21.JPG,A2.21,A2,test
raw_data/A2.21/A2.21.Cons-Mus_22.JPG,A2.21.Cons-Mus_22.JPG,A2.21,A2,test
raw_data/A2.21/A2.21.Cons-Mus_23.JPG,A2.21.Cons-Mus_23.JPG,A2.21,A2,test
raw_data/A2.21/A2.21.Cons-Mus_24.JPG,A2.21.Cons-Mus_24.JPG,A2.21,A2,test
raw_data/A2.21/A2.21.Cons-Mus_25.JPG,A2.21.Cons-Mus_25.JPG,A2.21,A2,test
raw_data/A2.21/A2.21.Cons-Mus_26.JPG,A2.21.Cons-Mus_26.JPG,A2.21,A2,test
raw_data/A2.21/A2.21.Cons-Mus_27.JPG,A2.21.Cons-Mus_27.JPG,A2.21,A2,test
raw_data/A2.21/A2.21.Cons-Mus_28.JPG,A2.21.Cons-Mus_28.JPG,A2.21,A2,test
raw_data/A2.21/A2.21.Cons-Mus_29.JPG,A2.21.Cons-Mus_29.JPG,A2.21,A2,test
raw_data/A2.21/A2.21.Cons-Mus_30.JPG,A2.21.Cons-Mus_30.JPG,A2.21,A2,test
raw_data/A2.21/A2.21.Cons-Mus_31.JPG,A2.21.Cons-Mus_31.JPG,A2.21,A2,test
raw_data/A2.21/A2.21.Cons-Mus_32.JPG,A2.21.Cons-Mus_32.JPG,A2.21,A2,test
raw_data/A2.21/A2.21.Cons-Mus_33.JPG,A2.21.Cons-Mus_33.JPG,A2.21,A2,test
raw_data/A2.21/A2.21.Cons-Mus_34.JPG,A2.21.Cons-Mus_34.JPG,A2.21,A2,test
raw_data/A2.21/A2.21.Cons-Mus_35.JPG,A2.21.Cons-Mus_35.JPG,A2.21,A2,test
raw_data/A2.21/A2.21.Cons-Mus_36.JPG,A2.21.Cons-Mus_36.JPG,A2.21,A2,test
raw_data/A2.21/A2.21.Cons-Mus_37.JPG,A2.21.Cons-Mus_37.JPG,A2.21,A2,test
raw_data/A2.21/A2.21.Cons-Mus_38.JPG,A2.21.Cons-Mus_38.JPG,A2.21,A2,test
raw_data/A2.21/A2.21.Cons-Mus_39.JPG,A2.21.Cons-Mus_39.JPG,A2.21,A2,test
raw_data/A2.21/A2.21.Cons-Mus_40.JPG,A2.21.Cons-Mus_40.JPG,A2.21,A2,test
raw_data/A2.21/A2.21.Cons-Mus_41.JPG,A2.21.Cons-Mus_41.JPG,A2.21,A2,test
raw_data/A2.21/A2.21.Cons-Mus_42.JPG,A2.21.Cons-Mus_42.JPG,A2.21,A2,test
raw_data/A2.21/A2.21.Cons-Mus_43.JPG,A2.21.Cons-Mus_43.JPG,A2.21,A2,test
raw_data/A2.21/A2.21.Cons-Mus_44.JPG,A2.21.Cons-Mus_44.JPG,A2.21,A2,test
raw_data/A2.21/A2.21.Cons-Mus_45.JPG,A2.21.Cons-Mus_45.JPG,A2.21,A2,test
raw_data/A2.21/A2.21.Cons-Mus_46.JPG,A2.21.Cons-Mus_46.JPG,A2.21,A2,test
raw_data/A2.21/A2.21.Cons-Mus_47.JPG,A2.21.Cons-Mus_47.JPG,A2.21,A2,test
raw_data/A2.21/A2.21.Cons-Mus_48.JPG,A2.21.Cons-Mus_48.JPG,A2.21,A2,test
raw_data/A2.21/A2.21.Cons-Mus_49.JPG,A2.21.Cons-Mus_49.JPG,A2.21,A2,test
raw_data/A2.21/A2.21.Cons-Mus_50.JPG,A2.21.Cons-Mus_50.JPG,A2.21,A2,test
raw_data/A2.21/A2.21.Cons-Mus_51.JPG,A2.21.Cons-Mus_51.JPG,A2.21,A2,test
raw_data/A2.21/A2.21.Cons-Mus_52.JPG,A2.21.Cons-Mus_52.JPG,A2.21,A2,test
raw_data/A2.21/A2.21.Cons-Mus_53.JPG,A2.21.Cons-Mus_53.JPG,A2.21,A2,test
raw_data/A2.21/A2.21.Cons-Mus_54.JPG,A2.21.Cons-Mus_54.JPG,A2.21,A2,test
raw_data/A2.21/A2.21.Cons-Mus_55.JPG,A2.21.Cons-Mus_55.JPG,A2.21,A2,test
raw_data/A2.21/A2.21.Cons-Mus_56.JPG,A2.21.Cons-Mus_56.JPG,A2.21,A2,test
raw_data/A2.21/A2.21.Cons-Mus_57.JPG,A2.21.Cons-Mus_57.JPG,A2.21,A2,test
raw_data/A2.21/A2.21.Cons-Mus_58.JPG,A2.21.Cons-Mus_58.JPG,A2.21,A2,test
raw_data/A2.21/A2.21.Cons-Mus_59.JPG,A2.21.Cons-Mus_59.JPG,A2.21,A2,test
raw_data/A2.21/A2.21.Cons-Mus_60.JPG,A2.21.Cons-Mus_60.JPG,A2.21,A2,test
raw_data/A2.21/A2.21.Cons-Mus_61.JPG,A2.21.Cons-Mus_61.JPG,A2.21,A2,test
raw_data/A2.21/A2.21.Cons-Mus_62.JPG,A2.21.Cons-Mus_62.JPG,A2.21,A2,test
raw_data/A2.21/A2.21.Cons-Mus_63.JPG,A2.21.Cons-Mus_63.JPG,A2.21,A2,test
raw_data/A2.21/A2.21.Cons-Mus_64.JPG,A2.21.Cons-Mus_64.JPG,A2.21,A2,test
raw_data/A2.22/A2.22.Mai-Hou_01.JPG,A2.22.Mai-Hou_01.JPG,A2.22,A2,train
raw_data/A2.22/A2.22.Mai-Hou_02.JPG,A2.22.Mai-Hou_02.JPG,A2.22,A2,train
raw_data/A2.22/A2.22.Mai-Hou_03.JPG,A2.22.Mai-Hou_03.JPG,A2.22,A2,train
raw_data/A2.22/A2.22.Mai-Hou_04.JPG,A2.22.Mai-Hou_04.JPG,A2.22,A2,train
raw_data/A2.22/A2.22.Mai-Hou_05.JPG,A2.22.Mai-Hou_05.JPG,A2.22,A2,train
raw_data/A2.22/A2.22.Mai-Hou_06.JPG,A2.22.Mai-Hou_06.JPG,A2.22,A2,train
raw_data/A2.22/A2.22.Mai-Hou_07.JPG,A2.22.Mai-Hou_07.JPG,A2.22,A2,train
raw_data/A2.22/A2.22.Mai-Hou_08.JPG,A2.22.Mai-Hou_08.JPG,A2.22,A2,train
raw_data/A2.22/A2.22.Mai-Hou_09.JPG,A2.22.Mai-Hou_09.JPG,A2.22,A2,train
raw_data/A2.22/A2.22.Mai-Hou_10.JPG,A2.22.Mai-Hou_10.JPG,A2.22,A2,train
raw_data/A2.22/A2.22.Mai-Hou_11.JPG,A2.22.Mai-Hou_11.JPG,A2.22,A2,train
raw_data/A2.22/A2.22.Mai-Hou_12.JPG,A2.22.Mai-Hou_12.JPG,A2.22,A2,train
raw_data/A2.22/A2.22.Mai-Hou_13.JPG,A2.22.Mai-Hou_13.JPG,A2.22,A2,train
raw_data/A2.22/A2.22.Mai-Hou_14.JPG,A2.22.Mai-Hou_14.JPG,A2.22,A2,train
raw_data/A2.22/A2.22.Mai-Hou_15.JPG,A2.22.Mai-Hou_15.JPG,A2.22,A2,train
raw_data/A2.22/A2.22.Mai-Hou_16.JPG,A2.22.Mai-Hou_16.JPG,A2.22,A2,train
raw_data/A2.22/A2.22.Mai-Hou_17.JPG,A2.22.Mai-Hou_17.JPG,A2.22,A2,train
raw_data/A2.22/A2.22.Mai-Hou_18.JPG,A2.22.Mai-Hou_18.JPG,A2.22,A2,train
raw_data/A2.22/A2.22.Mai-Hou_19.JPG,A2.22.Mai-Hou_19.JPG,A2.22,A2,train
raw_data/A2.22/A2.22.Mai-Hou_20.JPG,A2.22.Mai-Hou_20.JPG,A2.22,A2,train
raw_data/A2.22/A2.22.Mai-Hou_21.JPG,A2.22.Mai-Hou_21.JPG,A2.22,A2,train
raw_data/A2.23/A2.23.VCB-TSN_01.JPG,A2.23.VCB-TSN_01.JPG,A2.23,A2,train
raw_data/A2.23/A2.23.VCB-TSN_02.JPG,A2.23.VCB-TSN_02.JPG,A2.23,A2,train
raw_data/A2.23/A2.23.VCB-TSN_03.JPG,A2.23.VCB-TSN_03.JPG,A2.23,A2,train
raw_data/A2.23/A2.23.VCB-TSN_04.JPG,A2.23.VCB-TSN_04.JPG,A2.23,A2,train
raw_data/A2.23/A2.23.VCB-TSN_05.JPG,A2.23.VCB-TSN_05.JPG,A2.23,A2,train
raw_data/A2.23/A2.23.VCB-TSN_06.JPG,A2.23.VCB-TSN_06.JPG,A2.23,A2,train
raw_data/A2.23/A2.23.VCB-TSN_07.JPG,A2.23.VCB-TSN_07.JPG,A2.23,A2,train
raw_data/A2.23/A2.23.VCB-TSN_08.JPG,A2.23.VCB-TSN_08.JPG,A2.23,A2,train
raw_data/A2.23/A2.23.VCB-TSN_09.JPG,A2.23.VCB-TSN_09.JPG,A2.23,A2,train
raw_data/A2.23/A2.23.VCB-TSN_10.JPG,A2.23.VCB-TSN_10.JPG,A2.23,A2,train
raw_data/A2.23/A2.23.VCB-TSN_11.JPG,A2.23.VCB-TSN_11.JPG,A2.23,A2,train
raw_data/A2.23/A2.23.VCB-TSN_12.JPG,A2.23.VCB-TSN_12.JPG,A2.23,A2,train
raw_data/A2.23/A2.23.VCB-TSN_13.JPG,A2.23.VCB-TSN_13.JPG,A2.23,A2,train
raw_data/A2.23/A2.23.VCB-TSN_14.JPG,A2.23.VCB-TSN_14.JPG,A2.23,A2,train
raw_data/A2.23/A2.23.VCB-TSN_15.JPG,A2.23.VCB-TSN_15.JPG,A2.23,A2,train
raw_data/A2.23/A2.23.VCB-TSN_16.JPG,A2.23.VCB-TSN_16.JPG,A2.23,A2,train
raw_data/A2.23/A2.23.VCB-TSN_17.JPG,A2.23.VCB-TSN_17.JPG,A2.23,A2,train
raw_data/A2.23/A2.23.VCB-TSN_18.JPG,A2.23.VCB-TSN_18.JPG,A2.23,A2,train
raw_data/A2.23/A2.23.VCB-TSN_19.JPG,A2.23.VCB-TSN_19.JPG,A2.23,A2,train
raw_data/A2.23/A2.23.VCB-TSN_20.JPG,A2.23.VCB-TSN_20.JPG,A2.23,A2,train
raw_data/A2.23/A2.23.VCB-TSN_21.JPG,A2.23.VCB-TSN_21.JPG,A2.23,A2,train
raw_data/A2.23/A2.23.VCB-TSN_22.JPG,A2.23.VCB-TSN_22.JPG,A2.23,A2,train
raw_data/A2.23/A2.23.VCB-TSN_23.JPG,A2.23.VCB-TSN_23.JPG,A2.23,A2,train
raw_data/A2.23/A2.23.VCB-TSN_24.JPG,A2.23.VCB-TSN_24.JPG,A2.23,A2,train
raw_data/A2.23/A2.23.VCB-TSN_25.JPG,A2.23.VCB-TSN_25.JPG,A2.23,A2,train
raw_data/A2.23/A2.23.VCB-TSN_26.JPG,A2.23.VCB-TSN_26.JPG,A2.23,A2,train
raw_data/A2.23/A2.23.VCB-TSN_27.JPG,A2.23.VCB-TSN_27.JPG,A2.23,A2,train
raw_data/A2.23/A2.23.VCB-TSN_28.JPG,A2.23.VCB-TSN_28.JPG,A2.23,A2,train
raw_data/A2.23/A2.23.VCB-TSN_29.JPG,A2.23.VCB-TSN_29.JPG,A2.23,A2,train
raw_data/A2.23/A2.23.VCB-TSN_30.JPG,A2.23.VCB-TSN_30.JPG,A2.23,A2,train
raw_data/A2.23/A2.23.VCB-TSN_31.JPG,A2.23.VCB-TSN_31.JPG,A2.23,A2,train
raw_data/A2.23/A2.23.VCB-TSN_32.JPG,A2.23.VCB-TSN_32.JPG,A2.23,A2,train
raw_data/A2.23/A2.23.VCB-TSN_33.JPG,A2.23.VCB-TSN_33.JPG,A2.23,A2,train
raw_data/A2.23/A2.23.VCB-TSN_34.JPG,A2.23.VCB-TSN_34.JPG,A2.23,A2,train
raw_data/A2.23/A2.23.VCB-TSN_35.JPG,A2.23.VCB-TSN_35.JPG,A2.23,A2,train
raw_data/A2.23/A2.23.VCB-TSN_36.JPG,A2.23.VCB-TSN_36.JPG,A2.23,A2,train
raw_data/A2.23/A2.23.VCB-TSN_37.JPG,A2.23.VCB-TSN_37.JPG,A2.23,A2,train
raw_data/A2.23/A2.23.VCB-TSN_38.JPG,A2.23.VCB-TSN_38.JPG,A2.23,A2,train
raw_data/A2.23/A2.23.VCB-TSN_39.JPG,A2.23.VCB-TSN_39.JPG,A2.23,A2,train
raw_data/A2.23/A2.23.VCB-TSN_40.JPG,A2.23.VCB-TSN_40.JPG,A2.23,A2,train
raw_data/A2.23/A2.23.VCB-TSN_41.JPG,A2.23.VCB-TSN_41.JPG,A2.23,A2,train
raw_data/A2.23/A2.23.VCB-TSN_42.JPG,A2.23.VCB-TSN_42.JPG,A2.23,A2,train
raw_data/A2.23/A2.23.VCB-TSN_43.JPG,A2.23.VCB-TSN_43.JPG,A2.23,A2,train
raw_data/A2.24/A2.24.Asi-ana_01.JPG,A2.24.Asi-ana_01.JPG,A2.24,A2,val
raw_data/A2.24/A2.24.Asi-ana_02.JPG,A2.24.Asi-ana_02.JPG,A2.24,A2,val
raw_data/A2.24/A2.24.Asi-ana_03.JPG,A2.24.Asi-ana_03.JPG,A2.24,A2,val
raw_data/A2.24/A2.24.Asi-ana_04.JPG,A2.24.Asi-ana_04.JPG,A2.24,A2,val
raw_data/A2.24/A2.24.Asi-ana_05.JPG,A2.24.Asi-ana_05.JPG,A2.24,A2,val
raw_data/A2.24/A2.24.Asi-ana_06.JPG,A2.24.Asi-ana_06.JPG,A2.24,A2,val
raw_data/A2.24/A2.24.Asi-ana_07.JPG,A2.24.Asi-ana_07.JPG,A2.24,A2,val
raw_data/A2.24/A2.24.Asi-ana_08.JPG,A2.24.Asi-ana_08.JPG,A2.24,A2,val
raw_data/A2.24/A2.24.Asi-ana_09.JPG,A2.24.Asi-ana_09.JPG,A2.24,A2,val
raw_data/A2.24/A2.24.Asi-ana_10.JPG,A2.24.Asi-ana_10.JPG,A2.24,A2,val
raw_data/A2.24/A2.24.Asi-ana_11.JPG,A2.24.Asi-ana_11.JPG,A2.24,A2,val
raw_data/A2.24/A2.24.Asi-ana_12.JPG,A2.24.Asi-ana_12.JPG,A2.24,A2,val
raw_data/A2.24/A2.24.Asi-ana_13.JPG,A2.24.Asi-ana_13.JPG,A2.24,A2,val
raw_data/A2.24/A2.24.Asi-ana_14.JPG,A2.24.Asi-ana_14.JPG,A2.24,A2,val
raw_data/A2.24/A2.24.Asi-ana_15.JPG,A2.24.Asi-ana_15.JPG,A2.24,A2,val
raw_data/A2.24/A2.24.Asi-ana_16.JPG,A2.24.Asi-ana_16.JPG,A2.24,A2,val
raw_data/A2.24/A2.24.Asi-ana_17.JPG,A2.24.Asi-ana_17.JPG,A2.24,A2,val
raw_data/A2.24/A2.24.Asi-ana_18.JPG,A2.24.Asi-ana_18.JPG,A2.24,A2,val
raw_data/A2.24/A2.24.Asi-ana_19.JPG,A2.24.Asi-ana_19.JPG,A2.24,A2,val
raw_data/A2.24/A2.24.Asi-ana_20.JPG,A2.24.Asi-ana_20.JPG,A2.24,A2,val
raw_data/A2.24/A2.24.Asi-ana_21.JPG,A2.24.Asi-ana_21.JPG,A2.24,A2,val
raw_data/A2.24/A2.24.Asi-ana_22.JPG,A2.24.Asi-ana_22.JPG,A2.24,A2,val
raw_data/A2.24/A2.24.Asi-ana_23.JPG,A2.24.Asi-ana_23.JPG,A2.24,A2,val
raw_data/A2.24/A2.24.Asi-ana_24.JPG,A2.24.Asi-ana_24.JPG,A2.24,A2,val
raw_data/A2.24/A2.24.Asi-ana_25.JPG,A2.24.Asi-ana_25.JPG,A2.24,A2,val
raw_data/A2.24/A2.24.Asi-ana_26.JPG,A2.24.Asi-ana_26.JPG,A2.24,A2,val
raw_data/A2.24/A2.24.Asi-ana_27.JPG,A2.24.Asi-ana_27.JPG,A2.24,A2,val
raw_data/A2.24/A2.24.Asi-ana_28.JPG,A2.24.Asi-ana_28.JPG,A2.24,A2,val
raw_data/A2.24/A2.24.Asi-ana_29.JPG,A2.24.Asi-ana_29.JPG,A2.24,A2,val
raw_data/A2.24/A2.24.Asi-ana_30.JPG,A2.24.Asi-ana_30.JPG,A2.24,A2,val
raw_data/A2.24/A2.24.Asi-ana_31.JPG,A2.24.Asi-ana_31.JPG,A2.24,A2,val
raw_data/A2.24/A2.24.Asi-ana_32.JPG,A2.24.Asi-ana_32.JPG,A2.24,A2,val
raw_data/A2.24/A2.24.Asi-ana_33.JPG,A2.24.Asi-ana_33.JPG,A2.24,A2,val
raw_data/A2.24/A2.24.Asi-ana_34.JPG,A2.24.Asi-ana_34.JPG,A2.24,A2,val
raw_data/A2.24/A2.24.Asi-ana_35.JPG,A2.24.Asi-ana_35.JPG,A2.24,A2,val
raw_data/A2.24/A2.24.Asi-ana_36.JPG,A2.24.Asi-ana_36.JPG,A2.24,A2,val
raw_data/A2.24/A2.24.Asi-ana_37.JPG,A2.24.Asi-ana_37.JPG,A2.24,A2,val
raw_data/A2.24/A2.24.Asi-ana_38.JPG,A2.24.Asi-ana_38.JPG,A2.24,A2,val
raw_data/A2.24/A2.24.Asi-ana_39.JPG,A2.24.Asi-ana_39.JPG,A2.24,A2,val
raw_data/A2.25/A2.25.Lux-Pal_01.JPG,A2.25.Lux-Pal_01.JPG,A2.25,A2,train
raw_data/A2.25/A2.25.Lux-Pal_02.JPG,A2.25.Lux-Pal_02.JPG,A2.25,A2,train
raw_data/A2.25/A2.25.Lux-Pal_03.JPG,A2.25.Lux-Pal_03.JPG,A2.25,A2,train
raw_data/A2.25/A2.25.Lux-Pal_04.JPG,A2.25.Lux-Pal_04.JPG,A2.25,A2,train
raw_data/A2.25/A2.25.Lux-Pal_05.JPG,A2.25.Lux-Pal_05.JPG,A2.25,A2,train
raw_data/A2.25/A2.25.Lux-Pal_06.JPG,A2.25.Lux-Pal_06.JPG,A2.25,A2,train
raw_data/A2.25/A2.25.Lux-Pal_07.JPG,A2.25.Lux-Pal_07.JPG,A2.25,A2,train
raw_data/A2.25/A2.25.Lux-Pal_08.JPG,A2.25.Lux-Pal_08.JPG,A2.25,A2,train
raw_data/A2.25/A2.25.Lux-Pal_09.JPG,A2.25.Lux-Pal_09.JPG,A2.25,A2,train
raw_data/A2.25/A2.25.Lux-Pal_10.JPG,A2.25.Lux-Pal_10.JPG,A2.25,A2,train
raw_data/A2.25/A2.25.Lux-Pal_11.JPG,A2.25.Lux-Pal_11.JPG,A2.25,A2,train
raw_data/A2.25/A2.25.Lux-Pal_12.JPG,A2.25.Lux-Pal_12.JPG,A2.25,A2,train
raw_data/A2.25/A2.25.Lux-Pal_13.JPG,A2.25.Lux-Pal_13.JPG,A2.25,A2,train
raw_data/A2.25/A2.25.Lux-Pal_14.JPG,A2.25.Lux-Pal_14.JPG,A2.25,A2,train
raw_data/A2.25/A2.25.Lux-Pal_15.JPG,A2.25.Lux-Pal_15.JPG,A2.25,A2,train
raw_data/A2.25/A2.25.Lux-Pal_16.JPG,A2.25.Lux-Pal_16.JPG,A2.25,A2,train
raw_data/A2.25/A2.25.Lux-Pal_17.JPG,A2.25.Lux-Pal_17.JPG,A2.25,A2,train
raw_data/A2.25/A2.25.Lux-Pal_18.JPG,A2.25.Lux-Pal_18.JPG,A2.25,A2,train
raw_data/A2.25/A2.25.Lux-Pal_19.JPG,A2.25.Lux-Pal_19.JPG,A2.25,A2,train
raw_data/A2.25/A2.25.Lux-Pal_20.JPG,A2.25.Lux-Pal_20.JPG,A2.25,A2,train
raw_data/A2.25/A2.25.Lux-Pal_21.JPG,A2.25.Lux-Pal_21.JPG,A2.25,A2,train
raw_data/A2.25/A2.25.Lux-Pal_22.JPG,A2.25.Lux-Pal_22.JPG,A2.25,A2,train
raw_data/A2.25/A2.25.Lux-Pal_23.JPG,A2.25.Lux-Pal_23.JPG,A2.25,A2,train
raw_data/A2.25/A2.25.Lux-Pal_24.JPG,A2.25.Lux-Pal_24.JPG,A2.25,A2,train
raw_data/A2.25/A2.25.Lux-Pal_25.JPG,A2.25.Lux-Pal_25.JPG,A2.25,A2,train
raw_data/A2.25/A2.25.Lux-Pal_26.JPG,A2.25.Lux-Pal_26.JPG,A2.25,A2,train
raw_data/A2.25/A2.25.Lux-Pal_27.JPG,A2.25.Lux-Pal_27.JPG,A2.25,A2,train
raw_data/A2.25/A2.25.Lux-Pal_28.JPG,A2.25.Lux-Pal_28.JPG,A2.25,A2,train
raw_data/A2.25/A2.25.Lux-Pal_29.JPG,A2.25.Lux-Pal_29.JPG,A2.25,A2,train
raw_data/A2.25/A2.25.Lux-Pal_30.JPG,A2.25.Lux-Pal_30.JPG,A2.25,A2,train
raw_data/A2.25/A2.25.Lux-Pal_31.JPG,A2.25.Lux-Pal_31.JPG,A2.25,A2,train
raw_data/A2.26/A2.26.Sou-Mil_01.JPG,A2.26.Sou-Mil_01.JPG,A2.26,A2,train
raw_data/A2.26/A2.26.Sou-Mil_02.JPG,A2.26.Sou-Mil_02.JPG,A2.26,A2,train
raw_data/A2.26/A2.26.Sou-Mil_03.JPG,A2.26.Sou-Mil_03.JPG,A2.26,A2,train
raw_data/A2.26/A2.26.Sou-Mil_04.JPG,A2.26.Sou-Mil_04.JPG,A2.26,A2,train
raw_data/A2.26/A2.26.Sou-Mil_05.JPG,A2.26.Sou-Mil_05.JPG,A2.26,A2,train
raw_data/A2.26/A2.26.Sou-Mil_06.JPG,A2.26.Sou-Mil_06.JPG,A2.26,A2,train
raw_data/A2.26/A2.26.Sou-Mil_07.JPG,A2.26.Sou-Mil_07.JPG,A2.26,A2,train
raw_data/A2.26/A2.26.Sou-Mil_08.JPG,A2.26.Sou-Mil_08.JPG,A2.26,A2,train
raw_data/A2.26/A2.26.Sou-Mil_09.JPG,A2.26.Sou-Mil_09.JPG,A2.26,A2,train
raw_data/A2.26/A2.26.Sou-Mil_10.JPG,A2.26.Sou-Mil_10.JPG,A2.26,A2,train
raw_data/A2.26/A2.26.Sou-Mil_11.JPG,A2.26.Sou-Mil_11.JPG,A2.26,A2,train
raw_data/A2.26/A2.26.Sou-Mil_12.JPG,A2.26.Sou-Mil_12.JPG,A2.26,A2,train
raw_data/A2.26/A2.26.Sou-Mil_13.JPG,A2.26.Sou-Mil_13.JPG,A2.26,A2,train
raw_data/A2.26/A2.26.Sou-Mil_14.JPG,A2.26.Sou-Mil_14.JPG,A2.26,A2,train
raw_data/A2.26/A2.26.Sou-Mil_15.JPG,A2.26.Sou-Mil_15.JPG,A2.26,A2,train
raw_data/A2.26/A2.26.Sou-Mil_16.JPG,A2.26.Sou-Mil_16.JPG,A2.26,A2,train
raw_data/A2.26/A2.26.Sou-Mil_17.JPG,A2.26.Sou-Mil_17.JPG,A2.26,A2,train
raw_data/A2.26/A2.26.Sou-Mil_18.JPG,A2.26.Sou-Mil_18.JPG,A2.26,A2,train
raw_data/A2.26/A2.26.Sou-Mil_19.JPG,A2.26.Sou-Mil_19.JPG,A2.26,A2,train
raw_data/A2.26/A2.26.Sou-Mil_20.JPG,A2.26.Sou-Mil_20.JPG,A2.26,A2,train
raw_data/A2.26/A2.26.Sou-Mil_21.JPG,A2.26.Sou-Mil_21.JPG,A2.26,A2,train
raw_data/A2.26/A2.26.Sou-Mil_22.JPG,A2.26.Sou-Mil_22.JPG,A2.26,A2,train
raw_data/A2.26/A2.26.Sou-Mil_23.JPG,A2.26.Sou-Mil_23.JPG,A2.26,A2,train
raw_data/A2.26/A2.26.Sou-Mil_24.JPG,A2.26.Sou-Mil_24.JPG,A2.26,A2,train
raw_data/A2.26/A2.26.Sou-Mil_25.JPG,A2.26.Sou-Mil_25.JPG,A2.26,A2,train
raw_data/A2.26/A2.26.Sou-Mil_26.JPG,A2.26.Sou-Mil_26.JPG,A2.26,A2,train
raw_data/A2.26/A2.26.Sou-Mil_27.JPG,A2.26.Sou-Mil_27.JPG,A2.26,A2,train
raw_data/A2.26/A2.26.Sou-Mil_28.JPG,A2.26.Sou-Mil_28.JPG,A2.26,A2,train
raw_data/A2.26/A2.26.Sou-Mil_29.JPG,A2.26.Sou-Mil_29.JPG,A2.26,A2,train
raw_data/A2.26/A2.26.Sou-Mil_30.JPG,A2.26.Sou-Mil_30.JPG,A2.26,A2,train
raw_data/A2.26/A2.26.Sou-Mil_31.JPG,A2.26.Sou-Mil_31.JPG,A2.26,A2,train
raw_data/A2.26/A2.26.Sou-Mil_32.JPG,A2.26.Sou-Mil_32.JPG,A2.26,A2,train
raw_data/A2.26/A2.26.Sou-Mil_33.JPG,A2.26.Sou-Mil_33.JPG,A2.26,A2,train
raw_data/A2.26/A2.26.Sou-Mil_34.JPG,A2.26.Sou-Mil_34.JPG,A2.26,A2,train
raw_data/A2.27.Hanoi/DSC01957.JPG,DSC01957.JPG,A2.27.Hanoi,A2,train
raw_data/A2.27.Hanoi/DSC01958.JPG,DSC01958.JPG,A2.27.Hanoi,A2,train
raw_data/A2.27.Hanoi/DSC01959.JPG,DSC01959.JPG,A2.27.Hanoi,A2,train
raw_data/A2.27.Hanoi/DSC01960.JPG,DSC01960.JPG,A2.27.Hanoi,A2,train
raw_data/A2.27.Hanoi/DSC01961.JPG,DSC01961.JPG,A2.27.Hanoi,A2,train
raw_data/A2.27.Hanoi/DSC01962.JPG,DSC01962.JPG,A2.27.Hanoi,A2,train
raw_data/A2.27.Hanoi/DSC01963.JPG,DSC01963.JPG,A2.27.Hanoi,A2,train
raw_data/A2.27.Hanoi/DSC01964.JPG,DSC01964.JPG,A2.27.Hanoi,A2,train
raw_data/A2.27.Hanoi/DSC01965.JPG,DSC01965.JPG,A2.27.Hanoi,A2,train
raw_data/A2.27.Hanoi/DSC01966.JPG,DSC01966.JPG,A2.27.Hanoi,A2,train
raw_data/A2.27.Hanoi/DSC01967.JPG,DSC01967.JPG,A2.27.Hanoi,A2,train
raw_data/A2.27.Hanoi/DSC01968.JPG,DSC01968.JPG,A2.27.Hanoi,A2,train
raw_data/A2.27.Hanoi/DSC01969.JPG,DSC01969.JPG,A2.27.Hanoi,A2,train
raw_data/A2.27.Hanoi/DSC01970.JPG,DSC01970.JPG,A2.27.Hanoi,A2,train
raw_data/A2.27.Hanoi/DSC01971.JPG,DSC01971.JPG,A2.27.Hanoi,A2,train
raw_data/A2.27.Hanoi/DSC01972.JPG,DSC01972.JPG,A2.27.Hanoi,A2,train
raw_data/A2.27.Hanoi/DSC01974.JPG,DSC01974.JPG,A2.27.Hanoi,A2,train
raw_data/A2.27.Hanoi/DSC01975.JPG,DSC01975.JPG,A2.27.Hanoi,A2,train
raw_data/A2.27.Hanoi/DSC01976.JPG,DSC01976.JPG,A2.27.Hanoi,A2,train
raw_data/A2.27.Hanoi/DSC01977.JPG,DSC01977.JPG,A2.27.Hanoi,A2,train
raw_data/A2.27.Hanoi/DSC01978.JPG,DSC01978.JPG,A2.27.Hanoi,A2,train
raw_data/A2.27.Hanoi/DSC01979.JPG,DSC01979.JPG,A2.27.Hanoi,A2,train
raw_data/A2.27.Hanoi/DSC01980.JPG,DSC01980.JPG,A2.27.Hanoi,A2,train
raw_data/A2.27.Hanoi/DSC01981.JPG,DSC01981.JPG,A2.27.Hanoi,A2,train
raw_data/A2.27.Hanoi/DSC01982.JPG,DSC01982.JPG,A2.27.Hanoi,A2,train
raw_data/A2.27.Hanoi/DSC01983.JPG,DSC01983.JPG,A2.27.Hanoi,A2,train
raw_data/B1.02/B1.02.TDN-Sch_01.JPG,B1.02.TDN-Sch_01.JPG,B1.02,B1,train
raw_data/B1.02/B1.02.TDN-Sch_02.JPG,B1.02.TDN-Sch_02.JPG,B1.02,B1,train
raw_data/B1.02/B1.02.TDN-Sch_03.JPG,B1.02.TDN-Sch_03.JPG,B1.02,B1,train
raw_data/B1.02/B1.02.TDN-Sch_04.JPG,B1.02.TDN-Sch_04.JPG,B1.02,B1,train
raw_data/B1.02/B1.02.TDN-Sch_05.JPG,B1.02.TDN-Sch_05.JPG,B1.02,B1,train
raw_data/B1.02/B1.02.TDN-Sch_06.JPG,B1.02.TDN-Sch_06.JPG,B1.02,B1,train
raw_data/B1.02/B1.02.TDN-Sch_07.JPG,B1.02.TDN-Sch_07.JPG,B1.02,B1,train
raw_data/B1.02/B1.02.TDN-Sch_08.JPG,B1.02.TDN-Sch_08.JPG,B1.02,B1,train
raw_data/B1.02/B1.02.TDN-Sch_09.JPG,B1.02.TDN-Sch_09.JPG,B1.02,B1,train
raw_data/B1.02/B1.02.TDN-Sch_10.JPG,B1.02.TDN-Sch_10.JPG,B1.02,B1,train
raw_data/B1.02/B1.02.TDN-Sch_100.JPG,B1.02.TDN-Sch_100.JPG,B1.02,B1,train
raw_data/B1.02/B1.02.TDN-Sch_101.JPG,B1.02.TDN-Sch_101.JPG,B1.02,B1,train
raw_data/B1.02/B1.02.TDN-Sch_102.JPG,B1.02.TDN-Sch_102.JPG,B1.02,B1,train
raw_data/B1.02/B1.02.TDN-Sch_103.JPG,B1.02.TDN-Sch_103.JPG,B1.02,B1,train
raw_data/B1.02/B1.02.TDN-Sch_104.JPG,B1.02.TDN-Sch_104.JPG,B1.02,B1,train
raw_data/B1.02/B1.02.TDN-Sch_105.JPG,B1.02.TDN-Sch_105.JPG,B1.02,B1,train
raw_data/B1.02/B1.02.TDN-Sch_106.JPG,B1.02.TDN-Sch_106.JPG,B1.02,B1,train
raw_data/B1.02/B1.02.TDN-Sch_107.JPG,B1.02.TDN-Sch_107.JPG,B1.02,B1,train
raw_data/B1.02/B1.02.TDN-Sch_108.JPG,B1.02.TDN-Sch_108.JPG,B1.02,B1,train
raw_data/B1.02/B1.02.TDN-Sch_109.JPG,B1.02.TDN-Sch_109.JPG,B1.02,B1,train
raw_data/B1.02/B1.02.TDN-Sch_11.JPG,B1.02.TDN-Sch_11.JPG,B1.02,B1,train
raw_data/B1.02/B1.02.TDN-Sch_110.JPG,B1.02.TDN-Sch_110.JPG,B1.02,B1,train
raw_data/B1.02/B1.02.TDN-Sch_111.JPG,B1.02.TDN-Sch_111.JPG,B1.02,B1,train
raw_data/B1.02/B1.02.TDN-Sch_112.JPG,B1.02.TDN-Sch_112.JPG,B1.02,B1,train
raw_data/B1.02/B1.02.TDN-Sch_113.JPG,B1.02.TDN-Sch_113.JPG,B1.02,B1,train
raw_data/B1.02/B1.02.TDN-Sch_114.JPG,B1.02.TDN-Sch_114.JPG,B1.02,B1,train
raw_data/B1.02/B1.02.TDN-Sch_115.JPG,B1.02.TDN-Sch_115.JPG,B1.02,B1,train
raw_data/B1.02/B1.02.TDN-Sch_116.JPG,B1.02.TDN-Sch_116.JPG,B1.02,B1,train
raw_data/B1.02/B1.02.TDN-Sch_117.JPG,B1.02.TDN-Sch_117.JPG,B1.02,B1,train
raw_data/B1.02/B1.02.TDN-Sch_118.JPG,B1.02.TDN-Sch_118.JPG,B1.02,B1,train
raw_data/B1.02/B1.02.TDN-Sch_119.JPG,B1.02.TDN-Sch_119.JPG,B1.02,B1,train
raw_data/B1.02/B1.02.TDN-Sch_12.JPG,B1.02.TDN-Sch_12.JPG,B1.02,B1,train
raw_data/B1.02/B1.02.TDN-Sch_120.JPG,B1.02.TDN-Sch_120.JPG,B1.02,B1,train
raw_data/B1.02/B1.02.TDN-Sch_121.JPG,B1.02.TDN-Sch_121.JPG,B1.02,B1,train
raw_data/B1.02/B1.02.TDN-Sch_122.JPG,B1.02.TDN-Sch_122.JPG,B1.02,B1,train
raw_data/B1.02/B1.02.TDN-Sch_123.JPG,B1.02.TDN-Sch_123.JPG,B1.02,B1,train
raw_data/B1.02/B1.02.TDN-Sch_13.JPG,B1.02.TDN-Sch_13.JPG,B1.02,B1,train
raw_data/B1.02/B1.02.TDN-Sch_14.JPG,B1.02.TDN-Sch_14.JPG,B1.02,B1,train
raw_data/B1.02/B1.02.TDN-Sch_15.JPG,B1.02.TDN-Sch_15.JPG,B1.02,B1,train
raw_data/B1.02/B1.02.TDN-Sch_16.JPG,B1.02.TDN-Sch_16.JPG,B1.02,B1,train
raw_data/B1.02/B1.02.TDN-Sch_17.JPG,B1.02.TDN-Sch_17.JPG,B1.02,B1,train
raw_data/B1.02/B1.02.TDN-Sch_18.JPG,B1.02.TDN-Sch_18.JPG,B1.02,B1,train
raw_data/B1.02/B1.02.TDN-Sch_19.JPG,B1.02.TDN-Sch_19.JPG,B1.02,B1,train
raw_data/B1.02/B1.02.TDN-Sch_20.JPG,B1.02.TDN-Sch_20.JPG,B1.02,B1,train
raw_data/B1.02/B1.02.TDN-Sch_21.JPG,B1.02.TDN-Sch_21.JPG,B1.02,B1,train
raw_data/B1.02/B1.02.TDN-Sch_22.JPG,B1.02.TDN-Sch_22.JPG,B1.02,B1,train
raw_data/B1.02/B1.02.TDN-Sch_23.JPG,B1.02.TDN-Sch_23.JPG,B1.02,B1,train
raw_data/B1.02/B1.02.TDN-Sch_24.JPG,B1.02.TDN-Sch_24.JPG,B1.02,B1,train
raw_data/B1.02/B1.02.TDN-Sch_25.JPG,B1.02.TDN-Sch_25.JPG,B1.02,B1,train
raw_data/B1.02/B1.02.TDN-Sch_26.JPG,B1.02.TDN-Sch_26.JPG,B1.02,B1,train
raw_data/B1.02/B1.02.TDN-Sch_27.JPG,B1.02.TDN-Sch_27.JPG,B1.02,B1,train
raw_data/B1.02/B1.02.TDN-Sch_28.JPG,B1.02.TDN-Sch_28.JPG,B1.02,B1,train
raw_data/B1.02/B1.02.TDN-Sch_29.JPG,B1.02.TDN-Sch_29.JPG,B1.02,B1,train
raw_data/B1.02/B1.02.TDN-Sch_30.JPG,B1.02.TDN-Sch_30.JPG,B1.02,B1,train
raw_data/B1.02/B1.02.TDN-Sch_31.JPG,B1.02.TDN-Sch_31.JPG,B1.02,B1,train
raw_data/B1.02/B1.02.TDN-Sch_32.JPG,B1.02.TDN-Sch_32.JPG,B1.02,B1,train
raw_data/B1.02/B1.02.TDN-Sch_33.JPG,B1.02.TDN-Sch_33.JPG,B1.02,B1,train
raw_data/B1.02/B1.02.TDN-Sch_34.JPG,B1.02.TDN-Sch_34.JPG,B1.02,B1,train
raw_data/B1.02/B1.02.TDN-Sch_35.JPG,B1.02.TDN-Sch_35.JPG,B1.02,B1,train
raw_data/B1.02/B1.02.TDN-Sch_36.JPG,B1.02.TDN-Sch_36.JPG,B1.02,B1,train
raw_data/B1.02/B1.02.TDN-Sch_37.JPG,B1.02.TDN-Sch_37.JPG,B1.02,B1,train
raw_data/B1.02/B1.02.TDN-Sch_38.JPG,B1.02.TDN-Sch_38.JPG,B1.02,B1,train
raw_data/B1.02/B1.02.TDN-Sch_39.JPG,B1.02.TDN-Sch_39.JPG,B1.02,B1,train
raw_data/B1.02/B1.02.TDN-Sch_40.JPG,B1.02.TDN-Sch_40.JPG,B1.02,B1,train
raw_data/B1.02/B1.02.TDN-Sch_41.JPG,B1.02.TDN-Sch_41.JPG,B1.02,B1,train
raw_data/B1.02/B1.02.TDN-Sch_42.JPG,B1.02.TDN-Sch_42.JPG,B1.02,B1,train
raw_data/B1.02/B1.02.TDN-Sch_43.JPG,B1.02.TDN-Sch_43.JPG,B1.02,B1,train
raw_data/B1.02/B1.02.TDN-Sch_44.JPG,B1.02.TDN-Sch_44.JPG,B1.02,B1,train
raw_data/B1.02/B1.02.TDN-Sch_45.JPG,B1.02.TDN-Sch_45.JPG,B1.02,B1,train
raw_data/B1.02/B1.02.TDN-Sch_46.JPG,B1.02.TDN-Sch_46.JPG,B1.02,B1,train
raw_data/B1.02/B1.02.TDN-Sch_47.JPG,B1.02.TDN-Sch_47.JPG,B1.02,B1,train
raw_data/B1.02/B1.02.TDN-Sch_48.JPG,B1.02.TDN-Sch_48.JPG,B1.02,B1,train
raw_data/B1.02/B1.02.TDN-Sch_49.JPG,B1.02.TDN-Sch_49.JPG,B1.02,B1,train
raw_data/B1.02/B1.02.TDN-Sch_50.JPG,B1.02.TDN-Sch_50.JPG,B1.02,B1,train
raw_data/B1.02/B1.02.TDN-Sch_51.JPG,B1.02.TDN-Sch_51.JPG,B1.02,B1,train
raw_data/B1.02/B1.02.TDN-Sch_52.JPG,B1.02.TDN-Sch_52.JPG,B1.02,B1,train
raw_data/B1.02/B1.02.TDN-Sch_53.JPG,B1.02.TDN-Sch_53.JPG,B1.02,B1,train
raw_data/B1.02/B1.02.TDN-Sch_54.JPG,B1.02.TDN-Sch_54.JPG,B1.02,B1,train
raw_data/B1.02/B1.02.TDN-Sch_55.JPG,B1.02.TDN-Sch_55.JPG,B1.02,B1,train
raw_data/B1.02/B1.02.TDN-Sch_56.JPG,B1.02.TDN-Sch_56.JPG,B1.02,B1,train
raw_data/B1.02/B1.02.TDN-Sch_57.JPG,B1.02.TDN-Sch_57.JPG,B1.02,B1,train
raw_data/B1.02/B1.02.TDN-Sch_58.JPG,B1.02.TDN-Sch_58.JPG,B1.02,B1,train
raw_data/B1.02/B1.02.TDN-Sch_59.JPG,B1.02.TDN-Sch_59.JPG,B1.02,B1,train
raw_data/B1.02/B1.02.TDN-Sch_60.JPG,B1.02.TDN-Sch_60.JPG,B1.02,B1,train
raw_data/B1.02/B1.02.TDN-Sch_61.JPG,B1.02.TDN-Sch_61.JPG,B1.02,B1,train
raw_data/B1.02/B1.02.TDN-Sch_62.JPG,B1.02.TDN-Sch_62.JPG,B1.02,B1,train
raw_data/B1.02/B1.02.TDN-Sch_63.JPG,B1.02.TDN-Sch_63.JPG,B1.02,B1,train
raw_data/B1.02/B1.02.TDN-Sch_64.JPG,B1.02.TDN-Sch_64.JPG,B1.02,B1,train
raw_data/B1.02/B1.02.TDN-Sch_65.JPG,B1.02.TDN-Sch_65.JPG,B1.02,B1,train
raw_data/B1.02/B1.02.TDN-Sch_66.JPG,B1.02.TDN-Sch_66.JPG,B1.02,B1,train
raw_data/B1.02/B1.02.TDN-Sch_67.JPG,B1.02.TDN-Sch_67.JPG,B1.02,B1,train
raw_data/B1.02/B1.02.TDN-Sch_68.JPG,B1.02.TDN-Sch_68.JPG,B1.02,B1,train
raw_data/B1.02/B1.02.TDN-Sch_69.JPG,B1.02.TDN-Sch_69.JPG,B1.02,B1,train
raw_data/B1.02/B1.02.TDN-Sch_70.JPG,B1.02.TDN-Sch_70.JPG,B1.02,B1,train
raw_data/B1.02/B1.02.TDN-Sch_71.JPG,B1.02.TDN-Sch_71.JPG,B1.02,B1,train
raw_data/B1.02/B1.02.TDN-Sch_72.JPG,B1.02.TDN-Sch_72.JPG,B1.02,B1,train
raw_data/B1.02/B1.02.TDN-Sch_73.JPG,B1.02.TDN-Sch_73.JPG,B1.02,B1,train
raw_data/B1.02/B1.02.TDN-Sch_74.JPG,B1.02.TDN-Sch_74.JPG,B1.02,B1,train
raw_data/B1.02/B1.02.TDN-Sch_75.JPG,B1.02.TDN-Sch_75.JPG,B1.02,B1,train
raw_data/B1.02/B1.02.TDN-Sch_76.JPG,B1.02.TDN-Sch_76.JPG,B1.02,B1,train
raw_data/B1.02/B1.02.TDN-Sch_77.JPG,B1.02.TDN-Sch_77.JPG,B1.02,B1,train
raw_data/B1.02/B1.02.TDN-Sch_78.JPG,B1.02.TDN-Sch_78.JPG,B1.02,B1,train
raw_data/B1.02/B1.02.TDN-Sch_79.JPG,B1.02.TDN-Sch_79.JPG,B1.02,B1,train
raw_data/B1.02/B1.02.TDN-Sch_80.JPG,B1.02.TDN-Sch_80.JPG,B1.02,B1,train
raw_data/B1.02/B1.02.TDN-Sch_81.JPG,B1.02.TDN-Sch_81.JPG,B1.02,B1,train
raw_data/B1.02/B1.02.TDN-Sch_82.JPG,B1.02.TDN-Sch_82.JPG,B1.02,B1,train
raw_data/B1.02/B1.02.TDN-Sch_83.JPG,B1.02.TDN-Sch_83.JPG,B1.02,B1,train
raw_data/B1.02/B1.02.TDN-Sch_84.JPG,B1.02.TDN-Sch_84.JPG,B1.02,B1,train
raw_data/B1.02/B1.02.TDN-Sch_85.JPG,B1.02.TDN-Sch_85.JPG,B1.02,B1,train
raw_data/B1.02/B1.02.TDN-Sch_86.JPG,B1.02.TDN-Sch_86.JPG,B1.02,B1,train
raw_data/B1.02/B1.02.TDN-Sch_87.JPG,B1.02.TDN-Sch_87.JPG,B1.02,B1,train
raw_data/B1.02/B1.02.TDN-Sch_88.JPG,B1.02.TDN-Sch_88.JPG,B1.02,B1,train
raw_data/B1.02/B1.02.TDN-Sch_89.JPG,B1.02.TDN-Sch_89.JPG,B1.02,B1,train
raw_data/B1.02/B1.02.TDN-Sch_90.JPG,B1.02.TDN-Sch_90.JPG,B1.02,B1,train
raw_data/B1.02/B1.02.TDN-Sch_91.JPG,B1.02.TDN-Sch_91.JPG,B1.02,B1,train
raw_data/B1.02/B1.02.TDN-Sch_92.JPG,B1.02.TDN-Sch_92.JPG,B1.02,B1,train
raw_data/B1.02/B1.02.TDN-Sch_93.JPG,B1.02.TDN-Sch_93.JPG,B1.02,B1,train
raw_data/B1.02/B1.02.TDN-Sch_94.JPG,B1.02.TDN-Sch_94.JPG,B1.02,B1,train
raw_data/B1.02/B1.02.TDN-Sch_95.JPG,B1.02.TDN-Sch_95.JPG,B1.02,B1,train
raw_data/B1.02/B1.02.TDN-Sch_96.JPG,B1.02.TDN-Sch_96.JPG,B1.02,B1,train
raw_data/B1.02/B1.02.TDN-Sch_97.JPG,B1.02.TDN-Sch_97.JPG,B1.02,B1,train
raw_data/B1.02/B1.02.TDN-Sch_98.JPG,B1.02.TDN-Sch_98.JPG,B1.02,B1,train
raw_data/B1.02/B1.02.TDN-Sch_99.JPG,B1.02.TDN-Sch_99.JPG,B1.02,B1,train
raw_data/B1.03/B1.03.Gen-Lib_01.JPG,B1.03.Gen-Lib_01.JPG,B1.03,B1,val
raw_data/B1.03/B1.03.Gen-Lib_02.JPG,B1.03.Gen-Lib_02.JPG,B1.03,B1,val
raw_data/B1.03/B1.03.Gen-Lib_03.JPG,B1.03.Gen-Lib_03.JPG,B1.03,B1,val
raw_data/B1.03/B1.03.Gen-Lib_04.JPG,B1.03.Gen-Lib_04.JPG,B1.03,B1,val
raw_data/B1.03/B1.03.Gen-Lib_05.JPG,B1.03.Gen-Lib_05.JPG,B1.03,B1,val
raw_data/B1.03/B1.03.Gen-Lib_06.JPG,B1.03.Gen-Lib_06.JPG,B1.03,B1,val
raw_data/B1.03/B1.03.Gen-Lib_07.JPG,B1.03.Gen-Lib_07.JPG,B1.03,B1,val
raw_data/B1.03/B1.03.Gen-Lib_08.JPG,B1.03.Gen-Lib_08.JPG,B1.03,B1,val
raw_data/B1.03/B1.03.Gen-Lib_09.JPG,B1.03.Gen-Lib_09.JPG,B1.03,B1,val
raw_data/B1.03/B1.03.Gen-Lib_10.JPG,B1.03.Gen-Lib_10.JPG,B1.03,B1,val
raw_data/B1.03/B1.03.Gen-Lib_100.JPG,B1.03.Gen-Lib_100.JPG,B1.03,B1,val
raw_data/B1.03/B1.03.Gen-Lib_101.JPG,B1.03.Gen-Lib_101.JPG,B1.03,B1,val
raw_data/B1.03/B1.03.Gen-Lib_102.JPG,B1.03.Gen-Lib_102.JPG,B1.03,B1,val
raw_data/B1.03/B1.03.Gen-Lib_103.JPG,B1.03.Gen-Lib_103.JPG,B1.03,B1,val
raw_data/B1.03/B1.03.Gen-Lib_104.JPG,B1.03.Gen-Lib_104.JPG,B1.03,B1,val
raw_data/B1.03/B1.03.Gen-Lib_105.JPG,B1.03.Gen-Lib_105.JPG,B1.03,B1,val
raw_data/B1.03/B1.03.Gen-Lib_106.JPG,B1.03.Gen-Lib_106.JPG,B1.03,B1,val
raw_data/B1.03/B1.03.Gen-Lib_107.JPG,B1.03.Gen-Lib_107.JPG,B1.03,B1,val
raw_data/B1.03/B1.03.Gen-Lib_108.JPG,B1.03.Gen-Lib_108.JPG,B1.03,B1,val
raw_data/B1.03/B1.03.Gen-Lib_109.JPG,B1.03.Gen-Lib_109.JPG,B1.03,B1,val
raw_data/B1.03/B1.03.Gen-Lib_11.JPG,B1.03.Gen-Lib_11.JPG,B1.03,B1,val
raw_data/B1.03/B1.03.Gen-Lib_110.JPG,B1.03.Gen-Lib_110.JPG,B1.03,B1,val
raw_data/B1.03/B1.03.Gen-Lib_111.JPG,B1.03.Gen-Lib_111.JPG,B1.03,B1,val
raw_data/B1.03/B1.03.Gen-Lib_112.JPG,B1.03.Gen-Lib_112.JPG,B1.03,B1,val
raw_data/B1.03/B1.03.Gen-Lib_113.JPG,B1.03.Gen-Lib_113.JPG,B1.03,B1,val
raw_data/B1.03/B1.03.Gen-Lib_114.JPG,B1.03.Gen-Lib_114.JPG,B1.03,B1,val
raw_data/B1.03/B1.03.Gen-Lib_115.JPG,B1.03.Gen-Lib_115.JPG,B1.03,B1,val
raw_data/B1.03/B1.03.Gen-Lib_116.JPG,B1.03.Gen-Lib_116.JPG,B1.03,B1,val
raw_data/B1.03/B1.03.Gen-Lib_117.JPG,B1.03.Gen-Lib_117.JPG,B1.03,B1,val
raw_data/B1.03/B1.03.Gen-Lib_118.JPG,B1.03.Gen-Lib_118.JPG,B1.03,B1,val
raw_data/B1.03/B1.03.Gen-Lib_119.JPG,B1.03.Gen-Lib_119.JPG,B1.03,B1,val
raw_data/B1.03/B1.03.Gen-Lib_12.JPG,B1.03.Gen-Lib_12.JPG,B1.03,B1,val
raw_data/B1.03/B1.03.Gen-Lib_120.JPG,B1.03.Gen-Lib_120.JPG,B1.03,B1,val
raw_data/B1.03/B1.03.Gen-Lib_121.JPG,B1.03.Gen-Lib_121.JPG,B1.03,B1,val
raw_data/B1.03/B1.03.Gen-Lib_122.JPG,B1.03.Gen-Lib_122.JPG,B1.03,B1,val
raw_data/B1.03/B1.03.Gen-Lib_123.JPG,B1.03.Gen-Lib_123.JPG,B1.03,B1,val
raw_data/B1.03/B1.03.Gen-Lib_124.JPG,B1.03.Gen-Lib_124.JPG,B1.03,B1,val
raw_data/B1.03/B1.03.Gen-Lib_125.JPG,B1.03.Gen-Lib_125.JPG,B1.03,B1,val
raw_data/B1.03/B1.03.Gen-Lib_126.JPG,B1.03.Gen-Lib_126.JPG,B1.03,B1,val
raw_data/B1.03/B1.03.Gen-Lib_127.JPG,B1.03.Gen-Lib_127.JPG,B1.03,B1,val
raw_data/B1.03/B1.03.Gen-Lib_128.JPG,B1.03.Gen-Lib_128.JPG,B1.03,B1,val
raw_data/B1.03/B1.03.Gen-Lib_129.JPG,B1.03.Gen-Lib_129.JPG,B1.03,B1,val
raw_data/B1.03/B1.03.Gen-Lib_13.JPG,B1.03.Gen-Lib_13.JPG,B1.03,B1,val
raw_data/B1.03/B1.03.Gen-Lib_130.JPG,B1.03.Gen-Lib_130.JPG,B1.03,B1,val
raw_data/B1.03/B1.03.Gen-Lib_131.JPG,B1.03.Gen-Lib_131.JPG,B1.03,B1,val
raw_data/B1.03/B1.03.Gen-Lib_132.JPG,B1.03.Gen-Lib_132.JPG,B1.03,B1,val
raw_data/B1.03/B1.03.Gen-Lib_133.JPG,B1.03.Gen-Lib_133.JPG,B1.03,B1,val
raw_data/B1.03/B1.03.Gen-Lib_134.JPG,B1.03.Gen-Lib_134.JPG,B1.03,B1,val
raw_data/B1.03/B1.03.Gen-Lib_135.JPG,B1.03.Gen-Lib_135.JPG,B1.03,B1,val
raw_data/B1.03/B1.03.Gen-Lib_136.JPG,B1.03.Gen-Lib_136.JPG,B1.03,B1,val
raw_data/B1.03/B1.03.Gen-Lib_137.JPG,B1.03.Gen-Lib_137.JPG,B1.03,B1,val
raw_data/B1.03/B1.03.Gen-Lib_138.JPG,B1.03.Gen-Lib_138.JPG,B1.03,B1,val
raw_data/B1.03/B1.03.Gen-Lib_139.JPG,B1.03.Gen-Lib_139.JPG,B1.03,B1,val
raw_data/B1.03/B1.03.Gen-Lib_14.JPG,B1.03.Gen-Lib_14.JPG,B1.03,B1,val
raw_data/B1.03/B1.03.Gen-Lib_140.JPG,B1.03.Gen-Lib_140.JPG,B1.03,B1,val
raw_data/B1.03/B1.03.Gen-Lib_141.JPG,B1.03.Gen-Lib_141.JPG,B1.03,B1,val
raw_data/B1.03/B1.03.Gen-Lib_142.JPG,B1.03.Gen-Lib_142.JPG,B1.03,B1,val
raw_data/B1.03/B1.03.Gen-Lib_143.JPG,B1.03.Gen-Lib_143.JPG,B1.03,B1,val
raw_data/B1.03/B1.03.Gen-Lib_144.JPG,B1.03.Gen-Lib_144.JPG,B1.03,B1,val
raw_data/B1.03/B1.03.Gen-Lib_145.JPG,B1.03.Gen-Lib_145.JPG,B1.03,B1,val
raw_data/B1.03/B1.03.Gen-Lib_146.JPG,B1.03.Gen-Lib_146.JPG,B1.03,B1,val
raw_data/B1.03/B1.03.Gen-Lib_147.JPG,B1.03.Gen-Lib_147.JPG,B1.03,B1,val
raw_data/B1.03/B1.03.Gen-Lib_148.JPG,B1.03.Gen-Lib_148.JPG,B1.03,B1,val
raw_data/B1.03/B1.03.Gen-Lib_149.JPG,B1.03.Gen-Lib_149.JPG,B1.03,B1,val
raw_data/B1.03/B1.03.Gen-Lib_15.JPG,B1.03.Gen-Lib_15.JPG,B1.03,B1,val
raw_data/B1.03/B1.03.Gen-Lib_150.JPG,B1.03.Gen-Lib_150.JPG,B1.03,B1,val
raw_data/B1.03/B1.03.Gen-Lib_151.JPG,B1.03.Gen-Lib_151.JPG,B1.03,B1,val
raw_data/B1.03/B1.03.Gen-Lib_152.JPG,B1.03.Gen-Lib_152.JPG,B1.03,B1,val
raw_data/B1.03/B1.03.Gen-Lib_153.JPG,B1.03.Gen-Lib_153.JPG,B1.03,B1,val
raw_data/B1.03/B1.03.Gen-Lib_154.JPG,B1.03.Gen-Lib_154.JPG,B1.03,B1,val
raw_data/B1.03/B1.03.Gen-Lib_155.JPG,B1.03.Gen-Lib_155.JPG,B1.03,B1,val
raw_data/B1.03/B1.03.Gen-Lib_156.JPG,B1.03.Gen-Lib_156.JPG,B1.03,B1,val
raw_data/B1.03/B1.03.Gen-Lib_157.JPG,B1.03.Gen-Lib_157.JPG,B1.03,B1,val
raw_data/B1.03/B1.03.Gen-Lib_158.JPG,B1.03.Gen-Lib_158.JPG,B1.03,B1,val
raw_data/B1.03/B1.03.Gen-Lib_159.JPG,B1.03.Gen-Lib_159.JPG,B1.03,B1,val
raw_data/B1.03/B1.03.Gen-Lib_16.JPG,B1.03.Gen-Lib_16.JPG,B1.03,B1,val
raw_data/B1.03/B1.03.Gen-Lib_160.JPG,B1.03.Gen-Lib_160.JPG,B1.03,B1,val
raw_data/B1.03/B1.03.Gen-Lib_161.JPG,B1.03.Gen-Lib_161.JPG,B1.03,B1,val
raw_data/B1.03/B1.03.Gen-Lib_162.JPG,B1.03.Gen-Lib_162.JPG,B1.03,B1,val
raw_data/B1.03/B1.03.Gen-Lib_163.JPG,B1.03.Gen-Lib_163.JPG,B1.03,B1,val
raw_data/B1.03/B1.03.Gen-Lib_164.JPG,B1.03.Gen-Lib_164.JPG,B1.03,B1,val
raw_data/B1.03/B1.03.Gen-Lib_165.JPG,B1.03.Gen-Lib_165.JPG,B1.03,B1,val
raw_data/B1.03/B1.03.Gen-Lib_166.JPG,B1.03.Gen-Lib_166.JPG,B1.03,B1,val
raw_data/B1.03/B1.03.Gen-Lib_167.JPG,B1.03.Gen-Lib_167.JPG,B1.03,B1,val
raw_data/B1.03/B1.03.Gen-Lib_168.JPG,B1.03.Gen-Lib_168.JPG,B1.03,B1,val
raw_data/B1.03/B1.03.Gen-Lib_169.JPG,B1.03.Gen-Lib_169.JPG,B1.03,B1,val
raw_data/B1.03/B1.03.Gen-Lib_17.JPG,B1.03.Gen-Lib_17.JPG,B1.03,B1,val
raw_data/B1.03/B1.03.Gen-Lib_170.JPG,B1.03.Gen-Lib_170.JPG,B1.03,B1,val
raw_data/B1.03/B1.03.Gen-Lib_171.JPG,B1.03.Gen-Lib_171.JPG,B1.03,B1,val
raw_data/B1.03/B1.03.Gen-Lib_172.JPG,B1.03.Gen-Lib_172.JPG,B1.03,B1,val
raw_data/B1.03/B1.03.Gen-Lib_173.JPG,B1.03.Gen-Lib_173.JPG,B1.03,B1,val
raw_data/B1.03/B1.03.Gen-Lib_174.JPG,B1.03.Gen-Lib_174.JPG,B1.03,B1,val
raw_data/B1.03/B1.03.Gen-Lib_175.JPG,B1.03.Gen-Lib_175.JPG,B1.03,B1,val
raw_data/B1.03/B1.03.Gen-Lib_176.JPG,B1.03.Gen-Lib_176.JPG,B1.03,B1,val
raw_data/B1.03/B1.03.Gen-Lib_177.JPG,B1.03.Gen-Lib_177.JPG,B1.03,B1,val
raw_data/B1.03/B1.03.Gen-Lib_178.JPG,B1.03.Gen-Lib_178.JPG,B1.03,B1,val
raw_data/B1.03/B1.03.Gen-Lib_179.JPG,B1.03.Gen-Lib_179.JPG,B1.03,B1,val
raw_data/B1.03/B1.03.Gen-Lib_18.JPG,B1.03.Gen-Lib_18.JPG,B1.03,B1,val
raw_data/B1.03/B1.03.Gen-Lib_180.JPG,B1.03.Gen-Lib_180.JPG,B1.03,B1,val
raw_data/B1.03/B1.03.Gen-Lib_181.JPG,B1.03.Gen-Lib_181.JPG,B1.03,B1,val
raw_data/B1.03/B1.03.Gen-Lib_182.JPG,B1.03.Gen-Lib_182.JPG,B1.03,B1,val
raw_data/B1.03/B1.03.Gen-Lib_183.JPG,B1.03.Gen-Lib_183.JPG,B1.03,B1,val
raw_data/B1.03/B1.03.Gen-Lib_184.JPG,B1.03.Gen-Lib_184.JPG,B1.03,B1,val
raw_data/B1.03/B1.03.Gen-Lib_185.JPG,B1.03.Gen-Lib_185.JPG,B1.03,B1,val
raw_data/B1.03/B1.03.Gen-Lib_186.JPG,B1.03.Gen-Lib_186.JPG,B1.03,B1,val
raw_data/B1.03/B1.03.Gen-Lib_187.JPG,B1.03.Gen-Lib_187.JPG,B1.03,B1,val
raw_data/B1.03/B1.03.Gen-Lib_188.JPG,B1.03.Gen-Lib_188.JPG,B1.03,B1,val
raw_data/B1.03/B1.03.Gen-Lib_189.JPG,B1.03.Gen-Lib_189.JPG,B1.03,B1,val
raw_data/B1.03/B1.03.Gen-Lib_19.JPG,B1.03.Gen-Lib_19.JPG,B1.03,B1,val
raw_data/B1.03/B1.03.Gen-Lib_190.JPG,B1.03.Gen-Lib_190.JPG,B1.03,B1,val
raw_data/B1.03/B1.03.Gen-Lib_191.JPG,B1.03.Gen-Lib_191.JPG,B1.03,B1,val
raw_data/B1.03/B1.03.Gen-Lib_192.JPG,B1.03.Gen-Lib_192.JPG,B1.03,B1,val
raw_data/B1.03/B1.03.Gen-Lib_193.JPG,B1.03.Gen-Lib_193.JPG,B1.03,B1,val
raw_data/B1.03/B1.03.Gen-Lib_20.JPG,B1.03.Gen-Lib_20.JPG,B1.03,B1,val
raw_data/B1.03/B1.03.Gen-Lib_21.JPG,B1.03.Gen-Lib_21.JPG,B1.03,B1,val
raw_data/B1.03/B1.03.Gen-Lib_22.JPG,B1.03.Gen-Lib_22.JPG,B1.03,B1,val
raw_data/B1.03/B1.03.Gen-Lib_23.JPG,B1.03.Gen-Lib_23.JPG,B1.03,B1,val
raw_data/B1.03/B1.03.Gen-Lib_24.JPG,B1.03.Gen-Lib_24.JPG,B1.03,B1,val
raw_data/B1.03/B1.03.Gen-Lib_25.JPG,B1.03.Gen-Lib_25.JPG,B1.03,B1,val
raw_data/B1.03/B1.03.Gen-Lib_26.JPG,B1.03.Gen-Lib_26.JPG,B1.03,B1,val
raw_data/B1.03/B1.03.Gen-Lib_27.JPG,B1.03.Gen-Lib_27.JPG,B1.03,B1,val
raw_data/B1.03/B1.03.Gen-Lib_28.JPG,B1.03.Gen-Lib_28.JPG,B1.03,B1,val
raw_data/B1.03/B1.03.Gen-Lib_29.JPG,B1.03.Gen-Lib_29.JPG,B1.03,B1,val
raw_data/B1.03/B1.03.Gen-Lib_30.JPG,B1.03.Gen-Lib_30.JPG,B1.03,B1,val
raw_data/B1.03/B1.03.Gen-Lib_31.JPG,B1.03.Gen-Lib_31.JPG,B1.03,B1,val
raw_data/B1.03/B1.03.Gen-Lib_32.JPG,B1.03.Gen-Lib_32.JPG,B1.03,B1,val
raw_data/B1.03/B1.03.Gen-Lib_33.JPG,B1.03.Gen-Lib_33.JPG,B1.03,B1,val
raw_data/B1.03/B1.03.Gen-Lib_34.JPG,B1.03.Gen-Lib_34.JPG,B1.03,B1,val
raw_data/B1.03/B1.03.Gen-Lib_35.JPG,B1.03.Gen-Lib_35.JPG,B1.03,B1,val
raw_data/B1.03/B1.03.Gen-Lib_36.JPG,B1.03.Gen-Lib_36.JPG,B1.03,B1,val
raw_data/B1.03/B1.03.Gen-Lib_37.JPG,B1.03.Gen-Lib_37.JPG,B1.03,B1,val
raw_data/B1.03/B1.03.Gen-Lib_38.JPG,B1.03.Gen-Lib_38.JPG,B1.03,B1,val
raw_data/B1.03/B1.03.Gen-Lib_39.JPG,B1.03.Gen-Lib_39.JPG,B1.03,B1,val
raw_data/B1.03/B1.03.Gen-Lib_40.JPG,B1.03.Gen-Lib_40.JPG,B1.03,B1,val
raw_data/B1.03/B1.03.Gen-Lib_41.JPG,B1.03.Gen-Lib_41.JPG,B1.03,B1,val
raw_data/B1.03/B1.03.Gen-Lib_42.JPG,B1.03.Gen-Lib_42.JPG,B1.03,B1,val
raw_data/B1.03/B1.03.Gen-Lib_43.JPG,B1.03.Gen-Lib_43.JPG,B1.03,B1,val
raw_data/B1.03/B1.03.Gen-Lib_44.JPG,B1.03.Gen-Lib_44.JPG,B1.03,B1,val
raw_data/B1.03/B1.03.Gen-Lib_45.JPG,B1.03.Gen-Lib_45.JPG,B1.03,B1,val
raw_data/B1.03/B1.03.Gen-Lib_46.JPG,B1.03.Gen-Lib_46.JPG,B1.03,B1,val
raw_data/B1.03/B1.03.Gen-Lib_47.JPG,B1.03.Gen-Lib_47.JPG,B1.03,B1,val
raw_data/B1.03/B1.03.Gen-Lib_48.JPG,B1.03.Gen-Lib_48.JPG,B1.03,B1,val
raw_data/B1.03/B1.03.Gen-Lib_49.JPG,B1.03.Gen-Lib_49.JPG,B1.03,B1,val
raw_data/B1.03/B1.03.Gen-Lib_50.JPG,B1.03.Gen-Lib_50.JPG,B1.03,B1,val
raw_data/B1.03/B1.03.Gen-Lib_51.JPG,B1.03.Gen-Lib_51.JPG,B1.03,B1,val
raw_data/B1.03/B1.03.Gen-Lib_52.JPG,B1.03.Gen-Lib_52.JPG,B1.03,B1,val
raw_data/B1.03/B1.03.Gen-Lib_53.JPG,B1.03.Gen-Lib_53.JPG,B1.03,B1,val
raw_data/B1.03/B1.03.Gen-Lib_54.JPG,B1.03.Gen-Lib_54.JPG,B1.03,B1,val
raw_data/B1.03/B1.03.Gen-Lib_55.JPG,B1.03.Gen-Lib_55.JPG,B1.03,B1,val
raw_data/B1.03/B1.03.Gen-Lib_56.JPG,B1.03.Gen-Lib_56.JPG,B1.03,B1,val
raw_data/B1.03/B1.03.Gen-Lib_57.JPG,B1.03.Gen-Lib_57.JPG,B1.03,B1,val
raw_data/B1.03/B1.03.Gen-Lib_58.JPG,B1.03.Gen-Lib_58.JPG,B1.03,B1,val
raw_data/B1.03/B1.03.Gen-Lib_59.JPG,B1.03.Gen-Lib_59.JPG,B1.03,B1,val
raw_data/B1.03/B1.03.Gen-Lib_60.JPG,B1.03.Gen-Lib_60.JPG,B1.03,B1,val
raw_data/B1.03/B1.03.Gen-Lib_61.JPG,B1.03.Gen-Lib_61.JPG,B1.03,B1,val
raw_data/B1.03/B1.03.Gen-Lib_62.JPG,B1.03.Gen-Lib_62.JPG,B1.03,B1,val
raw_data/B1.03/B1.03.Gen-Lib_63.JPG,B1.03.Gen-Lib_63.JPG,B1.03,B1,val
raw_data/B1.03/B1.03.Gen-Lib_64.JPG,B1.03.Gen-Lib_64.JPG,B1.03,B1,val
raw_data/B1.03/B1.03.Gen-Lib_65.JPG,B1.03.Gen-Lib_65.JPG,B1.03,B1,val
raw_data/B1.03/B1.03.Gen-Lib_66.JPG,B1.03.Gen-Lib_66.JPG,B1.03,B1,val
raw_data/B1.03/B1.03.Gen-Lib_67.JPG,B1.03.Gen-Lib_67.JPG,B1.03,B1,val
raw_data/B1.03/B1.03.Gen-Lib_68.JPG,B1.03.Gen-Lib_68.JPG,B1.03,B1,val
raw_data/B1.03/B1.03.Gen-Lib_69.JPG,B1.03.Gen-Lib_69.JPG,B1.03,B1,val
raw_data/B1.03/B1.03.Gen-Lib_70.JPG,B1.03.Gen-Lib_70.JPG,B1.03,B1,val
raw_data/B1.03/B1.03.Gen-Lib_71.JPG,B1.03.Gen-Lib_71.JPG,B1.03,B1,val
raw_data/B1.03/B1.03.Gen-Lib_72.JPG,B1.03.Gen-Lib_72.JPG,B1.03,B1,val
raw_data/B1.03/B1.03.Gen-Lib_73.JPG,B1.03.Gen-Lib_73.JPG,B1.03,B1,val
raw_data/B1.03/B1.03.Gen-Lib_74.JPG,B1.03.Gen-Lib_74.JPG,B1.03,B1,val
raw_data/B1.03/B1.03.Gen-Lib_75.JPG,B1.03.Gen-Lib_75.JPG,B1.03,B1,val
raw_data/B1.03/B1.03.Gen-Lib_76.JPG,B1.03.Gen-Lib_76.JPG,B1.03,B1,val
raw_data/B1.03/B1.03.Gen-Lib_77.JPG,B1.03.Gen-Lib_77.JPG,B1.03,B1,val
raw_data/B1.03/B1.03.Gen-Lib_78.JPG,B1.03.Gen-Lib_78.JPG,B1.03,B1,val
raw_data/B1.03/B1.03.Gen-Lib_79.JPG,B1.03.Gen-Lib_79.JPG,B1.03,B1,val
raw_data/B1.03/B1.03.Gen-Lib_80.JPG,B1.03.Gen-Lib_80.JPG,B1.03,B1,val
raw_data/B1.03/B1.03.Gen-Lib_81.JPG,B1.03.Gen-Lib_81.JPG,B1.03,B1,val
raw_data/B1.03/B1.03.Gen-Lib_82.JPG,B1.03.Gen-Lib_82.JPG,B1.03,B1,val
raw_data/B1.03/B1.03.Gen-Lib_83.JPG,B1.03.Gen-Lib_83.JPG,B1.03,B1,val
raw_data/B1.03/B1.03.Gen-Lib_84.JPG,B1.03.Gen-Lib_84.JPG,B1.03,B1,val
raw_data/B1.03/B1.03.Gen-Lib_85.JPG,B1.03.Gen-Lib_85.JPG,B1.03,B1,val
raw_data/B1.03/B1.03.Gen-Lib_86.JPG,B1.03.Gen-Lib_86.JPG,B1.03,B1,val
raw_data/B1.03/B1.03.Gen-Lib_87.JPG,B1.03.Gen-Lib_87.JPG,B1.03,B1,val
raw_data/B1.03/B1.03.Gen-Lib_88.JPG,B1.03.Gen-Lib_88.JPG,B1.03,B1,val
raw_data/B1.03/B1.03.Gen-Lib_89.JPG,B1.03.Gen-Lib_89.JPG,B1.03,B1,val
raw_data/B1.03/B1.03.Gen-Lib_90.JPG,B1.03.Gen-Lib_90.JPG,B1.03,B1,val
raw_data/B1.03/B1.03.Gen-Lib_91.JPG,B1.03.Gen-Lib_91.JPG,B1.03,B1,val
raw_data/B1.03/B1.03.Gen-Lib_92.JPG,B1.03.Gen-Lib_92.JPG,B1.03,B1,val
raw_data/B1.03/B1.03.Gen-Lib_93.JPG,B1.03.Gen-Lib_93.JPG,B1.03,B1,val
raw_data/B1.03/B1.03.Gen-Lib_94.JPG,B1.03.Gen-Lib_94.JPG,B1.03,B1,val
raw_data/B1.03/B1.03.Gen-Lib_95.JPG,B1.03.Gen-Lib_95.JPG,B1.03,B1,val
raw_data/B1.03/B1.03.Gen-Lib_96.JPG,B1.03.Gen-Lib_96.JPG,B1.03,B1,val
raw_data/B1.03/B1.03.Gen-Lib_97.JPG,B1.03.Gen-Lib_97.JPG,B1.03,B1,val
raw_data/B1.03/B1.03.Gen-Lib_98.JPG,B1.03.Gen-Lib_98.JPG,B1.03,B1,val
raw_data/B1.03/B1.03.Gen-Lib_99.JPG,B1.03.Gen-Lib_99.JPG,B1.03,B1,val
raw_data/B1.04/B1.04.UAH-Uni_01.JPG,B1.04.UAH-Uni_01.JPG,B1.04,B1,train
raw_data/B1.04/B1.04.UAH-Uni_02.JPG,B1.04.UAH-Uni_02.JPG,B1.04,B1,train
raw_data/B1.04/B1.04.UAH-Uni_03.JPG,B1.04.UAH-Uni_03.JPG,B1.04,B1,train
raw_data/B1.04/B1.04.UAH-Uni_04.JPG,B1.04.UAH-Uni_04.JPG,B1.04,B1,train
raw_data/B1.04/B1.04.UAH-Uni_05.JPG,B1.04.UAH-Uni_05.JPG,B1.04,B1,train
raw_data/B1.04/B1.04.UAH-Uni_06.JPG,B1.04.UAH-Uni_06.JPG,B1.04,B1,train
raw_data/B1.04/B1.04.UAH-Uni_07.JPG,B1.04.UAH-Uni_07.JPG,B1.04,B1,train
raw_data/B1.04/B1.04.UAH-Uni_08.JPG,B1.04.UAH-Uni_08.JPG,B1.04,B1,train
raw_data/B1.04/B1.04.UAH-Uni_09.JPG,B1.04.UAH-Uni_09.JPG,B1.04,B1,train
raw_data/B1.04/B1.04.UAH-Uni_10.JPG,B1.04.UAH-Uni_10.JPG,B1.04,B1,train
raw_data/B1.04/B1.04.UAH-Uni_100.JPG,B1.04.UAH-Uni_100.JPG,B1.04,B1,train
raw_data/B1.04/B1.04.UAH-Uni_101.JPG,B1.04.UAH-Uni_101.JPG,B1.04,B1,train
raw_data/B1.04/B1.04.UAH-Uni_102.JPG,B1.04.UAH-Uni_102.JPG,B1.04,B1,train
raw_data/B1.04/B1.04.UAH-Uni_103.JPG,B1.04.UAH-Uni_103.JPG,B1.04,B1,train
raw_data/B1.04/B1.04.UAH-Uni_104.JPG,B1.04.UAH-Uni_104.JPG,B1.04,B1,train
raw_data/B1.04/B1.04.UAH-Uni_105.JPG,B1.04.UAH-Uni_105.JPG,B1.04,B1,train
raw_data/B1.04/B1.04.UAH-Uni_106.JPG,B1.04.UAH-Uni_106.JPG,B1.04,B1,train
raw_data/B1.04/B1.04.UAH-Uni_107.JPG,B1.04.UAH-Uni_107.JPG,B1.04,B1,train
raw_data/B1.04/B1.04.UAH-Uni_108.JPG,B1.04.UAH-Uni_108.JPG,B1.04,B1,train
raw_data/B1.04/B1.04.UAH-Uni_109.JPG,B1.04.UAH-Uni_109.JPG,B1.04,B1,train
raw_data/B1.04/B1.04.UAH-Uni_11.JPG,B1.04.UAH-Uni_11.JPG,B1.04,B1,train
raw_data/B1.04/B1.04.UAH-Uni_110.JPG,B1.04.UAH-Uni_110.JPG,B1.04,B1,train
raw_data/B1.04/B1.04.UAH-Uni_111.JPG,B1.04.UAH-Uni_111.JPG,B1.04,B1,train
raw_data/B1.04/B1.04.UAH-Uni_112.JPG,B1.04.UAH-Uni_112.JPG,B1.04,B1,train
raw_data/B1.04/B1.04.UAH-Uni_113.JPG,B1.04.UAH-Uni_113.JPG,B1.04,B1,train
raw_data/B1.04/B1.04.UAH-Uni_114.JPG,B1.04.UAH-Uni_114.JPG,B1.04,B1,train
raw_data/B1.04/B1.04.UAH-Uni_115.JPG,B1.04.UAH-Uni_115.JPG,B1.04,B1,train
raw_data/B1.04/B1.04.UAH-Uni_116.JPG,B1.04.UAH-Uni_116.JPG,B1.04,B1,train
raw_data/B1.04/B1.04.UAH-Uni_117.JPG,B1.04.UAH-Uni_117.JPG,B1.04,B1,train
raw_data/B1.04/B1.04.UAH-Uni_118.JPG,B1.04.UAH-Uni_118.JPG,B1.04,B1,train
raw_data/B1.04/B1.04.UAH-Uni_119.JPG,B1.04.UAH-Uni_119.JPG,B1.04,B1,train
raw_data/B1.04/B1.04.UAH-Uni_12.JPG,B1.04.UAH-Uni_12.JPG,B1.04,B1,train
raw_data/B1.04/B1.04.UAH-Uni_120.JPG,B1.04.UAH-Uni_120.JPG,B1.04,B1,train
raw_data/B1.04/B1.04.UAH-Uni_121.JPG,B1.04.UAH-Uni_121.JPG,B1.04,B1,train
raw_data/B1.04/B1.04.UAH-Uni_122.JPG,B1.04.UAH-Uni_122.JPG,B1.04,B1,train
raw_data/B1.04/B1.04.UAH-Uni_123.JPG,B1.04.UAH-Uni_123.JPG,B1.04,B1,train
raw_data/B1.04/B1.04.UAH-Uni_124.JPG,B1.04.UAH-Uni_124.JPG,B1.04,B1,train
raw_data/B1.04/B1.04.UAH-Uni_125.JPG,B1.04.UAH-Uni_125.JPG,B1.04,B1,train
raw_data/B1.04/B1.04.UAH-Uni_126.JPG,B1.04.UAH-Uni_126.JPG,B1.04,B1,train
raw_data/B1.04/B1.04.UAH-Uni_127.JPG,B1.04.UAH-Uni_127.JPG,B1.04,B1,train
raw_data/B1.04/B1.04.UAH-Uni_128.JPG,B1.04.UAH-Uni_128.JPG,B1.04,B1,train
raw_data/B1.04/B1.04.UAH-Uni_129.JPG,B1.04.UAH-Uni_129.JPG,B1.04,B1,train
raw_data/B1.04/B1.04.UAH-Uni_13.JPG,B1.04.UAH-Uni_13.JPG,B1.04,B1,train
raw_data/B1.04/B1.04.UAH-Uni_130.JPG,B1.04.UAH-Uni_130.JPG,B1.04,B1,train
raw_data/B1.04/B1.04.UAH-Uni_131.JPG,B1.04.UAH-Uni_131.JPG,B1.04,B1,train
raw_data/B1.04/B1.04.UAH-Uni_132.JPG,B1.04.UAH-Uni_132.JPG,B1.04,B1,train
raw_data/B1.04/B1.04.UAH-Uni_133.JPG,B1.04.UAH-Uni_133.JPG,B1.04,B1,train
raw_data/B1.04/B1.04.UAH-Uni_134.JPG,B1.04.UAH-Uni_134.JPG,B1.04,B1,train
raw_data/B1.04/B1.04.UAH-Uni_135.JPG,B1.04.UAH-Uni_135.JPG,B1.04,B1,train
raw_data/B1.04/B1.04.UAH-Uni_136.JPG,B1.04.UAH-Uni_136.JPG,B1.04,B1,train
raw_data/B1.04/B1.04.UAH-Uni_137.JPG,B1.04.UAH-Uni_137.JPG,B1.04,B1,train
raw_data/B1.04/B1.04.UAH-Uni_138.JPG,B1.04.UAH-Uni_138.JPG,B1.04,B1,train
raw_data/B1.04/B1.04.UAH-Uni_139.JPG,B1.04.UAH-Uni_139.JPG,B1.04,B1,train
raw_data/B1.04/B1.04.UAH-Uni_14.JPG,B1.04.UAH-Uni_14.JPG,B1.04,B1,train
raw_data/B1.04/B1.04.UAH-Uni_140.JPG,B1.04.UAH-Uni_140.JPG,B1.04,B1,train
raw_data/B1.04/B1.04.UAH-Uni_141.JPG,B1.04.UAH-Uni_141.JPG,B1.04,B1,train
raw_data/B1.04/B1.04.UAH-Uni_142.JPG,B1.04.UAH-Uni_142.JPG,B1.04,B1,train
raw_data/B1.04/B1.04.UAH-Uni_143.JPG,B1.04.UAH-Uni_143.JPG,B1.04,B1,train
raw_data/B1.04/B1.04.UAH-Uni_144.JPG,B1.04.UAH-Uni_144.JPG,B1.04,B1,train
raw_data/B1.04/B1.04.UAH-Uni_145.JPG,B1.04.UAH-Uni_145.JPG,B1.04,B1,train
raw_data/B1.04/B1.04.UAH-Uni_146.JPG,B1.04.UAH-Uni_146.JPG,B1.04,B1,train
raw_data/B1.04/B1.04.UAH-Uni_147.JPG,B1.04.UAH-Uni_147.JPG,B1.04,B1,train
raw_data/B1.04/B1.04.UAH-Uni_148.JPG,B1.04.UAH-Uni_148.JPG,B1.04,B1,train
raw_data/B1.04/B1.04.UAH-Uni_149.JPG,B1.04.UAH-Uni_149.JPG,B1.04,B1,train
raw_data/B1.04/B1.04.UAH-Uni_15.JPG,B1.04.UAH-Uni_15.JPG,B1.04,B1,train
raw_data/B1.04/B1.04.UAH-Uni_150.JPG,B1.04.UAH-Uni_150.JPG,B1.04,B1,train
raw_data/B1.04/B1.04.UAH-Uni_151.JPG,B1.04.UAH-Uni_151.JPG,B1.04,B1,train
raw_data/B1.04/B1.04.UAH-Uni_152.JPG,B1.04.UAH-Uni_152.JPG,B1.04,B1,train
raw_data/B1.04/B1.04.UAH-Uni_153.JPG,B1.04.UAH-Uni_153.JPG,B1.04,B1,train
raw_data/B1.04/B1.04.UAH-Uni_154.JPG,B1.04.UAH-Uni_154.JPG,B1.04,B1,train
raw_data/B1.04/B1.04.UAH-Uni_155.JPG,B1.04.UAH-Uni_155.JPG,B1.04,B1,train
raw_data/B1.04/B1.04.UAH-Uni_156.JPG,B1.04.UAH-Uni_156.JPG,B1.04,B1,train
raw_data/B1.04/B1.04.UAH-Uni_157.JPG,B1.04.UAH-Uni_157.JPG,B1.04,B1,train
raw_data/B1.04/B1.04.UAH-Uni_158.JPG,B1.04.UAH-Uni_158.JPG,B1.04,B1,train
raw_data/B1.04/B1.04.UAH-Uni_159.JPG,B1.04.UAH-Uni_159.JPG,B1.04,B1,train
raw_data/B1.04/B1.04.UAH-Uni_16.JPG,B1.04.UAH-Uni_16.JPG,B1.04,B1,train
raw_data/B1.04/B1.04.UAH-Uni_160.JPG,B1.04.UAH-Uni_160.JPG,B1.04,B1,train
raw_data/B1.04/B1.04.UAH-Uni_161.JPG,B1.04.UAH-Uni_161.JPG,B1.04,B1,train
raw_data/B1.04/B1.04.UAH-Uni_162.JPG,B1.04.UAH-Uni_162.JPG,B1.04,B1,train
raw_data/B1.04/B1.04.UAH-Uni_163.JPG,B1.04.UAH-Uni_163.JPG,B1.04,B1,train
raw_data/B1.04/B1.04.UAH-Uni_164.JPG,B1.04.UAH-Uni_164.JPG,B1.04,B1,train
raw_data/B1.04/B1.04.UAH-Uni_165.JPG,B1.04.UAH-Uni_165.JPG,B1.04,B1,train
raw_data/B1.04/B1.04.UAH-Uni_166.JPG,B1.04.UAH-Uni_166.JPG,B1.04,B1,train
raw_data/B1.04/B1.04.UAH-Uni_167.JPG,B1.04.UAH-Uni_167.JPG,B1.04,B1,train
raw_data/B1.04/B1.04.UAH-Uni_168.JPG,B1.04.UAH-Uni_168.JPG,B1.04,B1,train
raw_data/B1.04/B1.04.UAH-Uni_169.JPG,B1.04.UAH-Uni_169.JPG,B1.04,B1,train
raw_data/B1.04/B1.04.UAH-Uni_17.JPG,B1.04.UAH-Uni_17.JPG,B1.04,B1,train
raw_data/B1.04/B1.04.UAH-Uni_170.JPG,B1.04.UAH-Uni_170.JPG,B1.04,B1,train
raw_data/B1.04/B1.04.UAH-Uni_171.JPG,B1.04.UAH-Uni_171.JPG,B1.04,B1,train
raw_data/B1.04/B1.04.UAH-Uni_172.JPG,B1.04.UAH-Uni_172.JPG,B1.04,B1,train
raw_data/B1.04/B1.04.UAH-Uni_173.JPG,B1.04.UAH-Uni_173.JPG,B1.04,B1,train
raw_data/B1.04/B1.04.UAH-Uni_174.JPG,B1.04.UAH-Uni_174.JPG,B1.04,B1,train
raw_data/B1.04/B1.04.UAH-Uni_175.JPG,B1.04.UAH-Uni_175.JPG,B1.04,B1,train
raw_data/B1.04/B1.04.UAH-Uni_176.JPG,B1.04.UAH-Uni_176.JPG,B1.04,B1,train
raw_data/B1.04/B1.04.UAH-Uni_177.JPG,B1.04.UAH-Uni_177.JPG,B1.04,B1,train
raw_data/B1.04/B1.04.UAH-Uni_178.JPG,B1.04.UAH-Uni_178.JPG,B1.04,B1,train
raw_data/B1.04/B1.04.UAH-Uni_179.JPG,B1.04.UAH-Uni_179.JPG,B1.04,B1,train
raw_data/B1.04/B1.04.UAH-Uni_18.JPG,B1.04.UAH-Uni_18.JPG,B1.04,B1,train
raw_data/B1.04/B1.04.UAH-Uni_180.JPG,B1.04.UAH-Uni_180.JPG,B1.04,B1,train
raw_data/B1.04/B1.04.UAH-Uni_181.JPG,B1.04.UAH-Uni_181.JPG,B1.04,B1,train
raw_data/B1.04/B1.04.UAH-Uni_182.JPG,B1.04.UAH-Uni_182.JPG,B1.04,B1,train
raw_data/B1.04/B1.04.UAH-Uni_183.JPG,B1.04.UAH-Uni_183.JPG,B1.04,B1,train
raw_data/B1.04/B1.04.UAH-Uni_184.JPG,B1.04.UAH-Uni_184.JPG,B1.04,B1,train
raw_data/B1.04/B1.04.UAH-Uni_185.JPG,B1.04.UAH-Uni_185.JPG,B1.04,B1,train
raw_data/B1.04/B1.04.UAH-Uni_186.JPG,B1.04.UAH-Uni_186.JPG,B1.04,B1,train
raw_data/B1.04/B1.04.UAH-Uni_187.JPG,B1.04.UAH-Uni_187.JPG,B1.04,B1,train
raw_data/B1.04/B1.04.UAH-Uni_188.JPG,B1.04.UAH-Uni_188.JPG,B1.04,B1,train
raw_data/B1.04/B1.04.UAH-Uni_189.JPG,B1.04.UAH-Uni_189.JPG,B1.04,B1,train
raw_data/B1.04/B1.04.UAH-Uni_19.JPG,B1.04.UAH-Uni_19.JPG,B1.04,B1,train
raw_data/B1.04/B1.04.UAH-Uni_190.JPG,B1.04.UAH-Uni_190.JPG,B1.04,B1,train
raw_data/B1.04/B1.04.UAH-Uni_191.JPG,B1.04.UAH-Uni_191.JPG,B1.04,B1,train
raw_data/B1.04/B1.04.UAH-Uni_192.JPG,B1.04.UAH-Uni_192.JPG,B1.04,B1,train
raw_data/B1.04/B1.04.UAH-Uni_193.JPG,B1.04.UAH-Uni_193.JPG,B1.04,B1,train
raw_data/B1.04/B1.04.UAH-Uni_194.JPG,B1.04.UAH-Uni_194.JPG,B1.04,B1,train
raw_data/B1.04/B1.04.UAH-Uni_195.JPG,B1.04.UAH-Uni_195.JPG,B1.04,B1,train
raw_data/B1.04/B1.04.UAH-Uni_196.JPG,B1.04.UAH-Uni_196.JPG,B1.04,B1,train
raw_data/B1.04/B1.04.UAH-Uni_197.JPG,B1.04.UAH-Uni_197.JPG,B1.04,B1,train
raw_data/B1.04/B1.04.UAH-Uni_198.JPG,B1.04.UAH-Uni_198.JPG,B1.04,B1,train
raw_data/B1.04/B1.04.UAH-Uni_199.JPG,B1.04.UAH-Uni_199.JPG,B1.04,B1,train
raw_data/B1.04/B1.04.UAH-Uni_20.JPG,B1.04.UAH-Uni_20.JPG,B1.04,B1,train
raw_data/B1.04/B1.04.UAH-Uni_200.JPG,B1.04.UAH-Uni_200.JPG,B1.04,B1,train
raw_data/B1.04/B1.04.UAH-Uni_201.JPG,B1.04.UAH-Uni_201.JPG,B1.04,B1,train
raw_data/B1.04/B1.04.UAH-Uni_202.JPG,B1.04.UAH-Uni_202.JPG,B1.04,B1,train
raw_data/B1.04/B1.04.UAH-Uni_203.JPG,B1.04.UAH-Uni_203.JPG,B1.04,B1,train
raw_data/B1.04/B1.04.UAH-Uni_204.JPG,B1.04.UAH-Uni_204.JPG,B1.04,B1,train
raw_data/B1.04/B1.04.UAH-Uni_205.JPG,B1.04.UAH-Uni_205.JPG,B1.04,B1,train
raw_data/B1.04/B1.04.UAH-Uni_206.JPG,B1.04.UAH-Uni_206.JPG,B1.04,B1,train
raw_data/B1.04/B1.04.UAH-Uni_207.JPG,B1.04.UAH-Uni_207.JPG,B1.04,B1,train
raw_data/B1.04/B1.04.UAH-Uni_208.JPG,B1.04.UAH-Uni_208.JPG,B1.04,B1,train
raw_data/B1.04/B1.04.UAH-Uni_209.JPG,B1.04.UAH-Uni_209.JPG,B1.04,B1,train
raw_data/B1.04/B1.04.UAH-Uni_21.JPG,B1.04.UAH-Uni_21.JPG,B1.04,B1,train
raw_data/B1.04/B1.04.UAH-Uni_210.JPG,B1.04.UAH-Uni_210.JPG,B1.04,B1,train
raw_data/B1.04/B1.04.UAH-Uni_211.JPG,B1.04.UAH-Uni_211.JPG,B1.04,B1,train
raw_data/B1.04/B1.04.UAH-Uni_212.JPG,B1.04.UAH-Uni_212.JPG,B1.04,B1,train
raw_data/B1.04/B1.04.UAH-Uni_213.JPG,B1.04.UAH-Uni_213.JPG,B1.04,B1,train
raw_data/B1.04/B1.04.UAH-Uni_214.JPG,B1.04.UAH-Uni_214.JPG,B1.04,B1,train
raw_data/B1.04/B1.04.UAH-Uni_215.JPG,B1.04.UAH-Uni_215.JPG,B1.04,B1,train
raw_data/B1.04/B1.04.UAH-Uni_216.JPG,B1.04.UAH-Uni_216.JPG,B1.04,B1,train
raw_data/B1.04/B1.04.UAH-Uni_217.JPG,B1.04.UAH-Uni_217.JPG,B1.04,B1,train
raw_data/B1.04/B1.04.UAH-Uni_218.JPG,B1.04.UAH-Uni_218.JPG,B1.04,B1,train
raw_data/B1.04/B1.04.UAH-Uni_219.JPG,B1.04.UAH-Uni_219.JPG,B1.04,B1,train
raw_data/B1.04/B1.04.UAH-Uni_22.JPG,B1.04.UAH-Uni_22.JPG,B1.04,B1,train
raw_data/B1.04/B1.04.UAH-Uni_220.JPG,B1.04.UAH-Uni_220.JPG,B1.04,B1,train
raw_data/B1.04/B1.04.UAH-Uni_221.JPG,B1.04.UAH-Uni_221.JPG,B1.04,B1,train
raw_data/B1.04/B1.04.UAH-Uni_222.JPG,B1.04.UAH-Uni_222.JPG,B1.04,B1,train
raw_data/B1.04/B1.04.UAH-Uni_223.JPG,B1.04.UAH-Uni_223.JPG,B1.04,B1,train
raw_data/B1.04/B1.04.UAH-Uni_224.JPG,B1.04.UAH-Uni_224.JPG,B1.04,B1,train
raw_data/B1.04/B1.04.UAH-Uni_225.JPG,B1.04.UAH-Uni_225.JPG,B1.04,B1,train
raw_data/B1.04/B1.04.UAH-Uni_226.JPG,B1.04.UAH-Uni_226.JPG,B1.04,B1,train
raw_data/B1.04/B1.04.UAH-Uni_227.JPG,B1.04.UAH-Uni_227.JPG,B1.04,B1,train
raw_data/B1.04/B1.04.UAH-Uni_228.JPG,B1.04.UAH-Uni_228.JPG,B1.04,B1,train
raw_data/B1.04/B1.04.UAH-Uni_229.JPG,B1.04.UAH-Uni_229.JPG,B1.04,B1,train
raw_data/B1.04/B1.04.UAH-Uni_23.JPG,B1.04.UAH-Uni_23.JPG,B1.04,B1,train
raw_data/B1.04/B1.04.UAH-Uni_230.JPG,B1.04.UAH-Uni_230.JPG,B1.04,B1,train
raw_data/B1.04/B1.04.UAH-Uni_231.JPG,B1.04.UAH-Uni_231.JPG,B1.04,B1,train
raw_data/B1.04/B1.04.UAH-Uni_232.JPG,B1.04.UAH-Uni_232.JPG,B1.04,B1,train
raw_data/B1.04/B1.04.UAH-Uni_233.JPG,B1.04.UAH-Uni_233.JPG,B1.04,B1,train
raw_data/B1.04/B1.04.UAH-Uni_234.JPG,B1.04.UAH-Uni_234.JPG,B1.04,B1,train
raw_data/B1.04/B1.04.UAH-Uni_235.JPG,B1.04.UAH-Uni_235.JPG,B1.04,B1,train
raw_data/B1.04/B1.04.UAH-Uni_236.JPG,B1.04.UAH-Uni_236.JPG,B1.04,B1,train
raw_data/B1.04/B1.04.UAH-Uni_237.JPG,B1.04.UAH-Uni_237.JPG,B1.04,B1,train
raw_data/B1.04/B1.04.UAH-Uni_238.JPG,B1.04.UAH-Uni_238.JPG,B1.04,B1,train
raw_data/B1.04/B1.04.UAH-Uni_239.JPG,B1.04.UAH-Uni_239.JPG,B1.04,B1,train
raw_data/B1.04/B1.04.UAH-Uni_24.JPG,B1.04.UAH-Uni_24.JPG,B1.04,B1,train
raw_data/B1.04/B1.04.UAH-Uni_240.JPG,B1.04.UAH-Uni_240.JPG,B1.04,B1,train
raw_data/B1.04/B1.04.UAH-Uni_241.JPG,B1.04.UAH-Uni_241.JPG,B1.04,B1,train
raw_data/B1.04/B1.04.UAH-Uni_242.JPG,B1.04.UAH-Uni_242.JPG,B1.04,B1,train
raw_data/B1.04/B1.04.UAH-Uni_243.JPG,B1.04.UAH-Uni_243.JPG,B1.04,B1,train
raw_data/B1.04/B1.04.UAH-Uni_244.JPG,B1.04.UAH-Uni_244.JPG,B1.04,B1,train
raw_data/B1.04/B1.04.UAH-Uni_245.JPG,B1.04.UAH-Uni_245.JPG,B1.04,B1,train
raw_data/B1.04/B1.04.UAH-Uni_246.JPG,B1.04.UAH-Uni_246.JPG,B1.04,B1,train
raw_data/B1.04/B1.04.UAH-Uni_247.JPG,B1.04.UAH-Uni_247.JPG,B1.04,B1,train
raw_data/B1.04/B1.04.UAH-Uni_248.JPG,B1.04.UAH-Uni_248.JPG,B1.04,B1,train
raw_data/B1.04/B1.04.UAH-Uni_249.JPG,B1.04.UAH-Uni_249.JPG,B1.04,B1,train
raw_data/B1.04/B1.04.UAH-Uni_25.JPG,B1.04.UAH-Uni_25.JPG,B1.04,B1,train
raw_data/B1.04/B1.04.UAH-Uni_250.JPG,B1.04.UAH-Uni_250.JPG,B1.04,B1,train
raw_data/B1.04/B1.04.UAH-Uni_251.JPG,B1.04.UAH-Uni_251.JPG,B1.04,B1,train
raw_data/B1.04/B1.04.UAH-Uni_252.JPG,B1.04.UAH-Uni_252.JPG,B1.04,B1,train
raw_data/B1.04/B1.04.UAH-Uni_253.JPG,B1.04.UAH-Uni_253.JPG,B1.04,B1,train
raw_data/B1.04/B1.04.UAH-Uni_254.JPG,B1.04.UAH-Uni_254.JPG,B1.04,B1,train
raw_data/B1.04/B1.04.UAH-Uni_255.JPG,B1.04.UAH-Uni_255.JPG,B1.04,B1,train
raw_data/B1.04/B1.04.UAH-Uni_256.JPG,B1.04.UAH-Uni_256.JPG,B1.04,B1,train
raw_data/B1.04/B1.04.UAH-Uni_257.JPG,B1.04.UAH-Uni_257.JPG,B1.04,B1,train
raw_data/B1.04/B1.04.UAH-Uni_258.JPG,B1.04.UAH-Uni_258.JPG,B1.04,B1,train
raw_data/B1.04/B1.04.UAH-Uni_259.JPG,B1.04.UAH-Uni_259.JPG,B1.04,B1,train
raw_data/B1.04/B1.04.UAH-Uni_26.JPG,B1.04.UAH-Uni_26.JPG,B1.04,B1,train
raw_data/B1.04/B1.04.UAH-Uni_260.JPG,B1.04.UAH-Uni_260.JPG,B1.04,B1,train
raw_data/B1.04/B1.04.UAH-Uni_261.JPG,B1.04.UAH-Uni_261.JPG,B1.04,B1,train
raw_data/B1.04/B1.04.UAH-Uni_262.JPG,B1.04.UAH-Uni_262.JPG,B1.04,B1,train
raw_data/B1.04/B1.04.UAH-Uni_263.JPG,B1.04.UAH-Uni_263.JPG,B1.04,B1,train
raw_data/B1.04/B1.04.UAH-Uni_264.JPG,B1.04.UAH-Uni_264.JPG,B1.04,B1,train
raw_data/B1.04/B1.04.UAH-Uni_265.JPG,B1.04.UAH-Uni_265.JPG,B1.04,B1,train
raw_data/B1.04/B1.04.UAH-Uni_266.JPG,B1.04.UAH-Uni_266.JPG,B1.04,B1,train
raw_data/B1.04/B1.04.UAH-Uni_267.JPG,B1.04.UAH-Uni_267.JPG,B1.04,B1,train
raw_data/B1.04/B1.04.UAH-Uni_268.JPG,B1.04.UAH-Uni_268.JPG,B1.04,B1,train
raw_data/B1.04/B1.04.UAH-Uni_269.JPG,B1.04.UAH-Uni_269.JPG,B1.04,B1,train
raw_data/B1.04/B1.04.UAH-Uni_27.JPG,B1.04.UAH-Uni_27.JPG,B1.04,B1,train
raw_data/B1.04/B1.04.UAH-Uni_270.JPG,B1.04.UAH-Uni_270.JPG,B1.04,B1,train
raw_data/B1.04/B1.04.UAH-Uni_271.JPG,B1.04.UAH-Uni_271.JPG,B1.04,B1,train
raw_data/B1.04/B1.04.UAH-Uni_272.JPG,B1.04.UAH-Uni_272.JPG,B1.04,B1,train
raw_data/B1.04/B1.04.UAH-Uni_273.JPG,B1.04.UAH-Uni_273.JPG,B1.04,B1,train
raw_data/B1.04/B1.04.UAH-Uni_274.JPG,B1.04.UAH-Uni_274.JPG,B1.04,B1,train
raw_data/B1.04/B1.04.UAH-Uni_275.JPG,B1.04.UAH-Uni_275.JPG,B1.04,B1,train
raw_data/B1.04/B1.04.UAH-Uni_276.JPG,B1.04.UAH-Uni_276.JPG,B1.04,B1,train
raw_data/B1.04/B1.04.UAH-Uni_277.JPG,B1.04.UAH-Uni_277.JPG,B1.04,B1,train
raw_data/B1.04/B1.04.UAH-Uni_278.JPG,B1.04.UAH-Uni_278.JPG,B1.04,B1,train
raw_data/B1.04/B1.04.UAH-Uni_279.JPG,B1.04.UAH-Uni_279.JPG,B1.04,B1,train
raw_data/B1.04/B1.04.UAH-Uni_28.JPG,B1.04.UAH-Uni_28.JPG,B1.04,B1,train
raw_data/B1.04/B1.04.UAH-Uni_280.JPG,B1.04.UAH-Uni_280.JPG,B1.04,B1,train
raw_data/B1.04/B1.04.UAH-Uni_281.JPG,B1.04.UAH-Uni_281.JPG,B1.04,B1,train
raw_data/B1.04/B1.04.UAH-Uni_282.JPG,B1.04.UAH-Uni_282.JPG,B1.04,B1,train
raw_data/B1.04/B1.04.UAH-Uni_283.JPG,B1.04.UAH-Uni_283.JPG,B1.04,B1,train
raw_data/B1.04/B1.04.UAH-Uni_284.JPG,B1.04.UAH-Uni_284.JPG,B1.04,B1,train
raw_data/B1.04/B1.04.UAH-Uni_285.JPG,B1.04.UAH-Uni_285.JPG,B1.04,B1,train
raw_data/B1.04/B1.04.UAH-Uni_286.JPG,B1.04.UAH-Uni_286.JPG,B1.04,B1,train
raw_data/B1.04/B1.04.UAH-Uni_287.JPG,B1.04.UAH-Uni_287.JPG,B1.04,B1,train
raw_data/B1.04/B1.04.UAH-Uni_288.JPG,B1.04.UAH-Uni_288.JPG,B1.04,B1,train
raw_data/B1.04/B1.04.UAH-Uni_289.JPG,B1.04.UAH-Uni_289.JPG,B1.04,B1,train
raw_data/B1.04/B1.04.UAH-Uni_29.JPG,B1.04.UAH-Uni_29.JPG,B1.04,B1,train
raw_data/B1.04/B1.04.UAH-Uni_290.JPG,B1.04.UAH-Uni_290.JPG,B1.04,B1,train
raw_data/B1.04/B1.04.UAH-Uni_291.JPG,B1.04.UAH-Uni_291.JPG,B1.04,B1,train
raw_data/B1.04/B1.04.UAH-Uni_292.JPG,B1.04.UAH-Uni_292.JPG,B1.04,B1,train
raw_data/B1.04/B1.04.UAH-Uni_293.JPG,B1.04.UAH-Uni_293.JPG,B1.04,B1,train
raw_data/B1.04/B1.04.UAH-Uni_294.JPG,B1.04.UAH-Uni_294.JPG,B1.04,B1,train
raw_data/B1.04/B1.04.UAH-Uni_295.JPG,B1.04.UAH-Uni_295.JPG,B1.04,B1,train
raw_data/B1.04/B1.04.UAH-Uni_296.JPG,B1.04.UAH-Uni_296.JPG,B1.04,B1,train
raw_data/B1.04/B1.04.UAH-Uni_297.JPG,B1.04.UAH-Uni_297.JPG,B1.04,B1,train
raw_data/B1.04/B1.04.UAH-Uni_298.JPG,B1.04.UAH-Uni_298.JPG,B1.04,B1,train
raw_data/B1.04/B1.04.UAH-Uni_299.JPG,B1.04.UAH-Uni_299.JPG,B1.04,B1,train
raw_data/B1.04/B1.04.UAH-Uni_30.JPG,B1.04.UAH-Uni_30.JPG,B1.04,B1,train
raw_data/B1.04/B1.04.UAH-Uni_300.JPG,B1.04.UAH-Uni_300.JPG,B1.04,B1,train
raw_data/B1.04/B1.04.UAH-Uni_301.JPG,B1.04.UAH-Uni_301.JPG,B1.04,B1,train
raw_data/B1.04/B1.04.UAH-Uni_302.JPG,B1.04.UAH-Uni_302.JPG,B1.04,B1,train
raw_data/B1.04/B1.04.UAH-Uni_303.JPG,B1.04.UAH-Uni_303.JPG,B1.04,B1,train
raw_data/B1.04/B1.04.UAH-Uni_304.JPG,B1.04.UAH-Uni_304.JPG,B1.04,B1,train
raw_data/B1.04/B1.04.UAH-Uni_305.JPG,B1.04.UAH-Uni_305.JPG,B1.04,B1,train
raw_data/B1.04/B1.04.UAH-Uni_306.JPG,B1.04.UAH-Uni_306.JPG,B1.04,B1,train
raw_data/B1.04/B1.04.UAH-Uni_307.JPG,B1.04.UAH-Uni_307.JPG,B1.04,B1,train
raw_data/B1.04/B1.04.UAH-Uni_308.JPG,B1.04.UAH-Uni_308.JPG,B1.04,B1,train
raw_data/B1.04/B1.04.UAH-Uni_309.JPG,B1.04.UAH-Uni_309.JPG,B1.04,B1,train
raw_data/B1.04/B1.04.UAH-Uni_31.JPG,B1.04.UAH-Uni_31.JPG,B1.04,B1,train
raw_data/B1.04/B1.04.UAH-Uni_310.JPG,B1.04.UAH-Uni_310.JPG,B1.04,B1,train
raw_data/B1.04/B1.04.UAH-Uni_311.JPG,B1.04.UAH-Uni_311.JPG,B1.04,B1,train
raw_data/B1.04/B1.04.UAH-Uni_312.JPG,B1.04.UAH-Uni_312.JPG,B1.04,B1,train
raw_data/B1.04/B1.04.UAH-Uni_313.JPG,B1.04.UAH-Uni_313.JPG,B1.04,B1,train
raw_data/B1.04/B1.04.UAH-Uni_314.JPG,B1.04.UAH-Uni_314.JPG,B1.04,B1,train
raw_data/B1.04/B1.04.UAH-Uni_315.JPG,B1.04.UAH-Uni_315.JPG,B1.04,B1,train
raw_data/B1.04/B1.04.UAH-Uni_316.JPG,B1.04.UAH-Uni_316.JPG,B1.04,B1,train
raw_data/B1.04/B1.04.UAH-Uni_317.JPG,B1.04.UAH-Uni_317.JPG,B1.04,B1,train
raw_data/B1.04/B1.04.UAH-Uni_318.JPG,B1.04.UAH-Uni_318.JPG,B1.04,B1,train
raw_data/B1.04/B1.04.UAH-Uni_319.JPG,B1.04.UAH-Uni_319.JPG,B1.04,B1,train
raw_data/B1.04/B1.04.UAH-Uni_32.JPG,B1.04.UAH-Uni_32.JPG,B1.04,B1,train
raw_data/B1.04/B1.04.UAH-Uni_320.JPG,B1.04.UAH-Uni_320.JPG,B1.04,B1,train
raw_data/B1.04/B1.04.UAH-Uni_321.JPG,B1.04.UAH-Uni_321.JPG,B1.04,B1,train
raw_data/B1.04/B1.04.UAH-Uni_322.JPG,B1.04.UAH-Uni_322.JPG,B1.04,B1,train
raw_data/B1.04/B1.04.UAH-Uni_323.JPG,B1.04.UAH-Uni_323.JPG,B1.04,B1,train
raw_data/B1.04/B1.04.UAH-Uni_324.JPG,B1.04.UAH-Uni_324.JPG,B1.04,B1,train
raw_data/B1.04/B1.04.UAH-Uni_325.JPG,B1.04.UAH-Uni_325.JPG,B1.04,B1,train
raw_data/B1.04/B1.04.UAH-Uni_326.JPG,B1.04.UAH-Uni_326.JPG,B1.04,B1,train
raw_data/B1.04/B1.04.UAH-Uni_327.JPG,B1.04.UAH-Uni_327.JPG,B1.04,B1,train
raw_data/B1.04/B1.04.UAH-Uni_328.JPG,B1.04.UAH-Uni_328.JPG,B1.04,B1,train
raw_data/B1.04/B1.04.UAH-Uni_329.JPG,B1.04.UAH-Uni_329.JPG,B1.04,B1,train
raw_data/B1.04/B1.04.UAH-Uni_33.JPG,B1.04.UAH-Uni_33.JPG,B1.04,B1,train
raw_data/B1.04/B1.04.UAH-Uni_330.JPG,B1.04.UAH-Uni_330.JPG,B1.04,B1,train
raw_data/B1.04/B1.04.UAH-Uni_331.JPG,B1.04.UAH-Uni_331.JPG,B1.04,B1,train
raw_data/B1.04/B1.04.UAH-Uni_332.JPG,B1.04.UAH-Uni_332.JPG,B1.04,B1,train
raw_data/B1.04/B1.04.UAH-Uni_333.JPG,B1.04.UAH-Uni_333.JPG,B1.04,B1,train
raw_data/B1.04/B1.04.UAH-Uni_334.JPG,B1.04.UAH-Uni_334.JPG,B1.04,B1,train
raw_data/B1.04/B1.04.UAH-Uni_335.JPG,B1.04.UAH-Uni_335.JPG,B1.04,B1,train
raw_data/B1.04/B1.04.UAH-Uni_336.JPG,B1.04.UAH-Uni_336.JPG,B1.04,B1,train
raw_data/B1.04/B1.04.UAH-Uni_337.JPG,B1.04.UAH-Uni_337.JPG,B1.04,B1,train
raw_data/B1.04/B1.04.UAH-Uni_338.JPG,B1.04.UAH-Uni_338.JPG,B1.04,B1,train
raw_data/B1.04/B1.04.UAH-Uni_339.JPG,B1.04.UAH-Uni_339.JPG,B1.04,B1,train
raw_data/B1.04/B1.04.UAH-Uni_34.JPG,B1.04.UAH-Uni_34.JPG,B1.04,B1,train
raw_data/B1.04/B1.04.UAH-Uni_340.JPG,B1.04.UAH-Uni_340.JPG,B1.04,B1,train
raw_data/B1.04/B1.04.UAH-Uni_341.JPG,B1.04.UAH-Uni_341.JPG,B1.04,B1,train
raw_data/B1.04/B1.04.UAH-Uni_342.JPG,B1.04.UAH-Uni_342.JPG,B1.04,B1,train
raw_data/B1.04/B1.04.UAH-Uni_343.JPG,B1.04.UAH-Uni_343.JPG,B1.04,B1,train
raw_data/B1.04/B1.04.UAH-Uni_344.JPG,B1.04.UAH-Uni_344.JPG,B1.04,B1,train
raw_data/B1.04/B1.04.UAH-Uni_345.JPG,B1.04.UAH-Uni_345.JPG,B1.04,B1,train
raw_data/B1.04/B1.04.UAH-Uni_346.JPG,B1.04.UAH-Uni_346.JPG,B1.04,B1,train
raw_data/B1.04/B1.04.UAH-Uni_347.JPG,B1.04.UAH-Uni_347.JPG,B1.04,B1,train
raw_data/B1.04/B1.04.UAH-Uni_348.JPG,B1.04.UAH-Uni_348.JPG,B1.04,B1,train
raw_data/B1.04/B1.04.UAH-Uni_349.JPG,B1.04.UAH-Uni_349.JPG,B1.04,B1,train
raw_data/B1.04/B1.04.UAH-Uni_35.JPG,B1.04.UAH-Uni_35.JPG,B1.04,B1,train
raw_data/B1.04/B1.04.UAH-Uni_350.JPG,B1.04.UAH-Uni_350.JPG,B1.04,B1,train
raw_data/B1.04/B1.04.UAH-Uni_351.JPG,B1.04.UAH-Uni_351.JPG,B1.04,B1,train
raw_data/B1.04/B1.04.UAH-Uni_352.JPG,B1.04.UAH-Uni_352.JPG,B1.04,B1,train
raw_data/B1.04/B1.04.UAH-Uni_353.JPG,B1.04.UAH-Uni_353.JPG,B1.04,B1,train
raw_data/B1.04/B1.04.UAH-Uni_354.JPG,B1.04.UAH-Uni_354.JPG,B1.04,B1,train
raw_data/B1.04/B1.04.UAH-Uni_355.JPG,B1.04.UAH-Uni_355.JPG,B1.04,B1,train
raw_data/B1.04/B1.04.UAH-Uni_356.JPG,B1.04.UAH-Uni_356.JPG,B1.04,B1,train
raw_data/B1.04/B1.04.UAH-Uni_357.JPG,B1.04.UAH-Uni_357.JPG,B1.04,B1,train
raw_data/B1.04/B1.04.UAH-Uni_358.JPG,B1.04.UAH-Uni_358.JPG,B1.04,B1,train
raw_data/B1.04/B1.04.UAH-Uni_359.JPG,B1.04.UAH-Uni_359.JPG,B1.04,B1,train
raw_data/B1.04/B1.04.UAH-Uni_36.JPG,B1.04.UAH-Uni_36.JPG,B1.04,B1,train
raw_data/B1.04/B1.04.UAH-Uni_360.JPG,B1.04.UAH-Uni_360.JPG,B1.04,B1,train
raw_data/B1.04/B1.04.UAH-Uni_361.JPG,B1.04.UAH-Uni_361.JPG,B1.04,B1,train
raw_data/B1.04/B1.04.UAH-Uni_362.JPG,B1.04.UAH-Uni_362.JPG,B1.04,B1,train
raw_data/B1.04/B1.04.UAH-Uni_363.JPG,B1.04.UAH-Uni_363.JPG,B1.04,B1,train
raw_data/B1.04/B1.04.UAH-Uni_364.JPG,B1.04.UAH-Uni_364.JPG,B1.04,B1,train
raw_data/B1.04/B1.04.UAH-Uni_365.JPG,B1.04.UAH-Uni_365.JPG,B1.04,B1,train
raw_data/B1.04/B1.04.UAH-Uni_366.JPG,B1.04.UAH-Uni_366.JPG,B1.04,B1,train
raw_data/B1.04/B1.04.UAH-Uni_367.JPG,B1.04.UAH-Uni_367.JPG,B1.04,B1,train
raw_data/B1.04/B1.04.UAH-Uni_368.JPG,B1.04.UAH-Uni_368.JPG,B1.04,B1,train
raw_data/B1.04/B1.04.UAH-Uni_369.JPG,B1.04.UAH-Uni_369.JPG,B1.04,B1,train
raw_data/B1.04/B1.04.UAH-Uni_37.JPG,B1.04.UAH-Uni_37.JPG,B1.04,B1,train
raw_data/B1.04/B1.04.UAH-Uni_370.JPG,B1.04.UAH-Uni_370.JPG,B1.04,B1,train
raw_data/B1.04/B1.04.UAH-Uni_371.JPG,B1.04.UAH-Uni_371.JPG,B1.04,B1,train
raw_data/B1.04/B1.04.UAH-Uni_372.JPG,B1.04.UAH-Uni_372.JPG,B1.04,B1,train
raw_data/B1.04/B1.04.UAH-Uni_373.JPG,B1.04.UAH-Uni_373.JPG,B1.04,B1,train
raw_data/B1.04/B1.04.UAH-Uni_374.JPG,B1.04.UAH-Uni_374.JPG,B1.04,B1,train
raw_data/B1.04/B1.04.UAH-Uni_375.JPG,B1.04.UAH-Uni_375.JPG,B1.04,B1,train
raw_data/B1.04/B1.04.UAH-Uni_376.JPG,B1.04.UAH-Uni_376.JPG,B1.04,B1,train
raw_data/B1.04/B1.04.UAH-Uni_377.JPG,B1.04.UAH-Uni_377.JPG,B1.04,B1,train
raw_data/B1.04/B1.04.UAH-Uni_378.JPG,B1.04.UAH-Uni_378.JPG,B1.04,B1,train
raw_data/B1.04/B1.04.UAH-Uni_379.JPG,B1.04.UAH-Uni_379.JPG,B1.04,B1,train
raw_data/B1.04/B1.04.UAH-Uni_38.JPG,B1.04.UAH-Uni_38.JPG,B1.04,B1,train
raw_data/B1.04/B1.04.UAH-Uni_380.JPG,B1.04.UAH-Uni_380.JPG,B1.04,B1,train
raw_data/B1.04/B1.04.UAH-Uni_381.JPG,B1.04.UAH-Uni_381.JPG,B1.04,B1,train
raw_data/B1.04/B1.04.UAH-Uni_382.JPG,B1.04.UAH-Uni_382.JPG,B1.04,B1,train
raw_data/B1.04/B1.04.UAH-Uni_383.JPG,B1.04.UAH-Uni_383.JPG,B1.04,B1,train
raw_data/B1.04/B1.04.UAH-Uni_384.JPG,B1.04.UAH-Uni_384.JPG,B1.04,B1,train
raw_data/B1.04/B1.04.UAH-Uni_385.JPG,B1.04.UAH-Uni_385.JPG,B1.04,B1,train
raw_data/B1.04/B1.04.UAH-Uni_386.JPG,B1.04.UAH-Uni_386.JPG,B1.04,B1,train
raw_data/B1.04/B1.04.UAH-Uni_387.JPG,B1.04.UAH-Uni_387.JPG,B1.04,B1,train
raw_data/B1.04/B1.04.UAH-Uni_388.JPG,B1.04.UAH-Uni_388.JPG,B1.04,B1,train
raw_data/B1.04/B1.04.UAH-Uni_389.JPG,B1.04.UAH-Uni_389.JPG,B1.04,B1,train
raw_data/B1.04/B1.04.UAH-Uni_39.JPG,B1.04.UAH-Uni_39.JPG,B1.04,B1,train
raw_data/B1.04/B1.04.UAH-Uni_390.JPG,B1.04.UAH-Uni_390.JPG,B1.04,B1,train
raw_data/B1.04/B1.04.UAH-Uni_391.JPG,B1.04.UAH-Uni_391.JPG,B1.04,B1,train
raw_data/B1.04/B1.04.UAH-Uni_392.JPG,B1.04.UAH-Uni_392.JPG,B1.04,B1,train
raw_data/B1.04/B1.04.UAH-Uni_393.JPG,B1.04.UAH-Uni_393.JPG,B1.04,B1,train
raw_data/B1.04/B1.04.UAH-Uni_394.JPG,B1.04.UAH-Uni_394.JPG,B1.04,B1,train
raw_data/B1.04/B1.04.UAH-Uni_395.JPG,B1.04.UAH-Uni_395.JPG,B1.04,B1,train
raw_data/B1.04/B1.04.UAH-Uni_396.JPG,B1.04.UAH-Uni_396.JPG,B1.04,B1,train
raw_data/B1.04/B1.04.UAH-Uni_397.JPG,B1.04.UAH-Uni_397.JPG,B1.04,B1,train
raw_data/B1.04/B1.04.UAH-Uni_398.JPG,B1.04.UAH-Uni_398.JPG,B1.04,B1,train
raw_data/B1.04/B1.04.UAH-Uni_399.JPG,B1.04.UAH-Uni_399.JPG,B1.04,B1,train
raw_data/B1.04/B1.04.UAH-Uni_40.JPG,B1.04.UAH-Uni_40.JPG,B1.04,B1,train
raw_data/B1.04/B1.04.UAH-Uni_400.JPG,B1.04.UAH-Uni_400.JPG,B1.04,B1,train
raw_data/B1.04/B1.04.UAH-Uni_401.JPG,B1.04.UAH-Uni_401.JPG,B1.04,B1,train
raw_data/B1.04/B1.04.UAH-Uni_402.JPG,B1.04.UAH-Uni_402.JPG,B1.04,B1,train
raw_data/B1.04/B1.04.UAH-Uni_403.JPG,B1.04.UAH-Uni_403.JPG,B1.04,B1,train
raw_data/B1.04/B1.04.UAH-Uni_404.JPG,B1.04.UAH-Uni_404.JPG,B1.04,B1,train
raw_data/B1.04/B1.04.UAH-Uni_405.JPG,B1.04.UAH-Uni_405.JPG,B1.04,B1,train
raw_data/B1.04/B1.04.UAH-Uni_406.JPG,B1.04.UAH-Uni_406.JPG,B1.04,B1,train
raw_data/B1.04/B1.04.UAH-Uni_407.JPG,B1.04.UAH-Uni_407.JPG,B1.04,B1,train
raw_data/B1.04/B1.04.UAH-Uni_408.JPG,B1.04.UAH-Uni_408.JPG,B1.04,B1,train
raw_data/B1.04/B1.04.UAH-Uni_409.JPG,B1.04.UAH-Uni_409.JPG,B1.04,B1,train
raw_data/B1.04/B1.04.UAH-Uni_41.JPG,B1.04.UAH-Uni_41.JPG,B1.04,B1,train
raw_data/B1.04/B1.04.UAH-Uni_410.JPG,B1.04.UAH-Uni_410.JPG,B1.04,B1,train
raw_data/B1.04/B1.04.UAH-Uni_411.JPG,B1.04.UAH-Uni_411.JPG,B1.04,B1,train
raw_data/B1.04/B1.04.UAH-Uni_42.JPG,B1.04.UAH-Uni_42.JPG,B1.04,B1,train
raw_data/B1.04/B1.04.UAH-Uni_43.JPG,B1.04.UAH-Uni_43.JPG,B1.04,B1,train
raw_data/B1.04/B1.04.UAH-Uni_44.JPG,B1.04.UAH-Uni_44.JPG,B1.04,B1,train
raw_data/B1.04/B1.04.UAH-Uni_45.JPG,B1.04.UAH-Uni_45.JPG,B1.04,B1,train
raw_data/B1.04/B1.04.UAH-Uni_46.JPG,B1.04.UAH-Uni_46.JPG,B1.04,B1,train
raw_data/B1.04/B1.04.UAH-Uni_47.JPG,B1.04.UAH-Uni_47.JPG,B1.04,B1,train
raw_data/B1.04/B1.04.UAH-Uni_48.JPG,B1.04.UAH-Uni_48.JPG,B1.04,B1,train
raw_data/B1.04/B1.04.UAH-Uni_49.JPG,B1.04.UAH-Uni_49.JPG,B1.04,B1,train
raw_data/B1.04/B1.04.UAH-Uni_50.JPG,B1.04.UAH-Uni_50.JPG,B1.04,B1,train
raw_data/B1.04/B1.04.UAH-Uni_51.JPG,B1.04.UAH-Uni_51.JPG,B1.04,B1,train
raw_data/B1.04/B1.04.UAH-Uni_52.JPG,B1.04.UAH-Uni_52.JPG,B1.04,B1,train
raw_data/B1.04/B1.04.UAH-Uni_53.JPG,B1.04.UAH-Uni_53.JPG,B1.04,B1,train
raw_data/B1.04/B1.04.UAH-Uni_54.JPG,B1.04.UAH-Uni_54.JPG,B1.04,B1,train
raw_data/B1.04/B1.04.UAH-Uni_55.JPG,B1.04.UAH-Uni_55.JPG,B1.04,B1,train
raw_data/B1.04/B1.04.UAH-Uni_56.JPG,B1.04.UAH-Uni_56.JPG,B1.04,B1,train
raw_data/B1.04/B1.04.UAH-Uni_57.JPG,B1.04.UAH-Uni_57.JPG,B1.04,B1,train
raw_data/B1.04/B1.04.UAH-Uni_58.JPG,B1.04.UAH-Uni_58.JPG,B1.04,B1,train
raw_data/B1.04/B1.04.UAH-Uni_59.JPG,B1.04.UAH-Uni_59.JPG,B1.04,B1,train
raw_data/B1.04/B1.04.UAH-Uni_60.JPG,B1.04.UAH-Uni_60.JPG,B1.04,B1,train
raw_data/B1.04/B1.04.UAH-Uni_61.JPG,B1.04.UAH-Uni_61.JPG,B1.04,B1,train
raw_data/B1.04/B1.04.UAH-Uni_62.JPG,B1.04.UAH-Uni_62.JPG,B1.04,B1,train
raw_data/B1.04/B1.04.UAH-Uni_63.JPG,B1.04.UAH-Uni_63.JPG,B1.04,B1,train
raw_data/B1.04/B1.04.UAH-Uni_64.JPG,B1.04.UAH-Uni_64.JPG,B1.04,B1,train
raw_data/B1.04/B1.04.UAH-Uni_65.JPG,B1.04.UAH-Uni_65.JPG,B1.04,B1,train
raw_data/B1.04/B1.04.UAH-Uni_66.JPG,B1.04.UAH-Uni_66.JPG,B1.04,B1,train
raw_data/B1.04/B1.04.UAH-Uni_67.JPG,B1.04.UAH-Uni_67.JPG,B1.04,B1,train
raw_data/B1.04/B1.04.UAH-Uni_68.JPG,B1.04.UAH-Uni_68.JPG,B1.04,B1,train
raw_data/B1.04/B1.04.UAH-Uni_69.JPG,B1.04.UAH-Uni_69.JPG,B1.04,B1,train
raw_data/B1.04/B1.04.UAH-Uni_70.JPG,B1.04.UAH-Uni_70.JPG,B1.04,B1,train
raw_data/B1.04/B1.04.UAH-Uni_71.JPG,B1.04.UAH-Uni_71.JPG,B1.04,B1,train
raw_data/B1.04/B1.04.UAH-Uni_72.JPG,B1.04.UAH-Uni_72.JPG,B1.04,B1,train
raw_data/B1.04/B1.04.UAH-Uni_73.JPG,B1.04.UAH-Uni_73.JPG,B1.04,B1,train
raw_data/B1.04/B1.04.UAH-Uni_74.JPG,B1.04.UAH-Uni_74.JPG,B1.04,B1,train
raw_data/B1.04/B1.04.UAH-Uni_75.JPG,B1.04.UAH-Uni_75.JPG,B1.04,B1,train
raw_data/B1.04/B1.04.UAH-Uni_76.JPG,B1.04.UAH-Uni_76.JPG,B1.04,B1,train
raw_data/B1.04/B1.04.UAH-Uni_77.JPG,B1.04.UAH-Uni_77.JPG,B1.04,B1,train
raw_data/B1.04/B1.04.UAH-Uni_78.JPG,B1.04.UAH-Uni_78.JPG,B1.04,B1,train
raw_data/B1.04/B1.04.UAH-Uni_79.JPG,B1.04.UAH-Uni_79.JPG,B1.04,B1,train
raw_data/B1.04/B1.04.UAH-Uni_80.JPG,B1.04.UAH-Uni_80.JPG,B1.04,B1,train
raw_data/B1.04/B1.04.UAH-Uni_81.JPG,B1.04.UAH-Uni_81.JPG,B1.04,B1,train
raw_data/B1.04/B1.04.UAH-Uni_82.JPG,B1.04.UAH-Uni_82.JPG,B1.04,B1,train
raw_data/B1.04/B1.04.UAH-Uni_83.JPG,B1.04.UAH-Uni_83.JPG,B1.04,B1,train
raw_data/B1.04/B1.04.UAH-Uni_84.JPG,B1.04.UAH-Uni_84.JPG,B1.04,B1,train
raw_data/B1.04/B1.04.UAH-Uni_85.JPG,B1.04.UAH-Uni_85.JPG,B1.04,B1,train
raw_data/B1.04/B1.04.UAH-Uni_86.JPG,B1.04.UAH-Uni_86.JPG,B1.04,B1,train
raw_data/B1.04/B1.04.UAH-Uni_87.JPG,B1.04.UAH-Uni_87.JPG,B1.04,B1,train
raw_data/B1.04/B1.04.UAH-Uni_88.JPG,B1.04.UAH-Uni_88.JPG,B1.04,B1,train
raw_data/B1.04/B1.04.UAH-Uni_89.JPG,B1.04.UAH-Uni_89.JPG,B1.04,B1,train
raw_data/B1.04/B1.04.UAH-Uni_90.JPG,B1.04.UAH-Uni_90.JPG,B1.04,B1,train
raw_data/B1.04/B1.04.UAH-Uni_91.JPG,B1.04.UAH-Uni_91.JPG,B1.04,B1,train
raw_data/B1.04/B1.04.UAH-Uni_92.JPG,B1.04.UAH-Uni_92.JPG,B1.04,B1,train
raw_data/B1.04/B1.04.UAH-Uni_93.JPG,B1.04.UAH-Uni_93.JPG,B1.04,B1,train
raw_data/B1.04/B1.04.UAH-Uni_94.JPG,B1.04.UAH-Uni_94.JPG,B1.04,B1,train
raw_data/B1.04/B1.04.UAH-Uni_95.JPG,B1.04.UAH-Uni_95.JPG,B1.04,B1,train
raw_data/B1.04/B1.04.UAH-Uni_96.JPG,B1.04.UAH-Uni_96.JPG,B1.04,B1,train
raw_data/B1.04/B1.04.UAH-Uni_97.JPG,B1.04.UAH-Uni_97.JPG,B1.04,B1,train
raw_data/B1.04/B1.04.UAH-Uni_98.JPG,B1.04.UAH-Uni_98.JPG,B1.04,B1,train
raw_data/B1.04/B1.04.UAH-Uni_99.JPG,B1.04.UAH-Uni_99.JPG,B1.04,B1,train
raw_data/B1.05/B1.05.Uni-Med_01.JPG,B1.05.Uni-Med_01.JPG,B1.05,B1,val
raw_data/B1.05/B1.05.Uni-Med_02.JPG,B1.05.Uni-Med_02.JPG,B1.05,B1,val
raw_data/B1.05/B1.05.Uni-Med_03.JPG,B1.05.Uni-Med_03.JPG,B1.05,B1,val
raw_data/B1.05/B1.05.Uni-Med_04.JPG,B1.05.Uni-Med_04.JPG,B1.05,B1,val
raw_data/B1.05/B1.05.Uni-Med_05.JPG,B1.05.Uni-Med_05.JPG,B1.05,B1,val
raw_data/B1.05/B1.05.Uni-Med_06.JPG,B1.05.Uni-Med_06.JPG,B1.05,B1,val
raw_data/B1.05/B1.05.Uni-Med_07.JPG,B1.05.Uni-Med_07.JPG,B1.05,B1,val
raw_data/B1.05/B1.05.Uni-Med_08.JPG,B1.05.Uni-Med_08.JPG,B1.05,B1,val
raw_data/B1.05/B1.05.Uni-Med_09.JPG,B1.05.Uni-Med_09.JPG,B1.05,B1,val
raw_data/B1.05/B1.05.Uni-Med_10.JPG,B1.05.Uni-Med_10.JPG,B1.05,B1,val
raw_data/B1.05/B1.05.Uni-Med_100.JPG,B1.05.Uni-Med_100.JPG,B1.05,B1,val
raw_data/B1.05/B1.05.Uni-Med_101.JPG,B1.05.Uni-Med_101.JPG,B1.05,B1,val
raw_data/B1.05/B1.05.Uni-Med_102.JPG,B1.05.Uni-Med_102.JPG,B1.05,B1,val
raw_data/B1.05/B1.05.Uni-Med_103.JPG,B1.05.Uni-Med_103.JPG,B1.05,B1,val
raw_data/B1.05/B1.05.Uni-Med_104.JPG,B1.05.Uni-Med_104.JPG,B1.05,B1,val
raw_data/B1.05/B1.05.Uni-Med_105.JPG,B1.05.Uni-Med_105.JPG,B1.05,B1,val
raw_data/B1.05/B1.05.Uni-Med_106.JPG,B1.05.Uni-Med_106.JPG,B1.05,B1,val
raw_data/B1.05/B1.05.Uni-Med_107.JPG,B1.05.Uni-Med_107.JPG,B1.05,B1,val
raw_data/B1.05/B1.05.Uni-Med_108.JPG,B1.05.Uni-Med_108.JPG,B1.05,B1,val
raw_data/B1.05/B1.05.Uni-Med_109.JPG,B1.05.Uni-Med_109.JPG,B1.05,B1,val
raw_data/B1.05/B1.05.Uni-Med_11.JPG,B1.05.Uni-Med_11.JPG,B1.05,B1,val
raw_data/B1.05/B1.05.Uni-Med_110.JPG,B1.05.Uni-Med_110.JPG,B1.05,B1,val
raw_data/B1.05/B1.05.Uni-Med_111.JPG,B1.05.Uni-Med_111.JPG,B1.05,B1,val
raw_data/B1.05/B1.05.Uni-Med_112.JPG,B1.05.Uni-Med_112.JPG,B1.05,B1,val
raw_data/B1.05/B1.05.Uni-Med_113.JPG,B1.05.Uni-Med_113.JPG,B1.05,B1,val
raw_data/B1.05/B1.05.Uni-Med_114.JPG,B1.05.Uni-Med_114.JPG,B1.05,B1,val
raw_data/B1.05/B1.05.Uni-Med_115.JPG,B1.05.Uni-Med_115.JPG,B1.05,B1,val
raw_data/B1.05/B1.05.Uni-Med_116.JPG,B1.05.Uni-Med_116.JPG,B1.05,B1,val
raw_data/B1.05/B1.05.Uni-Med_117.JPG,B1.05.Uni-Med_117.JPG,B1.05,B1,val
raw_data/B1.05/B1.05.Uni-Med_118.JPG,B1.05.Uni-Med_118.JPG,B1.05,B1,val
raw_data/B1.05/B1.05.Uni-Med_119.JPG,B1.05.Uni-Med_119.JPG,B1.05,B1,val
raw_data/B1.05/B1.05.Uni-Med_12.JPG,B1.05.Uni-Med_12.JPG,B1.05,B1,val
raw_data/B1.05/B1.05.Uni-Med_120.JPG,B1.05.Uni-Med_120.JPG,B1.05,B1,val
raw_data/B1.05/B1.05.Uni-Med_121.JPG,B1.05.Uni-Med_121.JPG,B1.05,B1,val
raw_data/B1.05/B1.05.Uni-Med_122.JPG,B1.05.Uni-Med_122.JPG,B1.05,B1,val
raw_data/B1.05/B1.05.Uni-Med_123.JPG,B1.05.Uni-Med_123.JPG,B1.05,B1,val
raw_data/B1.05/B1.05.Uni-Med_124.JPG,B1.05.Uni-Med_124.JPG,B1.05,B1,val
raw_data/B1.05/B1.05.Uni-Med_125.JPG,B1.05.Uni-Med_125.JPG,B1.05,B1,val
raw_data/B1.05/B1.05.Uni-Med_126.JPG,B1.05.Uni-Med_126.JPG,B1.05,B1,val
raw_data/B1.05/B1.05.Uni-Med_127.JPG,B1.05.Uni-Med_127.JPG,B1.05,B1,val
raw_data/B1.05/B1.05.Uni-Med_128.JPG,B1.05.Uni-Med_128.JPG,B1.05,B1,val
raw_data/B1.05/B1.05.Uni-Med_129.JPG,B1.05.Uni-Med_129.JPG,B1.05,B1,val
raw_data/B1.05/B1.05.Uni-Med_13.JPG,B1.05.Uni-Med_13.JPG,B1.05,B1,val
raw_data/B1.05/B1.05.Uni-Med_130.JPG,B1.05.Uni-Med_130.JPG,B1.05,B1,val
raw_data/B1.05/B1.05.Uni-Med_131.JPG,B1.05.Uni-Med_131.JPG,B1.05,B1,val
raw_data/B1.05/B1.05.Uni-Med_132.JPG,B1.05.Uni-Med_132.JPG,B1.05,B1,val
raw_data/B1.05/B1.05.Uni-Med_133.JPG,B1.05.Uni-Med_133.JPG,B1.05,B1,val
raw_data/B1.05/B1.05.Uni-Med_134.JPG,B1.05.Uni-Med_134.JPG,B1.05,B1,val
raw_data/B1.05/B1.05.Uni-Med_135.JPG,B1.05.Uni-Med_135.JPG,B1.05,B1,val
raw_data/B1.05/B1.05.Uni-Med_136.JPG,B1.05.Uni-Med_136.JPG,B1.05,B1,val
raw_data/B1.05/B1.05.Uni-Med_137.JPG,B1.05.Uni-Med_137.JPG,B1.05,B1,val
raw_data/B1.05/B1.05.Uni-Med_138.JPG,B1.05.Uni-Med_138.JPG,B1.05,B1,val
raw_data/B1.05/B1.05.Uni-Med_139.JPG,B1.05.Uni-Med_139.JPG,B1.05,B1,val
raw_data/B1.05/B1.05.Uni-Med_14.JPG,B1.05.Uni-Med_14.JPG,B1.05,B1,val
raw_data/B1.05/B1.05.Uni-Med_140.JPG,B1.05.Uni-Med_140.JPG,B1.05,B1,val
raw_data/B1.05/B1.05.Uni-Med_141.JPG,B1.05.Uni-Med_141.JPG,B1.05,B1,val
raw_data/B1.05/B1.05.Uni-Med_142.JPG,B1.05.Uni-Med_142.JPG,B1.05,B1,val
raw_data/B1.05/B1.05.Uni-Med_143.JPG,B1.05.Uni-Med_143.JPG,B1.05,B1,val
raw_data/B1.05/B1.05.Uni-Med_144.JPG,B1.05.Uni-Med_144.JPG,B1.05,B1,val
raw_data/B1.05/B1.05.Uni-Med_145.JPG,B1.05.Uni-Med_145.JPG,B1.05,B1,val
raw_data/B1.05/B1.05.Uni-Med_146.JPG,B1.05.Uni-Med_146.JPG,B1.05,B1,val
raw_data/B1.05/B1.05.Uni-Med_147.JPG,B1.05.Uni-Med_147.JPG,B1.05,B1,val
raw_data/B1.05/B1.05.Uni-Med_148.JPG,B1.05.Uni-Med_148.JPG,B1.05,B1,val
raw_data/B1.05/B1.05.Uni-Med_149.JPG,B1.05.Uni-Med_149.JPG,B1.05,B1,val
raw_data/B1.05/B1.05.Uni-Med_15.JPG,B1.05.Uni-Med_15.JPG,B1.05,B1,val
raw_data/B1.05/B1.05.Uni-Med_150.JPG,B1.05.Uni-Med_150.JPG,B1.05,B1,val
raw_data/B1.05/B1.05.Uni-Med_151.JPG,B1.05.Uni-Med_151.JPG,B1.05,B1,val
raw_data/B1.05/B1.05.Uni-Med_152.JPG,B1.05.Uni-Med_152.JPG,B1.05,B1,val
raw_data/B1.05/B1.05.Uni-Med_153.JPG,B1.05.Uni-Med_153.JPG,B1.05,B1,val
raw_data/B1.05/B1.05.Uni-Med_154.JPG,B1.05.Uni-Med_154.JPG,B1.05,B1,val
raw_data/B1.05/B1.05.Uni-Med_155.JPG,B1.05.Uni-Med_155.JPG,B1.05,B1,val
raw_data/B1.05/B1.05.Uni-Med_156.JPG,B1.05.Uni-Med_156.JPG,B1.05,B1,val
raw_data/B1.05/B1.05.Uni-Med_157.JPG,B1.05.Uni-Med_157.JPG,B1.05,B1,val
raw_data/B1.05/B1.05.Uni-Med_158.JPG,B1.05.Uni-Med_158.JPG,B1.05,B1,val
raw_data/B1.05/B1.05.Uni-Med_159.JPG,B1.05.Uni-Med_159.JPG,B1.05,B1,val
raw_data/B1.05/B1.05.Uni-Med_16.JPG,B1.05.Uni-Med_16.JPG,B1.05,B1,val
raw_data/B1.05/B1.05.Uni-Med_160.JPG,B1.05.Uni-Med_160.JPG,B1.05,B1,val
raw_data/B1.05/B1.05.Uni-Med_161.JPG,B1.05.Uni-Med_161.JPG,B1.05,B1,val
raw_data/B1.05/B1.05.Uni-Med_162.JPG,B1.05.Uni-Med_162.JPG,B1.05,B1,val
raw_data/B1.05/B1.05.Uni-Med_163.JPG,B1.05.Uni-Med_163.JPG,B1.05,B1,val
raw_data/B1.05/B1.05.Uni-Med_164.JPG,B1.05.Uni-Med_164.JPG,B1.05,B1,val
raw_data/B1.05/B1.05.Uni-Med_165.JPG,B1.05.Uni-Med_165.JPG,B1.05,B1,val
raw_data/B1.05/B1.05.Uni-Med_166.JPG,B1.05.Uni-Med_166.JPG,B1.05,B1,val
raw_data/B1.05/B1.05.Uni-Med_167.JPG,B1.05.Uni-Med_167.JPG,B1.05,B1,val
raw_data/B1.05/B1.05.Uni-Med_168.JPG,B1.05.Uni-Med_168.JPG,B1.05,B1,val
raw_data/B1.05/B1.05.Uni-Med_169.JPG,B1.05.Uni-Med_169.JPG,B1.05,B1,val
raw_data/B1.05/B1.05.Uni-Med_17.JPG,B1.05.Uni-Med_17.JPG,B1.05,B1,val
raw_data/B1.05/B1.05.Uni-Med_170.JPG,B1.05.Uni-Med_170.JPG,B1.05,B1,val
raw_data/B1.05/B1.05.Uni-Med_171.JPG,B1.05.Uni-Med_171.JPG,B1.05,B1,val
raw_data/B1.05/B1.05.Uni-Med_172.JPG,B1.05.Uni-Med_172.JPG,B1.05,B1,val
raw_data/B1.05/B1.05.Uni-Med_173.JPG,B1.05.Uni-Med_173.JPG,B1.05,B1,val
raw_data/B1.05/B1.05.Uni-Med_174.JPG,B1.05.Uni-Med_174.JPG,B1.05,B1,val
raw_data/B1.05/B1.05.Uni-Med_175.JPG,B1.05.Uni-Med_175.JPG,B1.05,B1,val
raw_data/B1.05/B1.05.Uni-Med_176.JPG,B1.05.Uni-Med_176.JPG,B1.05,B1,val
raw_data/B1.05/B1.05.Uni-Med_177.JPG,B1.05.Uni-Med_177.JPG,B1.05,B1,val
raw_data/B1.05/B1.05.Uni-Med_178.JPG,B1.05.Uni-Med_178.JPG,B1.05,B1,val
raw_data/B1.05/B1.05.Uni-Med_179.JPG,B1.05.Uni-Med_179.JPG,B1.05,B1,val
raw_data/B1.05/B1.05.Uni-Med_18.JPG,B1.05.Uni-Med_18.JPG,B1.05,B1,val
raw_data/B1.05/B1.05.Uni-Med_19.JPG,B1.05.Uni-Med_19.JPG,B1.05,B1,val
raw_data/B1.05/B1.05.Uni-Med_20.JPG,B1.05.Uni-Med_20.JPG,B1.05,B1,val
raw_data/B1.05/B1.05.Uni-Med_21.JPG,B1.05.Uni-Med_21.JPG,B1.05,B1,val
raw_data/B1.05/B1.05.Uni-Med_22.JPG,B1.05.Uni-Med_22.JPG,B1.05,B1,val
raw_data/B1.05/B1.05.Uni-Med_23.JPG,B1.05.Uni-Med_23.JPG,B1.05,B1,val
raw_data/B1.05/B1.05.Uni-Med_24.JPG,B1.05.Uni-Med_24.JPG,B1.05,B1,val
raw_data/B1.05/B1.05.Uni-Med_25.JPG,B1.05.Uni-Med_25.JPG,B1.05,B1,val
raw_data/B1.05/B1.05.Uni-Med_26.JPG,B1.05.Uni-Med_26.JPG,B1.05,B1,val
raw_data/B1.05/B1.05.Uni-Med_27.JPG,B1.05.Uni-Med_27.JPG,B1.05,B1,val
raw_data/B1.05/B1.05.Uni-Med_28.JPG,B1.05.Uni-Med_28.JPG,B1.05,B1,val
raw_data/B1.05/B1.05.Uni-Med_29.JPG,B1.05.Uni-Med_29.JPG,B1.05,B1,val
raw_data/B1.05/B1.05.Uni-Med_30.JPG,B1.05.Uni-Med_30.JPG,B1.05,B1,val
raw_data/B1.05/B1.05.Uni-Med_31.JPG,B1.05.Uni-Med_31.JPG,B1.05,B1,val
raw_data/B1.05/B1.05.Uni-Med_32.JPG,B1.05.Uni-Med_32.JPG,B1.05,B1,val
raw_data/B1.05/B1.05.Uni-Med_33.JPG,B1.05.Uni-Med_33.JPG,B1.05,B1,val
raw_data/B1.05/B1.05.Uni-Med_34.JPG,B1.05.Uni-Med_34.JPG,B1.05,B1,val
raw_data/B1.05/B1.05.Uni-Med_35.JPG,B1.05.Uni-Med_35.JPG,B1.05,B1,val
raw_data/B1.05/B1.05.Uni-Med_36.JPG,B1.05.Uni-Med_36.JPG,B1.05,B1,val
raw_data/B1.05/B1.05.Uni-Med_37.JPG,B1.05.Uni-Med_37.JPG,B1.05,B1,val
raw_data/B1.05/B1.05.Uni-Med_38.JPG,B1.05.Uni-Med_38.JPG,B1.05,B1,val
raw_data/B1.05/B1.05.Uni-Med_39.JPG,B1.05.Uni-Med_39.JPG,B1.05,B1,val
raw_data/B1.05/B1.05.Uni-Med_40.JPG,B1.05.Uni-Med_40.JPG,B1.05,B1,val
raw_data/B1.05/B1.05.Uni-Med_41.JPG,B1.05.Uni-Med_41.JPG,B1.05,B1,val
raw_data/B1.05/B1.05.Uni-Med_42.JPG,B1.05.Uni-Med_42.JPG,B1.05,B1,val
raw_data/B1.05/B1.05.Uni-Med_43.JPG,B1.05.Uni-Med_43.JPG,B1.05,B1,val
raw_data/B1.05/B1.05.Uni-Med_44.JPG,B1.05.Uni-Med_44.JPG,B1.05,B1,val
raw_data/B1.05/B1.05.Uni-Med_45.JPG,B1.05.Uni-Med_45.JPG,B1.05,B1,val
raw_data/B1.05/B1.05.Uni-Med_46.JPG,B1.05.Uni-Med_46.JPG,B1.05,B1,val
raw_data/B1.05/B1.05.Uni-Med_47.JPG,B1.05.Uni-Med_47.JPG,B1.05,B1,val
raw_data/B1.05/B1.05.Uni-Med_48.JPG,B1.05.Uni-Med_48.JPG,B1.05,B1,val
raw_data/B1.05/B1.05.Uni-Med_49.JPG,B1.05.Uni-Med_49.JPG,B1.05,B1,val
raw_data/B1.05/B1.05.Uni-Med_50.JPG,B1.05.Uni-Med_50.JPG,B1.05,B1,val
raw_data/B1.05/B1.05.Uni-Med_51.JPG,B1.05.Uni-Med_51.JPG,B1.05,B1,val
raw_data/B1.05/B1.05.Uni-Med_52.JPG,B1.05.Uni-Med_52.JPG,B1.05,B1,val
raw_data/B1.05/B1.05.Uni-Med_53.JPG,B1.05.Uni-Med_53.JPG,B1.05,B1,val
raw_data/B1.05/B1.05.Uni-Med_54.JPG,B1.05.Uni-Med_54.JPG,B1.05,B1,val
raw_data/B1.05/B1.05.Uni-Med_55.JPG,B1.05.Uni-Med_55.JPG,B1.05,B1,val
raw_data/B1.05/B1.05.Uni-Med_56.JPG,B1.05.Uni-Med_56.JPG,B1.05,B1,val
raw_data/B1.05/B1.05.Uni-Med_57.JPG,B1.05.Uni-Med_57.JPG,B1.05,B1,val
raw_data/B1.05/B1.05.Uni-Med_58.JPG,B1.05.Uni-Med_58.JPG,B1.05,B1,val
raw_data/B1.05/B1.05.Uni-Med_59.JPG,B1.05.Uni-Med_59.JPG,B1.05,B1,val
raw_data/B1.05/B1.05.Uni-Med_60.JPG,B1.05.Uni-Med_60.JPG,B1.05,B1,val
raw_data/B1.05/B1.05.Uni-Med_61.JPG,B1.05.Uni-Med_61.JPG,B1.05,B1,val
raw_data/B1.05/B1.05.Uni-Med_62.JPG,B1.05.Uni-Med_62.JPG,B1.05,B1,val
raw_data/B1.05/B1.05.Uni-Med_63.JPG,B1.05.Uni-Med_63.JPG,B1.05,B1,val
raw_data/B1.05/B1.05.Uni-Med_64.JPG,B1.05.Uni-Med_64.JPG,B1.05,B1,val
raw_data/B1.05/B1.05.Uni-Med_65.JPG,B1.05.Uni-Med_65.JPG,B1.05,B1,val
raw_data/B1.05/B1.05.Uni-Med_66.JPG,B1.05.Uni-Med_66.JPG,B1.05,B1,val
raw_data/B1.05/B1.05.Uni-Med_67.JPG,B1.05.Uni-Med_67.JPG,B1.05,B1,val
raw_data/B1.05/B1.05.Uni-Med_68.JPG,B1.05.Uni-Med_68.JPG,B1.05,B1,val
raw_data/B1.05/B1.05.Uni-Med_69.JPG,B1.05.Uni-Med_69.JPG,B1.05,B1,val
raw_data/B1.05/B1.05.Uni-Med_70.JPG,B1.05.Uni-Med_70.JPG,B1.05,B1,val
raw_data/B1.05/B1.05.Uni-Med_71.JPG,B1.05.Uni-Med_71.JPG,B1.05,B1,val
raw_data/B1.05/B1.05.Uni-Med_72.JPG,B1.05.Uni-Med_72.JPG,B1.05,B1,val
raw_data/B1.05/B1.05.Uni-Med_73.JPG,B1.05.Uni-Med_73.JPG,B1.05,B1,val
raw_data/B1.05/B1.05.Uni-Med_74.JPG,B1.05.Uni-Med_74.JPG,B1.05,B1,val
raw_data/B1.05/B1.05.Uni-Med_75.JPG,B1.05.Uni-Med_75.JPG,B1.05,B1,val
raw_data/B1.05/B1.05.Uni-Med_76.JPG,B1.05.Uni-Med_76.JPG,B1.05,B1,val
raw_data/B1.05/B1.05.Uni-Med_77.JPG,B1.05.Uni-Med_77.JPG,B1.05,B1,val
raw_data/B1.05/B1.05.Uni-Med_78.JPG,B1.05.Uni-Med_78.JPG,B1.05,B1,val
raw_data/B1.05/B1.05.Uni-Med_79.JPG,B1.05.Uni-Med_79.JPG,B1.05,B1,val
raw_data/B1.05/B1.05.Uni-Med_80.JPG,B1.05.Uni-Med_80.JPG,B1.05,B1,val
raw_data/B1.05/B1.05.Uni-Med_81.JPG,B1.05.Uni-Med_81.JPG,B1.05,B1,val
raw_data/B1.05/B1.05.Uni-Med_82.JPG,B1.05.Uni-Med_82.JPG,B1.05,B1,val
raw_data/B1.05/B1.05.Uni-Med_83.JPG,B1.05.Uni-Med_83.JPG,B1.05,B1,val
raw_data/B1.05/B1.05.Uni-Med_84.JPG,B1.05.Uni-Med_84.JPG,B1.05,B1,val
raw_data/B1.05/B1.05.Uni-Med_85.JPG,B1.05.Uni-Med_85.JPG,B1.05,B1,val
raw_data/B1.05/B1.05.Uni-Med_86.JPG,B1.05.Uni-Med_86.JPG,B1.05,B1,val
raw_data/B1.05/B1.05.Uni-Med_87.JPG,B1.05.Uni-Med_87.JPG,B1.05,B1,val
raw_data/B1.05/B1.05.Uni-Med_88.JPG,B1.05.Uni-Med_88.JPG,B1.05,B1,val
raw_data/B1.05/B1.05.Uni-Med_89.JPG,B1.05.Uni-Med_89.JPG,B1.05,B1,val
raw_data/B1.05/B1.05.Uni-Med_90.JPG,B1.05.Uni-Med_90.JPG,B1.05,B1,val
raw_data/B1.05/B1.05.Uni-Med_91.JPG,B1.05.Uni-Med_91.JPG,B1.05,B1,val
raw_data/B1.05/B1.05.Uni-Med_92.JPG,B1.05.Uni-Med_92.JPG,B1.05,B1,val
raw_data/B1.05/B1.05.Uni-Med_93.JPG,B1.05.Uni-Med_93.JPG,B1.05,B1,val
raw_data/B1.05/B1.05.Uni-Med_94.JPG,B1.05.Uni-Med_94.JPG,B1.05,B1,val
raw_data/B1.05/B1.05.Uni-Med_95.JPG,B1.05.Uni-Med_95.JPG,B1.05,B1,val
raw_data/B1.05/B1.05.Uni-Med_96.JPG,B1.05.Uni-Med_96.JPG,B1.05,B1,val
raw_data/B1.05/B1.05.Uni-Med_97.JPG,B1.05.Uni-Med_97.JPG,B1.05,B1,val
raw_data/B1.05/B1.05.Uni-Med_98.JPG,B1.05.Uni-Med_98.JPG,B1.05,B1,val
raw_data/B1.05/B1.05.Uni-Med_99.JPG,B1.05.Uni-Med_99.JPG,B1.05,B1,val
raw_data/B1.06/B1.06.Geo-Mus_01.jpg,B1.06.Geo-Mus_01.jpg,B1.06,B1,train
raw_data/B1.06/B1.06.Geo-Mus_02.jpg,B1.06.Geo-Mus_02.jpg,B1.06,B1,train
raw_data/B1.06/B1.06.Geo-Mus_03.jpg,B1.06.Geo-Mus_03.jpg,B1.06,B1,train
raw_data/B1.06/B1.06.Geo-Mus_04.jpg,B1.06.Geo-Mus_04.jpg,B1.06,B1,train
raw_data/B1.06/B1.06.Geo-Mus_05.jpg,B1.06.Geo-Mus_05.jpg,B1.06,B1,train
raw_data/B1.06/B1.06.Geo-Mus_06.jpg,B1.06.Geo-Mus_06.jpg,B1.06,B1,train
raw_data/B1.06/B1.06.Geo-Mus_07.jpg,B1.06.Geo-Mus_07.jpg,B1.06,B1,train
raw_data/B1.06/B1.06.Geo-Mus_08.jpg,B1.06.Geo-Mus_08.jpg,B1.06,B1,train
raw_data/B1.06/B1.06.Geo-Mus_09.jpg,B1.06.Geo-Mus_09.jpg,B1.06,B1,train
raw_data/B1.06/B1.06.Geo-Mus_10.jpg,B1.06.Geo-Mus_10.jpg,B1.06,B1,train
raw_data/B1.06/B1.06.Geo-Mus_100.jpg,B1.06.Geo-Mus_100.jpg,B1.06,B1,train
raw_data/B1.06/B1.06.Geo-Mus_101.jpg,B1.06.Geo-Mus_101.jpg,B1.06,B1,train
raw_data/B1.06/B1.06.Geo-Mus_102.jpg,B1.06.Geo-Mus_102.jpg,B1.06,B1,train
raw_data/B1.06/B1.06.Geo-Mus_103.jpg,B1.06.Geo-Mus_103.jpg,B1.06,B1,train
raw_data/B1.06/B1.06.Geo-Mus_104.jpg,B1.06.Geo-Mus_104.jpg,B1.06,B1,train
raw_data/B1.06/B1.06.Geo-Mus_105.jpg,B1.06.Geo-Mus_105.jpg,B1.06,B1,train
raw_data/B1.06/B1.06.Geo-Mus_106.jpg,B1.06.Geo-Mus_106.jpg,B1.06,B1,train
raw_data/B1.06/B1.06.Geo-Mus_107.jpg,B1.06.Geo-Mus_107.jpg,B1.06,B1,train
raw_data/B1.06/B1.06.Geo-Mus_108.jpg,B1.06.Geo-Mus_108.jpg,B1.06,B1,train
raw_data/B1.06/B1.06.Geo-Mus_109.jpg,B1.06.Geo-Mus_109.jpg,B1.06,B1,train
raw_data/B1.06/B1.06.Geo-Mus_11.jpg,B1.06.Geo-Mus_11.jpg,B1.06,B1,train
raw_data/B1.06/B1.06.Geo-Mus_110.jpg,B1.06.Geo-Mus_110.jpg,B1.06,B1,train
raw_data/B1.06/B1.06.Geo-Mus_111.jpg,B1.06.Geo-Mus_111.jpg,B1.06,B1,train
raw_data/B1.06/B1.06.Geo-Mus_112.jpg,B1.06.Geo-Mus_112.jpg,B1.06,B1,train
raw_data/B1.06/B1.06.Geo-Mus_113.jpg,B1.06.Geo-Mus_113.jpg,B1.06,B1,train
raw_data/B1.06/B1.06.Geo-Mus_114.jpg,B1.06.Geo-Mus_114.jpg,B1.06,B1,train
raw_data/B1.06/B1.06.Geo-Mus_115.jpg,B1.06.Geo-Mus_115.jpg,B1.06,B1,train
raw_data/B1.06/B1.06.Geo-Mus_116.JPG,B1.06.Geo-Mus_116.JPG,B1.06,B1,train
raw_data/B1.06/B1.06.Geo-Mus_117.JPG,B1.06.Geo-Mus_117.JPG,B1.06,B1,train
raw_data/B1.06/B1.06.Geo-Mus_118.JPG,B1.06.Geo-Mus_118.JPG,B1.06,B1,train
raw_data/B1.06/B1.06.Geo-Mus_119.JPG,B1.06.Geo-Mus_119.JPG,B1.06,B1,train
raw_data/B1.06/B1.06.Geo-Mus_12.jpg,B1.06.Geo-Mus_12.jpg,B1.06,B1,train
raw_data/B1.06/B1.06.Geo-Mus_120.JPG,B1.06.Geo-Mus_120.JPG,B1.06,B1,train
raw_data/B1.06/B1.06.Geo-Mus_121.JPG,B1.06.Geo-Mus_121.JPG,B1.06,B1,train
raw_data/B1.06/B1.06.Geo-Mus_122.JPG,B1.06.Geo-Mus_122.JPG,B1.06,B1,train
raw_data/B1.06/B1.06.Geo-Mus_123.JPG,B1.06.Geo-Mus_123.JPG,B1.06,B1,train
raw_data/B1.06/B1.06.Geo-Mus_124.JPG,B1.06.Geo-Mus_124.JPG,B1.06,B1,train
raw_data/B1.06/B1.06.Geo-Mus_125.JPG,B1.06.Geo-Mus_125.JPG,B1.06,B1,train
raw_data/B1.06/B1.06.Geo-Mus_126.JPG,B1.06.Geo-Mus_126.JPG,B1.06,B1,train
raw_data/B1.06/B1.06.Geo-Mus_127.JPG,B1.06.Geo-Mus_127.JPG,B1.06,B1,train
raw_data/B1.06/B1.06.Geo-Mus_128.JPG,B1.06.Geo-Mus_128.JPG,B1.06,B1,train
raw_data/B1.06/B1.06.Geo-Mus_129.JPG,B1.06.Geo-Mus_129.JPG,B1.06,B1,train
raw_data/B1.06/B1.06.Geo-Mus_13.jpg,B1.06.Geo-Mus_13.jpg,B1.06,B1,train
raw_data/B1.06/B1.06.Geo-Mus_130.JPG,B1.06.Geo-Mus_130.JPG,B1.06,B1,train
raw_data/B1.06/B1.06.Geo-Mus_131.JPG,B1.06.Geo-Mus_131.JPG,B1.06,B1,train
raw_data/B1.06/B1.06.Geo-Mus_132.JPG,B1.06.Geo-Mus_132.JPG,B1.06,B1,train
raw_data/B1.06/B1.06.Geo-Mus_133.JPG,B1.06.Geo-Mus_133.JPG,B1.06,B1,train
raw_data/B1.06/B1.06.Geo-Mus_134.JPG,B1.06.Geo-Mus_134.JPG,B1.06,B1,train
raw_data/B1.06/B1.06.Geo-Mus_135.JPG,B1.06.Geo-Mus_135.JPG,B1.06,B1,train
raw_data/B1.06/B1.06.Geo-Mus_136.JPG,B1.06.Geo-Mus_136.JPG,B1.06,B1,train
raw_data/B1.06/B1.06.Geo-Mus_137.JPG,B1.06.Geo-Mus_137.JPG,B1.06,B1,train
raw_data/B1.06/B1.06.Geo-Mus_138.JPG,B1.06.Geo-Mus_138.JPG,B1.06,B1,train
raw_data/B1.06/B1.06.Geo-Mus_139.JPG,B1.06.Geo-Mus_139.JPG,B1.06,B1,train
raw_data/B1.06/B1.06.Geo-Mus_14.jpg,B1.06.Geo-Mus_14.jpg,B1.06,B1,train
raw_data/B1.06/B1.06.Geo-Mus_140.JPG,B1.06.Geo-Mus_140.JPG,B1.06,B1,train
raw_data/B1.06/B1.06.Geo-Mus_141.JPG,B1.06.Geo-Mus_141.JPG,B1.06,B1,train
raw_data/B1.06/B1.06.Geo-Mus_142.JPG,B1.06.Geo-Mus_142.JPG,B1.06,B1,train
raw_data/B1.06/B1.06.Geo-Mus_15.jpg,B1.06.Geo-Mus_15.jpg,B1.06,B1,train
raw_data/B1.06/B1.06.Geo-Mus_16.jpg,B1.06.Geo-Mus_16.jpg,B1.06,B1,train
raw_data/B1.06/B1.06.Geo-Mus_17.jpg,B1.06.Geo-Mus_17.jpg,B1.06,B1,train
raw_data/B1.06/B1.06.Geo-Mus_18.jpg,B1.06.Geo-Mus_18.jpg,B1.06,B1,train
raw_data/B1.06/B1.06.Geo-Mus_19.jpg,B1.06.Geo-Mus_19.jpg,B1.06,B1,train
raw_data/B1.06/B1.06.Geo-Mus_20.jpg,B1.06.Geo-Mus_20.jpg,B1.06,B1,train
raw_data/B1.06/B1.06.Geo-Mus_21.jpg,B1.06.Geo-Mus_21.jpg,B1.06,B1,train
raw_data/B1.06/B1.06.Geo-Mus_22.jpg,B1.06.Geo-Mus_22.jpg,B1.06,B1,train
raw_data/B1.06/B1.06.Geo-Mus_23.jpg,B1.06.Geo-Mus_23.jpg,B1.06,B1,train
raw_data/B1.06/B1.06.Geo-Mus_24.jpg,B1.06.Geo-Mus_24.jpg,B1.06,B1,train
raw_data/B1.06/B1.06.Geo-Mus_25.jpg,B1.06.Geo-Mus_25.jpg,B1.06,B1,train
raw_data/B1.06/B1.06.Geo-Mus_26.jpg,B1.06.Geo-Mus_26.jpg,B1.06,B1,train
raw_data/B1.06/B1.06.Geo-Mus_27.jpg,B1.06.Geo-Mus_27.jpg,B1.06,B1,train
raw_data/B1.06/B1.06.Geo-Mus_28.jpg,B1.06.Geo-Mus_28.jpg,B1.06,B1,train
raw_data/B1.06/B1.06.Geo-Mus_29.jpg,B1.06.Geo-Mus_29.jpg,B1.06,B1,train
raw_data/B1.06/B1.06.Geo-Mus_30.jpg,B1.06.Geo-Mus_30.jpg,B1.06,B1,train
raw_data/B1.06/B1.06.Geo-Mus_31.jpg,B1.06.Geo-Mus_31.jpg,B1.06,B1,train
raw_data/B1.06/B1.06.Geo-Mus_32.jpg,B1.06.Geo-Mus_32.jpg,B1.06,B1,train
raw_data/B1.06/B1.06.Geo-Mus_33.jpg,B1.06.Geo-Mus_33.jpg,B1.06,B1,train
raw_data/B1.06/B1.06.Geo-Mus_34.jpg,B1.06.Geo-Mus_34.jpg,B1.06,B1,train
raw_data/B1.06/B1.06.Geo-Mus_35.jpg,B1.06.Geo-Mus_35.jpg,B1.06,B1,train
raw_data/B1.06/B1.06.Geo-Mus_36.jpg,B1.06.Geo-Mus_36.jpg,B1.06,B1,train
raw_data/B1.06/B1.06.Geo-Mus_37.jpg,B1.06.Geo-Mus_37.jpg,B1.06,B1,train
raw_data/B1.06/B1.06.Geo-Mus_38.jpg,B1.06.Geo-Mus_38.jpg,B1.06,B1,train
raw_data/B1.06/B1.06.Geo-Mus_39.jpg,B1.06.Geo-Mus_39.jpg,B1.06,B1,train
raw_data/B1.06/B1.06.Geo-Mus_40.jpg,B1.06.Geo-Mus_40.jpg,B1.06,B1,train
raw_data/B1.06/B1.06.Geo-Mus_41.jpg,B1.06.Geo-Mus_41.jpg,B1.06,B1,train
raw_data/B1.06/B1.06.Geo-Mus_42.jpg,B1.06.Geo-Mus_42.jpg,B1.06,B1,train
raw_data/B1.06/B1.06.Geo-Mus_43.jpg,B1.06.Geo-Mus_43.jpg,B1.06,B1,train
raw_data/B1.06/B1.06.Geo-Mus_44.jpg,B1.06.Geo-Mus_44.jpg,B1.06,B1,train
raw_data/B1.06/B1.06.Geo-Mus_45.jpg,B1.06.Geo-Mus_45.jpg,B1.06,B1,train
raw_data/B1.06/B1.06.Geo-Mus_46.jpg,B1.06.Geo-Mus_46.jpg,B1.06,B1,train
raw_data/B1.06/B1.06.Geo-Mus_47.jpg,B1.06.Geo-Mus_47.jpg,B1.06,B1,train
raw_data/B1.06/B1.06.Geo-Mus_48.jpg,B1.06.Geo-Mus_48.jpg,B1.06,B1,train
raw_data/B1.06/B1.06.Geo-Mus_49.jpg,B1.06.Geo-Mus_49.jpg,B1.06,B1,train
raw_data/B1.06/B1.06.Geo-Mus_50.jpg,B1.06.Geo-Mus_50.jpg,B1.06,B1,train
raw_data/B1.06/B1.06.Geo-Mus_51.jpg,B1.06.Geo-Mus_51.jpg,B1.06,B1,train
raw_data/B1.06/B1.06.Geo-Mus_52.jpg,B1.06.Geo-Mus_52.jpg,B1.06,B1,train
raw_data/B1.06/B1.06.Geo-Mus_53.jpg,B1.06.Geo-Mus_53.jpg,B1.06,B1,train
raw_data/B1.06/B1.06.Geo-Mus_54.jpg,B1.06.Geo-Mus_54.jpg,B1.06,B1,train
raw_data/B1.06/B1.06.Geo-Mus_55.jpg,B1.06.Geo-Mus_55.jpg,B1.06,B1,train
raw_data/B1.06/B1.06.Geo-Mus_56.jpg,B1.06.Geo-Mus_56.jpg,B1.06,B1,train
raw_data/B1.06/B1.06.Geo-Mus_57.jpg,B1.06.Geo-Mus_57.jpg,B1.06,B1,train
raw_data/B1.06/B1.06.Geo-Mus_58.jpg,B1.06.Geo-Mus_58.jpg,B1.06,B1,train
raw_data/B1.06/B1.06.Geo-Mus_59.jpg,B1.06.Geo-Mus_59.jpg,B1.06,B1,train
raw_data/B1.06/B1.06.Geo-Mus_60.jpg,B1.06.Geo-Mus_60.jpg,B1.06,B1,train
raw_data/B1.06/B1.06.Geo-Mus_61.jpg,B1.06.Geo-Mus_61.jpg,B1.06,B1,train
raw_data/B1.06/B1.06.Geo-Mus_62.jpg,B1.06.Geo-Mus_62.jpg,B1.06,B1,train
raw_data/B1.06/B1.06.Geo-Mus_63.jpg,B1.06.Geo-Mus_63.jpg,B1.06,B1,train
raw_data/B1.06/B1.06.Geo-Mus_64.jpg,B1.06.Geo-Mus_64.jpg,B1.06,B1,train
raw_data/B1.06/B1.06.Geo-Mus_65.jpg,B1.06.Geo-Mus_65.jpg,B1.06,B1,train
raw_data/B1.06/B1.06.Geo-Mus_66.jpg,B1.06.Geo-Mus_66.jpg,B1.06,B1,train
raw_data/B1.06/B1.06.Geo-Mus_67.jpg,B1.06.Geo-Mus_67.jpg,B1.06,B1,train
raw_data/B1.06/B1.06.Geo-Mus_68.jpg,B1.06.Geo-Mus_68.jpg,B1.06,B1,train
raw_data/B1.06/B1.06.Geo-Mus_69.jpg,B1.06.Geo-Mus_69.jpg,B1.06,B1,train
raw_data/B1.06/B1.06.Geo-Mus_70.jpg,B1.06.Geo-Mus_70.jpg,B1.06,B1,train
raw_data/B1.06/B1.06.Geo-Mus_71.jpg,B1.06.Geo-Mus_71.jpg,B1.06,B1,train
raw_data/B1.06/B1.06.Geo-Mus_72.jpg,B1.06.Geo-Mus_72.jpg,B1.06,B1,train
raw_data/B1.06/B1.06.Geo-Mus_73.jpg,B1.06.Geo-Mus_73.jpg,B1.06,B1,train
raw_data/B1.06/B1.06.Geo-Mus_74.jpg,B1.06.Geo-Mus_74.jpg,B1.06,B1,train
raw_data/B1.06/B1.06.Geo-Mus_75.jpg,B1.06.Geo-Mus_75.jpg,B1.06,B1,train
raw_data/B1.06/B1.06.Geo-Mus_76.jpg,B1.06.Geo-Mus_76.jpg,B1.06,B1,train
raw_data/B1.06/B1.06.Geo-Mus_77.jpg,B1.06.Geo-Mus_77.jpg,B1.06,B1,train
raw_data/B1.06/B1.06.Geo-Mus_78.jpg,B1.06.Geo-Mus_78.jpg,B1.06,B1,train
raw_data/B1.06/B1.06.Geo-Mus_79.jpg,B1.06.Geo-Mus_79.jpg,B1.06,B1,train
raw_data/B1.06/B1.06.Geo-Mus_80.jpg,B1.06.Geo-Mus_80.jpg,B1.06,B1,train
raw_data/B1.06/B1.06.Geo-Mus_81.jpg,B1.06.Geo-Mus_81.jpg,B1.06,B1,train
raw_data/B1.06/B1.06.Geo-Mus_82.jpg,B1.06.Geo-Mus_82.jpg,B1.06,B1,train
raw_data/B1.06/B1.06.Geo-Mus_83.jpg,B1.06.Geo-Mus_83.jpg,B1.06,B1,train
raw_data/B1.06/B1.06.Geo-Mus_84.jpg,B1.06.Geo-Mus_84.jpg,B1.06,B1,train
raw_data/B1.06/B1.06.Geo-Mus_85.jpg,B1.06.Geo-Mus_85.jpg,B1.06,B1,train
raw_data/B1.06/B1.06.Geo-Mus_86.jpg,B1.06.Geo-Mus_86.jpg,B1.06,B1,train
raw_data/B1.06/B1.06.Geo-Mus_87.jpg,B1.06.Geo-Mus_87.jpg,B1.06,B1,train
raw_data/B1.06/B1.06.Geo-Mus_88.jpg,B1.06.Geo-Mus_88.jpg,B1.06,B1,train
raw_data/B1.06/B1.06.Geo-Mus_89.jpg,B1.06.Geo-Mus_89.jpg,B1.06,B1,train
raw_data/B1.06/B1.06.Geo-Mus_90.jpg,B1.06.Geo-Mus_90.jpg,B1.06,B1,train
raw_data/B1.06/B1.06.Geo-Mus_91.jpg,B1.06.Geo-Mus_91.jpg,B1.06,B1,train
raw_data/B1.06/B1.06.Geo-Mus_92.jpg,B1.06.Geo-Mus_92.jpg,B1.06,B1,train
raw_data/B1.06/B1.06.Geo-Mus_93.jpg,B1.06.Geo-Mus_93.jpg,B1.06,B1,train
raw_data/B1.06/B1.06.Geo-Mus_94.jpg,B1.06.Geo-Mus_94.jpg,B1.06,B1,train
raw_data/B1.06/B1.06.Geo-Mus_95.jpg,B1.06.Geo-Mus_95.jpg,B1.06,B1,train
raw_data/B1.06/B1.06.Geo-Mus_96.jpg,B1.06.Geo-Mus_96.jpg,B1.06,B1,train
raw_data/B1.06/B1.06.Geo-Mus_97.jpg,B1.06.Geo-Mus_97.jpg,B1.06,B1,train
raw_data/B1.06/B1.06.Geo-Mus_98.jpg,B1.06.Geo-Mus_98.jpg,B1.06,B1,train
raw_data/B1.06/B1.06.Geo-Mus_99.jpg,B1.06.Geo-Mus_99.jpg,B1.06,B1,train
raw_data/B1.07/B1.07.Tho-Nha_01.jpg,B1.07.Tho-Nha_01.jpg,B1.07,B1,train
raw_data/B1.07/B1.07.Tho-Nha_02.jpg,B1.07.Tho-Nha_02.jpg,B1.07,B1,train
raw_data/B1.07/B1.07.Tho-Nha_03.jpg,B1.07.Tho-Nha_03.jpg,B1.07,B1,train
raw_data/B1.07/B1.07.Tho-Nha_04.jpg,B1.07.Tho-Nha_04.jpg,B1.07,B1,train
raw_data/B1.07/B1.07.Tho-Nha_05.jpg,B1.07.Tho-Nha_05.jpg,B1.07,B1,train
raw_data/B1.07/B1.07.Tho-Nha_06.jpg,B1.07.Tho-Nha_06.jpg,B1.07,B1,train
raw_data/B1.07/B1.07.Tho-Nha_07.jpg,B1.07.Tho-Nha_07.jpg,B1.07,B1,train
raw_data/B1.07/B1.07.Tho-Nha_08.jpg,B1.07.Tho-Nha_08.jpg,B1.07,B1,train
raw_data/B1.07/B1.07.Tho-Nha_09.jpg,B1.07.Tho-Nha_09.jpg,B1.07,B1,train
raw_data/B1.07/B1.07.Tho-Nha_10.jpg,B1.07.Tho-Nha_10.jpg,B1.07,B1,train
raw_data/B1.07/B1.07.Tho-Nha_100.jpg,B1.07.Tho-Nha_100.jpg,B1.07,B1,train
raw_data/B1.07/B1.07.Tho-Nha_101.jpg,B1.07.Tho-Nha_101.jpg,B1.07,B1,train
raw_data/B1.07/B1.07.Tho-Nha_102.jpg,B1.07.Tho-Nha_102.jpg,B1.07,B1,train
raw_data/B1.07/B1.07.Tho-Nha_103.jpg,B1.07.Tho-Nha_103.jpg,B1.07,B1,train
raw_data/B1.07/B1.07.Tho-Nha_104.jpg,B1.07.Tho-Nha_104.jpg,B1.07,B1,train
raw_data/B1.07/B1.07.Tho-Nha_105.jpg,B1.07.Tho-Nha_105.jpg,B1.07,B1,train
raw_data/B1.07/B1.07.Tho-Nha_106.jpg,B1.07.Tho-Nha_106.jpg,B1.07,B1,train
raw_data/B1.07/B1.07.Tho-Nha_107.jpg,B1.07.Tho-Nha_107.jpg,B1.07,B1,train
raw_data/B1.07/B1.07.Tho-Nha_108.jpg,B1.07.Tho-Nha_108.jpg,B1.07,B1,train
raw_data/B1.07/B1.07.Tho-Nha_109.jpg,B1.07.Tho-Nha_109.jpg,B1.07,B1,train
raw_data/B1.07/B1.07.Tho-Nha_11.jpg,B1.07.Tho-Nha_11.jpg,B1.07,B1,train
raw_data/B1.07/B1.07.Tho-Nha_110.jpg,B1.07.Tho-Nha_110.jpg,B1.07,B1,train
raw_data/B1.07/B1.07.Tho-Nha_111.JPG,B1.07.Tho-Nha_111.JPG,B1.07,B1,train
raw_data/B1.07/B1.07.Tho-Nha_112.JPG,B1.07.Tho-Nha_112.JPG,B1.07,B1,train
raw_data/B1.07/B1.07.Tho-Nha_113.JPG,B1.07.Tho-Nha_113.JPG,B1.07,B1,train
raw_data/B1.07/B1.07.Tho-Nha_114.JPG,B1.07.Tho-Nha_114.JPG,B1.07,B1,train
raw_data/B1.07/B1.07.Tho-Nha_115.JPG,B1.07.Tho-Nha_115.JPG,B1.07,B1,train
raw_data/B1.07/B1.07.Tho-Nha_116.JPG,B1.07.Tho-Nha_116.JPG,B1.07,B1,train
raw_data/B1.07/B1.07.Tho-Nha_117.JPG,B1.07.Tho-Nha_117.JPG,B1.07,B1,train
raw_data/B1.07/B1.07.Tho-Nha_118.JPG,B1.07.Tho-Nha_118.JPG,B1.07,B1,train
raw_data/B1.07/B1.07.Tho-Nha_119.JPG,B1.07.Tho-Nha_119.JPG,B1.07,B1,train
raw_data/B1.07/B1.07.Tho-Nha_12.jpg,B1.07.Tho-Nha_12.jpg,B1.07,B1,train
raw_data/B1.07/B1.07.Tho-Nha_120.JPG,B1.07.Tho-Nha_120.JPG,B1.07,B1,train
raw_data/B1.07/B1.07.Tho-Nha_121.JPG,B1.07.Tho-Nha_121.JPG,B1.07,B1,train
raw_data/B1.07/B1.07.Tho-Nha_122.JPG,B1.07.Tho-Nha_122.JPG,B1.07,B1,train
raw_data/B1.07/B1.07.Tho-Nha_123.JPG,B1.07.Tho-Nha_123.JPG,B1.07,B1,train
raw_data/B1.07/B1.07.Tho-Nha_124.JPG,B1.07.Tho-Nha_124.JPG,B1.07,B1,train
raw_data/B1.07/B1.07.Tho-Nha_125.JPG,B1.07.Tho-Nha_125.JPG,B1.07,B1,train
raw_data/B1.07/B1.07.Tho-Nha_126.JPG,B1.07.Tho-Nha_126.JPG,B1.07,B1,train
raw_data/B1.07/B1.07.Tho-Nha_127.JPG,B1.07.Tho-Nha_127.JPG,B1.07,B1,train
raw_data/B1.07/B1.07.Tho-Nha_128.JPG,B1.07.Tho-Nha_128.JPG,B1.07,B1,train
raw_data/B1.07/B1.07.Tho-Nha_129.JPG,B1.07.Tho-Nha_129.JPG,B1.07,B1,train
raw_data/B1.07/B1.07.Tho-Nha_13.jpg,B1.07.Tho-Nha_13.jpg,B1.07,B1,train
raw_data/B1.07/B1.07.Tho-Nha_130.JPG,B1.07.Tho-Nha_130.JPG,B1.07,B1,train
raw_data/B1.07/B1.07.Tho-Nha_131.JPG,B1.07.Tho-Nha_131.JPG,B1.07,B1,train
raw_data/B1.07/B1.07.Tho-Nha_132.JPG,B1.07.Tho-Nha_132.JPG,B1.07,B1,train
raw_data/B1.07/B1.07.Tho-Nha_133.JPG,B1.07.Tho-Nha_133.JPG,B1.07,B1,train
raw_data/B1.07/B1.07.Tho-Nha_134.JPG,B1.07.Tho-Nha_134.JPG,B1.07,B1,train
raw_data/B1.07/B1.07.Tho-Nha_135.JPG,B1.07.Tho-Nha_135.JPG,B1.07,B1,train
raw_data/B1.07/B1.07.Tho-Nha_136.JPG,B1.07.Tho-Nha_136.JPG,B1.07,B1,train
raw_data/B1.07/B1.07.Tho-Nha_137.JPG,B1.07.Tho-Nha_137.JPG,B1.07,B1,train
raw_data/B1.07/B1.07.Tho-Nha_138.JPG,B1.07.Tho-Nha_138.JPG,B1.07,B1,train
raw_data/B1.07/B1.07.Tho-Nha_139.JPG,B1.07.Tho-Nha_139.JPG,B1.07,B1,train
raw_data/B1.07/B1.07.Tho-Nha_14.jpg,B1.07.Tho-Nha_14.jpg,B1.07,B1,train
raw_data/B1.07/B1.07.Tho-Nha_140.JPG,B1.07.Tho-Nha_140.JPG,B1.07,B1,train
raw_data/B1.07/B1.07.Tho-Nha_141.JPG,B1.07.Tho-Nha_141.JPG,B1.07,B1,train
raw_data/B1.07/B1.07.Tho-Nha_142.JPG,B1.07.Tho-Nha_142.JPG,B1.07,B1,train
raw_data/B1.07/B1.07.Tho-Nha_143.JPG,B1.07.Tho-Nha_143.JPG,B1.07,B1,train
raw_data/B1.07/B1.07.Tho-Nha_144.JPG,B1.07.Tho-Nha_144.JPG,B1.07,B1,train
raw_data/B1.07/B1.07.Tho-Nha_145.JPG,B1.07.Tho-Nha_145.JPG,B1.07,B1,train
raw_data/B1.07/B1.07.Tho-Nha_146.JPG,B1.07.Tho-Nha_146.JPG,B1.07,B1,train
raw_data/B1.07/B1.07.Tho-Nha_147.JPG,B1.07.Tho-Nha_147.JPG,B1.07,B1,train
raw_data/B1.07/B1.07.Tho-Nha_148.JPG,B1.07.Tho-Nha_148.JPG,B1.07,B1,train
raw_data/B1.07/B1.07.Tho-Nha_149.JPG,B1.07.Tho-Nha_149.JPG,B1.07,B1,train
raw_data/B1.07/B1.07.Tho-Nha_15.jpg,B1.07.Tho-Nha_15.jpg,B1.07,B1,train
raw_data/B1.07/B1.07.Tho-Nha_150.JPG,B1.07.Tho-Nha_150.JPG,B1.07,B1,train
raw_data/B1.07/B1.07.Tho-Nha_151.JPG,B1.07.Tho-Nha_151.JPG,B1.07,B1,train
raw_data/B1.07/B1.07.Tho-Nha_152.JPG,B1.07.Tho-Nha_152.JPG,B1.07,B1,train
raw_data/B1.07/B1.07.Tho-Nha_153.JPG,B1.07.Tho-Nha_153.JPG,B1.07,B1,train
raw_data/B1.07/B1.07.Tho-Nha_154.JPG,B1.07.Tho-Nha_154.JPG,B1.07,B1,train
raw_data/B1.07/B1.07.Tho-Nha_155.JPG,B1.07.Tho-Nha_155.JPG,B1.07,B1,train
raw_data/B1.07/B1.07.Tho-Nha_156.JPG,B1.07.Tho-Nha_156.JPG,B1.07,B1,train
raw_data/B1.07/B1.07.Tho-Nha_157.JPG,B1.07.Tho-Nha_157.JPG,B1.07,B1,train
raw_data/B1.07/B1.07.Tho-Nha_158.JPG,B1.07.Tho-Nha_158.JPG,B1.07,B1,train
raw_data/B1.07/B1.07.Tho-Nha_159.JPG,B1.07.Tho-Nha_159.JPG,B1.07,B1,train
raw_data/B1.07/B1.07.Tho-Nha_16.jpg,B1.07.Tho-Nha_16.jpg,B1.07,B1,train
raw_data/B1.07/B1.07.Tho-Nha_160.JPG,B1.07.Tho-Nha_160.JPG,B1.07,B1,train
raw_data/B1.07/B1.07.Tho-Nha_161.JPG,B1.07.Tho-Nha_161.JPG,B1.07,B1,train
raw_data/B1.07/B1.07.Tho-Nha_162.JPG,B1.07.Tho-Nha_162.JPG,B1.07,B1,train
raw_data/B1.07/B1.07.Tho-Nha_163.JPG,B1.07.Tho-Nha_163.JPG,B1.07,B1,train
raw_data/B1.07/B1.07.Tho-Nha_164.JPG,B1.07.Tho-Nha_164.JPG,B1.07,B1,train
raw_data/B1.07/B1.07.Tho-Nha_165.JPG,B1.07.Tho-Nha_165.JPG,B1.07,B1,train
raw_data/B1.07/B1.07.Tho-Nha_166.JPG,B1.07.Tho-Nha_166.JPG,B1.07,B1,train
raw_data/B1.07/B1.07.Tho-Nha_167.JPG,B1.07.Tho-Nha_167.JPG,B1.07,B1,train
raw_data/B1.07/B1.07.Tho-Nha_168.JPG,B1.07.Tho-Nha_168.JPG,B1.07,B1,train
raw_data/B1.07/B1.07.Tho-Nha_169.JPG,B1.07.Tho-Nha_169.JPG,B1.07,B1,train
raw_data/B1.07/B1.07.Tho-Nha_17.jpg,B1.07.Tho-Nha_17.jpg,B1.07,B1,train
raw_data/B1.07/B1.07.Tho-Nha_170.JPG,B1.07.Tho-Nha_170.JPG,B1.07,B1,train
raw_data/B1.07/B1.07.Tho-Nha_171.JPG,B1.07.Tho-Nha_171.JPG,B1.07,B1,train
raw_data/B1.07/B1.07.Tho-Nha_172.JPG,B1.07.Tho-Nha_172.JPG,B1.07,B1,train
raw_data/B1.07/B1.07.Tho-Nha_173.JPG,B1.07.Tho-Nha_173.JPG,B1.07,B1,train
raw_data/B1.07/B1.07.Tho-Nha_174.JPG,B1.07.Tho-Nha_174.JPG,B1.07,B1,train
raw_data/B1.07/B1.07.Tho-Nha_175.JPG,B1.07.Tho-Nha_175.JPG,B1.07,B1,train
raw_data/B1.07/B1.07.Tho-Nha_176.JPG,B1.07.Tho-Nha_176.JPG,B1.07,B1,train
raw_data/B1.07/B1.07.Tho-Nha_177.JPG,B1.07.Tho-Nha_177.JPG,B1.07,B1,train
raw_data/B1.07/B1.07.Tho-Nha_178.JPG,B1.07.Tho-Nha_178.JPG,B1.07,B1,train
raw_data/B1.07/B1.07.Tho-Nha_179.JPG,B1.07.Tho-Nha_179.JPG,B1.07,B1,train
raw_data/B1.07/B1.07.Tho-Nha_18.jpg,B1.07.Tho-Nha_18.jpg,B1.07,B1,train
raw_data/B1.07/B1.07.Tho-Nha_180.JPG,B1.07.Tho-Nha_180.JPG,B1.07,B1,train
raw_data/B1.07/B1.07.Tho-Nha_181.JPG,B1.07.Tho-Nha_181.JPG,B1.07,B1,train
raw_data/B1.07/B1.07.Tho-Nha_182.JPG,B1.07.Tho-Nha_182.JPG,B1.07,B1,train
raw_data/B1.07/B1.07.Tho-Nha_183.JPG,B1.07.Tho-Nha_183.JPG,B1.07,B1,train
raw_data/B1.07/B1.07.Tho-Nha_184.JPG,B1.07.Tho-Nha_184.JPG,B1.07,B1,train
raw_data/B1.07/B1.07.Tho-Nha_185.JPG,B1.07.Tho-Nha_185.JPG,B1.07,B1,train
raw_data/B1.07/B1.07.Tho-Nha_19.jpg,B1.07.Tho-Nha_19.jpg,B1.07,B1,train
raw_data/B1.07/B1.07.Tho-Nha_20.jpg,B1.07.Tho-Nha_20.jpg,B1.07,B1,train
raw_data/B1.07/B1.07.Tho-Nha_21.jpg,B1.07.Tho-Nha_21.jpg,B1.07,B1,train
raw_data/B1.07/B1.07.Tho-Nha_22.jpg,B1.07.Tho-Nha_22.jpg,B1.07,B1,train
raw_data/B1.07/B1.07.Tho-Nha_23.jpg,B1.07.Tho-Nha_23.jpg,B1.07,B1,train
raw_data/B1.07/B1.07.Tho-Nha_24.jpg,B1.07.Tho-Nha_24.jpg,B1.07,B1,train
raw_data/B1.07/B1.07.Tho-Nha_25.jpg,B1.07.Tho-Nha_25.jpg,B1.07,B1,train
raw_data/B1.07/B1.07.Tho-Nha_26.jpg,B1.07.Tho-Nha_26.jpg,B1.07,B1,train
raw_data/B1.07/B1.07.Tho-Nha_27.jpg,B1.07.Tho-Nha_27.jpg,B1.07,B1,train
raw_data/B1.07/B1.07.Tho-Nha_28.jpg,B1.07.Tho-Nha_28.jpg,B1.07,B1,train
raw_data/B1.07/B1.07.Tho-Nha_29.jpg,B1.07.Tho-Nha_29.jpg,B1.07,B1,train
raw_data/B1.07/B1.07.Tho-Nha_30.jpg,B1.07.Tho-Nha_30.jpg,B1.07,B1,train
raw_data/B1.07/B1.07.Tho-Nha_31.jpg,B1.07.Tho-Nha_31.jpg,B1.07,B1,train
raw_data/B1.07/B1.07.Tho-Nha_32.jpg,B1.07.Tho-Nha_32.jpg,B1.07,B1,train
raw_data/B1.07/B1.07.Tho-Nha_33.jpg,B1.07.Tho-Nha_33.jpg,B1.07,B1,train
raw_data/B1.07/B1.07.Tho-Nha_34.jpg,B1.07.Tho-Nha_34.jpg,B1.07,B1,train
raw_data/B1.07/B1.07.Tho-Nha_35.jpg,B1.07.Tho-Nha_35.jpg,B1.07,B1,train
raw_data/B1.07/B1.07.Tho-Nha_36.jpg,B1.07.Tho-Nha_36.jpg,B1.07,B1,train
raw_data/B1.07/B1.07.Tho-Nha_37.jpg,B1.07.Tho-Nha_37.jpg,B1.07,B1,train
raw_data/B1.07/B1.07.Tho-Nha_38.jpg,B1.07.Tho-Nha_38.jpg,B1.07,B1,train
raw_data/B1.07/B1.07.Tho-Nha_39.jpg,B1.07.Tho-Nha_39.jpg,B1.07,B1,train
raw_data/B1.07/B1.07.Tho-Nha_40.jpg,B1.07.Tho-Nha_40.jpg,B1.07,B1,train
raw_data/B1.07/B1.07.Tho-Nha_41.jpg,B1.07.Tho-Nha_41.jpg,B1.07,B1,train
raw_data/B1.07/B1.07.Tho-Nha_42.jpg,B1.07.Tho-Nha_42.jpg,B1.07,B1,train
raw_data/B1.07/B1.07.Tho-Nha_43.jpg,B1.07.Tho-Nha_43.jpg,B1.07,B1,train
raw_data/B1.07/B1.07.Tho-Nha_44.jpg,B1.07.Tho-Nha_44.jpg,B1.07,B1,train
raw_data/B1.07/B1.07.Tho-Nha_45.jpg,B1.07.Tho-Nha_45.jpg,B1.07,B1,train
raw_data/B1.07/B1.07.Tho-Nha_46.jpg,B1.07.Tho-Nha_46.jpg,B1.07,B1,train
raw_data/B1.07/B1.07.Tho-Nha_47.jpg,B1.07.Tho-Nha_47.jpg,B1.07,B1,train
raw_data/B1.07/B1.07.Tho-Nha_48.jpg,B1.07.Tho-Nha_48.jpg,B1.07,B1,train
raw_data/B1.07/B1.07.Tho-Nha_49.jpg,B1.07.Tho-Nha_49.jpg,B1.07,B1,train
raw_data/B1.07/B1.07.Tho-Nha_50.jpg,B1.07.Tho-Nha_50.jpg,B1.07,B1,train
raw_data/B1.07/B1.07.Tho-Nha_51.jpg,B1.07.Tho-Nha_51.jpg,B1.07,B1,train
raw_data/B1.07/B1.07.Tho-Nha_52.jpg,B1.07.Tho-Nha_52.jpg,B1.07,B1,train
raw_data/B1.07/B1.07.Tho-Nha_53.jpg,B1.07.Tho-Nha_53.jpg,B1.07,B1,train
raw_data/B1.07/B1.07.Tho-Nha_54.jpg,B1.07.Tho-Nha_54.jpg,B1.07,B1,train
raw_data/B1.07/B1.07.Tho-Nha_55.jpg,B1.07.Tho-Nha_55.jpg,B1.07,B1,train
raw_data/B1.07/B1.07.Tho-Nha_56.jpg,B1.07.Tho-Nha_56.jpg,B1.07,B1,train
raw_data/B1.07/B1.07.Tho-Nha_57.jpg,B1.07.Tho-Nha_57.jpg,B1.07,B1,train
raw_data/B1.07/B1.07.Tho-Nha_58.jpg,B1.07.Tho-Nha_58.jpg,B1.07,B1,train
raw_data/B1.07/B1.07.Tho-Nha_59.jpg,B1.07.Tho-Nha_59.jpg,B1.07,B1,train
raw_data/B1.07/B1.07.Tho-Nha_60.jpg,B1.07.Tho-Nha_60.jpg,B1.07,B1,train
raw_data/B1.07/B1.07.Tho-Nha_61.jpg,B1.07.Tho-Nha_61.jpg,B1.07,B1,train
raw_data/B1.07/B1.07.Tho-Nha_62.jpg,B1.07.Tho-Nha_62.jpg,B1.07,B1,train
raw_data/B1.07/B1.07.Tho-Nha_63.jpg,B1.07.Tho-Nha_63.jpg,B1.07,B1,train
raw_data/B1.07/B1.07.Tho-Nha_64.jpg,B1.07.Tho-Nha_64.jpg,B1.07,B1,train
raw_data/B1.07/B1.07.Tho-Nha_65.jpg,B1.07.Tho-Nha_65.jpg,B1.07,B1,train
raw_data/B1.07/B1.07.Tho-Nha_66.jpg,B1.07.Tho-Nha_66.jpg,B1.07,B1,train
raw_data/B1.07/B1.07.Tho-Nha_67.jpg,B1.07.Tho-Nha_67.jpg,B1.07,B1,train
raw_data/B1.07/B1.07.Tho-Nha_68.jpg,B1.07.Tho-Nha_68.jpg,B1.07,B1,train
raw_data/B1.07/B1.07.Tho-Nha_69.jpg,B1.07.Tho-Nha_69.jpg,B1.07,B1,train
raw_data/B1.07/B1.07.Tho-Nha_70.jpg,B1.07.Tho-Nha_70.jpg,B1.07,B1,train
raw_data/B1.07/B1.07.Tho-Nha_71.jpg,B1.07.Tho-Nha_71.jpg,B1.07,B1,train
raw_data/B1.07/B1.07.Tho-Nha_72.jpg,B1.07.Tho-Nha_72.jpg,B1.07,B1,train
raw_data/B1.07/B1.07.Tho-Nha_73.jpg,B1.07.Tho-Nha_73.jpg,B1.07,B1,train
raw_data/B1.07/B1.07.Tho-Nha_74.jpg,B1.07.Tho-Nha_74.jpg,B1.07,B1,train
raw_data/B1.07/B1.07.Tho-Nha_75.jpg,B1.07.Tho-Nha_75.jpg,B1.07,B1,train
raw_data/B1.07/B1.07.Tho-Nha_76.jpg,B1.07.Tho-Nha_76.jpg,B1.07,B1,train
raw_data/B1.07/B1.07.Tho-Nha_77.jpg,B1.07.Tho-Nha_77.jpg,B1.07,B1,train
raw_data/B1.07/B1.07.Tho-Nha_78.jpg,B1.07.Tho-Nha_78.jpg,B1.07,B1,train
raw_data/B1.07/B1.07.Tho-Nha_79.jpg,B1.07.Tho-Nha_79.jpg,B1.07,B1,train
raw_data/B1.07/B1.07.Tho-Nha_80.jpg,B1.07.Tho-Nha_80.jpg,B1.07,B1,train
raw_data/B1.07/B1.07.Tho-Nha_81.jpg,B1.07.Tho-Nha_81.jpg,B1.07,B1,train
raw_data/B1.07/B1.07.Tho-Nha_82.jpg,B1.07.Tho-Nha_82.jpg,B1.07,B1,train
raw_data/B1.07/B1.07.Tho-Nha_83.jpg,B1.07.Tho-Nha_83.jpg,B1.07,B1,train
raw_data/B1.07/B1.07.Tho-Nha_84.jpg,B1.07.Tho-Nha_84.jpg,B1.07,B1,train
raw_data/B1.07/B1.07.Tho-Nha_85.jpg,B1.07.Tho-Nha_85.jpg,B1.07,B1,train
raw_data/B1.07/B1.07.Tho-Nha_86.jpg,B1.07.Tho-Nha_86.jpg,B1.07,B1,train
raw_data/B1.07/B1.07.Tho-Nha_87.jpg,B1.07.Tho-Nha_87.jpg,B1.07,B1,train
raw_data/B1.07/B1.07.Tho-Nha_88.jpg,B1.07.Tho-Nha_88.jpg,B1.07,B1,train
raw_data/B1.07/B1.07.Tho-Nha_89.jpg,B1.07.Tho-Nha_89.jpg,B1.07,B1,train
raw_data/B1.07/B1.07.Tho-Nha_90.jpg,B1.07.Tho-Nha_90.jpg,B1.07,B1,train
raw_data/B1.07/B1.07.Tho-Nha_91.jpg,B1.07.Tho-Nha_91.jpg,B1.07,B1,train
raw_data/B1.07/B1.07.Tho-Nha_92.jpg,B1.07.Tho-Nha_92.jpg,B1.07,B1,train
raw_data/B1.07/B1.07.Tho-Nha_93.jpg,B1.07.Tho-Nha_93.jpg,B1.07,B1,train
raw_data/B1.07/B1.07.Tho-Nha_94.jpg,B1.07.Tho-Nha_94.jpg,B1.07,B1,train
raw_data/B1.07/B1.07.Tho-Nha_95.jpg,B1.07.Tho-Nha_95.jpg,B1.07,B1,train
raw_data/B1.07/B1.07.Tho-Nha_96.jpg,B1.07.Tho-Nha_96.jpg,B1.07,B1,train
raw_data/B1.07/B1.07.Tho-Nha_97.jpg,B1.07.Tho-Nha_97.jpg,B1.07,B1,train
raw_data/B1.07/B1.07.Tho-Nha_98.jpg,B1.07.Tho-Nha_98.jpg,B1.07,B1,train
raw_data/B1.07/B1.07.Tho-Nha_99.jpg,B1.07.Tho-Nha_99.jpg,B1.07,B1,train
raw_data/B1.08/B1.08.HB-Scho_01.JPG,B1.08.HB-Scho_01.JPG,B1.08,B1,train
raw_data/B1.08/B1.08.HB-Scho_02.JPG,B1.08.HB-Scho_02.JPG,B1.08,B1,train
raw_data/B1.08/B1.08.HB-Scho_03.JPG,B1.08.HB-Scho_03.JPG,B1.08,B1,train
raw_data/B1.08/B1.08.HB-Scho_04.JPG,B1.08.HB-Scho_04.JPG,B1.08,B1,train
raw_data/B1.08/B1.08.HB-Scho_05.JPG,B1.08.HB-Scho_05.JPG,B1.08,B1,train
raw_data/B1.08/B1.08.HB-Scho_06.JPG,B1.08.HB-Scho_06.JPG,B1.08,B1,train
raw_data/B1.08/B1.08.HB-Scho_07.JPG,B1.08.HB-Scho_07.JPG,B1.08,B1,train
raw_data/B1.08/B1.08.HB-Scho_08.JPG,B1.08.HB-Scho_08.JPG,B1.08,B1,train
raw_data/B1.08/B1.08.HB-Scho_09.JPG,B1.08.HB-Scho_09.JPG,B1.08,B1,train
raw_data/B1.08/B1.08.HB-Scho_10.JPG,B1.08.HB-Scho_10.JPG,B1.08,B1,train
raw_data/B1.08/B1.08.HB-Scho_11.JPG,B1.08.HB-Scho_11.JPG,B1.08,B1,train
raw_data/B1.08/B1.08.HB-Scho_12.JPG,B1.08.HB-Scho_12.JPG,B1.08,B1,train
raw_data/B1.08/B1.08.HB-Scho_13.JPG,B1.08.HB-Scho_13.JPG,B1.08,B1,train
raw_data/B1.08/B1.08.HB-Scho_14.JPG,B1.08.HB-Scho_14.JPG,B1.08,B1,train
raw_data/B1.08/B1.08.HB-Scho_15.JPG,B1.08.HB-Scho_15.JPG,B1.08,B1,train
raw_data/B1.08/B1.08.HB-Scho_16.JPG,B1.08.HB-Scho_16.JPG,B1.08,B1,train
raw_data/B1.08/B1.08.HB-Scho_17.JPG,B1.08.HB-Scho_17.JPG,B1.08,B1,train
raw_data/B1.08/B1.08.HB-Scho_18.JPG,B1.08.HB-Scho_18.JPG,B1.08,B1,train
raw_data/B1.08/B1.08.HB-Scho_19.JPG,B1.08.HB-Scho_19.JPG,B1.08,B1,train
raw_data/B1.08/B1.08.HB-Scho_20.JPG,B1.08.HB-Scho_20.JPG,B1.08,B1,train
raw_data/B1.08/B1.08.HB-Scho_21.JPG,B1.08.HB-Scho_21.JPG,B1.08,B1,train
raw_data/B1.08/B1.08.HB-Scho_22.JPG,B1.08.HB-Scho_22.JPG,B1.08,B1,train
raw_data/B1.08/B1.08.HB-Scho_23.JPG,B1.08.HB-Scho_23.JPG,B1.08,B1,train
raw_data/B1.08/B1.08.HB-Scho_24.JPG,B1.08.HB-Scho_24.JPG,B1.08,B1,train
raw_data/B1.08/B1.08.HB-Scho_25.JPG,B1.08.HB-Scho_25.JPG,B1.08,B1,train
raw_data/B1.08/B1.08.HB-Scho_26.JPG,B1.08.HB-Scho_26.JPG,B1.08,B1,train
raw_data/B1.08/B1.08.HB-Scho_27.JPG,B1.08.HB-Scho_27.JPG,B1.08,B1,train
raw_data/B1.08/B1.08.HB-Scho_28.JPG,B1.08.HB-Scho_28.JPG,B1.08,B1,train
raw_data/B1.08/B1.08.HB-Scho_29.JPG,B1.08.HB-Scho_29.JPG,B1.08,B1,train
raw_data/B1.08/B1.08.HB-Scho_30.JPG,B1.08.HB-Scho_30.JPG,B1.08,B1,train
raw_data/B1.08/B1.08.HB-Scho_31.JPG,B1.08.HB-Scho_31.JPG,B1.08,B1,train
raw_data/B1.08/B1.08.HB-Scho_32.JPG,B1.08.HB-Scho_32.JPG,B1.08,B1,train
raw_data/B1.08/B1.08.HB-Scho_33.JPG,B1.08.HB-Scho_33.JPG,B1.08,B1,train
raw_data/B1.08/B1.08.HB-Scho_34.JPG,B1.08.HB-Scho_34.JPG,B1.08,B1,train
raw_data/B1.08/B1.08.HB-Scho_35.JPG,B1.08.HB-Scho_35.JPG,B1.08,B1,train
raw_data/B1.08/B1.08.HB-Scho_36.JPG,B1.08.HB-Scho_36.JPG,B1.08,B1,train
raw_data/B1.08/B1.08.HB-Scho_37.JPG,B1.08.HB-Scho_37.JPG,B1.08,B1,train
raw_data/B1.08/B1.08.HB-Scho_38.JPG,B1.08.HB-Scho_38.JPG,B1.08,B1,train
raw_data/B1.08/B1.08.HB-Scho_39.JPG,B1.08.HB-Scho_39.JPG,B1.08,B1,train
raw_data/B1.08/B1.08.HB-Scho_40.JPG,B1.08.HB-Scho_40.JPG,B1.08,B1,train
raw_data/B1.08/B1.08.HB-Scho_41.JPG,B1.08.HB-Scho_41.JPG,B1.08,B1,train
raw_data/B1.08/B1.08.HB-Scho_42.JPG,B1.08.HB-Scho_42.JPG,B1.08,B1,train
raw_data/B1.08/B1.08.HB-Scho_43.JPG,B1.08.HB-Scho_43.JPG,B1.08,B1,train
raw_data/B1.08/B1.08.HB-Scho_44.JPG,B1.08.HB-Scho_44.JPG,B1.08,B1,train
raw_data/B1.08/B1.08.HB-Scho_45.JPG,B1.08.HB-Scho_45.JPG,B1.08,B1,train
raw_data/B1.08/B1.08.HB-Scho_46.JPG,B1.08.HB-Scho_46.JPG,B1.08,B1,train
raw_data/B1.08/B1.08.HB-Scho_47.JPG,B1.08.HB-Scho_47.JPG,B1.08,B1,train
raw_data/B1.08/B1.08.HB-Scho_48.JPG,B1.08.HB-Scho_48.JPG,B1.08,B1,train
raw_data/B1.08/B1.08.HB-Scho_49.JPG,B1.08.HB-Scho_49.JPG,B1.08,B1,train
raw_data/B1.08/B1.08.HB-Scho_50.JPG,B1.08.HB-Scho_50.JPG,B1.08,B1,train
raw_data/B1.08/B1.08.HB-Scho_51.JPG,B1.08.HB-Scho_51.JPG,B1.08,B1,train
raw_data/B1.08/B1.08.HB-Scho_52.JPG,B1.08.HB-Scho_52.JPG,B1.08,B1,train
raw_data/B1.08/B1.08.HB-Scho_53.JPG,B1.08.HB-Scho_53.JPG,B1.08,B1,train
raw_data/B1.08/B1.08.HB-Scho_54.JPG,B1.08.HB-Scho_54.JPG,B1.08,B1,train
raw_data/B1.08/B1.08.HB-Scho_55.JPG,B1.08.HB-Scho_55.JPG,B1.08,B1,train
raw_data/B1.09/B1.09.TD-Hos_01.JPG,B1.09.TD-Hos_01.JPG,B1.09,B1,train
raw_data/B1.09/B1.09.TD-Hos_02.JPG,B1.09.TD-Hos_02.JPG,B1.09,B1,train
raw_data/B1.09/B1.09.TD-Hos_03.JPG,B1.09.TD-Hos_03.JPG,B1.09,B1,train
raw_data/B1.09/B1.09.TD-Hos_04.JPG,B1.09.TD-Hos_04.JPG,B1.09,B1,train
raw_data/B1.09/B1.09.TD-Hos_05.JPG,B1.09.TD-Hos_05.JPG,B1.09,B1,train
raw_data/B1.09/B1.09.TD-Hos_06.JPG,B1.09.TD-Hos_06.JPG,B1.09,B1,train
raw_data/B1.09/B1.09.TD-Hos_07.JPG,B1.09.TD-Hos_07.JPG,B1.09,B1,train
raw_data/B1.09/B1.09.TD-Hos_08.JPG,B1.09.TD-Hos_08.JPG,B1.09,B1,train
raw_data/B1.09/B1.09.TD-Hos_09.JPG,B1.09.TD-Hos_09.JPG,B1.09,B1,train
raw_data/B1.09/B1.09.TD-Hos_10.JPG,B1.09.TD-Hos_10.JPG,B1.09,B1,train
raw_data/B1.09/B1.09.TD-Hos_11.JPG,B1.09.TD-Hos_11.JPG,B1.09,B1,train
raw_data/B1.09/B1.09.TD-Hos_12.JPG,B1.09.TD-Hos_12.JPG,B1.09,B1,train
raw_data/B1.09/B1.09.TD-Hos_13.JPG,B1.09.TD-Hos_13.JPG,B1.09,B1,train
raw_data/B1.09/B1.09.TD-Hos_14.JPG,B1.09.TD-Hos_14.JPG,B1.09,B1,train
raw_data/B1.09/B1.09.TD-Hos_15.JPG,B1.09.TD-Hos_15.JPG,B1.09,B1,train
raw_data/B1.09/B1.09.TD-Hos_16.JPG,B1.09.TD-Hos_16.JPG,B1.09,B1,train
raw_data/B1.09/B1.09.TD-Hos_17.JPG,B1.09.TD-Hos_17.JPG,B1.09,B1,train
raw_data/B1.09/B1.09.TD-Hos_18.JPG,B1.09.TD-Hos_18.JPG,B1.09,B1,train
raw_data/B1.09/B1.09.TD-Hos_19.JPG,B1.09.TD-Hos_19.JPG,B1.09,B1,train
raw_data/B1.09/B1.09.TD-Hos_20.JPG,B1.09.TD-Hos_20.JPG,B1.09,B1,train
raw_data/B1.09/B1.09.TD-Hos_21.JPG,B1.09.TD-Hos_21.JPG,B1.09,B1,train
raw_data/B1.10/B1.10.Tur-Lak_01.jpg,B1.10.Tur-Lak_01.jpg,B1.10,B1,train
raw_data/B1.10/B1.10.Tur-Lak_02.jpg,B1.10.Tur-Lak_02.jpg,B1.10,B1,train
raw_data/B1.10/B1.10.Tur-Lak_03.jpg,B1.10.Tur-Lak_03.jpg,B1.10,B1,train
raw_data/B1.10/B1.10.Tur-Lak_04.jpg,B1.10.Tur-Lak_04.jpg,B1.10,B1,train
raw_data/B1.10/B1.10.Tur-Lak_05.jpg,B1.10.Tur-Lak_05.jpg,B1.10,B1,train
raw_data/B1.10/B1.10.Tur-Lak_06.jpg,B1.10.Tur-Lak_06.jpg,B1.10,B1,train
raw_data/B1.10/B1.10.Tur-Lak_07.jpg,B1.10.Tur-Lak_07.jpg,B1.10,B1,train
raw_data/B1.10/B1.10.Tur-Lak_08.jpg,B1.10.Tur-Lak_08.jpg,B1.10,B1,train
raw_data/B1.10/B1.10.Tur-Lak_09.jpg,B1.10.Tur-Lak_09.jpg,B1.10,B1,train
raw_data/B1.10/B1.10.Tur-Lak_10.jpg,B1.10.Tur-Lak_10.jpg,B1.10,B1,train
raw_data/B1.10/B1.10.Tur-Lak_100.jpg,B1.10.Tur-Lak_100.jpg,B1.10,B1,train
raw_data/B1.10/B1.10.Tur-Lak_101.jpg,B1.10.Tur-Lak_101.jpg,B1.10,B1,train
raw_data/B1.10/B1.10.Tur-Lak_102.jpg,B1.10.Tur-Lak_102.jpg,B1.10,B1,train
raw_data/B1.10/B1.10.Tur-Lak_11.jpg,B1.10.Tur-Lak_11.jpg,B1.10,B1,train
raw_data/B1.10/B1.10.Tur-Lak_12.jpg,B1.10.Tur-Lak_12.jpg,B1.10,B1,train
raw_data/B1.10/B1.10.Tur-Lak_13.jpg,B1.10.Tur-Lak_13.jpg,B1.10,B1,train
raw_data/B1.10/B1.10.Tur-Lak_14.jpg,B1.10.Tur-Lak_14.jpg,B1.10,B1,train
raw_data/B1.10/B1.10.Tur-Lak_15.jpg,B1.10.Tur-Lak_15.jpg,B1.10,B1,train
raw_data/B1.10/B1.10.Tur-Lak_16.jpg,B1.10.Tur-Lak_16.jpg,B1.10,B1,train
raw_data/B1.10/B1.10.Tur-Lak_17.jpg,B1.10.Tur-Lak_17.jpg,B1.10,B1,train
raw_data/B1.10/B1.10.Tur-Lak_18.jpg,B1.10.Tur-Lak_18.jpg,B1.10,B1,train
raw_data/B1.10/B1.10.Tur-Lak_19.jpg,B1.10.Tur-Lak_19.jpg,B1.10,B1,train
raw_data/B1.10/B1.10.Tur-Lak_20.jpg,B1.10.Tur-Lak_20.jpg,B1.10,B1,train
raw_data/B1.10/B1.10.Tur-Lak_21.jpg,B1.10.Tur-Lak_21.jpg,B1.10,B1,train
raw_data/B1.10/B1.10.Tur-Lak_22.jpg,B1.10.Tur-Lak_22.jpg,B1.10,B1,train
raw_data/B1.10/B1.10.Tur-Lak_23.jpg,B1.10.Tur-Lak_23.jpg,B1.10,B1,train
raw_data/B1.10/B1.10.Tur-Lak_24.jpg,B1.10.Tur-Lak_24.jpg,B1.10,B1,train
raw_data/B1.10/B1.10.Tur-Lak_25.jpg,B1.10.Tur-Lak_25.jpg,B1.10,B1,train
raw_data/B1.10/B1.10.Tur-Lak_26.jpg,B1.10.Tur-Lak_26.jpg,B1.10,B1,train
raw_data/B1.10/B1.10.Tur-Lak_27.jpg,B1.10.Tur-Lak_27.jpg,B1.10,B1,train
raw_data/B1.10/B1.10.Tur-Lak_28.jpg,B1.10.Tur-Lak_28.jpg,B1.10,B1,train
raw_data/B1.10/B1.10.Tur-Lak_29.jpg,B1.10.Tur-Lak_29.jpg,B1.10,B1,train
raw_data/B1.10/B1.10.Tur-Lak_30.jpg,B1.10.Tur-Lak_30.jpg,B1.10,B1,train
raw_data/B1.10/B1.10.Tur-Lak_31.jpg,B1.10.Tur-Lak_31.jpg,B1.10,B1,train
raw_data/B1.10/B1.10.Tur-Lak_32.jpg,B1.10.Tur-Lak_32.jpg,B1.10,B1,train
raw_data/B1.10/B1.10.Tur-Lak_33.jpg,B1.10.Tur-Lak_33.jpg,B1.10,B1,train
raw_data/B1.10/B1.10.Tur-Lak_34.jpg,B1.10.Tur-Lak_34.jpg,B1.10,B1,train
raw_data/B1.10/B1.10.Tur-Lak_35.jpg,B1.10.Tur-Lak_35.jpg,B1.10,B1,train
raw_data/B1.10/B1.10.Tur-Lak_36.jpg,B1.10.Tur-Lak_36.jpg,B1.10,B1,train
raw_data/B1.10/B1.10.Tur-Lak_37.jpg,B1.10.Tur-Lak_37.jpg,B1.10,B1,train
raw_data/B1.10/B1.10.Tur-Lak_38.jpg,B1.10.Tur-Lak_38.jpg,B1.10,B1,train
raw_data/B1.10/B1.10.Tur-Lak_39.jpg,B1.10.Tur-Lak_39.jpg,B1.10,B1,train
raw_data/B1.10/B1.10.Tur-Lak_40.jpg,B1.10.Tur-Lak_40.jpg,B1.10,B1,train
raw_data/B1.10/B1.10.Tur-Lak_41.jpg,B1.10.Tur-Lak_41.jpg,B1.10,B1,train
raw_data/B1.10/B1.10.Tur-Lak_42.jpg,B1.10.Tur-Lak_42.jpg,B1.10,B1,train
raw_data/B1.10/B1.10.Tur-Lak_43.jpg,B1.10.Tur-Lak_43.jpg,B1.10,B1,train
raw_data/B1.10/B1.10.Tur-Lak_44.jpg,B1.10.Tur-Lak_44.jpg,B1.10,B1,train
raw_data/B1.10/B1.10.Tur-Lak_45.jpg,B1.10.Tur-Lak_45.jpg,B1.10,B1,train
raw_data/B1.10/B1.10.Tur-Lak_46.jpg,B1.10.Tur-Lak_46.jpg,B1.10,B1,train
raw_data/B1.10/B1.10.Tur-Lak_47.jpg,B1.10.Tur-Lak_47.jpg,B1.10,B1,train
raw_data/B1.10/B1.10.Tur-Lak_48.jpg,B1.10.Tur-Lak_48.jpg,B1.10,B1,train
raw_data/B1.10/B1.10.Tur-Lak_49.jpg,B1.10.Tur-Lak_49.jpg,B1.10,B1,train
raw_data/B1.10/B1.10.Tur-Lak_50.jpg,B1.10.Tur-Lak_50.jpg,B1.10,B1,train
raw_data/B1.10/B1.10.Tur-Lak_51.jpg,B1.10.Tur-Lak_51.jpg,B1.10,B1,train
raw_data/B1.10/B1.10.Tur-Lak_52.jpg,B1.10.Tur-Lak_52.jpg,B1.10,B1,train
raw_data/B1.10/B1.10.Tur-Lak_53.jpg,B1.10.Tur-Lak_53.jpg,B1.10,B1,train
raw_data/B1.10/B1.10.Tur-Lak_54.jpg,B1.10.Tur-Lak_54.jpg,B1.10,B1,train
raw_data/B1.10/B1.10.Tur-Lak_55.jpg,B1.10.Tur-Lak_55.jpg,B1.10,B1,train
raw_data/B1.10/B1.10.Tur-Lak_56.jpg,B1.10.Tur-Lak_56.jpg,B1.10,B1,train
raw_data/B1.10/B1.10.Tur-Lak_57.jpg,B1.10.Tur-Lak_57.jpg,B1.10,B1,train
raw_data/B1.10/B1.10.Tur-Lak_58.jpg,B1.10.Tur-Lak_58.jpg,B1.10,B1,train
raw_data/B1.10/B1.10.Tur-Lak_59.jpg,B1.10.Tur-Lak_59.jpg,B1.10,B1,train
raw_data/B1.10/B1.10.Tur-Lak_60.jpg,B1.10.Tur-Lak_60.jpg,B1.10,B1,train
raw_data/B1.10/B1.10.Tur-Lak_61.jpg,B1.10.Tur-Lak_61.jpg,B1.10,B1,train
raw_data/B1.10/B1.10.Tur-Lak_62.jpg,B1.10.Tur-Lak_62.jpg,B1.10,B1,train
raw_data/B1.10/B1.10.Tur-Lak_63.jpg,B1.10.Tur-Lak_63.jpg,B1.10,B1,train
raw_data/B1.10/B1.10.Tur-Lak_64.jpg,B1.10.Tur-Lak_64.jpg,B1.10,B1,train
raw_data/B1.10/B1.10.Tur-Lak_65.jpg,B1.10.Tur-Lak_65.jpg,B1.10,B1,train
raw_data/B1.10/B1.10.Tur-Lak_66.jpg,B1.10.Tur-Lak_66.jpg,B1.10,B1,train
raw_data/B1.10/B1.10.Tur-Lak_67.jpg,B1.10.Tur-Lak_67.jpg,B1.10,B1,train
raw_data/B1.10/B1.10.Tur-Lak_68.jpg,B1.10.Tur-Lak_68.jpg,B1.10,B1,train
raw_data/B1.10/B1.10.Tur-Lak_69.jpg,B1.10.Tur-Lak_69.jpg,B1.10,B1,train
raw_data/B1.10/B1.10.Tur-Lak_70.jpg,B1.10.Tur-Lak_70.jpg,B1.10,B1,train
raw_data/B1.10/B1.10.Tur-Lak_71.jpg,B1.10.Tur-Lak_71.jpg,B1.10,B1,train
raw_data/B1.10/B1.10.Tur-Lak_72.jpg,B1.10.Tur-Lak_72.jpg,B1.10,B1,train
raw_data/B1.10/B1.10.Tur-Lak_73.jpg,B1.10.Tur-Lak_73.jpg,B1.10,B1,train
raw_data/B1.10/B1.10.Tur-Lak_74.jpg,B1.10.Tur-Lak_74.jpg,B1.10,B1,train
raw_data/B1.10/B1.10.Tur-Lak_75.jpg,B1.10.Tur-Lak_75.jpg,B1.10,B1,train
raw_data/B1.10/B1.10.Tur-Lak_76.jpg,B1.10.Tur-Lak_76.jpg,B1.10,B1,train
raw_data/B1.10/B1.10.Tur-Lak_77.jpg,B1.10.Tur-Lak_77.jpg,B1.10,B1,train
raw_data/B1.10/B1.10.Tur-Lak_78.jpg,B1.10.Tur-Lak_78.jpg,B1.10,B1,train
raw_data/B1.10/B1.10.Tur-Lak_79.jpg,B1.10.Tur-Lak_79.jpg,B1.10,B1,train
raw_data/B1.10/B1.10.Tur-Lak_80.jpg,B1.10.Tur-Lak_80.jpg,B1.10,B1,train
raw_data/B1.10/B1.10.Tur-Lak_81.jpg,B1.10.Tur-Lak_81.jpg,B1.10,B1,train
raw_data/B1.10/B1.10.Tur-Lak_82.jpg,B1.10.Tur-Lak_82.jpg,B1.10,B1,train
raw_data/B1.10/B1.10.Tur-Lak_83.jpg,B1.10.Tur-Lak_83.jpg,B1.10,B1,train
raw_data/B1.10/B1.10.Tur-Lak_84.jpg,B1.10.Tur-Lak_84.jpg,B1.10,B1,train
raw_data/B1.10/B1.10.Tur-Lak_85.jpg,B1.10.Tur-Lak_85.jpg,B1.10,B1,train
raw_data/B1.10/B1.10.Tur-Lak_86.jpg,B1.10.Tur-Lak_86.jpg,B1.10,B1,train
raw_data/B1.10/B1.10.Tur-Lak_87.jpg,B1.10.Tur-Lak_87.jpg,B1.10,B1,train
raw_data/B1.10/B1.10.Tur-Lak_88.jpg,B1.10.Tur-Lak_88.jpg,B1.10,B1,train
raw_data/B1.10/B1.10.Tur-Lak_89.jpg,B1.10.Tur-Lak_89.jpg,B1.10,B1,train
raw_data/B1.10/B1.10.Tur-Lak_90.jpg,B1.10.Tur-Lak_90.jpg,B1.10,B1,train
raw_data/B1.10/B1.10.Tur-Lak_91.jpg,B1.10.Tur-Lak_91.jpg,B1.10,B1,train
raw_data/B1.10/B1.10.Tur-Lak_92.jpg,B1.10.Tur-Lak_92.jpg,B1.10,B1,train
raw_data/B1.10/B1.10.Tur-Lak_93.jpg,B1.10.Tur-Lak_93.jpg,B1.10,B1,train
raw_data/B1.10/B1.10.Tur-Lak_94.jpg,B1.10.Tur-Lak_94.jpg,B1.10,B1,train
raw_data/B1.10/B1.10.Tur-Lak_95.jpg,B1.10.Tur-Lak_95.jpg,B1.10,B1,train
raw_data/B1.10/B1.10.Tur-Lak_96.jpg,B1.10.Tur-Lak_96.jpg,B1.10,B1,train
raw_data/B1.10/B1.10.Tur-Lak_97.jpg,B1.10.Tur-Lak_97.jpg,B1.10,B1,train
raw_data/B1.10/B1.10.Tur-Lak_98.jpg,B1.10.Tur-Lak_98.jpg,B1.10,B1,train
raw_data/B1.10/B1.10.Tur-Lak_99.jpg,B1.10.Tur-Lak_99.jpg,B1.10,B1,train
raw_data/B1.11/B1.11.TNS-Cen_01.JPG,B1.11.TNS-Cen_01.JPG,B1.11,B1,val
raw_data/B1.11/B1.11.TNS-Cen_02.JPG,B1.11.TNS-Cen_02.JPG,B1.11,B1,val
raw_data/B1.11/B1.11.TNS-Cen_03.JPG,B1.11.TNS-Cen_03.JPG,B1.11,B1,val
raw_data/B1.11/B1.11.TNS-Cen_04.JPG,B1.11.TNS-Cen_04.JPG,B1.11,B1,val
raw_data/B1.11/B1.11.TNS-Cen_05.JPG,B1.11.TNS-Cen_05.JPG,B1.11,B1,val
raw_data/B1.11/B1.11.TNS-Cen_06.JPG,B1.11.TNS-Cen_06.JPG,B1.11,B1,val
raw_data/B1.11/B1.11.TNS-Cen_07.JPG,B1.11.TNS-Cen_07.JPG,B1.11,B1,val
raw_data/B1.11/B1.11.TNS-Cen_08.JPG,B1.11.TNS-Cen_08.JPG,B1.11,B1,val
raw_data/B1.11/B1.11.TNS-Cen_09.JPG,B1.11.TNS-Cen_09.JPG,B1.11,B1,val
raw_data/B1.11/B1.11.TNS-Cen_10.JPG,B1.11.TNS-Cen_10.JPG,B1.11,B1,val
raw_data/B1.11/B1.11.TNS-Cen_11.JPG,B1.11.TNS-Cen_11.JPG,B1.11,B1,val
raw_data/B1.11/B1.11.TNS-Cen_12.JPG,B1.11.TNS-Cen_12.JPG,B1.11,B1,val
raw_data/B1.11/B1.11.TNS-Cen_13.JPG,B1.11.TNS-Cen_13.JPG,B1.11,B1,val
raw_data/B1.11/B1.11.TNS-Cen_14.JPG,B1.11.TNS-Cen_14.JPG,B1.11,B1,val
raw_data/B1.11/B1.11.TNS-Cen_15.JPG,B1.11.TNS-Cen_15.JPG,B1.11,B1,val
raw_data/B1.11/B1.11.TNS-Cen_16.JPG,B1.11.TNS-Cen_16.JPG,B1.11,B1,val
raw_data/B1.11/B1.11.TNS-Cen_17.JPG,B1.11.TNS-Cen_17.JPG,B1.11,B1,val
raw_data/B1.11/B1.11.TNS-Cen_18.JPG,B1.11.TNS-Cen_18.JPG,B1.11,B1,val
raw_data/B1.11/B1.11.TNS-Cen_19.JPG,B1.11.TNS-Cen_19.JPG,B1.11,B1,val
raw_data/B1.11/B1.11.TNS-Cen_20.JPG,B1.11.TNS-Cen_20.JPG,B1.11,B1,val
raw_data/B1.11/B1.11.TNS-Cen_21.JPG,B1.11.TNS-Cen_21.JPG,B1.11,B1,val
raw_data/B1.11/B1.11.TNS-Cen_22.JPG,B1.11.TNS-Cen_22.JPG,B1.11,B1,val
raw_data/B1.11/B1.11.TNS-Cen_23.JPG,B1.11.TNS-Cen_23.JPG,B1.11,B1,val
raw_data/B1.11/B1.11.TNS-Cen_24.JPG,B1.11.TNS-Cen_24.JPG,B1.11,B1,val
raw_data/B1.11/B1.11.TNS-Cen_25.JPG,B1.11.TNS-Cen_25.JPG,B1.11,B1,val
raw_data/B1.11/B1.11.TNS-Cen_26.JPG,B1.11.TNS-Cen_26.JPG,B1.11,B1,val
raw_data/B1.11/B1.11.TNS-Cen_27.JPG,B1.11.TNS-Cen_27.JPG,B1.11,B1,val
raw_data/B1.11/B1.11.TNS-Cen_28.JPG,B1.11.TNS-Cen_28.JPG,B1.11,B1,val
raw_data/B1.11/B1.11.TNS-Cen_29.JPG,B1.11.TNS-Cen_29.JPG,B1.11,B1,val
raw_data/B1.11/B1.11.TNS-Cen_30.JPG,B1.11.TNS-Cen_30.JPG,B1.11,B1,val
raw_data/B1.11/B1.11.TNS-Cen_31.JPG,B1.11.TNS-Cen_31.JPG,B1.11,B1,val
raw_data/B1.11/B1.11.TNS-Cen_32.JPG,B1.11.TNS-Cen_32.JPG,B1.11,B1,val
raw_data/B1.11/B1.11.TNS-Cen_33.JPG,B1.11.TNS-Cen_33.JPG,B1.11,B1,val
raw_data/B1.11/B1.11.TNS-Cen_34.JPG,B1.11.TNS-Cen_34.JPG,B1.11,B1,val
raw_data/B1.11/B1.11.TNS-Cen_35.JPG,B1.11.TNS-Cen_35.JPG,B1.11,B1,val
raw_data/B1.11/B1.11.TNS-Cen_36.JPG,B1.11.TNS-Cen_36.JPG,B1.11,B1,val
raw_data/B1.11/B1.11.TNS-Cen_37.JPG,B1.11.TNS-Cen_37.JPG,B1.11,B1,val
raw_data/B1.11/B1.11.TNS-Cen_38.JPG,B1.11.TNS-Cen_38.JPG,B1.11,B1,val
raw_data/B1.11/B1.11.TNS-Cen_39.JPG,B1.11.TNS-Cen_39.JPG,B1.11,B1,val
raw_data/B1.11/B1.11.TNS-Cen_40.JPG,B1.11.TNS-Cen_40.JPG,B1.11,B1,val
raw_data/B1.11/B1.11.TNS-Cen_41.JPG,B1.11.TNS-Cen_41.JPG,B1.11,B1,val
raw_data/B1.11/B1.11.TNS-Cen_42.JPG,B1.11.TNS-Cen_42.JPG,B1.11,B1,val
raw_data/B1.11/B1.11.TNS-Cen_43.JPG,B1.11.TNS-Cen_43.JPG,B1.11,B1,val
raw_data/B1.12/B1.12.SEA-Bui_01.JPG,B1.12.SEA-Bui_01.JPG,B1.12,B1,train
raw_data/B1.12/B1.12.SEA-Bui_02.JPG,B1.12.SEA-Bui_02.JPG,B1.12,B1,train
raw_data/B1.12/B1.12.SEA-Bui_03.JPG,B1.12.SEA-Bui_03.JPG,B1.12,B1,train
raw_data/B1.12/B1.12.SEA-Bui_04.JPG,B1.12.SEA-Bui_04.JPG,B1.12,B1,train
raw_data/B1.12/B1.12.SEA-Bui_05.JPG,B1.12.SEA-Bui_05.JPG,B1.12,B1,train
raw_data/B1.12/B1.12.SEA-Bui_06.JPG,B1.12.SEA-Bui_06.JPG,B1.12,B1,train
raw_data/B1.12/B1.12.SEA-Bui_07.JPG,B1.12.SEA-Bui_07.JPG,B1.12,B1,train
raw_data/B1.12/B1.12.SEA-Bui_08.JPG,B1.12.SEA-Bui_08.JPG,B1.12,B1,train
raw_data/B1.12/B1.12.SEA-Bui_09.JPG,B1.12.SEA-Bui_09.JPG,B1.12,B1,train
raw_data/B1.12/B1.12.SEA-Bui_10.JPG,B1.12.SEA-Bui_10.JPG,B1.12,B1,train
raw_data/B1.12/B1.12.SEA-Bui_11.JPG,B1.12.SEA-Bui_11.JPG,B1.12,B1,train
raw_data/B1.12/B1.12.SEA-Bui_12.JPG,B1.12.SEA-Bui_12.JPG,B1.12,B1,train
raw_data/B1.12/B1.12.SEA-Bui_13.JPG,B1.12.SEA-Bui_13.JPG,B1.12,B1,train
raw_data/B1.12/B1.12.SEA-Bui_14.JPG,B1.12.SEA-Bui_14.JPG,B1.12,B1,train
raw_data/B1.12/B1.12.SEA-Bui_15.JPG,B1.12.SEA-Bui_15.JPG,B1.12,B1,train
raw_data/B1.12/B1.12.SEA-Bui_16.JPG,B1.12.SEA-Bui_16.JPG,B1.12,B1,train
raw_data/B1.12/B1.12.SEA-Bui_17.JPG,B1.12.SEA-Bui_17.JPG,B1.12,B1,train
raw_data/B1.12/B1.12.SEA-Bui_18.JPG,B1.12.SEA-Bui_18.JPG,B1.12,B1,train
raw_data/B1.12/B1.12.SEA-Bui_19.JPG,B1.12.SEA-Bui_19.JPG,B1.12,B1,train
raw_data/B1.12/B1.12.SEA-Bui_20.JPG,B1.12.SEA-Bui_20.JPG,B1.12,B1,train
raw_data/B1.12/B1.12.SEA-Bui_21.JPG,B1.12.SEA-Bui_21.JPG,B1.12,B1,train
raw_data/B1.12/B1.12.SEA-Bui_22.JPG,B1.12.SEA-Bui_22.JPG,B1.12,B1,train
raw_data/B1.12/B1.12.SEA-Bui_23.JPG,B1.12.SEA-Bui_23.JPG,B1.12,B1,train
raw_data/B1.12/B1.12.SEA-Bui_24.JPG,B1.12.SEA-Bui_24.JPG,B1.12,B1,train
raw_data/B1.12/B1.12.SEA-Bui_25.JPG,B1.12.SEA-Bui_25.JPG,B1.12,B1,train
raw_data/B1.12/B1.12.SEA-Bui_26.JPG,B1.12.SEA-Bui_26.JPG,B1.12,B1,train
raw_data/B1.12/B1.12.SEA-Bui_27.JPG,B1.12.SEA-Bui_27.JPG,B1.12,B1,train
raw_data/B1.12/B1.12.SEA-Bui_28.JPG,B1.12.SEA-Bui_28.JPG,B1.12,B1,train
raw_data/B1.12/B1.12.SEA-Bui_29.JPG,B1.12.SEA-Bui_29.JPG,B1.12,B1,train
raw_data/B1.12/B1.12.SEA-Bui_30.JPG,B1.12.SEA-Bui_30.JPG,B1.12,B1,train
raw_data/B1.12/B1.12.SEA-Bui_31.JPG,B1.12.SEA-Bui_31.JPG,B1.12,B1,train
raw_data/B1.12/B1.12.SEA-Bui_32.JPG,B1.12.SEA-Bui_32.JPG,B1.12,B1,train
raw_data/B1.12/B1.12.SEA-Bui_33.JPG,B1.12.SEA-Bui_33.JPG,B1.12,B1,train
raw_data/B1.12/B1.12.SEA-Bui_34.JPG,B1.12.SEA-Bui_34.JPG,B1.12,B1,train
raw_data/B1.12/B1.12.SEA-Bui_35.JPG,B1.12.SEA-Bui_35.JPG,B1.12,B1,train
raw_data/B1.12/B1.12.SEA-Bui_36.JPG,B1.12.SEA-Bui_36.JPG,B1.12,B1,train
raw_data/B1.12/B1.12.SEA-Bui_37.JPG,B1.12.SEA-Bui_37.JPG,B1.12,B1,train
raw_data/B1.13/B1.13.VOH-Rad_01.JPG,B1.13.VOH-Rad_01.JPG,B1.13,B1,test
raw_data/B1.13/B1.13.VOH-Rad_02.JPG,B1.13.VOH-Rad_02.JPG,B1.13,B1,test
raw_data/B1.13/B1.13.VOH-Rad_03.JPG,B1.13.VOH-Rad_03.JPG,B1.13,B1,test
raw_data/B1.13/B1.13.VOH-Rad_04.JPG,B1.13.VOH-Rad_04.JPG,B1.13,B1,test
raw_data/B1.13/B1.13.VOH-Rad_05.JPG,B1.13.VOH-Rad_05.JPG,B1.13,B1,test
raw_data/B1.13/B1.13.VOH-Rad_06.JPG,B1.13.VOH-Rad_06.JPG,B1.13,B1,test
raw_data/B1.13/B1.13.VOH-Rad_07.JPG,B1.13.VOH-Rad_07.JPG,B1.13,B1,test
raw_data/B1.13/B1.13.VOH-Rad_08.JPG,B1.13.VOH-Rad_08.JPG,B1.13,B1,test
raw_data/B1.13/B1.13.VOH-Rad_09.JPG,B1.13.VOH-Rad_09.JPG,B1.13,B1,test
raw_data/B1.13/B1.13.VOH-Rad_10.JPG,B1.13.VOH-Rad_10.JPG,B1.13,B1,test
raw_data/B1.13/B1.13.VOH-Rad_100.JPG,B1.13.VOH-Rad_100.JPG,B1.13,B1,test
raw_data/B1.13/B1.13.VOH-Rad_101.JPG,B1.13.VOH-Rad_101.JPG,B1.13,B1,test
raw_data/B1.13/B1.13.VOH-Rad_102.JPG,B1.13.VOH-Rad_102.JPG,B1.13,B1,test
raw_data/B1.13/B1.13.VOH-Rad_103.JPG,B1.13.VOH-Rad_103.JPG,B1.13,B1,test
raw_data/B1.13/B1.13.VOH-Rad_104.JPG,B1.13.VOH-Rad_104.JPG,B1.13,B1,test
raw_data/B1.13/B1.13.VOH-Rad_105.JPG,B1.13.VOH-Rad_105.JPG,B1.13,B1,test
raw_data/B1.13/B1.13.VOH-Rad_106.JPG,B1.13.VOH-Rad_106.JPG,B1.13,B1,test
raw_data/B1.13/B1.13.VOH-Rad_107.JPG,B1.13.VOH-Rad_107.JPG,B1.13,B1,test
raw_data/B1.13/B1.13.VOH-Rad_108.JPG,B1.13.VOH-Rad_108.JPG,B1.13,B1,test
raw_data/B1.13/B1.13.VOH-Rad_109.JPG,B1.13.VOH-Rad_109.JPG,B1.13,B1,test
raw_data/B1.13/B1.13.VOH-Rad_11.JPG,B1.13.VOH-Rad_11.JPG,B1.13,B1,test
raw_data/B1.13/B1.13.VOH-Rad_110.JPG,B1.13.VOH-Rad_110.JPG,B1.13,B1,test
raw_data/B1.13/B1.13.VOH-Rad_111.JPG,B1.13.VOH-Rad_111.JPG,B1.13,B1,test
raw_data/B1.13/B1.13.VOH-Rad_112.JPG,B1.13.VOH-Rad_112.JPG,B1.13,B1,test
raw_data/B1.13/B1.13.VOH-Rad_113.JPG,B1.13.VOH-Rad_113.JPG,B1.13,B1,test
raw_data/B1.13/B1.13.VOH-Rad_114.JPG,B1.13.VOH-Rad_114.JPG,B1.13,B1,test
raw_data/B1.13/B1.13.VOH-Rad_115.JPG,B1.13.VOH-Rad_115.JPG,B1.13,B1,test
raw_data/B1.13/B1.13.VOH-Rad_116.JPG,B1.13.VOH-Rad_116.JPG,B1.13,B1,test
raw_data/B1.13/B1.13.VOH-Rad_117.JPG,B1.13.VOH-Rad_117.JPG,B1.13,B1,test
raw_data/B1.13/B1.13.VOH-Rad_118.JPG,B1.13.VOH-Rad_118.JPG,B1.13,B1,test
raw_data/B1.13/B1.13.VOH-Rad_119.JPG,B1.13.VOH-Rad_119.JPG,B1.13,B1,test
raw_data/B1.13/B1.13.VOH-Rad_12.JPG,B1.13.VOH-Rad_12.JPG,B1.13,B1,test
raw_data/B1.13/B1.13.VOH-Rad_120.JPG,B1.13.VOH-Rad_120.JPG,B1.13,B1,test
raw_data/B1.13/B1.13.VOH-Rad_121.JPG,B1.13.VOH-Rad_121.JPG,B1.13,B1,test
raw_data/B1.13/B1.13.VOH-Rad_122.JPG,B1.13.VOH-Rad_122.JPG,B1.13,B1,test
raw_data/B1.13/B1.13.VOH-Rad_123.JPG,B1.13.VOH-Rad_123.JPG,B1.13,B1,test
raw_data/B1.13/B1.13.VOH-Rad_124.JPG,B1.13.VOH-Rad_124.JPG,B1.13,B1,test
raw_data/B1.13/B1.13.VOH-Rad_125.JPG,B1.13.VOH-Rad_125.JPG,B1.13,B1,test
raw_data/B1.13/B1.13.VOH-Rad_126.JPG,B1.13.VOH-Rad_126.JPG,B1.13,B1,test
raw_data/B1.13/B1.13.VOH-Rad_127.JPG,B1.13.VOH-Rad_127.JPG,B1.13,B1,test
raw_data/B1.13/B1.13.VOH-Rad_128.JPG,B1.13.VOH-Rad_128.JPG,B1.13,B1,test
raw_data/B1.13/B1.13.VOH-Rad_129.JPG,B1.13.VOH-Rad_129.JPG,B1.13,B1,test
raw_data/B1.13/B1.13.VOH-Rad_13.JPG,B1.13.VOH-Rad_13.JPG,B1.13,B1,test
raw_data/B1.13/B1.13.VOH-Rad_130.JPG,B1.13.VOH-Rad_130.JPG,B1.13,B1,test
raw_data/B1.13/B1.13.VOH-Rad_131.JPG,B1.13.VOH-Rad_131.JPG,B1.13,B1,test
raw_data/B1.13/B1.13.VOH-Rad_132.JPG,B1.13.VOH-Rad_132.JPG,B1.13,B1,test
raw_data/B1.13/B1.13.VOH-Rad_133.JPG,B1.13.VOH-Rad_133.JPG,B1.13,B1,test
raw_data/B1.13/B1.13.VOH-Rad_134.JPG,B1.13.VOH-Rad_134.JPG,B1.13,B1,test
raw_data/B1.13/B1.13.VOH-Rad_135.JPG,B1.13.VOH-Rad_135.JPG,B1.13,B1,test
raw_data/B1.13/B1.13.VOH-Rad_136.JPG,B1.13.VOH-Rad_136.JPG,B1.13,B1,test
raw_data/B1.13/B1.13.VOH-Rad_137.JPG,B1.13.VOH-Rad_137.JPG,B1.13,B1,test
raw_data/B1.13/B1.13.VOH-Rad_138.JPG,B1.13.VOH-Rad_138.JPG,B1.13,B1,test
raw_data/B1.13/B1.13.VOH-Rad_139.JPG,B1.13.VOH-Rad_139.JPG,B1.13,B1,test
raw_data/B1.13/B1.13.VOH-Rad_14.JPG,B1.13.VOH-Rad_14.JPG,B1.13,B1,test
raw_data/B1.13/B1.13.VOH-Rad_140.JPG,B1.13.VOH-Rad_140.JPG,B1.13,B1,test
raw_data/B1.13/B1.13.VOH-Rad_141.JPG,B1.13.VOH-Rad_141.JPG,B1.13,B1,test
raw_data/B1.13/B1.13.VOH-Rad_142.JPG,B1.13.VOH-Rad_142.JPG,B1.13,B1,test
raw_data/B1.13/B1.13.VOH-Rad_143.JPG,B1.13.VOH-Rad_143.JPG,B1.13,B1,test
raw_data/B1.13/B1.13.VOH-Rad_144.JPG,B1.13.VOH-Rad_144.JPG,B1.13,B1,test
raw_data/B1.13/B1.13.VOH-Rad_145.JPG,B1.13.VOH-Rad_145.JPG,B1.13,B1,test
raw_data/B1.13/B1.13.VOH-Rad_146.JPG,B1.13.VOH-Rad_146.JPG,B1.13,B1,test
raw_data/B1.13/B1.13.VOH-Rad_147.JPG,B1.13.VOH-Rad_147.JPG,B1.13,B1,test
raw_data/B1.13/B1.13.VOH-Rad_148.JPG,B1.13.VOH-Rad_148.JPG,B1.13,B1,test
raw_data/B1.13/B1.13.VOH-Rad_149.JPG,B1.13.VOH-Rad_149.JPG,B1.13,B1,test
raw_data/B1.13/B1.13.VOH-Rad_15.JPG,B1.13.VOH-Rad_15.JPG,B1.13,B1,test
raw_data/B1.13/B1.13.VOH-Rad_150.JPG,B1.13.VOH-Rad_150.JPG,B1.13,B1,test
raw_data/B1.13/B1.13.VOH-Rad_151.JPG,B1.13.VOH-Rad_151.JPG,B1.13,B1,test
raw_data/B1.13/B1.13.VOH-Rad_152.JPG,B1.13.VOH-Rad_152.JPG,B1.13,B1,test
raw_data/B1.13/B1.13.VOH-Rad_153.JPG,B1.13.VOH-Rad_153.JPG,B1.13,B1,test
raw_data/B1.13/B1.13.VOH-Rad_154.JPG,B1.13.VOH-Rad_154.JPG,B1.13,B1,test
raw_data/B1.13/B1.13.VOH-Rad_155.JPG,B1.13.VOH-Rad_155.JPG,B1.13,B1,test
raw_data/B1.13/B1.13.VOH-Rad_156.JPG,B1.13.VOH-Rad_156.JPG,B1.13,B1,test
raw_data/B1.13/B1.13.VOH-Rad_157.JPG,B1.13.VOH-Rad_157.JPG,B1.13,B1,test
raw_data/B1.13/B1.13.VOH-Rad_158.JPG,B1.13.VOH-Rad_158.JPG,B1.13,B1,test
raw_data/B1.13/B1.13.VOH-Rad_159.JPG,B1.13.VOH-Rad_159.JPG,B1.13,B1,test
raw_data/B1.13/B1.13.VOH-Rad_16.JPG,B1.13.VOH-Rad_16.JPG,B1.13,B1,test
raw_data/B1.13/B1.13.VOH-Rad_160.JPG,B1.13.VOH-Rad_160.JPG,B1.13,B1,test
raw_data/B1.13/B1.13.VOH-Rad_161.JPG,B1.13.VOH-Rad_161.JPG,B1.13,B1,test
raw_data/B1.13/B1.13.VOH-Rad_162.JPG,B1.13.VOH-Rad_162.JPG,B1.13,B1,test
raw_data/B1.13/B1.13.VOH-Rad_163.JPG,B1.13.VOH-Rad_163.JPG,B1.13,B1,test
raw_data/B1.13/B1.13.VOH-Rad_164.JPG,B1.13.VOH-Rad_164.JPG,B1.13,B1,test
raw_data/B1.13/B1.13.VOH-Rad_165.JPG,B1.13.VOH-Rad_165.JPG,B1.13,B1,test
raw_data/B1.13/B1.13.VOH-Rad_166.JPG,B1.13.VOH-Rad_166.JPG,B1.13,B1,test
raw_data/B1.13/B1.13.VOH-Rad_167.JPG,B1.13.VOH-Rad_167.JPG,B1.13,B1,test
raw_data/B1.13/B1.13.VOH-Rad_168.JPG,B1.13.VOH-Rad_168.JPG,B1.13,B1,test
raw_data/B1.13/B1.13.VOH-Rad_169.JPG,B1.13.VOH-Rad_169.JPG,B1.13,B1,test
raw_data/B1.13/B1.13.VOH-Rad_17.JPG,B1.13.VOH-Rad_17.JPG,B1.13,B1,test
raw_data/B1.13/B1.13.VOH-Rad_170.JPG,B1.13.VOH-Rad_170.JPG,B1.13,B1,test
raw_data/B1.13/B1.13.VOH-Rad_171.JPG,B1.13.VOH-Rad_171.JPG,B1.13,B1,test
raw_data/B1.13/B1.13.VOH-Rad_172.JPG,B1.13.VOH-Rad_172.JPG,B1.13,B1,test
raw_data/B1.13/B1.13.VOH-Rad_173.JPG,B1.13.VOH-Rad_173.JPG,B1.13,B1,test
raw_data/B1.13/B1.13.VOH-Rad_174.JPG,B1.13.VOH-Rad_174.JPG,B1.13,B1,test
raw_data/B1.13/B1.13.VOH-Rad_175.JPG,B1.13.VOH-Rad_175.JPG,B1.13,B1,test
raw_data/B1.13/B1.13.VOH-Rad_176.JPG,B1.13.VOH-Rad_176.JPG,B1.13,B1,test
raw_data/B1.13/B1.13.VOH-Rad_177.JPG,B1.13.VOH-Rad_177.JPG,B1.13,B1,test
raw_data/B1.13/B1.13.VOH-Rad_178.JPG,B1.13.VOH-Rad_178.JPG,B1.13,B1,test
raw_data/B1.13/B1.13.VOH-Rad_179.JPG,B1.13.VOH-Rad_179.JPG,B1.13,B1,test
raw_data/B1.13/B1.13.VOH-Rad_18.JPG,B1.13.VOH-Rad_18.JPG,B1.13,B1,test
raw_data/B1.13/B1.13.VOH-Rad_180.JPG,B1.13.VOH-Rad_180.JPG,B1.13,B1,test
raw_data/B1.13/B1.13.VOH-Rad_181.JPG,B1.13.VOH-Rad_181.JPG,B1.13,B1,test
raw_data/B1.13/B1.13.VOH-Rad_182.JPG,B1.13.VOH-Rad_182.JPG,B1.13,B1,test
raw_data/B1.13/B1.13.VOH-Rad_183.JPG,B1.13.VOH-Rad_183.JPG,B1.13,B1,test
raw_data/B1.13/B1.13.VOH-Rad_184.JPG,B1.13.VOH-Rad_184.JPG,B1.13,B1,test
raw_data/B1.13/B1.13.VOH-Rad_185.JPG,B1.13.VOH-Rad_185.JPG,B1.13,B1,test
raw_data/B1.13/B1.13.VOH-Rad_186.JPG,B1.13.VOH-Rad_186.JPG,B1.13,B1,test
raw_data/B1.13/B1.13.VOH-Rad_187.JPG,B1.13.VOH-Rad_187.JPG,B1.13,B1,test
raw_data/B1.13/B1.13.VOH-Rad_188.JPG,B1.13.VOH-Rad_188.JPG,B1.13,B1,test
raw_data/B1.13/B1.13.VOH-Rad_189.JPG,B1.13.VOH-Rad_189.JPG,B1.13,B1,test
raw_data/B1.13/B1.13.VOH-Rad_19.JPG,B1.13.VOH-Rad_19.JPG,B1.13,B1,test
raw_data/B1.13/B1.13.VOH-Rad_190.JPG,B1.13.VOH-Rad_190.JPG,B1.13,B1,test
raw_data/B1.13/B1.13.VOH-Rad_191.JPG,B1.13.VOH-Rad_191.JPG,B1.13,B1,test
raw_data/B1.13/B1.13.VOH-Rad_192.JPG,B1.13.VOH-Rad_192.JPG,B1.13,B1,test
raw_data/B1.13/B1.13.VOH-Rad_193.JPG,B1.13.VOH-Rad_193.JPG,B1.13,B1,test
raw_data/B1.13/B1.13.VOH-Rad_194.JPG,B1.13.VOH-Rad_194.JPG,B1.13,B1,test
raw_data/B1.13/B1.13.VOH-Rad_195.JPG,B1.13.VOH-Rad_195.JPG,B1.13,B1,test
raw_data/B1.13/B1.13.VOH-Rad_196.JPG,B1.13.VOH-Rad_196.JPG,B1.13,B1,test
raw_data/B1.13/B1.13.VOH-Rad_197.JPG,B1.13.VOH-Rad_197.JPG,B1.13,B1,test
raw_data/B1.13/B1.13.VOH-Rad_198.JPG,B1.13.VOH-Rad_198.JPG,B1.13,B1,test
raw_data/B1.13/B1.13.VOH-Rad_199.JPG,B1.13.VOH-Rad_199.JPG,B1.13,B1,test
raw_data/B1.13/B1.13.VOH-Rad_20.JPG,B1.13.VOH-Rad_20.JPG,B1.13,B1,test
raw_data/B1.13/B1.13.VOH-Rad_200.JPG,B1.13.VOH-Rad_200.JPG,B1.13,B1,test
raw_data/B1.13/B1.13.VOH-Rad_201.JPG,B1.13.VOH-Rad_201.JPG,B1.13,B1,test
raw_data/B1.13/B1.13.VOH-Rad_202.JPG,B1.13.VOH-Rad_202.JPG,B1.13,B1,test
raw_data/B1.13/B1.13.VOH-Rad_203.JPG,B1.13.VOH-Rad_203.JPG,B1.13,B1,test
raw_data/B1.13/B1.13.VOH-Rad_204.JPG,B1.13.VOH-Rad_204.JPG,B1.13,B1,test
raw_data/B1.13/B1.13.VOH-Rad_205.JPG,B1.13.VOH-Rad_205.JPG,B1.13,B1,test
raw_data/B1.13/B1.13.VOH-Rad_206.JPG,B1.13.VOH-Rad_206.JPG,B1.13,B1,test
raw_data/B1.13/B1.13.VOH-Rad_207.JPG,B1.13.VOH-Rad_207.JPG,B1.13,B1,test
raw_data/B1.13/B1.13.VOH-Rad_208.JPG,B1.13.VOH-Rad_208.JPG,B1.13,B1,test
raw_data/B1.13/B1.13.VOH-Rad_21.JPG,B1.13.VOH-Rad_21.JPG,B1.13,B1,test
raw_data/B1.13/B1.13.VOH-Rad_22.JPG,B1.13.VOH-Rad_22.JPG,B1.13,B1,test
raw_data/B1.13/B1.13.VOH-Rad_23.JPG,B1.13.VOH-Rad_23.JPG,B1.13,B1,test
raw_data/B1.13/B1.13.VOH-Rad_24.JPG,B1.13.VOH-Rad_24.JPG,B1.13,B1,test
raw_data/B1.13/B1.13.VOH-Rad_25.JPG,B1.13.VOH-Rad_25.JPG,B1.13,B1,test
raw_data/B1.13/B1.13.VOH-Rad_26.JPG,B1.13.VOH-Rad_26.JPG,B1.13,B1,test
raw_data/B1.13/B1.13.VOH-Rad_27.JPG,B1.13.VOH-Rad_27.JPG,B1.13,B1,test
raw_data/B1.13/B1.13.VOH-Rad_28.JPG,B1.13.VOH-Rad_28.JPG,B1.13,B1,test
raw_data/B1.13/B1.13.VOH-Rad_29.JPG,B1.13.VOH-Rad_29.JPG,B1.13,B1,test
raw_data/B1.13/B1.13.VOH-Rad_30.JPG,B1.13.VOH-Rad_30.JPG,B1.13,B1,test
raw_data/B1.13/B1.13.VOH-Rad_31.JPG,B1.13.VOH-Rad_31.JPG,B1.13,B1,test
raw_data/B1.13/B1.13.VOH-Rad_32.JPG,B1.13.VOH-Rad_32.JPG,B1.13,B1,test
raw_data/B1.13/B1.13.VOH-Rad_33.JPG,B1.13.VOH-Rad_33.JPG,B1.13,B1,test
raw_data/B1.13/B1.13.VOH-Rad_34.JPG,B1.13.VOH-Rad_34.JPG,B1.13,B1,test
raw_data/B1.13/B1.13.VOH-Rad_35.JPG,B1.13.VOH-Rad_35.JPG,B1.13,B1,test
raw_data/B1.13/B1.13.VOH-Rad_36.JPG,B1.13.VOH-Rad_36.JPG,B1.13,B1,test
raw_data/B1.13/B1.13.VOH-Rad_37.JPG,B1.13.VOH-Rad_37.JPG,B1.13,B1,test
raw_data/B1.13/B1.13.VOH-Rad_38.JPG,B1.13.VOH-Rad_38.JPG,B1.13,B1,test
raw_data/B1.13/B1.13.VOH-Rad_39.JPG,B1.13.VOH-Rad_39.JPG,B1.13,B1,test
raw_data/B1.13/B1.13.VOH-Rad_40.JPG,B1.13.VOH-Rad_40.JPG,B1.13,B1,test
raw_data/B1.13/B1.13.VOH-Rad_41.JPG,B1.13.VOH-Rad_41.JPG,B1.13,B1,test
raw_data/B1.13/B1.13.VOH-Rad_42.JPG,B1.13.VOH-Rad_42.JPG,B1.13,B1,test
raw_data/B1.13/B1.13.VOH-Rad_43.JPG,B1.13.VOH-Rad_43.JPG,B1.13,B1,test
raw_data/B1.13/B1.13.VOH-Rad_44.JPG,B1.13.VOH-Rad_44.JPG,B1.13,B1,test
raw_data/B1.13/B1.13.VOH-Rad_45.JPG,B1.13.VOH-Rad_45.JPG,B1.13,B1,test
raw_data/B1.13/B1.13.VOH-Rad_46.JPG,B1.13.VOH-Rad_46.JPG,B1.13,B1,test
raw_data/B1.13/B1.13.VOH-Rad_47.JPG,B1.13.VOH-Rad_47.JPG,B1.13,B1,test
raw_data/B1.13/B1.13.VOH-Rad_48.JPG,B1.13.VOH-Rad_48.JPG,B1.13,B1,test
raw_data/B1.13/B1.13.VOH-Rad_49.JPG,B1.13.VOH-Rad_49.JPG,B1.13,B1,test
raw_data/B1.13/B1.13.VOH-Rad_50.JPG,B1.13.VOH-Rad_50.JPG,B1.13,B1,test
raw_data/B1.13/B1.13.VOH-Rad_51.JPG,B1.13.VOH-Rad_51.JPG,B1.13,B1,test
raw_data/B1.13/B1.13.VOH-Rad_52.JPG,B1.13.VOH-Rad_52.JPG,B1.13,B1,test
raw_data/B1.13/B1.13.VOH-Rad_53.JPG,B1.13.VOH-Rad_53.JPG,B1.13,B1,test
raw_data/B1.13/B1.13.VOH-Rad_54.JPG,B1.13.VOH-Rad_54.JPG,B1.13,B1,test
raw_data/B1.13/B1.13.VOH-Rad_55.JPG,B1.13.VOH-Rad_55.JPG,B1.13,B1,test
raw_data/B1.13/B1.13.VOH-Rad_56.JPG,B1.13.VOH-Rad_56.JPG,B1.13,B1,test
raw_data/B1.13/B1.13.VOH-Rad_57.JPG,B1.13.VOH-Rad_57.JPG,B1.13,B1,test
raw_data/B1.13/B1.13.VOH-Rad_58.JPG,B1.13.VOH-Rad_58.JPG,B1.13,B1,test
raw_data/B1.13/B1.13.VOH-Rad_59.JPG,B1.13.VOH-Rad_59.JPG,B1.13,B1,test
raw_data/B1.13/B1.13.VOH-Rad_60.JPG,B1.13.VOH-Rad_60.JPG,B1.13,B1,test
raw_data/B1.13/B1.13.VOH-Rad_61.JPG,B1.13.VOH-Rad_61.JPG,B1.13,B1,test
raw_data/B1.13/B1.13.VOH-Rad_62.JPG,B1.13.VOH-Rad_62.JPG,B1.13,B1,test
raw_data/B1.13/B1.13.VOH-Rad_63.JPG,B1.13.VOH-Rad_63.JPG,B1.13,B1,test
raw_data/B1.13/B1.13.VOH-Rad_64.JPG,B1.13.VOH-Rad_64.JPG,B1.13,B1,test
raw_data/B1.13/B1.13.VOH-Rad_65.JPG,B1.13.VOH-Rad_65.JPG,B1.13,B1,test
raw_data/B1.13/B1.13.VOH-Rad_66.JPG,B1.13.VOH-Rad_66.JPG,B1.13,B1,test
raw_data/B1.13/B1.13.VOH-Rad_67.JPG,B1.13.VOH-Rad_67.JPG,B1.13,B1,test
raw_data/B1.13/B1.13.VOH-Rad_68.JPG,B1.13.VOH-Rad_68.JPG,B1.13,B1,test
raw_data/B1.13/B1.13.VOH-Rad_69.JPG,B1.13.VOH-Rad_69.JPG,B1.13,B1,test
raw_data/B1.13/B1.13.VOH-Rad_70.JPG,B1.13.VOH-Rad_70.JPG,B1.13,B1,test
raw_data/B1.13/B1.13.VOH-Rad_71.JPG,B1.13.VOH-Rad_71.JPG,B1.13,B1,test
raw_data/B1.13/B1.13.VOH-Rad_72.JPG,B1.13.VOH-Rad_72.JPG,B1.13,B1,test
raw_data/B1.13/B1.13.VOH-Rad_73.JPG,B1.13.VOH-Rad_73.JPG,B1.13,B1,test
raw_data/B1.13/B1.13.VOH-Rad_74.JPG,B1.13.VOH-Rad_74.JPG,B1.13,B1,test
raw_data/B1.13/B1.13.VOH-Rad_75.JPG,B1.13.VOH-Rad_75.JPG,B1.13,B1,test
raw_data/B1.13/B1.13.VOH-Rad_76.JPG,B1.13.VOH-Rad_76.JPG,B1.13,B1,test
raw_data/B1.13/B1.13.VOH-Rad_77.JPG,B1.13.VOH-Rad_77.JPG,B1.13,B1,test
raw_data/B1.13/B1.13.VOH-Rad_78.JPG,B1.13.VOH-Rad_78.JPG,B1.13,B1,test
raw_data/B1.13/B1.13.VOH-Rad_79.JPG,B1.13.VOH-Rad_79.JPG,B1.13,B1,test
raw_data/B1.13/B1.13.VOH-Rad_80.JPG,B1.13.VOH-Rad_80.JPG,B1.13,B1,test
raw_data/B1.13/B1.13.VOH-Rad_81.JPG,B1.13.VOH-Rad_81.JPG,B1.13,B1,test
raw_data/B1.13/B1.13.VOH-Rad_82.JPG,B1.13.VOH-Rad_82.JPG,B1.13,B1,test
raw_data/B1.13/B1.13.VOH-Rad_83.JPG,B1.13.VOH-Rad_83.JPG,B1.13,B1,test
raw_data/B1.13/B1.13.VOH-Rad_84.JPG,B1.13.VOH-Rad_84.JPG,B1.13,B1,test
raw_data/B1.13/B1.13.VOH-Rad_85.JPG,B1.13.VOH-Rad_85.JPG,B1.13,B1,test
raw_data/B1.13/B1.13.VOH-Rad_86.JPG,B1.13.VOH-Rad_86.JPG,B1.13,B1,test
raw_data/B1.13/B1.13.VOH-Rad_87.JPG,B1.13.VOH-Rad_87.JPG,B1.13,B1,test
raw_data/B1.13/B1.13.VOH-Rad_88.JPG,B1.13.VOH-Rad_88.JPG,B1.13,B1,test
raw_data/B1.13/B1.13.VOH-Rad_89.JPG,B1.13.VOH-Rad_89.JPG,B1.13,B1,test
raw_data/B1.13/B1.13.VOH-Rad_90.JPG,B1.13.VOH-Rad_90.JPG,B1.13,B1,test
raw_data/B1.13/B1.13.VOH-Rad_91.JPG,B1.13.VOH-Rad_91.JPG,B1.13,B1,test
raw_data/B1.13/B1.13.VOH-Rad_92.JPG,B1.13.VOH-Rad_92.JPG,B1.13,B1,test
raw_data/B1.13/B1.13.VOH-Rad_93.JPG,B1.13.VOH-Rad_93.JPG,B1.13,B1,test
raw_data/B1.13/B1.13.VOH-Rad_94.JPG,B1.13.VOH-Rad_94.JPG,B1.13,B1,test
raw_data/B1.13/B1.13.VOH-Rad_95.JPG,B1.13.VOH-Rad_95.JPG,B1.13,B1,test
raw_data/B1.13/B1.13.VOH-Rad_96.JPG,B1.13.VOH-Rad_96.JPG,B1.13,B1,test
raw_data/B1.13/B1.13.VOH-Rad_97.JPG,B1.13.VOH-Rad_97.JPG,B1.13,B1,test
raw_data/B1.13/B1.13.VOH-Rad_98.JPG,B1.13.VOH-Rad_98.JPG,B1.13,B1,test
raw_data/B1.13/B1.13.VOH-Rad_99.JPG,B1.13.VOH-Rad_99.JPG,B1.13,B1,test
raw_data/B1.14/B1.14.VAR-Bui_01.JPG,B1.14.VAR-Bui_01.JPG,B1.14,B1,train
raw_data/B1.14/B1.14.VAR-Bui_02.JPG,B1.14.VAR-Bui_02.JPG,B1.14,B1,train
raw_data/B1.14/B1.14.VAR-Bui_03.JPG,B1.14.VAR-Bui_03.JPG,B1.14,B1,train
raw_data/B1.14/B1.14.VAR-Bui_04.JPG,B1.14.VAR-Bui_04.JPG,B1.14,B1,train
raw_data/B1.14/B1.14.VAR-Bui_05.JPG,B1.14.VAR-Bui_05.JPG,B1.14,B1,train
raw_data/B1.14/B1.14.VAR-Bui_06.JPG,B1.14.VAR-Bui_06.JPG,B1.14,B1,train
raw_data/B1.14/B1.14.VAR-Bui_07.JPG,B1.14.VAR-Bui_07.JPG,B1.14,B1,train
raw_data/B1.14/B1.14.VAR-Bui_08.JPG,B1.14.VAR-Bui_08.JPG,B1.14,B1,train
raw_data/B1.14/B1.14.VAR-Bui_09.JPG,B1.14.VAR-Bui_09.JPG,B1.14,B1,train
raw_data/B1.14/B1.14.VAR-Bui_10.JPG,B1.14.VAR-Bui_10.JPG,B1.14,B1,train
raw_data/B1.14/B1.14.VAR-Bui_11.JPG,B1.14.VAR-Bui_11.JPG,B1.14,B1,train
raw_data/B1.14/B1.14.VAR-Bui_12.JPG,B1.14.VAR-Bui_12.JPG,B1.14,B1,train
raw_data/B1.14/B1.14.VAR-Bui_13.JPG,B1.14.VAR-Bui_13.JPG,B1.14,B1,train
raw_data/B1.14/B1.14.VAR-Bui_14.JPG,B1.14.VAR-Bui_14.JPG,B1.14,B1,train
raw_data/B1.14/B1.14.VAR-Bui_15.JPG,B1.14.VAR-Bui_15.JPG,B1.14,B1,train
raw_data/B1.14/B1.14.VAR-Bui_16.JPG,B1.14.VAR-Bui_16.JPG,B1.14,B1,train
raw_data/B1.14/B1.14.VAR-Bui_17.JPG,B1.14.VAR-Bui_17.JPG,B1.14,B1,train
raw_data/B1.14/B1.14.VAR-Bui_18.JPG,B1.14.VAR-Bui_18.JPG,B1.14,B1,train
raw_data/B1.14/B1.14.VAR-Bui_19.JPG,B1.14.VAR-Bui_19.JPG,B1.14,B1,train
raw_data/B1.14/B1.14.VAR-Bui_20.JPG,B1.14.VAR-Bui_20.JPG,B1.14,B1,train
raw_data/B1.14/B1.14.VAR-Bui_21.JPG,B1.14.VAR-Bui_21.JPG,B1.14,B1,train
raw_data/B1.14/B1.14.VAR-Bui_22.JPG,B1.14.VAR-Bui_22.JPG,B1.14,B1,train
raw_data/B1.14/B1.14.VAR-Bui_23.JPG,B1.14.VAR-Bui_23.JPG,B1.14,B1,train
raw_data/B1.14/B1.14.VAR-Bui_24.JPG,B1.14.VAR-Bui_24.JPG,B1.14,B1,train
raw_data/B1.14/B1.14.VAR-Bui_25.JPG,B1.14.VAR-Bui_25.JPG,B1.14,B1,train
raw_data/B1.14/B1.14.VAR-Bui_26.JPG,B1.14.VAR-Bui_26.JPG,B1.14,B1,train
raw_data/B1.14/B1.14.VAR-Bui_27.JPG,B1.14.VAR-Bui_27.JPG,B1.14,B1,train
raw_data/B1.14/B1.14.VAR-Bui_28.JPG,B1.14.VAR-Bui_28.JPG,B1.14,B1,train
raw_data/B1.14/B1.14.VAR-Bui_29.JPG,B1.14.VAR-Bui_29.JPG,B1.14,B1,train
raw_data/B1.14/B1.14.VAR-Bui_30.JPG,B1.14.VAR-Bui_30.JPG,B1.14,B1,train
raw_data/B1.14/B1.14.VAR-Bui_31.JPG,B1.14.VAR-Bui_31.JPG,B1.14,B1,train
raw_data/B1.14/B1.14.VAR-Bui_32.JPG,B1.14.VAR-Bui_32.JPG,B1.14,B1,train
raw_data/B1.14/B1.14.VAR-Bui_33.JPG,B1.14.VAR-Bui_33.JPG,B1.14,B1,train
raw_data/B1.14/B1.14.VAR-Bui_34.JPG,B1.14.VAR-Bui_34.JPG,B1.14,B1,train
raw_data/B1.14/B1.14.VAR-Bui_35.JPG,B1.14.VAR-Bui_35.JPG,B1.14,B1,train
raw_data/B1.14/B1.14.VAR-Bui_36.JPG,B1.14.VAR-Bui_36.JPG,B1.14,B1,train
raw_data/B1.14/B1.14.VAR-Bui_37.JPG,B1.14.VAR-Bui_37.JPG,B1.14,B1,train
raw_data/B1.14/B1.14.VAR-Bui_38.JPG,B1.14.VAR-Bui_38.JPG,B1.14,B1,train
raw_data/B1.14/B1.14.VAR-Bui_39.JPG,B1.14.VAR-Bui_39.JPG,B1.14,B1,train
raw_data/B1.14/B1.14.VAR-Bui_40.JPG,B1.14.VAR-Bui_40.JPG,B1.14,B1,train
raw_data/B1.14/B1.14.VAR-Bui_41.JPG,B1.14.VAR-Bui_41.JPG,B1.14,B1,train
raw_data/B1.14/B1.14.VAR-Bui_42.JPG,B1.14.VAR-Bui_42.JPG,B1.14,B1,train
raw_data/B1.14/B1.14.VAR-Bui_43.JPG,B1.14.VAR-Bui_43.JPG,B1.14,B1,train
raw_data/B1.14/B1.14.VAR-Bui_44.JPG,B1.14.VAR-Bui_44.JPG,B1.14,B1,train
raw_data/B1.14/B1.14.VAR-Bui_45.JPG,B1.14.VAR-Bui_45.JPG,B1.14,B1,train
raw_data/B1.14/B1.14.VAR-Bui_46.JPG,B1.14.VAR-Bui_46.JPG,B1.14,B1,train
raw_data/B1.14/B1.14.VAR-Bui_47.JPG,B1.14.VAR-Bui_47.JPG,B1.14,B1,train
raw_data/B1.14/B1.14.VAR-Bui_48.JPG,B1.14.VAR-Bui_48.JPG,B1.14,B1,train
raw_data/B1.14/B1.14.VAR-Bui_49.JPG,B1.14.VAR-Bui_49.JPG,B1.14,B1,train
raw_data/B1.14/B1.14.VAR-Bui_50.JPG,B1.14.VAR-Bui_50.JPG,B1.14,B1,train
raw_data/B1.14/B1.14.VAR-Bui_51.JPG,B1.14.VAR-Bui_51.JPG,B1.14,B1,train
raw_data/B1.14/B1.14.VAR-Bui_52.JPG,B1.14.VAR-Bui_52.JPG,B1.14,B1,train
raw_data/B1.14/B1.14.VAR-Bui_53.JPG,B1.14.VAR-Bui_53.JPG,B1.14,B1,train
raw_data/B1.14/B1.14.VAR-Bui_54.JPG,B1.14.VAR-Bui_54.JPG,B1.14,B1,train
raw_data/B1.14/B1.14.VAR-Bui_55.JPG,B1.14.VAR-Bui_55.JPG,B1.14,B1,train
raw_data/B1.14/B1.14.VAR-Bui_56.JPG,B1.14.VAR-Bui_56.JPG,B1.14,B1,train
raw_data/B1.14/B1.14.VAR-Bui_57.JPG,B1.14.VAR-Bui_57.JPG,B1.14,B1,train
raw_data/B1.14/B1.14.VAR-Bui_58.JPG,B1.14.VAR-Bui_58.JPG,B1.14,B1,train
raw_data/B1.14/B1.14.VAR-Bui_59.JPG,B1.14.VAR-Bui_59.JPG,B1.14,B1,train
raw_data/B1.14/B1.14.VAR-Bui_60.JPG,B1.14.VAR-Bui_60.JPG,B1.14,B1,train
raw_data/B1.14/B1.14.VAR-Bui_61.JPG,B1.14.VAR-Bui_61.JPG,B1.14,B1,train
raw_data/B1.14/B1.14.VAR-Bui_62.JPG,B1.14.VAR-Bui_62.JPG,B1.14,B1,train
raw_data/B1.14/B1.14.VAR-Bui_63.JPG,B1.14.VAR-Bui_63.JPG,B1.14,B1,train
raw_data/B1.14/B1.14.VAR-Bui_64.JPG,B1.14.VAR-Bui_64.JPG,B1.14,B1,train
raw_data/B1.14/B1.14.VAR-Bui_65.JPG,B1.14.VAR-Bui_65.JPG,B1.14,B1,train
raw_data/B1.14/B1.14.VAR-Bui_66.JPG,B1.14.VAR-Bui_66.JPG,B1.14,B1,train
raw_data/B1.14/B1.14.VAR-Bui_67.JPG,B1.14.VAR-Bui_67.JPG,B1.14,B1,train
raw_data/B1.14/B1.14.VAR-Bui_68.JPG,B1.14.VAR-Bui_68.JPG,B1.14,B1,train
raw_data/B1.15/B1.15.TB-Mar_01.JPG,B1.15.TB-Mar_01.JPG,B1.15,B1,val
raw_data/B1.15/B1.15.TB-Mar_02.JPG,B1.15.TB-Mar_02.JPG,B1.15,B1,val
raw_data/B1.15/B1.15.TB-Mar_03.JPG,B1.15.TB-Mar_03.JPG,B1.15,B1,val
raw_data/B1.15/B1.15.TB-Mar_04.JPG,B1.15.TB-Mar_04.JPG,B1.15,B1,val
raw_data/B1.15/B1.15.TB-Mar_05.JPG,B1.15.TB-Mar_05.JPG,B1.15,B1,val
raw_data/B1.15/B1.15.TB-Mar_06.JPG,B1.15.TB-Mar_06.JPG,B1.15,B1,val
raw_data/B1.15/B1.15.TB-Mar_07.JPG,B1.15.TB-Mar_07.JPG,B1.15,B1,val
raw_data/B1.15/B1.15.TB-Mar_08.JPG,B1.15.TB-Mar_08.JPG,B1.15,B1,val
raw_data/B1.15/B1.15.TB-Mar_09.JPG,B1.15.TB-Mar_09.JPG,B1.15,B1,val
raw_data/B1.15/B1.15.TB-Mar_10.JPG,B1.15.TB-Mar_10.JPG,B1.15,B1,val
raw_data/B1.15/B1.15.TB-Mar_11.JPG,B1.15.TB-Mar_11.JPG,B1.15,B1,val
raw_data/B1.15/B1.15.TB-Mar_12.JPG,B1.15.TB-Mar_12.JPG,B1.15,B1,val
raw_data/B1.15/B1.15.TB-Mar_13.JPG,B1.15.TB-Mar_13.JPG,B1.15,B1,val
raw_data/B1.15/B1.15.TB-Mar_14.JPG,B1.15.TB-Mar_14.JPG,B1.15,B1,val
raw_data/B1.15/B1.15.TB-Mar_15.JPG,B1.15.TB-Mar_15.JPG,B1.15,B1,val
raw_data/B1.15/B1.15.TB-Mar_16.JPG,B1.15.TB-Mar_16.JPG,B1.15,B1,val
raw_data/B1.15/B1.15.TB-Mar_17.JPG,B1.15.TB-Mar_17.JPG,B1.15,B1,val
raw_data/B1.15/B1.15.TB-Mar_18.JPG,B1.15.TB-Mar_18.JPG,B1.15,B1,val
raw_data/B1.15/B1.15.TB-Mar_19.JPG,B1.15.TB-Mar_19.JPG,B1.15,B1,val
raw_data/B1.15/B1.15.TB-Mar_20.JPG,B1.15.TB-Mar_20.JPG,B1.15,B1,val
raw_data/B1.15/B1.15.TB-Mar_21.JPG,B1.15.TB-Mar_21.JPG,B1.15,B1,val
raw_data/B1.15/B1.15.TB-Mar_22.JPG,B1.15.TB-Mar_22.JPG,B1.15,B1,val
raw_data/B1.15/B1.15.TB-Mar_23.JPG,B1.15.TB-Mar_23.JPG,B1.15,B1,val
raw_data/B1.15/B1.15.TB-Mar_24.JPG,B1.15.TB-Mar_24.JPG,B1.15,B1,val
raw_data/B1.15/B1.15.TB-Mar_25.JPG,B1.15.TB-Mar_25.JPG,B1.15,B1,val
raw_data/B1.15/B1.15.TB-Mar_26.JPG,B1.15.TB-Mar_26.JPG,B1.15,B1,val
raw_data/B1.15/B1.15.TB-Mar_27.JPG,B1.15.TB-Mar_27.JPG,B1.15,B1,val
raw_data/B1.15/B1.15.TB-Mar_28.JPG,B1.15.TB-Mar_28.JPG,B1.15,B1,val
raw_data/B1.15/B1.15.TB-Mar_29.JPG,B1.15.TB-Mar_29.JPG,B1.15,B1,val
raw_data/B1.15/B1.15.TB-Mar_30.JPG,B1.15.TB-Mar_30.JPG,B1.15,B1,val
raw_data/B1.15/B1.15.TB-Mar_31.JPG,B1.15.TB-Mar_31.JPG,B1.15,B1,val
raw_data/B1.15/B1.15.TB-Mar_32.JPG,B1.15.TB-Mar_32.JPG,B1.15,B1,val
raw_data/B1.15/B1.15.TB-Mar_33.JPG,B1.15.TB-Mar_33.JPG,B1.15,B1,val
raw_data/B1.15/B1.15.TB-Mar_34.JPG,B1.15.TB-Mar_34.JPG,B1.15,B1,val
raw_data/B1.15/B1.15.TB-Mar_35.JPG,B1.15.TB-Mar_35.JPG,B1.15,B1,val
raw_data/B1.15/B1.15.TB-Mar_36.JPG,B1.15.TB-Mar_36.JPG,B1.15,B1,val
raw_data/B1.15/B1.15.TB-Mar_37.JPG,B1.15.TB-Mar_37.JPG,B1.15,B1,val
raw_data/B1.15/B1.15.TB-Mar_38.JPG,B1.15.TB-Mar_38.JPG,B1.15,B1,val
raw_data/B1.15/B1.15.TB-Mar_39.JPG,B1.15.TB-Mar_39.JPG,B1.15,B1,val
raw_data/B1.15/B1.15.TB-Mar_40.JPG,B1.15.TB-Mar_40.JPG,B1.15,B1,val
raw_data/B1.15/B1.15.TB-Mar_41.JPG,B1.15.TB-Mar_41.JPG,B1.15,B1,val
raw_data/B1.15/B1.15.TB-Mar_42.JPG,B1.15.TB-Mar_42.JPG,B1.15,B1,val
raw_data/B1.15/B1.15.TB-Mar_43.JPG,B1.15.TB-Mar_43.JPG,B1.15,B1,val
raw_data/B1.15/B1.15.TB-Mar_44.JPG,B1.15.TB-Mar_44.JPG,B1.15,B1,val
raw_data/B1.15/B1.15.TB-Mar_45.JPG,B1.15.TB-Mar_45.JPG,B1.15,B1,val
raw_data/B1.15/B1.15.TB-Mar_46.JPG,B1.15.TB-Mar_46.JPG,B1.15,B1,val
raw_data/B1.15/B1.15.TB-Mar_47.JPG,B1.15.TB-Mar_47.JPG,B1.15,B1,val
raw_data/B1.15/B1.15.TB-Mar_48.JPG,B1.15.TB-Mar_48.JPG,B1.15,B1,val
raw_data/B1.15/B1.15.TB-Mar_49.JPG,B1.15.TB-Mar_49.JPG,B1.15,B1,val
raw_data/B1.15/B1.15.TB-Mar_50.JPG,B1.15.TB-Mar_50.JPG,B1.15,B1,val
raw_data/B1.15/B1.15.TB-Mar_51.JPG,B1.15.TB-Mar_51.JPG,B1.15,B1,val
raw_data/B1.15/B1.15.TB-Mar_52.JPG,B1.15.TB-Mar_52.JPG,B1.15,B1,val
raw_data/B1.15/B1.15.TB-Mar_53.JPG,B1.15.TB-Mar_53.JPG,B1.15,B1,val
raw_data/B1.15/B1.15.TB-Mar_54.JPG,B1.15.TB-Mar_54.JPG,B1.15,B1,val
raw_data/B1.15/B1.15.TB-Mar_55.JPG,B1.15.TB-Mar_55.JPG,B1.15,B1,val
raw_data/B1.15/B1.15.TB-Mar_56.JPG,B1.15.TB-Mar_56.JPG,B1.15,B1,val
raw_data/B1.15/B1.15.TB-Mar_57.JPG,B1.15.TB-Mar_57.JPG,B1.15,B1,val
raw_data/B1.15/B1.15.TB-Mar_58.JPG,B1.15.TB-Mar_58.JPG,B1.15,B1,val
raw_data/B1.15/B1.15.TB-Mar_59.JPG,B1.15.TB-Mar_59.JPG,B1.15,B1,val
raw_data/B1.15/B1.15.TB-Mar_60.JPG,B1.15.TB-Mar_60.JPG,B1.15,B1,val
raw_data/B1.15/B1.15.TB-Mar_61.JPG,B1.15.TB-Mar_61.JPG,B1.15,B1,val
raw_data/B1.15/B1.15.TB-Mar_62.JPG,B1.15.TB-Mar_62.JPG,B1.15,B1,val
raw_data/B1.15/B1.15.TB-Mar_63.JPG,B1.15.TB-Mar_63.JPG,B1.15,B1,val
raw_data/B1.15/B1.15.TB-Mar_64.JPG,B1.15.TB-Mar_64.JPG,B1.15,B1,val
raw_data/B1.15/B1.15.TB-Mar_65.JPG,B1.15.TB-Mar_65.JPG,B1.15,B1,val
raw_data/B1.15/B1.15.TB-Mar_66.JPG,B1.15.TB-Mar_66.JPG,B1.15,B1,val
raw_data/B1.15/B1.15.TB-Mar_67.JPG,B1.15.TB-Mar_67.JPG,B1.15,B1,val
raw_data/B1.15/B1.15.TB-Mar_68.JPG,B1.15.TB-Mar_68.JPG,B1.15,B1,val
raw_data/B1.15/B1.15.TB-Mar_69.JPG,B1.15.TB-Mar_69.JPG,B1.15,B1,val
raw_data/B1.15/B1.15.TB-Mar_70.JPG,B1.15.TB-Mar_70.JPG,B1.15,B1,val
raw_data/B1.15/B1.15.TB-Mar_71.JPG,B1.15.TB-Mar_71.JPG,B1.15,B1,val
raw_data/B1.15/B1.15.TB-Mar_72.JPG,B1.15.TB-Mar_72.JPG,B1.15,B1,val
raw_data/B1.15/B1.15.TB-Mar_73.JPG,B1.15.TB-Mar_73.JPG,B1.15,B1,val
raw_data/B1.15/B1.15.TB-Mar_74.JPG,B1.15.TB-Mar_74.JPG,B1.15,B1,val
raw_data/B1.16 (need_review)/DSC04596.JPG,DSC04596.JPG,B1.16 (need_review),B1,train
raw_data/B1.16 (need_review)/DSC04597.JPG,DSC04597.JPG,B1.16 (need_review),B1,train
raw_data/B1.16 (need_review)/DSC04598.JPG,DSC04598.JPG,B1.16 (need_review),B1,train
raw_data/B1.16 (need_review)/DSC04599.JPG,DSC04599.JPG,B1.16 (need_review),B1,train
raw_data/B1.16 (need_review)/DSC04600.JPG,DSC04600.JPG,B1.16 (need_review),B1,train
raw_data/B1.16 (need_review)/DSC04601.JPG,DSC04601.JPG,B1.16 (need_review),B1,train
raw_data/B1.16 (need_review)/DSC04602.JPG,DSC04602.JPG,B1.16 (need_review),B1,train
raw_data/B1.16 (need_review)/DSC04603.JPG,DSC04603.JPG,B1.16 (need_review),B1,train
raw_data/B1.16 (need_review)/DSC04604.JPG,DSC04604.JPG,B1.16 (need_review),B1,train
raw_data/B1.16 (need_review)/DSC04605.JPG,DSC04605.JPG,B1.16 (need_review),B1,train
raw_data/B1.16 (need_review)/DSC04606.JPG,DSC04606.JPG,B1.16 (need_review),B1,train
raw_data/B1.16 (need_review)/DSC04607.JPG,DSC04607.JPG,B1.16 (need_review),B1,train
raw_data/B1.16 (need_review)/DSC04608.JPG,DSC04608.JPG,B1.16 (need_review),B1,train
raw_data/B1.16 (need_review)/DSC04616.JPG,DSC04616.JPG,B1.16 (need_review),B1,train
raw_data/B1.16 (need_review)/DSC04617.JPG,DSC04617.JPG,B1.16 (need_review),B1,train
raw_data/B1.16 (need_review)/DSC04618.JPG,DSC04618.JPG,B1.16 (need_review),B1,train
raw_data/B1.16 (need_review)/DSC04619.JPG,DSC04619.JPG,B1.16 (need_review),B1,train
raw_data/B1.16 (need_review)/DSC04620.JPG,DSC04620.JPG,B1.16 (need_review),B1,train
raw_data/B1.16 (need_review)/DSC04621.JPG,DSC04621.JPG,B1.16 (need_review),B1,train
raw_data/B1.16 (need_review)/DSC04622.JPG,DSC04622.JPG,B1.16 (need_review),B1,train
raw_data/B1.16 (need_review)/DSC04623.JPG,DSC04623.JPG,B1.16 (need_review),B1,train
raw_data/B1.16 (need_review)/DSC04624.JPG,DSC04624.JPG,B1.16 (need_review),B1,train
raw_data/B1.16 (need_review)/DSC04625.JPG,DSC04625.JPG,B1.16 (need_review),B1,train
raw_data/B1.16 (need_review)/DSC04626.JPG,DSC04626.JPG,B1.16 (need_review),B1,train
raw_data/B1.16 (need_review)/DSC04627.JPG,DSC04627.JPG,B1.16 (need_review),B1,train
raw_data/B1.16 (need_review)/DSC04628.JPG,DSC04628.JPG,B1.16 (need_review),B1,train
raw_data/B1.16 (need_review)/DSC04629.JPG,DSC04629.JPG,B1.16 (need_review),B1,train
raw_data/B1.16 (need_review)/DSC04630.JPG,DSC04630.JPG,B1.16 (need_review),B1,train
raw_data/B1.16 (need_review)/DSC04631.JPG,DSC04631.JPG,B1.16 (need_review),B1,train
raw_data/B1.16 (need_review)/DSC04632.JPG,DSC04632.JPG,B1.16 (need_review),B1,train
raw_data/B1.16 (need_review)/DSC04633.JPG,DSC04633.JPG,B1.16 (need_review),B1,train
raw_data/B1.16 (need_review)/DSC04634.JPG,DSC04634.JPG,B1.16 (need_review),B1,train
raw_data/B1.16 (need_review)/DSC04635.JPG,DSC04635.JPG,B1.16 (need_review),B1,train
raw_data/B1.16 (need_review)/DSC04636.JPG,DSC04636.JPG,B1.16 (need_review),B1,train
raw_data/B1.16 (need_review)/DSC04637.JPG,DSC04637.JPG,B1.16 (need_review),B1,train
raw_data/B1.16 (need_review)/DSC04638.JPG,DSC04638.JPG,B1.16 (need_review),B1,train
raw_data/B1.16 (need_review)/DSC04639.JPG,DSC04639.JPG,B1.16 (need_review),B1,train
raw_data/B1.16 (need_review)/DSC04640.JPG,DSC04640.JPG,B1.16 (need_review),B1,train
raw_data/B1.16 (need_review)/DSC04641.JPG,DSC04641.JPG,B1.16 (need_review),B1,train
raw_data/B1.16 (need_review)/DSC04659.JPG,DSC04659.JPG,B1.16 (need_review),B1,train
raw_data/B1.16 (need_review)/DSC04660.JPG,DSC04660.JPG,B1.16 (need_review),B1,train
raw_data/B1.16 (need_review)/DSC04661.JPG,DSC04661.JPG,B1.16 (need_review),B1,train
raw_data/B1.16 (need_review)/DSC04662.JPG,DSC04662.JPG,B1.16 (need_review),B1,train
raw_data/B1.16 (need_review)/DSC04663.JPG,DSC04663.JPG,B1.16 (need_review),B1,train
raw_data/B1.16 (need_review)/DSC04664.JPG,DSC04664.JPG,B1.16 (need_review),B1,train
raw_data/B1.16 (need_review)/DSC04665.JPG,DSC04665.JPG,B1.16 (need_review),B1,train
raw_data/B1.16 (need_review)/DSC04666.JPG,DSC04666.JPG,B1.16 (need_review),B1,train
raw_data/B1.16 (need_review)/DSC04667.JPG,DSC04667.JPG,B1.16 (need_review),B1,train
raw_data/B1.16 (need_review)/DSC04668.JPG,DSC04668.JPG,B1.16 (need_review),B1,train
raw_data/B1.16 (need_review)/DSC04670.JPG,DSC04670.JPG,B1.16 (need_review),B1,train
raw_data/B1.16 (need_review)/DSC04671.JPG,DSC04671.JPG,B1.16 (need_review),B1,train
raw_data/B1.16 (need_review)/DSC04672.JPG,DSC04672.JPG,B1.16 (need_review),B1,train
raw_data/B1.16 (need_review)/DSC04673.JPG,DSC04673.JPG,B1.16 (need_review),B1,train
raw_data/B1.16 (need_review)/DSC04674.JPG,DSC04674.JPG,B1.16 (need_review),B1,train
raw_data/B1.16 (need_review)/DSC04675.JPG,DSC04675.JPG,B1.16 (need_review),B1,train
raw_data/B1.16 (need_review)/DSC04676.JPG,DSC04676.JPG,B1.16 (need_review),B1,train
raw_data/B1.16 (need_review)/DSC04679.JPG,DSC04679.JPG,B1.16 (need_review),B1,train
raw_data/B1.16 (need_review)/DSC04681.JPG,DSC04681.JPG,B1.16 (need_review),B1,train
raw_data/B1.16 (need_review)/DSC04682.JPG,DSC04682.JPG,B1.16 (need_review),B1,train
raw_data/B1.16 (need_review)/DSC04683.JPG,DSC04683.JPG,B1.16 (need_review),B1,train
raw_data/B1.16 (need_review)/DSC04684.JPG,DSC04684.JPG,B1.16 (need_review),B1,train
raw_data/B1.16 (need_review)/DSC04685.JPG,DSC04685.JPG,B1.16 (need_review),B1,train
raw_data/B1.16 (need_review)/DSC04686.JPG,DSC04686.JPG,B1.16 (need_review),B1,train
raw_data/B1.16 (need_review)/DSC04688.JPG,DSC04688.JPG,B1.16 (need_review),B1,train
raw_data/B1.16 (need_review)/DSC04689.JPG,DSC04689.JPG,B1.16 (need_review),B1,train
raw_data/B1.16 (need_review)/DSC04690.JPG,DSC04690.JPG,B1.16 (need_review),B1,train
raw_data/B1.16 (need_review)/DSC04691.JPG,DSC04691.JPG,B1.16 (need_review),B1,train
raw_data/B1.16 (need_review)/DSC04692.JPG,DSC04692.JPG,B1.16 (need_review),B1,train
raw_data/B1.16 (need_review)/DSC04693.JPG,DSC04693.JPG,B1.16 (need_review),B1,train
raw_data/B1.16 (need_review)/DSC04694.JPG,DSC04694.JPG,B1.16 (need_review),B1,train
raw_data/B1.16 (need_review)/DSC04696.JPG,DSC04696.JPG,B1.16 (need_review),B1,train
raw_data/B1.16 (need_review)/DSC04697.JPG,DSC04697.JPG,B1.16 (need_review),B1,train
raw_data/B1.16 (need_review)/DSC04698.JPG,DSC04698.JPG,B1.16 (need_review),B1,train
raw_data/B1.16 (need_review)/DSC04699.JPG,DSC04699.JPG,B1.16 (need_review),B1,train
raw_data/B1.16 (need_review)/DSC04700.JPG,DSC04700.JPG,B1.16 (need_review),B1,train
raw_data/B1.16 (need_review)/DSC04701.JPG,DSC04701.JPG,B1.16 (need_review),B1,train
raw_data/B1.16 (need_review)/DSC04702.JPG,DSC04702.JPG,B1.16 (need_review),B1,train
raw_data/B1.16 (need_review)/DSC04703.JPG,DSC04703.JPG,B1.16 (need_review),B1,train
raw_data/B1.16 (need_review)/DSC04704.JPG,DSC04704.JPG,B1.16 (need_review),B1,train
raw_data/B1.16 (need_review)/DSC04705.JPG,DSC04705.JPG,B1.16 (need_review),B1,train
raw_data/B1.16 (need_review)/DSC04706.JPG,DSC04706.JPG,B1.16 (need_review),B1,train
raw_data/B1.16 (need_review)/DSC04707.JPG,DSC04707.JPG,B1.16 (need_review),B1,train
raw_data/B1.16 (need_review)/DSC04708.JPG,DSC04708.JPG,B1.16 (need_review),B1,train
raw_data/B1.16 (need_review)/DSC04709.JPG,DSC04709.JPG,B1.16 (need_review),B1,train
raw_data/B1.16 (need_review)/DSC04710.JPG,DSC04710.JPG,B1.16 (need_review),B1,train
raw_data/B1.16 (need_review)/DSC04711.JPG,DSC04711.JPG,B1.16 (need_review),B1,train
raw_data/B1.16 (need_review)/DSC04712.JPG,DSC04712.JPG,B1.16 (need_review),B1,train
raw_data/B1.16 (need_review)/DSC04713.JPG,DSC04713.JPG,B1.16 (need_review),B1,train
raw_data/B1.16 (need_review)/DSC04714.JPG,DSC04714.JPG,B1.16 (need_review),B1,train
raw_data/B1.16 (need_review)/DSC04715.JPG,DSC04715.JPG,B1.16 (need_review),B1,train
raw_data/B1.16 (need_review)/DSC04716.JPG,DSC04716.JPG,B1.16 (need_review),B1,train
raw_data/B1.16 (need_review)/DSC04717.JPG,DSC04717.JPG,B1.16 (need_review),B1,train
raw_data/B1.16 (need_review)/DSC04718.JPG,DSC04718.JPG,B1.16 (need_review),B1,train
raw_data/B1.16 (need_review)/DSC04751.JPG,DSC04751.JPG,B1.16 (need_review),B1,train
raw_data/B1.16 (need_review)/DSC04752.JPG,DSC04752.JPG,B1.16 (need_review),B1,train
raw_data/B1.16 (need_review)/DSC04753.JPG,DSC04753.JPG,B1.16 (need_review),B1,train
raw_data/B1.16 (need_review)/DSC04754.JPG,DSC04754.JPG,B1.16 (need_review),B1,train
raw_data/B1.16 (need_review)/DSC04755.JPG,DSC04755.JPG,B1.16 (need_review),B1,train
raw_data/B1.16 (need_review)/DSC04792.JPG,DSC04792.JPG,B1.16 (need_review),B1,train
raw_data/B1.16 (need_review)/DSC04793.JPG,DSC04793.JPG,B1.16 (need_review),B1,train
raw_data/B1.16 (need_review)/DSC04794.JPG,DSC04794.JPG,B1.16 (need_review),B1,train
raw_data/B1.16 (need_review)/DSC04795.JPG,DSC04795.JPG,B1.16 (need_review),B1,train
raw_data/B1.16 (need_review)/DSC04796.JPG,DSC04796.JPG,B1.16 (need_review),B1,train
raw_data/B1.16 (need_review)/DSC04798.JPG,DSC04798.JPG,B1.16 (need_review),B1,train
raw_data/B1.16 (need_review)/DSC04799.JPG,DSC04799.JPG,B1.16 (need_review),B1,train
raw_data/B1.16 (need_review)/DSC04800.JPG,DSC04800.JPG,B1.16 (need_review),B1,train
raw_data/B1.16 (need_review)/DSC04801.JPG,DSC04801.JPG,B1.16 (need_review),B1,train
raw_data/B1.16 (need_review)/DSC04838.JPG,DSC04838.JPG,B1.16 (need_review),B1,train
raw_data/B1.16 (need_review)/DSC04839.JPG,DSC04839.JPG,B1.16 (need_review),B1,train
raw_data/B1.16 (need_review)/DSC04840.JPG,DSC04840.JPG,B1.16 (need_review),B1,train
raw_data/B1.16 (need_review)/DSC04841.JPG,DSC04841.JPG,B1.16 (need_review),B1,train
raw_data/B1.16 (need_review)/DSC04842.JPG,DSC04842.JPG,B1.16 (need_review),B1,train
raw_data/B1.16 (need_review)/DSC04843.JPG,DSC04843.JPG,B1.16 (need_review),B1,train
raw_data/B1.16 (need_review)/DSC04851.JPG,DSC04851.JPG,B1.16 (need_review),B1,train
raw_data/B1.16 (need_review)/DSC04852.JPG,DSC04852.JPG,B1.16 (need_review),B1,train
raw_data/B1.16 (need_review)/DSC04853.JPG,DSC04853.JPG,B1.16 (need_review),B1,train
raw_data/B1.16 (need_review)/DSC04854.JPG,DSC04854.JPG,B1.16 (need_review),B1,train
raw_data/B1.16 (need_review)/DSC04855.JPG,DSC04855.JPG,B1.16 (need_review),B1,train
raw_data/B1.16 (need_review)/DSC04856.JPG,DSC04856.JPG,B1.16 (need_review),B1,train
raw_data/B1.16 (need_review)/DSC04870.JPG,DSC04870.JPG,B1.16 (need_review),B1,train
raw_data/B1.16 (need_review)/DSC04871.JPG,DSC04871.JPG,B1.16 (need_review),B1,train
raw_data/B1.16 (need_review)/DSC04872.JPG,DSC04872.JPG,B1.16 (need_review),B1,train
raw_data/B1.16 (need_review)/DSC04873.JPG,DSC04873.JPG,B1.16 (need_review),B1,train
raw_data/B1.16 (need_review)/DSC04874.JPG,DSC04874.JPG,B1.16 (need_review),B1,train
raw_data/B1.16 (need_review)/DSC04875.JPG,DSC04875.JPG,B1.16 (need_review),B1,train
raw_data/B1.16 (need_review)/DSC04876.JPG,DSC04876.JPG,B1.16 (need_review),B1,train
raw_data/B1.16 (need_review)/DSC04877.JPG,DSC04877.JPG,B1.16 (need_review),B1,train
raw_data/B1.16 (need_review)/DSC04878.JPG,DSC04878.JPG,B1.16 (need_review),B1,train
raw_data/B1.16 (need_review)/DSC04879.JPG,DSC04879.JPG,B1.16 (need_review),B1,train
raw_data/B1.16 (need_review)/DSC04880.JPG,DSC04880.JPG,B1.16 (need_review),B1,train
raw_data/B1.16 (need_review)/DSC04881.JPG,DSC04881.JPG,B1.16 (need_review),B1,train
raw_data/B1.16 (need_review)/DSC04882.JPG,DSC04882.JPG,B1.16 (need_review),B1,train
raw_data/B1.16 (need_review)/DSC04883.JPG,DSC04883.JPG,B1.16 (need_review),B1,train
raw_data/B1.16 (need_review)/DSC04884.JPG,DSC04884.JPG,B1.16 (need_review),B1,train
raw_data/B1.16 (need_review)/DSC04885.JPG,DSC04885.JPG,B1.16 (need_review),B1,train
raw_data/B1.16 (need_review)/DSC04886.JPG,DSC04886.JPG,B1.16 (need_review),B1,train
raw_data/B1.16 (need_review)/DSC04887.JPG,DSC04887.JPG,B1.16 (need_review),B1,train
raw_data/B1.16 (need_review)/DSC04888.JPG,DSC04888.JPG,B1.16 (need_review),B1,train
raw_data/B1.16 (need_review)/DSC04965.JPG,DSC04965.JPG,B1.16 (need_review),B1,train
raw_data/B1.16 (need_review)/DSC04966.JPG,DSC04966.JPG,B1.16 (need_review),B1,train
raw_data/B1.16 (need_review)/DSC04967.JPG,DSC04967.JPG,B1.16 (need_review),B1,train
raw_data/B1.16 (need_review)/DSC04968.JPG,DSC04968.JPG,B1.16 (need_review),B1,train
raw_data/B1.16 (need_review)/DSC04969.JPG,DSC04969.JPG,B1.16 (need_review),B1,train
raw_data/B1.16 (need_review)/DSC04970.JPG,DSC04970.JPG,B1.16 (need_review),B1,train
raw_data/B1.16 (need_review)/DSC04971.JPG,DSC04971.JPG,B1.16 (need_review),B1,train
raw_data/B1.16 (need_review)/DSC04972.JPG,DSC04972.JPG,B1.16 (need_review),B1,train
raw_data/B1.16 (need_review)/DSC04973.JPG,DSC04973.JPG,B1.16 (need_review),B1,train
raw_data/B1.16 (need_review)/DSC04974.JPG,DSC04974.JPG,B1.16 (need_review),B1,train
raw_data/B1.16 (need_review)/DSC04977.JPG,DSC04977.JPG,B1.16 (need_review),B1,train
raw_data/B1.16 (need_review)/DSC04978.JPG,DSC04978.JPG,B1.16 (need_review),B1,train
raw_data/B1.16 (need_review)/DSC04979.JPG,DSC04979.JPG,B1.16 (need_review),B1,train
raw_data/B1.16 (need_review)/DSC04981.JPG,DSC04981.JPG,B1.16 (need_review),B1,train
raw_data/B1.16 (need_review)/DSC04982.JPG,DSC04982.JPG,B1.16 (need_review),B1,train
raw_data/B1.16 (need_review)/DSC04984.JPG,DSC04984.JPG,B1.16 (need_review),B1,train
raw_data/B1.16 (need_review)/DSC04985.JPG,DSC04985.JPG,B1.16 (need_review),B1,train
raw_data/B1.16 (need_review)/DSC04986.JPG,DSC04986.JPG,B1.16 (need_review),B1,train
raw_data/B1.16 (need_review)/DSC05001.JPG,DSC05001.JPG,B1.16 (need_review),B1,train
raw_data/B1.16 (need_review)/DSC05002.JPG,DSC05002.JPG,B1.16 (need_review),B1,train
raw_data/B1.16 (need_review)/DSC05003.JPG,DSC05003.JPG,B1.16 (need_review),B1,train
raw_data/B1.16 (need_review)/DSC05004.JPG,DSC05004.JPG,B1.16 (need_review),B1,train
raw_data/B1.16 (need_review)/DSC05005.JPG,DSC05005.JPG,B1.16 (need_review),B1,train
raw_data/B1.17 (need_review)/Contemporary_Pre86era_Palacehotelsaigon_002.jpg,Contemporary_Pre86era_Palacehotelsaigon_002.jpg,B1.17 (need_review),B1,val
raw_data/B1.17 (need_review)/Contemporary_Pre86era_Palacehotelsaigon_003.jpg,Contemporary_Pre86era_Palacehotelsaigon_003.jpg,B1.17 (need_review),B1,val
raw_data/B1.17 (need_review)/Contemporary_Pre86era_Palacehotelsaigon_004.jpg,Contemporary_Pre86era_Palacehotelsaigon_004.jpg,B1.17 (need_review),B1,val
raw_data/B1.17 (need_review)/Contemporary_Pre86era_Palacehotelsaigon_005.jpg,Contemporary_Pre86era_Palacehotelsaigon_005.jpg,B1.17 (need_review),B1,val
raw_data/B1.17 (need_review)/Contemporary_Pre86era_Palacehotelsaigon_006.jpg,Contemporary_Pre86era_Palacehotelsaigon_006.jpg,B1.17 (need_review),B1,val
raw_data/B1.17 (need_review)/Contemporary_Pre86era_Palacehotelsaigon_008.jpg,Contemporary_Pre86era_Palacehotelsaigon_008.jpg,B1.17 (need_review),B1,val
raw_data/B1.17 (need_review)/Contemporary_Pre86era_Palacehotelsaigon_009.jpg,Contemporary_Pre86era_Palacehotelsaigon_009.jpg,B1.17 (need_review),B1,val
raw_data/B1.17 (need_review)/Contemporary_Pre86era_Palacehotelsaigon_010.jpg,Contemporary_Pre86era_Palacehotelsaigon_010.jpg,B1.17 (need_review),B1,val
raw_data/B1.17 (need_review)/Contemporary_Pre86era_Palacehotelsaigon_011.jpg,Contemporary_Pre86era_Palacehotelsaigon_011.jpg,B1.17 (need_review),B1,val
raw_data/B1.17 (need_review)/Contemporary_Pre86era_Palacehotelsaigon_012.jpg,Contemporary_Pre86era_Palacehotelsaigon_012.jpg,B1.17 (need_review),B1,val
raw_data/B1.17 (need_review)/Contemporary_Pre86era_Palacehotelsaigon_015.jpg,Contemporary_Pre86era_Palacehotelsaigon_015.jpg,B1.17 (need_review),B1,val
raw_data/B1.17 (need_review)/Contemporary_Pre86era_Palacehotelsaigon_016.jpg,Contemporary_Pre86era_Palacehotelsaigon_016.jpg,B1.17 (need_review),B1,val
raw_data/B1.17 (need_review)/Contemporary_Pre86era_Palacehotelsaigon_017.jpg,Contemporary_Pre86era_Palacehotelsaigon_017.jpg,B1.17 (need_review),B1,val
raw_data/B1.17 (need_review)/Contemporary_Pre86era_Palacehotelsaigon_018.jpg,Contemporary_Pre86era_Palacehotelsaigon_018.jpg,B1.17 (need_review),B1,val
raw_data/B1.17 (need_review)/Contemporary_Pre86era_Palacehotelsaigon_020.jpg,Contemporary_Pre86era_Palacehotelsaigon_020.jpg,B1.17 (need_review),B1,val
raw_data/B1.17 (need_review)/Contemporary_Pre86era_Palacehotelsaigon_021.jpg,Contemporary_Pre86era_Palacehotelsaigon_021.jpg,B1.17 (need_review),B1,val
raw_data/B1.17 (need_review)/Contemporary_Pre86era_Palacehotelsaigon_022.jpg,Contemporary_Pre86era_Palacehotelsaigon_022.jpg,B1.17 (need_review),B1,val
raw_data/B1.17 (need_review)/Contemporary_Pre86era_Palacehotelsaigon_024.jpg,Contemporary_Pre86era_Palacehotelsaigon_024.jpg,B1.17 (need_review),B1,val
raw_data/B1.17 (need_review)/Contemporary_Pre86era_Palacehotelsaigon_029.jpg,Contemporary_Pre86era_Palacehotelsaigon_029.jpg,B1.17 (need_review),B1,val
raw_data/B1.17 (need_review)/Contemporary_Pre86era_Palacehotelsaigon_030.jpg,Contemporary_Pre86era_Palacehotelsaigon_030.jpg,B1.17 (need_review),B1,val
raw_data/B1.17 (need_review)/Contemporary_Pre86era_Palacehotelsaigon_031.jpg,Contemporary_Pre86era_Palacehotelsaigon_031.jpg,B1.17 (need_review),B1,val
raw_data/B1.18/B1.18.GD-Hos_01.JPG,B1.18.GD-Hos_01.JPG,B1.18,B1,train
raw_data/B1.18/B1.18.GD-Hos_02.JPG,B1.18.GD-Hos_02.JPG,B1.18,B1,train
raw_data/B1.18/B1.18.GD-Hos_03.JPG,B1.18.GD-Hos_03.JPG,B1.18,B1,train
raw_data/B1.18/B1.18.GD-Hos_04.JPG,B1.18.GD-Hos_04.JPG,B1.18,B1,train
raw_data/B1.18/B1.18.GD-Hos_05.JPG,B1.18.GD-Hos_05.JPG,B1.18,B1,train
raw_data/B1.18/B1.18.GD-Hos_06.JPG,B1.18.GD-Hos_06.JPG,B1.18,B1,train
raw_data/B1.18/B1.18.GD-Hos_07.JPG,B1.18.GD-Hos_07.JPG,B1.18,B1,train
raw_data/B1.18/B1.18.GD-Hos_08.JPG,B1.18.GD-Hos_08.JPG,B1.18,B1,train
raw_data/B1.18/B1.18.GD-Hos_09.JPG,B1.18.GD-Hos_09.JPG,B1.18,B1,train
raw_data/B1.18/B1.18.GD-Hos_10.JPG,B1.18.GD-Hos_10.JPG,B1.18,B1,train
raw_data/B1.18/B1.18.GD-Hos_11.JPG,B1.18.GD-Hos_11.JPG,B1.18,B1,train
raw_data/B1.18/B1.18.GD-Hos_12.JPG,B1.18.GD-Hos_12.JPG,B1.18,B1,train
raw_data/B1.18/B1.18.GD-Hos_13.JPG,B1.18.GD-Hos_13.JPG,B1.18,B1,train
raw_data/B1.18/B1.18.GD-Hos_14.JPG,B1.18.GD-Hos_14.JPG,B1.18,B1,train
raw_data/B1.18/B1.18.GD-Hos_15.JPG,B1.18.GD-Hos_15.JPG,B1.18,B1,train
raw_data/B1.18/B1.18.GD-Hos_16.JPG,B1.18.GD-Hos_16.JPG,B1.18,B1,train
raw_data/B1.18/B1.18.GD-Hos_17.JPG,B1.18.GD-Hos_17.JPG,B1.18,B1,train
raw_data/B1.18/B1.18.GD-Hos_18.JPG,B1.18.GD-Hos_18.JPG,B1.18,B1,train
raw_data/B1.18/B1.18.GD-Hos_19.JPG,B1.18.GD-Hos_19.JPG,B1.18,B1,train
raw_data/B1.18/B1.18.GD-Hos_20.JPG,B1.18.GD-Hos_20.JPG,B1.18,B1,train
raw_data/B1.18/B1.18.GD-Hos_21.JPG,B1.18.GD-Hos_21.JPG,B1.18,B1,train
raw_data/B1.18/B1.18.GD-Hos_22.JPG,B1.18.GD-Hos_22.JPG,B1.18,B1,train
raw_data/B1.18/B1.18.GD-Hos_23.JPG,B1.18.GD-Hos_23.JPG,B1.18,B1,train
raw_data/B1.18/B1.18.GD-Hos_24.JPG,B1.18.GD-Hos_24.JPG,B1.18,B1,train
raw_data/B1.18/B1.18.GD-Hos_25.JPG,B1.18.GD-Hos_25.JPG,B1.18,B1,train
raw_data/B1.18/B1.18.GD-Hos_26.JPG,B1.18.GD-Hos_26.JPG,B1.18,B1,train
raw_data/B1.18/B1.18.GD-Hos_27.JPG,B1.18.GD-Hos_27.JPG,B1.18,B1,train
raw_data/B1.18/B1.18.GD-Hos_28.JPG,B1.18.GD-Hos_28.JPG,B1.18,B1,train
raw_data/B1.18/B1.18.GD-Hos_29.JPG,B1.18.GD-Hos_29.JPG,B1.18,B1,train
raw_data/B1.18/B1.18.GD-Hos_30.JPG,B1.18.GD-Hos_30.JPG,B1.18,B1,train
raw_data/B1.18/B1.18.GD-Hos_31.JPG,B1.18.GD-Hos_31.JPG,B1.18,B1,train
raw_data/B1.18/B1.18.GD-Hos_32.JPG,B1.18.GD-Hos_32.JPG,B1.18,B1,train
raw_data/B1.18/B1.18.GD-Hos_33.JPG,B1.18.GD-Hos_33.JPG,B1.18,B1,train
raw_data/B1.18/B1.18.GD-Hos_34.JPG,B1.18.GD-Hos_34.JPG,B1.18,B1,train
raw_data/B1.18/B1.18.GD-Hos_35.JPG,B1.18.GD-Hos_35.JPG,B1.18,B1,train
raw_data/B1.18/B1.18.GD-Hos_36.JPG,B1.18.GD-Hos_36.JPG,B1.18,B1,train
raw_data/B1.18/B1.18.GD-Hos_37.JPG,B1.18.GD-Hos_37.JPG,B1.18,B1,train
raw_data/B1.18/B1.18.GD-Hos_38.JPG,B1.18.GD-Hos_38.JPG,B1.18,B1,train
raw_data/B1.18/B1.18.GD-Hos_39.JPG,B1.18.GD-Hos_39.JPG,B1.18,B1,train
raw_data/B1.18/B1.18.GD-Hos_40.JPG,B1.18.GD-Hos_40.JPG,B1.18,B1,train
raw_data/B1.18/B1.18.GD-Hos_41.JPG,B1.18.GD-Hos_41.JPG,B1.18,B1,train
raw_data/B1.18/B1.18.GD-Hos_42.JPG,B1.18.GD-Hos_42.JPG,B1.18,B1,train
raw_data/B1.18/B1.18.GD-Hos_43.JPG,B1.18.GD-Hos_43.JPG,B1.18,B1,train
raw_data/B1.18/B1.18.GD-Hos_44.JPG,B1.18.GD-Hos_44.JPG,B1.18,B1,train
raw_data/B1.18/B1.18.GD-Hos_45.JPG,B1.18.GD-Hos_45.JPG,B1.18,B1,train
raw_data/B1.18/B1.18.GD-Hos_46.JPG,B1.18.GD-Hos_46.JPG,B1.18,B1,train
raw_data/B1.18/B1.18.GD-Hos_47.JPG,B1.18.GD-Hos_47.JPG,B1.18,B1,train
raw_data/B1.18/B1.18.GD-Hos_48.JPG,B1.18.GD-Hos_48.JPG,B1.18,B1,train
raw_data/B1.18/B1.18.GD-Hos_49.JPG,B1.18.GD-Hos_49.JPG,B1.18,B1,train
raw_data/B1.18/B1.18.GD-Hos_50.JPG,B1.18.GD-Hos_50.JPG,B1.18,B1,train
raw_data/B1.18/B1.18.GD-Hos_51.JPG,B1.18.GD-Hos_51.JPG,B1.18,B1,train
raw_data/B1.18/B1.18.GD-Hos_52.JPG,B1.18.GD-Hos_52.JPG,B1.18,B1,train
raw_data/B1.18/B1.18.GD-Hos_53.JPG,B1.18.GD-Hos_53.JPG,B1.18,B1,train
raw_data/B1.18/B1.18.GD-Hos_54.JPG,B1.18.GD-Hos_54.JPG,B1.18,B1,train
raw_data/B1.18/B1.18.GD-Hos_55.JPG,B1.18.GD-Hos_55.JPG,B1.18,B1,train
raw_data/B1.18/B1.18.GD-Hos_56.JPG,B1.18.GD-Hos_56.JPG,B1.18,B1,train
raw_data/B1.18/B1.18.GD-Hos_57.JPG,B1.18.GD-Hos_57.JPG,B1.18,B1,train
raw_data/B1.18/B1.18.GD-Hos_58.JPG,B1.18.GD-Hos_58.JPG,B1.18,B1,train
raw_data/B1.18/B1.18.GD-Hos_59.JPG,B1.18.GD-Hos_59.JPG,B1.18,B1,train
raw_data/B1.18/B1.18.GD-Hos_60.JPG,B1.18.GD-Hos_60.JPG,B1.18,B1,train
raw_data/B1.18/B1.18.GD-Hos_61.JPG,B1.18.GD-Hos_61.JPG,B1.18,B1,train
raw_data/B1.18/B1.18.GD-Hos_62.JPG,B1.18.GD-Hos_62.JPG,B1.18,B1,train
raw_data/B1.18/B1.18.GD-Hos_63.JPG,B1.18.GD-Hos_63.JPG,B1.18,B1,train
raw_data/B1.18/B1.18.GD-Hos_64.JPG,B1.18.GD-Hos_64.JPG,B1.18,B1,train
raw_data/B1.18/B1.18.GD-Hos_65.JPG,B1.18.GD-Hos_65.JPG,B1.18,B1,train
raw_data/B1.18/B1.18.GD-Hos_66.JPG,B1.18.GD-Hos_66.JPG,B1.18,B1,train
raw_data/B1.18/B1.18.GD-Hos_67.JPG,B1.18.GD-Hos_67.JPG,B1.18,B1,train
raw_data/B1.18/B1.18.GD-Hos_68.JPG,B1.18.GD-Hos_68.JPG,B1.18,B1,train
raw_data/B1.18/B1.18.GD-Hos_69.JPG,B1.18.GD-Hos_69.JPG,B1.18,B1,train
raw_data/B1.18/B1.18.GD-Hos_70.JPG,B1.18.GD-Hos_70.JPG,B1.18,B1,train
raw_data/B1.19/B1.19.Apar-Bui_01.JPG,B1.19.Apar-Bui_01.JPG,B1.19,B1,test
raw_data/B1.19/B1.19.Apar-Bui_02.JPG,B1.19.Apar-Bui_02.JPG,B1.19,B1,test
raw_data/B1.19/B1.19.Apar-Bui_03.JPG,B1.19.Apar-Bui_03.JPG,B1.19,B1,test
raw_data/B1.19/B1.19.Apar-Bui_04.JPG,B1.19.Apar-Bui_04.JPG,B1.19,B1,test
raw_data/B1.19/B1.19.Apar-Bui_05.JPG,B1.19.Apar-Bui_05.JPG,B1.19,B1,test
raw_data/B1.19/B1.19.Apar-Bui_06.JPG,B1.19.Apar-Bui_06.JPG,B1.19,B1,test
raw_data/B1.19/B1.19.Apar-Bui_07.JPG,B1.19.Apar-Bui_07.JPG,B1.19,B1,test
raw_data/B1.19/B1.19.Apar-Bui_08.JPG,B1.19.Apar-Bui_08.JPG,B1.19,B1,test
raw_data/B1.19/B1.19.Apar-Bui_09.JPG,B1.19.Apar-Bui_09.JPG,B1.19,B1,test
raw_data/B1.19/B1.19.Apar-Bui_10.JPG,B1.19.Apar-Bui_10.JPG,B1.19,B1,test
raw_data/B1.19/B1.19.Apar-Bui_11.JPG,B1.19.Apar-Bui_11.JPG,B1.19,B1,test
raw_data/B1.19/B1.19.Apar-Bui_12.JPG,B1.19.Apar-Bui_12.JPG,B1.19,B1,test
raw_data/B1.19/B1.19.Apar-Bui_13.JPG,B1.19.Apar-Bui_13.JPG,B1.19,B1,test
raw_data/B1.19/B1.19.Apar-Bui_14.JPG,B1.19.Apar-Bui_14.JPG,B1.19,B1,test
raw_data/B1.19/B1.19.Apar-Bui_15.JPG,B1.19.Apar-Bui_15.JPG,B1.19,B1,test
raw_data/B1.19/B1.19.Apar-Bui_16.JPG,B1.19.Apar-Bui_16.JPG,B1.19,B1,test
raw_data/B1.19/B1.19.Apar-Bui_17.JPG,B1.19.Apar-Bui_17.JPG,B1.19,B1,test
raw_data/B1.19/B1.19.Apar-Bui_18.JPG,B1.19.Apar-Bui_18.JPG,B1.19,B1,test
raw_data/B1.19/B1.19.Apar-Bui_19.JPG,B1.19.Apar-Bui_19.JPG,B1.19,B1,test
raw_data/B1.19/B1.19.Apar-Bui_20.JPG,B1.19.Apar-Bui_20.JPG,B1.19,B1,test
raw_data/B1.19/B1.19.Apar-Bui_21.JPG,B1.19.Apar-Bui_21.JPG,B1.19,B1,test
raw_data/B1.19/B1.19.Apar-Bui_22.JPG,B1.19.Apar-Bui_22.JPG,B1.19,B1,test
raw_data/B1.19/B1.19.Apar-Bui_23.JPG,B1.19.Apar-Bui_23.JPG,B1.19,B1,test
raw_data/B1.19/B1.19.Apar-Bui_24.JPG,B1.19.Apar-Bui_24.JPG,B1.19,B1,test
raw_data/B1.19/B1.19.Apar-Bui_25.JPG,B1.19.Apar-Bui_25.JPG,B1.19,B1,test
raw_data/B1.19/B1.19.Apar-Bui_26.JPG,B1.19.Apar-Bui_26.JPG,B1.19,B1,test
raw_data/B1.19/B1.19.Apar-Bui_27.JPG,B1.19.Apar-Bui_27.JPG,B1.19,B1,test
raw_data/B1.19/B1.19.Apar-Bui_28.JPG,B1.19.Apar-Bui_28.JPG,B1.19,B1,test
raw_data/B1.19/B1.19.Apar-Bui_29.JPG,B1.19.Apar-Bui_29.JPG,B1.19,B1,test
raw_data/B1.19/B1.19.Apar-Bui_30.JPG,B1.19.Apar-Bui_30.JPG,B1.19,B1,test
raw_data/B1.19/B1.19.Apar-Bui_31.JPG,B1.19.Apar-Bui_31.JPG,B1.19,B1,test
raw_data/B1.19/B1.19.Apar-Bui_32.JPG,B1.19.Apar-Bui_32.JPG,B1.19,B1,test
raw_data/B1.19/B1.19.Apar-Bui_33.JPG,B1.19.Apar-Bui_33.JPG,B1.19,B1,test
raw_data/B1.19/B1.19.Apar-Bui_34.JPG,B1.19.Apar-Bui_34.JPG,B1.19,B1,test
raw_data/B1.19/B1.19.Apar-Bui_35.JPG,B1.19.Apar-Bui_35.JPG,B1.19,B1,test
raw_data/B1.19/B1.19.Apar-Bui_36.JPG,B1.19.Apar-Bui_36.JPG,B1.19,B1,test
raw_data/B1.19/B1.19.Apar-Bui_37.JPG,B1.19.Apar-Bui_37.JPG,B1.19,B1,test
raw_data/B1.19/B1.19.Apar-Bui_38.JPG,B1.19.Apar-Bui_38.JPG,B1.19,B1,test
raw_data/B1.19/B1.19.Apar-Bui_39.JPG,B1.19.Apar-Bui_39.JPG,B1.19,B1,test
raw_data/B1.19/B1.19.Apar-Bui_40.JPG,B1.19.Apar-Bui_40.JPG,B1.19,B1,test
raw_data/B1.19/B1.19.Apar-Bui_41.JPG,B1.19.Apar-Bui_41.JPG,B1.19,B1,test
raw_data/B1.19/B1.19.Apar-Bui_42.JPG,B1.19.Apar-Bui_42.JPG,B1.19,B1,test
raw_data/B1.19/B1.19.Apar-Bui_43.JPG,B1.19.Apar-Bui_43.JPG,B1.19,B1,test
raw_data/B1.19/B1.19.Apar-Bui_44.JPG,B1.19.Apar-Bui_44.JPG,B1.19,B1,test
raw_data/B1.19/B1.19.Apar-Bui_45.JPG,B1.19.Apar-Bui_45.JPG,B1.19,B1,test
raw_data/B1.19/B1.19.Apar-Bui_46.JPG,B1.19.Apar-Bui_46.JPG,B1.19,B1,test
raw_data/B1.19/B1.19.Apar-Bui_47.JPG,B1.19.Apar-Bui_47.JPG,B1.19,B1,test
raw_data/B1.19/B1.19.Apar-Bui_48.JPG,B1.19.Apar-Bui_48.JPG,B1.19,B1,test
raw_data/B1.19/B1.19.Apar-Bui_49.JPG,B1.19.Apar-Bui_49.JPG,B1.19,B1,test
raw_data/B1.19/B1.19.Apar-Bui_50.JPG,B1.19.Apar-Bui_50.JPG,B1.19,B1,test
raw_data/B1.19/B1.19.Apar-Bui_51.JPG,B1.19.Apar-Bui_51.JPG,B1.19,B1,test
raw_data/B1.19/B1.19.Apar-Bui_52.JPG,B1.19.Apar-Bui_52.JPG,B1.19,B1,test
raw_data/B1.19/B1.19.Apar-Bui_53.JPG,B1.19.Apar-Bui_53.JPG,B1.19,B1,test
raw_data/B1.19/B1.19.Apar-Bui_54.JPG,B1.19.Apar-Bui_54.JPG,B1.19,B1,test
raw_data/B1.19/B1.19.Apar-Bui_55.JPG,B1.19.Apar-Bui_55.JPG,B1.19,B1,test
raw_data/B1.19/B1.19.Apar-Bui_56.JPG,B1.19.Apar-Bui_56.JPG,B1.19,B1,test
raw_data/B1.19/B1.19.Apar-Bui_57.JPG,B1.19.Apar-Bui_57.JPG,B1.19,B1,test
raw_data/B1.19/B1.19.Apar-Bui_58.JPG,B1.19.Apar-Bui_58.JPG,B1.19,B1,test
raw_data/B1.19/B1.19.Apar-Bui_59.JPG,B1.19.Apar-Bui_59.JPG,B1.19,B1,test
raw_data/B1.19/B1.19.Apar-Bui_60.JPG,B1.19.Apar-Bui_60.JPG,B1.19,B1,test
raw_data/B1.19/B1.19.Apar-Bui_61.JPG,B1.19.Apar-Bui_61.JPG,B1.19,B1,test
raw_data/B1.19/B1.19.Apar-Bui_62.JPG,B1.19.Apar-Bui_62.JPG,B1.19,B1,test
raw_data/B1.19/B1.19.Apar-Bui_63.JPG,B1.19.Apar-Bui_63.JPG,B1.19,B1,test
raw_data/B1.19/B1.19.Apar-Bui_64.JPG,B1.19.Apar-Bui_64.JPG,B1.19,B1,test
raw_data/B1.19/B1.19.Apar-Bui_65.JPG,B1.19.Apar-Bui_65.JPG,B1.19,B1,test
raw_data/B1.19/B1.19.Apar-Bui_66.JPG,B1.19.Apar-Bui_66.JPG,B1.19,B1,test
raw_data/B1.19/B1.19.Apar-Bui_67.JPG,B1.19.Apar-Bui_67.JPG,B1.19,B1,test
raw_data/B1.19/B1.19.Apar-Bui_68.JPG,B1.19.Apar-Bui_68.JPG,B1.19,B1,test
raw_data/B1.19/B1.19.Apar-Bui_69.JPG,B1.19.Apar-Bui_69.JPG,B1.19,B1,test
raw_data/B1.19/B1.19.Apar-Bui_70.JPG,B1.19.Apar-Bui_70.JPG,B1.19,B1,test
raw_data/B1.19/B1.19.Apar-Bui_71.JPG,B1.19.Apar-Bui_71.JPG,B1.19,B1,test
raw_data/B1.19/B1.19.Apar-Bui_72.JPG,B1.19.Apar-Bui_72.JPG,B1.19,B1,test
raw_data/B1.19/B1.19.Apar-Bui_73.JPG,B1.19.Apar-Bui_73.JPG,B1.19,B1,test
raw_data/B1.19/B1.19.Apar-Bui_74.JPG,B1.19.Apar-Bui_74.JPG,B1.19,B1,test
raw_data/B1.19/B1.19.Apar-Bui_75.JPG,B1.19.Apar-Bui_75.JPG,B1.19,B1,test
raw_data/B1.19/B1.19.Apar-Bui_76.JPG,B1.19.Apar-Bui_76.JPG,B1.19,B1,test
raw_data/B1.19/B1.19.Apar-Bui_77.JPG,B1.19.Apar-Bui_77.JPG,B1.19,B1,test
raw_data/B1.19/B1.19.Apar-Bui_78.JPG,B1.19.Apar-Bui_78.JPG,B1.19,B1,test
raw_data/B1.19/B1.19.Apar-Bui_79.JPG,B1.19.Apar-Bui_79.JPG,B1.19,B1,test
raw_data/B1.19/B1.19.Apar-Bui_80.JPG,B1.19.Apar-Bui_80.JPG,B1.19,B1,test
raw_data/B1.19/B1.19.Apar-Bui_81.JPG,B1.19.Apar-Bui_81.JPG,B1.19,B1,test
raw_data/B1.19/B1.19.Apar-Bui_82.JPG,B1.19.Apar-Bui_82.JPG,B1.19,B1,test
raw_data/B1.19/B1.19.Apar-Bui_83.JPG,B1.19.Apar-Bui_83.JPG,B1.19,B1,test
raw_data/B1.19/B1.19.Apar-Bui_84.JPG,B1.19.Apar-Bui_84.JPG,B1.19,B1,test
raw_data/B1.19/B1.19.Apar-Bui_85.JPG,B1.19.Apar-Bui_85.JPG,B1.19,B1,test
raw_data/B1.19/B1.19.Apar-Bui_86.JPG,B1.19.Apar-Bui_86.JPG,B1.19,B1,test
raw_data/B1.19/B1.19.Apar-Bui_87.JPG,B1.19.Apar-Bui_87.JPG,B1.19,B1,test
raw_data/B1.19/B1.19.Apar-Bui_88.JPG,B1.19.Apar-Bui_88.JPG,B1.19,B1,test
raw_data/B1.19/B1.19.Apar-Bui_89.JPG,B1.19.Apar-Bui_89.JPG,B1.19,B1,test
raw_data/B1.19/B1.19.Apar-Bui_90.JPG,B1.19.Apar-Bui_90.JPG,B1.19,B1,test
raw_data/B1.19/B1.19.Apar-Bui_91.JPG,B1.19.Apar-Bui_91.JPG,B1.19,B1,test
raw_data/B1.19/B1.19.Apar-Bui_92.JPG,B1.19.Apar-Bui_92.JPG,B1.19,B1,test
raw_data/B1.20/B1.20.PSA-Bui_01.JPG,B1.20.PSA-Bui_01.JPG,B1.20,B1,train
raw_data/B1.20/B1.20.PSA-Bui_02.JPG,B1.20.PSA-Bui_02.JPG,B1.20,B1,train
raw_data/B1.20/B1.20.PSA-Bui_03.JPG,B1.20.PSA-Bui_03.JPG,B1.20,B1,train
raw_data/B1.20/B1.20.PSA-Bui_04.JPG,B1.20.PSA-Bui_04.JPG,B1.20,B1,train
raw_data/B1.20/B1.20.PSA-Bui_05.JPG,B1.20.PSA-Bui_05.JPG,B1.20,B1,train
raw_data/B1.20/B1.20.PSA-Bui_06.JPG,B1.20.PSA-Bui_06.JPG,B1.20,B1,train
raw_data/B1.20/B1.20.PSA-Bui_07.JPG,B1.20.PSA-Bui_07.JPG,B1.20,B1,train
raw_data/B1.20/B1.20.PSA-Bui_08.JPG,B1.20.PSA-Bui_08.JPG,B1.20,B1,train
raw_data/B1.20/B1.20.PSA-Bui_09.JPG,B1.20.PSA-Bui_09.JPG,B1.20,B1,train
raw_data/B1.20/B1.20.PSA-Bui_10.JPG,B1.20.PSA-Bui_10.JPG,B1.20,B1,train
raw_data/B1.20/B1.20.PSA-Bui_11.JPG,B1.20.PSA-Bui_11.JPG,B1.20,B1,train
raw_data/B1.20/B1.20.PSA-Bui_12.JPG,B1.20.PSA-Bui_12.JPG,B1.20,B1,train
raw_data/B1.20/B1.20.PSA-Bui_13.JPG,B1.20.PSA-Bui_13.JPG,B1.20,B1,train
raw_data/B1.20/B1.20.PSA-Bui_14.JPG,B1.20.PSA-Bui_14.JPG,B1.20,B1,train
raw_data/B1.20/B1.20.PSA-Bui_15.JPG,B1.20.PSA-Bui_15.JPG,B1.20,B1,train
raw_data/B1.20/B1.20.PSA-Bui_16.JPG,B1.20.PSA-Bui_16.JPG,B1.20,B1,train
raw_data/B1.20/B1.20.PSA-Bui_17.JPG,B1.20.PSA-Bui_17.JPG,B1.20,B1,train
raw_data/B1.20/B1.20.PSA-Bui_18.JPG,B1.20.PSA-Bui_18.JPG,B1.20,B1,train
raw_data/B1.20/B1.20.PSA-Bui_19.JPG,B1.20.PSA-Bui_19.JPG,B1.20,B1,train
raw_data/B1.20/B1.20.PSA-Bui_20.JPG,B1.20.PSA-Bui_20.JPG,B1.20,B1,train
raw_data/B1.20/B1.20.PSA-Bui_21.JPG,B1.20.PSA-Bui_21.JPG,B1.20,B1,train
raw_data/B1.20/B1.20.PSA-Bui_22.JPG,B1.20.PSA-Bui_22.JPG,B1.20,B1,train
raw_data/B1.20/B1.20.PSA-Bui_23.JPG,B1.20.PSA-Bui_23.JPG,B1.20,B1,train
raw_data/B1.20/B1.20.PSA-Bui_24.JPG,B1.20.PSA-Bui_24.JPG,B1.20,B1,train
raw_data/B1.20/B1.20.PSA-Bui_25.JPG,B1.20.PSA-Bui_25.JPG,B1.20,B1,train
raw_data/B1.20/B1.20.PSA-Bui_26.JPG,B1.20.PSA-Bui_26.JPG,B1.20,B1,train
raw_data/B1.20/B1.20.PSA-Bui_27.JPG,B1.20.PSA-Bui_27.JPG,B1.20,B1,train
raw_data/B1.20/B1.20.PSA-Bui_28.JPG,B1.20.PSA-Bui_28.JPG,B1.20,B1,train
raw_data/B1.20/B1.20.PSA-Bui_29.JPG,B1.20.PSA-Bui_29.JPG,B1.20,B1,train
raw_data/B1.20/B1.20.PSA-Bui_30.JPG,B1.20.PSA-Bui_30.JPG,B1.20,B1,train
raw_data/B1.20/B1.20.PSA-Bui_31.JPG,B1.20.PSA-Bui_31.JPG,B1.20,B1,train
raw_data/B1.20/B1.20.PSA-Bui_32.JPG,B1.20.PSA-Bui_32.JPG,B1.20,B1,train
raw_data/B1.20/B1.20.PSA-Bui_33.JPG,B1.20.PSA-Bui_33.JPG,B1.20,B1,train
raw_data/B1.20/B1.20.PSA-Bui_34.JPG,B1.20.PSA-Bui_34.JPG,B1.20,B1,train
raw_data/B1.20/B1.20.PSA-Bui_35.JPG,B1.20.PSA-Bui_35.JPG,B1.20,B1,train
raw_data/B1.20/B1.20.PSA-Bui_36.JPG,B1.20.PSA-Bui_36.JPG,B1.20,B1,train
raw_data/B1.20/B1.20.PSA-Bui_37.JPG,B1.20.PSA-Bui_37.JPG,B1.20,B1,train
raw_data/B1.20/B1.20.PSA-Bui_38.JPG,B1.20.PSA-Bui_38.JPG,B1.20,B1,train
raw_data/B1.20/B1.20.PSA-Bui_39.JPG,B1.20.PSA-Bui_39.JPG,B1.20,B1,train
raw_data/B1.20/B1.20.PSA-Bui_40.JPG,B1.20.PSA-Bui_40.JPG,B1.20,B1,train
raw_data/B1.20/B1.20.PSA-Bui_41.JPG,B1.20.PSA-Bui_41.JPG,B1.20,B1,train
raw_data/B1.20/B1.20.PSA-Bui_42.JPG,B1.20.PSA-Bui_42.JPG,B1.20,B1,train
raw_data/B1.20/B1.20.PSA-Bui_43.JPG,B1.20.PSA-Bui_43.JPG,B1.20,B1,train
raw_data/B1.20/B1.20.PSA-Bui_44.JPG,B1.20.PSA-Bui_44.JPG,B1.20,B1,train
raw_data/B1.20/B1.20.PSA-Bui_45.JPG,B1.20.PSA-Bui_45.JPG,B1.20,B1,train
raw_data/B1.20/B1.20.PSA-Bui_46.JPG,B1.20.PSA-Bui_46.JPG,B1.20,B1,train
raw_data/B1.20/B1.20.PSA-Bui_47.JPG,B1.20.PSA-Bui_47.JPG,B1.20,B1,train
raw_data/B1.20/B1.20.PSA-Bui_48.JPG,B1.20.PSA-Bui_48.JPG,B1.20,B1,train
raw_data/B1.20/B1.20.PSA-Bui_49.JPG,B1.20.PSA-Bui_49.JPG,B1.20,B1,train
raw_data/B1.20/B1.20.PSA-Bui_50.JPG,B1.20.PSA-Bui_50.JPG,B1.20,B1,train
raw_data/B1.20/B1.20.PSA-Bui_51.JPG,B1.20.PSA-Bui_51.JPG,B1.20,B1,train
raw_data/B1.20/B1.20.PSA-Bui_52.JPG,B1.20.PSA-Bui_52.JPG,B1.20,B1,train
raw_data/B1.20/B1.20.PSA-Bui_53.JPG,B1.20.PSA-Bui_53.JPG,B1.20,B1,train
raw_data/B1.20/B1.20.PSA-Bui_54.JPG,B1.20.PSA-Bui_54.JPG,B1.20,B1,train
raw_data/B1.20/B1.20.PSA-Bui_55.JPG,B1.20.PSA-Bui_55.JPG,B1.20,B1,train
raw_data/B1.20/B1.20.PSA-Bui_56.JPG,B1.20.PSA-Bui_56.JPG,B1.20,B1,train
raw_data/B1.20/B1.20.PSA-Bui_57.JPG,B1.20.PSA-Bui_57.JPG,B1.20,B1,train
raw_data/B1.20/B1.20.PSA-Bui_58.JPG,B1.20.PSA-Bui_58.JPG,B1.20,B1,train
raw_data/B1.20/B1.20.PSA-Bui_59.JPG,B1.20.PSA-Bui_59.JPG,B1.20,B1,train
raw_data/B1.20/B1.20.PSA-Bui_60.JPG,B1.20.PSA-Bui_60.JPG,B1.20,B1,train
raw_data/B1.20/B1.20.PSA-Bui_61.JPG,B1.20.PSA-Bui_61.JPG,B1.20,B1,train
raw_data/B1.20/B1.20.PSA-Bui_62.JPG,B1.20.PSA-Bui_62.JPG,B1.20,B1,train
raw_data/B1.20/B1.20.PSA-Bui_63.JPG,B1.20.PSA-Bui_63.JPG,B1.20,B1,train
raw_data/B1.20/B1.20.PSA-Bui_64.JPG,B1.20.PSA-Bui_64.JPG,B1.20,B1,train
raw_data/B1.20/B1.20.PSA-Bui_65.JPG,B1.20.PSA-Bui_65.JPG,B1.20,B1,train
raw_data/B1.20/B1.20.PSA-Bui_66.JPG,B1.20.PSA-Bui_66.JPG,B1.20,B1,train
raw_data/B1.20/B1.20.PSA-Bui_67.JPG,B1.20.PSA-Bui_67.JPG,B1.20,B1,train
raw_data/B1.20/B1.20.PSA-Bui_68.JPG,B1.20.PSA-Bui_68.JPG,B1.20,B1,train
raw_data/B1.20/B1.20.PSA-Bui_69.JPG,B1.20.PSA-Bui_69.JPG,B1.20,B1,train
raw_data/B1.20/B1.20.PSA-Bui_70.JPG,B1.20.PSA-Bui_70.JPG,B1.20,B1,train
raw_data/B1.20/B1.20.PSA-Bui_71.JPG,B1.20.PSA-Bui_71.JPG,B1.20,B1,train
raw_data/B1.20/B1.20.PSA-Bui_72.JPG,B1.20.PSA-Bui_72.JPG,B1.20,B1,train
raw_data/B1.20/B1.20.PSA-Bui_73.JPG,B1.20.PSA-Bui_73.JPG,B1.20,B1,train
raw_data/B1.20/B1.20.PSA-Bui_74.JPG,B1.20.PSA-Bui_74.JPG,B1.20,B1,train
raw_data/B1.20/B1.20.PSA-Bui_75.JPG,B1.20.PSA-Bui_75.JPG,B1.20,B1,train
raw_data/B1.20/B1.20.PSA-Bui_76.JPG,B1.20.PSA-Bui_76.JPG,B1.20,B1,train
raw_data/B1.20/B1.20.PSA-Bui_77.JPG,B1.20.PSA-Bui_77.JPG,B1.20,B1,train
raw_data/B1.20/B1.20.PSA-Bui_78.JPG,B1.20.PSA-Bui_78.JPG,B1.20,B1,train
raw_data/B1.20/B1.20.PSA-Bui_79.JPG,B1.20.PSA-Bui_79.JPG,B1.20,B1,train
raw_data/B1.20/B1.20.PSA-Bui_80.JPG,B1.20.PSA-Bui_80.JPG,B1.20,B1,train
raw_data/B1.20/B1.20.PSA-Bui_81.JPG,B1.20.PSA-Bui_81.JPG,B1.20,B1,train
raw_data/B1.20/B1.20.PSA-Bui_82.JPG,B1.20.PSA-Bui_82.JPG,B1.20,B1,train
raw_data/B1.20/B1.20.PSA-Bui_83.JPG,B1.20.PSA-Bui_83.JPG,B1.20,B1,train
raw_data/B1.20/B1.20.PSA-Bui_84.JPG,B1.20.PSA-Bui_84.JPG,B1.20,B1,train
raw_data/B1.20/B1.20.PSA-Bui_85.JPG,B1.20.PSA-Bui_85.JPG,B1.20,B1,train
raw_data/B1.20/B1.20.PSA-Bui_86.JPG,B1.20.PSA-Bui_86.JPG,B1.20,B1,train
raw_data/B1.20/B1.20.PSA-Bui_87.JPG,B1.20.PSA-Bui_87.JPG,B1.20,B1,train
raw_data/B1.20/B1.20.PSA-Bui_88.JPG,B1.20.PSA-Bui_88.JPG,B1.20,B1,train
raw_data/B1.20/B1.20.PSA-Bui_89.JPG,B1.20.PSA-Bui_89.JPG,B1.20,B1,train
raw_data/B1.20/B1.20.PSA-Bui_90.JPG,B1.20.PSA-Bui_90.JPG,B1.20,B1,train
raw_data/B1.20/B1.20.PSA-Bui_91.JPG,B1.20.PSA-Bui_91.JPG,B1.20,B1,train
raw_data/B1.21/B1.21.PMO-Bui_01.JPG,B1.21.PMO-Bui_01.JPG,B1.21,B1,train
raw_data/B1.21/B1.21.PMO-Bui_02.JPG,B1.21.PMO-Bui_02.JPG,B1.21,B1,train
raw_data/B1.21/B1.21.PMO-Bui_03.JPG,B1.21.PMO-Bui_03.JPG,B1.21,B1,train
raw_data/B1.21/B1.21.PMO-Bui_04.JPG,B1.21.PMO-Bui_04.JPG,B1.21,B1,train
raw_data/B1.21/B1.21.PMO-Bui_05.JPG,B1.21.PMO-Bui_05.JPG,B1.21,B1,train
raw_data/B1.21/B1.21.PMO-Bui_06.JPG,B1.21.PMO-Bui_06.JPG,B1.21,B1,train
raw_data/B1.21/B1.21.PMO-Bui_07.JPG,B1.21.PMO-Bui_07.JPG,B1.21,B1,train
raw_data/B1.21/B1.21.PMO-Bui_08.JPG,B1.21.PMO-Bui_08.JPG,B1.21,B1,train
raw_data/B1.21/B1.21.PMO-Bui_09.JPG,B1.21.PMO-Bui_09.JPG,B1.21,B1,train
raw_data/B1.21/B1.21.PMO-Bui_10.JPG,B1.21.PMO-Bui_10.JPG,B1.21,B1,train
raw_data/B1.21/B1.21.PMO-Bui_11.JPG,B1.21.PMO-Bui_11.JPG,B1.21,B1,train
raw_data/B1.22/B1.22.SA-Offi_01.JPG,B1.22.SA-Offi_01.JPG,B1.22,B1,train
raw_data/B1.22/B1.22.SA-Offi_02.JPG,B1.22.SA-Offi_02.JPG,B1.22,B1,train
raw_data/B1.22/B1.22.SA-Offi_03.JPG,B1.22.SA-Offi_03.JPG,B1.22,B1,train
raw_data/B1.22/B1.22.SA-Offi_04.JPG,B1.22.SA-Offi_04.JPG,B1.22,B1,train
raw_data/B1.22/B1.22.SA-Offi_05.JPG,B1.22.SA-Offi_05.JPG,B1.22,B1,train
raw_data/B1.22/B1.22.SA-Offi_06.JPG,B1.22.SA-Offi_06.JPG,B1.22,B1,train
raw_data/B1.22/B1.22.SA-Offi_07.JPG,B1.22.SA-Offi_07.JPG,B1.22,B1,train
raw_data/B1.22/B1.22.SA-Offi_08.JPG,B1.22.SA-Offi_08.JPG,B1.22,B1,train
raw_data/B1.22/B1.22.SA-Offi_09.JPG,B1.22.SA-Offi_09.JPG,B1.22,B1,train
raw_data/B1.22/B1.22.SA-Offi_10.JPG,B1.22.SA-Offi_10.JPG,B1.22,B1,train
raw_data/B1.22/B1.22.SA-Offi_100.JPG,B1.22.SA-Offi_100.JPG,B1.22,B1,train
raw_data/B1.22/B1.22.SA-Offi_101.JPG,B1.22.SA-Offi_101.JPG,B1.22,B1,train
raw_data/B1.22/B1.22.SA-Offi_102.JPG,B1.22.SA-Offi_102.JPG,B1.22,B1,train
raw_data/B1.22/B1.22.SA-Offi_103.JPG,B1.22.SA-Offi_103.JPG,B1.22,B1,train
raw_data/B1.22/B1.22.SA-Offi_104.JPG,B1.22.SA-Offi_104.JPG,B1.22,B1,train
raw_data/B1.22/B1.22.SA-Offi_105.JPG,B1.22.SA-Offi_105.JPG,B1.22,B1,train
raw_data/B1.22/B1.22.SA-Offi_106.JPG,B1.22.SA-Offi_106.JPG,B1.22,B1,train
raw_data/B1.22/B1.22.SA-Offi_107.JPG,B1.22.SA-Offi_107.JPG,B1.22,B1,train
raw_data/B1.22/B1.22.SA-Offi_108.JPG,B1.22.SA-Offi_108.JPG,B1.22,B1,train
raw_data/B1.22/B1.22.SA-Offi_109.JPG,B1.22.SA-Offi_109.JPG,B1.22,B1,train
raw_data/B1.22/B1.22.SA-Offi_11.JPG,B1.22.SA-Offi_11.JPG,B1.22,B1,train
raw_data/B1.22/B1.22.SA-Offi_110.JPG,B1.22.SA-Offi_110.JPG,B1.22,B1,train
raw_data/B1.22/B1.22.SA-Offi_111.JPG,B1.22.SA-Offi_111.JPG,B1.22,B1,train
raw_data/B1.22/B1.22.SA-Offi_112.JPG,B1.22.SA-Offi_112.JPG,B1.22,B1,train
raw_data/B1.22/B1.22.SA-Offi_113.JPG,B1.22.SA-Offi_113.JPG,B1.22,B1,train
raw_data/B1.22/B1.22.SA-Offi_114.JPG,B1.22.SA-Offi_114.JPG,B1.22,B1,train
raw_data/B1.22/B1.22.SA-Offi_115.JPG,B1.22.SA-Offi_115.JPG,B1.22,B1,train
raw_data/B1.22/B1.22.SA-Offi_116.JPG,B1.22.SA-Offi_116.JPG,B1.22,B1,train
raw_data/B1.22/B1.22.SA-Offi_117.JPG,B1.22.SA-Offi_117.JPG,B1.22,B1,train
raw_data/B1.22/B1.22.SA-Offi_118.JPG,B1.22.SA-Offi_118.JPG,B1.22,B1,train
raw_data/B1.22/B1.22.SA-Offi_119.JPG,B1.22.SA-Offi_119.JPG,B1.22,B1,train
raw_data/B1.22/B1.22.SA-Offi_12.JPG,B1.22.SA-Offi_12.JPG,B1.22,B1,train
raw_data/B1.22/B1.22.SA-Offi_120.JPG,B1.22.SA-Offi_120.JPG,B1.22,B1,train
raw_data/B1.22/B1.22.SA-Offi_121.JPG,B1.22.SA-Offi_121.JPG,B1.22,B1,train
raw_data/B1.22/B1.22.SA-Offi_122.JPG,B1.22.SA-Offi_122.JPG,B1.22,B1,train
raw_data/B1.22/B1.22.SA-Offi_123.JPG,B1.22.SA-Offi_123.JPG,B1.22,B1,train
raw_data/B1.22/B1.22.SA-Offi_124.JPG,B1.22.SA-Offi_124.JPG,B1.22,B1,train
raw_data/B1.22/B1.22.SA-Offi_125.JPG,B1.22.SA-Offi_125.JPG,B1.22,B1,train
raw_data/B1.22/B1.22.SA-Offi_126.JPG,B1.22.SA-Offi_126.JPG,B1.22,B1,train
raw_data/B1.22/B1.22.SA-Offi_13.JPG,B1.22.SA-Offi_13.JPG,B1.22,B1,train
raw_data/B1.22/B1.22.SA-Offi_14.JPG,B1.22.SA-Offi_14.JPG,B1.22,B1,train
raw_data/B1.22/B1.22.SA-Offi_15.JPG,B1.22.SA-Offi_15.JPG,B1.22,B1,train
raw_data/B1.22/B1.22.SA-Offi_16.JPG,B1.22.SA-Offi_16.JPG,B1.22,B1,train
raw_data/B1.22/B1.22.SA-Offi_17.JPG,B1.22.SA-Offi_17.JPG,B1.22,B1,train
raw_data/B1.22/B1.22.SA-Offi_18.JPG,B1.22.SA-Offi_18.JPG,B1.22,B1,train
raw_data/B1.22/B1.22.SA-Offi_19.JPG,B1.22.SA-Offi_19.JPG,B1.22,B1,train
raw_data/B1.22/B1.22.SA-Offi_20.JPG,B1.22.SA-Offi_20.JPG,B1.22,B1,train
raw_data/B1.22/B1.22.SA-Offi_21.JPG,B1.22.SA-Offi_21.JPG,B1.22,B1,train
raw_data/B1.22/B1.22.SA-Offi_22.JPG,B1.22.SA-Offi_22.JPG,B1.22,B1,train
raw_data/B1.22/B1.22.SA-Offi_23.JPG,B1.22.SA-Offi_23.JPG,B1.22,B1,train
raw_data/B1.22/B1.22.SA-Offi_24.JPG,B1.22.SA-Offi_24.JPG,B1.22,B1,train
raw_data/B1.22/B1.22.SA-Offi_25.JPG,B1.22.SA-Offi_25.JPG,B1.22,B1,train
raw_data/B1.22/B1.22.SA-Offi_26.JPG,B1.22.SA-Offi_26.JPG,B1.22,B1,train
raw_data/B1.22/B1.22.SA-Offi_27.JPG,B1.22.SA-Offi_27.JPG,B1.22,B1,train
raw_data/B1.22/B1.22.SA-Offi_28.JPG,B1.22.SA-Offi_28.JPG,B1.22,B1,train
raw_data/B1.22/B1.22.SA-Offi_29.JPG,B1.22.SA-Offi_29.JPG,B1.22,B1,train
raw_data/B1.22/B1.22.SA-Offi_30.JPG,B1.22.SA-Offi_30.JPG,B1.22,B1,train
raw_data/B1.22/B1.22.SA-Offi_31.JPG,B1.22.SA-Offi_31.JPG,B1.22,B1,train
raw_data/B1.22/B1.22.SA-Offi_32.JPG,B1.22.SA-Offi_32.JPG,B1.22,B1,train
raw_data/B1.22/B1.22.SA-Offi_33.JPG,B1.22.SA-Offi_33.JPG,B1.22,B1,train
raw_data/B1.22/B1.22.SA-Offi_34.JPG,B1.22.SA-Offi_34.JPG,B1.22,B1,train
raw_data/B1.22/B1.22.SA-Offi_35.JPG,B1.22.SA-Offi_35.JPG,B1.22,B1,train
raw_data/B1.22/B1.22.SA-Offi_36.JPG,B1.22.SA-Offi_36.JPG,B1.22,B1,train
raw_data/B1.22/B1.22.SA-Offi_37.JPG,B1.22.SA-Offi_37.JPG,B1.22,B1,train
raw_data/B1.22/B1.22.SA-Offi_38.JPG,B1.22.SA-Offi_38.JPG,B1.22,B1,train
raw_data/B1.22/B1.22.SA-Offi_39.JPG,B1.22.SA-Offi_39.JPG,B1.22,B1,train
raw_data/B1.22/B1.22.SA-Offi_40.JPG,B1.22.SA-Offi_40.JPG,B1.22,B1,train
raw_data/B1.22/B1.22.SA-Offi_41.JPG,B1.22.SA-Offi_41.JPG,B1.22,B1,train
raw_data/B1.22/B1.22.SA-Offi_42.JPG,B1.22.SA-Offi_42.JPG,B1.22,B1,train
raw_data/B1.22/B1.22.SA-Offi_43.JPG,B1.22.SA-Offi_43.JPG,B1.22,B1,train
raw_data/B1.22/B1.22.SA-Offi_44.JPG,B1.22.SA-Offi_44.JPG,B1.22,B1,train
raw_data/B1.22/B1.22.SA-Offi_45.JPG,B1.22.SA-Offi_45.JPG,B1.22,B1,train
raw_data/B1.22/B1.22.SA-Offi_46.JPG,B1.22.SA-Offi_46.JPG,B1.22,B1,train
raw_data/B1.22/B1.22.SA-Offi_47.JPG,B1.22.SA-Offi_47.JPG,B1.22,B1,train
raw_data/B1.22/B1.22.SA-Offi_48.JPG,B1.22.SA-Offi_48.JPG,B1.22,B1,train
raw_data/B1.22/B1.22.SA-Offi_49.JPG,B1.22.SA-Offi_49.JPG,B1.22,B1,train
raw_data/B1.22/B1.22.SA-Offi_50.JPG,B1.22.SA-Offi_50.JPG,B1.22,B1,train
raw_data/B1.22/B1.22.SA-Offi_51.JPG,B1.22.SA-Offi_51.JPG,B1.22,B1,train
raw_data/B1.22/B1.22.SA-Offi_52.JPG,B1.22.SA-Offi_52.JPG,B1.22,B1,train
raw_data/B1.22/B1.22.SA-Offi_53.JPG,B1.22.SA-Offi_53.JPG,B1.22,B1,train
raw_data/B1.22/B1.22.SA-Offi_54.JPG,B1.22.SA-Offi_54.JPG,B1.22,B1,train
raw_data/B1.22/B1.22.SA-Offi_55.JPG,B1.22.SA-Offi_55.JPG,B1.22,B1,train
raw_data/B1.22/B1.22.SA-Offi_56.JPG,B1.22.SA-Offi_56.JPG,B1.22,B1,train
raw_data/B1.22/B1.22.SA-Offi_57.JPG,B1.22.SA-Offi_57.JPG,B1.22,B1,train
raw_data/B1.22/B1.22.SA-Offi_58.JPG,B1.22.SA-Offi_58.JPG,B1.22,B1,train
raw_data/B1.22/B1.22.SA-Offi_59.JPG,B1.22.SA-Offi_59.JPG,B1.22,B1,train
raw_data/B1.22/B1.22.SA-Offi_60.JPG,B1.22.SA-Offi_60.JPG,B1.22,B1,train
raw_data/B1.22/B1.22.SA-Offi_61.JPG,B1.22.SA-Offi_61.JPG,B1.22,B1,train
raw_data/B1.22/B1.22.SA-Offi_62.JPG,B1.22.SA-Offi_62.JPG,B1.22,B1,train
raw_data/B1.22/B1.22.SA-Offi_63.JPG,B1.22.SA-Offi_63.JPG,B1.22,B1,train
raw_data/B1.22/B1.22.SA-Offi_64.JPG,B1.22.SA-Offi_64.JPG,B1.22,B1,train
raw_data/B1.22/B1.22.SA-Offi_65.JPG,B1.22.SA-Offi_65.JPG,B1.22,B1,train
raw_data/B1.22/B1.22.SA-Offi_66.JPG,B1.22.SA-Offi_66.JPG,B1.22,B1,train
raw_data/B1.22/B1.22.SA-Offi_67.JPG,B1.22.SA-Offi_67.JPG,B1.22,B1,train
raw_data/B1.22/B1.22.SA-Offi_68.JPG,B1.22.SA-Offi_68.JPG,B1.22,B1,train
raw_data/B1.22/B1.22.SA-Offi_69.JPG,B1.22.SA-Offi_69.JPG,B1.22,B1,train
raw_data/B1.22/B1.22.SA-Offi_70.JPG,B1.22.SA-Offi_70.JPG,B1.22,B1,train
raw_data/B1.22/B1.22.SA-Offi_71.JPG,B1.22.SA-Offi_71.JPG,B1.22,B1,train
raw_data/B1.22/B1.22.SA-Offi_72.JPG,B1.22.SA-Offi_72.JPG,B1.22,B1,train
raw_data/B1.22/B1.22.SA-Offi_73.JPG,B1.22.SA-Offi_73.JPG,B1.22,B1,train
raw_data/B1.22/B1.22.SA-Offi_74.JPG,B1.22.SA-Offi_74.JPG,B1.22,B1,train
raw_data/B1.22/B1.22.SA-Offi_75.JPG,B1.22.SA-Offi_75.JPG,B1.22,B1,train
raw_data/B1.22/B1.22.SA-Offi_76.JPG,B1.22.SA-Offi_76.JPG,B1.22,B1,train
raw_data/B1.22/B1.22.SA-Offi_77.JPG,B1.22.SA-Offi_77.JPG,B1.22,B1,train
raw_data/B1.22/B1.22.SA-Offi_78.JPG,B1.22.SA-Offi_78.JPG,B1.22,B1,train
raw_data/B1.22/B1.22.SA-Offi_79.JPG,B1.22.SA-Offi_79.JPG,B1.22,B1,train
raw_data/B1.22/B1.22.SA-Offi_80.JPG,B1.22.SA-Offi_80.JPG,B1.22,B1,train
raw_data/B1.22/B1.22.SA-Offi_81.JPG,B1.22.SA-Offi_81.JPG,B1.22,B1,train
raw_data/B1.22/B1.22.SA-Offi_82.JPG,B1.22.SA-Offi_82.JPG,B1.22,B1,train
raw_data/B1.22/B1.22.SA-Offi_83.JPG,B1.22.SA-Offi_83.JPG,B1.22,B1,train
raw_data/B1.22/B1.22.SA-Offi_84.JPG,B1.22.SA-Offi_84.JPG,B1.22,B1,train
raw_data/B1.22/B1.22.SA-Offi_85.JPG,B1.22.SA-Offi_85.JPG,B1.22,B1,train
raw_data/B1.22/B1.22.SA-Offi_86.JPG,B1.22.SA-Offi_86.JPG,B1.22,B1,train
raw_data/B1.22/B1.22.SA-Offi_87.JPG,B1.22.SA-Offi_87.JPG,B1.22,B1,train
raw_data/B1.22/B1.22.SA-Offi_88.JPG,B1.22.SA-Offi_88.JPG,B1.22,B1,train
raw_data/B1.22/B1.22.SA-Offi_89.JPG,B1.22.SA-Offi_89.JPG,B1.22,B1,train
raw_data/B1.22/B1.22.SA-Offi_90.JPG,B1.22.SA-Offi_90.JPG,B1.22,B1,train
raw_data/B1.22/B1.22.SA-Offi_91.JPG,B1.22.SA-Offi_91.JPG,B1.22,B1,train
raw_data/B1.22/B1.22.SA-Offi_92.JPG,B1.22.SA-Offi_92.JPG,B1.22,B1,train
raw_data/B1.22/B1.22.SA-Offi_93.JPG,B1.22.SA-Offi_93.JPG,B1.22,B1,train
raw_data/B1.22/B1.22.SA-Offi_94.JPG,B1.22.SA-Offi_94.JPG,B1.22,B1,train
raw_data/B1.22/B1.22.SA-Offi_95.JPG,B1.22.SA-Offi_95.JPG,B1.22,B1,train
raw_data/B1.22/B1.22.SA-Offi_96.JPG,B1.22.SA-Offi_96.JPG,B1.22,B1,train
raw_data/B1.22/B1.22.SA-Offi_97.JPG,B1.22.SA-Offi_97.JPG,B1.22,B1,train
raw_data/B1.22/B1.22.SA-Offi_98.JPG,B1.22.SA-Offi_98.JPG,B1.22,B1,train
raw_data/B1.22/B1.22.SA-Offi_99.JPG,B1.22.SA-Offi_99.JPG,B1.22,B1,train
raw_data/B1.23/B1.23.Offi-Gov_01.JPG,B1.23.Offi-Gov_01.JPG,B1.23,B1,train
raw_data/B1.23/B1.23.Offi-Gov_02.JPG,B1.23.Offi-Gov_02.JPG,B1.23,B1,train
raw_data/B1.23/B1.23.Offi-Gov_03.JPG,B1.23.Offi-Gov_03.JPG,B1.23,B1,train
raw_data/B1.23/B1.23.Offi-Gov_04.JPG,B1.23.Offi-Gov_04.JPG,B1.23,B1,train
raw_data/B1.23/B1.23.Offi-Gov_05.JPG,B1.23.Offi-Gov_05.JPG,B1.23,B1,train
raw_data/B1.23/B1.23.Offi-Gov_06.JPG,B1.23.Offi-Gov_06.JPG,B1.23,B1,train
raw_data/B1.23/B1.23.Offi-Gov_07.JPG,B1.23.Offi-Gov_07.JPG,B1.23,B1,train
raw_data/B1.23/B1.23.Offi-Gov_08.JPG,B1.23.Offi-Gov_08.JPG,B1.23,B1,train
raw_data/B1.23/B1.23.Offi-Gov_09.JPG,B1.23.Offi-Gov_09.JPG,B1.23,B1,train
raw_data/B1.23/B1.23.Offi-Gov_10.JPG,B1.23.Offi-Gov_10.JPG,B1.23,B1,train
raw_data/B1.23/B1.23.Offi-Gov_11.JPG,B1.23.Offi-Gov_11.JPG,B1.23,B1,train
raw_data/B1.23/B1.23.Offi-Gov_12.JPG,B1.23.Offi-Gov_12.JPG,B1.23,B1,train
raw_data/B1.23/B1.23.Offi-Gov_13.JPG,B1.23.Offi-Gov_13.JPG,B1.23,B1,train
raw_data/B1.23/B1.23.Offi-Gov_14.JPG,B1.23.Offi-Gov_14.JPG,B1.23,B1,train
raw_data/B1.23/B1.23.Offi-Gov_15.JPG,B1.23.Offi-Gov_15.JPG,B1.23,B1,train
raw_data/B1.23/B1.23.Offi-Gov_16.JPG,B1.23.Offi-Gov_16.JPG,B1.23,B1,train
raw_data/B1.23/B1.23.Offi-Gov_17.JPG,B1.23.Offi-Gov_17.JPG,B1.23,B1,train
raw_data/B1.23/B1.23.Offi-Gov_18.JPG,B1.23.Offi-Gov_18.JPG,B1.23,B1,train
raw_data/B1.23/B1.23.Offi-Gov_19.JPG,B1.23.Offi-Gov_19.JPG,B1.23,B1,train
raw_data/B1.23/B1.23.Offi-Gov_20.JPG,B1.23.Offi-Gov_20.JPG,B1.23,B1,train
raw_data/B1.23/B1.23.Offi-Gov_21.JPG,B1.23.Offi-Gov_21.JPG,B1.23,B1,train
raw_data/B1.23/B1.23.Offi-Gov_22.JPG,B1.23.Offi-Gov_22.JPG,B1.23,B1,train
raw_data/B1.23/B1.23.Offi-Gov_23.JPG,B1.23.Offi-Gov_23.JPG,B1.23,B1,train
raw_data/B1.23/B1.23.Offi-Gov_24.JPG,B1.23.Offi-Gov_24.JPG,B1.23,B1,train
raw_data/B1.23/B1.23.Offi-Gov_25.JPG,B1.23.Offi-Gov_25.JPG,B1.23,B1,train
raw_data/B1.23/B1.23.Offi-Gov_26.JPG,B1.23.Offi-Gov_26.JPG,B1.23,B1,train
raw_data/B1.23/B1.23.Offi-Gov_27.JPG,B1.23.Offi-Gov_27.JPG,B1.23,B1,train
raw_data/B1.23/B1.23.Offi-Gov_28.JPG,B1.23.Offi-Gov_28.JPG,B1.23,B1,train
raw_data/B1.23/B1.23.Offi-Gov_29.JPG,B1.23.Offi-Gov_29.JPG,B1.23,B1,train
raw_data/B1.24/B1.24.Rex-Hot_01.JPG,B1.24.Rex-Hot_01.JPG,B1.24,B1,train
raw_data/B1.24/B1.24.Rex-Hot_02.JPG,B1.24.Rex-Hot_02.JPG,B1.24,B1,train
raw_data/B1.24/B1.24.Rex-Hot_03.JPG,B1.24.Rex-Hot_03.JPG,B1.24,B1,train
raw_data/B1.24/B1.24.Rex-Hot_04.JPG,B1.24.Rex-Hot_04.JPG,B1.24,B1,train
raw_data/B1.24/B1.24.Rex-Hot_05.JPG,B1.24.Rex-Hot_05.JPG,B1.24,B1,train
raw_data/B1.24/B1.24.Rex-Hot_06.JPG,B1.24.Rex-Hot_06.JPG,B1.24,B1,train
raw_data/B1.24/B1.24.Rex-Hot_07.JPG,B1.24.Rex-Hot_07.JPG,B1.24,B1,train
raw_data/B1.24/B1.24.Rex-Hot_08.JPG,B1.24.Rex-Hot_08.JPG,B1.24,B1,train
raw_data/B1.24/B1.24.Rex-Hot_09.JPG,B1.24.Rex-Hot_09.JPG,B1.24,B1,train
raw_data/B1.24/B1.24.Rex-Hot_10.JPG,B1.24.Rex-Hot_10.JPG,B1.24,B1,train
raw_data/B1.24/B1.24.Rex-Hot_11.JPG,B1.24.Rex-Hot_11.JPG,B1.24,B1,train
raw_data/B1.24/B1.24.Rex-Hot_12.JPG,B1.24.Rex-Hot_12.JPG,B1.24,B1,train
raw_data/B1.24/B1.24.Rex-Hot_13.JPG,B1.24.Rex-Hot_13.JPG,B1.24,B1,train
raw_data/B1.24/B1.24.Rex-Hot_14.JPG,B1.24.Rex-Hot_14.JPG,B1.24,B1,train
raw_data/B1.24/B1.24.Rex-Hot_15.JPG,B1.24.Rex-Hot_15.JPG,B1.24,B1,train
raw_data/B1.24/B1.24.Rex-Hot_16.JPG,B1.24.Rex-Hot_16.JPG,B1.24,B1,train
raw_data/B1.24/B1.24.Rex-Hot_17.JPG,B1.24.Rex-Hot_17.JPG,B1.24,B1,train
raw_data/B1.24/B1.24.Rex-Hot_18.JPG,B1.24.Rex-Hot_18.JPG,B1.24,B1,train
raw_data/B1.24/B1.24.Rex-Hot_19.JPG,B1.24.Rex-Hot_19.JPG,B1.24,B1,train
raw_data/B1.24/B1.24.Rex-Hot_20.JPG,B1.24.Rex-Hot_20.JPG,B1.24,B1,train
raw_data/B1.24/B1.24.Rex-Hot_21.JPG,B1.24.Rex-Hot_21.JPG,B1.24,B1,train
raw_data/B1.24/B1.24.Rex-Hot_22.JPG,B1.24.Rex-Hot_22.JPG,B1.24,B1,train
raw_data/B1.24/B1.24.Rex-Hot_23.JPG,B1.24.Rex-Hot_23.JPG,B1.24,B1,train
raw_data/B1.24/B1.24.Rex-Hot_24.JPG,B1.24.Rex-Hot_24.JPG,B1.24,B1,train
raw_data/B1.24/B1.24.Rex-Hot_25.JPG,B1.24.Rex-Hot_25.JPG,B1.24,B1,train
raw_data/B1.24/B1.24.Rex-Hot_26.JPG,B1.24.Rex-Hot_26.JPG,B1.24,B1,train
raw_data/B1.24/B1.24.Rex-Hot_27.JPG,B1.24.Rex-Hot_27.JPG,B1.24,B1,train
raw_data/B1.24/B1.24.Rex-Hot_28.JPG,B1.24.Rex-Hot_28.JPG,B1.24,B1,train
raw_data/B1.24/B1.24.Rex-Hot_29.JPG,B1.24.Rex-Hot_29.JPG,B1.24,B1,train
raw_data/B1.24/B1.24.Rex-Hot_30.JPG,B1.24.Rex-Hot_30.JPG,B1.24,B1,train
raw_data/B1.24/B1.24.Rex-Hot_31.JPG,B1.24.Rex-Hot_31.JPG,B1.24,B1,train
raw_data/B1.24/B1.24.Rex-Hot_32.JPG,B1.24.Rex-Hot_32.JPG,B1.24,B1,train
raw_data/B1.24/B1.24.Rex-Hot_33.JPG,B1.24.Rex-Hot_33.JPG,B1.24,B1,train
raw_data/B1.24/B1.24.Rex-Hot_34.JPG,B1.24.Rex-Hot_34.JPG,B1.24,B1,train
raw_data/B1.24/B1.24.Rex-Hot_35.JPG,B1.24.Rex-Hot_35.JPG,B1.24,B1,train
raw_data/B1.24/B1.24.Rex-Hot_36.JPG,B1.24.Rex-Hot_36.JPG,B1.24,B1,train
raw_data/B1.25 (need_review)/DSC00060.JPG,DSC00060.JPG,B1.25 (need_review),B1,train
raw_data/B1.25 (need_review)/DSC00061.JPG,DSC00061.JPG,B1.25 (need_review),B1,train
raw_data/B1.25 (need_review)/DSC00062.JPG,DSC00062.JPG,B1.25 (need_review),B1,train
raw_data/B1.25 (need_review)/DSC00063.JPG,DSC00063.JPG,B1.25 (need_review),B1,train
raw_data/B1.25 (need_review)/DSC00064.JPG,DSC00064.JPG,B1.25 (need_review),B1,train
raw_data/B1.25 (need_review)/DSC00065.JPG,DSC00065.JPG,B1.25 (need_review),B1,train
raw_data/B1.25 (need_review)/DSC00066.JPG,DSC00066.JPG,B1.25 (need_review),B1,train
raw_data/B1.25 (need_review)/DSC00067.JPG,DSC00067.JPG,B1.25 (need_review),B1,train
raw_data/B1.25 (need_review)/DSC00068.JPG,DSC00068.JPG,B1.25 (need_review),B1,train
raw_data/B1.25 (need_review)/DSC00069.JPG,DSC00069.JPG,B1.25 (need_review),B1,train
raw_data/B1.25 (need_review)/DSC00071.JPG,DSC00071.JPG,B1.25 (need_review),B1,train
raw_data/B1.25 (need_review)/DSC00144.JPG,DSC00144.JPG,B1.25 (need_review),B1,train
raw_data/B1.25 (need_review)/DSC00145.JPG,DSC00145.JPG,B1.25 (need_review),B1,train
raw_data/B1.25 (need_review)/DSC00146.JPG,DSC00146.JPG,B1.25 (need_review),B1,train
raw_data/B1.25 (need_review)/DSC00147.JPG,DSC00147.JPG,B1.25 (need_review),B1,train
raw_data/B1.25 (need_review)/DSC00148.JPG,DSC00148.JPG,B1.25 (need_review),B1,train
raw_data/B1.25 (need_review)/DSC00149.JPG,DSC00149.JPG,B1.25 (need_review),B1,train
raw_data/B1.25 (need_review)/DSC00150.JPG,DSC00150.JPG,B1.25 (need_review),B1,train
raw_data/B1.25 (need_review)/DSC00151.JPG,DSC00151.JPG,B1.25 (need_review),B1,train
raw_data/B1.25 (need_review)/DSC00152.JPG,DSC00152.JPG,B1.25 (need_review),B1,train
raw_data/B1.25 (need_review)/DSC00153.JPG,DSC00153.JPG,B1.25 (need_review),B1,train
raw_data/B1.25 (need_review)/DSC00154.JPG,DSC00154.JPG,B1.25 (need_review),B1,train
raw_data/B1.25 (need_review)/DSC00155.JPG,DSC00155.JPG,B1.25 (need_review),B1,train
raw_data/B1.25 (need_review)/DSC00156.JPG,DSC00156.JPG,B1.25 (need_review),B1,train
raw_data/B1.25 (need_review)/DSC00157.JPG,DSC00157.JPG,B1.25 (need_review),B1,train
raw_data/B1.25 (need_review)/DSC00158.JPG,DSC00158.JPG,B1.25 (need_review),B1,train
raw_data/B1.26/B1.26.MEK-CPF_01.JPG,B1.26.MEK-CPF_01.JPG,B1.26,B1,train
raw_data/B1.26/B1.26.MEK-CPF_02.JPG,B1.26.MEK-CPF_02.JPG,B1.26,B1,train
raw_data/B1.26/B1.26.MEK-CPF_03.JPG,B1.26.MEK-CPF_03.JPG,B1.26,B1,train
raw_data/B1.26/B1.26.MEK-CPF_04.JPG,B1.26.MEK-CPF_04.JPG,B1.26,B1,train
raw_data/B1.26/B1.26.MEK-CPF_05.JPG,B1.26.MEK-CPF_05.JPG,B1.26,B1,train
raw_data/B1.26/B1.26.MEK-CPF_06.JPG,B1.26.MEK-CPF_06.JPG,B1.26,B1,train
raw_data/B1.26/B1.26.MEK-CPF_07.JPG,B1.26.MEK-CPF_07.JPG,B1.26,B1,train
raw_data/B1.26/B1.26.MEK-CPF_08.JPG,B1.26.MEK-CPF_08.JPG,B1.26,B1,train
raw_data/B1.26/B1.26.MEK-CPF_09.JPG,B1.26.MEK-CPF_09.JPG,B1.26,B1,train
raw_data/B1.26/B1.26.MEK-CPF_10.JPG,B1.26.MEK-CPF_10.JPG,B1.26,B1,train
raw_data/B1.26/B1.26.MEK-CPF_11.JPG,B1.26.MEK-CPF_11.JPG,B1.26,B1,train
raw_data/B1.26/B1.26.MEK-CPF_12.JPG,B1.26.MEK-CPF_12.JPG,B1.26,B1,train
raw_data/B1.26/B1.26.MEK-CPF_13.JPG,B1.26.MEK-CPF_13.JPG,B1.26,B1,train
raw_data/B1.26/B1.26.MEK-CPF_14.JPG,B1.26.MEK-CPF_14.JPG,B1.26,B1,train
raw_data/B1.26/B1.26.MEK-CPF_15.JPG,B1.26.MEK-CPF_15.JPG,B1.26,B1,train
raw_data/B1.26/B1.26.MEK-CPF_16.JPG,B1.26.MEK-CPF_16.JPG,B1.26,B1,train
raw_data/B1.26/B1.26.MEK-CPF_17.JPG,B1.26.MEK-CPF_17.JPG,B1.26,B1,train
raw_data/B1.26/B1.26.MEK-CPF_18.JPG,B1.26.MEK-CPF_18.JPG,B1.26,B1,train
raw_data/B1.26/B1.26.MEK-CPF_19.JPG,B1.26.MEK-CPF_19.JPG,B1.26,B1,train
raw_data/B1.26/B1.26.MEK-CPF_20.JPG,B1.26.MEK-CPF_20.JPG,B1.26,B1,train
raw_data/B1.26/B1.26.MEK-CPF_21.JPG,B1.26.MEK-CPF_21.JPG,B1.26,B1,train
raw_data/B1.26/B1.26.MEK-CPF_22.JPG,B1.26.MEK-CPF_22.JPG,B1.26,B1,train
raw_data/B1.26/B1.26.MEK-CPF_23.JPG,B1.26.MEK-CPF_23.JPG,B1.26,B1,train
raw_data/B1.26/B1.26.MEK-CPF_24.JPG,B1.26.MEK-CPF_24.JPG,B1.26,B1,train
raw_data/B1.26/B1.26.MEK-CPF_25.JPG,B1.26.MEK-CPF_25.JPG,B1.26,B1,train
raw_data/B1.26/B1.26.MEK-CPF_26.JPG,B1.26.MEK-CPF_26.JPG,B1.26,B1,train
raw_data/B1.26/B1.26.MEK-CPF_27.JPG,B1.26.MEK-CPF_27.JPG,B1.26,B1,train
raw_data/B1.26/B1.26.MEK-CPF_28.JPG,B1.26.MEK-CPF_28.JPG,B1.26,B1,train
raw_data/B1.26/B1.26.MEK-CPF_29.JPG,B1.26.MEK-CPF_29.JPG,B1.26,B1,train
raw_data/B1.26/B1.26.MEK-CPF_30.JPG,B1.26.MEK-CPF_30.JPG,B1.26,B1,train
raw_data/B1.26/B1.26.MEK-CPF_31.JPG,B1.26.MEK-CPF_31.JPG,B1.26,B1,train
raw_data/B1.26/B1.26.MEK-CPF_32.JPG,B1.26.MEK-CPF_32.JPG,B1.26,B1,train
raw_data/B1.26/B1.26.MEK-CPF_33.JPG,B1.26.MEK-CPF_33.JPG,B1.26,B1,train
raw_data/B1.26/B1.26.MEK-CPF_34.JPG,B1.26.MEK-CPF_34.JPG,B1.26,B1,train
raw_data/B1.26/B1.26.MEK-CPF_35.JPG,B1.26.MEK-CPF_35.JPG,B1.26,B1,train
raw_data/B1.26/B1.26.MEK-CPF_36.JPG,B1.26.MEK-CPF_36.JPG,B1.26,B1,train
raw_data/B1.26/B1.26.MEK-CPF_37.JPG,B1.26.MEK-CPF_37.JPG,B1.26,B1,train
raw_data/B1.26/B1.26.MEK-CPF_38.JPG,B1.26.MEK-CPF_38.JPG,B1.26,B1,train
raw_data/B1.26/B1.26.MEK-CPF_39.JPG,B1.26.MEK-CPF_39.JPG,B1.26,B1,train
raw_data/B1.26/B1.26.MEK-CPF_40.JPG,B1.26.MEK-CPF_40.JPG,B1.26,B1,train
raw_data/B1.26/B1.26.MEK-CPF_41.JPG,B1.26.MEK-CPF_41.JPG,B1.26,B1,train
raw_data/B1.26/B1.26.MEK-CPF_42.JPG,B1.26.MEK-CPF_42.JPG,B1.26,B1,train
raw_data/B1.26/B1.26.MEK-CPF_43.JPG,B1.26.MEK-CPF_43.JPG,B1.26,B1,train
raw_data/B1.26/B1.26.MEK-CPF_44.JPG,B1.26.MEK-CPF_44.JPG,B1.26,B1,train
raw_data/B1.26/B1.26.MEK-CPF_45.JPG,B1.26.MEK-CPF_45.JPG,B1.26,B1,train
raw_data/B1.26/B1.26.MEK-CPF_46.JPG,B1.26.MEK-CPF_46.JPG,B1.26,B1,train
raw_data/B1.26/B1.26.MEK-CPF_47.JPG,B1.26.MEK-CPF_47.JPG,B1.26,B1,train
raw_data/B1.26/B1.26.MEK-CPF_48.JPG,B1.26.MEK-CPF_48.JPG,B1.26,B1,train
raw_data/B1.26/B1.26.MEK-CPF_49.JPG,B1.26.MEK-CPF_49.JPG,B1.26,B1,train
raw_data/B1.26/B1.26.MEK-CPF_50.JPG,B1.26.MEK-CPF_50.JPG,B1.26,B1,train
raw_data/B1.26/B1.26.MEK-CPF_51.JPG,B1.26.MEK-CPF_51.JPG,B1.26,B1,train
raw_data/B1.26/B1.26.MEK-CPF_52.JPG,B1.26.MEK-CPF_52.JPG,B1.26,B1,train
raw_data/B1.26/B1.26.MEK-CPF_53.JPG,B1.26.MEK-CPF_53.JPG,B1.26,B1,train
raw_data/B1.26/B1.26.MEK-CPF_54.JPG,B1.26.MEK-CPF_54.JPG,B1.26,B1,train
raw_data/B1.26/B1.26.MEK-CPF_55.JPG,B1.26.MEK-CPF_55.JPG,B1.26,B1,train
raw_data/B1.26/B1.26.MEK-CPF_56.JPG,B1.26.MEK-CPF_56.JPG,B1.26,B1,train
raw_data/B1.26/B1.26.MEK-CPF_57.JPG,B1.26.MEK-CPF_57.JPG,B1.26,B1,train
raw_data/B1.26/B1.26.MEK-CPF_58.JPG,B1.26.MEK-CPF_58.JPG,B1.26,B1,train
raw_data/B1.26/B1.26.MEK-CPF_59.JPG,B1.26.MEK-CPF_59.JPG,B1.26,B1,train
raw_data/B1.26/B1.26.MEK-CPF_60.JPG,B1.26.MEK-CPF_60.JPG,B1.26,B1,train
raw_data/B1.26/B1.26.MEK-CPF_61.JPG,B1.26.MEK-CPF_61.JPG,B1.26,B1,train
raw_data/B1.26/B1.26.MEK-CPF_62.JPG,B1.26.MEK-CPF_62.JPG,B1.26,B1,train
raw_data/B1.26/B1.26.MEK-CPF_63.JPG,B1.26.MEK-CPF_63.JPG,B1.26,B1,train
raw_data/B1.26/B1.26.MEK-CPF_64.JPG,B1.26.MEK-CPF_64.JPG,B1.26,B1,train
raw_data/B1.26/B1.26.MEK-CPF_65.JPG,B1.26.MEK-CPF_65.JPG,B1.26,B1,train
raw_data/B1.26/B1.26.MEK-CPF_66.JPG,B1.26.MEK-CPF_66.JPG,B1.26,B1,train
raw_data/B1.27/B1.27.HB-The_01.JPG,B1.27.HB-The_01.JPG,B1.27,B1,test
raw_data/B1.27/B1.27.HB-The_02.JPG,B1.27.HB-The_02.JPG,B1.27,B1,test
raw_data/B1.27/B1.27.HB-The_03.JPG,B1.27.HB-The_03.JPG,B1.27,B1,test
raw_data/B1.27/B1.27.HB-The_04.JPG,B1.27.HB-The_04.JPG,B1.27,B1,test
raw_data/B1.27/B1.27.HB-The_05.JPG,B1.27.HB-The_05.JPG,B1.27,B1,test
raw_data/B1.27/B1.27.HB-The_06.JPG,B1.27.HB-The_06.JPG,B1.27,B1,test
raw_data/B1.27/B1.27.HB-The_07.JPG,B1.27.HB-The_07.JPG,B1.27,B1,test
raw_data/B1.27/B1.27.HB-The_08.JPG,B1.27.HB-The_08.JPG,B1.27,B1,test
raw_data/B1.27/B1.27.HB-The_09.JPG,B1.27.HB-The_09.JPG,B1.27,B1,test
raw_data/B1.27/B1.27.HB-The_10.JPG,B1.27.HB-The_10.JPG,B1.27,B1,test
raw_data/B1.27/B1.27.HB-The_11.JPG,B1.27.HB-The_11.JPG,B1.27,B1,test
raw_data/B1.27/B1.27.HB-The_12.JPG,B1.27.HB-The_12.JPG,B1.27,B1,test
raw_data/B1.27/B1.27.HB-The_13.JPG,B1.27.HB-The_13.JPG,B1.27,B1,test
raw_data/B1.27/B1.27.HB-The_14.JPG,B1.27.HB-The_14.JPG,B1.27,B1,test
raw_data/B1.27/B1.27.HB-The_15.JPG,B1.27.HB-The_15.JPG,B1.27,B1,test
raw_data/B1.27/B1.27.HB-The_16.JPG,B1.27.HB-The_16.JPG,B1.27,B1,test
raw_data/B1.27/B1.27.HB-The_17.JPG,B1.27.HB-The_17.JPG,B1.27,B1,test
raw_data/B1.27/B1.27.HB-The_18.JPG,B1.27.HB-The_18.JPG,B1.27,B1,test
raw_data/B1.27/B1.27.HB-The_19.JPG,B1.27.HB-The_19.JPG,B1.27,B1,test
raw_data/B1.27/B1.27.HB-The_20.JPG,B1.27.HB-The_20.JPG,B1.27,B1,test
raw_data/B1.27/B1.27.HB-The_21.JPG,B1.27.HB-The_21.JPG,B1.27,B1,test
raw_data/B1.27/B1.27.HB-The_22.JPG,B1.27.HB-The_22.JPG,B1.27,B1,test
raw_data/B1.27/B1.27.HB-The_23.JPG,B1.27.HB-The_23.JPG,B1.27,B1,test
raw_data/B1.27/B1.27.HB-The_24.JPG,B1.27.HB-The_24.JPG,B1.27,B1,test
raw_data/B1.27/B1.27.HB-The_25.JPG,B1.27.HB-The_25.JPG,B1.27,B1,test
raw_data/B1.27/B1.27.HB-The_26.JPG,B1.27.HB-The_26.JPG,B1.27,B1,test
raw_data/B1.27/B1.27.HB-The_27.JPG,B1.27.HB-The_27.JPG,B1.27,B1,test
raw_data/B1.27/B1.27.HB-The_28.JPG,B1.27.HB-The_28.JPG,B1.27,B1,test
raw_data/B1.27/B1.27.HB-The_29.JPG,B1.27.HB-The_29.JPG,B1.27,B1,test
raw_data/B1.27/B1.27.HB-The_30.JPG,B1.27.HB-The_30.JPG,B1.27,B1,test
raw_data/B1.27/B1.27.HB-The_31.JPG,B1.27.HB-The_31.JPG,B1.27,B1,test
raw_data/B1.27/B1.27.HB-The_32.JPG,B1.27.HB-The_32.JPG,B1.27,B1,test
raw_data/B1.27/B1.27.HB-The_33.JPG,B1.27.HB-The_33.JPG,B1.27,B1,test
raw_data/B1.27/B1.27.HB-The_34.JPG,B1.27.HB-The_34.JPG,B1.27,B1,test
raw_data/B1.27/B1.27.HB-The_35.JPG,B1.27.HB-The_35.JPG,B1.27,B1,test
raw_data/B1.27/B1.27.HB-The_36.JPG,B1.27.HB-The_36.JPG,B1.27,B1,test
raw_data/B1.27/B1.27.HB-The_37.JPG,B1.27.HB-The_37.JPG,B1.27,B1,test
raw_data/B1.27/B1.27.HB-The_38.JPG,B1.27.HB-The_38.JPG,B1.27,B1,test
raw_data/B1.27/B1.27.HB-The_39.JPG,B1.27.HB-The_39.JPG,B1.27,B1,test
raw_data/B1.27/B1.27.HB-The_40.JPG,B1.27.HB-The_40.JPG,B1.27,B1,test
raw_data/B1.27/B1.27.HB-The_41.JPG,B1.27.HB-The_41.JPG,B1.27,B1,test
raw_data/B1.27/B1.27.HB-The_42.JPG,B1.27.HB-The_42.JPG,B1.27,B1,test
raw_data/B1.27/B1.27.HB-The_43.JPG,B1.27.HB-The_43.JPG,B1.27,B1,test
raw_data/B1.27/B1.27.HB-The_44.JPG,B1.27.HB-The_44.JPG,B1.27,B1,test
raw_data/B1.27/B1.27.HB-The_45.JPG,B1.27.HB-The_45.JPG,B1.27,B1,test
raw_data/B1.27/B1.27.HB-The_46.JPG,B1.27.HB-The_46.JPG,B1.27,B1,test
raw_data/B1.28/B1.28.VB-Bui_01.JPG,B1.28.VB-Bui_01.JPG,B1.28,B1,train
raw_data/B1.28/B1.28.VB-Bui_02.JPG,B1.28.VB-Bui_02.JPG,B1.28,B1,train
raw_data/B1.28/B1.28.VB-Bui_03.JPG,B1.28.VB-Bui_03.JPG,B1.28,B1,train
raw_data/B1.28/B1.28.VB-Bui_04.JPG,B1.28.VB-Bui_04.JPG,B1.28,B1,train
raw_data/B1.28/B1.28.VB-Bui_05.JPG,B1.28.VB-Bui_05.JPG,B1.28,B1,train
raw_data/B1.28/B1.28.VB-Bui_06.JPG,B1.28.VB-Bui_06.JPG,B1.28,B1,train
raw_data/B1.28/B1.28.VB-Bui_07.JPG,B1.28.VB-Bui_07.JPG,B1.28,B1,train
raw_data/B1.28/B1.28.VB-Bui_08.JPG,B1.28.VB-Bui_08.JPG,B1.28,B1,train
raw_data/B1.28/B1.28.VB-Bui_09.JPG,B1.28.VB-Bui_09.JPG,B1.28,B1,train
raw_data/B1.28/B1.28.VB-Bui_10.JPG,B1.28.VB-Bui_10.JPG,B1.28,B1,train
raw_data/B1.28/B1.28.VB-Bui_11.JPG,B1.28.VB-Bui_11.JPG,B1.28,B1,train
raw_data/B1.28/B1.28.VB-Bui_12.JPG,B1.28.VB-Bui_12.JPG,B1.28,B1,train
raw_data/B1.28/B1.28.VB-Bui_13.JPG,B1.28.VB-Bui_13.JPG,B1.28,B1,train
raw_data/B1.28/B1.28.VB-Bui_14.JPG,B1.28.VB-Bui_14.JPG,B1.28,B1,train
raw_data/B1.28/B1.28.VB-Bui_15.JPG,B1.28.VB-Bui_15.JPG,B1.28,B1,train
raw_data/B1.28/B1.28.VB-Bui_16.JPG,B1.28.VB-Bui_16.JPG,B1.28,B1,train
raw_data/B1.29/B1.29.VNPT-Bui_01.JPG,B1.29.VNPT-Bui_01.JPG,B1.29,B1,train
raw_data/B1.29/B1.29.VNPT-Bui_02.JPG,B1.29.VNPT-Bui_02.JPG,B1.29,B1,train
raw_data/B1.29/B1.29.VNPT-Bui_03.JPG,B1.29.VNPT-Bui_03.JPG,B1.29,B1,train
raw_data/B1.29/B1.29.VNPT-Bui_04.JPG,B1.29.VNPT-Bui_04.JPG,B1.29,B1,train
raw_data/B1.29/B1.29.VNPT-Bui_05.JPG,B1.29.VNPT-Bui_05.JPG,B1.29,B1,train
raw_data/B1.29/B1.29.VNPT-Bui_06.JPG,B1.29.VNPT-Bui_06.JPG,B1.29,B1,train
raw_data/B1.29/B1.29.VNPT-Bui_07.JPG,B1.29.VNPT-Bui_07.JPG,B1.29,B1,train
raw_data/B1.29/B1.29.VNPT-Bui_08.JPG,B1.29.VNPT-Bui_08.JPG,B1.29,B1,train
raw_data/B1.29/B1.29.VNPT-Bui_09.JPG,B1.29.VNPT-Bui_09.JPG,B1.29,B1,train
raw_data/B1.29/B1.29.VNPT-Bui_10.JPG,B1.29.VNPT-Bui_10.JPG,B1.29,B1,train
raw_data/B1.29/B1.29.VNPT-Bui_100.JPG,B1.29.VNPT-Bui_100.JPG,B1.29,B1,train
raw_data/B1.29/B1.29.VNPT-Bui_101.JPG,B1.29.VNPT-Bui_101.JPG,B1.29,B1,train
raw_data/B1.29/B1.29.VNPT-Bui_102.JPG,B1.29.VNPT-Bui_102.JPG,B1.29,B1,train
raw_data/B1.29/B1.29.VNPT-Bui_103.JPG,B1.29.VNPT-Bui_103.JPG,B1.29,B1,train
raw_data/B1.29/B1.29.VNPT-Bui_104.JPG,B1.29.VNPT-Bui_104.JPG,B1.29,B1,train
raw_data/B1.29/B1.29.VNPT-Bui_105.JPG,B1.29.VNPT-Bui_105.JPG,B1.29,B1,train
raw_data/B1.29/B1.29.VNPT-Bui_106.JPG,B1.29.VNPT-Bui_106.JPG,B1.29,B1,train
raw_data/B1.29/B1.29.VNPT-Bui_107.JPG,B1.29.VNPT-Bui_107.JPG,B1.29,B1,train
raw_data/B1.29/B1.29.VNPT-Bui_108.JPG,B1.29.VNPT-Bui_108.JPG,B1.29,B1,train
raw_data/B1.29/B1.29.VNPT-Bui_109.JPG,B1.29.VNPT-Bui_109.JPG,B1.29,B1,train
raw_data/B1.29/B1.29.VNPT-Bui_11.JPG,B1.29.VNPT-Bui_11.JPG,B1.29,B1,train
raw_data/B1.29/B1.29.VNPT-Bui_110.JPG,B1.29.VNPT-Bui_110.JPG,B1.29,B1,train
raw_data/B1.29/B1.29.VNPT-Bui_111.JPG,B1.29.VNPT-Bui_111.JPG,B1.29,B1,train
raw_data/B1.29/B1.29.VNPT-Bui_112.JPG,B1.29.VNPT-Bui_112.JPG,B1.29,B1,train
raw_data/B1.29/B1.29.VNPT-Bui_113.JPG,B1.29.VNPT-Bui_113.JPG,B1.29,B1,train
raw_data/B1.29/B1.29.VNPT-Bui_114.JPG,B1.29.VNPT-Bui_114.JPG,B1.29,B1,train
raw_data/B1.29/B1.29.VNPT-Bui_115.JPG,B1.29.VNPT-Bui_115.JPG,B1.29,B1,train
raw_data/B1.29/B1.29.VNPT-Bui_116.JPG,B1.29.VNPT-Bui_116.JPG,B1.29,B1,train
raw_data/B1.29/B1.29.VNPT-Bui_117.JPG,B1.29.VNPT-Bui_117.JPG,B1.29,B1,train
raw_data/B1.29/B1.29.VNPT-Bui_118.JPG,B1.29.VNPT-Bui_118.JPG,B1.29,B1,train
raw_data/B1.29/B1.29.VNPT-Bui_119.JPG,B1.29.VNPT-Bui_119.JPG,B1.29,B1,train
raw_data/B1.29/B1.29.VNPT-Bui_12.JPG,B1.29.VNPT-Bui_12.JPG,B1.29,B1,train
raw_data/B1.29/B1.29.VNPT-Bui_120.JPG,B1.29.VNPT-Bui_120.JPG,B1.29,B1,train
raw_data/B1.29/B1.29.VNPT-Bui_121.JPG,B1.29.VNPT-Bui_121.JPG,B1.29,B1,train
raw_data/B1.29/B1.29.VNPT-Bui_122.JPG,B1.29.VNPT-Bui_122.JPG,B1.29,B1,train
raw_data/B1.29/B1.29.VNPT-Bui_123.JPG,B1.29.VNPT-Bui_123.JPG,B1.29,B1,train
raw_data/B1.29/B1.29.VNPT-Bui_124.JPG,B1.29.VNPT-Bui_124.JPG,B1.29,B1,train
raw_data/B1.29/B1.29.VNPT-Bui_125.JPG,B1.29.VNPT-Bui_125.JPG,B1.29,B1,train
raw_data/B1.29/B1.29.VNPT-Bui_126.JPG,B1.29.VNPT-Bui_126.JPG,B1.29,B1,train
raw_data/B1.29/B1.29.VNPT-Bui_127.JPG,B1.29.VNPT-Bui_127.JPG,B1.29,B1,train
raw_data/B1.29/B1.29.VNPT-Bui_128.JPG,B1.29.VNPT-Bui_128.JPG,B1.29,B1,train
raw_data/B1.29/B1.29.VNPT-Bui_129.JPG,B1.29.VNPT-Bui_129.JPG,B1.29,B1,train
raw_data/B1.29/B1.29.VNPT-Bui_13.JPG,B1.29.VNPT-Bui_13.JPG,B1.29,B1,train
raw_data/B1.29/B1.29.VNPT-Bui_130.JPG,B1.29.VNPT-Bui_130.JPG,B1.29,B1,train
raw_data/B1.29/B1.29.VNPT-Bui_131.JPG,B1.29.VNPT-Bui_131.JPG,B1.29,B1,train
raw_data/B1.29/B1.29.VNPT-Bui_132.JPG,B1.29.VNPT-Bui_132.JPG,B1.29,B1,train
raw_data/B1.29/B1.29.VNPT-Bui_133.JPG,B1.29.VNPT-Bui_133.JPG,B1.29,B1,train
raw_data/B1.29/B1.29.VNPT-Bui_134.JPG,B1.29.VNPT-Bui_134.JPG,B1.29,B1,train
raw_data/B1.29/B1.29.VNPT-Bui_135.JPG,B1.29.VNPT-Bui_135.JPG,B1.29,B1,train
raw_data/B1.29/B1.29.VNPT-Bui_136.JPG,B1.29.VNPT-Bui_136.JPG,B1.29,B1,train
raw_data/B1.29/B1.29.VNPT-Bui_137.JPG,B1.29.VNPT-Bui_137.JPG,B1.29,B1,train
raw_data/B1.29/B1.29.VNPT-Bui_138.JPG,B1.29.VNPT-Bui_138.JPG,B1.29,B1,train
raw_data/B1.29/B1.29.VNPT-Bui_139.JPG,B1.29.VNPT-Bui_139.JPG,B1.29,B1,train
raw_data/B1.29/B1.29.VNPT-Bui_14.JPG,B1.29.VNPT-Bui_14.JPG,B1.29,B1,train
raw_data/B1.29/B1.29.VNPT-Bui_140.JPG,B1.29.VNPT-Bui_140.JPG,B1.29,B1,train
raw_data/B1.29/B1.29.VNPT-Bui_141.JPG,B1.29.VNPT-Bui_141.JPG,B1.29,B1,train
raw_data/B1.29/B1.29.VNPT-Bui_142.JPG,B1.29.VNPT-Bui_142.JPG,B1.29,B1,train
raw_data/B1.29/B1.29.VNPT-Bui_143.JPG,B1.29.VNPT-Bui_143.JPG,B1.29,B1,train
raw_data/B1.29/B1.29.VNPT-Bui_144.JPG,B1.29.VNPT-Bui_144.JPG,B1.29,B1,train
raw_data/B1.29/B1.29.VNPT-Bui_145.JPG,B1.29.VNPT-Bui_145.JPG,B1.29,B1,train
raw_data/B1.29/B1.29.VNPT-Bui_146.JPG,B1.29.VNPT-Bui_146.JPG,B1.29,B1,train
raw_data/B1.29/B1.29.VNPT-Bui_147.JPG,B1.29.VNPT-Bui_147.JPG,B1.29,B1,train
raw_data/B1.29/B1.29.VNPT-Bui_148.JPG,B1.29.VNPT-Bui_148.JPG,B1.29,B1,train
raw_data/B1.29/B1.29.VNPT-Bui_149.JPG,B1.29.VNPT-Bui_149.JPG,B1.29,B1,train
raw_data/B1.29/B1.29.VNPT-Bui_15.JPG,B1.29.VNPT-Bui_15.JPG,B1.29,B1,train
raw_data/B1.29/B1.29.VNPT-Bui_150.JPG,B1.29.VNPT-Bui_150.JPG,B1.29,B1,train
raw_data/B1.29/B1.29.VNPT-Bui_151.JPG,B1.29.VNPT-Bui_151.JPG,B1.29,B1,train
raw_data/B1.29/B1.29.VNPT-Bui_152.JPG,B1.29.VNPT-Bui_152.JPG,B1.29,B1,train
raw_data/B1.29/B1.29.VNPT-Bui_153.JPG,B1.29.VNPT-Bui_153.JPG,B1.29,B1,train
raw_data/B1.29/B1.29.VNPT-Bui_154.JPG,B1.29.VNPT-Bui_154.JPG,B1.29,B1,train
raw_data/B1.29/B1.29.VNPT-Bui_155.JPG,B1.29.VNPT-Bui_155.JPG,B1.29,B1,train
raw_data/B1.29/B1.29.VNPT-Bui_156.JPG,B1.29.VNPT-Bui_156.JPG,B1.29,B1,train
raw_data/B1.29/B1.29.VNPT-Bui_157.JPG,B1.29.VNPT-Bui_157.JPG,B1.29,B1,train
raw_data/B1.29/B1.29.VNPT-Bui_158.JPG,B1.29.VNPT-Bui_158.JPG,B1.29,B1,train
raw_data/B1.29/B1.29.VNPT-Bui_159.JPG,B1.29.VNPT-Bui_159.JPG,B1.29,B1,train
raw_data/B1.29/B1.29.VNPT-Bui_16.JPG,B1.29.VNPT-Bui_16.JPG,B1.29,B1,train
raw_data/B1.29/B1.29.VNPT-Bui_160.JPG,B1.29.VNPT-Bui_160.JPG,B1.29,B1,train
raw_data/B1.29/B1.29.VNPT-Bui_161.JPG,B1.29.VNPT-Bui_161.JPG,B1.29,B1,train
raw_data/B1.29/B1.29.VNPT-Bui_162.JPG,B1.29.VNPT-Bui_162.JPG,B1.29,B1,train
raw_data/B1.29/B1.29.VNPT-Bui_163.JPG,B1.29.VNPT-Bui_163.JPG,B1.29,B1,train
raw_data/B1.29/B1.29.VNPT-Bui_164.JPG,B1.29.VNPT-Bui_164.JPG,B1.29,B1,train
raw_data/B1.29/B1.29.VNPT-Bui_165.JPG,B1.29.VNPT-Bui_165.JPG,B1.29,B1,train
raw_data/B1.29/B1.29.VNPT-Bui_166.JPG,B1.29.VNPT-Bui_166.JPG,B1.29,B1,train
raw_data/B1.29/B1.29.VNPT-Bui_167.JPG,B1.29.VNPT-Bui_167.JPG,B1.29,B1,train
raw_data/B1.29/B1.29.VNPT-Bui_168.JPG,B1.29.VNPT-Bui_168.JPG,B1.29,B1,train
raw_data/B1.29/B1.29.VNPT-Bui_169.JPG,B1.29.VNPT-Bui_169.JPG,B1.29,B1,train
raw_data/B1.29/B1.29.VNPT-Bui_17.JPG,B1.29.VNPT-Bui_17.JPG,B1.29,B1,train
raw_data/B1.29/B1.29.VNPT-Bui_170.JPG,B1.29.VNPT-Bui_170.JPG,B1.29,B1,train
raw_data/B1.29/B1.29.VNPT-Bui_171.JPG,B1.29.VNPT-Bui_171.JPG,B1.29,B1,train
raw_data/B1.29/B1.29.VNPT-Bui_172.JPG,B1.29.VNPT-Bui_172.JPG,B1.29,B1,train
raw_data/B1.29/B1.29.VNPT-Bui_173.JPG,B1.29.VNPT-Bui_173.JPG,B1.29,B1,train
raw_data/B1.29/B1.29.VNPT-Bui_174.JPG,B1.29.VNPT-Bui_174.JPG,B1.29,B1,train
raw_data/B1.29/B1.29.VNPT-Bui_175.JPG,B1.29.VNPT-Bui_175.JPG,B1.29,B1,train
raw_data/B1.29/B1.29.VNPT-Bui_176.JPG,B1.29.VNPT-Bui_176.JPG,B1.29,B1,train
raw_data/B1.29/B1.29.VNPT-Bui_18.JPG,B1.29.VNPT-Bui_18.JPG,B1.29,B1,train
raw_data/B1.29/B1.29.VNPT-Bui_19.JPG,B1.29.VNPT-Bui_19.JPG,B1.29,B1,train
raw_data/B1.29/B1.29.VNPT-Bui_20.JPG,B1.29.VNPT-Bui_20.JPG,B1.29,B1,train
raw_data/B1.29/B1.29.VNPT-Bui_21.JPG,B1.29.VNPT-Bui_21.JPG,B1.29,B1,train
raw_data/B1.29/B1.29.VNPT-Bui_22.JPG,B1.29.VNPT-Bui_22.JPG,B1.29,B1,train
raw_data/B1.29/B1.29.VNPT-Bui_23.JPG,B1.29.VNPT-Bui_23.JPG,B1.29,B1,train
raw_data/B1.29/B1.29.VNPT-Bui_24.JPG,B1.29.VNPT-Bui_24.JPG,B1.29,B1,train
raw_data/B1.29/B1.29.VNPT-Bui_25.JPG,B1.29.VNPT-Bui_25.JPG,B1.29,B1,train
raw_data/B1.29/B1.29.VNPT-Bui_26.JPG,B1.29.VNPT-Bui_26.JPG,B1.29,B1,train
raw_data/B1.29/B1.29.VNPT-Bui_27.JPG,B1.29.VNPT-Bui_27.JPG,B1.29,B1,train
raw_data/B1.29/B1.29.VNPT-Bui_28.JPG,B1.29.VNPT-Bui_28.JPG,B1.29,B1,train
raw_data/B1.29/B1.29.VNPT-Bui_29.JPG,B1.29.VNPT-Bui_29.JPG,B1.29,B1,train
raw_data/B1.29/B1.29.VNPT-Bui_30.JPG,B1.29.VNPT-Bui_30.JPG,B1.29,B1,train
raw_data/B1.29/B1.29.VNPT-Bui_31.JPG,B1.29.VNPT-Bui_31.JPG,B1.29,B1,train
raw_data/B1.29/B1.29.VNPT-Bui_32.JPG,B1.29.VNPT-Bui_32.JPG,B1.29,B1,train
raw_data/B1.29/B1.29.VNPT-Bui_33.JPG,B1.29.VNPT-Bui_33.JPG,B1.29,B1,train
raw_data/B1.29/B1.29.VNPT-Bui_34.JPG,B1.29.VNPT-Bui_34.JPG,B1.29,B1,train
raw_data/B1.29/B1.29.VNPT-Bui_35.JPG,B1.29.VNPT-Bui_35.JPG,B1.29,B1,train
raw_data/B1.29/B1.29.VNPT-Bui_36.JPG,B1.29.VNPT-Bui_36.JPG,B1.29,B1,train
raw_data/B1.29/B1.29.VNPT-Bui_37.JPG,B1.29.VNPT-Bui_37.JPG,B1.29,B1,train
raw_data/B1.29/B1.29.VNPT-Bui_38.JPG,B1.29.VNPT-Bui_38.JPG,B1.29,B1,train
raw_data/B1.29/B1.29.VNPT-Bui_39.JPG,B1.29.VNPT-Bui_39.JPG,B1.29,B1,train
raw_data/B1.29/B1.29.VNPT-Bui_40.JPG,B1.29.VNPT-Bui_40.JPG,B1.29,B1,train
raw_data/B1.29/B1.29.VNPT-Bui_41.JPG,B1.29.VNPT-Bui_41.JPG,B1.29,B1,train
raw_data/B1.29/B1.29.VNPT-Bui_42.JPG,B1.29.VNPT-Bui_42.JPG,B1.29,B1,train
raw_data/B1.29/B1.29.VNPT-Bui_43.JPG,B1.29.VNPT-Bui_43.JPG,B1.29,B1,train
raw_data/B1.29/B1.29.VNPT-Bui_44.JPG,B1.29.VNPT-Bui_44.JPG,B1.29,B1,train
raw_data/B1.29/B1.29.VNPT-Bui_45.JPG,B1.29.VNPT-Bui_45.JPG,B1.29,B1,train
raw_data/B1.29/B1.29.VNPT-Bui_46.JPG,B1.29.VNPT-Bui_46.JPG,B1.29,B1,train
raw_data/B1.29/B1.29.VNPT-Bui_47.JPG,B1.29.VNPT-Bui_47.JPG,B1.29,B1,train
raw_data/B1.29/B1.29.VNPT-Bui_48.JPG,B1.29.VNPT-Bui_48.JPG,B1.29,B1,train
raw_data/B1.29/B1.29.VNPT-Bui_49.JPG,B1.29.VNPT-Bui_49.JPG,B1.29,B1,train
raw_data/B1.29/B1.29.VNPT-Bui_50.JPG,B1.29.VNPT-Bui_50.JPG,B1.29,B1,train
raw_data/B1.29/B1.29.VNPT-Bui_51.JPG,B1.29.VNPT-Bui_51.JPG,B1.29,B1,train
raw_data/B1.29/B1.29.VNPT-Bui_52.JPG,B1.29.VNPT-Bui_52.JPG,B1.29,B1,train
raw_data/B1.29/B1.29.VNPT-Bui_53.JPG,B1.29.VNPT-Bui_53.JPG,B1.29,B1,train
raw_data/B1.29/B1.29.VNPT-Bui_54.JPG,B1.29.VNPT-Bui_54.JPG,B1.29,B1,train
raw_data/B1.29/B1.29.VNPT-Bui_55.JPG,B1.29.VNPT-Bui_55.JPG,B1.29,B1,train
raw_data/B1.29/B1.29.VNPT-Bui_56.JPG,B1.29.VNPT-Bui_56.JPG,B1.29,B1,train
raw_data/B1.29/B1.29.VNPT-Bui_57.JPG,B1.29.VNPT-Bui_57.JPG,B1.29,B1,train
raw_data/B1.29/B1.29.VNPT-Bui_58.JPG,B1.29.VNPT-Bui_58.JPG,B1.29,B1,train
raw_data/B1.29/B1.29.VNPT-Bui_59.JPG,B1.29.VNPT-Bui_59.JPG,B1.29,B1,train
raw_data/B1.29/B1.29.VNPT-Bui_60.JPG,B1.29.VNPT-Bui_60.JPG,B1.29,B1,train
raw_data/B1.29/B1.29.VNPT-Bui_61.JPG,B1.29.VNPT-Bui_61.JPG,B1.29,B1,train
raw_data/B1.29/B1.29.VNPT-Bui_62.JPG,B1.29.VNPT-Bui_62.JPG,B1.29,B1,train
raw_data/B1.29/B1.29.VNPT-Bui_63.JPG,B1.29.VNPT-Bui_63.JPG,B1.29,B1,train
raw_data/B1.29/B1.29.VNPT-Bui_64.JPG,B1.29.VNPT-Bui_64.JPG,B1.29,B1,train
raw_data/B1.29/B1.29.VNPT-Bui_65.JPG,B1.29.VNPT-Bui_65.JPG,B1.29,B1,train
raw_data/B1.29/B1.29.VNPT-Bui_66.JPG,B1.29.VNPT-Bui_66.JPG,B1.29,B1,train
raw_data/B1.29/B1.29.VNPT-Bui_67.JPG,B1.29.VNPT-Bui_67.JPG,B1.29,B1,train
raw_data/B1.29/B1.29.VNPT-Bui_68.JPG,B1.29.VNPT-Bui_68.JPG,B1.29,B1,train
raw_data/B1.29/B1.29.VNPT-Bui_69.JPG,B1.29.VNPT-Bui_69.JPG,B1.29,B1,train
raw_data/B1.29/B1.29.VNPT-Bui_70.JPG,B1.29.VNPT-Bui_70.JPG,B1.29,B1,train
raw_data/B1.29/B1.29.VNPT-Bui_71.JPG,B1.29.VNPT-Bui_71.JPG,B1.29,B1,train
raw_data/B1.29/B1.29.VNPT-Bui_72.JPG,B1.29.VNPT-Bui_72.JPG,B1.29,B1,train
raw_data/B1.29/B1.29.VNPT-Bui_73.JPG,B1.29.VNPT-Bui_73.JPG,B1.29,B1,train
raw_data/B1.29/B1.29.VNPT-Bui_74.JPG,B1.29.VNPT-Bui_74.JPG,B1.29,B1,train
raw_data/B1.29/B1.29.VNPT-Bui_75.JPG,B1.29.VNPT-Bui_75.JPG,B1.29,B1,train
raw_data/B1.29/B1.29.VNPT-Bui_76.JPG,B1.29.VNPT-Bui_76.JPG,B1.29,B1,train
raw_data/B1.29/B1.29.VNPT-Bui_77.JPG,B1.29.VNPT-Bui_77.JPG,B1.29,B1,train
raw_data/B1.29/B1.29.VNPT-Bui_78.JPG,B1.29.VNPT-Bui_78.JPG,B1.29,B1,train
raw_data/B1.29/B1.29.VNPT-Bui_79.JPG,B1.29.VNPT-Bui_79.JPG,B1.29,B1,train
raw_data/B1.29/B1.29.VNPT-Bui_80.JPG,B1.29.VNPT-Bui_80.JPG,B1.29,B1,train
raw_data/B1.29/B1.29.VNPT-Bui_81.JPG,B1.29.VNPT-Bui_81.JPG,B1.29,B1,train
raw_data/B1.29/B1.29.VNPT-Bui_82.JPG,B1.29.VNPT-Bui_82.JPG,B1.29,B1,train
raw_data/B1.29/B1.29.VNPT-Bui_83.JPG,B1.29.VNPT-Bui_83.JPG,B1.29,B1,train
raw_data/B1.29/B1.29.VNPT-Bui_84.JPG,B1.29.VNPT-Bui_84.JPG,B1.29,B1,train
raw_data/B1.29/B1.29.VNPT-Bui_85.JPG,B1.29.VNPT-Bui_85.JPG,B1.29,B1,train
raw_data/B1.29/B1.29.VNPT-Bui_86.JPG,B1.29.VNPT-Bui_86.JPG,B1.29,B1,train
raw_data/B1.29/B1.29.VNPT-Bui_87.JPG,B1.29.VNPT-Bui_87.JPG,B1.29,B1,train
raw_data/B1.29/B1.29.VNPT-Bui_88.JPG,B1.29.VNPT-Bui_88.JPG,B1.29,B1,train
raw_data/B1.29/B1.29.VNPT-Bui_89.JPG,B1.29.VNPT-Bui_89.JPG,B1.29,B1,train
raw_data/B1.29/B1.29.VNPT-Bui_90.JPG,B1.29.VNPT-Bui_90.JPG,B1.29,B1,train
raw_data/B1.29/B1.29.VNPT-Bui_91.JPG,B1.29.VNPT-Bui_91.JPG,B1.29,B1,train
raw_data/B1.29/B1.29.VNPT-Bui_92.JPG,B1.29.VNPT-Bui_92.JPG,B1.29,B1,train
raw_data/B1.29/B1.29.VNPT-Bui_93.JPG,B1.29.VNPT-Bui_93.JPG,B1.29,B1,train
raw_data/B1.29/B1.29.VNPT-Bui_94.JPG,B1.29.VNPT-Bui_94.JPG,B1.29,B1,train
raw_data/B1.29/B1.29.VNPT-Bui_95.JPG,B1.29.VNPT-Bui_95.JPG,B1.29,B1,train
raw_data/B1.29/B1.29.VNPT-Bui_96.JPG,B1.29.VNPT-Bui_96.JPG,B1.29,B1,train
raw_data/B1.29/B1.29.VNPT-Bui_97.JPG,B1.29.VNPT-Bui_97.JPG,B1.29,B1,train
raw_data/B1.29/B1.29.VNPT-Bui_98.JPG,B1.29.VNPT-Bui_98.JPG,B1.29,B1,train
raw_data/B1.29/B1.29.VNPT-Bui_99.JPG,B1.29.VNPT-Bui_99.JPG,B1.29,B1,train
raw_data/B1.30.Hang Day Stadium/DSC02221.JPG,DSC02221.JPG,B1.30.Hang Day Stadium,B1,train
raw_data/B1.30.Hang Day Stadium/DSC02222.JPG,DSC02222.JPG,B1.30.Hang Day Stadium,B1,train
raw_data/B1.30.Hang Day Stadium/DSC02223.JPG,DSC02223.JPG,B1.30.Hang Day Stadium,B1,train
raw_data/B1.30.Hang Day Stadium/DSC02225.JPG,DSC02225.JPG,B1.30.Hang Day Stadium,B1,train
raw_data/B1.30.Hang Day Stadium/DSC02226.JPG,DSC02226.JPG,B1.30.Hang Day Stadium,B1,train
raw_data/B1.30.Hang Day Stadium/DSC02227.JPG,DSC02227.JPG,B1.30.Hang Day Stadium,B1,train
raw_data/B1.30.Hang Day Stadium/DSC02228.JPG,DSC02228.JPG,B1.30.Hang Day Stadium,B1,train
raw_data/B1.30.Hang Day Stadium/DSC02229.JPG,DSC02229.JPG,B1.30.Hang Day Stadium,B1,train
raw_data/B1.30.Hang Day Stadium/DSC02230.JPG,DSC02230.JPG,B1.30.Hang Day Stadium,B1,train
raw_data/B1.30.Hang Day Stadium/DSC02231.JPG,DSC02231.JPG,B1.30.Hang Day Stadium,B1,train
raw_data/B1.30.Hang Day Stadium/DSC02232.JPG,DSC02232.JPG,B1.30.Hang Day Stadium,B1,train
raw_data/B1.30.Hang Day Stadium/DSC02233.JPG,DSC02233.JPG,B1.30.Hang Day Stadium,B1,train
raw_data/B1.30.Hang Day Stadium/DSC02234.JPG,DSC02234.JPG,B1.30.Hang Day Stadium,B1,train
raw_data/B1.30.Hang Day Stadium/DSC02235.JPG,DSC02235.JPG,B1.30.Hang Day Stadium,B1,train
raw_data/B1.30.Hang Day Stadium/DSC02236.JPG,DSC02236.JPG,B1.30.Hang Day Stadium,B1,train
raw_data/B1.30.Hang Day Stadium/DSC02237.JPG,DSC02237.JPG,B1.30.Hang Day Stadium,B1,train
raw_data/B1.30.Hang Day Stadium/DSC02238.JPG,DSC02238.JPG,B1.30.Hang Day Stadium,B1,train
raw_data/B1.30.Hang Day Stadium/DSC02239.JPG,DSC02239.JPG,B1.30.Hang Day Stadium,B1,train
raw_data/B1.30.Hang Day Stadium/DSC02240.JPG,DSC02240.JPG,B1.30.Hang Day Stadium,B1,train
raw_data/B1.30.Hang Day Stadium/DSC02242.JPG,DSC02242.JPG,B1.30.Hang Day Stadium,B1,train
raw_data/B1.30.Hang Day Stadium/DSC02243.JPG,DSC02243.JPG,B1.30.Hang Day Stadium,B1,train
raw_data/B1.30.Hang Day Stadium/DSC02244.JPG,DSC02244.JPG,B1.30.Hang Day Stadium,B1,train
raw_data/B1.30.Hang Day Stadium/DSC02245.JPG,DSC02245.JPG,B1.30.Hang Day Stadium,B1,train
raw_data/B1.30.Hang Day Stadium/DSC02246.JPG,DSC02246.JPG,B1.30.Hang Day Stadium,B1,train
raw_data/B1.30.Hang Day Stadium/DSC02247.JPG,DSC02247.JPG,B1.30.Hang Day Stadium,B1,train
raw_data/B1.30.Hang Day Stadium/DSC02248.JPG,DSC02248.JPG,B1.30.Hang Day Stadium,B1,train
raw_data/B1.30.Hang Day Stadium/DSC02249.JPG,DSC02249.JPG,B1.30.Hang Day Stadium,B1,train
raw_data/B1.30.Hang Day Stadium/DSC02251.JPG,DSC02251.JPG,B1.30.Hang Day Stadium,B1,train
raw_data/B1.30.Hang Day Stadium/DSC02252.JPG,DSC02252.JPG,B1.30.Hang Day Stadium,B1,train
raw_data/B1.30.Hang Day Stadium/DSC02253.JPG,DSC02253.JPG,B1.30.Hang Day Stadium,B1,train
raw_data/B1.30.Hang Day Stadium/DSC02254.JPG,DSC02254.JPG,B1.30.Hang Day Stadium,B1,train
raw_data/B1.30.Hang Day Stadium/DSC02255.JPG,DSC02255.JPG,B1.30.Hang Day Stadium,B1,train
raw_data/B1.30.Hang Day Stadium/DSC02256.JPG,DSC02256.JPG,B1.30.Hang Day Stadium,B1,train
raw_data/B1.30.Hang Day Stadium/DSC02257.JPG,DSC02257.JPG,B1.30.Hang Day Stadium,B1,train
raw_data/B1.30.Hang Day Stadium/DSC02258.JPG,DSC02258.JPG,B1.30.Hang Day Stadium,B1,train
raw_data/B1.30.Hang Day Stadium/DSC02259.JPG,DSC02259.JPG,B1.30.Hang Day Stadium,B1,train
raw_data/B1.30.Hang Day Stadium/DSC02262.JPG,DSC02262.JPG,B1.30.Hang Day Stadium,B1,train
raw_data/B1.30.Hang Day Stadium/DSC02263.JPG,DSC02263.JPG,B1.30.Hang Day Stadium,B1,train
raw_data/B1.30.Hang Day Stadium/DSC02264.JPG,DSC02264.JPG,B1.30.Hang Day Stadium,B1,train
raw_data/B1.30.Hang Day Stadium/DSC02266.JPG,DSC02266.JPG,B1.30.Hang Day Stadium,B1,train
raw_data/B1.30.Hang Day Stadium/DSC02267.JPG,DSC02267.JPG,B1.30.Hang Day Stadium,B1,train
raw_data/B1.30.Hang Day Stadium/DSC02268.JPG,DSC02268.JPG,B1.30.Hang Day Stadium,B1,train
raw_data/B1.30.Hang Day Stadium/DSC02269.JPG,DSC02269.JPG,B1.30.Hang Day Stadium,B1,train
raw_data/B1.30.Hang Day Stadium/DSC02270.JPG,DSC02270.JPG,B1.30.Hang Day Stadium,B1,train
raw_data/B1.30.Hang Day Stadium/DSC02273.JPG,DSC02273.JPG,B1.30.Hang Day Stadium,B1,train
raw_data/B1.30.Hang Day Stadium/DSC02274.JPG,DSC02274.JPG,B1.30.Hang Day Stadium,B1,train
raw_data/B1.30.Hang Day Stadium/DSC02275.JPG,DSC02275.JPG,B1.30.Hang Day Stadium,B1,train
raw_data/B1.30.Hang Day Stadium/DSC02276.JPG,DSC02276.JPG,B1.30.Hang Day Stadium,B1,train
raw_data/B1.30.Hang Day Stadium/DSC02277.JPG,DSC02277.JPG,B1.30.Hang Day Stadium,B1,train
raw_data/B1.30.Hang Day Stadium/DSC02278.JPG,DSC02278.JPG,B1.30.Hang Day Stadium,B1,train
raw_data/B1.30.Hang Day Stadium/DSC02279.JPG,DSC02279.JPG,B1.30.Hang Day Stadium,B1,train
raw_data/B1.30.Hang Day Stadium/DSC02280.JPG,DSC02280.JPG,B1.30.Hang Day Stadium,B1,train
raw_data/B1.30.Hang Day Stadium/DSC02281.JPG,DSC02281.JPG,B1.30.Hang Day Stadium,B1,train
raw_data/B1.30.Hang Day Stadium/DSC02282.JPG,DSC02282.JPG,B1.30.Hang Day Stadium,B1,train
raw_data/B1.30.Hang Day Stadium/DSC02283.JPG,DSC02283.JPG,B1.30.Hang Day Stadium,B1,train
raw_data/B1.30.Hang Day Stadium/DSC02284.JPG,DSC02284.JPG,B1.30.Hang Day Stadium,B1,train
raw_data/B1.30.Hang Day Stadium/DSC02285.JPG,DSC02285.JPG,B1.30.Hang Day Stadium,B1,train
raw_data/B1.30.Hang Day Stadium/DSC02286.JPG,DSC02286.JPG,B1.30.Hang Day Stadium,B1,train
raw_data/B1.30.Hang Day Stadium/DSC02287.JPG,DSC02287.JPG,B1.30.Hang Day Stadium,B1,train
raw_data/B1.30.Hang Day Stadium/DSC02288.JPG,DSC02288.JPG,B1.30.Hang Day Stadium,B1,train
raw_data/B1.30.Hang Day Stadium/DSC02289.JPG,DSC02289.JPG,B1.30.Hang Day Stadium,B1,train
raw_data/B1.30.Hang Day Stadium/DSC02290.JPG,DSC02290.JPG,B1.30.Hang Day Stadium,B1,train
raw_data/B1.30.Hang Day Stadium/DSC02291.JPG,DSC02291.JPG,B1.30.Hang Day Stadium,B1,train
raw_data/B1.31.Hanoi Modern hystorical buildings/DSC02584.JPG,DSC02584.JPG,B1.31.Hanoi Modern hystorical buildings,B1,train
raw_data/B1.31.Hanoi Modern hystorical buildings/DSC02585.JPG,DSC02585.JPG,B1.31.Hanoi Modern hystorical buildings,B1,train
raw_data/B1.32.Cheo Theatre/DSC02161.JPG,DSC02161.JPG,B1.32.Cheo Theatre,B1,test
raw_data/B1.32.Cheo Theatre/DSC02162.JPG,DSC02162.JPG,B1.32.Cheo Theatre,B1,test
raw_data/B1.32.Cheo Theatre/DSC02163.JPG,DSC02163.JPG,B1.32.Cheo Theatre,B1,test
raw_data/B1.32.Cheo Theatre/DSC02164.JPG,DSC02164.JPG,B1.32.Cheo Theatre,B1,test
raw_data/B1.32.Cheo Theatre/DSC02165.JPG,DSC02165.JPG,B1.32.Cheo Theatre,B1,test
raw_data/B1.32.Cheo Theatre/DSC02166.JPG,DSC02166.JPG,B1.32.Cheo Theatre,B1,test
raw_data/B1.32.Cheo Theatre/DSC02169.JPG,DSC02169.JPG,B1.32.Cheo Theatre,B1,test
raw_data/B1.32.Cheo Theatre/DSC02170.JPG,DSC02170.JPG,B1.32.Cheo Theatre,B1,test
raw_data/B1.32.Cheo Theatre/DSC02171.JPG,DSC02171.JPG,B1.32.Cheo Theatre,B1,test
raw_data/B1.32.Cheo Theatre/DSC02172.JPG,DSC02172.JPG,B1.32.Cheo Theatre,B1,test
raw_data/B1.32.Cheo Theatre/DSC02173.JPG,DSC02173.JPG,B1.32.Cheo Theatre,B1,test
raw_data/B1.32.Cheo Theatre/DSC02174.JPG,DSC02174.JPG,B1.32.Cheo Theatre,B1,test
raw_data/B1.32.Cheo Theatre/DSC02175.JPG,DSC02175.JPG,B1.32.Cheo Theatre,B1,test
raw_data/B1.32.Cheo Theatre/DSC02176.JPG,DSC02176.JPG,B1.32.Cheo Theatre,B1,test
raw_data/B1.32.Cheo Theatre/DSC02177.JPG,DSC02177.JPG,B1.32.Cheo Theatre,B1,test
raw_data/B1.32.Cheo Theatre/DSC02178.JPG,DSC02178.JPG,B1.32.Cheo Theatre,B1,test
raw_data/B1.32.Cheo Theatre/DSC02179.JPG,DSC02179.JPG,B1.32.Cheo Theatre,B1,test
raw_data/B1.32.Cheo Theatre/DSC02180.JPG,DSC02180.JPG,B1.32.Cheo Theatre,B1,test
raw_data/B1.32.Cheo Theatre/DSC02181.JPG,DSC02181.JPG,B1.32.Cheo Theatre,B1,test
raw_data/B1.32.Cheo Theatre/DSC02182.JPG,DSC02182.JPG,B1.32.Cheo Theatre,B1,test
raw_data/B1.32.Cheo Theatre/DSC02183.JPG,DSC02183.JPG,B1.32.Cheo Theatre,B1,test
raw_data/B1.32.Cheo Theatre/DSC02184.JPG,DSC02184.JPG,B1.32.Cheo Theatre,B1,test
raw_data/B1.32.Cheo Theatre/DSC02207.JPG,DSC02207.JPG,B1.32.Cheo Theatre,B1,test
raw_data/B1.32.Cheo Theatre/DSC02208.JPG,DSC02208.JPG,B1.32.Cheo Theatre,B1,test
raw_data/B1.32.Cheo Theatre/DSC02209.JPG,DSC02209.JPG,B1.32.Cheo Theatre,B1,test
raw_data/B1.32.Cheo Theatre/DSC02210.JPG,DSC02210.JPG,B1.32.Cheo Theatre,B1,test
raw_data/B1.32.Cheo Theatre/DSC02211.JPG,DSC02211.JPG,B1.32.Cheo Theatre,B1,test
raw_data/B1.32.Cheo Theatre/DSC02212.JPG,DSC02212.JPG,B1.32.Cheo Theatre,B1,test
raw_data/B1.32.Cheo Theatre/DSC02213.JPG,DSC02213.JPG,B1.32.Cheo Theatre,B1,test
raw_data/B1.32.Cheo Theatre/DSC02214.JPG,DSC02214.JPG,B1.32.Cheo Theatre,B1,test
raw_data/B1.32.Cheo Theatre/DSC02215.JPG,DSC02215.JPG,B1.32.Cheo Theatre,B1,test
raw_data/B1.32.Cheo Theatre/DSC02217.JPG,DSC02217.JPG,B1.32.Cheo Theatre,B1,test
raw_data/B1.32.Cheo Theatre/DSC02218.JPG,DSC02218.JPG,B1.32.Cheo Theatre,B1,test
raw_data/B2.01/B2.01.Sai-Cen_01.JPG,B2.01.Sai-Cen_01.JPG,B2.01,B2,test
raw_data/B2.01/B2.01.Sai-Cen_02.JPG,B2.01.Sai-Cen_02.JPG,B2.01,B2,test
raw_data/B2.01/B2.01.Sai-Cen_03.JPG,B2.01.Sai-Cen_03.JPG,B2.01,B2,test
raw_data/B2.01/B2.01.Sai-Cen_04.JPG,B2.01.Sai-Cen_04.JPG,B2.01,B2,test
raw_data/B2.01/B2.01.Sai-Cen_05.JPG,B2.01.Sai-Cen_05.JPG,B2.01,B2,test
raw_data/B2.01/B2.01.Sai-Cen_06.JPG,B2.01.Sai-Cen_06.JPG,B2.01,B2,test
raw_data/B2.01/B2.01.Sai-Cen_07.JPG,B2.01.Sai-Cen_07.JPG,B2.01,B2,test
raw_data/B2.01/B2.01.Sai-Cen_08.JPG,B2.01.Sai-Cen_08.JPG,B2.01,B2,test
raw_data/B2.01/B2.01.Sai-Cen_09.JPG,B2.01.Sai-Cen_09.JPG,B2.01,B2,test
raw_data/B2.01/B2.01.Sai-Cen_10.JPG,B2.01.Sai-Cen_10.JPG,B2.01,B2,test
raw_data/B2.01/B2.01.Sai-Cen_11.JPG,B2.01.Sai-Cen_11.JPG,B2.01,B2,test
raw_data/B2.01/B2.01.Sai-Cen_12.JPG,B2.01.Sai-Cen_12.JPG,B2.01,B2,test
raw_data/B2.01/B2.01.Sai-Cen_13.JPG,B2.01.Sai-Cen_13.JPG,B2.01,B2,test
raw_data/B2.01/B2.01.Sai-Cen_14.JPG,B2.01.Sai-Cen_14.JPG,B2.01,B2,test
raw_data/B2.01/B2.01.Sai-Cen_15.JPG,B2.01.Sai-Cen_15.JPG,B2.01,B2,test
raw_data/B2.01/B2.01.Sai-Cen_16.JPG,B2.01.Sai-Cen_16.JPG,B2.01,B2,test
raw_data/B2.01/B2.01.Sai-Cen_17.JPG,B2.01.Sai-Cen_17.JPG,B2.01,B2,test
raw_data/B2.01/B2.01.Sai-Cen_18.JPG,B2.01.Sai-Cen_18.JPG,B2.01,B2,test
raw_data/B2.01/B2.01.Sai-Cen_19.JPG,B2.01.Sai-Cen_19.JPG,B2.01,B2,test
raw_data/B2.01/B2.01.Sai-Cen_20.JPG,B2.01.Sai-Cen_20.JPG,B2.01,B2,test
raw_data/B2.01/B2.01.Sai-Cen_21.JPG,B2.01.Sai-Cen_21.JPG,B2.01,B2,test
raw_data/B2.01/B2.01.Sai-Cen_22.JPG,B2.01.Sai-Cen_22.JPG,B2.01,B2,test
raw_data/B2.01/B2.01.Sai-Cen_23.JPG,B2.01.Sai-Cen_23.JPG,B2.01,B2,test
raw_data/B2.01/B2.01.Sai-Cen_24.JPG,B2.01.Sai-Cen_24.JPG,B2.01,B2,test
raw_data/B2.01/B2.01.Sai-Cen_25.JPG,B2.01.Sai-Cen_25.JPG,B2.01,B2,test
raw_data/B2.01/B2.01.Sai-Cen_26.JPG,B2.01.Sai-Cen_26.JPG,B2.01,B2,test
raw_data/B2.01/B2.01.Sai-Cen_27.JPG,B2.01.Sai-Cen_27.JPG,B2.01,B2,test
raw_data/B2.01/B2.01.Sai-Cen_28.JPG,B2.01.Sai-Cen_28.JPG,B2.01,B2,test
raw_data/B2.01/B2.01.Sai-Cen_29.JPG,B2.01.Sai-Cen_29.JPG,B2.01,B2,test
raw_data/B2.01/B2.01.Sai-Cen_30.JPG,B2.01.Sai-Cen_30.JPG,B2.01,B2,test
raw_data/B2.01/B2.01.Sai-Cen_31.JPG,B2.01.Sai-Cen_31.JPG,B2.01,B2,test
raw_data/B2.01/B2.01.Sai-Cen_32.JPG,B2.01.Sai-Cen_32.JPG,B2.01,B2,test
raw_data/B2.01/B2.01.Sai-Cen_33.JPG,B2.01.Sai-Cen_33.JPG,B2.01,B2,test
raw_data/B2.01/B2.01.Sai-Cen_34.JPG,B2.01.Sai-Cen_34.JPG,B2.01,B2,test
raw_data/B2.01/B2.01.Sai-Cen_35.JPG,B2.01.Sai-Cen_35.JPG,B2.01,B2,test
raw_data/B2.01/B2.01.Sai-Cen_36.JPG,B2.01.Sai-Cen_36.JPG,B2.01,B2,test
raw_data/B2.01/B2.01.Sai-Cen_37.PNG,B2.01.Sai-Cen_37.PNG,B2.01,B2,test
raw_data/B2.01/B2.01.Sai-Cen_38.PNG,B2.01.Sai-Cen_38.PNG,B2.01,B2,test
raw_data/B2.01/B2.01.Sai-Cen_39.JPG,B2.01.Sai-Cen_39.JPG,B2.01,B2,test
raw_data/B2.01/B2.01.Sai-Cen_40.JPG,B2.01.Sai-Cen_40.JPG,B2.01,B2,test
raw_data/B2.01/B2.01.Sai-Cen_41.JPG,B2.01.Sai-Cen_41.JPG,B2.01,B2,test
raw_data/B2.01/B2.01.Sai-Cen_42.JPG,B2.01.Sai-Cen_42.JPG,B2.01,B2,test
raw_data/B2.01/B2.01.Sai-Cen_43.JPG,B2.01.Sai-Cen_43.JPG,B2.01,B2,test
raw_data/B2.01/B2.01.Sai-Cen_44.JPG,B2.01.Sai-Cen_44.JPG,B2.01,B2,test
raw_data/B2.01/B2.01.Sai-Cen_45.JPG,B2.01.Sai-Cen_45.JPG,B2.01,B2,test
raw_data/B2.01/B2.01.Sai-Cen_46.JPG,B2.01.Sai-Cen_46.JPG,B2.01,B2,test
raw_data/B2.01/B2.01.Sai-Cen_47.JPG,B2.01.Sai-Cen_47.JPG,B2.01,B2,test
raw_data/B2.01/B2.01.Sai-Cen_48.JPG,B2.01.Sai-Cen_48.JPG,B2.01,B2,test
raw_data/B2.01/B2.01.Sai-Cen_49.JPG,B2.01.Sai-Cen_49.JPG,B2.01,B2,test
raw_data/B2.01/B2.01.Sai-Cen_50.JPG,B2.01.Sai-Cen_50.JPG,B2.01,B2,test
raw_data/B2.01/B2.01.Sai-Cen_51.JPG,B2.01.Sai-Cen_51.JPG,B2.01,B2,test
raw_data/B2.01/B2.01.Sai-Cen_52.JPG,B2.01.Sai-Cen_52.JPG,B2.01,B2,test
raw_data/B2.01/B2.01.Sai-Cen_53.JPG,B2.01.Sai-Cen_53.JPG,B2.01,B2,test
raw_data/B2.01/B2.01.Sai-Cen_54.JPG,B2.01.Sai-Cen_54.JPG,B2.01,B2,test
raw_data/B2.01/B2.01.Sai-Cen_55.JPG,B2.01.Sai-Cen_55.JPG,B2.01,B2,test
raw_data/B2.01/B2.01.Sai-Cen_56.JPG,B2.01.Sai-Cen_56.JPG,B2.01,B2,test
raw_data/B2.01/B2.01.Sai-Cen_57.JPG,B2.01.Sai-Cen_57.JPG,B2.01,B2,test
raw_data/B2.01/B2.01.Sai-Cen_58.JPG,B2.01.Sai-Cen_58.JPG,B2.01,B2,test
raw_data/B2.01/B2.01.Sai-Cen_59.JPG,B2.01.Sai-Cen_59.JPG,B2.01,B2,test
raw_data/B2.01/B2.01.Sai-Cen_60.JPG,B2.01.Sai-Cen_60.JPG,B2.01,B2,test
raw_data/B2.01/B2.01.Sai-Cen_61.JPG,B2.01.Sai-Cen_61.JPG,B2.01,B2,test
raw_data/B2.01/B2.01.Sai-Cen_62.JPG,B2.01.Sai-Cen_62.JPG,B2.01,B2,test
raw_data/B2.01/B2.01.Sai-Cen_63.JPG,B2.01.Sai-Cen_63.JPG,B2.01,B2,test
raw_data/B2.01/B2.01.Sai-Cen_64.JPG,B2.01.Sai-Cen_64.JPG,B2.01,B2,test
raw_data/B2.01/B2.01.Sai-Cen_65.JPG,B2.01.Sai-Cen_65.JPG,B2.01,B2,test
raw_data/B2.01/B2.01.Sai-Cen_66.JPG,B2.01.Sai-Cen_66.JPG,B2.01,B2,test
raw_data/B2.01/B2.01.Sai-Cen_67.JPG,B2.01.Sai-Cen_67.JPG,B2.01,B2,test
raw_data/B2.01/B2.01.Sai-Cen_68.JPG,B2.01.Sai-Cen_68.JPG,B2.01,B2,test
raw_data/B2.01/B2.01.Sai-Cen_69.JPG,B2.01.Sai-Cen_69.JPG,B2.01,B2,test
raw_data/B2.01/B2.01.Sai-Cen_70.JPG,B2.01.Sai-Cen_70.JPG,B2.01,B2,test
raw_data/B2.01/B2.01.Sai-Cen_71.JPG,B2.01.Sai-Cen_71.JPG,B2.01,B2,test
raw_data/B2.01/B2.01.Sai-Cen_72.JPG,B2.01.Sai-Cen_72.JPG,B2.01,B2,test
raw_data/B2.01/B2.01.Sai-Cen_73.JPG,B2.01.Sai-Cen_73.JPG,B2.01,B2,test
raw_data/B2.01/B2.01.Sai-Cen_74.JPG,B2.01.Sai-Cen_74.JPG,B2.01,B2,test
raw_data/B2.01/B2.01.Sai-Cen_75.JPG,B2.01.Sai-Cen_75.JPG,B2.01,B2,test
raw_data/B2.01/B2.01.Sai-Cen_76.JPG,B2.01.Sai-Cen_76.JPG,B2.01,B2,test
raw_data/B2.01/B2.01.Sai-Cen_77.JPG,B2.01.Sai-Cen_77.JPG,B2.01,B2,test
raw_data/B2.01/B2.01.Sai-Cen_78.JPG,B2.01.Sai-Cen_78.JPG,B2.01,B2,test
raw_data/B2.01/B2.01.Sai-Cen_79.JPG,B2.01.Sai-Cen_79.JPG,B2.01,B2,test
raw_data/B2.01/B2.01.Sai-Cen_80.JPG,B2.01.Sai-Cen_80.JPG,B2.01,B2,test
raw_data/B2.01/B2.01.Sai-Cen_81.JPG,B2.01.Sai-Cen_81.JPG,B2.01,B2,test
raw_data/B2.01/B2.01.Sai-Cen_82.JPG,B2.01.Sai-Cen_82.JPG,B2.01,B2,test
raw_data/B2.01/B2.01.Sai-Cen_83.JPG,B2.01.Sai-Cen_83.JPG,B2.01,B2,test
raw_data/B2.01/B2.01.Sai-Cen_84.JPG,B2.01.Sai-Cen_84.JPG,B2.01,B2,test
raw_data/B2.01/B2.01.Sai-Cen_85.JPG,B2.01.Sai-Cen_85.JPG,B2.01,B2,test
raw_data/B2.01/B2.01.Sai-Cen_86.JPG,B2.01.Sai-Cen_86.JPG,B2.01,B2,test
raw_data/B2.01/B2.01.Sai-Cen_87.JPG,B2.01.Sai-Cen_87.JPG,B2.01,B2,test
raw_data/B2.01/B2.01.Sai-Cen_88.JPG,B2.01.Sai-Cen_88.JPG,B2.01,B2,test
raw_data/B2.01/B2.01.Sai-Cen_89.JPG,B2.01.Sai-Cen_89.JPG,B2.01,B2,test
raw_data/B2.01/B2.01.Sai-Cen_90.JPG,B2.01.Sai-Cen_90.JPG,B2.01,B2,test
raw_data/B2.01/B2.01.Sai-Cen_91.JPG,B2.01.Sai-Cen_91.JPG,B2.01,B2,test
raw_data/B2.01/B2.01.Sai-Cen_92.JPG,B2.01.Sai-Cen_92.JPG,B2.01,B2,test
raw_data/B2.01/B2.01.Sai-Cen_93.JPG,B2.01.Sai-Cen_93.JPG,B2.01,B2,test
raw_data/B2.01/B2.01.Sai-Cen_94.JPG,B2.01.Sai-Cen_94.JPG,B2.01,B2,test
raw_data/B2.01/B2.01.Sai-Cen_95.JPG,B2.01.Sai-Cen_95.JPG,B2.01,B2,test
raw_data/B2.01/B2.01.Sai-Cen_96.JPG,B2.01.Sai-Cen_96.JPG,B2.01,B2,test
raw_data/B2.01/B2.01.Sai-Cen_97.JPG,B2.01.Sai-Cen_97.JPG,B2.01,B2,test
raw_data/B2.01/B2.01.Sai-Cen_98.JPG,B2.01.Sai-Cen_98.JPG,B2.01,B2,test
raw_data/B2.02/B2.02.Ven-BTS_01.JPG,B2.02.Ven-BTS_01.JPG,B2.02,B2,train
raw_data/B2.02/B2.02.Ven-BTS_02.JPG,B2.02.Ven-BTS_02.JPG,B2.02,B2,train
raw_data/B2.02/B2.02.Ven-BTS_03.JPG,B2.02.Ven-BTS_03.JPG,B2.02,B2,train
raw_data/B2.02/B2.02.Ven-BTS_04.JPG,B2.02.Ven-BTS_04.JPG,B2.02,B2,train
raw_data/B2.02/B2.02.Ven-BTS_05.JPG,B2.02.Ven-BTS_05.JPG,B2.02,B2,train
raw_data/B2.02/B2.02.Ven-BTS_06.JPG,B2.02.Ven-BTS_06.JPG,B2.02,B2,train
raw_data/B2.02/B2.02.Ven-BTS_07.JPG,B2.02.Ven-BTS_07.JPG,B2.02,B2,train
raw_data/B2.02/B2.02.Ven-BTS_08.JPG,B2.02.Ven-BTS_08.JPG,B2.02,B2,train
raw_data/B2.02/B2.02.Ven-BTS_09.JPG,B2.02.Ven-BTS_09.JPG,B2.02,B2,train
raw_data/B2.02/B2.02.Ven-BTS_10.JPG,B2.02.Ven-BTS_10.JPG,B2.02,B2,train
raw_data/B2.02/B2.02.Ven-BTS_11.JPG,B2.02.Ven-BTS_11.JPG,B2.02,B2,train
raw_data/B2.02/B2.02.Ven-BTS_12.JPG,B2.02.Ven-BTS_12.JPG,B2.02,B2,train
raw_data/B2.03 (need_review)/DSC01893.JPG,DSC01893.JPG,B2.03 (need_review),B2,test
raw_data/B2.03 (need_review)/DSC01894.JPG,DSC01894.JPG,B2.03 (need_review),B2,test
raw_data/B2.03 (need_review)/DSC01899.JPG,DSC01899.JPG,B2.03 (need_review),B2,test
raw_data/B2.03 (need_review)/DSC01900.JPG,DSC01900.JPG,B2.03 (need_review),B2,test
raw_data/B2.03 (need_review)/DSC01901.JPG,DSC01901.JPG,B2.03 (need_review),B2,test
raw_data/B2.03 (need_review)/DSC01905.JPG,DSC01905.JPG,B2.03 (need_review),B2,test
raw_data/B2.03 (need_review)/DSC01906.JPG,DSC01906.JPG,B2.03 (need_review),B2,test
raw_data/B2.03 (need_review)/DSC01908.JPG,DSC01908.JPG,B2.03 (need_review),B2,test
raw_data/B2.03 (need_review)/DSC01909.JPG,DSC01909.JPG,B2.03 (need_review),B2,test
raw_data/B2.03 (need_review)/DSC01910.JPG,DSC01910.JPG,B2.03 (need_review),B2,test
raw_data/B2.03 (need_review)/DSC02460.JPG,DSC02460.JPG,B2.03 (need_review),B2,test
raw_data/B2.03 (need_review)/DSC07432.JPG,DSC07432.JPG,B2.03 (need_review),B2,test
raw_data/B2.03 (need_review)/DSC07433.JPG,DSC07433.JPG,B2.03 (need_review),B2,test
raw_data/B2.03 (need_review)/DSC07434.JPG,DSC07434.JPG,B2.03 (need_review),B2,test
raw_data/B2.03 (need_review)/DSC07435.JPG,DSC07435.JPG,B2.03 (need_review),B2,test
raw_data/B2.03 (need_review)/DSC07436.JPG,DSC07436.JPG,B2.03 (need_review),B2,test
raw_data/B2.03 (need_review)/DSC07437.JPG,DSC07437.JPG,B2.03 (need_review),B2,test
raw_data/B2.03 (need_review)/DSC07438.JPG,DSC07438.JPG,B2.03 (need_review),B2,test
raw_data/B2.03 (need_review)/DSC07439.JPG,DSC07439.JPG,B2.03 (need_review),B2,test
raw_data/B2.03 (need_review)/DSC07440.JPG,DSC07440.JPG,B2.03 (need_review),B2,test
raw_data/B2.03 (need_review)/DSC07441.JPG,DSC07441.JPG,B2.03 (need_review),B2,test
raw_data/B2.03 (need_review)/DSC07442.JPG,DSC07442.JPG,B2.03 (need_review),B2,test
raw_data/B2.03 (need_review)/DSC07443.JPG,DSC07443.JPG,B2.03 (need_review),B2,test
raw_data/B2.03 (need_review)/DSC07444.JPG,DSC07444.JPG,B2.03 (need_review),B2,test
raw_data/B2.03 (need_review)/DSC07445.JPG,DSC07445.JPG,B2.03 (need_review),B2,test
raw_data/B2.03 (need_review)/DSC07446.JPG,DSC07446.JPG,B2.03 (need_review),B2,test
raw_data/B2.03 (need_review)/DSC07449.JPG,DSC07449.JPG,B2.03 (need_review),B2,test
raw_data/B2.03 (need_review)/DSC07450.JPG,DSC07450.JPG,B2.03 (need_review),B2,test
raw_data/B2.03 (need_review)/DSC07451.JPG,DSC07451.JPG,B2.03 (need_review),B2,test
raw_data/B2.03 (need_review)/DSC07452.JPG,DSC07452.JPG,B2.03 (need_review),B2,test
raw_data/B2.03 (need_review)/DSC07453.JPG,DSC07453.JPG,B2.03 (need_review),B2,test
raw_data/B2.03 (need_review)/DSC07454.JPG,DSC07454.JPG,B2.03 (need_review),B2,test
raw_data/B2.03 (need_review)/DSC07455.JPG,DSC07455.JPG,B2.03 (need_review),B2,test
raw_data/B2.03 (need_review)/DSC07456.JPG,DSC07456.JPG,B2.03 (need_review),B2,test
raw_data/B2.03 (need_review)/DSC07457.JPG,DSC07457.JPG,B2.03 (need_review),B2,test
raw_data/B2.03 (need_review)/DSC07458.JPG,DSC07458.JPG,B2.03 (need_review),B2,test
raw_data/B2.03 (need_review)/DSC07459.JPG,DSC07459.JPG,B2.03 (need_review),B2,test
raw_data/B2.03 (need_review)/DSC07460.JPG,DSC07460.JPG,B2.03 (need_review),B2,test
raw_data/B2.03 (need_review)/DSC07461.JPG,DSC07461.JPG,B2.03 (need_review),B2,test
raw_data/B2.03 (need_review)/DSC07463.JPG,DSC07463.JPG,B2.03 (need_review),B2,test
raw_data/B2.03 (need_review)/DSC07464.JPG,DSC07464.JPG,B2.03 (need_review),B2,test
raw_data/B2.03 (need_review)/DSC07466.JPG,DSC07466.JPG,B2.03 (need_review),B2,test
raw_data/B2.03 (need_review)/DSC07467.JPG,DSC07467.JPG,B2.03 (need_review),B2,test
raw_data/B2.03 (need_review)/DSC07468.JPG,DSC07468.JPG,B2.03 (need_review),B2,test
raw_data/B2.03 (need_review)/DSC07469.JPG,DSC07469.JPG,B2.03 (need_review),B2,test
raw_data/B2.03 (need_review)/DSC07470.JPG,DSC07470.JPG,B2.03 (need_review),B2,test
raw_data/B2.03 (need_review)/DSC07471.JPG,DSC07471.JPG,B2.03 (need_review),B2,test
raw_data/B2.03 (need_review)/DSC07472.JPG,DSC07472.JPG,B2.03 (need_review),B2,test
raw_data/B2.03 (need_review)/DSC07473.JPG,DSC07473.JPG,B2.03 (need_review),B2,test
raw_data/B2.03 (need_review)/DSC07474.JPG,DSC07474.JPG,B2.03 (need_review),B2,test
raw_data/B2.03 (need_review)/DSC07475.JPG,DSC07475.JPG,B2.03 (need_review),B2,test
raw_data/B2.03 (need_review)/DSC07476.JPG,DSC07476.JPG,B2.03 (need_review),B2,test
raw_data/B2.03 (need_review)/DSC07477.JPG,DSC07477.JPG,B2.03 (need_review),B2,test
raw_data/B2.03 (need_review)/DSC07478.JPG,DSC07478.JPG,B2.03 (need_review),B2,test
raw_data/B2.03 (need_review)/DSC07479.JPG,DSC07479.JPG,B2.03 (need_review),B2,test
raw_data/B2.03 (need_review)/DSC07480.JPG,DSC07480.JPG,B2.03 (need_review),B2,test
raw_data/B2.03 (need_review)/DSC07481.JPG,DSC07481.JPG,B2.03 (need_review),B2,test
raw_data/B2.03 (need_review)/DSC07482.JPG,DSC07482.JPG,B2.03 (need_review),B2,test
raw_data/B2.03 (need_review)/DSC07483.JPG,DSC07483.JPG,B2.03 (need_review),B2,test
raw_data/B2.03 (need_review)/DSC07484.JPG,DSC07484.JPG,B2.03 (need_review),B2,test
raw_data/B2.03 (need_review)/DSC07485.JPG,DSC07485.JPG,B2.03 (need_review),B2,test
raw_data/B2.03 (need_review)/DSC07486.JPG,DSC07486.JPG,B2.03 (need_review),B2,test
raw_data/B2.03 (need_review)/DSC07487.JPG,DSC07487.JPG,B2.03 (need_review),B2,test
raw_data/B2.03 (need_review)/DSC07488.JPG,DSC07488.JPG,B2.03 (need_review),B2,test
raw_data/B2.03 (need_review)/DSC07489.JPG,DSC07489.JPG,B2.03 (need_review),B2,test
raw_data/B2.03 (need_review)/DSC07490.JPG,DSC07490.JPG,B2.03 (need_review),B2,test
raw_data/B2.03 (need_review)/DSC07491.JPG,DSC07491.JPG,B2.03 (need_review),B2,test
raw_data/B2.03 (need_review)/DSC07492.JPG,DSC07492.JPG,B2.03 (need_review),B2,test
raw_data/B2.03 (need_review)/DSC07494.JPG,DSC07494.JPG,B2.03 (need_review),B2,test
raw_data/B2.03 (need_review)/DSC07495.JPG,DSC07495.JPG,B2.03 (need_review),B2,test
raw_data/B2.03 (need_review)/DSC07496.JPG,DSC07496.JPG,B2.03 (need_review),B2,test
raw_data/B2.03 (need_review)/DSC07497.JPG,DSC07497.JPG,B2.03 (need_review),B2,test
raw_data/B2.03 (need_review)/DSC07498.JPG,DSC07498.JPG,B2.03 (need_review),B2,test
raw_data/B2.03 (need_review)/DSC07499.JPG,DSC07499.JPG,B2.03 (need_review),B2,test
raw_data/B2.03 (need_review)/DSC07500.JPG,DSC07500.JPG,B2.03 (need_review),B2,test
raw_data/B2.03 (need_review)/DSC07502.JPG,DSC07502.JPG,B2.03 (need_review),B2,test
raw_data/B2.03 (need_review)/DSC07503.JPG,DSC07503.JPG,B2.03 (need_review),B2,test
raw_data/B2.03 (need_review)/DSC07504.JPG,DSC07504.JPG,B2.03 (need_review),B2,test
raw_data/B2.03 (need_review)/DSC07505.JPG,DSC07505.JPG,B2.03 (need_review),B2,test
raw_data/B2.03 (need_review)/DSC07506.JPG,DSC07506.JPG,B2.03 (need_review),B2,test
raw_data/B2.03 (need_review)/DSC07508.JPG,DSC07508.JPG,B2.03 (need_review),B2,test
raw_data/B2.03 (need_review)/DSC07509.JPG,DSC07509.JPG,B2.03 (need_review),B2,test
raw_data/B2.03 (need_review)/DSC07510.JPG,DSC07510.JPG,B2.03 (need_review),B2,test
raw_data/B2.03 (need_review)/DSC07511.JPG,DSC07511.JPG,B2.03 (need_review),B2,test
raw_data/B2.03 (need_review)/DSC07512.JPG,DSC07512.JPG,B2.03 (need_review),B2,test
raw_data/B2.03 (need_review)/DSC07513.JPG,DSC07513.JPG,B2.03 (need_review),B2,test
raw_data/B2.03 (need_review)/DSC07514.JPG,DSC07514.JPG,B2.03 (need_review),B2,test
raw_data/B2.03 (need_review)/DSC07515.JPG,DSC07515.JPG,B2.03 (need_review),B2,test
raw_data/B2.03 (need_review)/DSC07517.JPG,DSC07517.JPG,B2.03 (need_review),B2,test
raw_data/B2.03 (need_review)/DSC07518.JPG,DSC07518.JPG,B2.03 (need_review),B2,test
raw_data/B2.03 (need_review)/DSC07519.JPG,DSC07519.JPG,B2.03 (need_review),B2,test
raw_data/B2.03 (need_review)/DSC07520.JPG,DSC07520.JPG,B2.03 (need_review),B2,test
raw_data/B2.03 (need_review)/DSC07521.JPG,DSC07521.JPG,B2.03 (need_review),B2,test
raw_data/B2.03 (need_review)/DSC07522.JPG,DSC07522.JPG,B2.03 (need_review),B2,test
raw_data/B2.03 (need_review)/DSC07523.JPG,DSC07523.JPG,B2.03 (need_review),B2,test
raw_data/B2.03 (need_review)/DSC07524.JPG,DSC07524.JPG,B2.03 (need_review),B2,test
raw_data/B2.03 (need_review)/DSC07525.JPG,DSC07525.JPG,B2.03 (need_review),B2,test
raw_data/B2.03 (need_review)/DSC07526.JPG,DSC07526.JPG,B2.03 (need_review),B2,test
raw_data/B2.03 (need_review)/DSC07527.JPG,DSC07527.JPG,B2.03 (need_review),B2,test
raw_data/B2.03 (need_review)/DSC07529.JPG,DSC07529.JPG,B2.03 (need_review),B2,test
raw_data/B2.03 (need_review)/DSC07530.JPG,DSC07530.JPG,B2.03 (need_review),B2,test
raw_data/B2.03 (need_review)/DSC07531.JPG,DSC07531.JPG,B2.03 (need_review),B2,test
raw_data/B2.03 (need_review)/DSC07533.JPG,DSC07533.JPG,B2.03 (need_review),B2,test
raw_data/B2.03 (need_review)/DSC07534.JPG,DSC07534.JPG,B2.03 (need_review),B2,test
raw_data/B2.03 (need_review)/DSC07535.JPG,DSC07535.JPG,B2.03 (need_review),B2,test
raw_data/B2.03 (need_review)/DSC07536.JPG,DSC07536.JPG,B2.03 (need_review),B2,test
raw_data/B2.03 (need_review)/DSC07537.JPG,DSC07537.JPG,B2.03 (need_review),B2,test
raw_data/B2.03 (need_review)/DSC07538.JPG,DSC07538.JPG,B2.03 (need_review),B2,test
raw_data/B2.03 (need_review)/DSC07539.JPG,DSC07539.JPG,B2.03 (need_review),B2,test
raw_data/B2.03 (need_review)/DSC07540.JPG,DSC07540.JPG,B2.03 (need_review),B2,test
raw_data/B2.03 (need_review)/DSC07541.JPG,DSC07541.JPG,B2.03 (need_review),B2,test
raw_data/B2.03 (need_review)/DSC07542.JPG,DSC07542.JPG,B2.03 (need_review),B2,test
raw_data/B2.03 (need_review)/DSC07544.JPG,DSC07544.JPG,B2.03 (need_review),B2,test
raw_data/B2.03 (need_review)/DSC07545.JPG,DSC07545.JPG,B2.03 (need_review),B2,test
raw_data/B2.03 (need_review)/DSC07548.JPG,DSC07548.JPG,B2.03 (need_review),B2,test
raw_data/B2.03 (need_review)/DSC07549.JPG,DSC07549.JPG,B2.03 (need_review),B2,test
raw_data/B2.03 (need_review)/DSC07550.JPG,DSC07550.JPG,B2.03 (need_review),B2,test
raw_data/B2.03 (need_review)/DSC07551.JPG,DSC07551.JPG,B2.03 (need_review),B2,test
raw_data/B2.03 (need_review)/DSC07552.JPG,DSC07552.JPG,B2.03 (need_review),B2,test
raw_data/B2.03 (need_review)/DSC07553.JPG,DSC07553.JPG,B2.03 (need_review),B2,test
raw_data/B2.03 (need_review)/DSC07554.JPG,DSC07554.JPG,B2.03 (need_review),B2,test
raw_data/B2.03 (need_review)/DSC07555.JPG,DSC07555.JPG,B2.03 (need_review),B2,test
raw_data/B2.03 (need_review)/DSC07556.JPG,DSC07556.JPG,B2.03 (need_review),B2,test
raw_data/B2.03 (need_review)/DSC07557.JPG,DSC07557.JPG,B2.03 (need_review),B2,test
raw_data/B2.03 (need_review)/DSC07558.JPG,DSC07558.JPG,B2.03 (need_review),B2,test
raw_data/B2.03 (need_review)/DSC07559.JPG,DSC07559.JPG,B2.03 (need_review),B2,test
raw_data/B2.03 (need_review)/DSC07560.JPG,DSC07560.JPG,B2.03 (need_review),B2,test
raw_data/B2.03 (need_review)/DSC07561.JPG,DSC07561.JPG,B2.03 (need_review),B2,test
raw_data/B2.03 (need_review)/DSC07562.JPG,DSC07562.JPG,B2.03 (need_review),B2,test
raw_data/B2.03 (need_review)/DSC07563.JPG,DSC07563.JPG,B2.03 (need_review),B2,test
raw_data/B2.03 (need_review)/DSC07564.JPG,DSC07564.JPG,B2.03 (need_review),B2,test
raw_data/B2.03 (need_review)/DSC07565.JPG,DSC07565.JPG,B2.03 (need_review),B2,test
raw_data/B2.03 (need_review)/DSC07566.JPG,DSC07566.JPG,B2.03 (need_review),B2,test
raw_data/B2.03 (need_review)/DSC07567.JPG,DSC07567.JPG,B2.03 (need_review),B2,test
raw_data/B2.03 (need_review)/DSC07568.JPG,DSC07568.JPG,B2.03 (need_review),B2,test
raw_data/B2.03 (need_review)/DSC07569.JPG,DSC07569.JPG,B2.03 (need_review),B2,test
raw_data/B2.03 (need_review)/DSC07570.JPG,DSC07570.JPG,B2.03 (need_review),B2,test
raw_data/B2.03 (need_review)/DSC07571.JPG,DSC07571.JPG,B2.03 (need_review),B2,test
raw_data/B2.03 (need_review)/DSC07572.JPG,DSC07572.JPG,B2.03 (need_review),B2,test
raw_data/B2.03 (need_review)/DSC07573.JPG,DSC07573.JPG,B2.03 (need_review),B2,test
raw_data/B2.03 (need_review)/DSC07574.JPG,DSC07574.JPG,B2.03 (need_review),B2,test
raw_data/B2.03 (need_review)/DSC07575.JPG,DSC07575.JPG,B2.03 (need_review),B2,test
raw_data/B2.03 (need_review)/DSC07576.JPG,DSC07576.JPG,B2.03 (need_review),B2,test
raw_data/B2.03 (need_review)/DSC07577.JPG,DSC07577.JPG,B2.03 (need_review),B2,test
raw_data/B2.04/B2.04.PSA-Bui_01.JPG,B2.04.PSA-Bui_01.JPG,B2.04,B2,train
raw_data/B2.04/B2.04.PSA-Bui_02.JPG,B2.04.PSA-Bui_02.JPG,B2.04,B2,train
raw_data/B2.04/B2.04.PSA-Bui_03.JPG,B2.04.PSA-Bui_03.JPG,B2.04,B2,train
raw_data/B2.04/B2.04.PSA-Bui_04.JPG,B2.04.PSA-Bui_04.JPG,B2.04,B2,train
raw_data/B2.04/B2.04.PSA-Bui_05.JPG,B2.04.PSA-Bui_05.JPG,B2.04,B2,train
raw_data/B2.04/B2.04.PSA-Bui_06.JPG,B2.04.PSA-Bui_06.JPG,B2.04,B2,train
raw_data/B2.04/B2.04.PSA-Bui_07.JPG,B2.04.PSA-Bui_07.JPG,B2.04,B2,train
raw_data/B2.04/B2.04.PSA-Bui_08.JPG,B2.04.PSA-Bui_08.JPG,B2.04,B2,train
raw_data/B2.04/B2.04.PSA-Bui_09.JPG,B2.04.PSA-Bui_09.JPG,B2.04,B2,train
raw_data/B2.04/B2.04.PSA-Bui_10.JPG,B2.04.PSA-Bui_10.JPG,B2.04,B2,train
raw_data/B2.04/B2.04.PSA-Bui_11.JPG,B2.04.PSA-Bui_11.JPG,B2.04,B2,train
raw_data/B2.04/B2.04.PSA-Bui_12.JPG,B2.04.PSA-Bui_12.JPG,B2.04,B2,train
raw_data/B2.04/B2.04.PSA-Bui_13.JPG,B2.04.PSA-Bui_13.JPG,B2.04,B2,train
raw_data/B2.04/B2.04.PSA-Bui_14.JPG,B2.04.PSA-Bui_14.JPG,B2.04,B2,train
raw_data/B2.04/B2.04.PSA-Bui_15.JPG,B2.04.PSA-Bui_15.JPG,B2.04,B2,train
raw_data/B2.04/B2.04.PSA-Bui_16.JPG,B2.04.PSA-Bui_16.JPG,B2.04,B2,train
raw_data/B2.04/B2.04.PSA-Bui_17.JPG,B2.04.PSA-Bui_17.JPG,B2.04,B2,train
raw_data/B2.04/B2.04.PSA-Bui_18.JPG,B2.04.PSA-Bui_18.JPG,B2.04,B2,train
raw_data/B2.04/B2.04.PSA-Bui_19.JPG,B2.04.PSA-Bui_19.JPG,B2.04,B2,train
raw_data/B2.04/B2.04.PSA-Bui_20.JPG,B2.04.PSA-Bui_20.JPG,B2.04,B2,train
raw_data/B2.04/B2.04.PSA-Bui_21.JPG,B2.04.PSA-Bui_21.JPG,B2.04,B2,train
raw_data/B2.04/B2.04.PSA-Bui_22.JPG,B2.04.PSA-Bui_22.JPG,B2.04,B2,train
raw_data/B2.04/B2.04.PSA-Bui_23.JPG,B2.04.PSA-Bui_23.JPG,B2.04,B2,train
raw_data/B2.04/B2.04.PSA-Bui_24.JPG,B2.04.PSA-Bui_24.JPG,B2.04,B2,train
raw_data/B2.04/B2.04.PSA-Bui_25.JPG,B2.04.PSA-Bui_25.JPG,B2.04,B2,train
raw_data/B2.04/B2.04.PSA-Bui_26.JPG,B2.04.PSA-Bui_26.JPG,B2.04,B2,train
raw_data/B2.05/B2.05.SA-Offi_01.JPG,B2.05.SA-Offi_01.JPG,B2.05,B2,train
raw_data/B2.05/B2.05.SA-Offi_02.JPG,B2.05.SA-Offi_02.JPG,B2.05,B2,train
raw_data/B2.05/B2.05.SA-Offi_03.JPG,B2.05.SA-Offi_03.JPG,B2.05,B2,train
raw_data/B2.05/B2.05.SA-Offi_04.JPG,B2.05.SA-Offi_04.JPG,B2.05,B2,train
raw_data/B2.05/B2.05.SA-Offi_05.JPG,B2.05.SA-Offi_05.JPG,B2.05,B2,train
raw_data/B2.05/B2.05.SA-Offi_06.JPG,B2.05.SA-Offi_06.JPG,B2.05,B2,train
raw_data/B2.05/B2.05.SA-Offi_07.JPG,B2.05.SA-Offi_07.JPG,B2.05,B2,train
raw_data/B2.05/B2.05.SA-Offi_08.JPG,B2.05.SA-Offi_08.JPG,B2.05,B2,train
raw_data/B2.05/B2.05.SA-Offi_09.JPG,B2.05.SA-Offi_09.JPG,B2.05,B2,train
raw_data/B2.05/B2.05.SA-Offi_10.JPG,B2.05.SA-Offi_10.JPG,B2.05,B2,train
raw_data/B2.05/B2.05.SA-Offi_11.JPG,B2.05.SA-Offi_11.JPG,B2.05,B2,train
raw_data/B2.05/B2.05.SA-Offi_12.JPG,B2.05.SA-Offi_12.JPG,B2.05,B2,train
raw_data/B2.05/B2.05.SA-Offi_13.JPG,B2.05.SA-Offi_13.JPG,B2.05,B2,train
raw_data/B2.05/B2.05.SA-Offi_14.JPG,B2.05.SA-Offi_14.JPG,B2.05,B2,train
raw_data/B2.05/B2.05.SA-Offi_15.JPG,B2.05.SA-Offi_15.JPG,B2.05,B2,train
raw_data/B2.05/B2.05.SA-Offi_16.JPG,B2.05.SA-Offi_16.JPG,B2.05,B2,train
raw_data/B2.05/B2.05.SA-Offi_17.JPG,B2.05.SA-Offi_17.JPG,B2.05,B2,train
raw_data/B2.05/B2.05.SA-Offi_18.JPG,B2.05.SA-Offi_18.JPG,B2.05,B2,train
raw_data/B2.05/B2.05.SA-Offi_19.JPG,B2.05.SA-Offi_19.JPG,B2.05,B2,train
raw_data/B2.05/B2.05.SA-Offi_20.JPG,B2.05.SA-Offi_20.JPG,B2.05,B2,train
raw_data/B2.05/B2.05.SA-Offi_21.JPG,B2.05.SA-Offi_21.JPG,B2.05,B2,train
raw_data/B2.05/B2.05.SA-Offi_22.JPG,B2.05.SA-Offi_22.JPG,B2.05,B2,train
raw_data/B2.05/B2.05.SA-Offi_23.JPG,B2.05.SA-Offi_23.JPG,B2.05,B2,train
raw_data/B2.05/B2.05.SA-Offi_24.JPG,B2.05.SA-Offi_24.JPG,B2.05,B2,train
raw_data/B2.05/B2.05.SA-Offi_25.JPG,B2.05.SA-Offi_25.JPG,B2.05,B2,train
raw_data/B2.05/B2.05.SA-Offi_26.JPG,B2.05.SA-Offi_26.JPG,B2.05,B2,train
raw_data/B2.05/B2.05.SA-Offi_27.JPG,B2.05.SA-Offi_27.JPG,B2.05,B2,train
raw_data/B2.05/B2.05.SA-Offi_28.JPG,B2.05.SA-Offi_28.JPG,B2.05,B2,train
raw_data/B2.05/B2.05.SA-Offi_29.JPG,B2.05.SA-Offi_29.JPG,B2.05,B2,train
raw_data/B2.05/B2.05.SA-Offi_30.JPG,B2.05.SA-Offi_30.JPG,B2.05,B2,train
raw_data/B2.05/B2.05.SA-Offi_31.JPG,B2.05.SA-Offi_31.JPG,B2.05,B2,train
raw_data/B2.05/B2.05.SA-Offi_32.JPG,B2.05.SA-Offi_32.JPG,B2.05,B2,train
raw_data/B2.05/B2.05.SA-Offi_33.JPG,B2.05.SA-Offi_33.JPG,B2.05,B2,train
raw_data/B2.05/B2.05.SA-Offi_34.JPG,B2.05.SA-Offi_34.JPG,B2.05,B2,train
raw_data/B2.05/B2.05.SA-Offi_35.JPG,B2.05.SA-Offi_35.JPG,B2.05,B2,train
raw_data/B2.05/B2.05.SA-Offi_36.JPG,B2.05.SA-Offi_36.JPG,B2.05,B2,train
raw_data/B2.05/B2.05.SA-Offi_37.JPG,B2.05.SA-Offi_37.JPG,B2.05,B2,train
raw_data/B2.05/B2.05.SA-Offi_38.JPG,B2.05.SA-Offi_38.JPG,B2.05,B2,train
raw_data/B2.05/B2.05.SA-Offi_39.JPG,B2.05.SA-Offi_39.JPG,B2.05,B2,train
raw_data/B2.05/B2.05.SA-Offi_40.JPG,B2.05.SA-Offi_40.JPG,B2.05,B2,train
raw_data/B2.05/B2.05.SA-Offi_41.JPG,B2.05.SA-Offi_41.JPG,B2.05,B2,train
raw_data/B2.06 (need_review)/DSC03143.JPG,DSC03143.JPG,B2.06 (need_review),B2,train
raw_data/B2.06 (need_review)/DSC03144.JPG,DSC03144.JPG,B2.06 (need_review),B2,train
raw_data/B2.06 (need_review)/DSC03145.JPG,DSC03145.JPG,B2.06 (need_review),B2,train
raw_data/B2.06 (need_review)/DSC03146.JPG,DSC03146.JPG,B2.06 (need_review),B2,train
raw_data/B2.06 (need_review)/DSC03147.JPG,DSC03147.JPG,B2.06 (need_review),B2,train
raw_data/B2.06 (need_review)/DSC03148.JPG,DSC03148.JPG,B2.06 (need_review),B2,train
raw_data/B2.06 (need_review)/DSC03149.JPG,DSC03149.JPG,B2.06 (need_review),B2,train
raw_data/B2.06 (need_review)/DSC03150.JPG,DSC03150.JPG,B2.06 (need_review),B2,train
raw_data/B2.06 (need_review)/DSC03151.JPG,DSC03151.JPG,B2.06 (need_review),B2,train
raw_data/B2.06 (need_review)/DSC03152.JPG,DSC03152.JPG,B2.06 (need_review),B2,train
raw_data/B2.06 (need_review)/DSC03154.JPG,DSC03154.JPG,B2.06 (need_review),B2,train
raw_data/B2.06 (need_review)/DSC03155.JPG,DSC03155.JPG,B2.06 (need_review),B2,train
raw_data/B2.06 (need_review)/DSC03156.JPG,DSC03156.JPG,B2.06 (need_review),B2,train
raw_data/B2.06 (need_review)/DSC03157.JPG,DSC03157.JPG,B2.06 (need_review),B2,train
raw_data/B2.06 (need_review)/DSC03158.JPG,DSC03158.JPG,B2.06 (need_review),B2,train
raw_data/B2.06 (need_review)/DSC03161.JPG,DSC03161.JPG,B2.06 (need_review),B2,train
raw_data/B2.06 (need_review)/DSC03162.JPG,DSC03162.JPG,B2.06 (need_review),B2,train
raw_data/B2.06 (need_review)/DSC03163.JPG,DSC03163.JPG,B2.06 (need_review),B2,train
raw_data/B2.06 (need_review)/DSC03164.JPG,DSC03164.JPG,B2.06 (need_review),B2,train
raw_data/B2.06 (need_review)/DSC03165.JPG,DSC03165.JPG,B2.06 (need_review),B2,train
raw_data/B2.06 (need_review)/DSC03166.JPG,DSC03166.JPG,B2.06 (need_review),B2,train
raw_data/B2.06 (need_review)/DSC03167.JPG,DSC03167.JPG,B2.06 (need_review),B2,train
raw_data/B2.06 (need_review)/DSC03169.JPG,DSC03169.JPG,B2.06 (need_review),B2,train
raw_data/B2.06 (need_review)/DSC03170.JPG,DSC03170.JPG,B2.06 (need_review),B2,train
raw_data/B2.06 (need_review)/DSC03171.JPG,DSC03171.JPG,B2.06 (need_review),B2,train
raw_data/B2.06 (need_review)/DSC03172.JPG,DSC03172.JPG,B2.06 (need_review),B2,train
raw_data/B2.06 (need_review)/DSC03173.JPG,DSC03173.JPG,B2.06 (need_review),B2,train
raw_data/B2.06 (need_review)/DSC03174.JPG,DSC03174.JPG,B2.06 (need_review),B2,train
raw_data/B2.06 (need_review)/DSC03175.JPG,DSC03175.JPG,B2.06 (need_review),B2,train
raw_data/B2.06 (need_review)/DSC03176.JPG,DSC03176.JPG,B2.06 (need_review),B2,train
raw_data/B2.06 (need_review)/DSC03177.JPG,DSC03177.JPG,B2.06 (need_review),B2,train
raw_data/B2.06 (need_review)/DSC03178.JPG,DSC03178.JPG,B2.06 (need_review),B2,train
raw_data/B2.06 (need_review)/DSC03179.JPG,DSC03179.JPG,B2.06 (need_review),B2,train
raw_data/B2.06 (need_review)/DSC03180.JPG,DSC03180.JPG,B2.06 (need_review),B2,train
raw_data/B2.06 (need_review)/DSC03181.JPG,DSC03181.JPG,B2.06 (need_review),B2,train
raw_data/B2.06 (need_review)/DSC03182.JPG,DSC03182.JPG,B2.06 (need_review),B2,train
raw_data/B2.06 (need_review)/DSC03183.JPG,DSC03183.JPG,B2.06 (need_review),B2,train
raw_data/B2.06 (need_review)/DSC03184.JPG,DSC03184.JPG,B2.06 (need_review),B2,train
raw_data/B2.06 (need_review)/DSC03185.JPG,DSC03185.JPG,B2.06 (need_review),B2,train
raw_data/B2.06 (need_review)/DSC03186.JPG,DSC03186.JPG,B2.06 (need_review),B2,train
raw_data/B2.06 (need_review)/DSC03187.JPG,DSC03187.JPG,B2.06 (need_review),B2,train
raw_data/B2.06 (need_review)/DSC03188.JPG,DSC03188.JPG,B2.06 (need_review),B2,train
raw_data/B2.06 (need_review)/DSC03189.JPG,DSC03189.JPG,B2.06 (need_review),B2,train
raw_data/B2.06 (need_review)/DSC03190.JPG,DSC03190.JPG,B2.06 (need_review),B2,train
raw_data/B2.06 (need_review)/DSC03191.JPG,DSC03191.JPG,B2.06 (need_review),B2,train
raw_data/B2.06 (need_review)/DSC03192.JPG,DSC03192.JPG,B2.06 (need_review),B2,train
raw_data/B2.06 (need_review)/DSC03193.JPG,DSC03193.JPG,B2.06 (need_review),B2,train
raw_data/B2.06 (need_review)/DSC03194.JPG,DSC03194.JPG,B2.06 (need_review),B2,train
raw_data/B2.06 (need_review)/DSC03195.JPG,DSC03195.JPG,B2.06 (need_review),B2,train
raw_data/B2.06 (need_review)/DSC03196.JPG,DSC03196.JPG,B2.06 (need_review),B2,train
raw_data/B2.06 (need_review)/DSC03197.JPG,DSC03197.JPG,B2.06 (need_review),B2,train
raw_data/B2.06 (need_review)/DSC03198.JPG,DSC03198.JPG,B2.06 (need_review),B2,train
raw_data/B2.06 (need_review)/DSC03199.JPG,DSC03199.JPG,B2.06 (need_review),B2,train
raw_data/B2.06 (need_review)/DSC03200.JPG,DSC03200.JPG,B2.06 (need_review),B2,train
raw_data/B2.06 (need_review)/DSC03201.JPG,DSC03201.JPG,B2.06 (need_review),B2,train
raw_data/B2.06 (need_review)/DSC03202.JPG,DSC03202.JPG,B2.06 (need_review),B2,train
raw_data/B2.06 (need_review)/DSC03203.JPG,DSC03203.JPG,B2.06 (need_review),B2,train
raw_data/B2.06 (need_review)/DSC03204.JPG,DSC03204.JPG,B2.06 (need_review),B2,train
raw_data/B2.06 (need_review)/DSC03205.JPG,DSC03205.JPG,B2.06 (need_review),B2,train
raw_data/B2.06 (need_review)/DSC03206.JPG,DSC03206.JPG,B2.06 (need_review),B2,train
raw_data/B2.06 (need_review)/DSC03207.JPG,DSC03207.JPG,B2.06 (need_review),B2,train
raw_data/B2.06 (need_review)/DSC03208.JPG,DSC03208.JPG,B2.06 (need_review),B2,train
raw_data/B2.06 (need_review)/DSC03209.JPG,DSC03209.JPG,B2.06 (need_review),B2,train
raw_data/B2.06 (need_review)/DSC03210.JPG,DSC03210.JPG,B2.06 (need_review),B2,train
raw_data/B2.06 (need_review)/DSC03211.JPG,DSC03211.JPG,B2.06 (need_review),B2,train
raw_data/B2.06 (need_review)/DSC03212.JPG,DSC03212.JPG,B2.06 (need_review),B2,train
raw_data/B2.06 (need_review)/DSC03213.JPG,DSC03213.JPG,B2.06 (need_review),B2,train
raw_data/B2.06 (need_review)/DSC03214.JPG,DSC03214.JPG,B2.06 (need_review),B2,train
raw_data/B2.06 (need_review)/DSC03215.JPG,DSC03215.JPG,B2.06 (need_review),B2,train
raw_data/B2.06 (need_review)/DSC03216.JPG,DSC03216.JPG,B2.06 (need_review),B2,train
raw_data/B2.06 (need_review)/DSC03217.JPG,DSC03217.JPG,B2.06 (need_review),B2,train
raw_data/B2.06 (need_review)/DSC03218.JPG,DSC03218.JPG,B2.06 (need_review),B2,train
raw_data/B2.06 (need_review)/DSC03219.JPG,DSC03219.JPG,B2.06 (need_review),B2,train
raw_data/B2.06 (need_review)/DSC03220.JPG,DSC03220.JPG,B2.06 (need_review),B2,train
raw_data/B2.06 (need_review)/DSC03221.JPG,DSC03221.JPG,B2.06 (need_review),B2,train
raw_data/B2.06 (need_review)/DSC03222.JPG,DSC03222.JPG,B2.06 (need_review),B2,train
raw_data/B2.06 (need_review)/DSC03223.JPG,DSC03223.JPG,B2.06 (need_review),B2,train
raw_data/B2.06 (need_review)/DSC03224.JPG,DSC03224.JPG,B2.06 (need_review),B2,train
raw_data/B2.06 (need_review)/DSC04205.JPG,DSC04205.JPG,B2.06 (need_review),B2,train
raw_data/B2.06 (need_review)/DSC04207.JPG,DSC04207.JPG,B2.06 (need_review),B2,train
raw_data/B2.06 (need_review)/DSC04208.JPG,DSC04208.JPG,B2.06 (need_review),B2,train
raw_data/B2.06 (need_review)/DSC04211.JPG,DSC04211.JPG,B2.06 (need_review),B2,train
raw_data/B2.06 (need_review)/DSC04212.JPG,DSC04212.JPG,B2.06 (need_review),B2,train
raw_data/B2.06 (need_review)/DSC04213.JPG,DSC04213.JPG,B2.06 (need_review),B2,train
raw_data/B2.06 (need_review)/DSC04214.JPG,DSC04214.JPG,B2.06 (need_review),B2,train
raw_data/B2.07 (need_review)/DSC03228.JPG,DSC03228.JPG,B2.07 (need_review),B2,train
raw_data/B2.07 (need_review)/DSC03229.JPG,DSC03229.JPG,B2.07 (need_review),B2,train
raw_data/B2.07 (need_review)/DSC03230.JPG,DSC03230.JPG,B2.07 (need_review),B2,train
raw_data/B2.07 (need_review)/DSC03231.JPG,DSC03231.JPG,B2.07 (need_review),B2,train
raw_data/B2.07 (need_review)/DSC03232.JPG,DSC03232.JPG,B2.07 (need_review),B2,train
raw_data/B2.07 (need_review)/DSC03233.JPG,DSC03233.JPG,B2.07 (need_review),B2,train
raw_data/B2.07 (need_review)/DSC03234.JPG,DSC03234.JPG,B2.07 (need_review),B2,train
raw_data/B2.07 (need_review)/DSC03235.JPG,DSC03235.JPG,B2.07 (need_review),B2,train
raw_data/B2.07 (need_review)/DSC03281.JPG,DSC03281.JPG,B2.07 (need_review),B2,train
raw_data/B2.07 (need_review)/DSC03282.JPG,DSC03282.JPG,B2.07 (need_review),B2,train
raw_data/B2.07 (need_review)/DSC03283.JPG,DSC03283.JPG,B2.07 (need_review),B2,train
raw_data/B2.07 (need_review)/DSC03284.JPG,DSC03284.JPG,B2.07 (need_review),B2,train
raw_data/B2.07 (need_review)/DSC03287.JPG,DSC03287.JPG,B2.07 (need_review),B2,train
raw_data/B2.07 (need_review)/DSC03288.JPG,DSC03288.JPG,B2.07 (need_review),B2,train
raw_data/B2.07 (need_review)/DSC03289.JPG,DSC03289.JPG,B2.07 (need_review),B2,train
raw_data/B2.07 (need_review)/DSC03290.JPG,DSC03290.JPG,B2.07 (need_review),B2,train
raw_data/B2.07 (need_review)/DSC03291.JPG,DSC03291.JPG,B2.07 (need_review),B2,train
raw_data/B2.07 (need_review)/DSC03292.JPG,DSC03292.JPG,B2.07 (need_review),B2,train
raw_data/B2.07 (need_review)/DSC03293.JPG,DSC03293.JPG,B2.07 (need_review),B2,train
raw_data/B2.07 (need_review)/DSC03294.JPG,DSC03294.JPG,B2.07 (need_review),B2,train
raw_data/B2.07 (need_review)/DSC03295.JPG,DSC03295.JPG,B2.07 (need_review),B2,train
raw_data/B2.07 (need_review)/DSC03296.JPG,DSC03296.JPG,B2.07 (need_review),B2,train
raw_data/B2.07 (need_review)/DSC03297.JPG,DSC03297.JPG,B2.07 (need_review),B2,train
raw_data/B2.07 (need_review)/DSC03298.JPG,DSC03298.JPG,B2.07 (need_review),B2,train
raw_data/B2.07 (need_review)/DSC03299.JPG,DSC03299.JPG,B2.07 (need_review),B2,train
raw_data/B2.07 (need_review)/DSC03300.JPG,DSC03300.JPG,B2.07 (need_review),B2,train
raw_data/B2.07 (need_review)/DSC03301.JPG,DSC03301.JPG,B2.07 (need_review),B2,train
raw_data/B2.07 (need_review)/DSC03302.JPG,DSC03302.JPG,B2.07 (need_review),B2,train
raw_data/B2.07 (need_review)/DSC03303.JPG,DSC03303.JPG,B2.07 (need_review),B2,train
raw_data/B2.07 (need_review)/DSC03304.JPG,DSC03304.JPG,B2.07 (need_review),B2,train
raw_data/B2.07 (need_review)/DSC03305.JPG,DSC03305.JPG,B2.07 (need_review),B2,train
raw_data/B2.07 (need_review)/DSC03306.JPG,DSC03306.JPG,B2.07 (need_review),B2,train
raw_data/B2.07 (need_review)/DSC03307.JPG,DSC03307.JPG,B2.07 (need_review),B2,train
raw_data/B2.07 (need_review)/DSC03308.JPG,DSC03308.JPG,B2.07 (need_review),B2,train
raw_data/B2.07 (need_review)/DSC03309.JPG,DSC03309.JPG,B2.07 (need_review),B2,train
raw_data/B2.07 (need_review)/DSC03310.JPG,DSC03310.JPG,B2.07 (need_review),B2,train
raw_data/B2.07 (need_review)/DSC03311.JPG,DSC03311.JPG,B2.07 (need_review),B2,train
raw_data/B2.07 (need_review)/DSC03312.JPG,DSC03312.JPG,B2.07 (need_review),B2,train
raw_data/B2.07 (need_review)/DSC03313.JPG,DSC03313.JPG,B2.07 (need_review),B2,train
raw_data/B2.07 (need_review)/DSC03314.JPG,DSC03314.JPG,B2.07 (need_review),B2,train
raw_data/B2.07 (need_review)/DSC03315.JPG,DSC03315.JPG,B2.07 (need_review),B2,train
raw_data/B2.07 (need_review)/DSC03316.JPG,DSC03316.JPG,B2.07 (need_review),B2,train
raw_data/B2.07 (need_review)/DSC03317.JPG,DSC03317.JPG,B2.07 (need_review),B2,train
raw_data/B2.07 (need_review)/DSC03318.JPG,DSC03318.JPG,B2.07 (need_review),B2,train
raw_data/B2.07 (need_review)/DSC03319.JPG,DSC03319.JPG,B2.07 (need_review),B2,train
raw_data/B2.07 (need_review)/DSC03320.JPG,DSC03320.JPG,B2.07 (need_review),B2,train
raw_data/B2.07 (need_review)/DSC03321.JPG,DSC03321.JPG,B2.07 (need_review),B2,train
raw_data/B2.07 (need_review)/DSC03322.JPG,DSC03322.JPG,B2.07 (need_review),B2,train
raw_data/B2.07 (need_review)/DSC03323.JPG,DSC03323.JPG,B2.07 (need_review),B2,train
raw_data/B2.07 (need_review)/DSC03324.JPG,DSC03324.JPG,B2.07 (need_review),B2,train
raw_data/B2.07 (need_review)/DSC03325.JPG,DSC03325.JPG,B2.07 (need_review),B2,train
raw_data/B2.07 (need_review)/DSC03326.JPG,DSC03326.JPG,B2.07 (need_review),B2,train
raw_data/B2.07 (need_review)/DSC03327.JPG,DSC03327.JPG,B2.07 (need_review),B2,train
raw_data/B2.07 (need_review)/DSC03328.JPG,DSC03328.JPG,B2.07 (need_review),B2,train
raw_data/B2.07 (need_review)/DSC03329.JPG,DSC03329.JPG,B2.07 (need_review),B2,train
raw_data/B2.07 (need_review)/DSC03330.JPG,DSC03330.JPG,B2.07 (need_review),B2,train
raw_data/B2.07 (need_review)/DSC03331.JPG,DSC03331.JPG,B2.07 (need_review),B2,train
raw_data/B2.07 (need_review)/DSC03332.JPG,DSC03332.JPG,B2.07 (need_review),B2,train
raw_data/B2.07 (need_review)/DSC03333.JPG,DSC03333.JPG,B2.07 (need_review),B2,train
raw_data/B2.07 (need_review)/DSC03334.JPG,DSC03334.JPG,B2.07 (need_review),B2,train
raw_data/B2.07 (need_review)/DSC03335.JPG,DSC03335.JPG,B2.07 (need_review),B2,train
raw_data/B2.07 (need_review)/DSC03336.JPG,DSC03336.JPG,B2.07 (need_review),B2,train
raw_data/B2.07 (need_review)/DSC03337.JPG,DSC03337.JPG,B2.07 (need_review),B2,train
raw_data/B2.07 (need_review)/DSC03338.JPG,DSC03338.JPG,B2.07 (need_review),B2,train
raw_data/B2.07 (need_review)/DSC03341.JPG,DSC03341.JPG,B2.07 (need_review),B2,train
raw_data/B2.07 (need_review)/DSC03342.JPG,DSC03342.JPG,B2.07 (need_review),B2,train
raw_data/B2.07 (need_review)/DSC03343.JPG,DSC03343.JPG,B2.07 (need_review),B2,train
raw_data/B2.07 (need_review)/DSC03344.JPG,DSC03344.JPG,B2.07 (need_review),B2,train
raw_data/B2.07 (need_review)/DSC03345.JPG,DSC03345.JPG,B2.07 (need_review),B2,train
raw_data/B2.07 (need_review)/DSC03346.JPG,DSC03346.JPG,B2.07 (need_review),B2,train
raw_data/B2.07 (need_review)/DSC03347.JPG,DSC03347.JPG,B2.07 (need_review),B2,train
raw_data/B2.07 (need_review)/DSC03348.JPG,DSC03348.JPG,B2.07 (need_review),B2,train
raw_data/B2.07 (need_review)/DSC03349.JPG,DSC03349.JPG,B2.07 (need_review),B2,train
raw_data/B2.07 (need_review)/DSC03350.JPG,DSC03350.JPG,B2.07 (need_review),B2,train
raw_data/B2.07 (need_review)/DSC03351.JPG,DSC03351.JPG,B2.07 (need_review),B2,train
raw_data/B2.07 (need_review)/DSC03352.JPG,DSC03352.JPG,B2.07 (need_review),B2,train
raw_data/B2.07 (need_review)/DSC03353.JPG,DSC03353.JPG,B2.07 (need_review),B2,train
raw_data/B2.07 (need_review)/DSC03354.JPG,DSC03354.JPG,B2.07 (need_review),B2,train
raw_data/B2.07 (need_review)/DSC03357.JPG,DSC03357.JPG,B2.07 (need_review),B2,train
raw_data/B2.07 (need_review)/DSC03358.JPG,DSC03358.JPG,B2.07 (need_review),B2,train
raw_data/B2.07 (need_review)/DSC03359.JPG,DSC03359.JPG,B2.07 (need_review),B2,train
raw_data/B2.07 (need_review)/DSC03360.JPG,DSC03360.JPG,B2.07 (need_review),B2,train
raw_data/B2.07 (need_review)/DSC03361.JPG,DSC03361.JPG,B2.07 (need_review),B2,train
raw_data/B2.07 (need_review)/DSC03362.JPG,DSC03362.JPG,B2.07 (need_review),B2,train
raw_data/B2.07 (need_review)/DSC03363.JPG,DSC03363.JPG,B2.07 (need_review),B2,train
raw_data/B2.07 (need_review)/DSC03364.JPG,DSC03364.JPG,B2.07 (need_review),B2,train
raw_data/B2.07 (need_review)/DSC03366.JPG,DSC03366.JPG,B2.07 (need_review),B2,train
raw_data/B2.07 (need_review)/DSC03367.JPG,DSC03367.JPG,B2.07 (need_review),B2,train
raw_data/B2.07 (need_review)/DSC03368.JPG,DSC03368.JPG,B2.07 (need_review),B2,train
raw_data/B2.07 (need_review)/DSC03369.JPG,DSC03369.JPG,B2.07 (need_review),B2,train
raw_data/B2.07 (need_review)/DSC03370.JPG,DSC03370.JPG,B2.07 (need_review),B2,train
raw_data/B2.07 (need_review)/DSC03371.JPG,DSC03371.JPG,B2.07 (need_review),B2,train
raw_data/B2.07 (need_review)/DSC03372.JPG,DSC03372.JPG,B2.07 (need_review),B2,train
raw_data/B2.07 (need_review)/DSC03373.JPG,DSC03373.JPG,B2.07 (need_review),B2,train
raw_data/B2.07 (need_review)/DSC03374.JPG,DSC03374.JPG,B2.07 (need_review),B2,train
raw_data/B2.07 (need_review)/DSC03375.JPG,DSC03375.JPG,B2.07 (need_review),B2,train
raw_data/B2.07 (need_review)/DSC03376.JPG,DSC03376.JPG,B2.07 (need_review),B2,train
raw_data/B2.07 (need_review)/DSC03377.JPG,DSC03377.JPG,B2.07 (need_review),B2,train
raw_data/B2.07 (need_review)/DSC03378.JPG,DSC03378.JPG,B2.07 (need_review),B2,train
raw_data/B2.07 (need_review)/DSC03379.JPG,DSC03379.JPG,B2.07 (need_review),B2,train
raw_data/B2.07 (need_review)/DSC03380.JPG,DSC03380.JPG,B2.07 (need_review),B2,train
raw_data/B2.07 (need_review)/DSC03381.JPG,DSC03381.JPG,B2.07 (need_review),B2,train
raw_data/B2.07 (need_review)/DSC03382.JPG,DSC03382.JPG,B2.07 (need_review),B2,train
raw_data/B2.07 (need_review)/DSC03383.JPG,DSC03383.JPG,B2.07 (need_review),B2,train
raw_data/B2.07 (need_review)/DSC03384.JPG,DSC03384.JPG,B2.07 (need_review),B2,train
raw_data/B2.07 (need_review)/DSC03385.JPG,DSC03385.JPG,B2.07 (need_review),B2,train
raw_data/B2.07 (need_review)/DSC03386.JPG,DSC03386.JPG,B2.07 (need_review),B2,train
raw_data/B2.07 (need_review)/DSC03387.JPG,DSC03387.JPG,B2.07 (need_review),B2,train
raw_data/B2.07 (need_review)/DSC03388.JPG,DSC03388.JPG,B2.07 (need_review),B2,train
raw_data/B2.07 (need_review)/DSC03389.JPG,DSC03389.JPG,B2.07 (need_review),B2,train
raw_data/B2.07 (need_review)/DSC03390.JPG,DSC03390.JPG,B2.07 (need_review),B2,train
raw_data/B2.07 (need_review)/DSC03391.JPG,DSC03391.JPG,B2.07 (need_review),B2,train
raw_data/B2.07 (need_review)/DSC03395.JPG,DSC03395.JPG,B2.07 (need_review),B2,train
raw_data/B2.07 (need_review)/DSC03396.JPG,DSC03396.JPG,B2.07 (need_review),B2,train
raw_data/B2.07 (need_review)/DSC03398.JPG,DSC03398.JPG,B2.07 (need_review),B2,train
raw_data/B2.07 (need_review)/DSC03399.JPG,DSC03399.JPG,B2.07 (need_review),B2,train
raw_data/B2.07 (need_review)/DSC03400.JPG,DSC03400.JPG,B2.07 (need_review),B2,train
raw_data/B2.07 (need_review)/DSC03401.JPG,DSC03401.JPG,B2.07 (need_review),B2,train
raw_data/B2.07 (need_review)/DSC03402.JPG,DSC03402.JPG,B2.07 (need_review),B2,train
raw_data/B2.07 (need_review)/DSC03403.JPG,DSC03403.JPG,B2.07 (need_review),B2,train
raw_data/B2.07 (need_review)/DSC03404.JPG,DSC03404.JPG,B2.07 (need_review),B2,train
raw_data/B2.07 (need_review)/DSC03405.JPG,DSC03405.JPG,B2.07 (need_review),B2,train
raw_data/B2.07 (need_review)/DSC03406.JPG,DSC03406.JPG,B2.07 (need_review),B2,train
raw_data/B2.07 (need_review)/DSC03407.JPG,DSC03407.JPG,B2.07 (need_review),B2,train
raw_data/B2.07 (need_review)/DSC03408.JPG,DSC03408.JPG,B2.07 (need_review),B2,train
raw_data/B2.07 (need_review)/DSC03409.JPG,DSC03409.JPG,B2.07 (need_review),B2,train
raw_data/B2.07 (need_review)/DSC03410.JPG,DSC03410.JPG,B2.07 (need_review),B2,train
raw_data/B2.07 (need_review)/DSC03411.JPG,DSC03411.JPG,B2.07 (need_review),B2,train
raw_data/B2.07 (need_review)/DSC03412.JPG,DSC03412.JPG,B2.07 (need_review),B2,train
raw_data/B2.07 (need_review)/DSC03413.JPG,DSC03413.JPG,B2.07 (need_review),B2,train
raw_data/B2.07 (need_review)/DSC03414.JPG,DSC03414.JPG,B2.07 (need_review),B2,train
raw_data/B2.07 (need_review)/DSC03415.JPG,DSC03415.JPG,B2.07 (need_review),B2,train
raw_data/B2.07 (need_review)/DSC03416.JPG,DSC03416.JPG,B2.07 (need_review),B2,train
raw_data/B2.07 (need_review)/DSC03417.JPG,DSC03417.JPG,B2.07 (need_review),B2,train
raw_data/B2.07 (need_review)/DSC03418.JPG,DSC03418.JPG,B2.07 (need_review),B2,train
raw_data/B2.07 (need_review)/DSC03419.JPG,DSC03419.JPG,B2.07 (need_review),B2,train
raw_data/B2.07 (need_review)/DSC03420.JPG,DSC03420.JPG,B2.07 (need_review),B2,train
raw_data/B2.07 (need_review)/DSC03421.JPG,DSC03421.JPG,B2.07 (need_review),B2,train
raw_data/B2.07 (need_review)/DSC03422.JPG,DSC03422.JPG,B2.07 (need_review),B2,train
raw_data/B2.07 (need_review)/DSC03423.JPG,DSC03423.JPG,B2.07 (need_review),B2,train
raw_data/B2.07 (need_review)/DSC03425.JPG,DSC03425.JPG,B2.07 (need_review),B2,train
raw_data/B2.07 (need_review)/DSC03426.JPG,DSC03426.JPG,B2.07 (need_review),B2,train
raw_data/B2.07 (need_review)/DSC03427.JPG,DSC03427.JPG,B2.07 (need_review),B2,train
raw_data/B2.07 (need_review)/DSC03428.JPG,DSC03428.JPG,B2.07 (need_review),B2,train
raw_data/B2.07 (need_review)/DSC03429.JPG,DSC03429.JPG,B2.07 (need_review),B2,train
raw_data/B2.07 (need_review)/DSC03430.JPG,DSC03430.JPG,B2.07 (need_review),B2,train
raw_data/B2.07 (need_review)/DSC03431.JPG,DSC03431.JPG,B2.07 (need_review),B2,train
raw_data/B2.07 (need_review)/DSC03432.JPG,DSC03432.JPG,B2.07 (need_review),B2,train
raw_data/B2.07 (need_review)/DSC03433.JPG,DSC03433.JPG,B2.07 (need_review),B2,train
raw_data/B2.07 (need_review)/DSC03434.JPG,DSC03434.JPG,B2.07 (need_review),B2,train
raw_data/B2.07 (need_review)/DSC03435.JPG,DSC03435.JPG,B2.07 (need_review),B2,train
raw_data/B2.07 (need_review)/DSC03436.JPG,DSC03436.JPG,B2.07 (need_review),B2,train
raw_data/B2.07 (need_review)/DSC03437.JPG,DSC03437.JPG,B2.07 (need_review),B2,train
raw_data/B2.07 (need_review)/DSC03438.JPG,DSC03438.JPG,B2.07 (need_review),B2,train
raw_data/B2.07 (need_review)/DSC03439.JPG,DSC03439.JPG,B2.07 (need_review),B2,train
raw_data/B2.07 (need_review)/DSC03440.JPG,DSC03440.JPG,B2.07 (need_review),B2,train
raw_data/B2.07 (need_review)/DSC03441.JPG,DSC03441.JPG,B2.07 (need_review),B2,train
raw_data/B2.07 (need_review)/DSC03442.JPG,DSC03442.JPG,B2.07 (need_review),B2,train
raw_data/B2.07 (need_review)/DSC03443.JPG,DSC03443.JPG,B2.07 (need_review),B2,train
raw_data/B2.07 (need_review)/DSC03444.JPG,DSC03444.JPG,B2.07 (need_review),B2,train
raw_data/B2.07 (need_review)/DSC03445.JPG,DSC03445.JPG,B2.07 (need_review),B2,train
raw_data/B2.07 (need_review)/DSC03446.JPG,DSC03446.JPG,B2.07 (need_review),B2,train
raw_data/B2.07 (need_review)/DSC03447.JPG,DSC03447.JPG,B2.07 (need_review),B2,train
raw_data/B2.07 (need_review)/DSC03448.JPG,DSC03448.JPG,B2.07 (need_review),B2,train
raw_data/B2.07 (need_review)/DSC03449.JPG,DSC03449.JPG,B2.07 (need_review),B2,train
raw_data/B2.07 (need_review)/DSC03450.JPG,DSC03450.JPG,B2.07 (need_review),B2,train
raw_data/B2.07 (need_review)/DSC03451.JPG,DSC03451.JPG,B2.07 (need_review),B2,train
raw_data/B2.07 (need_review)/DSC03453.JPG,DSC03453.JPG,B2.07 (need_review),B2,train
raw_data/B2.07 (need_review)/DSC03454.JPG,DSC03454.JPG,B2.07 (need_review),B2,train
raw_data/B2.07 (need_review)/DSC03455.JPG,DSC03455.JPG,B2.07 (need_review),B2,train
raw_data/B2.07 (need_review)/DSC03456.JPG,DSC03456.JPG,B2.07 (need_review),B2,train
raw_data/B2.07 (need_review)/DSC03457.JPG,DSC03457.JPG,B2.07 (need_review),B2,train
raw_data/B2.07 (need_review)/DSC03458.JPG,DSC03458.JPG,B2.07 (need_review),B2,train
raw_data/B2.07 (need_review)/DSC03459.JPG,DSC03459.JPG,B2.07 (need_review),B2,train
raw_data/B2.07 (need_review)/DSC03460.JPG,DSC03460.JPG,B2.07 (need_review),B2,train
raw_data/B2.07 (need_review)/DSC03461.JPG,DSC03461.JPG,B2.07 (need_review),B2,train
raw_data/B2.07 (need_review)/DSC03462.JPG,DSC03462.JPG,B2.07 (need_review),B2,train
raw_data/B2.07 (need_review)/DSC03463.JPG,DSC03463.JPG,B2.07 (need_review),B2,train
raw_data/B2.07 (need_review)/DSC03464.JPG,DSC03464.JPG,B2.07 (need_review),B2,train
raw_data/B2.07 (need_review)/DSC03465.JPG,DSC03465.JPG,B2.07 (need_review),B2,train
raw_data/B2.07 (need_review)/DSC03466.JPG,DSC03466.JPG,B2.07 (need_review),B2,train
raw_data/B2.07 (need_review)/DSC03467.JPG,DSC03467.JPG,B2.07 (need_review),B2,train
raw_data/B2.07 (need_review)/DSC03468.JPG,DSC03468.JPG,B2.07 (need_review),B2,train
raw_data/B2.07 (need_review)/DSC03469.JPG,DSC03469.JPG,B2.07 (need_review),B2,train
raw_data/B2.07 (need_review)/DSC03470.JPG,DSC03470.JPG,B2.07 (need_review),B2,train
raw_data/B2.07 (need_review)/DSC03471.JPG,DSC03471.JPG,B2.07 (need_review),B2,train
raw_data/B2.07 (need_review)/DSC03472.JPG,DSC03472.JPG,B2.07 (need_review),B2,train
raw_data/B2.07 (need_review)/DSC03473.JPG,DSC03473.JPG,B2.07 (need_review),B2,train
raw_data/B2.07 (need_review)/DSC03474.JPG,DSC03474.JPG,B2.07 (need_review),B2,train
raw_data/B2.07 (need_review)/DSC03475.JPG,DSC03475.JPG,B2.07 (need_review),B2,train
raw_data/B2.07 (need_review)/DSC03477.JPG,DSC03477.JPG,B2.07 (need_review),B2,train
raw_data/B2.07 (need_review)/DSC03478.JPG,DSC03478.JPG,B2.07 (need_review),B2,train
raw_data/B2.07 (need_review)/DSC03479.JPG,DSC03479.JPG,B2.07 (need_review),B2,train
raw_data/B2.07 (need_review)/DSC03480.JPG,DSC03480.JPG,B2.07 (need_review),B2,train
raw_data/B2.07 (need_review)/DSC03481.JPG,DSC03481.JPG,B2.07 (need_review),B2,train
raw_data/B2.07 (need_review)/DSC03484.JPG,DSC03484.JPG,B2.07 (need_review),B2,train
raw_data/B2.07 (need_review)/DSC03485.JPG,DSC03485.JPG,B2.07 (need_review),B2,train
raw_data/B2.07 (need_review)/DSC03486.JPG,DSC03486.JPG,B2.07 (need_review),B2,train
raw_data/B2.07 (need_review)/DSC03487.JPG,DSC03487.JPG,B2.07 (need_review),B2,train
raw_data/B2.07 (need_review)/DSC03488.JPG,DSC03488.JPG,B2.07 (need_review),B2,train
raw_data/B2.07 (need_review)/DSC03489.JPG,DSC03489.JPG,B2.07 (need_review),B2,train
raw_data/B2.07 (need_review)/DSC03490.JPG,DSC03490.JPG,B2.07 (need_review),B2,train
raw_data/B2.07 (need_review)/DSC03491.JPG,DSC03491.JPG,B2.07 (need_review),B2,train
raw_data/B2.07 (need_review)/DSC03492.JPG,DSC03492.JPG,B2.07 (need_review),B2,train
raw_data/B2.07 (need_review)/DSC03493.JPG,DSC03493.JPG,B2.07 (need_review),B2,train
raw_data/B2.07 (need_review)/DSC03494.JPG,DSC03494.JPG,B2.07 (need_review),B2,train
raw_data/B2.07 (need_review)/DSC03495.JPG,DSC03495.JPG,B2.07 (need_review),B2,train
raw_data/B2.07 (need_review)/DSC03496.JPG,DSC03496.JPG,B2.07 (need_review),B2,train
raw_data/B2.07 (need_review)/DSC03498.JPG,DSC03498.JPG,B2.07 (need_review),B2,train
raw_data/B2.07 (need_review)/DSC03500.JPG,DSC03500.JPG,B2.07 (need_review),B2,train
raw_data/B2.07 (need_review)/DSC03501.JPG,DSC03501.JPG,B2.07 (need_review),B2,train
raw_data/B2.07 (need_review)/DSC03502.JPG,DSC03502.JPG,B2.07 (need_review),B2,train
raw_data/B2.07 (need_review)/DSC03503.JPG,DSC03503.JPG,B2.07 (need_review),B2,train
raw_data/B2.07 (need_review)/DSC03504.JPG,DSC03504.JPG,B2.07 (need_review),B2,train
raw_data/B2.07 (need_review)/DSC03505.JPG,DSC03505.JPG,B2.07 (need_review),B2,train
raw_data/B2.07 (need_review)/DSC03506.JPG,DSC03506.JPG,B2.07 (need_review),B2,train
raw_data/B2.07 (need_review)/DSC03507.JPG,DSC03507.JPG,B2.07 (need_review),B2,train
raw_data/B2.07 (need_review)/DSC03508.JPG,DSC03508.JPG,B2.07 (need_review),B2,train
raw_data/B2.08/B2.08.Tu-Du_01.JPG,B2.08.Tu-Du_01.JPG,B2.08,B2,test
raw_data/B2.08/B2.08.Tu-Du_02.JPG,B2.08.Tu-Du_02.JPG,B2.08,B2,test
raw_data/B2.08/B2.08.Tu-Du_03.JPG,B2.08.Tu-Du_03.JPG,B2.08,B2,test
raw_data/B2.08/B2.08.Tu-Du_04.JPG,B2.08.Tu-Du_04.JPG,B2.08,B2,test
raw_data/B2.08/B2.08.Tu-Du_05.JPG,B2.08.Tu-Du_05.JPG,B2.08,B2,test
raw_data/B2.08/B2.08.Tu-Du_06.JPG,B2.08.Tu-Du_06.JPG,B2.08,B2,test
raw_data/B2.08/B2.08.Tu-Du_07.JPG,B2.08.Tu-Du_07.JPG,B2.08,B2,test
raw_data/B2.08/B2.08.Tu-Du_08.JPG,B2.08.Tu-Du_08.JPG,B2.08,B2,test
raw_data/B2.08/B2.08.Tu-Du_09.JPG,B2.08.Tu-Du_09.JPG,B2.08,B2,test
raw_data/B2.08/B2.08.Tu-Du_10.JPG,B2.08.Tu-Du_10.JPG,B2.08,B2,test
raw_data/B2.08/B2.08.Tu-Du_11.JPG,B2.08.Tu-Du_11.JPG,B2.08,B2,test
raw_data/B2.08/B2.08.Tu-Du_12.JPG,B2.08.Tu-Du_12.JPG,B2.08,B2,test
raw_data/B2.08/B2.08.Tu-Du_13.JPG,B2.08.Tu-Du_13.JPG,B2.08,B2,test
raw_data/B2.08/B2.08.Tu-Du_14.JPG,B2.08.Tu-Du_14.JPG,B2.08,B2,test
raw_data/B2.08/B2.08.Tu-Du_15.JPG,B2.08.Tu-Du_15.JPG,B2.08,B2,test
raw_data/B2.08/B2.08.Tu-Du_16.JPG,B2.08.Tu-Du_16.JPG,B2.08,B2,test
raw_data/B2.08/B2.08.Tu-Du_17.JPG,B2.08.Tu-Du_17.JPG,B2.08,B2,test
raw_data/B2.08/B2.08.Tu-Du_18.JPG,B2.08.Tu-Du_18.JPG,B2.08,B2,test
raw_data/B2.08/B2.08.Tu-Du_19.JPG,B2.08.Tu-Du_19.JPG,B2.08,B2,test
raw_data/B2.08/B2.08.Tu-Du_20.JPG,B2.08.Tu-Du_20.JPG,B2.08,B2,test
raw_data/B2.08/B2.08.Tu-Du_21.JPG,B2.08.Tu-Du_21.JPG,B2.08,B2,test
raw_data/B2.08/B2.08.Tu-Du_22.JPG,B2.08.Tu-Du_22.JPG,B2.08,B2,test
raw_data/B2.08/B2.08.Tu-Du_23.JPG,B2.08.Tu-Du_23.JPG,B2.08,B2,test
raw_data/B2.08/B2.08.Tu-Du_24.JPG,B2.08.Tu-Du_24.JPG,B2.08,B2,test
raw_data/B2.08/B2.08.Tu-Du_25.JPG,B2.08.Tu-Du_25.JPG,B2.08,B2,test
raw_data/B2.08/B2.08.Tu-Du_26.JPG,B2.08.Tu-Du_26.JPG,B2.08,B2,test
raw_data/B2.08/B2.08.Tu-Du_27.JPG,B2.08.Tu-Du_27.JPG,B2.08,B2,test
raw_data/B2.08/B2.08.Tu-Du_28.JPG,B2.08.Tu-Du_28.JPG,B2.08,B2,test
raw_data/B2.08/B2.08.Tu-Du_29.JPG,B2.08.Tu-Du_29.JPG,B2.08,B2,test
raw_data/B2.08/B2.08.Tu-Du_30.JPG,B2.08.Tu-Du_30.JPG,B2.08,B2,test
raw_data/B2.08/B2.08.Tu-Du_31.JPG,B2.08.Tu-Du_31.JPG,B2.08,B2,test
raw_data/B2.08/B2.08.Tu-Du_32.JPG,B2.08.Tu-Du_32.JPG,B2.08,B2,test
raw_data/B2.08/B2.08.Tu-Du_33.JPG,B2.08.Tu-Du_33.JPG,B2.08,B2,test
raw_data/B2.08/B2.08.Tu-Du_34.JPG,B2.08.Tu-Du_34.JPG,B2.08,B2,test
raw_data/B2.08/B2.08.Tu-Du_35.JPG,B2.08.Tu-Du_35.JPG,B2.08,B2,test
raw_data/B2.08/B2.08.Tu-Du_36.JPG,B2.08.Tu-Du_36.JPG,B2.08,B2,test
raw_data/B2.08/B2.08.Tu-Du_37.JPG,B2.08.Tu-Du_37.JPG,B2.08,B2,test
raw_data/B2.08/B2.08.Tu-Du_38.JPG,B2.08.Tu-Du_38.JPG,B2.08,B2,test
raw_data/B2.08/B2.08.Tu-Du_39.JPG,B2.08.Tu-Du_39.JPG,B2.08,B2,test
raw_data/B2.08/B2.08.Tu-Du_40.JPG,B2.08.Tu-Du_40.JPG,B2.08,B2,test
raw_data/B2.08/B2.08.Tu-Du_41.JPG,B2.08.Tu-Du_41.JPG,B2.08,B2,test
raw_data/B2.08/B2.08.Tu-Du_42.JPG,B2.08.Tu-Du_42.JPG,B2.08,B2,test
raw_data/B2.08/B2.08.Tu-Du_43.JPG,B2.08.Tu-Du_43.JPG,B2.08,B2,test
raw_data/B2.08/B2.08.Tu-Du_44.JPG,B2.08.Tu-Du_44.JPG,B2.08,B2,test
raw_data/B2.09/B2.09.Tha-Da_01.JPG,B2.09.Tha-Da_01.JPG,B2.09,B2,train
raw_data/B2.09/B2.09.Tha-Da_02.JPG,B2.09.Tha-Da_02.JPG,B2.09,B2,train
raw_data/B2.09/B2.09.Tha-Da_03.JPG,B2.09.Tha-Da_03.JPG,B2.09,B2,train
raw_data/B2.09/B2.09.Tha-Da_04.JPG,B2.09.Tha-Da_04.JPG,B2.09,B2,train
raw_data/B2.09/B2.09.Tha-Da_05.JPG,B2.09.Tha-Da_05.JPG,B2.09,B2,train
raw_data/B2.09/B2.09.Tha-Da_06.JPG,B2.09.Tha-Da_06.JPG,B2.09,B2,train
raw_data/B2.09/B2.09.Tha-Da_07.JPG,B2.09.Tha-Da_07.JPG,B2.09,B2,train
raw_data/B2.09/B2.09.Tha-Da_08.JPG,B2.09.Tha-Da_08.JPG,B2.09,B2,train
raw_data/B2.09/B2.09.Tha-Da_09.JPG,B2.09.Tha-Da_09.JPG,B2.09,B2,train
raw_data/B2.09/B2.09.Tha-Da_10.JPG,B2.09.Tha-Da_10.JPG,B2.09,B2,train
raw_data/B2.09/B2.09.Tha-Da_11.JPG,B2.09.Tha-Da_11.JPG,B2.09,B2,train
raw_data/B2.09/B2.09.Tha-Da_12.JPG,B2.09.Tha-Da_12.JPG,B2.09,B2,train
raw_data/B2.09/B2.09.Tha-Da_13.JPG,B2.09.Tha-Da_13.JPG,B2.09,B2,train
raw_data/B2.09/B2.09.Tha-Da_14.JPG,B2.09.Tha-Da_14.JPG,B2.09,B2,train
raw_data/B2.09/B2.09.Tha-Da_15.JPG,B2.09.Tha-Da_15.JPG,B2.09,B2,train
raw_data/B2.09/B2.09.Tha-Da_16.JPG,B2.09.Tha-Da_16.JPG,B2.09,B2,train
raw_data/B2.09/B2.09.Tha-Da_17.JPG,B2.09.Tha-Da_17.JPG,B2.09,B2,train
raw_data/B2.09/B2.09.Tha-Da_18.JPG,B2.09.Tha-Da_18.JPG,B2.09,B2,train
raw_data/B2.09/B2.09.Tha-Da_19.JPG,B2.09.Tha-Da_19.JPG,B2.09,B2,train
raw_data/B2.09/B2.09.Tha-Da_20.JPG,B2.09.Tha-Da_20.JPG,B2.09,B2,train
raw_data/B2.09/B2.09.Tha-Da_21.JPG,B2.09.Tha-Da_21.JPG,B2.09,B2,train
raw_data/B2.09/B2.09.Tha-Da_22.JPG,B2.09.Tha-Da_22.JPG,B2.09,B2,train
raw_data/B2.09/B2.09.Tha-Da_23.JPG,B2.09.Tha-Da_23.JPG,B2.09,B2,train
raw_data/B2.09/B2.09.Tha-Da_24.JPG,B2.09.Tha-Da_24.JPG,B2.09,B2,train
raw_data/B2.09/B2.09.Tha-Da_25.JPG,B2.09.Tha-Da_25.JPG,B2.09,B2,train
raw_data/B2.09/B2.09.Tha-Da_26.JPG,B2.09.Tha-Da_26.JPG,B2.09,B2,train
raw_data/B2.09/B2.09.Tha-Da_27.JPG,B2.09.Tha-Da_27.JPG,B2.09,B2,train
raw_data/B2.09/B2.09.Tha-Da_28.JPG,B2.09.Tha-Da_28.JPG,B2.09,B2,train
raw_data/B2.09/B2.09.Tha-Da_29.JPG,B2.09.Tha-Da_29.JPG,B2.09,B2,train
raw_data/B2.09/B2.09.Tha-Da_30.JPG,B2.09.Tha-Da_30.JPG,B2.09,B2,train
raw_data/B2.09/B2.09.Tha-Da_31.JPG,B2.09.Tha-Da_31.JPG,B2.09,B2,train
raw_data/B2.09/B2.09.Tha-Da_32.JPG,B2.09.Tha-Da_32.JPG,B2.09,B2,train
raw_data/B2.09/B2.09.Tha-Da_33.JPG,B2.09.Tha-Da_33.JPG,B2.09,B2,train
raw_data/B2.09/B2.09.Tha-Da_34.JPG,B2.09.Tha-Da_34.JPG,B2.09,B2,train
raw_data/B2.09/B2.09.Tha-Da_35.JPG,B2.09.Tha-Da_35.JPG,B2.09,B2,train
raw_data/B2.09/B2.09.Tha-Da_36.JPG,B2.09.Tha-Da_36.JPG,B2.09,B2,train
raw_data/B2.09/B2.09.Tha-Da_37.JPG,B2.09.Tha-Da_37.JPG,B2.09,B2,train
raw_data/B2.09/B2.09.Tha-Da_38.JPG,B2.09.Tha-Da_38.JPG,B2.09,B2,train
raw_data/B2.09/B2.09.Tha-Da_39.JPG,B2.09.Tha-Da_39.JPG,B2.09,B2,train
raw_data/B2.09/B2.09.Tha-Da_40.JPG,B2.09.Tha-Da_40.JPG,B2.09,B2,train
raw_data/B2.09/B2.09.Tha-Da_41.JPG,B2.09.Tha-Da_41.JPG,B2.09,B2,train
raw_data/B2.09/B2.09.Tha-Da_42.JPG,B2.09.Tha-Da_42.JPG,B2.09,B2,train
raw_data/B2.09/B2.09.Tha-Da_43.JPG,B2.09.Tha-Da_43.JPG,B2.09,B2,train
raw_data/B2.09/B2.09.Tha-Da_44.JPG,B2.09.Tha-Da_44.JPG,B2.09,B2,train
raw_data/B2.09/B2.09.Tha-Da_45.JPG,B2.09.Tha-Da_45.JPG,B2.09,B2,train
raw_data/B2.09/B2.09.Tha-Da_46.JPG,B2.09.Tha-Da_46.JPG,B2.09,B2,train
raw_data/B2.09/B2.09.Tha-Da_47.JPG,B2.09.Tha-Da_47.JPG,B2.09,B2,train
raw_data/B2.09/B2.09.Tha-Da_48.JPG,B2.09.Tha-Da_48.JPG,B2.09,B2,train
raw_data/B2.09/B2.09.Tha-Da_49.JPG,B2.09.Tha-Da_49.JPG,B2.09,B2,train
raw_data/B2.09/B2.09.Tha-Da_50.JPG,B2.09.Tha-Da_50.JPG,B2.09,B2,train
raw_data/B2.09/B2.09.Tha-Da_51.JPG,B2.09.Tha-Da_51.JPG,B2.09,B2,train
raw_data/B2.09/B2.09.Tha-Da_52.JPG,B2.09.Tha-Da_52.JPG,B2.09,B2,train
raw_data/B2.09/B2.09.Tha-Da_53.JPG,B2.09.Tha-Da_53.JPG,B2.09,B2,train
raw_data/B2.09/B2.09.Tha-Da_54.JPG,B2.09.Tha-Da_54.JPG,B2.09,B2,train
raw_data/B2.09/B2.09.Tha-Da_55.JPG,B2.09.Tha-Da_55.JPG,B2.09,B2,train
raw_data/B2.09/B2.09.Tha-Da_56.JPG,B2.09.Tha-Da_56.JPG,B2.09,B2,train
raw_data/B2.09/B2.09.Tha-Da_57.JPG,B2.09.Tha-Da_57.JPG,B2.09,B2,train
raw_data/B2.09/B2.09.Tha-Da_58.JPG,B2.09.Tha-Da_58.JPG,B2.09,B2,train
raw_data/B2.09/B2.09.Tha-Da_59.JPG,B2.09.Tha-Da_59.JPG,B2.09,B2,train
raw_data/B2.09/B2.09.Tha-Da_60.JPG,B2.09.Tha-Da_60.JPG,B2.09,B2,train
raw_data/B2.09/B2.09.Tha-Da_61.JPG,B2.09.Tha-Da_61.JPG,B2.09,B2,train
raw_data/B2.09/B2.09.Tha-Da_62.JPG,B2.09.Tha-Da_62.JPG,B2.09,B2,train
raw_data/B2.09/B2.09.Tha-Da_63.JPG,B2.09.Tha-Da_63.JPG,B2.09,B2,train
raw_data/B2.10/B2.10.War-Mus_01.jpg,B2.10.War-Mus_01.jpg,B2.10,B2,train
raw_data/B2.10/B2.10.War-Mus_02.jpg,B2.10.War-Mus_02.jpg,B2.10,B2,train
raw_data/B2.10/B2.10.War-Mus_03.jpg,B2.10.War-Mus_03.jpg,B2.10,B2,train
raw_data/B2.10/B2.10.War-Mus_04.jpg,B2.10.War-Mus_04.jpg,B2.10,B2,train
raw_data/B2.10/B2.10.War-Mus_05.jpg,B2.10.War-Mus_05.jpg,B2.10,B2,train
raw_data/B2.10/B2.10.War-Mus_06.jpg,B2.10.War-Mus_06.jpg,B2.10,B2,train
raw_data/B2.10/B2.10.War-Mus_07.jpg,B2.10.War-Mus_07.jpg,B2.10,B2,train
raw_data/B2.10/B2.10.War-Mus_08.jpg,B2.10.War-Mus_08.jpg,B2.10,B2,train
raw_data/B2.10/B2.10.War-Mus_09.jpg,B2.10.War-Mus_09.jpg,B2.10,B2,train
raw_data/B2.10/B2.10.War-Mus_10.jpg,B2.10.War-Mus_10.jpg,B2.10,B2,train
raw_data/B2.10/B2.10.War-Mus_100.jpg,B2.10.War-Mus_100.jpg,B2.10,B2,train
raw_data/B2.10/B2.10.War-Mus_101.jpg,B2.10.War-Mus_101.jpg,B2.10,B2,train
raw_data/B2.10/B2.10.War-Mus_102.jpg,B2.10.War-Mus_102.jpg,B2.10,B2,train
raw_data/B2.10/B2.10.War-Mus_103.jpg,B2.10.War-Mus_103.jpg,B2.10,B2,train
raw_data/B2.10/B2.10.War-Mus_104.jpg,B2.10.War-Mus_104.jpg,B2.10,B2,train
raw_data/B2.10/B2.10.War-Mus_105.jpg,B2.10.War-Mus_105.jpg,B2.10,B2,train
raw_data/B2.10/B2.10.War-Mus_106.jpg,B2.10.War-Mus_106.jpg,B2.10,B2,train
raw_data/B2.10/B2.10.War-Mus_107.jpg,B2.10.War-Mus_107.jpg,B2.10,B2,train
raw_data/B2.10/B2.10.War-Mus_108.jpg,B2.10.War-Mus_108.jpg,B2.10,B2,train
raw_data/B2.10/B2.10.War-Mus_11.jpg,B2.10.War-Mus_11.jpg,B2.10,B2,train
raw_data/B2.10/B2.10.War-Mus_12.jpg,B2.10.War-Mus_12.jpg,B2.10,B2,train
raw_data/B2.10/B2.10.War-Mus_13.jpg,B2.10.War-Mus_13.jpg,B2.10,B2,train
raw_data/B2.10/B2.10.War-Mus_14.jpg,B2.10.War-Mus_14.jpg,B2.10,B2,train
raw_data/B2.10/B2.10.War-Mus_15.jpg,B2.10.War-Mus_15.jpg,B2.10,B2,train
raw_data/B2.10/B2.10.War-Mus_16.jpg,B2.10.War-Mus_16.jpg,B2.10,B2,train
raw_data/B2.10/B2.10.War-Mus_17.jpg,B2.10.War-Mus_17.jpg,B2.10,B2,train
raw_data/B2.10/B2.10.War-Mus_18.jpg,B2.10.War-Mus_18.jpg,B2.10,B2,train
raw_data/B2.10/B2.10.War-Mus_19.jpg,B2.10.War-Mus_19.jpg,B2.10,B2,train
raw_data/B2.10/B2.10.War-Mus_20.jpg,B2.10.War-Mus_20.jpg,B2.10,B2,train
raw_data/B2.10/B2.10.War-Mus_21.jpg,B2.10.War-Mus_21.jpg,B2.10,B2,train
raw_data/B2.10/B2.10.War-Mus_22.jpg,B2.10.War-Mus_22.jpg,B2.10,B2,train
raw_data/B2.10/B2.10.War-Mus_23.jpg,B2.10.War-Mus_23.jpg,B2.10,B2,train
raw_data/B2.10/B2.10.War-Mus_24.jpg,B2.10.War-Mus_24.jpg,B2.10,B2,train
raw_data/B2.10/B2.10.War-Mus_25.jpg,B2.10.War-Mus_25.jpg,B2.10,B2,train
raw_data/B2.10/B2.10.War-Mus_26.jpg,B2.10.War-Mus_26.jpg,B2.10,B2,train
raw_data/B2.10/B2.10.War-Mus_27.jpg,B2.10.War-Mus_27.jpg,B2.10,B2,train
raw_data/B2.10/B2.10.War-Mus_28.jpg,B2.10.War-Mus_28.jpg,B2.10,B2,train
raw_data/B2.10/B2.10.War-Mus_29.jpg,B2.10.War-Mus_29.jpg,B2.10,B2,train
raw_data/B2.10/B2.10.War-Mus_30.jpg,B2.10.War-Mus_30.jpg,B2.10,B2,train
raw_data/B2.10/B2.10.War-Mus_31.jpg,B2.10.War-Mus_31.jpg,B2.10,B2,train
raw_data/B2.10/B2.10.War-Mus_32.jpg,B2.10.War-Mus_32.jpg,B2.10,B2,train
raw_data/B2.10/B2.10.War-Mus_33.jpg,B2.10.War-Mus_33.jpg,B2.10,B2,train
raw_data/B2.10/B2.10.War-Mus_34.jpg,B2.10.War-Mus_34.jpg,B2.10,B2,train
raw_data/B2.10/B2.10.War-Mus_35.jpg,B2.10.War-Mus_35.jpg,B2.10,B2,train
raw_data/B2.10/B2.10.War-Mus_36.jpg,B2.10.War-Mus_36.jpg,B2.10,B2,train
raw_data/B2.10/B2.10.War-Mus_37.jpg,B2.10.War-Mus_37.jpg,B2.10,B2,train
raw_data/B2.10/B2.10.War-Mus_38.jpg,B2.10.War-Mus_38.jpg,B2.10,B2,train
raw_data/B2.10/B2.10.War-Mus_39.jpg,B2.10.War-Mus_39.jpg,B2.10,B2,train
raw_data/B2.10/B2.10.War-Mus_40.jpg,B2.10.War-Mus_40.jpg,B2.10,B2,train
raw_data/B2.10/B2.10.War-Mus_41.jpg,B2.10.War-Mus_41.jpg,B2.10,B2,train
raw_data/B2.10/B2.10.War-Mus_42.jpg,B2.10.War-Mus_42.jpg,B2.10,B2,train
raw_data/B2.10/B2.10.War-Mus_43.jpg,B2.10.War-Mus_43.jpg,B2.10,B2,train
raw_data/B2.10/B2.10.War-Mus_44.jpg,B2.10.War-Mus_44.jpg,B2.10,B2,train
raw_data/B2.10/B2.10.War-Mus_45.jpg,B2.10.War-Mus_45.jpg,B2.10,B2,train
raw_data/B2.10/B2.10.War-Mus_46.jpg,B2.10.War-Mus_46.jpg,B2.10,B2,train
raw_data/B2.10/B2.10.War-Mus_47.jpg,B2.10.War-Mus_47.jpg,B2.10,B2,train
raw_data/B2.10/B2.10.War-Mus_48.jpg,B2.10.War-Mus_48.jpg,B2.10,B2,train
raw_data/B2.10/B2.10.War-Mus_49.jpg,B2.10.War-Mus_49.jpg,B2.10,B2,train
raw_data/B2.10/B2.10.War-Mus_50.jpg,B2.10.War-Mus_50.jpg,B2.10,B2,train
raw_data/B2.10/B2.10.War-Mus_51.jpg,B2.10.War-Mus_51.jpg,B2.10,B2,train
raw_data/B2.10/B2.10.War-Mus_52.jpg,B2.10.War-Mus_52.jpg,B2.10,B2,train
raw_data/B2.10/B2.10.War-Mus_53.jpg,B2.10.War-Mus_53.jpg,B2.10,B2,train
raw_data/B2.10/B2.10.War-Mus_54.jpg,B2.10.War-Mus_54.jpg,B2.10,B2,train
raw_data/B2.10/B2.10.War-Mus_55.jpg,B2.10.War-Mus_55.jpg,B2.10,B2,train
raw_data/B2.10/B2.10.War-Mus_56.jpg,B2.10.War-Mus_56.jpg,B2.10,B2,train
raw_data/B2.10/B2.10.War-Mus_57.jpg,B2.10.War-Mus_57.jpg,B2.10,B2,train
raw_data/B2.10/B2.10.War-Mus_58.jpg,B2.10.War-Mus_58.jpg,B2.10,B2,train
raw_data/B2.10/B2.10.War-Mus_59.jpg,B2.10.War-Mus_59.jpg,B2.10,B2,train
raw_data/B2.10/B2.10.War-Mus_60.jpg,B2.10.War-Mus_60.jpg,B2.10,B2,train
raw_data/B2.10/B2.10.War-Mus_61.jpg,B2.10.War-Mus_61.jpg,B2.10,B2,train
raw_data/B2.10/B2.10.War-Mus_62.jpg,B2.10.War-Mus_62.jpg,B2.10,B2,train
raw_data/B2.10/B2.10.War-Mus_63.jpg,B2.10.War-Mus_63.jpg,B2.10,B2,train
raw_data/B2.10/B2.10.War-Mus_64.jpg,B2.10.War-Mus_64.jpg,B2.10,B2,train
raw_data/B2.10/B2.10.War-Mus_65.jpg,B2.10.War-Mus_65.jpg,B2.10,B2,train
raw_data/B2.10/B2.10.War-Mus_66.jpg,B2.10.War-Mus_66.jpg,B2.10,B2,train
raw_data/B2.10/B2.10.War-Mus_67.jpg,B2.10.War-Mus_67.jpg,B2.10,B2,train
raw_data/B2.10/B2.10.War-Mus_68.jpg,B2.10.War-Mus_68.jpg,B2.10,B2,train
raw_data/B2.10/B2.10.War-Mus_69.jpg,B2.10.War-Mus_69.jpg,B2.10,B2,train
raw_data/B2.10/B2.10.War-Mus_70.jpg,B2.10.War-Mus_70.jpg,B2.10,B2,train
raw_data/B2.10/B2.10.War-Mus_71.jpg,B2.10.War-Mus_71.jpg,B2.10,B2,train
raw_data/B2.10/B2.10.War-Mus_72.jpg,B2.10.War-Mus_72.jpg,B2.10,B2,train
raw_data/B2.10/B2.10.War-Mus_73.jpg,B2.10.War-Mus_73.jpg,B2.10,B2,train
raw_data/B2.10/B2.10.War-Mus_74.jpg,B2.10.War-Mus_74.jpg,B2.10,B2,train
raw_data/B2.10/B2.10.War-Mus_75.jpg,B2.10.War-Mus_75.jpg,B2.10,B2,train
raw_data/B2.10/B2.10.War-Mus_76.jpg,B2.10.War-Mus_76.jpg,B2.10,B2,train
raw_data/B2.10/B2.10.War-Mus_77.jpg,B2.10.War-Mus_77.jpg,B2.10,B2,train
raw_data/B2.10/B2.10.War-Mus_78.jpg,B2.10.War-Mus_78.jpg,B2.10,B2,train
raw_data/B2.10/B2.10.War-Mus_79.jpg,B2.10.War-Mus_79.jpg,B2.10,B2,train
raw_data/B2.10/B2.10.War-Mus_80.jpg,B2.10.War-Mus_80.jpg,B2.10,B2,train
raw_data/B2.10/B2.10.War-Mus_81.jpg,B2.10.War-Mus_81.jpg,B2.10,B2,train
raw_data/B2.10/B2.10.War-Mus_82.jpg,B2.10.War-Mus_82.jpg,B2.10,B2,train
raw_data/B2.10/B2.10.War-Mus_83.jpg,B2.10.War-Mus_83.jpg,B2.10,B2,train
raw_data/B2.10/B2.10.War-Mus_84.jpg,B2.10.War-Mus_84.jpg,B2.10,B2,train
raw_data/B2.10/B2.10.War-Mus_85.jpg,B2.10.War-Mus_85.jpg,B2.10,B2,train
raw_data/B2.10/B2.10.War-Mus_86.jpg,B2.10.War-Mus_86.jpg,B2.10,B2,train
raw_data/B2.10/B2.10.War-Mus_87.jpg,B2.10.War-Mus_87.jpg,B2.10,B2,train
raw_data/B2.10/B2.10.War-Mus_88.jpg,B2.10.War-Mus_88.jpg,B2.10,B2,train
raw_data/B2.10/B2.10.War-Mus_89.jpg,B2.10.War-Mus_89.jpg,B2.10,B2,train
raw_data/B2.10/B2.10.War-Mus_90.jpg,B2.10.War-Mus_90.jpg,B2.10,B2,train
raw_data/B2.10/B2.10.War-Mus_91.jpg,B2.10.War-Mus_91.jpg,B2.10,B2,train
raw_data/B2.10/B2.10.War-Mus_92.jpg,B2.10.War-Mus_92.jpg,B2.10,B2,train
raw_data/B2.10/B2.10.War-Mus_93.jpg,B2.10.War-Mus_93.jpg,B2.10,B2,train
raw_data/B2.10/B2.10.War-Mus_94.jpg,B2.10.War-Mus_94.jpg,B2.10,B2,train
raw_data/B2.10/B2.10.War-Mus_95.jpg,B2.10.War-Mus_95.jpg,B2.10,B2,train
raw_data/B2.10/B2.10.War-Mus_96.jpg,B2.10.War-Mus_96.jpg,B2.10,B2,train
raw_data/B2.10/B2.10.War-Mus_97.jpg,B2.10.War-Mus_97.jpg,B2.10,B2,train
raw_data/B2.10/B2.10.War-Mus_98.jpg,B2.10.War-Mus_98.jpg,B2.10,B2,train
raw_data/B2.10/B2.10.War-Mus_99.jpg,B2.10.War-Mus_99.jpg,B2.10,B2,train
raw_data/B2.11/B2.11.Mil-Zon7_01.JPG,B2.11.Mil-Zon7_01.JPG,B2.11,B2,train
raw_data/B2.11/B2.11.Mil-Zon7_02.JPG,B2.11.Mil-Zon7_02.JPG,B2.11,B2,train
raw_data/B2.11/B2.11.Mil-Zon7_03.JPG,B2.11.Mil-Zon7_03.JPG,B2.11,B2,train
raw_data/B2.11/B2.11.Mil-Zon7_04.JPG,B2.11.Mil-Zon7_04.JPG,B2.11,B2,train
raw_data/B2.11/B2.11.Mil-Zon7_05.JPG,B2.11.Mil-Zon7_05.JPG,B2.11,B2,train
raw_data/B2.11/B2.11.Mil-Zon7_06.JPG,B2.11.Mil-Zon7_06.JPG,B2.11,B2,train
raw_data/B2.11/B2.11.Mil-Zon7_07.JPG,B2.11.Mil-Zon7_07.JPG,B2.11,B2,train
raw_data/B2.11/B2.11.Mil-Zon7_08.JPG,B2.11.Mil-Zon7_08.JPG,B2.11,B2,train
raw_data/B2.11/B2.11.Mil-Zon7_09.JPG,B2.11.Mil-Zon7_09.JPG,B2.11,B2,train
raw_data/B2.11/B2.11.Mil-Zon7_10.JPG,B2.11.Mil-Zon7_10.JPG,B2.11,B2,train
raw_data/B2.11/B2.11.Mil-Zon7_11.JPG,B2.11.Mil-Zon7_11.JPG,B2.11,B2,train
raw_data/B2.11/B2.11.Mil-Zon7_12.JPG,B2.11.Mil-Zon7_12.JPG,B2.11,B2,train
raw_data/B2.11/B2.11.Mil-Zon7_13.JPG,B2.11.Mil-Zon7_13.JPG,B2.11,B2,train
raw_data/B2.11/B2.11.Mil-Zon7_14.JPG,B2.11.Mil-Zon7_14.JPG,B2.11,B2,train
raw_data/B2.11/B2.11.Mil-Zon7_15.JPG,B2.11.Mil-Zon7_15.JPG,B2.11,B2,train
raw_data/B2.11/B2.11.Mil-Zon7_16.JPG,B2.11.Mil-Zon7_16.JPG,B2.11,B2,train
raw_data/B2.11/B2.11.Mil-Zon7_17.JPG,B2.11.Mil-Zon7_17.JPG,B2.11,B2,train
raw_data/B2.11/B2.11.Mil-Zon7_18.JPG,B2.11.Mil-Zon7_18.JPG,B2.11,B2,train
raw_data/B2.11/B2.11.Mil-Zon7_19.JPG,B2.11.Mil-Zon7_19.JPG,B2.11,B2,train
raw_data/B2.11/B2.11.Mil-Zon7_20.JPG,B2.11.Mil-Zon7_20.JPG,B2.11,B2,train
raw_data/B2.11/B2.11.Mil-Zon7_21.JPG,B2.11.Mil-Zon7_21.JPG,B2.11,B2,train
raw_data/B2.11/B2.11.Mil-Zon7_22.JPG,B2.11.Mil-Zon7_22.JPG,B2.11,B2,train
raw_data/B2.11/B2.11.Mil-Zon7_23.JPG,B2.11.Mil-Zon7_23.JPG,B2.11,B2,train
raw_data/B2.11/B2.11.Mil-Zon7_24.JPG,B2.11.Mil-Zon7_24.JPG,B2.11,B2,train
raw_data/B2.11/B2.11.Mil-Zon7_25.JPG,B2.11.Mil-Zon7_25.JPG,B2.11,B2,train
raw_data/B2.11/B2.11.Mil-Zon7_26.JPG,B2.11.Mil-Zon7_26.JPG,B2.11,B2,train
raw_data/B2.11/B2.11.Mil-Zon7_27.JPG,B2.11.Mil-Zon7_27.JPG,B2.11,B2,train
raw_data/B2.11/B2.11.Mil-Zon7_28.JPG,B2.11.Mil-Zon7_28.JPG,B2.11,B2,train
raw_data/B2.11/B2.11.Mil-Zon7_29.JPG,B2.11.Mil-Zon7_29.JPG,B2.11,B2,train
raw_data/B2.11/B2.11.Mil-Zon7_30.JPG,B2.11.Mil-Zon7_30.JPG,B2.11,B2,train
raw_data/B2.11/B2.11.Mil-Zon7_31.JPG,B2.11.Mil-Zon7_31.JPG,B2.11,B2,train
raw_data/B2.11/B2.11.Mil-Zon7_32.JPG,B2.11.Mil-Zon7_32.JPG,B2.11,B2,train
raw_data/B2.11/B2.11.Mil-Zon7_33.JPG,B2.11.Mil-Zon7_33.JPG,B2.11,B2,train
raw_data/B2.11/B2.11.Mil-Zon7_34.JPG,B2.11.Mil-Zon7_34.JPG,B2.11,B2,train
raw_data/B2.11/B2.11.Mil-Zon7_35.JPG,B2.11.Mil-Zon7_35.JPG,B2.11,B2,train
raw_data/B2.11/B2.11.Mil-Zon7_36.JPG,B2.11.Mil-Zon7_36.JPG,B2.11,B2,train
raw_data/B2.11/B2.11.Mil-Zon7_37.JPG,B2.11.Mil-Zon7_37.JPG,B2.11,B2,train
raw_data/B2.11/B2.11.Mil-Zon7_38.JPG,B2.11.Mil-Zon7_38.JPG,B2.11,B2,train
raw_data/B2.11/B2.11.Mil-Zon7_39.JPG,B2.11.Mil-Zon7_39.JPG,B2.11,B2,train
raw_data/B2.11/B2.11.Mil-Zon7_40.JPG,B2.11.Mil-Zon7_40.JPG,B2.11,B2,train
raw_data/B2.11/B2.11.Mil-Zon7_41.JPG,B2.11.Mil-Zon7_41.JPG,B2.11,B2,train
raw_data/B2.11/B2.11.Mil-Zon7_42.JPG,B2.11.Mil-Zon7_42.JPG,B2.11,B2,train
raw_data/B2.11/B2.11.Mil-Zon7_43.JPG,B2.11.Mil-Zon7_43.JPG,B2.11,B2,train
raw_data/B2.11/B2.11.Mil-Zon7_44.JPG,B2.11.Mil-Zon7_44.JPG,B2.11,B2,train
raw_data/B2.11/B2.11.Mil-Zon7_45.JPG,B2.11.Mil-Zon7_45.JPG,B2.11,B2,train
raw_data/B2.11/B2.11.Mil-Zon7_46.JPG,B2.11.Mil-Zon7_46.JPG,B2.11,B2,train
raw_data/B2.11/B2.11.Mil-Zon7_47.JPG,B2.11.Mil-Zon7_47.JPG,B2.11,B2,train
raw_data/B2.11/B2.11.Mil-Zon7_48.JPG,B2.11.Mil-Zon7_48.JPG,B2.11,B2,train
raw_data/B2.11/B2.11.Mil-Zon7_49.JPG,B2.11.Mil-Zon7_49.JPG,B2.11,B2,train
raw_data/B2.11/B2.11.Mil-Zon7_50.JPG,B2.11.Mil-Zon7_50.JPG,B2.11,B2,train
raw_data/B2.11/B2.11.Mil-Zon7_51.JPG,B2.11.Mil-Zon7_51.JPG,B2.11,B2,train
raw_data/B2.11/B2.11.Mil-Zon7_52.JPG,B2.11.Mil-Zon7_52.JPG,B2.11,B2,train
raw_data/B2.11/B2.11.Mil-Zon7_53.JPG,B2.11.Mil-Zon7_53.JPG,B2.11,B2,train
raw_data/B2.11/B2.11.Mil-Zon7_54.JPG,B2.11.Mil-Zon7_54.JPG,B2.11,B2,train
raw_data/B2.11/B2.11.Mil-Zon7_55.JPG,B2.11.Mil-Zon7_55.JPG,B2.11,B2,train
raw_data/B2.11/B2.11.Mil-Zon7_56.JPG,B2.11.Mil-Zon7_56.JPG,B2.11,B2,train
raw_data/B2.11/B2.11.Mil-Zon7_57.JPG,B2.11.Mil-Zon7_57.JPG,B2.11,B2,train
raw_data/B2.11/B2.11.Mil-Zon7_58.JPG,B2.11.Mil-Zon7_58.JPG,B2.11,B2,train
raw_data/B2.11/B2.11.Mil-Zon7_59.JPG,B2.11.Mil-Zon7_59.JPG,B2.11,B2,train
raw_data/B2.11/B2.11.Mil-Zon7_60.JPG,B2.11.Mil-Zon7_60.JPG,B2.11,B2,train
raw_data/B2.11/B2.11.Mil-Zon7_61.JPG,B2.11.Mil-Zon7_61.JPG,B2.11,B2,train
raw_data/B2.11/B2.11.Mil-Zon7_62.JPG,B2.11.Mil-Zon7_62.JPG,B2.11,B2,train
raw_data/B2.11/B2.11.Mil-Zon7_63.JPG,B2.11.Mil-Zon7_63.JPG,B2.11,B2,train
raw_data/B2.11/B2.11.Mil-Zon7_64.JPG,B2.11.Mil-Zon7_64.JPG,B2.11,B2,train
raw_data/B2.11/B2.11.Mil-Zon7_65.JPG,B2.11.Mil-Zon7_65.JPG,B2.11,B2,train
raw_data/B2.11/B2.11.Mil-Zon7_66.JPG,B2.11.Mil-Zon7_66.JPG,B2.11,B2,train
raw_data/B2.11/B2.11.Mil-Zon7_67.JPG,B2.11.Mil-Zon7_67.JPG,B2.11,B2,train
raw_data/B2.11/B2.11.Mil-Zon7_68.JPG,B2.11.Mil-Zon7_68.JPG,B2.11,B2,train
raw_data/B2.11/B2.11.Mil-Zon7_69.JPG,B2.11.Mil-Zon7_69.JPG,B2.11,B2,train
raw_data/B2.11/B2.11.Mil-Zon7_70.JPG,B2.11.Mil-Zon7_70.JPG,B2.11,B2,train
raw_data/B2.11/B2.11.Mil-Zon7_71.JPG,B2.11.Mil-Zon7_71.JPG,B2.11,B2,train
raw_data/B2.11/B2.11.Mil-Zon7_72.JPG,B2.11.Mil-Zon7_72.JPG,B2.11,B2,train
raw_data/B2.11/B2.11.Mil-Zon7_73.JPG,B2.11.Mil-Zon7_73.JPG,B2.11,B2,train
raw_data/B2.11/B2.11.Mil-Zon7_74.JPG,B2.11.Mil-Zon7_74.JPG,B2.11,B2,train
raw_data/B2.11/B2.11.Mil-Zon7_75.JPG,B2.11.Mil-Zon7_75.JPG,B2.11,B2,train
raw_data/B2.11/B2.11.Mil-Zon7_76.JPG,B2.11.Mil-Zon7_76.JPG,B2.11,B2,train
raw_data/B2.11/B2.11.Mil-Zon7_77.JPG,B2.11.Mil-Zon7_77.JPG,B2.11,B2,train
raw_data/B2.12/B2.12.SW-Mus_01.JPG,B2.12.SW-Mus_01.JPG,B2.12,B2,train
raw_data/B2.12/B2.12.SW-Mus_02.JPG,B2.12.SW-Mus_02.JPG,B2.12,B2,train
raw_data/B2.12/B2.12.SW-Mus_03.JPG,B2.12.SW-Mus_03.JPG,B2.12,B2,train
raw_data/B2.12/B2.12.SW-Mus_04.JPG,B2.12.SW-Mus_04.JPG,B2.12,B2,train
raw_data/B2.12/B2.12.SW-Mus_05.JPG,B2.12.SW-Mus_05.JPG,B2.12,B2,train
raw_data/B2.12/B2.12.SW-Mus_06.JPG,B2.12.SW-Mus_06.JPG,B2.12,B2,train
raw_data/B2.12/B2.12.SW-Mus_07.JPG,B2.12.SW-Mus_07.JPG,B2.12,B2,train
raw_data/B2.12/B2.12.SW-Mus_08.JPG,B2.12.SW-Mus_08.JPG,B2.12,B2,train
raw_data/B2.12/B2.12.SW-Mus_09.JPG,B2.12.SW-Mus_09.JPG,B2.12,B2,train
raw_data/B2.12/B2.12.SW-Mus_10.JPG,B2.12.SW-Mus_10.JPG,B2.12,B2,train
raw_data/B2.12/B2.12.SW-Mus_11.JPG,B2.12.SW-Mus_11.JPG,B2.12,B2,train
raw_data/B2.12/B2.12.SW-Mus_12.JPG,B2.12.SW-Mus_12.JPG,B2.12,B2,train
raw_data/B2.12/B2.12.SW-Mus_13.JPG,B2.12.SW-Mus_13.JPG,B2.12,B2,train
raw_data/B2.12/B2.12.SW-Mus_14.JPG,B2.12.SW-Mus_14.JPG,B2.12,B2,train
raw_data/B2.12/B2.12.SW-Mus_15.JPG,B2.12.SW-Mus_15.JPG,B2.12,B2,train
raw_data/B2.12/B2.12.SW-Mus_16.JPG,B2.12.SW-Mus_16.JPG,B2.12,B2,train
raw_data/B2.12/B2.12.SW-Mus_17.JPG,B2.12.SW-Mus_17.JPG,B2.12,B2,train
raw_data/B2.12/B2.12.SW-Mus_18.JPG,B2.12.SW-Mus_18.JPG,B2.12,B2,train
raw_data/B2.12/B2.12.SW-Mus_19.JPG,B2.12.SW-Mus_19.JPG,B2.12,B2,train
raw_data/B2.12/B2.12.SW-Mus_20.JPG,B2.12.SW-Mus_20.JPG,B2.12,B2,train
raw_data/B2.12/B2.12.SW-Mus_21.JPG,B2.12.SW-Mus_21.JPG,B2.12,B2,train
raw_data/B2.12/B2.12.SW-Mus_22.JPG,B2.12.SW-Mus_22.JPG,B2.12,B2,train
raw_data/B2.12/B2.12.SW-Mus_23.JPG,B2.12.SW-Mus_23.JPG,B2.12,B2,train
raw_data/B2.12/B2.12.SW-Mus_24.JPG,B2.12.SW-Mus_24.JPG,B2.12,B2,train
raw_data/B2.12/B2.12.SW-Mus_25.JPG,B2.12.SW-Mus_25.JPG,B2.12,B2,train
raw_data/B2.12/B2.12.SW-Mus_26.JPG,B2.12.SW-Mus_26.JPG,B2.12,B2,train
raw_data/B2.12/B2.12.SW-Mus_27.JPG,B2.12.SW-Mus_27.JPG,B2.12,B2,train
raw_data/B2.12/B2.12.SW-Mus_28.JPG,B2.12.SW-Mus_28.JPG,B2.12,B2,train
raw_data/B2.12/B2.12.SW-Mus_29.JPG,B2.12.SW-Mus_29.JPG,B2.12,B2,train
raw_data/B2.12/B2.12.SW-Mus_30.JPG,B2.12.SW-Mus_30.JPG,B2.12,B2,train
raw_data/B2.12/B2.12.SW-Mus_31.JPG,B2.12.SW-Mus_31.JPG,B2.12,B2,train
raw_data/B2.12/B2.12.SW-Mus_32.JPG,B2.12.SW-Mus_32.JPG,B2.12,B2,train
raw_data/B2.12/B2.12.SW-Mus_33.JPG,B2.12.SW-Mus_33.JPG,B2.12,B2,train
raw_data/B2.12/B2.12.SW-Mus_34.JPG,B2.12.SW-Mus_34.JPG,B2.12,B2,train
raw_data/B2.12/B2.12.SW-Mus_35.JPG,B2.12.SW-Mus_35.JPG,B2.12,B2,train
raw_data/B2.12/B2.12.SW-Mus_36.JPG,B2.12.SW-Mus_36.JPG,B2.12,B2,train
raw_data/B2.12/B2.12.SW-Mus_37.JPG,B2.12.SW-Mus_37.JPG,B2.12,B2,train
raw_data/B2.12/B2.12.SW-Mus_38.JPG,B2.12.SW-Mus_38.JPG,B2.12,B2,train
raw_data/B2.12/B2.12.SW-Mus_39.JPG,B2.12.SW-Mus_39.JPG,B2.12,B2,train
raw_data/B2.12/B2.12.SW-Mus_40.JPG,B2.12.SW-Mus_40.JPG,B2.12,B2,train
raw_data/B2.13 (need_review)/DSC07102.JPG,DSC07102.JPG,B2.13 (need_review),B2,val
raw_data/B2.13 (need_review)/DSC07103.JPG,DSC07103.JPG,B2.13 (need_review),B2,val
raw_data/B2.13 (need_review)/DSC07104.JPG,DSC07104.JPG,B2.13 (need_review),B2,val
raw_data/B2.13 (need_review)/DSC07105.JPG,DSC07105.JPG,B2.13 (need_review),B2,val
raw_data/B2.13 (need_review)/DSC07106.JPG,DSC07106.JPG,B2.13 (need_review),B2,val
raw_data/B2.13 (need_review)/DSC07107.JPG,DSC07107.JPG,B2.13 (need_review),B2,val
raw_data/B2.13 (need_review)/DSC07108.JPG,DSC07108.JPG,B2.13 (need_review),B2,val
raw_data/B2.13 (need_review)/DSC07109.JPG,DSC07109.JPG,B2.13 (need_review),B2,val
raw_data/B2.13 (need_review)/DSC07110.JPG,DSC07110.JPG,B2.13 (need_review),B2,val
raw_data/B2.13 (need_review)/DSC07111.JPG,DSC07111.JPG,B2.13 (need_review),B2,val
raw_data/B2.13 (need_review)/DSC07112.JPG,DSC07112.JPG,B2.13 (need_review),B2,val
raw_data/B2.13 (need_review)/DSC07114.JPG,DSC07114.JPG,B2.13 (need_review),B2,val
raw_data/B2.13 (need_review)/DSC07115.JPG,DSC07115.JPG,B2.13 (need_review),B2,val
raw_data/B2.13 (need_review)/DSC07116.JPG,DSC07116.JPG,B2.13 (need_review),B2,val
raw_data/B2.13 (need_review)/DSC07117.JPG,DSC07117.JPG,B2.13 (need_review),B2,val
raw_data/B2.13 (need_review)/DSC07118.JPG,DSC07118.JPG,B2.13 (need_review),B2,val
raw_data/B2.13 (need_review)/DSC07119.JPG,DSC07119.JPG,B2.13 (need_review),B2,val
raw_data/B2.13 (need_review)/DSC07120.JPG,DSC07120.JPG,B2.13 (need_review),B2,val
raw_data/B2.13 (need_review)/DSC07123.JPG,DSC07123.JPG,B2.13 (need_review),B2,val
raw_data/B2.13 (need_review)/DSC07124.JPG,DSC07124.JPG,B2.13 (need_review),B2,val
raw_data/B2.13 (need_review)/DSC07125.JPG,DSC07125.JPG,B2.13 (need_review),B2,val
raw_data/B2.13 (need_review)/DSC07126.JPG,DSC07126.JPG,B2.13 (need_review),B2,val
raw_data/B2.13 (need_review)/DSC07130.JPG,DSC07130.JPG,B2.13 (need_review),B2,val
raw_data/B2.13 (need_review)/DSC07131.JPG,DSC07131.JPG,B2.13 (need_review),B2,val
raw_data/B2.13 (need_review)/DSC07132.JPG,DSC07132.JPG,B2.13 (need_review),B2,val
raw_data/B2.13 (need_review)/DSC07133.JPG,DSC07133.JPG,B2.13 (need_review),B2,val
raw_data/B2.13 (need_review)/DSC08413.JPG,DSC08413.JPG,B2.13 (need_review),B2,val
raw_data/B2.13 (need_review)/DSC08414.JPG,DSC08414.JPG,B2.13 (need_review),B2,val
raw_data/B2.13 (need_review)/DSC08417.JPG,DSC08417.JPG,B2.13 (need_review),B2,val
raw_data/B2.13 (need_review)/DSC08419.JPG,DSC08419.JPG,B2.13 (need_review),B2,val
raw_data/B2.14 (need_review)/DSC08539.JPG,DSC08539.JPG,B2.14 (need_review),B2,train
raw_data/B2.14 (need_review)/DSC08540.JPG,DSC08540.JPG,B2.14 (need_review),B2,train
raw_data/B2.14 (need_review)/DSC08541.JPG,DSC08541.JPG,B2.14 (need_review),B2,train
raw_data/B2.14 (need_review)/DSC08569.JPG,DSC08569.JPG,B2.14 (need_review),B2,train
raw_data/B2.14 (need_review)/DSC08570.JPG,DSC08570.JPG,B2.14 (need_review),B2,train
raw_data/B2.14 (need_review)/DSC08577.JPG,DSC08577.JPG,B2.14 (need_review),B2,train
raw_data/B2.14 (need_review)/DSC08578.JPG,DSC08578.JPG,B2.14 (need_review),B2,train
raw_data/B2.14 (need_review)/DSC08589.JPG,DSC08589.JPG,B2.14 (need_review),B2,train
raw_data/B2.14 (need_review)/DSC08591.JPG,DSC08591.JPG,B2.14 (need_review),B2,train
raw_data/B2.14 (need_review)/DSC08592.JPG,DSC08592.JPG,B2.14 (need_review),B2,train
raw_data/B2.14 (need_review)/DSC08593.JPG,DSC08593.JPG,B2.14 (need_review),B2,train
raw_data/B2.14 (need_review)/DSC08660.JPG,DSC08660.JPG,B2.14 (need_review),B2,train
raw_data/B2.14 (need_review)/DSC08666.JPG,DSC08666.JPG,B2.14 (need_review),B2,train
raw_data/B2.14 (need_review)/DSC08667.JPG,DSC08667.JPG,B2.14 (need_review),B2,train
raw_data/B2.14 (need_review)/DSC08668.JPG,DSC08668.JPG,B2.14 (need_review),B2,train
raw_data/B2.14 (need_review)/DSC08669.JPG,DSC08669.JPG,B2.14 (need_review),B2,train
raw_data/B2.14 (need_review)/DSC08670.JPG,DSC08670.JPG,B2.14 (need_review),B2,train
raw_data/B2.14 (need_review)/DSC08671.JPG,DSC08671.JPG,B2.14 (need_review),B2,train
raw_data/B2.14 (need_review)/DSC08672.JPG,DSC08672.JPG,B2.14 (need_review),B2,train
raw_data/B2.14 (need_review)/DSC08673.JPG,DSC08673.JPG,B2.14 (need_review),B2,train
raw_data/B2.14 (need_review)/DSC08674.JPG,DSC08674.JPG,B2.14 (need_review),B2,train
raw_data/B2.14 (need_review)/DSC08675.JPG,DSC08675.JPG,B2.14 (need_review),B2,train
raw_data/B2.14 (need_review)/DSC08676.JPG,DSC08676.JPG,B2.14 (need_review),B2,train
raw_data/B2.14 (need_review)/DSC08677.JPG,DSC08677.JPG,B2.14 (need_review),B2,train
raw_data/B2.14 (need_review)/DSC08678.JPG,DSC08678.JPG,B2.14 (need_review),B2,train
raw_data/B2.14 (need_review)/DSC08679.JPG,DSC08679.JPG,B2.14 (need_review),B2,train
raw_data/B2.14 (need_review)/DSC08680.JPG,DSC08680.JPG,B2.14 (need_review),B2,train
raw_data/B2.14 (need_review)/DSC08681.JPG,DSC08681.JPG,B2.14 (need_review),B2,train
raw_data/B2.14 (need_review)/DSC08682.JPG,DSC08682.JPG,B2.14 (need_review),B2,train
raw_data/B2.14 (need_review)/DSC08684.JPG,DSC08684.JPG,B2.14 (need_review),B2,train
raw_data/B2.14 (need_review)/DSC08685.JPG,DSC08685.JPG,B2.14 (need_review),B2,train
raw_data/B2.14 (need_review)/DSC08686.JPG,DSC08686.JPG,B2.14 (need_review),B2,train
raw_data/B2.14 (need_review)/DSC08687.JPG,DSC08687.JPG,B2.14 (need_review),B2,train
raw_data/B2.14 (need_review)/DSC08688.JPG,DSC08688.JPG,B2.14 (need_review),B2,train
raw_data/B2.14 (need_review)/DSC08692.JPG,DSC08692.JPG,B2.14 (need_review),B2,train
raw_data/B2.14 (need_review)/DSC08693.JPG,DSC08693.JPG,B2.14 (need_review),B2,train
raw_data/B2.14 (need_review)/DSC08696.JPG,DSC08696.JPG,B2.14 (need_review),B2,train
raw_data/B2.14 (need_review)/DSC08698.JPG,DSC08698.JPG,B2.14 (need_review),B2,train
raw_data/B2.14 (need_review)/DSC08699.JPG,DSC08699.JPG,B2.14 (need_review),B2,train
raw_data/B2.15 (need_review)/DSC09103.JPG,DSC09103.JPG,B2.15 (need_review),B2,train
raw_data/B2.15 (need_review)/DSC09105.JPG,DSC09105.JPG,B2.15 (need_review),B2,train
raw_data/B2.15 (need_review)/DSC09106.JPG,DSC09106.JPG,B2.15 (need_review),B2,train
raw_data/B2.15 (need_review)/DSC09107.JPG,DSC09107.JPG,B2.15 (need_review),B2,train
raw_data/B2.15 (need_review)/DSC09108.JPG,DSC09108.JPG,B2.15 (need_review),B2,train
raw_data/B2.15 (need_review)/DSC09131.JPG,DSC09131.JPG,B2.15 (need_review),B2,train
raw_data/B2.15 (need_review)/DSC09140.JPG,DSC09140.JPG,B2.15 (need_review),B2,train
raw_data/B2.16/B2.16.Roy-CT_01.JPG,B2.16.Roy-CT_01.JPG,B2.16,B2,val
raw_data/B2.16/B2.16.Roy-CT_02.JPG,B2.16.Roy-CT_02.JPG,B2.16,B2,val
raw_data/B2.16/B2.16.Roy-CT_03.JPG,B2.16.Roy-CT_03.JPG,B2.16,B2,val
raw_data/B2.16/B2.16.Roy-CT_04.JPG,B2.16.Roy-CT_04.JPG,B2.16,B2,val
raw_data/B2.16/B2.16.Roy-CT_05.JPG,B2.16.Roy-CT_05.JPG,B2.16,B2,val
raw_data/B2.16/B2.16.Roy-CT_06.JPG,B2.16.Roy-CT_06.JPG,B2.16,B2,val
raw_data/B2.16/B2.16.Roy-CT_07.JPG,B2.16.Roy-CT_07.JPG,B2.16,B2,val
raw_data/B2.16/B2.16.Roy-CT_08.JPG,B2.16.Roy-CT_08.JPG,B2.16,B2,val
raw_data/B2.16/B2.16.Roy-CT_09.JPG,B2.16.Roy-CT_09.JPG,B2.16,B2,val
raw_data/B2.16/B2.16.Roy-CT_10.JPG,B2.16.Roy-CT_10.JPG,B2.16,B2,val
raw_data/B2.16/B2.16.Roy-CT_11.JPG,B2.16.Roy-CT_11.JPG,B2.16,B2,val
raw_data/B2.16/B2.16.Roy-CT_12.JPG,B2.16.Roy-CT_12.JPG,B2.16,B2,val
raw_data/B2.16/B2.16.Roy-CT_13.JPG,B2.16.Roy-CT_13.JPG,B2.16,B2,val
raw_data/B2.16/B2.16.Roy-CT_14.JPG,B2.16.Roy-CT_14.JPG,B2.16,B2,val
raw_data/B2.16/B2.16.Roy-CT_15.JPG,B2.16.Roy-CT_15.JPG,B2.16,B2,val
raw_data/B2.16/B2.16.Roy-CT_16.JPG,B2.16.Roy-CT_16.JPG,B2.16,B2,val
raw_data/B2.16/B2.16.Roy-CT_17.JPG,B2.16.Roy-CT_17.JPG,B2.16,B2,val
raw_data/HistoricVietnam-OldPics/A1.01/53165454711_807ced4ac8_b.jpg,53165454711_807ced4ac8_b.jpg,OldPics_A1.01,A1,test
raw_data/HistoricVietnam-OldPics/A1.01/dc2.jpg,dc2.jpg,OldPics_A1.01,A1,test
raw_data/HistoricVietnam-OldPics/A1.01/dinh-xa-tay-4-1.jpg,dinh-xa-tay-4-1.jpg,OldPics_A1.01,A1,test
raw_data/HistoricVietnam-OldPics/A1.01/dinh-xa-tay-5-1.jpg,dinh-xa-tay-5-1.jpg,OldPics_A1.01,A1,test
raw_data/HistoricVietnam-OldPics/A1.01/toa-do-chanh-11.jpg,toa-do-chanh-11.jpg,OldPics_A1.01,A1,test
raw_data/HistoricVietnam-OldPics/A1.01/toa-do-chanh-19.jpg,toa-do-chanh-19.jpg,OldPics_A1.01,A1,test
raw_data/HistoricVietnam-OldPics/A1.01/toa-do-chanh-2.jpg,toa-do-chanh-2.jpg,OldPics_A1.01,A1,test
raw_data/HistoricVietnam-OldPics/A1.01/toa-do-chanh-21.jpg,toa-do-chanh-21.jpg,OldPics_A1.01,A1,test
raw_data/HistoricVietnam-OldPics/A1.01/toa-do-chanh-27.jpg,toa-do-chanh-27.jpg,OldPics_A1.01,A1,test
raw_data/HistoricVietnam-OldPics/A1.01/toa-do-chanh-3.jpg,toa-do-chanh-3.jpg,OldPics_A1.01,A1,test
raw_data/HistoricVietnam-OldPics/A1.01/toa-do-chanh-33.jpg,toa-do-chanh-33.jpg,OldPics_A1.01,A1,test
raw_data/HistoricVietnam-OldPics/A1.01/toa-do-chanh-35.jpg,toa-do-chanh-35.jpg,OldPics_A1.01,A1,test
raw_data/HistoricVietnam-OldPics/A1.01/toa-do-chanh-4-1.jpg,toa-do-chanh-4-1.jpg,OldPics_A1.01,A1,test
raw_data/HistoricVietnam-OldPics/A1.01/toa-do-chanh-47.jpg,toa-do-chanh-47.jpg,OldPics_A1.01,A1,test
raw_data/HistoricVietnam-OldPics/A1.01/toa-do-chanh-60.jpg,toa-do-chanh-60.jpg,OldPics_A1.01,A1,test
raw_data/HistoricVietnam-OldPics/A1.01/toa-do-chanh-61.jpg,toa-do-chanh-61.jpg,OldPics_A1.01,A1,test
raw_data/HistoricVietnam-OldPics/A1.01/toa-do-chanh-7-1.jpg,toa-do-chanh-7-1.jpg,OldPics_A1.01,A1,test
raw_data/HistoricVietnam-OldPics/A1.01/toa-do-chanh-7.jpg,toa-do-chanh-7.jpg,OldPics_A1.01,A1,test
raw_data/HistoricVietnam-OldPics/A1.01/VA066641_Referendum_Diem_v._Bao_Dai_1955.jpg,VA066641_Referendum_Diem_v._Bao_Dai_1955.jpg,OldPics_A1.01,A1,test
raw_data/HistoricVietnam-OldPics/A1.02/justice.jpg,justice.jpg,OldPics_A1.02,A1,test
raw_data/HistoricVietnam-OldPics/A1.02/justice11.jpg,justice11.jpg,OldPics_A1.02,A1,test
raw_data/HistoricVietnam-OldPics/A1.02/justice12.jpg,justice12.jpg,OldPics_A1.02,A1,test
raw_data/HistoricVietnam-OldPics/A1.02/justice13.jpg,justice13.jpg,OldPics_A1.02,A1,test
raw_data/HistoricVietnam-OldPics/A1.02/justice15.jpg,justice15.jpg,OldPics_A1.02,A1,test
raw_data/HistoricVietnam-OldPics/A1.02/justice16.jpg,justice16.jpg,OldPics_A1.02,A1,test
raw_data/HistoricVietnam-OldPics/A1.02/justice18.jpg,justice18.jpg,OldPics_A1.02,A1,test
raw_data/HistoricVietnam-OldPics/A1.02/justice19.jpg,justice19.jpg,OldPics_A1.02,A1,test
raw_data/HistoricVietnam-OldPics/A1.02/justice2.jpg,justice2.jpg,OldPics_A1.02,A1,test
raw_data/HistoricVietnam-OldPics/A1.02/justice20.jpg,justice20.jpg,OldPics_A1.02,A1,test
raw_data/HistoricVietnam-OldPics/A1.02/justice22.jpg,justice22.jpg,OldPics_A1.02,A1,test
raw_data/HistoricVietnam-OldPics/A1.02/justice4.jpg,justice4.jpg,OldPics_A1.02,A1,test
raw_data/HistoricVietnam-OldPics/A1.02/justice5.jpg,justice5.jpg,OldPics_A1.02,A1,test
raw_data/HistoricVietnam-OldPics/A1.03/2.1-1024x671.jpg,2.1-1024x671.jpg,OldPics_A1.03,A1,test
raw_data/HistoricVietnam-OldPics/A1.03/5-The-Municipal-Theater-in-Saigon-Jul-1972-Kemper-1024x671.jpg,5-The-Municipal-Theater-in-Saigon-Jul-1972-Kemper-1024x671.jpg,OldPics_A1.03,A1,test
raw_data/HistoricVietnam-OldPics/A1.03/561_001-768x490.jpg,561_001-768x490.jpg,OldPics_A1.03,A1,test
raw_data/HistoricVietnam-OldPics/A1.03/6965686466_8c4e2ee8d5_o-1024x613.jpg,6965686466_8c4e2ee8d5_o-1024x613.jpg,OldPics_A1.03,A1,test
raw_data/HistoricVietnam-OldPics/A1.03/7-1990-1024x646.jpg,7-1990-1024x646.jpg,OldPics_A1.03,A1,test
raw_data/HistoricVietnam-OldPics/A1.03/755_001.jpg,755_001.jpg,OldPics_A1.03,A1,test
raw_data/HistoricVietnam-OldPics/A1.03/ASIAVIET-NAMSAIGON.jpg,ASIAVIET-NAMSAIGON.jpg,OldPics_A1.03,A1,test
raw_data/HistoricVietnam-OldPics/A1.03/IMAGE-6-768x500.jpg,IMAGE-6-768x500.jpg,OldPics_A1.03,A1,test
raw_data/HistoricVietnam-OldPics/A1.03/IMAGE-8-1-768x493.jpg,IMAGE-8-1-768x493.jpg,OldPics_A1.03,A1,test
raw_data/HistoricVietnam-OldPics/A1.03/nhahattp1408689691660x0_RNYC.jpg,nhahattp1408689691660x0_RNYC.jpg,OldPics_A1.03,A1,test
raw_data/HistoricVietnam-OldPics/A1.03/s-l1600-14.jpg,s-l1600-14.jpg,OldPics_A1.03,A1,test
raw_data/HistoricVietnam-OldPics/A1.03/saigon-opera-10.jpg,saigon-opera-10.jpg,OldPics_A1.03,A1,test
raw_data/HistoricVietnam-OldPics/A1.03/saigon-opera-28.jpg,saigon-opera-28.jpg,OldPics_A1.03,A1,test
raw_data/HistoricVietnam-OldPics/A1.03/saigon-opera-29.jpg,saigon-opera-29.jpg,OldPics_A1.03,A1,test
raw_data/HistoricVietnam-OldPics/A1.03/saigon-opera-37.jpg,saigon-opera-37.jpg,OldPics_A1.03,A1,test
raw_data/HistoricVietnam-OldPics/A1.03/saigon-opera-45.jpg,saigon-opera-45.jpg,OldPics_A1.03,A1,test
raw_data/HistoricVietnam-OldPics/A1.03/saigon11408435051660x0_XZQU.jpg,saigon11408435051660x0_XZQU.jpg,OldPics_A1.03,A1,test
raw_data/HistoricVietnam-OldPics/A1.03/Théâtre-Municipal-1900-scaled.jpg,Théâtre-Municipal-1900-scaled.jpg,OldPics_A1.03,A1,test
raw_data/HistoricVietnam-OldPics/A1.03/XX-scaled.jpg,XX-scaled.jpg,OldPics_A1.03,A1,test
raw_data/HistoricVietnam-OldPics/A1.04/dgl3.jpg,dgl3.jpg,OldPics_A1.04,A1,test
raw_data/HistoricVietnam-OldPics/A1.04/dinh-gia-long10.jpg,dinh-gia-long10.jpg,OldPics_A1.04,A1,test
raw_data/HistoricVietnam-OldPics/A1.04/dinh-gia-long11.jpg,dinh-gia-long11.jpg,OldPics_A1.04,A1,test
raw_data/HistoricVietnam-OldPics/A1.04/dinh-gia-long12.jpg,dinh-gia-long12.jpg,OldPics_A1.04,A1,test
raw_data/HistoricVietnam-OldPics/A1.04/dinh-gia-long13.jpg,dinh-gia-long13.jpg,OldPics_A1.04,A1,test
raw_data/HistoricVietnam-OldPics/A1.04/dinh-gia-long14.jpg,dinh-gia-long14.jpg,OldPics_A1.04,A1,test
raw_data/HistoricVietnam-OldPics/A1.04/dinh-gia-long16.jpg,dinh-gia-long16.jpg,OldPics_A1.04,A1,test
raw_data/HistoricVietnam-OldPics/A1.04/dinh-gia-long17.jpg,dinh-gia-long17.jpg,OldPics_A1.04,A1,test
raw_data/HistoricVietnam-OldPics/A1.04/dinh-gia-long18.jpg,dinh-gia-long18.jpg,OldPics_A1.04,A1,test
raw_data/HistoricVietnam-OldPics/A1.04/dinh-gia-long22.jpg,dinh-gia-long22.jpg,OldPics_A1.04,A1,test
raw_data/HistoricVietnam-OldPics/A1.04/dinh-gia-long23.jpg,dinh-gia-long23.jpg,OldPics_A1.04,A1,test
raw_data/HistoricVietnam-OldPics/A1.04/dinh-gia-long24.jpg,dinh-gia-long24.jpg,OldPics_A1.04,A1,test
raw_data/HistoricVietnam-OldPics/A1.04/dinh-gia-long27.jpg,dinh-gia-long27.jpg,OldPics_A1.04,A1,test
raw_data/HistoricVietnam-OldPics/A1.04/dinh-gia-long3.jpg,dinh-gia-long3.jpg,OldPics_A1.04,A1,test
raw_data/HistoricVietnam-OldPics/A1.04/dinh-gia-long30.jpg,dinh-gia-long30.jpg,OldPics_A1.04,A1,test
raw_data/HistoricVietnam-OldPics/A1.04/dinh-gia-long33.jpg,dinh-gia-long33.jpg,OldPics_A1.04,A1,test
raw_data/HistoricVietnam-OldPics/A1.04/dinh-gia-long36.jpg,dinh-gia-long36.jpg,OldPics_A1.04,A1,test
raw_data/HistoricVietnam-OldPics/A1.04/dinh-gia-long40.jpg,dinh-gia-long40.jpg,OldPics_A1.04,A1,test
raw_data/HistoricVietnam-OldPics/A1.04/dinh-gia-long41.jpg,dinh-gia-long41.jpg,OldPics_A1.04,A1,test
raw_data/HistoricVietnam-OldPics/A1.04/dinh-gia-long6.jpg,dinh-gia-long6.jpg,OldPics_A1.04,A1,test
raw_data/HistoricVietnam-OldPics/A1.04/dinh-gia-long8.jpg,dinh-gia-long8.jpg,OldPics_A1.04,A1,test
raw_data/HistoricVietnam-OldPics/A1.04/sai-gon-1920-18.jpg,sai-gon-1920-18.jpg,OldPics_A1.04,A1,test
raw_data/HistoricVietnam-OldPics/A1.04/sai-gon-1920-9.jpg,sai-gon-1920-9.jpg,OldPics_A1.04,A1,test
raw_data/HistoricVietnam-OldPics/A1.05/6815885857_5f4e533294_o.jpg,6815885857_5f4e533294_o.jpg,OldPics_A1.05,A1,test
raw_data/HistoricVietnam-OldPics/A1.05/BgD0SVch.jpg,BgD0SVch.jpg,OldPics_A1.05,A1,test
raw_data/HistoricVietnam-OldPics/A1.05/history-museum-of-ho-chi-minh-city-3.jpg,history-museum-of-ho-chi-minh-city-3.jpg,OldPics_A1.05,A1,test
raw_data/HistoricVietnam-OldPics/A1.05/musee_blanchard.jpg,musee_blanchard.jpg,OldPics_A1.05,A1,test
raw_data/HistoricVietnam-OldPics/A1.05/Musée-Blanchard-de-la-Brosse-1929-scaled.jpg,Musée-Blanchard-de-la-Brosse-1929-scaled.jpg,OldPics_A1.05,A1,test
raw_data/HistoricVietnam-OldPics/A1.06/10106979.jpg,10106979.jpg,OldPics_A1.06,A1,test
raw_data/HistoricVietnam-OldPics/A1.06/Institution-Taberd-2.jpg,Institution-Taberd-2.jpg,OldPics_A1.06,A1,test
raw_data/HistoricVietnam-OldPics/A1.06/Institution-Taberd.jpg,Institution-Taberd.jpg,OldPics_A1.06,A1,test
raw_data/HistoricVietnam-OldPics/A1.06/Jean-Baptist-de-La-Salle-Taberd.jpg,Jean-Baptist-de-La-Salle-Taberd.jpg,OldPics_A1.06,A1,test
raw_data/HistoricVietnam-OldPics/A1.07/continental-42.jpg,continental-42.jpg,OldPics_A1.07,A1,test
raw_data/HistoricVietnam-OldPics/A1.07/continental-43.jpg,continental-43.jpg,OldPics_A1.07,A1,test
raw_data/HistoricVietnam-OldPics/A1.07/continental-44.jpg,continental-44.jpg,OldPics_A1.07,A1,test
raw_data/HistoricVietnam-OldPics/A1.07/continental-46.jpg,continental-46.jpg,OldPics_A1.07,A1,test
raw_data/HistoricVietnam-OldPics/A1.07/continental-48.jpg,continental-48.jpg,OldPics_A1.07,A1,test
raw_data/HistoricVietnam-OldPics/A1.07/continental-50.jpg,continental-50.jpg,OldPics_A1.07,A1,test
raw_data/HistoricVietnam-OldPics/A1.07/continental-52.jpg,continental-52.jpg,OldPics_A1.07,A1,test
raw_data/HistoricVietnam-OldPics/A1.07/continental01.jpg,continental01.jpg,OldPics_A1.07,A1,test
raw_data/HistoricVietnam-OldPics/A1.07/continental010.jpg,continental010.jpg,OldPics_A1.07,A1,test
raw_data/HistoricVietnam-OldPics/A1.07/continental012.jpg,continental012.jpg,OldPics_A1.07,A1,test
raw_data/HistoricVietnam-OldPics/A1.07/continental013.jpg,continental013.jpg,OldPics_A1.07,A1,test
raw_data/HistoricVietnam-OldPics/A1.07/continental014.jpg,continental014.jpg,OldPics_A1.07,A1,test
raw_data/HistoricVietnam-OldPics/A1.07/continental015.jpg,continental015.jpg,OldPics_A1.07,A1,test
raw_data/HistoricVietnam-OldPics/A1.07/continental017.jpg,continental017.jpg,OldPics_A1.07,A1,test
raw_data/HistoricVietnam-OldPics/A1.07/continental018.jpg,continental018.jpg,OldPics_A1.07,A1,test
raw_data/HistoricVietnam-OldPics/A1.07/continental019-1.jpg,continental019-1.jpg,OldPics_A1.07,A1,test
raw_data/HistoricVietnam-OldPics/A1.07/continental019.jpg,continental019.jpg,OldPics_A1.07,A1,test
raw_data/HistoricVietnam-OldPics/A1.07/continental020.jpg,continental020.jpg,OldPics_A1.07,A1,test
raw_data/HistoricVietnam-OldPics/A1.07/continental023.jpg,continental023.jpg,OldPics_A1.07,A1,test
raw_data/HistoricVietnam-OldPics/A1.07/continental025.jpg,continental025.jpg,OldPics_A1.07,A1,test
raw_data/HistoricVietnam-OldPics/A1.07/continental026.jpg,continental026.jpg,OldPics_A1.07,A1,test
raw_data/HistoricVietnam-OldPics/A1.07/continental029.jpg,continental029.jpg,OldPics_A1.07,A1,test
raw_data/HistoricVietnam-OldPics/A1.07/continental030.jpg,continental030.jpg,OldPics_A1.07,A1,test
raw_data/HistoricVietnam-OldPics/A1.07/continental09.jpg,continental09.jpg,OldPics_A1.07,A1,test
raw_data/HistoricVietnam-OldPics/A1.07/continental10-1.jpg,continental10-1.jpg,OldPics_A1.07,A1,test
raw_data/HistoricVietnam-OldPics/A1.07/continental10.jpg,continental10.jpg,OldPics_A1.07,A1,test
raw_data/HistoricVietnam-OldPics/A1.07/continental11.jpg,continental11.jpg,OldPics_A1.07,A1,test
raw_data/HistoricVietnam-OldPics/A1.07/continental12-1.jpg,continental12-1.jpg,OldPics_A1.07,A1,test
raw_data/HistoricVietnam-OldPics/A1.07/continental12.jpg,continental12.jpg,OldPics_A1.07,A1,test
raw_data/HistoricVietnam-OldPics/A1.07/continental17.jpg,continental17.jpg,OldPics_A1.07,A1,test
raw_data/HistoricVietnam-OldPics/A1.07/continental2.jpg,continental2.jpg,OldPics_A1.07,A1,test
raw_data/HistoricVietnam-OldPics/A1.07/continental4.jpg,continental4.jpg,OldPics_A1.07,A1,test
raw_data/HistoricVietnam-OldPics/A1.07/continental5.jpg,continental5.jpg,OldPics_A1.07,A1,test
raw_data/HistoricVietnam-OldPics/A1.07/continental7.jpg,continental7.jpg,OldPics_A1.07,A1,test
raw_data/HistoricVietnam-OldPics/A1.07/continental8.jpg,continental8.jpg,OldPics_A1.07,A1,test
raw_data/HistoricVietnam-OldPics/A1.07/continental9-1.jpg,continental9-1.jpg,OldPics_A1.07,A1,test
raw_data/HistoricVietnam-OldPics/A1.07/continental9.jpg,continental9.jpg,OldPics_A1.07,A1,test
raw_data/HistoricVietnam-OldPics/A1.08/31813620291_2042ddb57f_b.jpg,31813620291_2042ddb57f_b.jpg,OldPics_A1.08,A1,test
raw_data/HistoricVietnam-OldPics/A1.08/5AiYGONh.jpg,5AiYGONh.jpg,OldPics_A1.08,A1,test
raw_data/HistoricVietnam-OldPics/A1.08/BfyCb0Gh.jpg,BfyCb0Gh.jpg,OldPics_A1.08,A1,test
raw_data/HistoricVietnam-OldPics/A1.08/cSzz4K5h.jpg,cSzz4K5h.jpg,OldPics_A1.08,A1,test
raw_data/HistoricVietnam-OldPics/A1.08/h2kCmayh.jpg,h2kCmayh.jpg,OldPics_A1.08,A1,test
raw_data/HistoricVietnam-OldPics/A1.08/J6omeioh.jpg,J6omeioh.jpg,OldPics_A1.08,A1,test
raw_data/HistoricVietnam-OldPics/A1.08/K6eb4cMh.jpg,K6eb4cMh.jpg,OldPics_A1.08,A1,test
raw_data/HistoricVietnam-OldPics/A1.08/LGsYJyNh.jpg,LGsYJyNh.jpg,OldPics_A1.08,A1,test
raw_data/HistoricVietnam-OldPics/A1.08/nnlXYqMh.jpg,nnlXYqMh.jpg,OldPics_A1.08,A1,test
raw_data/HistoricVietnam-OldPics/A1.08/S0cgk0Vh.jpg,S0cgk0Vh.jpg,OldPics_A1.08,A1,test
raw_data/HistoricVietnam-OldPics/A1.08/Saigon_-_Ecole_de_Jeunes_Filles_françaises.jpg,Saigon_-_Ecole_de_Jeunes_Filles_françaises.jpg,OldPics_A1.08,A1,test
raw_data/HistoricVietnam-OldPics/A1.08/urRqRM1h.jpg,urRqRM1h.jpg,OldPics_A1.08,A1,test
raw_data/HistoricVietnam-OldPics/A1.08/UXT4gmGh.jpg,UXT4gmGh.jpg,OldPics_A1.08,A1,test
raw_data/HistoricVietnam-OldPics/A1.08/WDFPgIFh.jpg,WDFPgIFh.jpg,OldPics_A1.08,A1,test
raw_data/HistoricVietnam-OldPics/A1.08/wzBFDKwh.jpg,wzBFDKwh.jpg,OldPics_A1.08,A1,test
raw_data/HistoricVietnam-OldPics/A1.08/yRi6STCh.jpg,yRi6STCh.jpg,OldPics_A1.08,A1,test
raw_data/HistoricVietnam-OldPics/A1.09/18-Clinique-Saint-Paul.jpg,18-Clinique-Saint-Paul.jpg,OldPics_A1.09,A1,test
raw_data/HistoricVietnam-OldPics/A1.09/saigon-13.jpg,saigon-13.jpg,OldPics_A1.09,A1,test
raw_data/HistoricVietnam-OldPics/A1.11/4492908894_405cb5c9b5_o1-1024x664.jpg,4492908894_405cb5c9b5_o1-1024x664.jpg,OldPics_A1.11,A1,test
raw_data/HistoricVietnam-OldPics/A1.11/5578821214_28fa3517ff_o-1024x647.jpg,5578821214_28fa3517ff_o-1024x647.jpg,OldPics_A1.11,A1,test
raw_data/HistoricVietnam-OldPics/A1.11/Lycée-Chasseloup-Laubat-à-Saigon-1012x1024.jpg,Lycée-Chasseloup-Laubat-à-Saigon-1012x1024.jpg,OldPics_A1.11,A1,test
raw_data/HistoricVietnam-OldPics/A1.11/Saïgon.-Lycée-Chasseloup-Laubat.-Deux-jeunes-professeurs-annamites-1947-1024x978.jpg,Saïgon.-Lycée-Chasseloup-Laubat.-Deux-jeunes-professeurs-annamites-1947-1024x978.jpg,OldPics_A1.11,A1,test
raw_data/HistoricVietnam-OldPics/A1.12/Screenshot 2026-05-14 at 11.58.31 PM.png,Screenshot 2026-05-14 at 11.58.31 PM.png,OldPics_A1.12,A1,test
raw_data/HistoricVietnam-OldPics/A1.13/6588e463bcb635e86ca7-1754311594-1754312000-1754380439-1754381188.jpg.webp,6588e463bcb635e86ca7-1754311594-1754312000-1754380439-1754381188.jpg.webp,OldPics_A1.13,A1,test
raw_data/HistoricVietnam-OldPics/A1.13/Institut-Pasteur-Sai-gon-PV0016906-1754316337-1754316805.jpg.webp,Institut-Pasteur-Sai-gon-PV0016906-1754316337-1754316805.jpg.webp,OldPics_A1.13,A1,test
raw_data/HistoricVietnam-OldPics/A1.13/phong-thi-nghiem-vien-pasteur-1754380901-1754381189.jpg.webp,phong-thi-nghiem-vien-pasteur-1754380901-1754381189.jpg.webp,OldPics_A1.13,A1,test
raw_data/HistoricVietnam-OldPics/A1.13/VienPasteur-1754380222-1754381188.jpg.webp,VienPasteur-1754380222-1754381188.jpg.webp,OldPics_A1.13,A1,test
raw_data/HistoricVietnam-OldPics/A1.14/15115771056_89d8a692ce_o.jpg,15115771056_89d8a692ce_o.jpg,OldPics_A1.14,A1,test
raw_data/HistoricVietnam-OldPics/A1.14/41_Pano_trien lam 4 the ky Phap - Viet -FINAL-061(1)-DM0az-iJ.jpg,41_Pano_trien lam 4 the ky Phap - Viet -FINAL-061(1)-DM0az-iJ.jpg,OldPics_A1.14,A1,test
raw_data/HistoricVietnam-OldPics/A1.14/4492269927_191d6f0038_o-1024x651.jpg,4492269927_191d6f0038_o-1024x651.jpg,OldPics_A1.14,A1,test
raw_data/HistoricVietnam-OldPics/A1.14/4919069256_0957bd006f_o-1024x658.jpg,4919069256_0957bd006f_o-1024x658.jpg,OldPics_A1.14,A1,test
raw_data/HistoricVietnam-OldPics/A1.14/574_001.jpg,574_001.jpg,OldPics_A1.14,A1,test
raw_data/HistoricVietnam-OldPics/A1.14/anh-hiem-ve-benh-vien-nhi-dong-2-tru-danh-sai-gon-xua-a06-5165057.jpg,anh-hiem-ve-benh-vien-nhi-dong-2-tru-danh-sai-gon-xua-a06-5165057.jpg,OldPics_A1.14,A1,test
raw_data/HistoricVietnam-OldPics/A1.14/Grall-Hospital-1946-54-i.jpg,Grall-Hospital-1946-54-i.jpg,OldPics_A1.14,A1,test
raw_data/HistoricVietnam-OldPics/A1.14/Grall-Hospital-DQA2Jum8.jpg,Grall-Hospital-DQA2Jum8.jpg,OldPics_A1.14,A1,test
raw_data/HistoricVietnam-OldPics/A1.14/Hopital_militaire.jpg,Hopital_militaire.jpg,OldPics_A1.14,A1,test
raw_data/HistoricVietnam-OldPics/A1.14/SAIGON-CASERNE-DU-11e-COLONIAL.jpg,SAIGON-CASERNE-DU-11e-COLONIAL.jpg,OldPics_A1.14,A1,test
raw_data/HistoricVietnam-OldPics/A1.14/SAIGON-HOPITAL-GRALL-en-1951-1024x638.jpg,SAIGON-HOPITAL-GRALL-en-1951-1024x638.jpg,OldPics_A1.14,A1,test
raw_data/HistoricVietnam-OldPics/A1.14/Saïgon-1947-Hôpital-Grall.-Infirmiers-et-boys-annamites.jpg,Saïgon-1947-Hôpital-Grall.-Infirmiers-et-boys-annamites.jpg,OldPics_A1.14,A1,test
raw_data/HistoricVietnam-OldPics/A1.14/Đồn-Đất-Hospital-Sài-Gòn-1940-50.jpg,Đồn-Đất-Hospital-Sài-Gòn-1940-50.jpg,OldPics_A1.14,A1,test
raw_data/HistoricVietnam-OldPics/A1.15/quan-y.jpg,quan-y.jpg,OldPics_A1.15,A1,test
raw_data/HistoricVietnam-OldPics/A1.15/sp-2.jpg,sp-2.jpg,OldPics_A1.15,A1,test
raw_data/HistoricVietnam-OldPics/A1.15/sp.jpg,sp.jpg,OldPics_A1.15,A1,test
raw_data/HistoricVietnam-OldPics/A1.15/vtt.jpg,vtt.jpg,OldPics_A1.15,A1,test
raw_data/HistoricVietnam-OldPics/A1.15/vtt10.jpg,vtt10.jpg,OldPics_A1.15,A1,test
raw_data/HistoricVietnam-OldPics/A1.15/vtt11.jpg,vtt11.jpg,OldPics_A1.15,A1,test
raw_data/HistoricVietnam-OldPics/A1.15/vtt12.jpg,vtt12.jpg,OldPics_A1.15,A1,test
raw_data/HistoricVietnam-OldPics/A1.16/944Rrghh.jpg,944Rrghh.jpg,OldPics_A1.16,A1,test
raw_data/HistoricVietnam-OldPics/A1.16/97091731_2895585227157131_1188030018983297024_n.jpg,97091731_2895585227157131_1188030018983297024_n.jpg,OldPics_A1.16,A1,test
raw_data/HistoricVietnam-OldPics/A1.16/97094336_2895585177157136_6407576410851901440_n.jpg,97094336_2895585177157136_6407576410851901440_n.jpg,OldPics_A1.16,A1,test
raw_data/HistoricVietnam-OldPics/A1.16/97974402_2895592437156410_5952151998773067776_n.jpg,97974402_2895592437156410_5952151998773067776_n.jpg,OldPics_A1.16,A1,test
raw_data/HistoricVietnam-OldPics/A1.16/98343630_2895592180489769_2393218947710189568_n.jpg,98343630_2895592180489769_2393218947710189568_n.jpg,OldPics_A1.16,A1,test
raw_data/HistoricVietnam-OldPics/A1.16/99011533_2895592157156438_4833505084807577600_n.jpg,99011533_2895592157156438_4833505084807577600_n.jpg,OldPics_A1.16,A1,test
raw_data/HistoricVietnam-OldPics/A1.16/G7evT5Uh.jpg,G7evT5Uh.jpg,OldPics_A1.16,A1,test
raw_data/HistoricVietnam-OldPics/A1.16/hoc-sinh-petrus-1930-3512-1504-2736-2998-1578218521.jpg.webp,hoc-sinh-petrus-1930-3512-1504-2736-2998-1578218521.jpg.webp,OldPics_A1.16,A1,test
raw_data/HistoricVietnam-OldPics/A1.16/IfvbGyhh.jpg,IfvbGyhh.jpg,OldPics_A1.16,A1,test
raw_data/HistoricVietnam-OldPics/A1.16/pcOxZcbh.jpg,pcOxZcbh.jpg,OldPics_A1.16,A1,test
raw_data/HistoricVietnam-OldPics/A1.16/truongpk_pre75.jpg,truongpk_pre75.jpg,OldPics_A1.16,A1,test
raw_data/HistoricVietnam-OldPics/A1.17/506977002_9480088942092335_919909853580806317_n.jpg,506977002_9480088942092335_919909853580806317_n.jpg,OldPics_A1.17,A1,test
raw_data/HistoricVietnam-OldPics/A1.17/508155674_9480089022092327_7479884120031120485_n.jpg,508155674_9480089022092327_7479884120031120485_n.jpg,OldPics_A1.17,A1,test
raw_data/HistoricVietnam-OldPics/A1.17/i.ex-cdn.com-chatluongvacuocsong.vn-files-content-2024-03-08-_dai-hoc-sai-gon-1-1010.jpg,i.ex-cdn.com-chatluongvacuocsong.vn-files-content-2024-03-08-_dai-hoc-sai-gon-1-1010.jpg,OldPics_A1.17,A1,test
raw_data/HistoricVietnam-OldPics/A1.17/i.ex-cdn.com-chatluongvacuocsong.vn-files-content-2024-03-08-_truong-trung-hoc-phap-hoa-1012.jpg,i.ex-cdn.com-chatluongvacuocsong.vn-files-content-2024-03-08-_truong-trung-hoc-phap-hoa-1012.jpg,OldPics_A1.17,A1,test
raw_data/HistoricVietnam-OldPics/A1.18/586485954_1150006820616803_2478313164410388942_n.jpg,586485954_1150006820616803_2478313164410388942_n.jpg,OldPics_A1.18,A1,test
raw_data/HistoricVietnam-OldPics/A1.18/586572747_1150006883950130_5444737542243232901_n.jpg,586572747_1150006883950130_5444737542243232901_n.jpg,OldPics_A1.18,A1,test
raw_data/HistoricVietnam-OldPics/A1.19/539491_470772469611693_1792253923_n.jpg,539491_470772469611693_1792253923_n.jpg,OldPics_A1.19,A1,test
raw_data/HistoricVietnam-OldPics/A1.19/bach-dang-10.jpg,bach-dang-10.jpg,OldPics_A1.19,A1,test
raw_data/HistoricVietnam-OldPics/A1.19/douanes.jpg,douanes.jpg,OldPics_A1.19,A1,test
raw_data/HistoricVietnam-OldPics/A1.19/extra-hotel-des-douanes-2.jpg.webp,extra-hotel-des-douanes-2.jpg.webp,OldPics_A1.19,A1,test
raw_data/HistoricVietnam-OldPics/A1.19/extra-hotel-des-douanes.jpg.webp,extra-hotel-des-douanes.jpg.webp,OldPics_A1.19,A1,test
raw_data/HistoricVietnam-OldPics/A1.19/Hotel-des-douanes-1024x640.jpg,Hotel-des-douanes-1024x640.jpg,OldPics_A1.19,A1,test
raw_data/HistoricVietnam-OldPics/A1.19/img-531620241121053827.jpg,img-531620241121053827.jpg,OldPics_A1.19,A1,test
raw_data/HistoricVietnam-OldPics/A1.19/wt.jpg,wt.jpg,OldPics_A1.19,A1,test
raw_data/HistoricVietnam-OldPics/A1.20/Cercle-des-Officiers-A-i-1024x594.jpg,Cercle-des-Officiers-A-i-1024x594.jpg,OldPics_A1.20,A1,test
raw_data/HistoricVietnam-OldPics/A1.20/Cercle-des-officiers-à-Saïgon-Indochine-circa-1885..jpg,Cercle-des-officiers-à-Saïgon-Indochine-circa-1885..jpg,OldPics_A1.20,A1,test
raw_data/HistoricVietnam-OldPics/A1.20/Cercle-des-Officiers-C-i.jpg,Cercle-des-Officiers-C-i.jpg,OldPics_A1.20,A1,test
raw_data/HistoricVietnam-OldPics/A1.20/Le-Cercle-des-officiers-1870s-1024x673.jpg,Le-Cercle-des-officiers-1870s-1024x673.jpg,OldPics_A1.20,A1,test
raw_data/HistoricVietnam-OldPics/A1.20/Mess-des-Officiers.jpg,Mess-des-Officiers.jpg,OldPics_A1.20,A1,test
raw_data/HistoricVietnam-OldPics/A1.20/Ministry-of-Justice-1967-1968-i.jpg,Ministry-of-Justice-1967-1968-i.jpg,OldPics_A1.20,A1,test
raw_data/HistoricVietnam-OldPics/A1.20/Saigon-1929-Le-Cercle-des-officiers.jpg,Saigon-1929-Le-Cercle-des-officiers.jpg,OldPics_A1.20,A1,test
raw_data/HistoricVietnam-OldPics/A1.20/SAÏGON-Cercle-des-Officiers.jpg,SAÏGON-Cercle-des-Officiers.jpg,OldPics_A1.20,A1,test
raw_data/HistoricVietnam-OldPics/A1.21/16-CFI-Building.jpg,16-CFI-Building.jpg,OldPics_A1.21,A1,test
raw_data/HistoricVietnam-OldPics/A1.21/18-CFI-Building.jpg,18-CFI-Building.jpg,OldPics_A1.21,A1,test
raw_data/HistoricVietnam-OldPics/A1.21/26-Hoa-xa-VN-execution-site.jpg,26-Hoa-xa-VN-execution-site.jpg,OldPics_A1.21,A1,test
raw_data/HistoricVietnam-OldPics/A1.21/6044792236_a89b50a2c3_o.jpg,6044792236_a89b50a2c3_o.jpg,OldPics_A1.21,A1,test
raw_data/HistoricVietnam-OldPics/A1.21/cty-van-tai-duong-sat-sg-xua-6439.jpg,cty-van-tai-duong-sat-sg-xua-6439.jpg,OldPics_A1.21,A1,test
raw_data/HistoricVietnam-OldPics/A1.21/ham-nghi13.jpg,ham-nghi13.jpg,OldPics_A1.21,A1,test
raw_data/HistoricVietnam-OldPics/A1.21/hoa-xa4.jpg,hoa-xa4.jpg,OldPics_A1.21,A1,test
raw_data/HistoricVietnam-OldPics/A1.21/Hotel-du-Chemin-de-fer.jpg,Hotel-du-Chemin-de-fer.jpg,OldPics_A1.21,A1,test
raw_data/HistoricVietnam-OldPics/A1.21/saigon-2.jpg,saigon-2.jpg,OldPics_A1.21,A1,test
raw_data/HistoricVietnam-OldPics/A1.21/saigon-4.jpg,saigon-4.jpg,OldPics_A1.21,A1,test
raw_data/HistoricVietnam-OldPics/A1.21/saigon65-81.jpg,saigon65-81.jpg,OldPics_A1.21,A1,test
raw_data/HistoricVietnam-OldPics/A1.22/05b.jpg,05b.jpg,OldPics_A1.22,A1,test
raw_data/HistoricVietnam-OldPics/A1.22/ben-thanh-10-1.jpg,ben-thanh-10-1.jpg,OldPics_A1.22,A1,test
raw_data/HistoricVietnam-OldPics/A1.22/ben-thanh-11.jpg,ben-thanh-11.jpg,OldPics_A1.22,A1,test
raw_data/HistoricVietnam-OldPics/A1.22/ben-thanh-2-1.jpg,ben-thanh-2-1.jpg,OldPics_A1.22,A1,test
raw_data/HistoricVietnam-OldPics/A1.22/ben-thanh-21.jpg,ben-thanh-21.jpg,OldPics_A1.22,A1,test
raw_data/HistoricVietnam-OldPics/A1.22/ben-thanh-3-1.jpg,ben-thanh-3-1.jpg,OldPics_A1.22,A1,test
raw_data/HistoricVietnam-OldPics/A1.22/ben-thanh-33.jpg,ben-thanh-33.jpg,OldPics_A1.22,A1,test
raw_data/HistoricVietnam-OldPics/A1.22/ben-thanh-4-1.jpg,ben-thanh-4-1.jpg,OldPics_A1.22,A1,test
raw_data/HistoricVietnam-OldPics/A1.22/ben-thanh.jpg,ben-thanh.jpg,OldPics_A1.22,A1,test
raw_data/HistoricVietnam-OldPics/A1.22/bt4.jpg,bt4.jpg,OldPics_A1.22,A1,test
raw_data/HistoricVietnam-OldPics/A1.22/cho-ben-thanh1.jpg,cho-ben-thanh1.jpg,OldPics_A1.22,A1,test
raw_data/HistoricVietnam-OldPics/A1.22/cho-ben-thanh12.jpg,cho-ben-thanh12.jpg,OldPics_A1.22,A1,test
raw_data/HistoricVietnam-OldPics/A1.22/cho-ben-thanh23.jpg,cho-ben-thanh23.jpg,OldPics_A1.22,A1,test
raw_data/HistoricVietnam-OldPics/A1.22/cho-ben-thanh6.jpg,cho-ben-thanh6.jpg,OldPics_A1.22,A1,test
raw_data/HistoricVietnam-OldPics/A1.22/cho-ben-thanh8.jpg,cho-ben-thanh8.jpg,OldPics_A1.22,A1,test
raw_data/HistoricVietnam-OldPics/A1.23/nguyen-binh-khiem.jpg,nguyen-binh-khiem.jpg,OldPics_A1.23,A1,test
raw_data/HistoricVietnam-OldPics/A1.23/quan-y.jpg,quan-y.jpg,OldPics_A1.23,A1,test
raw_data/HistoricVietnam-OldPics/A1.23/sp-2.jpg,sp-2.jpg,OldPics_A1.23,A1,test
raw_data/HistoricVietnam-OldPics/A1.23/sp.jpg,sp.jpg,OldPics_A1.23,A1,test
raw_data/HistoricVietnam-OldPics/A1.23/trung-vuong-1.jpg,trung-vuong-1.jpg,OldPics_A1.23,A1,test
raw_data/HistoricVietnam-OldPics/A1.23/trung-vuong-3.jpg,trung-vuong-3.jpg,OldPics_A1.23,A1,test
raw_data/HistoricVietnam-OldPics/A1.23/trung-vuong-4.jpg,trung-vuong-4.jpg,OldPics_A1.23,A1,test
raw_data/HistoricVietnam-OldPics/A1.23/trung-vuong-7-1.jpg,trung-vuong-7-1.jpg,OldPics_A1.23,A1,test
raw_data/HistoricVietnam-OldPics/A1.23/trung-vuong.jpg,trung-vuong.jpg,OldPics_A1.23,A1,test
raw_data/HistoricVietnam-OldPics/A1.23/trung-vuong2.jpg,trung-vuong2.jpg,OldPics_A1.23,A1,test
raw_data/HistoricVietnam-OldPics/A1.24/1955-17.jpg,1955-17.jpg,OldPics_A1.24,A1,test
raw_data/HistoricVietnam-OldPics/A1.24/bank-1-1.jpg,bank-1-1.jpg,OldPics_A1.24,A1,test
raw_data/HistoricVietnam-OldPics/A1.24/bank-3-1.jpg,bank-3-1.jpg,OldPics_A1.24,A1,test
raw_data/HistoricVietnam-OldPics/A1.24/bank-5-1.jpg,bank-5-1.jpg,OldPics_A1.24,A1,test
raw_data/HistoricVietnam-OldPics/A1.24/nh1.jpg,nh1.jpg,OldPics_A1.24,A1,test
raw_data/HistoricVietnam-OldPics/A1.24/nh2.jpg,nh2.jpg,OldPics_A1.24,A1,test
raw_data/HistoricVietnam-OldPics/A1.24/nh3.jpg,nh3.jpg,OldPics_A1.24,A1,test
raw_data/HistoricVietnam-OldPics/A1.24/nhdd.jpg,nhdd.jpg,OldPics_A1.24,A1,test
raw_data/HistoricVietnam-OldPics/A1.24/saigon.jpg,saigon.jpg,OldPics_A1.24,A1,test
raw_data/HistoricVietnam-OldPics/A1.25/1-10.jpeg,1-10.jpeg,OldPics_A1.25,A1,test
raw_data/HistoricVietnam-OldPics/A1.25/12-9.jpeg,12-9.jpeg,OldPics_A1.25,A1,test
raw_data/HistoricVietnam-OldPics/A1.25/13-9.jpeg,13-9.jpeg,OldPics_A1.25,A1,test
raw_data/HistoricVietnam-OldPics/A1.25/15-9.jpeg,15-9.jpeg,OldPics_A1.25,A1,test
raw_data/HistoricVietnam-OldPics/A1.25/17-9.jpeg,17-9.jpeg,OldPics_A1.25,A1,test
raw_data/HistoricVietnam-OldPics/A1.25/2-9.jpeg,2-9.jpeg,OldPics_A1.25,A1,test
raw_data/HistoricVietnam-OldPics/A1.25/22-9.jpeg,22-9.jpeg,OldPics_A1.25,A1,test
raw_data/HistoricVietnam-OldPics/A1.25/29-9-scaled-1.jpeg,29-9-scaled-1.jpeg,OldPics_A1.25,A1,test
raw_data/HistoricVietnam-OldPics/A1.25/36-9.jpeg,36-9.jpeg,OldPics_A1.25,A1,test
raw_data/HistoricVietnam-OldPics/A1.25/4-9.jpeg,4-9.jpeg,OldPics_A1.25,A1,test
raw_data/HistoricVietnam-OldPics/A1.25/41-9-2.jpeg,41-9-2.jpeg,OldPics_A1.25,A1,test
raw_data/HistoricVietnam-OldPics/A1.25/42-8.jpeg,42-8.jpeg,OldPics_A1.25,A1,test
raw_data/HistoricVietnam-OldPics/A1.25/47-4.jpeg,47-4.jpeg,OldPics_A1.25,A1,test
raw_data/HistoricVietnam-OldPics/A1.25/48-4.jpeg,48-4.jpeg,OldPics_A1.25,A1,test
raw_data/HistoricVietnam-OldPics/A1.25/5-9.jpeg,5-9.jpeg,OldPics_A1.25,A1,test
raw_data/HistoricVietnam-OldPics/A1.25/6-9.jpeg,6-9.jpeg,OldPics_A1.25,A1,test
raw_data/HistoricVietnam-OldPics/A1.25/7-9.jpeg,7-9.jpeg,OldPics_A1.25,A1,test
raw_data/HistoricVietnam-OldPics/A1.26/506977002_9480088942092335_919909853580806317_n.jpg,506977002_9480088942092335_919909853580806317_n.jpg,OldPics_A1.26,A1,test
raw_data/HistoricVietnam-OldPics/A1.26/508155674_9480089022092327_7479884120031120485_n.jpg,508155674_9480089022092327_7479884120031120485_n.jpg,OldPics_A1.26,A1,test
raw_data/HistoricVietnam-OldPics/A1.26/i.ex-cdn.com-chatluongvacuocsong.vn-files-content-2024-03-08-_dai-hoc-sai-gon-1-1010.jpg,i.ex-cdn.com-chatluongvacuocsong.vn-files-content-2024-03-08-_dai-hoc-sai-gon-1-1010.jpg,OldPics_A1.26,A1,test
raw_data/HistoricVietnam-OldPics/A1.26/i.ex-cdn.com-chatluongvacuocsong.vn-files-content-2024-03-08-_truong-trung-hoc-phap-hoa-1012.jpg,i.ex-cdn.com-chatluongvacuocsong.vn-files-content-2024-03-08-_truong-trung-hoc-phap-hoa-1012.jpg,OldPics_A1.26,A1,test
raw_data/HistoricVietnam-OldPics/A1.26/Screenshot 2026-05-10 at 9.06.55 PM.png,Screenshot 2026-05-10 at 9.06.55 PM.png,OldPics_A1.26,A1,test
raw_data/HistoricVietnam-OldPics/A1.27/Bao sanh vien Dong Duong 1937.JPG,Bao sanh vien Dong Duong 1937.JPG,OldPics_A1.27,A1,test
raw_data/HistoricVietnam-OldPics/A1.27/Bao sanh vien Tu DU.JPG,Bao sanh vien Tu DU.JPG,OldPics_A1.27,A1,test
raw_data/HistoricVietnam-OldPics/A1.28/1972-Trường-Cao-Đẳng-Quốc-Phòng-1024x877.jpg,1972-Trường-Cao-Đẳng-Quốc-Phòng-1024x877.jpg,OldPics_A1.28,A1,test
raw_data/HistoricVietnam-OldPics/A1.28/Foyer-du-Soldat-et-du-Marin-1024x644.jpg,Foyer-du-Soldat-et-du-Marin-1024x644.jpg,OldPics_A1.28,A1,test
raw_data/HistoricVietnam-OldPics/A1.28/foyerdusoldatetdumarin.jpg,foyerdusoldatetdumarin.jpg,OldPics_A1.28,A1,test
raw_data/HistoricVietnam-OldPics/A1.29/1.jpg,1.jpg,OldPics_A1.29,A1,test
raw_data/HistoricVietnam-OldPics/A1.29/5530556027_8188401bcd_o-1024x653.jpg,5530556027_8188401bcd_o-1024x653.jpg,OldPics_A1.29,A1,test
raw_data/HistoricVietnam-OldPics/A1.29/5706049424_e2a2c90196_o-1024x664.jpg,5706049424_e2a2c90196_o-1024x664.jpg,OldPics_A1.29,A1,test
raw_data/HistoricVietnam-OldPics/A1.29/579_001-1024x606.jpg,579_001-1024x606.jpg,OldPics_A1.29,A1,test
raw_data/HistoricVietnam-OldPics/A1.29/sai-gon.jpg,sai-gon.jpg,OldPics_A1.29,A1,test
raw_data/HistoricVietnam-OldPics/A1.32/36975785-e141-4b6c-a450-6c22c6e565d7.jpg,36975785-e141-4b6c-a450-6c22c6e565d7.jpg,OldPics_A1.32,A1,test
raw_data/HistoricVietnam-OldPics/A1.32/506627954_9289959264437016_577299901153104093_n.jpg,506627954_9289959264437016_577299901153104093_n.jpg,OldPics_A1.32,A1,test
raw_data/HistoricVietnam-OldPics/A1.32/506631600_9289959277770348_7872434418689397923_n.jpg,506631600_9289959277770348_7872434418689397923_n.jpg,OldPics_A1.32,A1,test
raw_data/HistoricVietnam-OldPics/A1.32/buc-anh-chup-dai-hoc-van-khoa-khi-xua.jpg,buc-anh-chup-dai-hoc-van-khoa-khi-xua.jpg,OldPics_A1.32,A1,test
raw_data/HistoricVietnam-OldPics/A1.32/dai-hoc-van-khoa-thoi-phap.jpg,dai-hoc-van-khoa-thoi-phap.jpg,OldPics_A1.32,A1,test
raw_data/HistoricVietnam-OldPics/A1.32/ID_32131_building_1901.JPG.jpg,ID_32131_building_1901.JPG.jpg,OldPics_A1.32,A1,test
raw_data/HistoricVietnam-OldPics/A1.32/iQf6FHCb.jpg,iQf6FHCb.jpg,OldPics_A1.32,A1,test
raw_data/HistoricVietnam-OldPics/A1.32/s-l1200.jpg,s-l1200.jpg,OldPics_A1.32,A1,test
raw_data/HistoricVietnam-OldPics/A1.32/Trường_Đại_học_Khoa_học_Xã_hội_và_Nhân_văn_Thành_phố_Hồ_Chí_Minh_khi_mới_thành_lập..jpg,Trường_Đại_học_Khoa_học_Xã_hội_và_Nhân_văn_Thành_phố_Hồ_Chí_Minh_khi_mới_thành_lập..jpg,OldPics_A1.32,A1,test
raw_data/HistoricVietnam-OldPics/A1.32/ĐH tổng hợp.jpg,ĐH tổng hợp.jpg,OldPics_A1.32,A1,test
raw_data/HistoricVietnam-OldPics/A1.34/FC7ifTNh.jpg,FC7ifTNh.jpg,OldPics_A1.34,A1,test
raw_data/HistoricVietnam-OldPics/A1.34/maj1.jpg,maj1.jpg,OldPics_A1.34,A1,test
raw_data/HistoricVietnam-OldPics/A1.34/maj2.jpg,maj2.jpg,OldPics_A1.34,A1,test
raw_data/HistoricVietnam-OldPics/A1.34/maj3.jpg,maj3.jpg,OldPics_A1.34,A1,test
raw_data/HistoricVietnam-OldPics/A1.34/maj4.jpg,maj4.jpg,OldPics_A1.34,A1,test
raw_data/HistoricVietnam-OldPics/A1.34/majestic-4.jpg,majestic-4.jpg,OldPics_A1.34,A1,test
raw_data/HistoricVietnam-OldPics/A1.34/majestic1.jpg,majestic1.jpg,OldPics_A1.34,A1,test
raw_data/HistoricVietnam-OldPics/A1.34/majestic11.jpg,majestic11.jpg,OldPics_A1.34,A1,test
raw_data/HistoricVietnam-OldPics/A1.34/majestic14.jpg,majestic14.jpg,OldPics_A1.34,A1,test
raw_data/HistoricVietnam-OldPics/A1.34/majestic15.jpg,majestic15.jpg,OldPics_A1.34,A1,test
raw_data/HistoricVietnam-OldPics/A1.34/majestic16.jpg,majestic16.jpg,OldPics_A1.34,A1,test
raw_data/HistoricVietnam-OldPics/A1.34/majestic17.jpg,majestic17.jpg,OldPics_A1.34,A1,test
raw_data/HistoricVietnam-OldPics/A1.34/majestic18.jpg,majestic18.jpg,OldPics_A1.34,A1,test
raw_data/HistoricVietnam-OldPics/A1.34/majestic22.jpg,majestic22.jpg,OldPics_A1.34,A1,test
raw_data/HistoricVietnam-OldPics/A1.34/p1FnNjjh.jpg,p1FnNjjh.jpg,OldPics_A1.34,A1,test
raw_data/HistoricVietnam-OldPics/A1.34/pe2OW6Bh.jpg,pe2OW6Bh.jpg,OldPics_A1.34,A1,test
raw_data/HistoricVietnam-OldPics/A1.34/z4770409814293_826578d786ad3a7ca6e84d30a5a6e00f.jpg.webp,z4770409814293_826578d786ad3a7ca6e84d30a5a6e00f.jpg.webp,OldPics_A1.34,A1,test
raw_data/HistoricVietnam-OldPics/A1.35/buu-dien-12.jpg,buu-dien-12.jpg,OldPics_A1.35,A1,test
raw_data/HistoricVietnam-OldPics/A1.35/buu-dien-13.jpg,buu-dien-13.jpg,OldPics_A1.35,A1,test
raw_data/HistoricVietnam-OldPics/A1.35/buu-dien-14.jpg,buu-dien-14.jpg,OldPics_A1.35,A1,test
raw_data/HistoricVietnam-OldPics/A1.35/buu-dien-16.jpg,buu-dien-16.jpg,OldPics_A1.35,A1,test
raw_data/HistoricVietnam-OldPics/A1.35/buu-dien-17.jpg,buu-dien-17.jpg,OldPics_A1.35,A1,test
raw_data/HistoricVietnam-OldPics/A1.35/buu-dien-18.jpg,buu-dien-18.jpg,OldPics_A1.35,A1,test
raw_data/HistoricVietnam-OldPics/A1.35/buu-dien-3.jpg,buu-dien-3.jpg,OldPics_A1.35,A1,test
raw_data/HistoricVietnam-OldPics/A1.35/buu-dien-7.jpg,buu-dien-7.jpg,OldPics_A1.35,A1,test
raw_data/HistoricVietnam-OldPics/A1.35/buu-dien-8.jpg,buu-dien-8.jpg,OldPics_A1.35,A1,test
raw_data/HistoricVietnam-OldPics/A1.35/buu-dien-9.jpg,buu-dien-9.jpg,OldPics_A1.35,A1,test
raw_data/HistoricVietnam-OldPics/A1.35/post-1-1.jpg,post-1-1.jpg,OldPics_A1.35,A1,test
raw_data/HistoricVietnam-OldPics/A1.35/post-10-1.jpg,post-10-1.jpg,OldPics_A1.35,A1,test
raw_data/HistoricVietnam-OldPics/A1.35/post-2.jpg,post-2.jpg,OldPics_A1.35,A1,test
raw_data/HistoricVietnam-OldPics/A1.35/post-3-1.jpg,post-3-1.jpg,OldPics_A1.35,A1,test
raw_data/HistoricVietnam-OldPics/A1.35/post-3.jpg,post-3.jpg,OldPics_A1.35,A1,test
raw_data/HistoricVietnam-OldPics/A1.35/post-4-1.jpg,post-4-1.jpg,OldPics_A1.35,A1,test
raw_data/HistoricVietnam-OldPics/A1.35/post-5-1.jpg,post-5-1.jpg,OldPics_A1.35,A1,test
raw_data/HistoricVietnam-OldPics/A1.35/post-7-1.jpg,post-7-1.jpg,OldPics_A1.35,A1,test
raw_data/HistoricVietnam-OldPics/A1.35/post-8-1.jpg,post-8-1.jpg,OldPics_A1.35,A1,test
raw_data/HistoricVietnam-OldPics/A1.35/post-sg.jpg,post-sg.jpg,OldPics_A1.35,A1,test
raw_data/HistoricVietnam-OldPics/A1.36/IMAGE-41-1024x514.jpg,IMAGE-41-1024x514.jpg,OldPics_A1.36,A1,test
raw_data/HistoricVietnam-OldPics/A1.36/La-Sainte-Enfance-par-Emile-Gsell-ca.1866-1024x716.jpg,La-Sainte-Enfance-par-Emile-Gsell-ca.1866-1024x716.jpg,OldPics_A1.36,A1,test
raw_data/HistoricVietnam-OldPics/A1.36/Les-Sœurs-de-Saint-Paul-à-Saigon-1024x680.jpg,Les-Sœurs-de-Saint-Paul-à-Saigon-1024x680.jpg,OldPics_A1.36,A1,test
raw_data/HistoricVietnam-OldPics/A1.36/Soeurs-de-Saint-Paul-i-1024x604.jpg,Soeurs-de-Saint-Paul-i-1024x604.jpg,OldPics_A1.36,A1,test
raw_data/HistoricVietnam-OldPics/A1.39/4.15.1-Shell-Building-1955.jpg,4.15.1-Shell-Building-1955.jpg,OldPics_A1.39,A1,test
raw_data/HistoricVietnam-OldPics/A1.39/8594583280_eb6b9f6ebf_o-1024x733.jpg,8594583280_eb6b9f6ebf_o-1024x733.jpg,OldPics_A1.39,A1,test
raw_data/HistoricVietnam-OldPics/A1.41/5652558413_7707f7e29f_o-1024x677.jpg,5652558413_7707f7e29f_o-1024x677.jpg,OldPics_A1.41,A1,test
raw_data/HistoricVietnam-OldPics/A1.41/647870-1024x630.jpg,647870-1024x630.jpg,OldPics_A1.41,A1,test
raw_data/HistoricVietnam-OldPics/A1.41/Chambre de commerce de Saïgon-01.png,Chambre de commerce de Saïgon-01.png,OldPics_A1.41,A1,test
raw_data/HistoricVietnam-OldPics/A1.41/Chambre de commerce de Saïgon-02.png,Chambre de commerce de Saïgon-02.png,OldPics_A1.41,A1,test
raw_data/HistoricVietnam-OldPics/A1.41/Dien-Hong-Hall-1969-1024x635.jpg,Dien-Hong-Hall-1969-1024x635.jpg,OldPics_A1.41,A1,test
raw_data/HistoricVietnam-OldPics/A1.42/D25v8wEh.jpg,D25v8wEh.jpg,OldPics_A1.42,A1,test
raw_data/HistoricVietnam-OldPics/A1.42/dai-lo-ham-nghi-14.jpg,dai-lo-ham-nghi-14.jpg,OldPics_A1.42,A1,test
raw_data/HistoricVietnam-OldPics/A1.42/IMBn7rrh.jpg,IMBn7rrh.jpg,OldPics_A1.42,A1,test
raw_data/HistoricVietnam-OldPics/A1.42/pc0ljWph.jpg,pc0ljWph.jpg,OldPics_A1.42,A1,test
raw_data/HistoricVietnam-OldPics/A1.42/phap-hoa.jpg,phap-hoa.jpg,OldPics_A1.42,A1,test
raw_data/HistoricVietnam-OldPics/A1.43/kho-bac-nn-xua-4158.jpg,kho-bac-nn-xua-4158.jpg,OldPics_A1.43,A1,test
raw_data/HistoricVietnam-OldPics/A1.44/4940443163_bcabdc0c7e_o-1024x671.jpg,4940443163_bcabdc0c7e_o-1024x671.jpg,OldPics_A1.44,A1,test
raw_data/HistoricVietnam-OldPics/A1.44/5536847066_18b6a7b809_o-1024x639.jpg,5536847066_18b6a7b809_o-1024x639.jpg,OldPics_A1.44,A1,test
raw_data/HistoricVietnam-OldPics/A1.44/5640188960_116fec7766_o.jpg,5640188960_116fec7766_o.jpg,OldPics_A1.44,A1,test
raw_data/HistoricVietnam-OldPics/A1.44/59-Norodom-palace-Bomb-1962-1024x727.jpg,59-Norodom-palace-Bomb-1962-1024x727.jpg,OldPics_A1.44,A1,test
raw_data/HistoricVietnam-OldPics/A1.44/ID_31901_building.JPG.jpg,ID_31901_building.JPG.jpg,OldPics_A1.44,A1,test
raw_data/HistoricVietnam-OldPics/A1.44/Norodom-Palace-Joffre-1024x592.jpg,Norodom-Palace-Joffre-1024x592.jpg,OldPics_A1.44,A1,test
raw_data/HistoricVietnam-OldPics/A2.05/514415141_1095025962532204_4349941074748979548_n.jpg,514415141_1095025962532204_4349941074748979548_n.jpg,OldPics_A2.05,A2,test
raw_data/HistoricVietnam-OldPics/A2.05/cn4a_RBDP.jpg,cn4a_RBDP.jpg,OldPics_A2.05,A2,test
raw_data/HistoricVietnam-OldPics/B1.05/ykhoa1.jpg,ykhoa1.jpg,OldPics_B1.05,B1,test
raw_data/HistoricVietnam-OldPics/B1.07/6878968663_92de2b5be7_b.jpg,6878968663_92de2b5be7_b.jpg,OldPics_B1.07,B1,test
raw_data/HistoricVietnam-OldPics/B1.07/bv-1.webp,bv-1.webp,OldPics_B1.07,B1,test
raw_data/HistoricVietnam-OldPics/B1.07/bv-2.webp,bv-2.webp,OldPics_B1.07,B1,test
raw_data/HistoricVietnam-OldPics/B1.17/481976219_647210097863768_1221286042314001074_n.jpg,481976219_647210097863768_1221286042314001074_n.jpg,OldPics_B1.17,B1,test
raw_data/HistoricVietnam-OldPics/B1.23/artdeco-2.jpg,artdeco-2.jpg,OldPics_B1.23,B1,test
raw_data/HistoricVietnam-OldPics/B1.23/dinh-thu-tuong.jpg,dinh-thu-tuong.jpg,OldPics_B1.23,B1,test
raw_data/HistoricVietnam-OldPics/B1.23/SAIGON-CITÉ-NORODOM-1950s-i-768x479.jpg,SAIGON-CITÉ-NORODOM-1950s-i-768x479.jpg,OldPics_B1.23,B1,test
raw_data/HistoricVietnam-OldPics/B1.24/IMAGE-12.jpg,IMAGE-12.jpg,OldPics_B1.24,B1,test
raw_data/HistoricVietnam-OldPics/B1.24/REX-1975-b.jpg,REX-1975-b.jpg,OldPics_B1.24,B1,test
raw_data/HistoricVietnam-OldPics/B1.24/thu-vien-abraham-lincoln-1.jpg,thu-vien-abraham-lincoln-1.jpg,OldPics_B1.24,B1,test
raw_data/HistoricVietnam-OldPics/B1.24/thu-vien-abraham-lincoln-16.jpg,thu-vien-abraham-lincoln-16.jpg,OldPics_B1.24,B1,test
raw_data/HistoricVietnam-OldPics/B1.24/thu-vien-abraham-lincoln-2.jpg,thu-vien-abraham-lincoln-2.jpg,OldPics_B1.24,B1,test
raw_data/HistoricVietnam-OldPics/B1.24/thu-vien-abraham-lincoln-6.jpg,thu-vien-abraham-lincoln-6.jpg,OldPics_B1.24,B1,test
raw_data/HistoricVietnam-OldPics/B1.24/thu-vien-abraham-lincoln-8.jpg,thu-vien-abraham-lincoln-8.jpg,OldPics_B1.24,B1,test
raw_data/HistoricVietnam-OldPics/B1.24/thu-vien-abraham-lincoln-9.jpg,thu-vien-abraham-lincoln-9.jpg,OldPics_B1.24,B1,test
raw_data/HistoricVietnam-OldPics/B1.25/528697843_761412706443506_1142068646994295958_n.jpg,528697843_761412706443506_1142068646994295958_n.jpg,OldPics_B1.25,B1,test
raw_data/HistoricVietnam-OldPics/B1.25/536270285_775498055034971_48108002072064561_n.jpg,536270285_775498055034971_48108002072064561_n.jpg,OldPics_B1.25,B1,test
raw_data/HistoricVietnam-OldPics/B1.25/63-First-US-Embassy.jpg,63-First-US-Embassy.jpg,OldPics_B1.25,B1,test
raw_data/HistoricVietnam-OldPics/B1.25/aWIo8Jhh.jpg,aWIo8Jhh.jpg,OldPics_B1.25,B1,test
raw_data/HistoricVietnam-OldPics/B1.25/dai-su-quan-my-truoc-1975-7.jpg,dai-su-quan-my-truoc-1975-7.jpg,OldPics_B1.25,B1,test
raw_data/HistoricVietnam-OldPics/B1.25/dsq.jpg,dsq.jpg,OldPics_B1.25,B1,test
raw_data/HistoricVietnam-OldPics/B1.25/Old_US_Embassy.jpg,Old_US_Embassy.jpg,OldPics_B1.25,B1,test
raw_data/HistoricVietnam-OldPics/B1.28/dai-lo-ham-nghi-21.jpg,dai-lo-ham-nghi-21.jpg,OldPics_B1.28,B1,test
raw_data/Other-Modernism/DSC08839.JPG,DSC08839.JPG,Other-Modernism,B2,test
raw_data/Other-Modernism/DSC08840.JPG,DSC08840.JPG,Other-Modernism,B2,test
raw_data/Other-Modernism/DSC08841.JPG,DSC08841.JPG,Other-Modernism,B2,test
raw_data/Other-Modernism/DSC08842.JPG,DSC08842.JPG,Other-Modernism,B2,test
raw_data/Other-Modernism/DSC08843.JPG,DSC08843.JPG,Other-Modernism,B2,test
raw_data/Other-Modernism/DSC08844.JPG,DSC08844.JPG,Other-Modernism,B2,test
raw_data/Other-Modernism/DSC08845.JPG,DSC08845.JPG,Other-Modernism,B2,test
raw_data/Other-Modernism/DSC08846.JPG,DSC08846.JPG,Other-Modernism,B2,test
raw_data/Other-Modernism/DSC08847.JPG,DSC08847.JPG,Other-Modernism,B2,test
raw_data/Other-Modernism/DSC08848.JPG,DSC08848.JPG,Other-Modernism,B2,test
raw_data/Other-Modernism/DSC08849.JPG,DSC08849.JPG,Other-Modernism,B2,test
raw_data/Other-Modernism/DSC08850.JPG,DSC08850.JPG,Other-Modernism,B2,test
raw_data/Other-Modernism/DSC08851.JPG,DSC08851.JPG,Other-Modernism,B2,test
raw_data/Other-Modernism/DSC08852.JPG,DSC08852.JPG,Other-Modernism,B2,test
raw_data/Other-Modernism/DSC08853.JPG,DSC08853.JPG,Other-Modernism,B2,test
raw_data/Other-Modernism/DSC08854.JPG,DSC08854.JPG,Other-Modernism,B2,test
raw_data/Other-Modernism/DSC08855.JPG,DSC08855.JPG,Other-Modernism,B2,test
raw_data/Other-Modernism/DSC08857.JPG,DSC08857.JPG,Other-Modernism,B2,test
raw_data/Other-Modernism/DSC08858.JPG,DSC08858.JPG,Other-Modernism,B2,test
raw_data/Other-Modernism/DSC08862.JPG,DSC08862.JPG,Other-Modernism,B2,test
raw_data/Other-Modernism/DSC08863.JPG,DSC08863.JPG,Other-Modernism,B2,test
raw_data/Other-Modernism/DSC08864.JPG,DSC08864.JPG,Other-Modernism,B2,test
raw_data/Other-Modernism/DSC08865.JPG,DSC08865.JPG,Other-Modernism,B2,test
raw_data/Other-Modernism/DSC08872.JPG,DSC08872.JPG,Other-Modernism,B2,test
raw_data/Other-Modernism/DSC08876.JPG,DSC08876.JPG,Other-Modernism,B2,test
raw_data/Other-Modernism/DSC08877.JPG,DSC08877.JPG,Other-Modernism,B2,test
raw_data/Other-Modernism/DSC08878.JPG,DSC08878.JPG,Other-Modernism,B2,test
raw_data/Other-Modernism/DSC08879.JPG,DSC08879.JPG,Other-Modernism,B2,test
raw_data/Other-Modernism/DSC08880.JPG,DSC08880.JPG,Other-Modernism,B2,test
raw_data/Other-Modernism/DSC08881.JPG,DSC08881.JPG,Other-Modernism,B2,test
raw_data/Other-Modernism/DSC08883.JPG,DSC08883.JPG,Other-Modernism,B2,test
raw_data/Other-Modernism/DSC08884.JPG,DSC08884.JPG,Other-Modernism,B2,test
raw_data/Other-Modernism/DSC08885.JPG,DSC08885.JPG,Other-Modernism,B2,test
raw_data/Other-Modernism/UEH-CSB/DSC02087.JPG,DSC02087.JPG,OtherModernism_UEH-CSB,B2,test
raw_data/Other-Modernism/UEH-CSB/DSC02088.JPG,DSC02088.JPG,OtherModernism_UEH-CSB,B2,test
raw_data/Other-Modernism/UEH-CSB/DSC02090.JPG,DSC02090.JPG,OtherModernism_UEH-CSB,B2,test
raw_data/Other-Modernism/UEH-CSB/DSC02091.JPG,DSC02091.JPG,OtherModernism_UEH-CSB,B2,test
raw_data/Other-Modernism/UEH-CSB/DSC02092.JPG,DSC02092.JPG,OtherModernism_UEH-CSB,B2,test
raw_data/Other-Modernism/UEH-CSB/DSC02093.JPG,DSC02093.JPG,OtherModernism_UEH-CSB,B2,test
raw_data/Other-Modernism/UEH-CSB/DSC02094.JPG,DSC02094.JPG,OtherModernism_UEH-CSB,B2,test
raw_data/Other-Modernism/UEH-CSB/DSC02095.JPG,DSC02095.JPG,OtherModernism_UEH-CSB,B2,test
raw_data/Other-Modernism/UEH-CSB/DSC02096.JPG,DSC02096.JPG,OtherModernism_UEH-CSB,B2,test
raw_data/Other-Modernism/UEH-CSB/DSC02098.JPG,DSC02098.JPG,OtherModernism_UEH-CSB,B2,test
raw_data/Other-Modernism/UEH-CSB/DSC02099.JPG,DSC02099.JPG,OtherModernism_UEH-CSB,B2,test
raw_data/Other-Modernism/UEH-CSB/DSC02100.JPG,DSC02100.JPG,OtherModernism_UEH-CSB,B2,test
raw_data/Other-Modernism/UEH-CSB/DSC02101.JPG,DSC02101.JPG,OtherModernism_UEH-CSB,B2,test
raw_data/Other-Modernism/UEH-CSB/DSC02102.JPG,DSC02102.JPG,OtherModernism_UEH-CSB,B2,test
raw_data/Other-Modernism/UEH-CSB/DSC02103.JPG,DSC02103.JPG,OtherModernism_UEH-CSB,B2,test
raw_data/Other-Modernism/UEH-CSB/DSC02105.JPG,DSC02105.JPG,OtherModernism_UEH-CSB,B2,test
raw_data/Other-Modernism/UEH-CSB/DSC02106.JPG,DSC02106.JPG,OtherModernism_UEH-CSB,B2,test
raw_data/Other-Modernism/UEH-CSB/DSC02107.JPG,DSC02107.JPG,OtherModernism_UEH-CSB,B2,test
raw_data/Other-Modernism/UEH-CSB/DSC02108.JPG,DSC02108.JPG,OtherModernism_UEH-CSB,B2,test
raw_data/Other-Modernism/UEH-CSB/DSC02109.JPG,DSC02109.JPG,OtherModernism_UEH-CSB,B2,test
raw_data/Other-Modernism/UEH-CSB/DSC02110.JPG,DSC02110.JPG,OtherModernism_UEH-CSB,B2,test
raw_data/Other-Modernism/UEH-CSB/DSC02111.JPG,DSC02111.JPG,OtherModernism_UEH-CSB,B2,test
raw_data/Other-Modernism/UEH-CSB/DSC02112.JPG,DSC02112.JPG,OtherModernism_UEH-CSB,B2,test
raw_data/Other-Modernism/UEH-CSB/DSC02113.JPG,DSC02113.JPG,OtherModernism_UEH-CSB,B2,test
raw_data/Other-Modernism/UEH-CSB/DSC02114.JPG,DSC02114.JPG,OtherModernism_UEH-CSB,B2,test
raw_data/Other-Modernism/UEH-CSB/DSC02115.JPG,DSC02115.JPG,OtherModernism_UEH-CSB,B2,test
raw_data/Other-Modernism/UEH-CSB/DSC02116.JPG,DSC02116.JPG,OtherModernism_UEH-CSB,B2,test
raw_data/Other-Modernism/UEH-CSB/DSC02117.JPG,DSC02117.JPG,OtherModernism_UEH-CSB,B2,test
raw_data/Other-Modernism/UEH-CSB/DSC02118.JPG,DSC02118.JPG,OtherModernism_UEH-CSB,B2,test
raw_data/Other-Modernism/UEH-CSB/DSC02119.JPG,DSC02119.JPG,OtherModernism_UEH-CSB,B2,test
raw_data/Other-Modernism/UEH-CSB/DSC02120.JPG,DSC02120.JPG,OtherModernism_UEH-CSB,B2,test
raw_data/Other-Modernism/UEH-CSB/DSC02121.JPG,DSC02121.JPG,OtherModernism_UEH-CSB,B2,test
raw_data/Other-Modernism/UEH-CSB/DSC02123.JPG,DSC02123.JPG,OtherModernism_UEH-CSB,B2,test
raw_data/Other-Modernism/UEH-CSB/DSC02124.JPG,DSC02124.JPG,OtherModernism_UEH-CSB,B2,test
raw_data/Other-Modernism/UEH-CSB/DSC02125.JPG,DSC02125.JPG,OtherModernism_UEH-CSB,B2,test
raw_data/Other-Modernism/UEH-CSB/DSC02126.JPG,DSC02126.JPG,OtherModernism_UEH-CSB,B2,test
raw_data/Other-Modernism/UEH-CSB/DSC02127.JPG,DSC02127.JPG,OtherModernism_UEH-CSB,B2,test
raw_data/Other-Modernism/UEH-CSB/DSC02128.JPG,DSC02128.JPG,OtherModernism_UEH-CSB,B2,test
raw_data/Other-Modernism/UEH-CSB/DSC02129.JPG,DSC02129.JPG,OtherModernism_UEH-CSB,B2,test
raw_data/Other-Modernism/UEH-CSB/DSC02130.JPG,DSC02130.JPG,OtherModernism_UEH-CSB,B2,test
raw_data/Other-Modernism/UEH-CSB/DSC02131.JPG,DSC02131.JPG,OtherModernism_UEH-CSB,B2,test
raw_data/Other-Modernism/UEH-CSB/DSC02132.JPG,DSC02132.JPG,OtherModernism_UEH-CSB,B2,test
raw_data/Other-Modernism/UEH-CSB/DSC02133.JPG,DSC02133.JPG,OtherModernism_UEH-CSB,B2,test
raw_data/Other-Modernism/UEH-CSB/DSC02136.JPG,DSC02136.JPG,OtherModernism_UEH-CSB,B2,test
raw_data/Other-Modernism/UEH-CSB/DSC02137.JPG,DSC02137.JPG,OtherModernism_UEH-CSB,B2,test
raw_data/Other-Modernism/UEH-CSB/DSC02138.JPG,DSC02138.JPG,OtherModernism_UEH-CSB,B2,test
raw_data/Other-Modernism/UEH-CSB/DSC02139.JPG,DSC02139.JPG,OtherModernism_UEH-CSB,B2,test
raw_data/Other-Modernism/UEH-CSB/DSC02140.JPG,DSC02140.JPG,OtherModernism_UEH-CSB,B2,test
raw_data/Other-Modernism/UEH-CSB/DSC02141.JPG,DSC02141.JPG,OtherModernism_UEH-CSB,B2,test
raw_data/Other-Modernism/UEH-CSB/DSC02142.JPG,DSC02142.JPG,OtherModernism_UEH-CSB,B2,test
raw_data/Other-Modernism/UEH-CSB/DSC02143.JPG,DSC02143.JPG,OtherModernism_UEH-CSB,B2,test
raw_data/Other-Modernism/UEH-CSB/DSC02144.JPG,DSC02144.JPG,OtherModernism_UEH-CSB,B2,test
raw_data/Other-Modernism/UEH-CSB/DSC02145.JPG,DSC02145.JPG,OtherModernism_UEH-CSB,B2,test
raw_data/Other-Modernism/UEH-CSB/DSC02146.JPG,DSC02146.JPG,OtherModernism_UEH-CSB,B2,test
raw_data/Other-Modernism/UEH-CSB/DSC02147.JPG,DSC02147.JPG,OtherModernism_UEH-CSB,B2,test
raw_data/Other-Modernism/UEH-CSB/DSC02148.JPG,DSC02148.JPG,OtherModernism_UEH-CSB,B2,test
raw_data/Other-Modernism/UEH-CSB/DSC02149.JPG,DSC02149.JPG,OtherModernism_UEH-CSB,B2,test
raw_data/Other-Modernism/UEH-CSB/DSC02151.JPG,DSC02151.JPG,OtherModernism_UEH-CSB,B2,test
raw_data/Other-Modernism/UEH-CSB/DSC02152.JPG,DSC02152.JPG,OtherModernism_UEH-CSB,B2,test
raw_data/Other-Modernism/UEH-CSB/DSC02153.JPG,DSC02153.JPG,OtherModernism_UEH-CSB,B2,test
raw_data/Other-Modernism/UEH-CSB/DSC02154.JPG,DSC02154.JPG,OtherModernism_UEH-CSB,B2,test
raw_data/Other-Modernism/UEH-CSB/DSC02155.JPG,DSC02155.JPG,OtherModernism_UEH-CSB,B2,test
raw_data/Other-Modernism/UEH-CSB/DSC02156.JPG,DSC02156.JPG,OtherModernism_UEH-CSB,B2,test
raw_data/Other-Modernism/UEH-CSB/DSC02157.JPG,DSC02157.JPG,OtherModernism_UEH-CSB,B2,test
raw_data/Other-Modernism/UEH-CSB/DSC02158.JPG,DSC02158.JPG,OtherModernism_UEH-CSB,B2,test
raw_data/Other-Modernism/UEH-CSB/DSC02170.JPG,DSC02170.JPG,OtherModernism_UEH-CSB,B2,test
raw_data/Other-Modernism/UEH-CSB/DSC02171.JPG,DSC02171.JPG,OtherModernism_UEH-CSB,B2,test
raw_data/Other-Modernism/UEH-CSB/DSC02174.JPG,DSC02174.JPG,OtherModernism_UEH-CSB,B2,test
raw_data/Other-Modernism/UEH-CSB/DSC02175.JPG,DSC02175.JPG,OtherModernism_UEH-CSB,B2,test
raw_data/Other-Modernism/UEH-CSB/DSC02176.JPG,DSC02176.JPG,OtherModernism_UEH-CSB,B2,test
raw_data/Other-Modernism/UEH-CSB/DSC02177.JPG,DSC02177.JPG,OtherModernism_UEH-CSB,B2,test
raw_data/Other-Modernism/UEH-CSB/DSC02178.JPG,DSC02178.JPG,OtherModernism_UEH-CSB,B2,test
raw_data/Other-Modernism/UEH-CSB/DSC02179.JPG,DSC02179.JPG,OtherModernism_UEH-CSB,B2,test
raw_data/Other-Modernism/UEH-CSB/DSC02180.JPG,DSC02180.JPG,OtherModernism_UEH-CSB,B2,test
raw_data/Other-Modernism/UEH-CSB/DSC02181.JPG,DSC02181.JPG,OtherModernism_UEH-CSB,B2,test
raw_data/Other-Modernism/UEH-CSB/DSC02182.JPG,DSC02182.JPG,OtherModernism_UEH-CSB,B2,test
raw_data/Other-Modernism/UEH-CSB/DSC02183.JPG,DSC02183.JPG,OtherModernism_UEH-CSB,B2,test
raw_data/Other-Modernism/UEH-CSB/DSC02184.JPG,DSC02184.JPG,OtherModernism_UEH-CSB,B2,test
raw_data/Other-Modernism/UEH-CSB/DSC02185.JPG,DSC02185.JPG,OtherModernism_UEH-CSB,B2,test
raw_data/Other-Modernism/UEH-CSB/DSC02186.JPG,DSC02186.JPG,OtherModernism_UEH-CSB,B2,test
raw_data/Other-Modernism/UEH-CSB/DSC02187.JPG,DSC02187.JPG,OtherModernism_UEH-CSB,B2,test
raw_data/Other-Modernism/UEH-CSB/DSC02188.JPG,DSC02188.JPG,OtherModernism_UEH-CSB,B2,test
raw_data/Other-Modernism/UEH-CSB/DSC02189.JPG,DSC02189.JPG,OtherModernism_UEH-CSB,B2,test
raw_data/Other-Modernism/UEH-CSB/DSC02190.JPG,DSC02190.JPG,OtherModernism_UEH-CSB,B2,test
raw_data/Other-Modernism/UEH-CSB/DSC02191.JPG,DSC02191.JPG,OtherModernism_UEH-CSB,B2,test
raw_data/Other-Modernism/UEH-CSB/DSC02192.JPG,DSC02192.JPG,OtherModernism_UEH-CSB,B2,test
raw_data/Other-Modernism/UEH-CSB/DSC02193.JPG,DSC02193.JPG,OtherModernism_UEH-CSB,B2,test
raw_data/Other-Modernism/UEH-CSB/DSC02194.JPG,DSC02194.JPG,OtherModernism_UEH-CSB,B2,test
raw_data/Other-Modernism/UEH-CSB/DSC02195.JPG,DSC02195.JPG,OtherModernism_UEH-CSB,B2,test
raw_data/Other-Modernism/UEH-CSB/DSC02196.JPG,DSC02196.JPG,OtherModernism_UEH-CSB,B2,test
raw_data/Other-Modernism/UEH-CSB/DSC02198.JPG,DSC02198.JPG,OtherModernism_UEH-CSB,B2,test
raw_data/Other-Modernism/UEH-CSB/DSC02201.JPG,DSC02201.JPG,OtherModernism_UEH-CSB,B2,test
raw_data/Other-Modernism/UEH-CSB/DSC02202.JPG,DSC02202.JPG,OtherModernism_UEH-CSB,B2,test
raw_data/Other-Modernism/UEH-CSB/DSC02203.JPG,DSC02203.JPG,OtherModernism_UEH-CSB,B2,test
raw_data/Other-Modernism/UEH-CSB/DSC02204.JPG,DSC02204.JPG,OtherModernism_UEH-CSB,B2,test
raw_data/Other-Modernism/UEH-CSB/DSC02205.JPG,DSC02205.JPG,OtherModernism_UEH-CSB,B2,test
raw_data/Other-Modernism/UEH-CSB/DSC02206.JPG,DSC02206.JPG,OtherModernism_UEH-CSB,B2,test
raw_data/Other-Modernism/UEH-CSB/DSC02209.JPG,DSC02209.JPG,OtherModernism_UEH-CSB,B2,test
raw_data/Other-Modernism/UEH-CSB/DSC02210.JPG,DSC02210.JPG,OtherModernism_UEH-CSB,B2,test
raw_data/Other-Modernism/UEH-CSB/DSC02211.JPG,DSC02211.JPG,OtherModernism_UEH-CSB,B2,test
raw_data/Other-Modernism/UEH-CSB/DSC02212.JPG,DSC02212.JPG,OtherModernism_UEH-CSB,B2,test
raw_data/Other-Modernism/UEH-CSB/DSC02213.JPG,DSC02213.JPG,OtherModernism_UEH-CSB,B2,test
raw_data/Other-Modernism/UEH-CSB/DSC02214.JPG,DSC02214.JPG,OtherModernism_UEH-CSB,B2,test
raw_data/Other-Modernism/UEH-CSB/DSC02215.JPG,DSC02215.JPG,OtherModernism_UEH-CSB,B2,test
raw_data/Other-Modernism/UEH-CSB/DSC02216.JPG,DSC02216.JPG,OtherModernism_UEH-CSB,B2,test
raw_data/Other-Modernism/UEH-CSB/DSC02217.JPG,DSC02217.JPG,OtherModernism_UEH-CSB,B2,test
raw_data/Other-Modernism/UEH-CSB/DSC02218.JPG,DSC02218.JPG,OtherModernism_UEH-CSB,B2,test
raw_data/Other-Modernism/UEH-CSB/DSC02219.JPG,DSC02219.JPG,OtherModernism_UEH-CSB,B2,test
raw_data/Other-Modernism/UEH-CSB/DSC02220.JPG,DSC02220.JPG,OtherModernism_UEH-CSB,B2,test
raw_data/Other-Modernism/UEH-CSB/DSC02221.JPG,DSC02221.JPG,OtherModernism_UEH-CSB,B2,test
raw_data/Other-Modernism/UEH-CSB/DSC02222.JPG,DSC02222.JPG,OtherModernism_UEH-CSB,B2,test
raw_data/Other-Modernism/UEH-CSB/DSC02223.JPG,DSC02223.JPG,OtherModernism_UEH-CSB,B2,test
raw_data/Other-Modernism/UEH-CSB/DSC02224.JPG,DSC02224.JPG,OtherModernism_UEH-CSB,B2,test
raw_data/Other-Modernism/UEH-CSB/DSC02225.JPG,DSC02225.JPG,OtherModernism_UEH-CSB,B2,test
raw_data/Other-Modernism/UEH-CSB/DSC02226.JPG,DSC02226.JPG,OtherModernism_UEH-CSB,B2,test
raw_data/Other-Modernism/UEH-CSB/DSC02227.JPG,DSC02227.JPG,OtherModernism_UEH-CSB,B2,test
raw_data/Other-Modernism/UEH-CSB/DSC02228.JPG,DSC02228.JPG,OtherModernism_UEH-CSB,B2,test
raw_data/Other-Modernism/UEH-CSB/DSC02230.JPG,DSC02230.JPG,OtherModernism_UEH-CSB,B2,test
raw_data/Other-Modernism/UEH-CSB/DSC02232.JPG,DSC02232.JPG,OtherModernism_UEH-CSB,B2,test
raw_data/Other-Modernism/UEH-CSB/DSC02239.JPG,DSC02239.JPG,OtherModernism_UEH-CSB,B2,test
raw_data/Other-Modernism/UEH-CSB/DSC02240.JPG,DSC02240.JPG,OtherModernism_UEH-CSB,B2,test
raw_data/Other-Modernism/UEH-CSB/DSC02241.JPG,DSC02241.JPG,OtherModernism_UEH-CSB,B2,test
raw_data/Other-Modernism/UEH-CSB/DSC02242.JPG,DSC02242.JPG,OtherModernism_UEH-CSB,B2,test
raw_data/Other-Modernism/UEH-CSB/DSC02243.JPG,DSC02243.JPG,OtherModernism_UEH-CSB,B2,test
raw_data/Other-Modernism/UEH-CSB/DSC02244.JPG,DSC02244.JPG,OtherModernism_UEH-CSB,B2,test
raw_data/Other-Modernism/UEH-CSB/DSC02245.JPG,DSC02245.JPG,OtherModernism_UEH-CSB,B2,test
raw_data/Other-Modernism/UEH-CSB/DSC02246.JPG,DSC02246.JPG,OtherModernism_UEH-CSB,B2,test
raw_data/Other-Modernism/UEH-CSB/DSC02247.JPG,DSC02247.JPG,OtherModernism_UEH-CSB,B2,test
raw_data/Other-Modernism/UEH-CSB/DSC02248.JPG,DSC02248.JPG,OtherModernism_UEH-CSB,B2,test
raw_data/Other-Modernism/UEH-CSB/DSC02249.JPG,DSC02249.JPG,OtherModernism_UEH-CSB,B2,test
raw_data/Other-Modernism/UEH-CSB/DSC02250.JPG,DSC02250.JPG,OtherModernism_UEH-CSB,B2,test
raw_data/Other-Modernism/UEH-CSB/DSC02251.JPG,DSC02251.JPG,OtherModernism_UEH-CSB,B2,test
raw_data/Other-Modernism/UEH-CSB/DSC02252.JPG,DSC02252.JPG,OtherModernism_UEH-CSB,B2,test
raw_data/Other-Modernism/UEH-CSB/DSC02253.JPG,DSC02253.JPG,OtherModernism_UEH-CSB,B2,test
raw_data/Other-Modernism/UEH-CSB/DSC02254.JPG,DSC02254.JPG,OtherModernism_UEH-CSB,B2,test
raw_data/Other-Modernism/UEH-CSB/DSC02255.JPG,DSC02255.JPG,OtherModernism_UEH-CSB,B2,test
raw_data/Other-Modernism/UEH-CSB/DSC02256.JPG,DSC02256.JPG,OtherModernism_UEH-CSB,B2,test
raw_data/Other-Modernism/UEH-CSB/DSC02257.JPG,DSC02257.JPG,OtherModernism_UEH-CSB,B2,test
raw_data/Other-Modernism/UEH-CSB/DSC02258.JPG,DSC02258.JPG,OtherModernism_UEH-CSB,B2,test
raw_data/Other-Modernism/UEH-CSB/DSC02259.JPG,DSC02259.JPG,OtherModernism_UEH-CSB,B2,test
raw_data/Other-Modernism/UEH-CSB/DSC02260.JPG,DSC02260.JPG,OtherModernism_UEH-CSB,B2,test
raw_data/Other-Modernism/UEH-CSB/DSC02261.JPG,DSC02261.JPG,OtherModernism_UEH-CSB,B2,test
raw_data/Other-Modernism/UEH-CSB/DSC02262.JPG,DSC02262.JPG,OtherModernism_UEH-CSB,B2,test
raw_data/Other-Modernism/UEH-CSB/DSC02263.JPG,DSC02263.JPG,OtherModernism_UEH-CSB,B2,test
raw_data/Other-Modernism/UEH-CSB/DSC02264.JPG,DSC02264.JPG,OtherModernism_UEH-CSB,B2,test
raw_data/Other-Modernism/UEH-CSB/DSC02265.JPG,DSC02265.JPG,OtherModernism_UEH-CSB,B2,test
raw_data/Other-Modernism/UEH-CSB/DSC02266.JPG,DSC02266.JPG,OtherModernism_UEH-CSB,B2,test
raw_data/Other-Modernism/UEH-CSB/DSC02267.JPG,DSC02267.JPG,OtherModernism_UEH-CSB,B2,test
raw_data/Other-Modernism/UEH-CSB/DSC02268.JPG,DSC02268.JPG,OtherModernism_UEH-CSB,B2,test
raw_data/Other-Modernism/UEH-CSB/DSC02269.JPG,DSC02269.JPG,OtherModernism_UEH-CSB,B2,test
raw_data/Other-Modernism/UEH-CSB/DSC02270.JPG,DSC02270.JPG,OtherModernism_UEH-CSB,B2,test
raw_data/Other-Modernism/UEH-CSB/DSC02271.JPG,DSC02271.JPG,OtherModernism_UEH-CSB,B2,test
raw_data/Other-Modernism/UEH-CSB/DSC02272.JPG,DSC02272.JPG,OtherModernism_UEH-CSB,B2,test
raw_data/Other-Modernism/UEH-CSB/DSC02273.JPG,DSC02273.JPG,OtherModernism_UEH-CSB,B2,test
raw_data/Other-Modernism/UEH-CSB/DSC02274.JPG,DSC02274.JPG,OtherModernism_UEH-CSB,B2,test
raw_data/Other-Modernism/UEH-CSB/DSC02275.JPG,DSC02275.JPG,OtherModernism_UEH-CSB,B2,test
raw_data/Other-Modernism/UEH-CSB/DSC02276.JPG,DSC02276.JPG,OtherModernism_UEH-CSB,B2,test
raw_data/Other-Modernism/UEH-CSB/DSC02277.JPG,DSC02277.JPG,OtherModernism_UEH-CSB,B2,test
raw_data/Other-Modernism/UEH-CSB/DSC02278.JPG,DSC02278.JPG,OtherModernism_UEH-CSB,B2,test
raw_data/Other-Modernism/UEH-CSB/DSC02279.JPG,DSC02279.JPG,OtherModernism_UEH-CSB,B2,test
raw_data/Other-Modernism/UEH-CSB/DSC02280.JPG,DSC02280.JPG,OtherModernism_UEH-CSB,B2,test
raw_data/Other-Modernism/UEH-CSB/DSC02283.JPG,DSC02283.JPG,OtherModernism_UEH-CSB,B2,test
raw_data/Other-Modernism/UEH-CSB/DSC02284.JPG,DSC02284.JPG,OtherModernism_UEH-CSB,B2,test
raw_data/Other-Modernism/UEH-CSB/DSC02285.JPG,DSC02285.JPG,OtherModernism_UEH-CSB,B2,test
raw_data/Other-Modernism/UEH-CSB/DSC02286.JPG,DSC02286.JPG,OtherModernism_UEH-CSB,B2,test
raw_data/Other-Modernism/UEH-CSB/DSC02287.JPG,DSC02287.JPG,OtherModernism_UEH-CSB,B2,test
raw_data/Other-Modernism/UEH-CSB/DSC02290.JPG,DSC02290.JPG,OtherModernism_UEH-CSB,B2,test
raw_data/Other-Modernism/UEH-CSB/DSC02295.JPG,DSC02295.JPG,OtherModernism_UEH-CSB,B2,test
raw_data/Other-Modernism/UEH-CSB/DSC02296.JPG,DSC02296.JPG,OtherModernism_UEH-CSB,B2,test
raw_data/Other-Modernism/UEH-CSB/DSC02297.JPG,DSC02297.JPG,OtherModernism_UEH-CSB,B2,test
raw_data/Other-Modernism/UEH-CSB/DSC02301.JPG,DSC02301.JPG,OtherModernism_UEH-CSB,B2,test
raw_data/Other-Modernism/UEH-CSB/DSC02306.JPG,DSC02306.JPG,OtherModernism_UEH-CSB,B2,test
raw_data/Other-Modernism/UEH-CSB/DSC02307.JPG,DSC02307.JPG,OtherModernism_UEH-CSB,B2,test
raw_data/Other-Modernism/UEH-CSB/DSC02308.JPG,DSC02308.JPG,OtherModernism_UEH-CSB,B2,test
raw_data/Other-Modernism/UEH-CSB/DSC02309.JPG,DSC02309.JPG,OtherModernism_UEH-CSB,B2,test
raw_data/Other-Modernism/UEH-CSB/DSC02310.JPG,DSC02310.JPG,OtherModernism_UEH-CSB,B2,test
raw_data/Other-Modernism/UEH-CSB/DSC02311.JPG,DSC02311.JPG,OtherModernism_UEH-CSB,B2,test
