path,true,pred,confidence
processed_data_cleaned\test\A1\A1.08.MCH-Sch_04_patch_1_1.jpg,A1,B1,0.4667
processed_data_cleaned\test\A1\A1.08.MCH-Sch_04_patch_1_4.jpg,A1,B1,0.9807
processed_data_cleaned\test\A1\A1.08.MCH-Sch_04_patch_2_1.jpg,A1,A2,0.4971
processed_data_cleaned\test\A1\A1.08.MCH-Sch_07_patch_0_0.jpg,A1,A2,0.5847
processed_data_cleaned\test\A1\A1.08.MCH-Sch_07_patch_0_3.jpg,A1,A2,0.6332
processed_data_cleaned\test\A1\A1.08.MCH-Sch_09_patch_0_2.jpg,A1,A2,0.656
processed_data_cleaned\test\A1\A1.08.MCH-Sch_09_patch_2_0.jpg,A1,B1,0.9573
processed_data_cleaned\test\A1\A1.08.MCH-Sch_12_patch_2_0.jpg,A1,B1,0.4709
processed_data_cleaned\test\A1\A1.08.MCH-Sch_13_patch_2_0.jpg,A1,A2,0.9918
processed_data_cleaned\test\A1\A1.08.MCH-Sch_13_patch_3_0.jpg,A1,A2,0.9893
processed_data_cleaned\test\A1\A1.08.MCH-Sch_15_patch_2_0.jpg,A1,A2,0.8643
processed_data_cleaned\test\A1\A1.08.MCH-Sch_17_patch_2_2.jpg,A1,A2,0.5238
processed_data_cleaned\test\A1\A1.08.MCH-Sch_18_patch_3_1.jpg,A1,B2,0.7751
processed_data_cleaned\test\A1\A1.08.MCH-Sch_20_patch_2_0.jpg,A1,A2,0.7559
processed_data_cleaned\test\A1\A1.08.MCH-Sch_20_patch_2_1.jpg,A1,A2,0.7048
processed_data_cleaned\test\A1\A1.08.MCH-Sch_22_patch_3_2.jpg,A1,A2,0.5667
processed_data_cleaned\test\A1\A1.08.MCH-Sch_23_patch_2_2.jpg,A1,A2,0.745
processed_data_cleaned\test\A1\A1.08.MCH-Sch_30_patch_1_1.jpg,A1,A2,0.5313
processed_data_cleaned\test\A1\A1.08.MCH-Sch_30_patch_3_0.jpg,A1,A2,0.6762
processed_data_cleaned\test\A1\A1.08.MCH-Sch_31_patch_3_0.jpg,A1,B2,0.5716
processed_data_cleaned\test\A1\A1.08.MCH-Sch_37_patch_3_3.jpg,A1,A2,0.6171
processed_data_cleaned\test\A1\A1.08.MCH-Sch_40_patch_2_0.jpg,A1,A2,0.7784
processed_data_cleaned\test\A1\A1.08.MCH-Sch_42_patch_1_3.jpg,A1,B2,0.5727
processed_data_cleaned\test\A1\A1.08.MCH-Sch_43_patch_1_3.jpg,A1,B2,1.0
processed_data_cleaned\test\A1\A1.08.MCH-Sch_44_patch_3_0.jpg,A1,B2,0.7186
processed_data_cleaned\test\A1\A1.08.MCH-Sch_44_patch_3_5.jpg,A1,A2,0.8654
processed_data_cleaned\test\A1\A1.08.MCH-Sch_46_patch_1_3.jpg,A1,B2,0.7349
processed_data_cleaned\test\A1\A1.08.MCH-Sch_47_patch_0_1.jpg,A1,A2,0.6705
processed_data_cleaned\test\A1\A1.08.MCH-Sch_48_patch_3_5.jpg,A1,A2,0.9736
processed_data_cleaned\test\A1\A1.08.MCH-Sch_50_patch_1_4.jpg,A1,B1,0.5405
processed_data_cleaned\test\A1\A1.08.MCH-Sch_50_patch_3_5.jpg,A1,B2,0.6266
processed_data_cleaned\test\A1\A1.08.MCH-Sch_51_patch_1_0.jpg,A1,A2,0.9707
processed_data_cleaned\test\A1\A1.08.MCH-Sch_52_patch_3_4.jpg,A1,B2,0.959
processed_data_cleaned\test\A1\A1.08.MCH-Sch_53_patch_3_4.jpg,A1,A2,0.6566
processed_data_cleaned\test\A1\A1.08.MCH-Sch_53_patch_3_5.jpg,A1,B2,0.5422
processed_data_cleaned\test\A1\A1.08.MCH-Sch_54_patch_3_4.jpg,A1,A2,0.947
processed_data_cleaned\test\A1\A1.08.MCH-Sch_55_patch_1_5.jpg,A1,A2,0.8064
processed_data_cleaned\test\A1\A1.08.MCH-Sch_55_patch_3_5.jpg,A1,A2,0.5889
processed_data_cleaned\test\A1\A1.08.MCH-Sch_59_patch_3_0.jpg,A1,A2,0.6888
processed_data_cleaned\test\A1\A1.08.MCH-Sch_60_patch_1_0.jpg,A1,B1,0.7163
processed_data_cleaned\test\A1\A1.08.MCH-Sch_60_patch_2_0.jpg,A1,A2,0.5977
processed_data_cleaned\test\A1\A1.08.MCH-Sch_60_patch_2_1.jpg,A1,B2,0.5826
processed_data_cleaned\test\A1\A1.08.MCH-Sch_60_patch_3_0.jpg,A1,B2,0.918
processed_data_cleaned\test\A1\A1.08.MCH-Sch_61_patch_2_4.jpg,A1,A2,0.9251
processed_data_cleaned\test\A1\A1.08.MCH-Sch_62_patch_2_3.jpg,A1,B2,0.6508
processed_data_cleaned\test\A1\A1.08.MCH-Sch_62_patch_2_5.jpg,A1,A2,0.9916
processed_data_cleaned\test\A1\A1.08.MCH-Sch_62_patch_3_2.jpg,A1,A2,0.6788
processed_data_cleaned\test\A1\A1.08.MCH-Sch_64_patch_0_0.jpg,A1,A2,0.8584
processed_data_cleaned\test\A1\A1.08.MCH-Sch_64_patch_2_5.jpg,A1,A2,0.9569
processed_data_cleaned\test\A1\A1.08.MCH-Sch_64_patch_3_2.jpg,A1,A2,0.8202
processed_data_cleaned\test\A1\A1.08.MCH-Sch_64_patch_3_3.jpg,A1,A2,0.915
processed_data_cleaned\test\A1\A1.08.MCH-Sch_64_patch_3_5.jpg,A1,A2,0.9256
processed_data_cleaned\test\A1\A1.08.MCH-Sch_65_patch_3_1.jpg,A1,B1,0.7407
processed_data_cleaned\test\A1\A1.08.MCH-Sch_65_patch_3_3.jpg,A1,B1,0.9964
processed_data_cleaned\test\A1\A1.08.MCH-Sch_69_patch_0_2.jpg,A1,A2,0.6772
processed_data_cleaned\test\A1\A1.08.MCH-Sch_75_patch_1_1.jpg,A1,A2,0.9631
processed_data_cleaned\test\A1\A1.08.MCH-Sch_76_patch_0_2.jpg,A1,A2,0.6179
processed_data_cleaned\test\A1\A1.08.MCH-Sch_82_patch_0_1.jpg,A1,A2,0.7656
processed_data_cleaned\test\A1\A1.08.MCH-Sch_83_patch_0_0.jpg,A1,B1,0.9061
processed_data_cleaned\test\A1\A1.08.MCH-Sch_84_patch_1_3.jpg,A1,B1,0.7874
processed_data_cleaned\test\A1\A1.08.MCH-Sch_84_patch_2_1.jpg,A1,A2,0.5337
processed_data_cleaned\test\A1\A1.08.MCH-Sch_84_patch_2_3.jpg,A1,B1,0.9865
processed_data_cleaned\test\A1\A1.08.MCH-Sch_88_patch_2_1.jpg,A1,B2,0.8477
processed_data_cleaned\test\A1\A1.15.VTT-Sch_11_patch_1_3.jpg,A1,B1,0.6323
processed_data_cleaned\test\A1\A1.15.VTT-Sch_13_patch_2_0.jpg,A1,B1,0.6577
processed_data_cleaned\test\A1\A1.15.VTT-Sch_13_patch_2_1.jpg,A1,B2,0.9825
processed_data_cleaned\test\A1\A1.15.VTT-Sch_13_patch_3_0.jpg,A1,B2,0.5838
processed_data_cleaned\test\A1\A1.15.VTT-Sch_13_patch_3_1.jpg,A1,B1,0.825
processed_data_cleaned\test\A1\A1.15.VTT-Sch_13_patch_3_3.jpg,A1,A2,0.893
processed_data_cleaned\test\A1\A1.15.VTT-Sch_13_patch_3_4.jpg,A1,B2,0.5118
processed_data_cleaned\test\A1\A1.15.VTT-Sch_13_patch_3_5.jpg,A1,A2,0.8767
processed_data_cleaned\test\A1\A1.15.VTT-Sch_14_patch_2_2.jpg,A1,B1,0.6192
processed_data_cleaned\test\A1\A1.15.VTT-Sch_14_patch_2_4.jpg,A1,A2,0.4553
processed_data_cleaned\test\A1\A1.15.VTT-Sch_16_patch_2_1.jpg,A1,B2,0.8334
processed_data_cleaned\test\A1\A1.15.VTT-Sch_17_patch_0_5.jpg,A1,B2,0.6056
processed_data_cleaned\test\A1\A1.15.VTT-Sch_17_patch_1_2.jpg,A1,B2,0.7048
processed_data_cleaned\test\A1\A1.15.VTT-Sch_17_patch_3_0.jpg,A1,A2,0.8759
processed_data_cleaned\test\A1\A1.15.VTT-Sch_17_patch_3_3.jpg,A1,B1,0.8441
processed_data_cleaned\test\A1\A1.15.VTT-Sch_17_patch_3_4.jpg,A1,A2,0.8573
processed_data_cleaned\test\A1\A1.15.VTT-Sch_18_patch_2_1.jpg,A1,B2,0.7381
processed_data_cleaned\test\A1\A1.15.VTT-Sch_19_patch_3_1.jpg,A1,B1,0.9727
processed_data_cleaned\test\A1\A1.15.VTT-Sch_20_patch_0_5.jpg,A1,A2,0.9688
processed_data_cleaned\test\A1\A1.15.VTT-Sch_20_patch_1_4.jpg,A1,B1,0.7981
processed_data_cleaned\test\A1\A1.15.VTT-Sch_21_patch_2_5.jpg,A1,B1,0.661
processed_data_cleaned\test\A1\A1.15.VTT-Sch_21_patch_3_2.jpg,A1,B1,0.4633
processed_data_cleaned\test\A1\A1.15.VTT-Sch_21_patch_3_5.jpg,A1,B1,0.9454
processed_data_cleaned\test\A1\A1.15.VTT-Sch_22_patch_3_2.jpg,A1,B2,0.7056
processed_data_cleaned\test\A1\A1.15.VTT-Sch_23_patch_3_2.jpg,A1,B1,0.5322
processed_data_cleaned\test\A1\A1.15.VTT-Sch_28_patch_1_3.jpg,A1,B1,0.8755
processed_data_cleaned\test\A1\A1.15.VTT-Sch_28_patch_2_2.jpg,A1,B1,0.5795
processed_data_cleaned\test\A1\A1.15.VTT-Sch_29_patch_0_1.jpg,A1,B2,0.8132
processed_data_cleaned\test\A1\A1.15.VTT-Sch_29_patch_2_2.jpg,A1,B2,0.8241
processed_data_cleaned\test\A1\A1.15.VTT-Sch_29_patch_3_3.jpg,A1,B1,0.9077
processed_data_cleaned\test\A1\A1.15.VTT-Sch_29_patch_3_4.jpg,A1,B1,0.5079
processed_data_cleaned\test\A1\A1.15.VTT-Sch_30_patch_0_1.jpg,A1,B2,0.7029
processed_data_cleaned\test\A1\A1.15.VTT-Sch_30_patch_1_1.jpg,A1,B2,0.8049
processed_data_cleaned\test\A1\A1.15.VTT-Sch_30_patch_3_2.jpg,A1,B1,0.8867
processed_data_cleaned\test\A1\A1.15.VTT-Sch_30_patch_3_3.jpg,A1,B1,0.9981
processed_data_cleaned\test\A1\A1.15.VTT-Sch_32_patch_1_5.jpg,A1,B2,0.9321
processed_data_cleaned\test\A1\A1.15.VTT-Sch_32_patch_3_4.jpg,A1,B1,0.9833
processed_data_cleaned\test\A1\A1.15.VTT-Sch_37_patch_0_3.jpg,A1,B1,0.6079
processed_data_cleaned\test\A1\A1.15.VTT-Sch_37_patch_2_1.jpg,A1,B1,0.9977
processed_data_cleaned\test\A1\A1.15.VTT-Sch_37_patch_2_2.jpg,A1,B1,0.6212
processed_data_cleaned\test\A1\A1.15.VTT-Sch_37_patch_2_3.jpg,A1,B1,0.9998
processed_data_cleaned\test\A1\A1.15.VTT-Sch_37_patch_3_4.jpg,A1,B1,0.9994
processed_data_cleaned\test\A1\A1.15.VTT-Sch_39_patch_2_3.jpg,A1,B2,0.3737
processed_data_cleaned\test\A1\A1.15.VTT-Sch_40_patch_1_0.jpg,A1,B1,0.9199
processed_data_cleaned\test\A1\A1.15.VTT-Sch_40_patch_3_3.jpg,A1,B1,0.7744
processed_data_cleaned\test\A1\A1.15.VTT-Sch_41_patch_0_0.jpg,A1,B2,0.8627
processed_data_cleaned\test\A1\A1.15.VTT-Sch_41_patch_1_2.jpg,A1,B1,0.7368
processed_data_cleaned\test\A1\A1.15.VTT-Sch_41_patch_2_0.jpg,A1,B1,0.5421
processed_data_cleaned\test\A1\A1.15.VTT-Sch_41_patch_3_3.jpg,A1,B1,0.8509
processed_data_cleaned\test\A1\A1.21.Rai-Bui_09_patch_0_0.jpg,A1,A2,0.7039
processed_data_cleaned\test\A1\A1.21.Rai-Bui_10_patch_3_2.jpg,A1,A2,0.9392
processed_data_cleaned\test\A1\A1.21.Rai-Bui_17_patch_3_0.jpg,A1,B1,0.6656
processed_data_cleaned\test\A1\A1.21.Rai-Bui_19_patch_3_3.jpg,A1,B2,0.9573
processed_data_cleaned\test\A1\A1.21.Rai-Bui_19_patch_3_4.jpg,A1,B2,0.9697
processed_data_cleaned\test\A1\A1.21.Rai-Bui_19_patch_3_5.jpg,A1,B2,0.934
processed_data_cleaned\test\A1\A1.21.Rai-Bui_24_patch_3_0.jpg,A1,B2,0.6503
processed_data_cleaned\test\A1\A1.21.Rai-Bui_24_patch_3_1.jpg,A1,B1,0.9752
processed_data_cleaned\test\A1\A1.21.Rai-Bui_24_patch_3_2.jpg,A1,A2,0.753
processed_data_cleaned\test\A1\A1.21.Rai-Bui_24_patch_3_3.jpg,A1,B2,0.4331
processed_data_cleaned\test\A1\A1.21.Rai-Bui_24_patch_3_4.jpg,A1,A2,0.8958
processed_data_cleaned\test\A1\A1.21.Rai-Bui_26_patch_3_0.jpg,A1,B1,0.6632
processed_data_cleaned\test\A1\A1.21.Rai-Bui_26_patch_3_1.jpg,A1,B1,0.5341
processed_data_cleaned\test\A1\A1.21.Rai-Bui_26_patch_3_2.jpg,A1,B1,0.991
processed_data_cleaned\test\A1\A1.21.Rai-Bui_28_patch_2_1.jpg,A1,A2,0.8486
processed_data_cleaned\test\A1\A1.21.Rai-Bui_29_patch_3_0.jpg,A1,A2,0.5529
processed_data_cleaned\test\A1\A1.21.Rai-Bui_29_patch_3_4.jpg,A1,A2,0.658
processed_data_cleaned\test\A1\A1.21.Rai-Bui_33_patch_2_5.jpg,A1,A2,0.9453
processed_data_cleaned\test\A1\A1.21.Rai-Bui_33_patch_3_1.jpg,A1,B1,0.6987
processed_data_cleaned\test\A1\A1.21.Rai-Bui_33_patch_3_5.jpg,A1,A2,0.6182
processed_data_cleaned\test\A1\A1.21.Rai-Bui_36_patch_0_2.jpg,A1,B1,0.725
processed_data_cleaned\test\A1\A1.21.Rai-Bui_44_patch_0_5.jpg,A1,A2,0.9916
processed_data_cleaned\test\A1\A1.21.Rai-Bui_46_patch_2_3.jpg,A1,B1,0.7936
processed_data_cleaned\test\A1\A1.21.Rai-Bui_46_patch_3_2.jpg,A1,B1,0.9909
processed_data_cleaned\test\A1\A1.21.Rai-Bui_46_patch_3_3.jpg,A1,B1,0.8349
processed_data_cleaned\test\A1\A1.21.Rai-Bui_46_patch_3_4.jpg,A1,B1,0.9906
processed_data_cleaned\test\A1\A1.21.Rai-Bui_47_patch_2_5.jpg,A1,A2,0.7758
processed_data_cleaned\test\A1\A1.21.Rai-Bui_48_patch_2_1.jpg,A1,B1,0.9653
processed_data_cleaned\test\A1\A1.21.Rai-Bui_50_patch_3_3.jpg,A1,B1,0.997
processed_data_cleaned\test\A1\A1.21.Rai-Bui_51_patch_0_0.jpg,A1,B1,0.7106
processed_data_cleaned\test\A1\A1.21.Rai-Bui_51_patch_1_0.jpg,A1,B1,0.9883
processed_data_cleaned\test\A1\A1.29.Lab-Cul_04_patch_2_1.jpg,A1,A2,0.6497
processed_data_cleaned\test\A1\A1.29.Lab-Cul_04_patch_2_2.jpg,A1,B1,0.721
processed_data_cleaned\test\A1\A1.29.Lab-Cul_04_patch_2_5.jpg,A1,B1,0.7165
processed_data_cleaned\test\A1\A1.29.Lab-Cul_04_patch_3_0.jpg,A1,B1,0.876
processed_data_cleaned\test\A1\A1.29.Lab-Cul_04_patch_3_2.jpg,A1,B1,0.5566
processed_data_cleaned\test\A1\A1.29.Lab-Cul_04_patch_3_5.jpg,A1,B1,0.4892
processed_data_cleaned\test\A1\A1.29.Lab-Cul_05_patch_0_3.jpg,A1,B1,0.5406
processed_data_cleaned\test\A1\A1.29.Lab-Cul_05_patch_1_0.jpg,A1,B1,0.773
processed_data_cleaned\test\A1\A1.29.Lab-Cul_05_patch_3_0.jpg,A1,B1,0.9998
processed_data_cleaned\test\A1\A1.29.Lab-Cul_05_patch_3_2.jpg,A1,B1,0.8414
processed_data_cleaned\test\A1\A1.29.Lab-Cul_07_patch_1_2.jpg,A1,B2,0.8254
processed_data_cleaned\test\A1\A1.29.Lab-Cul_07_patch_1_3.jpg,A1,B1,0.9886
processed_data_cleaned\test\A1\A1.29.Lab-Cul_07_patch_1_4.jpg,A1,B2,0.7436
processed_data_cleaned\test\A1\A1.29.Lab-Cul_07_patch_2_1.jpg,A1,B1,0.6404
processed_data_cleaned\test\A1\A1.29.Lab-Cul_07_patch_2_2.jpg,A1,A2,0.7869
processed_data_cleaned\test\A1\A1.29.Lab-Cul_07_patch_2_3.jpg,A1,B1,0.9934
processed_data_cleaned\test\A1\A1.29.Lab-Cul_07_patch_3_2.jpg,A1,B2,0.9953
processed_data_cleaned\test\A1\A1.29.Lab-Cul_08_patch_1_0.jpg,A1,B1,0.7047
processed_data_cleaned\test\A1\A1.29.Lab-Cul_09_patch_3_0.jpg,A1,A2,0.9675
processed_data_cleaned\test\A1\A1.29.Lab-Cul_09_patch_3_4.jpg,A1,B1,0.9088
processed_data_cleaned\test\A1\A1.29.Lab-Cul_10_patch_3_0.jpg,A1,B2,0.4861
processed_data_cleaned\test\A1\A1.29.Lab-Cul_11_patch_0_0.jpg,A1,B2,0.9008
processed_data_cleaned\test\A1\A1.29.Lab-Cul_11_patch_3_1.jpg,A1,A2,0.5235
processed_data_cleaned\test\A1\A1.29.Lab-Cul_11_patch_3_2.jpg,A1,A2,0.9977
processed_data_cleaned\test\A1\A1.29.Lab-Cul_11_patch_3_3.jpg,A1,A2,0.992
processed_data_cleaned\test\A1\A1.29.Lab-Cul_11_patch_3_4.jpg,A1,A2,0.8577
processed_data_cleaned\test\A1\A1.29.Lab-Cul_14_patch_0_1.jpg,A1,A2,0.9984
processed_data_cleaned\test\A1\A1.29.Lab-Cul_14_patch_0_3.jpg,A1,A2,0.9998
processed_data_cleaned\test\A1\A1.29.Lab-Cul_14_patch_0_4.jpg,A1,A2,0.9978
processed_data_cleaned\test\A1\A1.29.Lab-Cul_14_patch_1_4.jpg,A1,B2,0.875
processed_data_cleaned\test\A1\A1.29.Lab-Cul_14_patch_3_0.jpg,A1,B2,0.8986
processed_data_cleaned\test\A1\A1.29.Lab-Cul_14_patch_3_1.jpg,A1,B2,0.9975
processed_data_cleaned\test\A1\A1.29.Lab-Cul_14_patch_3_3.jpg,A1,B2,0.9967
processed_data_cleaned\test\A1\A1.29.Lab-Cul_14_patch_3_4.jpg,A1,B2,0.9995
processed_data_cleaned\test\A1\A1.29.Lab-Cul_14_patch_3_5.jpg,A1,B2,0.6734
processed_data_cleaned\test\A1\A1.29.Lab-Cul_15_patch_0_4.jpg,A1,A2,0.7784
processed_data_cleaned\test\A1\A1.29.Lab-Cul_15_patch_0_5.jpg,A1,A2,0.9996
processed_data_cleaned\test\A1\A1.29.Lab-Cul_15_patch_1_0.jpg,A1,A2,0.8204
processed_data_cleaned\test\A1\A1.29.Lab-Cul_15_patch_1_1.jpg,A1,A2,0.9968
processed_data_cleaned\test\A1\A1.29.Lab-Cul_15_patch_1_2.jpg,A1,A2,1.0
processed_data_cleaned\test\A1\A1.29.Lab-Cul_15_patch_1_3.jpg,A1,A2,0.9995
processed_data_cleaned\test\A1\A1.29.Lab-Cul_15_patch_1_4.jpg,A1,A2,0.9377
processed_data_cleaned\test\A1\A1.29.Lab-Cul_15_patch_1_5.jpg,A1,B1,0.6877
processed_data_cleaned\test\A1\A1.29.Lab-Cul_15_patch_2_0.jpg,A1,A2,0.9298
processed_data_cleaned\test\A1\A1.29.Lab-Cul_15_patch_2_1.jpg,A1,A2,0.9948
processed_data_cleaned\test\A1\A1.29.Lab-Cul_15_patch_2_2.jpg,A1,A2,0.9996
processed_data_cleaned\test\A1\A1.29.Lab-Cul_15_patch_2_3.jpg,A1,A2,0.9901
processed_data_cleaned\test\A1\A1.29.Lab-Cul_15_patch_2_4.jpg,A1,A2,0.9269
processed_data_cleaned\test\A1\A1.29.Lab-Cul_15_patch_2_5.jpg,A1,B1,0.768
processed_data_cleaned\test\A1\A1.29.Lab-Cul_16_patch_0_0.jpg,A1,B1,0.6091
processed_data_cleaned\test\A1\A1.29.Lab-Cul_16_patch_0_1.jpg,A1,B1,0.5801
processed_data_cleaned\test\A1\A1.29.Lab-Cul_16_patch_1_1.jpg,A1,A2,0.9999
processed_data_cleaned\test\A1\A1.29.Lab-Cul_16_patch_1_2.jpg,A1,A2,0.9985
processed_data_cleaned\test\A1\A1.29.Lab-Cul_16_patch_1_3.jpg,A1,A2,0.9983
processed_data_cleaned\test\A1\A1.29.Lab-Cul_16_patch_1_4.jpg,A1,A2,0.6623
processed_data_cleaned\test\A1\A1.29.Lab-Cul_16_patch_2_1.jpg,A1,A2,0.5155
processed_data_cleaned\test\A1\A1.29.Lab-Cul_16_patch_2_2.jpg,A1,A2,1.0
processed_data_cleaned\test\A1\A1.29.Lab-Cul_16_patch_2_3.jpg,A1,A2,0.9999
processed_data_cleaned\test\A1\A1.29.Lab-Cul_16_patch_3_3.jpg,A1,A2,0.9474
processed_data_cleaned\test\A1\A1.29.Lab-Cul_16_patch_3_4.jpg,A1,B1,0.729
processed_data_cleaned\test\A1\A1.29.Lab-Cul_16_patch_3_5.jpg,A1,A2,0.6636
processed_data_cleaned\test\A1\A1.29.Lab-Cul_17_patch_0_1.jpg,A1,B1,0.9584
processed_data_cleaned\test\A1\A1.29.Lab-Cul_17_patch_0_2.jpg,A1,A2,0.9998
processed_data_cleaned\test\A1\A1.29.Lab-Cul_17_patch_1_1.jpg,A1,B1,0.6118
processed_data_cleaned\test\A1\A1.29.Lab-Cul_17_patch_1_2.jpg,A1,A2,0.9473
processed_data_cleaned\test\A1\A1.29.Lab-Cul_17_patch_1_3.jpg,A1,A2,0.6415
processed_data_cleaned\test\A1\A1.29.Lab-Cul_17_patch_2_2.jpg,A1,A2,0.609
processed_data_cleaned\test\A1\A1.29.Lab-Cul_17_patch_2_3.jpg,A1,A2,0.9932
processed_data_cleaned\test\A1\A1.29.Lab-Cul_17_patch_2_4.jpg,A1,A2,0.5687
processed_data_cleaned\test\A1\A1.29.Lab-Cul_17_patch_3_3.jpg,A1,A2,1.0
processed_data_cleaned\test\A1\A1.29.Lab-Cul_17_patch_3_4.jpg,A1,A2,0.8412
processed_data_cleaned\test\A1\A1.29.Lab-Cul_18_patch_0_4.jpg,A1,A2,0.9938
processed_data_cleaned\test\A1\A1.29.Lab-Cul_18_patch_0_5.jpg,A1,A2,0.9989
processed_data_cleaned\test\A1\A1.29.Lab-Cul_18_patch_1_0.jpg,A1,B1,0.7407
processed_data_cleaned\test\A1\A1.29.Lab-Cul_18_patch_1_1.jpg,A1,A2,0.977
processed_data_cleaned\test\A1\A1.29.Lab-Cul_18_patch_1_2.jpg,A1,A2,0.9999
processed_data_cleaned\test\A1\A1.29.Lab-Cul_18_patch_1_3.jpg,A1,A2,0.9905
processed_data_cleaned\test\A1\A1.29.Lab-Cul_18_patch_1_5.jpg,A1,B1,0.961
processed_data_cleaned\test\A1\A1.29.Lab-Cul_18_patch_2_4.jpg,A1,B2,0.5429
processed_data_cleaned\test\A1\A1.29.Lab-Cul_18_patch_3_0.jpg,A1,B2,0.351
processed_data_cleaned\test\A1\A1.29.Lab-Cul_18_patch_3_2.jpg,A1,B2,0.8461
processed_data_cleaned\test\A1\A1.29.Lab-Cul_18_patch_3_3.jpg,A1,B2,0.7827
processed_data_cleaned\test\A1\A1.29.Lab-Cul_19_patch_0_0.jpg,A1,B1,0.4418
processed_data_cleaned\test\A1\A1.29.Lab-Cul_19_patch_0_1.jpg,A1,B2,0.9993
processed_data_cleaned\test\A1\A1.29.Lab-Cul_19_patch_0_2.jpg,A1,B2,0.9995
processed_data_cleaned\test\A1\A1.29.Lab-Cul_19_patch_0_3.jpg,A1,B2,0.9491
processed_data_cleaned\test\A1\A1.29.Lab-Cul_19_patch_0_4.jpg,A1,A2,0.9569
processed_data_cleaned\test\A1\A1.29.Lab-Cul_19_patch_1_1.jpg,A1,B2,0.998
processed_data_cleaned\test\A1\A1.29.Lab-Cul_19_patch_1_3.jpg,A1,A2,0.7509
processed_data_cleaned\test\A1\A1.29.Lab-Cul_19_patch_1_4.jpg,A1,A2,0.7998
processed_data_cleaned\test\A1\A1.29.Lab-Cul_19_patch_2_1.jpg,A1,B1,0.841
processed_data_cleaned\test\A1\A1.29.Lab-Cul_19_patch_2_2.jpg,A1,B1,0.9907
processed_data_cleaned\test\A1\A1.29.Lab-Cul_19_patch_2_3.jpg,A1,B1,0.798
processed_data_cleaned\test\A1\A1.29.Lab-Cul_19_patch_2_4.jpg,A1,A2,0.8974
processed_data_cleaned\test\A1\A1.29.Lab-Cul_19_patch_2_5.jpg,A1,B2,0.9912
processed_data_cleaned\test\A1\A1.29.Lab-Cul_19_patch_3_1.jpg,A1,B1,0.5513
processed_data_cleaned\test\A1\A1.29.Lab-Cul_20_patch_2_0.jpg,A1,B1,0.8205
processed_data_cleaned\test\A1\A1.29.Lab-Cul_22_patch_0_3.jpg,A1,B1,0.9682
processed_data_cleaned\test\A1\A1.29.Lab-Cul_22_patch_0_4.jpg,A1,B2,0.9057
processed_data_cleaned\test\A1\A1.29.Lab-Cul_22_patch_1_0.jpg,A1,B1,0.7999
processed_data_cleaned\test\A1\A1.29.Lab-Cul_22_patch_1_1.jpg,A1,B1,0.6955
processed_data_cleaned\test\A1\A1.29.Lab-Cul_22_patch_1_2.jpg,A1,B1,0.7218
processed_data_cleaned\test\A1\A1.29.Lab-Cul_22_patch_1_5.jpg,A1,B1,0.8721
processed_data_cleaned\test\A1\A1.29.Lab-Cul_24_patch_0_1.jpg,A1,B1,0.9139
processed_data_cleaned\test\A1\A1.29.Lab-Cul_24_patch_3_4.jpg,A1,B1,0.6412
processed_data_cleaned\test\A1\A1.29.Lab-Cul_24_patch_3_5.jpg,A1,B1,0.5523
processed_data_cleaned\test\A1\A1.29.Lab-Cul_25_patch_3_0.jpg,A1,A2,0.6946
processed_data_cleaned\test\A1\A1.29.Lab-Cul_25_patch_3_1.jpg,A1,B1,0.9282
processed_data_cleaned\test\A1\A1.29.Lab-Cul_25_patch_3_2.jpg,A1,A2,0.8405
processed_data_cleaned\test\A1\A1.29.Lab-Cul_26_patch_1_1.jpg,A1,B1,0.8478
processed_data_cleaned\test\A1\A1.29.Lab-Cul_26_patch_2_4.jpg,A1,B1,0.9971
processed_data_cleaned\test\A1\A1.29.Lab-Cul_27_patch_1_4.jpg,A1,B1,0.932
processed_data_cleaned\test\A1\A1.29.Lab-Cul_28_patch_0_0.jpg,A1,B2,0.941
processed_data_cleaned\test\A1\A1.29.Lab-Cul_31_patch_2_2.jpg,A1,B1,0.6298
processed_data_cleaned\test\A1\A1.29.Lab-Cul_31_patch_3_2.jpg,A1,B1,0.4988
processed_data_cleaned\test\A1\A1.29.Lab-Cul_31_patch_3_4.jpg,A1,B1,0.5659
processed_data_cleaned\test\A1\A1.29.Lab-Cul_32_patch_0_0.jpg,A1,B1,0.9689
processed_data_cleaned\test\A1\A1.29.Lab-Cul_32_patch_0_1.jpg,A1,B2,0.7036
processed_data_cleaned\test\A1\A1.29.Lab-Cul_32_patch_0_4.jpg,A1,B1,0.9443
processed_data_cleaned\test\A1\A1.29.Lab-Cul_32_patch_1_1.jpg,A1,B2,0.9664
processed_data_cleaned\test\A1\A1.29.Lab-Cul_32_patch_2_4.jpg,A1,B1,0.8031
processed_data_cleaned\test\A1\A1.29.Lab-Cul_32_patch_3_0.jpg,A1,B1,0.8035
processed_data_cleaned\test\A1\A1.29.Lab-Cul_32_patch_3_1.jpg,A1,B1,0.9914
processed_data_cleaned\test\A1\A1.29.Lab-Cul_32_patch_3_4.jpg,A1,B2,0.6139
processed_data_cleaned\test\A1\A1.29.Lab-Cul_33_patch_3_1.jpg,A1,A2,0.7427
processed_data_cleaned\test\A1\A1.29.Lab-Cul_34_patch_2_0.jpg,A1,B2,0.5135
processed_data_cleaned\test\A1\A1.29.Lab-Cul_34_patch_3_5.jpg,A1,B1,0.8222
processed_data_cleaned\test\A1\A1.29.Lab-Cul_35_patch_0_5.jpg,A1,B1,0.609
processed_data_cleaned\test\A1\A1.29.Lab-Cul_35_patch_3_2.jpg,A1,A2,0.9987
processed_data_cleaned\test\A1\A1.40.Veg-Oil_01_patch_1_4.jpg,A1,B1,0.9997
processed_data_cleaned\test\A1\A1.40.Veg-Oil_02_patch_2_3.jpg,A1,B1,0.8755
processed_data_cleaned\test\A1\A1.40.Veg-Oil_02_patch_2_4.jpg,A1,B1,0.6374
processed_data_cleaned\test\A1\A1.40.Veg-Oil_03_patch_1_0.jpg,A1,B1,0.9988
processed_data_cleaned\test\A1\A1.40.Veg-Oil_04_patch_1_3.jpg,A1,B1,0.5207
processed_data_cleaned\test\A1\A1.40.Veg-Oil_09_patch_2_1.jpg,A1,B1,0.9998
processed_data_cleaned\test\A1\A1.40.Veg-Oil_09_patch_2_5.jpg,A1,B1,0.575
processed_data_cleaned\test\A1\A1.40.Veg-Oil_10_patch_2_0.jpg,A1,B1,0.988
processed_data_cleaned\test\A1\A1.40.Veg-Oil_10_patch_3_0.jpg,A1,B1,0.8264
processed_data_cleaned\test\A1\A1.40.Veg-Oil_10_patch_3_3.jpg,A1,B1,0.9523
processed_data_cleaned\test\A1\A1.40.Veg-Oil_10_patch_3_4.jpg,A1,B1,0.594
processed_data_cleaned\test\A1\A1.40.Veg-Oil_10_patch_3_5.jpg,A1,B1,0.8596
processed_data_cleaned\test\A1\A1.40.Veg-Oil_11_patch_1_3.jpg,A1,B1,0.6616
processed_data_cleaned\test\A1\A1.40.Veg-Oil_11_patch_2_1.jpg,A1,B2,0.9986
processed_data_cleaned\test\A1\A1.40.Veg-Oil_11_patch_2_2.jpg,A1,B1,0.5258
processed_data_cleaned\test\A1\A1.40.Veg-Oil_11_patch_2_4.jpg,A1,B1,0.9878
processed_data_cleaned\test\A1\A1.40.Veg-Oil_11_patch_3_2.jpg,A1,B1,0.7523
processed_data_cleaned\test\A1\A1.40.Veg-Oil_12_patch_2_5.jpg,A1,B1,0.5965
processed_data_cleaned\test\A1\A1.40.Veg-Oil_12_patch_3_2.jpg,A1,B1,0.9774
processed_data_cleaned\test\A1\A1.40.Veg-Oil_13_patch_3_3.jpg,A1,B1,0.9733
processed_data_cleaned\test\A1\A1.40.Veg-Oil_14_patch_0_0.jpg,A1,B1,0.9587
processed_data_cleaned\test\A1\A1.40.Veg-Oil_14_patch_0_3.jpg,A1,B1,0.9649
processed_data_cleaned\test\A1\A1.40.Veg-Oil_14_patch_0_5.jpg,A1,B1,0.9887
processed_data_cleaned\test\A1\A1.40.Veg-Oil_14_patch_1_0.jpg,A1,B1,0.9817
processed_data_cleaned\test\A1\A1.40.Veg-Oil_14_patch_1_1.jpg,A1,B1,0.9957
processed_data_cleaned\test\A1\A1.40.Veg-Oil_14_patch_1_2.jpg,A1,B1,0.9293
processed_data_cleaned\test\A1\A1.40.Veg-Oil_14_patch_1_5.jpg,A1,B1,0.98
processed_data_cleaned\test\A1\A1.40.Veg-Oil_14_patch_2_0.jpg,A1,B1,0.8616
processed_data_cleaned\test\A1\A1.40.Veg-Oil_14_patch_2_1.jpg,A1,B1,0.804
processed_data_cleaned\test\A1\A1.40.Veg-Oil_14_patch_3_3.jpg,A1,B1,0.9998
processed_data_cleaned\test\A1\A1.40.Veg-Oil_15_patch_0_1.jpg,A1,B1,0.9127
processed_data_cleaned\test\A1\A1.40.Veg-Oil_15_patch_1_3.jpg,A1,B1,0.6618
processed_data_cleaned\test\A1\A1.40.Veg-Oil_15_patch_2_0.jpg,A1,B1,0.9663
processed_data_cleaned\test\A1\A1.40.Veg-Oil_15_patch_2_2.jpg,A1,B1,0.9871
processed_data_cleaned\test\A1\A1.40.Veg-Oil_15_patch_2_4.jpg,A1,B1,0.9791
processed_data_cleaned\test\A1\A1.40.Veg-Oil_15_patch_2_5.jpg,A1,B1,0.8089
processed_data_cleaned\test\A1\A1.40.Veg-Oil_15_patch_3_5.jpg,A1,B1,0.8736
processed_data_cleaned\test\A1\A1.40.Veg-Oil_16_patch_0_5.jpg,A1,B2,0.8773
processed_data_cleaned\test\A1\A1.40.Veg-Oil_17_patch_1_2.jpg,A1,B1,0.9985
processed_data_cleaned\test\A1\A1.40.Veg-Oil_18_patch_1_2.jpg,A1,B1,0.7142
processed_data_cleaned\test\A1\A1.40.Veg-Oil_18_patch_1_5.jpg,A1,B1,0.8953
processed_data_cleaned\test\A1\A1.40.Veg-Oil_18_patch_2_0.jpg,A1,B1,0.9733
processed_data_cleaned\test\A1\A1.40.Veg-Oil_18_patch_2_1.jpg,A1,B1,0.9997
processed_data_cleaned\test\A1\A1.40.Veg-Oil_19_patch_0_2.jpg,A1,B2,0.4807
processed_data_cleaned\test\A1\A1.40.Veg-Oil_19_patch_1_3.jpg,A1,B1,0.6047
processed_data_cleaned\test\A1\A1.40.Veg-Oil_20_patch_0_4.jpg,A1,B1,0.7706
processed_data_cleaned\test\A1\A1.40.Veg-Oil_20_patch_1_4.jpg,A1,B1,0.9753
processed_data_cleaned\test\A1\A1.40.Veg-Oil_21_patch_0_0.jpg,A1,B2,0.9072
processed_data_cleaned\test\A1\A1.40.Veg-Oil_21_patch_0_1.jpg,A1,B1,0.7725
processed_data_cleaned\test\A1\A1.40.Veg-Oil_21_patch_0_2.jpg,A1,B1,0.971
processed_data_cleaned\test\A1\A1.40.Veg-Oil_21_patch_1_1.jpg,A1,B1,0.934
processed_data_cleaned\test\A1\A1.40.Veg-Oil_21_patch_2_0.jpg,A1,B1,0.919
processed_data_cleaned\test\A1\A1.40.Veg-Oil_21_patch_3_1.jpg,A1,B1,0.8964
processed_data_cleaned\test\A1\A1.40.Veg-Oil_21_patch_3_5.jpg,A1,B1,0.9378
processed_data_cleaned\test\A1\A1.40.Veg-Oil_22_patch_1_1.jpg,A1,B1,0.9986
processed_data_cleaned\test\A1\A1.40.Veg-Oil_22_patch_3_0.jpg,A1,B2,0.9176
processed_data_cleaned\test\A1\A1.40.Veg-Oil_22_patch_3_1.jpg,A1,B2,0.9906
processed_data_cleaned\test\A1\A1.40.Veg-Oil_22_patch_3_5.jpg,A1,B1,0.8347
processed_data_cleaned\test\A1\A1.40.Veg-Oil_23_patch_2_0.jpg,A1,B1,0.8521
processed_data_cleaned\test\A1\A1.40.Veg-Oil_23_patch_2_1.jpg,A1,B1,0.9705
processed_data_cleaned\test\A1\A1.40.Veg-Oil_23_patch_3_1.jpg,A1,B1,0.994
processed_data_cleaned\test\A1\A1.40.Veg-Oil_24_patch_0_0.jpg,A1,B1,0.9362
processed_data_cleaned\test\A1\A1.40.Veg-Oil_24_patch_3_0.jpg,A1,B1,0.9757
processed_data_cleaned\test\A1\A1.40.Veg-Oil_28_patch_2_0.jpg,A1,B1,0.7272
processed_data_cleaned\test\A1\A1.40.Veg-Oil_29_patch_0_3.jpg,A1,B1,0.9971
processed_data_cleaned\test\A1\A1.40.Veg-Oil_30_patch_0_3.jpg,A1,B1,0.9989
processed_data_cleaned\test\A1\A1.40.Veg-Oil_31_patch_0_1.jpg,A1,B1,0.6661
processed_data_cleaned\test\A1\A1.40.Veg-Oil_31_patch_2_0.jpg,A1,B2,0.4606
processed_data_cleaned\test\A1\A1.40.Veg-Oil_33_patch_0_0.jpg,A1,B1,0.7312
processed_data_cleaned\test\A1\A1.40.Veg-Oil_33_patch_3_0.jpg,A1,B1,0.9
processed_data_cleaned\test\A1\A1.40.Veg-Oil_34_patch_0_4.jpg,A1,B1,0.5634
processed_data_cleaned\test\A1\A1.40.Veg-Oil_34_patch_1_4.jpg,A1,B1,0.8393
processed_data_cleaned\test\A1\A1.40.Veg-Oil_34_patch_3_0.jpg,A1,B1,0.6898
processed_data_cleaned\test\A1\A1.40.Veg-Oil_35_patch_1_1.jpg,A1,B1,0.8048
processed_data_cleaned\test\A1\A1.40.Veg-Oil_35_patch_2_1.jpg,A1,B1,0.7155
processed_data_cleaned\test\A1\A1.40.Veg-Oil_37_patch_1_0.jpg,A1,B1,0.5767
processed_data_cleaned\test\A1\A1.40.Veg-Oil_37_patch_1_3.jpg,A1,B1,0.4644
processed_data_cleaned\test\A1\A1.40.Veg-Oil_37_patch_3_0.jpg,A1,B1,0.9767
processed_data_cleaned\test\A1\A1.40.Veg-Oil_37_patch_3_3.jpg,A1,A2,0.5961
processed_data_cleaned\test\A1\A1.40.Veg-Oil_37_patch_3_5.jpg,A1,B1,0.8234
processed_data_cleaned\test\A1\A1.40.Veg-Oil_38_patch_1_0.jpg,A1,B1,0.8701
processed_data_cleaned\test\A1\A1.40.Veg-Oil_39_patch_0_1.jpg,A1,B2,0.5566
processed_data_cleaned\test\A1\A1.40.Veg-Oil_39_patch_3_1.jpg,A1,B1,0.9965
processed_data_cleaned\test\A1\A1.40.Veg-Oil_40_patch_1_2.jpg,A1,B1,0.8728
processed_data_cleaned\test\A1\A1.40.Veg-Oil_40_patch_1_3.jpg,A1,B1,0.742
processed_data_cleaned\test\A1\A1.40.Veg-Oil_41_patch_0_5.jpg,A1,B1,0.9052
processed_data_cleaned\test\A1\A1.40.Veg-Oil_41_patch_2_5.jpg,A1,B1,0.9708
processed_data_cleaned\test\A1\A1.40.Veg-Oil_44_patch_0_4.jpg,A1,B1,0.5392
processed_data_cleaned\test\A1\A1.40.Veg-Oil_45_patch_0_5.jpg,A1,B1,0.4994
processed_data_cleaned\test\A1\A1.40.Veg-Oil_45_patch_2_2.jpg,A1,B1,0.9024
processed_data_cleaned\test\A1\A1.40.Veg-Oil_46_patch_0_0.jpg,A1,B2,0.989
processed_data_cleaned\test\A1\A1.40.Veg-Oil_46_patch_1_1.jpg,A1,B1,0.9999
processed_data_cleaned\test\A1\A1.40.Veg-Oil_46_patch_1_2.jpg,A1,B1,0.9623
processed_data_cleaned\test\A1\A1.40.Veg-Oil_46_patch_2_2.jpg,A1,B1,0.5013
processed_data_cleaned\test\A1\A1.40.Veg-Oil_47_patch_0_3.jpg,A1,B1,0.4593
processed_data_cleaned\test\A1\A1.40.Veg-Oil_47_patch_0_5.jpg,A1,B1,0.4996
processed_data_cleaned\test\A1\A1.40.Veg-Oil_47_patch_1_2.jpg,A1,B1,0.8943
processed_data_cleaned\test\A1\A1.40.Veg-Oil_47_patch_1_4.jpg,A1,B2,0.9682
processed_data_cleaned\test\A1\A1.40.Veg-Oil_47_patch_2_3.jpg,A1,B1,0.7881
processed_data_cleaned\test\A1\A1.40.Veg-Oil_49_patch_2_2.jpg,A1,B2,0.8939
processed_data_cleaned\test\A1\A1.40.Veg-Oil_49_patch_3_1.jpg,A1,B1,0.9493
processed_data_cleaned\test\A1\A1.40.Veg-Oil_50_patch_0_1.jpg,A1,B1,0.9894
processed_data_cleaned\test\A1\A1.40.Veg-Oil_51_patch_0_5.jpg,A1,B1,0.8684
processed_data_cleaned\test\A1\A1.40.Veg-Oil_52_patch_0_0.jpg,A1,B2,0.7561
processed_data_cleaned\test\A1\A1.40.Veg-Oil_53_patch_1_1.jpg,A1,B1,0.8446
processed_data_cleaned\test\A1\A1.40.Veg-Oil_53_patch_1_2.jpg,A1,B1,0.9142
processed_data_cleaned\test\A1\A1.40.Veg-Oil_54_patch_3_1.jpg,A1,B1,0.9451
processed_data_cleaned\test\A1\A1.40.Veg-Oil_54_patch_3_2.jpg,A1,B1,1.0
processed_data_cleaned\test\A1\A1.40.Veg-Oil_54_patch_3_5.jpg,A1,B1,0.9779
processed_data_cleaned\test\A1\A1.40.Veg-Oil_55_patch_0_2.jpg,A1,B1,0.9559
processed_data_cleaned\test\A1\A1.40.Veg-Oil_55_patch_0_5.jpg,A1,B1,0.5481
processed_data_cleaned\test\A1\A1.40.Veg-Oil_55_patch_3_4.jpg,A1,B1,0.9431
processed_data_cleaned\test\A1\A1.40.Veg-Oil_55_patch_3_5.jpg,A1,B1,0.7691
processed_data_cleaned\test\A1\A1.40.Veg-Oil_56_patch_2_4.jpg,A1,B1,0.996
processed_data_cleaned\test\A1\A1.40.Veg-Oil_56_patch_2_5.jpg,A1,B1,0.9643
processed_data_cleaned\test\A1\A1.40.Veg-Oil_56_patch_3_0.jpg,A1,B1,0.9586
processed_data_cleaned\test\A1\A1.40.Veg-Oil_56_patch_3_4.jpg,A1,B1,0.5813
processed_data_cleaned\test\A1\A1.40.Veg-Oil_56_patch_3_5.jpg,A1,B2,0.5251
processed_data_cleaned\test\A1\A1.40.Veg-Oil_57_patch_2_5.jpg,A1,B1,0.7357
processed_data_cleaned\test\A1\A1.40.Veg-Oil_57_patch_3_0.jpg,A1,B1,0.9868
processed_data_cleaned\test\A1\A1.40.Veg-Oil_57_patch_3_3.jpg,A1,B1,0.8062
processed_data_cleaned\test\A1\A1.40.Veg-Oil_57_patch_3_4.jpg,A1,B1,1.0
processed_data_cleaned\test\A1\A1.40.Veg-Oil_57_patch_3_5.jpg,A1,B1,0.8329
processed_data_cleaned\test\A1\A1.44.Nor-Pal_15_patch_1_0.jpg,A1,B2,0.9968
processed_data_cleaned\test\A1\A1.44.Nor-Pal_21_patch_0_0.jpg,A1,B2,0.9998
processed_data_cleaned\test\A1\A1.44.Nor-Pal_21_patch_1_1.jpg,A1,B2,0.9998
processed_data_cleaned\test\A1\A1.44.Nor-Pal_25_patch_1_1.jpg,A1,B2,0.9788
processed_data_cleaned\test\A1\A1.44.Nor-Pal_68_patch_0_0.jpg,A1,B1,0.9949
processed_data_cleaned\test\A1\A1.44.Nor-Pal_78_patch_0_0.jpg,A1,A2,0.9028
processed_data_cleaned\test\A1\A1.44.Nor-Pal_78_patch_1_0.jpg,A1,B2,0.6499
processed_data_cleaned\test\A1\DSC02547_patch_2_1.jpg,A1,A2,0.6849
processed_data_cleaned\test\A1\IMBn7rrh_patch_0_0.jpg,A1,B1,0.9569
processed_data_cleaned\test\A2\A2.12.Uni-Edu_01_patch_0_0.jpg,A2,A1,1.0
processed_data_cleaned\test\A2\A2.12.Uni-Edu_01_patch_0_1.jpg,A2,A1,0.9904
processed_data_cleaned\test\A2\A2.12.Uni-Edu_01_patch_0_2.jpg,A2,A1,0.7862
processed_data_cleaned\test\A2\A2.12.Uni-Edu_01_patch_1_0.jpg,A2,B2,0.9919
processed_data_cleaned\test\A2\A2.12.Uni-Edu_01_patch_1_2.jpg,A2,A1,0.9843
processed_data_cleaned\test\A2\A2.12.Uni-Edu_01_patch_1_3.jpg,A2,A1,0.9999
processed_data_cleaned\test\A2\A2.12.Uni-Edu_01_patch_2_1.jpg,A2,A1,0.8931
processed_data_cleaned\test\A2\A2.12.Uni-Edu_01_patch_2_3.jpg,A2,B2,0.8791
processed_data_cleaned\test\A2\A2.12.Uni-Edu_01_patch_2_4.jpg,A2,A1,0.9908
processed_data_cleaned\test\A2\A2.12.Uni-Edu_01_patch_2_5.jpg,A2,A1,0.9676
processed_data_cleaned\test\A2\A2.12.Uni-Edu_02_patch_0_3.jpg,A2,A1,0.8511
processed_data_cleaned\test\A2\A2.12.Uni-Edu_02_patch_0_4.jpg,A2,A1,0.9187
processed_data_cleaned\test\A2\A2.12.Uni-Edu_02_patch_1_3.jpg,A2,A1,0.9975
processed_data_cleaned\test\A2\A2.12.Uni-Edu_02_patch_1_4.jpg,A2,A1,0.9999
processed_data_cleaned\test\A2\A2.12.Uni-Edu_02_patch_2_4.jpg,A2,B2,0.9297
processed_data_cleaned\test\A2\A2.12.Uni-Edu_02_patch_2_5.jpg,A2,A1,0.5445
processed_data_cleaned\test\A2\A2.12.Uni-Edu_03_patch_0_3.jpg,A2,A1,0.8793
processed_data_cleaned\test\A2\A2.12.Uni-Edu_03_patch_1_2.jpg,A2,A1,0.6317
processed_data_cleaned\test\A2\A2.12.Uni-Edu_03_patch_1_3.jpg,A2,A1,0.9991
processed_data_cleaned\test\A2\A2.12.Uni-Edu_03_patch_1_4.jpg,A2,A1,0.9892
processed_data_cleaned\test\A2\A2.12.Uni-Edu_03_patch_1_5.jpg,A2,A1,0.9984
processed_data_cleaned\test\A2\A2.12.Uni-Edu_03_patch_3_2.jpg,A2,A1,0.7605
processed_data_cleaned\test\A2\A2.12.Uni-Edu_03_patch_3_5.jpg,A2,A1,0.9568
processed_data_cleaned\test\A2\A2.12.Uni-Edu_04_patch_0_0.jpg,A2,A1,0.9956
processed_data_cleaned\test\A2\A2.12.Uni-Edu_04_patch_1_0.jpg,A2,A1,0.6399
processed_data_cleaned\test\A2\A2.12.Uni-Edu_04_patch_1_2.jpg,A2,A1,0.5116
processed_data_cleaned\test\A2\A2.12.Uni-Edu_04_patch_1_4.jpg,A2,A1,0.9561
processed_data_cleaned\test\A2\A2.12.Uni-Edu_04_patch_2_3.jpg,A2,A1,0.727
processed_data_cleaned\test\A2\A2.12.Uni-Edu_04_patch_3_5.jpg,A2,A1,0.991
processed_data_cleaned\test\A2\A2.12.Uni-Edu_05_patch_0_4.jpg,A2,B2,0.8094
processed_data_cleaned\test\A2\A2.12.Uni-Edu_05_patch_1_2.jpg,A2,A1,0.7468
processed_data_cleaned\test\A2\A2.12.Uni-Edu_06_patch_0_4.jpg,A2,A1,0.9921
processed_data_cleaned\test\A2\A2.12.Uni-Edu_06_patch_0_5.jpg,A2,A1,0.988
processed_data_cleaned\test\A2\A2.12.Uni-Edu_06_patch_1_4.jpg,A2,A1,0.9969
processed_data_cleaned\test\A2\A2.12.Uni-Edu_06_patch_1_5.jpg,A2,B2,0.9314
processed_data_cleaned\test\A2\A2.12.Uni-Edu_06_patch_2_3.jpg,A2,A1,0.7722
processed_data_cleaned\test\A2\A2.12.Uni-Edu_06_patch_3_5.jpg,A2,A1,0.5009
processed_data_cleaned\test\A2\A2.12.Uni-Edu_07_patch_0_0.jpg,A2,A1,0.8269
processed_data_cleaned\test\A2\A2.12.Uni-Edu_07_patch_1_0.jpg,A2,A1,0.6112
processed_data_cleaned\test\A2\A2.12.Uni-Edu_07_patch_3_0.jpg,A2,B2,0.9989
processed_data_cleaned\test\A2\A2.12.Uni-Edu_08_patch_3_3.jpg,A2,A1,0.8144
processed_data_cleaned\test\A2\A2.12.Uni-Edu_09_patch_0_0.jpg,A2,A1,0.9998
processed_data_cleaned\test\A2\A2.12.Uni-Edu_09_patch_0_1.jpg,A2,A1,0.9981
processed_data_cleaned\test\A2\A2.12.Uni-Edu_09_patch_0_2.jpg,A2,A1,1.0
processed_data_cleaned\test\A2\A2.12.Uni-Edu_09_patch_0_5.jpg,A2,A1,0.999
processed_data_cleaned\test\A2\A2.12.Uni-Edu_09_patch_1_2.jpg,A2,A1,0.5015
processed_data_cleaned\test\A2\A2.12.Uni-Edu_09_patch_3_1.jpg,A2,A1,0.9684
processed_data_cleaned\test\A2\A2.12.Uni-Edu_09_patch_3_2.jpg,A2,A1,0.9036
processed_data_cleaned\test\A2\A2.12.Uni-Edu_10_patch_0_2.jpg,A2,A1,0.9998
processed_data_cleaned\test\A2\A2.12.Uni-Edu_10_patch_0_4.jpg,A2,A1,0.9958
processed_data_cleaned\test\A2\A2.12.Uni-Edu_10_patch_0_5.jpg,A2,A1,0.9999
processed_data_cleaned\test\A2\A2.12.Uni-Edu_10_patch_2_0.jpg,A2,A1,0.9998
processed_data_cleaned\test\A2\A2.12.Uni-Edu_10_patch_2_5.jpg,A2,A1,0.9996
processed_data_cleaned\test\A2\A2.12.Uni-Edu_10_patch_3_3.jpg,A2,A1,0.6479
processed_data_cleaned\test\A2\A2.12.Uni-Edu_10_patch_3_4.jpg,A2,B1,0.6399
processed_data_cleaned\test\A2\A2.12.Uni-Edu_11_patch_1_1.jpg,A2,B1,0.9817
processed_data_cleaned\test\A2\A2.12.Uni-Edu_11_patch_1_2.jpg,A2,A1,0.9955
processed_data_cleaned\test\A2\A2.12.Uni-Edu_11_patch_2_0.jpg,A2,A1,0.9968
processed_data_cleaned\test\A2\A2.12.Uni-Edu_11_patch_2_1.jpg,A2,A1,0.9996
processed_data_cleaned\test\A2\A2.12.Uni-Edu_11_patch_2_2.jpg,A2,A1,0.5566
processed_data_cleaned\test\A2\A2.12.Uni-Edu_11_patch_2_3.jpg,A2,A1,0.9757
processed_data_cleaned\test\A2\A2.12.Uni-Edu_11_patch_3_0.jpg,A2,A1,0.9999
processed_data_cleaned\test\A2\A2.12.Uni-Edu_11_patch_3_1.jpg,A2,A1,1.0
processed_data_cleaned\test\A2\A2.12.Uni-Edu_11_patch_3_2.jpg,A2,A1,0.9826
processed_data_cleaned\test\A2\A2.12.Uni-Edu_11_patch_3_3.jpg,A2,A1,0.9834
processed_data_cleaned\test\A2\A2.12.Uni-Edu_11_patch_3_4.jpg,A2,A1,0.9653
processed_data_cleaned\test\A2\A2.12.Uni-Edu_11_patch_3_5.jpg,A2,A1,0.9995
processed_data_cleaned\test\A2\A2.12.Uni-Edu_13_patch_1_1.jpg,A2,A1,0.9946
processed_data_cleaned\test\A2\A2.12.Uni-Edu_13_patch_1_2.jpg,A2,A1,0.9993
processed_data_cleaned\test\A2\A2.12.Uni-Edu_13_patch_1_3.jpg,A2,A1,0.9892
processed_data_cleaned\test\A2\A2.12.Uni-Edu_13_patch_2_0.jpg,A2,A1,0.9297
processed_data_cleaned\test\A2\A2.12.Uni-Edu_13_patch_2_1.jpg,A2,A1,1.0
processed_data_cleaned\test\A2\A2.12.Uni-Edu_13_patch_2_2.jpg,A2,A1,0.9932
processed_data_cleaned\test\A2\A2.12.Uni-Edu_13_patch_2_4.jpg,A2,A1,0.913
processed_data_cleaned\test\A2\A2.12.Uni-Edu_13_patch_2_5.jpg,A2,A1,0.9254
processed_data_cleaned\test\A2\A2.12.Uni-Edu_13_patch_3_0.jpg,A2,A1,0.9656
processed_data_cleaned\test\A2\A2.12.Uni-Edu_13_patch_3_1.jpg,A2,B1,0.5483
processed_data_cleaned\test\A2\A2.12.Uni-Edu_13_patch_3_2.jpg,A2,A1,0.8808
processed_data_cleaned\test\A2\A2.12.Uni-Edu_13_patch_3_3.jpg,A2,B2,0.827
processed_data_cleaned\test\A2\A2.12.Uni-Edu_13_patch_3_4.jpg,A2,A1,0.5218
processed_data_cleaned\test\A2\A2.12.Uni-Edu_14_patch_0_0.jpg,A2,A1,0.8647
processed_data_cleaned\test\A2\A2.12.Uni-Edu_14_patch_1_0.jpg,A2,A1,0.9728
processed_data_cleaned\test\A2\A2.12.Uni-Edu_14_patch_1_1.jpg,A2,B2,0.6367
processed_data_cleaned\test\A2\A2.12.Uni-Edu_14_patch_2_2.jpg,A2,A1,0.9733
processed_data_cleaned\test\A2\A2.12.Uni-Edu_14_patch_2_3.jpg,A2,A1,0.9897
processed_data_cleaned\test\A2\A2.12.Uni-Edu_14_patch_2_5.jpg,A2,A1,0.5494
processed_data_cleaned\test\A2\A2.12.Uni-Edu_14_patch_3_3.jpg,A2,A1,0.6696
processed_data_cleaned\test\A2\A2.12.Uni-Edu_14_patch_3_4.jpg,A2,A1,0.9645
processed_data_cleaned\test\A2\A2.12.Uni-Edu_15_patch_0_1.jpg,A2,A1,0.8872
processed_data_cleaned\test\A2\A2.12.Uni-Edu_15_patch_0_3.jpg,A2,A1,0.9946
processed_data_cleaned\test\A2\A2.12.Uni-Edu_15_patch_1_1.jpg,A2,A1,0.8116
processed_data_cleaned\test\A2\A2.12.Uni-Edu_15_patch_1_2.jpg,A2,B2,0.9953
processed_data_cleaned\test\A2\A2.12.Uni-Edu_15_patch_1_4.jpg,A2,B2,0.6909
processed_data_cleaned\test\A2\A2.12.Uni-Edu_15_patch_2_1.jpg,A2,A1,0.8891
processed_data_cleaned\test\A2\A2.12.Uni-Edu_15_patch_2_2.jpg,A2,B2,0.8801
processed_data_cleaned\test\A2\A2.12.Uni-Edu_15_patch_2_3.jpg,A2,A1,0.5411
processed_data_cleaned\test\A2\A2.12.Uni-Edu_15_patch_2_4.jpg,A2,A1,0.9809
processed_data_cleaned\test\A2\A2.12.Uni-Edu_15_patch_3_1.jpg,A2,A1,0.9893
processed_data_cleaned\test\A2\A2.12.Uni-Edu_16_patch_0_1.jpg,A2,B1,0.5899
processed_data_cleaned\test\A2\A2.12.Uni-Edu_16_patch_1_1.jpg,A2,A1,0.9999
processed_data_cleaned\test\A2\A2.12.Uni-Edu_16_patch_1_2.jpg,A2,A1,0.9445
processed_data_cleaned\test\A2\A2.12.Uni-Edu_16_patch_1_3.jpg,A2,A1,0.8441
processed_data_cleaned\test\A2\A2.12.Uni-Edu_16_patch_1_5.jpg,A2,B1,0.5562
processed_data_cleaned\test\A2\A2.12.Uni-Edu_16_patch_2_0.jpg,A2,A1,0.4312
processed_data_cleaned\test\A2\A2.12.Uni-Edu_16_patch_2_1.jpg,A2,A1,0.8659
processed_data_cleaned\test\A2\A2.12.Uni-Edu_16_patch_2_2.jpg,A2,A1,0.8255
processed_data_cleaned\test\A2\A2.12.Uni-Edu_16_patch_2_3.jpg,A2,A1,0.9999
processed_data_cleaned\test\A2\A2.12.Uni-Edu_16_patch_2_5.jpg,A2,A1,0.7699
processed_data_cleaned\test\A2\A2.12.Uni-Edu_16_patch_3_0.jpg,A2,A1,0.6627
processed_data_cleaned\test\A2\A2.12.Uni-Edu_16_patch_3_1.jpg,A2,A1,0.9051
processed_data_cleaned\test\A2\A2.12.Uni-Edu_16_patch_3_2.jpg,A2,B2,0.9529
processed_data_cleaned\test\A2\A2.12.Uni-Edu_16_patch_3_3.jpg,A2,A1,0.9821
processed_data_cleaned\test\A2\A2.12.Uni-Edu_16_patch_3_4.jpg,A2,A1,0.7803
processed_data_cleaned\test\A2\A2.12.Uni-Edu_16_patch_3_5.jpg,A2,A1,0.6544
processed_data_cleaned\test\A2\A2.12.Uni-Edu_17_patch_0_0.jpg,A2,B2,0.9733
processed_data_cleaned\test\A2\A2.12.Uni-Edu_17_patch_1_0.jpg,A2,A1,0.9956
processed_data_cleaned\test\A2\A2.12.Uni-Edu_17_patch_1_5.jpg,A2,A1,0.8281
processed_data_cleaned\test\A2\A2.12.Uni-Edu_17_patch_2_0.jpg,A2,A1,0.8917
processed_data_cleaned\test\A2\A2.12.Uni-Edu_17_patch_2_1.jpg,A2,A1,0.9828
processed_data_cleaned\test\A2\A2.12.Uni-Edu_18_patch_0_2.jpg,A2,A1,0.8902
processed_data_cleaned\test\A2\A2.12.Uni-Edu_18_patch_0_4.jpg,A2,B2,0.7356
processed_data_cleaned\test\A2\A2.12.Uni-Edu_18_patch_0_5.jpg,A2,A1,0.8526
processed_data_cleaned\test\A2\A2.12.Uni-Edu_18_patch_1_2.jpg,A2,A1,1.0
processed_data_cleaned\test\A2\A2.12.Uni-Edu_18_patch_1_3.jpg,A2,A1,0.9999
processed_data_cleaned\test\A2\A2.12.Uni-Edu_18_patch_1_5.jpg,A2,B2,0.9999
processed_data_cleaned\test\A2\A2.12.Uni-Edu_18_patch_2_4.jpg,A2,A1,0.9999
processed_data_cleaned\test\A2\A2.12.Uni-Edu_18_patch_2_5.jpg,A2,A1,0.7234
processed_data_cleaned\test\A2\A2.12.Uni-Edu_18_patch_3_3.jpg,A2,A1,0.7087
processed_data_cleaned\test\A2\A2.12.Uni-Edu_18_patch_3_4.jpg,A2,A1,0.9981
processed_data_cleaned\test\A2\A2.12.Uni-Edu_18_patch_3_5.jpg,A2,A1,0.8651
processed_data_cleaned\test\A2\A2.12.Uni-Edu_19_patch_0_2.jpg,A2,A1,0.9031
processed_data_cleaned\test\A2\A2.12.Uni-Edu_19_patch_0_3.jpg,A2,A1,0.9414
processed_data_cleaned\test\A2\A2.12.Uni-Edu_19_patch_1_0.jpg,A2,A1,0.9998
processed_data_cleaned\test\A2\A2.12.Uni-Edu_19_patch_1_1.jpg,A2,A1,0.9958
processed_data_cleaned\test\A2\A2.12.Uni-Edu_19_patch_1_2.jpg,A2,A1,0.9936
processed_data_cleaned\test\A2\A2.12.Uni-Edu_19_patch_1_3.jpg,A2,A1,0.9999
processed_data_cleaned\test\A2\A2.12.Uni-Edu_19_patch_1_4.jpg,A2,A1,0.9997
processed_data_cleaned\test\A2\A2.12.Uni-Edu_19_patch_1_5.jpg,A2,A1,0.9589
processed_data_cleaned\test\A2\A2.12.Uni-Edu_19_patch_2_3.jpg,A2,A1,0.9852
processed_data_cleaned\test\A2\A2.12.Uni-Edu_19_patch_2_5.jpg,A2,A1,0.9653
processed_data_cleaned\test\A2\A2.12.Uni-Edu_19_patch_3_0.jpg,A2,A1,0.6675
processed_data_cleaned\test\A2\A2.12.Uni-Edu_20_patch_1_2.jpg,A2,A1,0.6598
processed_data_cleaned\test\A2\A2.12.Uni-Edu_20_patch_1_5.jpg,A2,A1,0.7644
processed_data_cleaned\test\A2\A2.12.Uni-Edu_21_patch_1_0.jpg,A2,A1,0.9882
processed_data_cleaned\test\A2\A2.12.Uni-Edu_21_patch_1_1.jpg,A2,A1,0.9983
processed_data_cleaned\test\A2\A2.12.Uni-Edu_21_patch_2_3.jpg,A2,A1,0.7433
processed_data_cleaned\test\A2\A2.12.Uni-Edu_21_patch_2_4.jpg,A2,A1,0.9693
processed_data_cleaned\test\A2\A2.12.Uni-Edu_21_patch_3_2.jpg,A2,A1,0.8847
processed_data_cleaned\test\A2\A2.12.Uni-Edu_22_patch_0_5.jpg,A2,A1,0.9996
processed_data_cleaned\test\A2\A2.12.Uni-Edu_22_patch_1_3.jpg,A2,A1,0.9988
processed_data_cleaned\test\A2\A2.12.Uni-Edu_22_patch_2_2.jpg,A2,A1,0.9997
processed_data_cleaned\test\A2\A2.12.Uni-Edu_22_patch_2_5.jpg,A2,A1,0.8293
processed_data_cleaned\test\A2\A2.12.Uni-Edu_22_patch_3_0.jpg,A2,A1,0.9928
processed_data_cleaned\test\A2\A2.12.Uni-Edu_23_patch_0_4.jpg,A2,A1,0.6096
processed_data_cleaned\test\A2\A2.12.Uni-Edu_23_patch_2_4.jpg,A2,A1,0.4183
processed_data_cleaned\test\A2\A2.12.Uni-Edu_23_patch_3_5.jpg,A2,B2,0.4896
processed_data_cleaned\test\A2\A2.12.Uni-Edu_24_patch_0_0.jpg,A2,B2,0.9596
processed_data_cleaned\test\A2\A2.12.Uni-Edu_24_patch_0_2.jpg,A2,A1,0.9801
processed_data_cleaned\test\A2\A2.12.Uni-Edu_24_patch_3_5.jpg,A2,A1,0.9824
processed_data_cleaned\test\A2\A2.12.Uni-Edu_25_patch_0_0.jpg,A2,A1,0.9877
processed_data_cleaned\test\A2\A2.12.Uni-Edu_25_patch_1_0.jpg,A2,B2,0.9269
processed_data_cleaned\test\A2\A2.12.Uni-Edu_25_patch_2_0.jpg,A2,A1,0.9133
processed_data_cleaned\test\A2\A2.12.Uni-Edu_25_patch_2_3.jpg,A2,A1,0.9935
processed_data_cleaned\test\A2\A2.12.Uni-Edu_26_patch_0_2.jpg,A2,A1,0.9591
processed_data_cleaned\test\A2\A2.12.Uni-Edu_26_patch_1_1.jpg,A2,A1,0.9997
processed_data_cleaned\test\A2\A2.12.Uni-Edu_26_patch_1_2.jpg,A2,A1,0.9981
processed_data_cleaned\test\A2\A2.12.Uni-Edu_26_patch_1_3.jpg,A2,A1,0.9992
processed_data_cleaned\test\A2\A2.12.Uni-Edu_26_patch_1_4.jpg,A2,A1,0.6956
processed_data_cleaned\test\A2\A2.12.Uni-Edu_26_patch_1_5.jpg,A2,A1,0.9903
processed_data_cleaned\test\A2\A2.12.Uni-Edu_26_patch_2_2.jpg,A2,A1,0.865
processed_data_cleaned\test\A2\A2.12.Uni-Edu_26_patch_2_3.jpg,A2,A1,0.9399
processed_data_cleaned\test\A2\A2.12.Uni-Edu_26_patch_3_2.jpg,A2,A1,0.9799
processed_data_cleaned\test\A2\A2.12.Uni-Edu_26_patch_3_3.jpg,A2,A1,0.9997
processed_data_cleaned\test\A2\A2.12.Uni-Edu_26_patch_3_5.jpg,A2,B1,0.8782
processed_data_cleaned\test\A2\A2.12.Uni-Edu_27_patch_0_2.jpg,A2,A1,0.9915
processed_data_cleaned\test\A2\A2.12.Uni-Edu_27_patch_0_3.jpg,A2,A1,0.9235
processed_data_cleaned\test\A2\A2.12.Uni-Edu_27_patch_1_0.jpg,A2,A1,0.9999
processed_data_cleaned\test\A2\A2.12.Uni-Edu_27_patch_2_3.jpg,A2,B2,0.6536
processed_data_cleaned\test\A2\A2.12.Uni-Edu_28_patch_0_5.jpg,A2,A1,0.9308
processed_data_cleaned\test\A2\A2.12.Uni-Edu_28_patch_1_3.jpg,A2,B2,0.6501
processed_data_cleaned\test\A2\A2.12.Uni-Edu_28_patch_1_4.jpg,A2,A1,0.5322
processed_data_cleaned\test\A2\A2.12.Uni-Edu_29_patch_0_0.jpg,A2,A1,0.9988
processed_data_cleaned\test\A2\A2.12.Uni-Edu_29_patch_1_2.jpg,A2,A1,0.6253
processed_data_cleaned\test\A2\A2.12.Uni-Edu_29_patch_3_5.jpg,A2,A1,0.6034
processed_data_cleaned\test\A2\A2.12.Uni-Edu_30_patch_0_0.jpg,A2,A1,0.5544
processed_data_cleaned\test\A2\A2.12.Uni-Edu_30_patch_0_1.jpg,A2,A1,0.9246
processed_data_cleaned\test\A2\A2.12.Uni-Edu_30_patch_0_2.jpg,A2,A1,0.9816
processed_data_cleaned\test\A2\A2.12.Uni-Edu_30_patch_0_3.jpg,A2,A1,0.5524
processed_data_cleaned\test\A2\A2.12.Uni-Edu_30_patch_1_0.jpg,A2,A1,0.9658
processed_data_cleaned\test\A2\A2.12.Uni-Edu_30_patch_1_2.jpg,A2,A1,0.9641
processed_data_cleaned\test\A2\A2.12.Uni-Edu_30_patch_2_2.jpg,A2,A1,0.983
processed_data_cleaned\test\A2\A2.12.Uni-Edu_30_patch_2_3.jpg,A2,A1,0.9997
processed_data_cleaned\test\A2\A2.12.Uni-Edu_30_patch_2_4.jpg,A2,A1,0.998
processed_data_cleaned\test\A2\A2.12.Uni-Edu_30_patch_3_2.jpg,A2,A1,0.6148
processed_data_cleaned\test\A2\A2.12.Uni-Edu_30_patch_3_3.jpg,A2,A1,0.8567
processed_data_cleaned\test\A2\A2.12.Uni-Edu_30_patch_3_4.jpg,A2,A1,0.8895
processed_data_cleaned\test\A2\A2.12.Uni-Edu_30_patch_3_5.jpg,A2,A1,0.982
processed_data_cleaned\test\A2\A2.12.Uni-Edu_31_patch_0_2.jpg,A2,A1,0.992
processed_data_cleaned\test\A2\A2.12.Uni-Edu_31_patch_0_5.jpg,A2,A1,0.6615
processed_data_cleaned\test\A2\A2.12.Uni-Edu_31_patch_2_4.jpg,A2,A1,0.933
processed_data_cleaned\test\A2\A2.12.Uni-Edu_32_patch_0_0.jpg,A2,A1,0.9566
processed_data_cleaned\test\A2\A2.12.Uni-Edu_32_patch_0_1.jpg,A2,B2,0.5371
processed_data_cleaned\test\A2\A2.12.Uni-Edu_32_patch_0_2.jpg,A2,A1,0.9178
processed_data_cleaned\test\A2\A2.12.Uni-Edu_32_patch_1_0.jpg,A2,A1,0.6193
processed_data_cleaned\test\A2\A2.12.Uni-Edu_32_patch_1_1.jpg,A2,A1,1.0
processed_data_cleaned\test\A2\A2.12.Uni-Edu_33_patch_0_2.jpg,A2,A1,0.5175
processed_data_cleaned\test\A2\A2.12.Uni-Edu_33_patch_0_3.jpg,A2,A1,1.0
processed_data_cleaned\test\A2\A2.12.Uni-Edu_33_patch_0_4.jpg,A2,A1,0.883
processed_data_cleaned\test\A2\A2.12.Uni-Edu_33_patch_0_5.jpg,A2,A1,0.5618
processed_data_cleaned\test\A2\A2.12.Uni-Edu_33_patch_1_3.jpg,A2,A1,0.9991
processed_data_cleaned\test\A2\A2.12.Uni-Edu_33_patch_1_4.jpg,A2,A1,0.9276
processed_data_cleaned\test\A2\A2.12.Uni-Edu_33_patch_1_5.jpg,A2,A1,0.9864
processed_data_cleaned\test\A2\A2.12.Uni-Edu_33_patch_2_4.jpg,A2,A1,0.7951
processed_data_cleaned\test\A2\A2.12.Uni-Edu_33_patch_2_5.jpg,A2,A1,0.9975
processed_data_cleaned\test\A2\A2.12.Uni-Edu_33_patch_3_4.jpg,A2,A1,0.9999
processed_data_cleaned\test\A2\A2.12.Uni-Edu_33_patch_3_5.jpg,A2,A1,0.9989
processed_data_cleaned\test\A2\A2.12.Uni-Edu_34_patch_0_4.jpg,A2,A1,0.9967
processed_data_cleaned\test\A2\A2.12.Uni-Edu_34_patch_1_4.jpg,A2,A1,0.9999
processed_data_cleaned\test\A2\A2.12.Uni-Edu_34_patch_1_5.jpg,A2,B2,0.7524
processed_data_cleaned\test\A2\A2.12.Uni-Edu_34_patch_2_1.jpg,A2,B2,0.4937
processed_data_cleaned\test\A2\A2.12.Uni-Edu_34_patch_2_4.jpg,A2,A1,0.9895
processed_data_cleaned\test\A2\A2.12.Uni-Edu_34_patch_2_5.jpg,A2,A1,0.6435
processed_data_cleaned\test\A2\A2.12.Uni-Edu_34_patch_3_5.jpg,A2,A1,0.9997
processed_data_cleaned\test\A2\A2.12.Uni-Edu_35_patch_1_3.jpg,A2,A1,0.9999
processed_data_cleaned\test\A2\A2.12.Uni-Edu_35_patch_1_5.jpg,A2,A1,0.9985
processed_data_cleaned\test\A2\A2.12.Uni-Edu_35_patch_2_1.jpg,A2,A1,0.9995
processed_data_cleaned\test\A2\A2.12.Uni-Edu_35_patch_2_4.jpg,A2,A1,0.98
processed_data_cleaned\test\A2\A2.12.Uni-Edu_35_patch_3_3.jpg,A2,B2,0.9339
processed_data_cleaned\test\A2\A2.12.Uni-Edu_35_patch_3_5.jpg,A2,A1,0.9423
processed_data_cleaned\test\A2\A2.12.Uni-Edu_36_patch_1_3.jpg,A2,A1,0.7946
processed_data_cleaned\test\A2\A2.12.Uni-Edu_36_patch_3_3.jpg,A2,A1,0.8101
processed_data_cleaned\test\A2\A2.12.Uni-Edu_36_patch_3_4.jpg,A2,A1,0.9914
processed_data_cleaned\test\A2\A2.12.Uni-Edu_36_patch_3_5.jpg,A2,A1,0.967
processed_data_cleaned\test\A2\A2.12.Uni-Edu_37_patch_0_5.jpg,A2,A1,0.9206
processed_data_cleaned\test\A2\A2.12.Uni-Edu_37_patch_1_0.jpg,A2,A1,0.9715
processed_data_cleaned\test\A2\A2.12.Uni-Edu_37_patch_1_1.jpg,A2,A1,0.9937
processed_data_cleaned\test\A2\A2.12.Uni-Edu_37_patch_1_2.jpg,A2,A1,0.9998
processed_data_cleaned\test\A2\A2.12.Uni-Edu_37_patch_1_3.jpg,A2,A1,0.9961
processed_data_cleaned\test\A2\A2.12.Uni-Edu_37_patch_1_4.jpg,A2,A1,0.9992
processed_data_cleaned\test\A2\A2.12.Uni-Edu_37_patch_1_5.jpg,A2,A1,0.9065
processed_data_cleaned\test\A2\A2.12.Uni-Edu_37_patch_2_0.jpg,A2,A1,0.859
processed_data_cleaned\test\A2\A2.12.Uni-Edu_37_patch_2_1.jpg,A2,A1,1.0
processed_data_cleaned\test\A2\A2.12.Uni-Edu_37_patch_2_3.jpg,A2,A1,0.9964
processed_data_cleaned\test\A2\A2.12.Uni-Edu_37_patch_2_4.jpg,A2,A1,0.9999
processed_data_cleaned\test\A2\A2.12.Uni-Edu_37_patch_2_5.jpg,A2,A1,0.9718
processed_data_cleaned\test\A2\A2.12.Uni-Edu_37_patch_3_3.jpg,A2,B1,0.8035
processed_data_cleaned\test\A2\A2.12.Uni-Edu_37_patch_3_4.jpg,A2,B1,0.9925
processed_data_cleaned\test\A2\A2.12.Uni-Edu_38_patch_0_1.jpg,A2,A1,0.766
processed_data_cleaned\test\A2\A2.12.Uni-Edu_38_patch_2_0.jpg,A2,B2,0.9964
processed_data_cleaned\test\A2\A2.12.Uni-Edu_38_patch_2_1.jpg,A2,B2,0.9681
processed_data_cleaned\test\A2\A2.12.Uni-Edu_38_patch_2_2.jpg,A2,B2,0.9964
processed_data_cleaned\test\A2\A2.12.Uni-Edu_38_patch_2_4.jpg,A2,A1,0.4951
processed_data_cleaned\test\A2\A2.12.Uni-Edu_38_patch_3_3.jpg,A2,A1,0.9803
processed_data_cleaned\test\A2\A2.12.Uni-Edu_39_patch_0_2.jpg,A2,A1,0.9909
processed_data_cleaned\test\A2\A2.12.Uni-Edu_39_patch_2_1.jpg,A2,A1,0.9999
processed_data_cleaned\test\A2\A2.12.Uni-Edu_39_patch_2_2.jpg,A2,A1,0.9932
processed_data_cleaned\test\A2\A2.12.Uni-Edu_39_patch_2_3.jpg,A2,A1,0.8576
processed_data_cleaned\test\A2\A2.12.Uni-Edu_39_patch_2_4.jpg,A2,B2,0.9766
processed_data_cleaned\test\A2\A2.12.Uni-Edu_39_patch_3_0.jpg,A2,A1,0.8198
processed_data_cleaned\test\A2\A2.12.Uni-Edu_39_patch_3_2.jpg,A2,A1,0.9993
processed_data_cleaned\test\A2\A2.12.Uni-Edu_40_patch_0_4.jpg,A2,A1,0.8992
processed_data_cleaned\test\A2\A2.12.Uni-Edu_40_patch_1_4.jpg,A2,A1,0.9895
processed_data_cleaned\test\A2\A2.12.Uni-Edu_40_patch_1_5.jpg,A2,A1,0.6405
processed_data_cleaned\test\A2\A2.12.Uni-Edu_40_patch_2_0.jpg,A2,A1,0.9256
processed_data_cleaned\test\A2\A2.12.Uni-Edu_40_patch_2_5.jpg,A2,A1,0.983
processed_data_cleaned\test\A2\A2.12.Uni-Edu_41_patch_1_3.jpg,A2,A1,0.9992
processed_data_cleaned\test\A2\A2.12.Uni-Edu_41_patch_2_0.jpg,A2,A1,0.6451
processed_data_cleaned\test\A2\A2.12.Uni-Edu_42_patch_0_1.jpg,A2,A1,0.9089
processed_data_cleaned\test\A2\A2.12.Uni-Edu_42_patch_0_4.jpg,A2,A1,0.9883
processed_data_cleaned\test\A2\A2.12.Uni-Edu_42_patch_0_5.jpg,A2,A1,0.9902
processed_data_cleaned\test\A2\A2.12.Uni-Edu_42_patch_1_1.jpg,A2,A1,0.9999
processed_data_cleaned\test\A2\A2.12.Uni-Edu_42_patch_1_2.jpg,A2,A1,0.998
processed_data_cleaned\test\A2\A2.12.Uni-Edu_42_patch_1_3.jpg,A2,A1,1.0
processed_data_cleaned\test\A2\A2.12.Uni-Edu_42_patch_1_5.jpg,A2,A1,0.9972
processed_data_cleaned\test\A2\A2.12.Uni-Edu_42_patch_2_0.jpg,A2,B2,0.9523
processed_data_cleaned\test\A2\A2.12.Uni-Edu_42_patch_2_1.jpg,A2,B2,0.5165
processed_data_cleaned\test\A2\A2.12.Uni-Edu_42_patch_2_2.jpg,A2,B2,0.5907
processed_data_cleaned\test\A2\A2.12.Uni-Edu_42_patch_2_3.jpg,A2,B2,0.9717
processed_data_cleaned\test\A2\A2.12.Uni-Edu_42_patch_2_4.jpg,A2,B2,0.6832
processed_data_cleaned\test\A2\A2.12.Uni-Edu_42_patch_3_0.jpg,A2,A1,0.9239
processed_data_cleaned\test\A2\A2.12.Uni-Edu_42_patch_3_1.jpg,A2,A1,0.9749
processed_data_cleaned\test\A2\A2.12.Uni-Edu_42_patch_3_2.jpg,A2,A1,0.9411
processed_data_cleaned\test\A2\A2.12.Uni-Edu_42_patch_3_3.jpg,A2,A1,0.8692
processed_data_cleaned\test\A2\A2.12.Uni-Edu_42_patch_3_4.jpg,A2,A1,0.8462
processed_data_cleaned\test\A2\A2.12.Uni-Edu_42_patch_3_5.jpg,A2,A1,0.9917
processed_data_cleaned\test\A2\A2.12.Uni-Edu_43_patch_0_2.jpg,A2,A1,0.9909
processed_data_cleaned\test\A2\A2.12.Uni-Edu_43_patch_0_3.jpg,A2,B2,0.6487
processed_data_cleaned\test\A2\A2.12.Uni-Edu_43_patch_0_4.jpg,A2,B2,0.9846
processed_data_cleaned\test\A2\A2.12.Uni-Edu_43_patch_0_5.jpg,A2,A1,0.8613
processed_data_cleaned\test\A2\A2.12.Uni-Edu_43_patch_1_1.jpg,A2,A1,0.8491
processed_data_cleaned\test\A2\A2.12.Uni-Edu_43_patch_1_4.jpg,A2,A1,0.8696
processed_data_cleaned\test\A2\A2.12.Uni-Edu_43_patch_1_5.jpg,A2,B1,0.7649
processed_data_cleaned\test\A2\A2.12.Uni-Edu_43_patch_2_3.jpg,A2,A1,0.9447
processed_data_cleaned\test\A2\A2.12.Uni-Edu_43_patch_3_2.jpg,A2,A1,0.9999
processed_data_cleaned\test\A2\A2.12.Uni-Edu_43_patch_3_3.jpg,A2,A1,0.6445
processed_data_cleaned\test\A2\A2.12.Uni-Edu_44_patch_0_0.jpg,A2,B2,0.6505
processed_data_cleaned\test\A2\A2.12.Uni-Edu_44_patch_0_1.jpg,A2,A1,0.9094
processed_data_cleaned\test\A2\A2.12.Uni-Edu_44_patch_0_2.jpg,A2,A1,0.999
processed_data_cleaned\test\A2\A2.12.Uni-Edu_44_patch_0_3.jpg,A2,A1,0.9953
processed_data_cleaned\test\A2\A2.12.Uni-Edu_44_patch_0_5.jpg,A2,B2,0.7084
processed_data_cleaned\test\A2\A2.12.Uni-Edu_44_patch_1_3.jpg,A2,A1,0.9477
processed_data_cleaned\test\A2\A2.12.Uni-Edu_44_patch_1_4.jpg,A2,A1,0.7529
processed_data_cleaned\test\A2\A2.12.Uni-Edu_44_patch_1_5.jpg,A2,A1,0.5891
processed_data_cleaned\test\A2\A2.12.Uni-Edu_44_patch_3_0.jpg,A2,A1,0.9877
processed_data_cleaned\test\A2\A2.12.Uni-Edu_44_patch_3_5.jpg,A2,A1,0.5036
processed_data_cleaned\test\A2\A2.12.Uni-Edu_45_patch_1_4.jpg,A2,A1,0.9757
processed_data_cleaned\test\A2\A2.12.Uni-Edu_45_patch_2_0.jpg,A2,A1,0.9542
processed_data_cleaned\test\A2\A2.12.Uni-Edu_45_patch_2_1.jpg,A2,B2,0.9571
processed_data_cleaned\test\A2\A2.12.Uni-Edu_45_patch_2_4.jpg,A2,A1,0.6046
processed_data_cleaned\test\A2\A2.12.Uni-Edu_45_patch_3_0.jpg,A2,A1,0.8364
processed_data_cleaned\test\A2\A2.12.Uni-Edu_45_patch_3_3.jpg,A2,A1,0.9917
processed_data_cleaned\test\A2\A2.12.Uni-Edu_45_patch_3_5.jpg,A2,B1,0.6263
processed_data_cleaned\test\A2\A2.12.Uni-Edu_46_patch_0_1.jpg,A2,B1,0.7925
processed_data_cleaned\test\A2\A2.12.Uni-Edu_46_patch_1_1.jpg,A2,B1,0.4774
processed_data_cleaned\test\A2\A2.12.Uni-Edu_46_patch_1_2.jpg,A2,B1,0.5139
processed_data_cleaned\test\A2\A2.12.Uni-Edu_46_patch_3_0.jpg,A2,B2,0.9923
processed_data_cleaned\test\A2\A2.12.Uni-Edu_46_patch_3_1.jpg,A2,B1,0.595
processed_data_cleaned\test\A2\A2.12.Uni-Edu_46_patch_3_2.jpg,A2,B2,0.9423
processed_data_cleaned\test\A2\A2.12.Uni-Edu_46_patch_3_3.jpg,A2,B2,0.7729
processed_data_cleaned\test\A2\A2.17.Dia-Pla_01_patch_0_4.jpg,A2,B1,0.9821
processed_data_cleaned\test\A2\A2.17.Dia-Pla_01_patch_0_5.jpg,A2,A1,0.814
processed_data_cleaned\test\A2\A2.17.Dia-Pla_01_patch_1_0.jpg,A2,A1,0.9739
processed_data_cleaned\test\A2\A2.17.Dia-Pla_01_patch_1_4.jpg,A2,A1,0.7679
processed_data_cleaned\test\A2\A2.17.Dia-Pla_01_patch_2_3.jpg,A2,B1,0.5551
processed_data_cleaned\test\A2\A2.17.Dia-Pla_01_patch_2_4.jpg,A2,B1,0.9804
processed_data_cleaned\test\A2\A2.17.Dia-Pla_01_patch_3_2.jpg,A2,A1,0.9952
processed_data_cleaned\test\A2\A2.17.Dia-Pla_01_patch_3_4.jpg,A2,B1,0.5301
processed_data_cleaned\test\A2\A2.17.Dia-Pla_01_patch_3_5.jpg,A2,A1,0.8116
processed_data_cleaned\test\A2\A2.17.Dia-Pla_02_patch_2_3.jpg,A2,B1,0.9648
processed_data_cleaned\test\A2\A2.17.Dia-Pla_02_patch_2_4.jpg,A2,B1,0.9929
processed_data_cleaned\test\A2\A2.17.Dia-Pla_02_patch_3_2.jpg,A2,B1,0.7623
processed_data_cleaned\test\A2\A2.17.Dia-Pla_02_patch_3_4.jpg,A2,B1,0.9456
processed_data_cleaned\test\A2\A2.17.Dia-Pla_03_patch_0_0.jpg,A2,B1,0.962
processed_data_cleaned\test\A2\A2.17.Dia-Pla_03_patch_0_1.jpg,A2,A1,0.566
processed_data_cleaned\test\A2\A2.17.Dia-Pla_03_patch_0_2.jpg,A2,A1,0.9827
processed_data_cleaned\test\A2\A2.17.Dia-Pla_03_patch_1_0.jpg,A2,A1,0.5207
processed_data_cleaned\test\A2\A2.17.Dia-Pla_03_patch_1_4.jpg,A2,A1,0.744
processed_data_cleaned\test\A2\A2.17.Dia-Pla_03_patch_2_0.jpg,A2,A1,0.8949
processed_data_cleaned\test\A2\A2.17.Dia-Pla_04_patch_0_4.jpg,A2,A1,0.9363
processed_data_cleaned\test\A2\A2.17.Dia-Pla_04_patch_1_1.jpg,A2,A1,0.9355
processed_data_cleaned\test\A2\A2.17.Dia-Pla_04_patch_1_5.jpg,A2,A1,0.7497
processed_data_cleaned\test\A2\A2.17.Dia-Pla_04_patch_2_3.jpg,A2,B1,0.9832
processed_data_cleaned\test\A2\A2.17.Dia-Pla_05_patch_1_4.jpg,A2,B1,0.9916
processed_data_cleaned\test\A2\A2.17.Dia-Pla_05_patch_2_0.jpg,A2,B1,0.9414
processed_data_cleaned\test\A2\A2.17.Dia-Pla_05_patch_2_4.jpg,A2,B1,0.6202
processed_data_cleaned\test\A2\A2.17.Dia-Pla_06_patch_0_0.jpg,A2,A1,0.8942
processed_data_cleaned\test\A2\A2.17.Dia-Pla_06_patch_0_1.jpg,A2,B1,0.9059
processed_data_cleaned\test\A2\A2.17.Dia-Pla_06_patch_0_2.jpg,A2,B1,0.5399
processed_data_cleaned\test\A2\A2.17.Dia-Pla_06_patch_1_0.jpg,A2,A1,0.9719
processed_data_cleaned\test\A2\A2.17.Dia-Pla_06_patch_1_2.jpg,A2,B1,0.615
processed_data_cleaned\test\A2\A2.17.Dia-Pla_06_patch_3_0.jpg,A2,A1,0.9825
processed_data_cleaned\test\A2\A2.17.Dia-Pla_06_patch_3_1.jpg,A2,B1,0.9327
processed_data_cleaned\test\A2\A2.17.Dia-Pla_06_patch_3_3.jpg,A2,B1,0.5565
processed_data_cleaned\test\A2\A2.17.Dia-Pla_07_patch_0_2.jpg,A2,A1,0.992
processed_data_cleaned\test\A2\A2.17.Dia-Pla_07_patch_1_0.jpg,A2,B1,0.6617
processed_data_cleaned\test\A2\A2.17.Dia-Pla_07_patch_2_0.jpg,A2,A1,0.8465
processed_data_cleaned\test\A2\A2.17.Dia-Pla_07_patch_3_3.jpg,A2,A1,0.9834
processed_data_cleaned\test\A2\A2.17.Dia-Pla_08_patch_0_5.jpg,A2,B1,0.8602
processed_data_cleaned\test\A2\A2.17.Dia-Pla_08_patch_1_4.jpg,A2,A1,0.802
processed_data_cleaned\test\A2\A2.17.Dia-Pla_08_patch_2_0.jpg,A2,B1,0.799
processed_data_cleaned\test\A2\A2.17.Dia-Pla_08_patch_3_2.jpg,A2,B1,0.8703
processed_data_cleaned\test\A2\A2.17.Dia-Pla_08_patch_3_4.jpg,A2,B1,0.9658
processed_data_cleaned\test\A2\A2.17.Dia-Pla_08_patch_3_5.jpg,A2,B1,0.9897
processed_data_cleaned\test\A2\A2.17.Dia-Pla_09_patch_0_1.jpg,A2,B2,0.9527
processed_data_cleaned\test\A2\A2.17.Dia-Pla_09_patch_0_5.jpg,A2,B1,0.6132
processed_data_cleaned\test\A2\A2.17.Dia-Pla_09_patch_1_1.jpg,A2,B1,0.9975
processed_data_cleaned\test\A2\A2.17.Dia-Pla_09_patch_1_2.jpg,A2,A1,0.9828
processed_data_cleaned\test\A2\A2.17.Dia-Pla_09_patch_1_3.jpg,A2,A1,0.9372
processed_data_cleaned\test\A2\A2.17.Dia-Pla_09_patch_1_5.jpg,A2,B1,0.9608
processed_data_cleaned\test\A2\A2.17.Dia-Pla_09_patch_2_0.jpg,A2,B1,0.7189
processed_data_cleaned\test\A2\A2.17.Dia-Pla_09_patch_2_4.jpg,A2,B1,0.7322
processed_data_cleaned\test\A2\A2.17.Dia-Pla_10_patch_2_5.jpg,A2,B1,0.5338
processed_data_cleaned\test\A2\A2.17.Dia-Pla_11_patch_0_1.jpg,A2,B1,0.9533
processed_data_cleaned\test\A2\A2.17.Dia-Pla_11_patch_1_3.jpg,A2,B2,0.3617
processed_data_cleaned\test\A2\A2.17.Dia-Pla_11_patch_2_4.jpg,A2,B1,0.9957
processed_data_cleaned\test\A2\A2.17.Dia-Pla_11_patch_2_5.jpg,A2,B1,0.9921
processed_data_cleaned\test\A2\A2.17.Dia-Pla_11_patch_3_0.jpg,A2,B1,0.9556
processed_data_cleaned\test\A2\A2.17.Dia-Pla_11_patch_3_4.jpg,A2,B1,0.5255
processed_data_cleaned\test\A2\A2.17.Dia-Pla_12_patch_0_0.jpg,A2,A1,0.9248
processed_data_cleaned\test\A2\A2.17.Dia-Pla_12_patch_2_1.jpg,A2,A1,0.9993
processed_data_cleaned\test\A2\A2.17.Dia-Pla_12_patch_3_1.jpg,A2,B1,0.9679
processed_data_cleaned\test\A2\A2.17.Dia-Pla_13_patch_1_4.jpg,A2,B2,0.4821
processed_data_cleaned\test\A2\A2.17.Dia-Pla_13_patch_2_4.jpg,A2,B1,0.4465
processed_data_cleaned\test\A2\A2.17.Dia-Pla_13_patch_3_0.jpg,A2,A1,0.9158
processed_data_cleaned\test\A2\A2.17.Dia-Pla_13_patch_3_1.jpg,A2,B1,0.585
processed_data_cleaned\test\A2\A2.17.Dia-Pla_14_patch_1_0.jpg,A2,B1,0.9973
processed_data_cleaned\test\A2\A2.17.Dia-Pla_14_patch_2_0.jpg,A2,B1,0.7227
processed_data_cleaned\test\A2\A2.17.Dia-Pla_14_patch_2_1.jpg,A2,B1,0.4947
processed_data_cleaned\test\A2\A2.17.Dia-Pla_14_patch_3_0.jpg,A2,B1,0.9376
processed_data_cleaned\test\A2\A2.17.Dia-Pla_14_patch_3_2.jpg,A2,B1,0.4285
processed_data_cleaned\test\A2\A2.17.Dia-Pla_15_patch_2_4.jpg,A2,B2,0.9492
processed_data_cleaned\test\A2\A2.17.Dia-Pla_15_patch_2_5.jpg,A2,B1,0.9054
processed_data_cleaned\test\A2\A2.17.Dia-Pla_15_patch_3_2.jpg,A2,B2,0.5661
processed_data_cleaned\test\A2\A2.17.Dia-Pla_15_patch_3_3.jpg,A2,B1,0.5588
processed_data_cleaned\test\A2\A2.17.Dia-Pla_15_patch_3_4.jpg,A2,A1,0.9609
processed_data_cleaned\test\A2\A2.17.Dia-Pla_16_patch_0_3.jpg,A2,B1,0.7375
processed_data_cleaned\test\A2\A2.17.Dia-Pla_16_patch_0_5.jpg,A2,B1,0.5446
processed_data_cleaned\test\A2\A2.17.Dia-Pla_16_patch_1_1.jpg,A2,A1,0.4357
processed_data_cleaned\test\A2\A2.17.Dia-Pla_16_patch_1_2.jpg,A2,B1,0.8914
processed_data_cleaned\test\A2\A2.17.Dia-Pla_16_patch_1_3.jpg,A2,A1,0.956
processed_data_cleaned\test\A2\A2.17.Dia-Pla_16_patch_1_4.jpg,A2,A1,0.9821
processed_data_cleaned\test\A2\A2.17.Dia-Pla_16_patch_2_0.jpg,A2,B1,0.6641
processed_data_cleaned\test\A2\A2.17.Dia-Pla_16_patch_2_5.jpg,A2,B1,0.9986
processed_data_cleaned\test\A2\A2.17.Dia-Pla_16_patch_3_1.jpg,A2,A1,0.648
processed_data_cleaned\test\A2\A2.17.Dia-Pla_16_patch_3_2.jpg,A2,A1,0.9998
processed_data_cleaned\test\A2\A2.17.Dia-Pla_18_patch_3_3.jpg,A2,B2,0.9827
processed_data_cleaned\test\A2\A2.17.Dia-Pla_19_patch_0_0.jpg,A2,A1,0.869
processed_data_cleaned\test\A2\A2.17.Dia-Pla_19_patch_1_1.jpg,A2,B1,0.9404
processed_data_cleaned\test\A2\A2.17.Dia-Pla_19_patch_2_1.jpg,A2,B1,0.921
processed_data_cleaned\test\A2\A2.17.Dia-Pla_19_patch_3_1.jpg,A2,A1,0.7181
processed_data_cleaned\test\A2\A2.17.Dia-Pla_20_patch_0_0.jpg,A2,B2,0.47
processed_data_cleaned\test\A2\A2.17.Dia-Pla_20_patch_0_2.jpg,A2,B1,0.7624
processed_data_cleaned\test\A2\A2.17.Dia-Pla_20_patch_2_3.jpg,A2,B1,0.5237
processed_data_cleaned\test\A2\A2.17.Dia-Pla_21_patch_0_0.jpg,A2,B1,0.9619
processed_data_cleaned\test\A2\A2.17.Dia-Pla_21_patch_2_0.jpg,A2,A1,0.986
processed_data_cleaned\test\A2\A2.17.Dia-Pla_21_patch_3_0.jpg,A2,B1,0.9992
processed_data_cleaned\test\A2\A2.17.Dia-Pla_21_patch_3_5.jpg,A2,A1,0.6512
processed_data_cleaned\test\A2\A2.17.Dia-Pla_22_patch_0_2.jpg,A2,B1,0.951
processed_data_cleaned\test\A2\A2.17.Dia-Pla_22_patch_0_5.jpg,A2,A1,0.5238
processed_data_cleaned\test\A2\A2.17.Dia-Pla_22_patch_1_1.jpg,A2,B1,0.6041
processed_data_cleaned\test\A2\A2.17.Dia-Pla_22_patch_2_0.jpg,A2,B1,0.7538
processed_data_cleaned\test\A2\A2.17.Dia-Pla_22_patch_3_0.jpg,A2,B1,0.9957
processed_data_cleaned\test\A2\A2.17.Dia-Pla_22_patch_3_1.jpg,A2,B1,0.8641
processed_data_cleaned\test\A2\A2.17.Dia-Pla_22_patch_3_2.jpg,A2,A1,0.8728
processed_data_cleaned\test\A2\A2.17.Dia-Pla_23_patch_1_4.jpg,A2,B1,0.7451
processed_data_cleaned\test\A2\A2.17.Dia-Pla_24_patch_1_0.jpg,A2,A1,0.539
processed_data_cleaned\test\A2\A2.17.Dia-Pla_25_patch_0_2.jpg,A2,A1,0.7011
processed_data_cleaned\test\A2\A2.17.Dia-Pla_25_patch_1_1.jpg,A2,A1,0.7016
processed_data_cleaned\test\A2\A2.17.Dia-Pla_25_patch_1_4.jpg,A2,B1,0.9881
processed_data_cleaned\test\A2\A2.17.Dia-Pla_25_patch_2_1.jpg,A2,B1,0.9994
processed_data_cleaned\test\A2\A2.17.Dia-Pla_25_patch_2_2.jpg,A2,B1,0.9987
processed_data_cleaned\test\A2\A2.17.Dia-Pla_25_patch_2_4.jpg,A2,A1,0.8979
processed_data_cleaned\test\A2\A2.17.Dia-Pla_25_patch_3_3.jpg,A2,B1,0.7957
processed_data_cleaned\test\A2\A2.17.Dia-Pla_26_patch_0_0.jpg,A2,B1,0.7834
processed_data_cleaned\test\A2\A2.17.Dia-Pla_26_patch_0_2.jpg,A2,B1,0.8458
processed_data_cleaned\test\A2\A2.17.Dia-Pla_26_patch_0_4.jpg,A2,A1,0.4526
processed_data_cleaned\test\A2\A2.17.Dia-Pla_26_patch_1_1.jpg,A2,B1,0.9125
processed_data_cleaned\test\A2\A2.17.Dia-Pla_26_patch_1_5.jpg,A2,A1,0.7965
processed_data_cleaned\test\A2\A2.17.Dia-Pla_26_patch_2_1.jpg,A2,B2,0.6165
processed_data_cleaned\test\A2\A2.17.Dia-Pla_26_patch_2_3.jpg,A2,B1,0.6894
processed_data_cleaned\test\A2\A2.17.Dia-Pla_26_patch_2_5.jpg,A2,A1,0.4713
processed_data_cleaned\test\A2\A2.17.Dia-Pla_26_patch_3_1.jpg,A2,A1,0.9661
processed_data_cleaned\test\A2\A2.17.Dia-Pla_27_patch_0_0.jpg,A2,A1,0.7002
processed_data_cleaned\test\A2\A2.17.Dia-Pla_27_patch_1_1.jpg,A2,A1,0.9429
processed_data_cleaned\test\A2\A2.17.Dia-Pla_27_patch_2_0.jpg,A2,B2,0.6109
processed_data_cleaned\test\A2\A2.17.Dia-Pla_27_patch_2_1.jpg,A2,A1,0.721
processed_data_cleaned\test\A2\A2.17.Dia-Pla_27_patch_2_3.jpg,A2,B1,0.5554
processed_data_cleaned\test\A2\A2.17.Dia-Pla_27_patch_2_4.jpg,A2,B1,0.9433
processed_data_cleaned\test\A2\A2.17.Dia-Pla_27_patch_2_5.jpg,A2,B1,0.9969
processed_data_cleaned\test\A2\A2.17.Dia-Pla_27_patch_3_1.jpg,A2,B1,0.9907
processed_data_cleaned\test\A2\A2.17.Dia-Pla_27_patch_3_4.jpg,A2,B1,0.7898
processed_data_cleaned\test\A2\A2.17.Dia-Pla_28_patch_1_0.jpg,A2,A1,0.5279
processed_data_cleaned\test\A2\A2.17.Dia-Pla_28_patch_1_1.jpg,A2,B1,0.4959
processed_data_cleaned\test\A2\A2.17.Dia-Pla_28_patch_1_4.jpg,A2,B1,0.8013
processed_data_cleaned\test\A2\A2.17.Dia-Pla_28_patch_1_5.jpg,A2,A1,0.958
processed_data_cleaned\test\A2\A2.17.Dia-Pla_28_patch_2_0.jpg,A2,A1,0.7347
processed_data_cleaned\test\A2\A2.17.Dia-Pla_28_patch_2_1.jpg,A2,B1,0.9893
processed_data_cleaned\test\A2\A2.17.Dia-Pla_28_patch_2_4.jpg,A2,B1,0.5812
processed_data_cleaned\test\A2\A2.17.Dia-Pla_28_patch_3_4.jpg,A2,B1,0.5755
processed_data_cleaned\test\A2\A2.17.Dia-Pla_29_patch_0_3.jpg,A2,B1,0.9685
processed_data_cleaned\test\A2\A2.17.Dia-Pla_29_patch_1_2.jpg,A2,B1,0.9671
processed_data_cleaned\test\A2\A2.17.Dia-Pla_29_patch_1_3.jpg,A2,B1,0.9205
processed_data_cleaned\test\A2\A2.17.Dia-Pla_29_patch_2_3.jpg,A2,B1,0.8815
processed_data_cleaned\test\A2\A2.17.Dia-Pla_29_patch_3_0.jpg,A2,A1,0.8132
processed_data_cleaned\test\A2\A2.17.Dia-Pla_29_patch_3_2.jpg,A2,A1,0.5763
processed_data_cleaned\test\A2\A2.17.Dia-Pla_30_patch_0_1.jpg,A2,A1,0.6574
processed_data_cleaned\test\A2\A2.17.Dia-Pla_30_patch_1_0.jpg,A2,B1,0.8976
processed_data_cleaned\test\A2\A2.17.Dia-Pla_30_patch_1_1.jpg,A2,A1,0.6194
processed_data_cleaned\test\A2\A2.17.Dia-Pla_30_patch_1_2.jpg,A2,B1,0.8217
processed_data_cleaned\test\A2\A2.17.Dia-Pla_30_patch_1_4.jpg,A2,B1,0.458
processed_data_cleaned\test\A2\A2.17.Dia-Pla_30_patch_2_0.jpg,A2,A1,0.7675
processed_data_cleaned\test\A2\A2.17.Dia-Pla_30_patch_2_1.jpg,A2,A1,0.7941
processed_data_cleaned\test\A2\A2.17.Dia-Pla_30_patch_2_2.jpg,A2,A1,0.6915
processed_data_cleaned\test\A2\A2.17.Dia-Pla_30_patch_2_3.jpg,A2,A1,0.9305
processed_data_cleaned\test\A2\A2.17.Dia-Pla_31_patch_0_0.jpg,A2,A1,0.9995
processed_data_cleaned\test\A2\A2.17.Dia-Pla_31_patch_2_4.jpg,A2,A1,0.5087
processed_data_cleaned\test\A2\A2.17.Dia-Pla_31_patch_2_5.jpg,A2,A1,0.9704
processed_data_cleaned\test\A2\A2.17.Dia-Pla_31_patch_3_0.jpg,A2,A1,0.865
processed_data_cleaned\test\A2\A2.17.Dia-Pla_31_patch_3_4.jpg,A2,A1,0.8013
processed_data_cleaned\test\A2\A2.17.Dia-Pla_31_patch_3_5.jpg,A2,A1,0.7566
processed_data_cleaned\test\A2\A2.17.Dia-Pla_32_patch_0_1.jpg,A2,B1,0.9859
processed_data_cleaned\test\A2\A2.17.Dia-Pla_32_patch_0_3.jpg,A2,A1,0.7754
processed_data_cleaned\test\A2\A2.17.Dia-Pla_32_patch_1_3.jpg,A2,B1,0.7172
processed_data_cleaned\test\A2\A2.17.Dia-Pla_32_patch_1_5.jpg,A2,B1,0.7893
processed_data_cleaned\test\A2\A2.17.Dia-Pla_32_patch_2_4.jpg,A2,B1,0.3999
processed_data_cleaned\test\A2\A2.17.Dia-Pla_32_patch_2_5.jpg,A2,B1,0.719
processed_data_cleaned\test\A2\A2.17.Dia-Pla_32_patch_3_1.jpg,A2,A1,0.8609
processed_data_cleaned\test\A2\A2.17.Dia-Pla_32_patch_3_3.jpg,A2,B1,0.9618
processed_data_cleaned\test\A2\A2.17.Dia-Pla_32_patch_3_5.jpg,A2,A1,0.5276
processed_data_cleaned\test\A2\A2.17.Dia-Pla_33_patch_1_1.jpg,A2,B1,0.9428
processed_data_cleaned\test\A2\A2.17.Dia-Pla_33_patch_1_4.jpg,A2,A1,0.554
processed_data_cleaned\test\A2\A2.17.Dia-Pla_33_patch_2_1.jpg,A2,A1,0.7026
processed_data_cleaned\test\A2\A2.17.Dia-Pla_33_patch_3_1.jpg,A2,B2,0.9998
processed_data_cleaned\test\A2\A2.17.Dia-Pla_33_patch_3_3.jpg,A2,A1,0.5729
processed_data_cleaned\test\A2\A2.17.Dia-Pla_34_patch_0_1.jpg,A2,B1,0.6648
processed_data_cleaned\test\A2\A2.17.Dia-Pla_34_patch_0_2.jpg,A2,B1,0.8076
processed_data_cleaned\test\A2\A2.17.Dia-Pla_34_patch_1_1.jpg,A2,B1,0.9866
processed_data_cleaned\test\A2\A2.17.Dia-Pla_34_patch_1_2.jpg,A2,B1,0.7621
processed_data_cleaned\test\A2\A2.17.Dia-Pla_34_patch_2_1.jpg,A2,B1,0.9443
processed_data_cleaned\test\A2\A2.17.Dia-Pla_35_patch_1_0.jpg,A2,A1,0.6598
processed_data_cleaned\test\A2\A2.17.Dia-Pla_35_patch_1_1.jpg,A2,A1,0.9276
processed_data_cleaned\test\A2\A2.17.Dia-Pla_35_patch_2_0.jpg,A2,B1,0.9966
processed_data_cleaned\test\A2\A2.17.Dia-Pla_35_patch_2_2.jpg,A2,B1,0.9851
processed_data_cleaned\test\A2\A2.17.Dia-Pla_35_patch_3_1.jpg,A2,B1,0.5885
processed_data_cleaned\test\A2\A2.17.Dia-Pla_36_patch_2_0.jpg,A2,A1,0.9273
processed_data_cleaned\test\A2\A2.17.Dia-Pla_36_patch_2_2.jpg,A2,A1,0.7031
processed_data_cleaned\test\A2\A2.17.Dia-Pla_36_patch_3_2.jpg,A2,B1,0.7982
processed_data_cleaned\test\A2\A2.17.Dia-Pla_37_patch_0_5.jpg,A2,A1,0.5379
processed_data_cleaned\test\A2\A2.17.Dia-Pla_37_patch_1_0.jpg,A2,B1,0.6784
processed_data_cleaned\test\A2\A2.17.Dia-Pla_37_patch_2_4.jpg,A2,B1,0.4351
processed_data_cleaned\test\A2\A2.17.Dia-Pla_37_patch_3_1.jpg,A2,B1,0.6358
processed_data_cleaned\test\A2\A2.17.Dia-Pla_37_patch_3_3.jpg,A2,B1,0.7685
processed_data_cleaned\test\A2\A2.17.Dia-Pla_38_patch_1_0.jpg,A2,A1,0.8582
processed_data_cleaned\test\A2\A2.17.Dia-Pla_38_patch_2_0.jpg,A2,A1,0.5006
processed_data_cleaned\test\A2\A2.17.Dia-Pla_38_patch_2_2.jpg,A2,B1,0.844
processed_data_cleaned\test\A2\A2.17.Dia-Pla_39_patch_1_2.jpg,A2,A1,0.7516
processed_data_cleaned\test\A2\A2.17.Dia-Pla_40_patch_0_1.jpg,A2,A1,0.4019
processed_data_cleaned\test\A2\A2.17.Dia-Pla_40_patch_1_0.jpg,A2,A1,0.5256
processed_data_cleaned\test\A2\A2.17.Dia-Pla_40_patch_1_3.jpg,A2,A1,0.906
processed_data_cleaned\test\A2\A2.17.Dia-Pla_40_patch_2_3.jpg,A2,A1,0.663
processed_data_cleaned\test\A2\A2.17.Dia-Pla_40_patch_3_0.jpg,A2,B1,0.7435
processed_data_cleaned\test\A2\A2.17.Dia-Pla_41_patch_0_0.jpg,A2,A1,0.662
processed_data_cleaned\test\A2\A2.17.Dia-Pla_41_patch_2_0.jpg,A2,B1,0.833
processed_data_cleaned\test\A2\A2.17.Dia-Pla_41_patch_2_2.jpg,A2,A1,0.5891
processed_data_cleaned\test\A2\A2.17.Dia-Pla_41_patch_3_2.jpg,A2,B1,0.6015
processed_data_cleaned\test\A2\A2.17.Dia-Pla_43_patch_2_0.jpg,A2,B1,0.6358
processed_data_cleaned\test\A2\A2.21.Cons-Mus_01_patch_0_0.jpg,A2,A1,0.6568
processed_data_cleaned\test\A2\A2.21.Cons-Mus_01_patch_0_1.jpg,A2,A1,1.0
processed_data_cleaned\test\A2\A2.21.Cons-Mus_01_patch_2_0.jpg,A2,A1,1.0
processed_data_cleaned\test\A2\A2.21.Cons-Mus_01_patch_2_5.jpg,A2,A1,0.5404
processed_data_cleaned\test\A2\A2.21.Cons-Mus_01_patch_3_0.jpg,A2,A1,0.9999
processed_data_cleaned\test\A2\A2.21.Cons-Mus_01_patch_3_3.jpg,A2,A1,1.0
processed_data_cleaned\test\A2\A2.21.Cons-Mus_01_patch_3_4.jpg,A2,A1,0.9998
processed_data_cleaned\test\A2\A2.21.Cons-Mus_01_patch_3_5.jpg,A2,A1,1.0
processed_data_cleaned\test\A2\A2.21.Cons-Mus_02_patch_0_0.jpg,A2,A1,0.9928
processed_data_cleaned\test\A2\A2.21.Cons-Mus_02_patch_1_0.jpg,A2,A1,0.9416
processed_data_cleaned\test\A2\A2.21.Cons-Mus_02_patch_2_4.jpg,A2,A1,0.9991
processed_data_cleaned\test\A2\A2.21.Cons-Mus_02_patch_2_5.jpg,A2,A1,0.9995
processed_data_cleaned\test\A2\A2.21.Cons-Mus_02_patch_3_0.jpg,A2,A1,0.8826
processed_data_cleaned\test\A2\A2.21.Cons-Mus_02_patch_3_1.jpg,A2,A1,0.9976
processed_data_cleaned\test\A2\A2.21.Cons-Mus_02_patch_3_3.jpg,A2,A1,0.9999
processed_data_cleaned\test\A2\A2.21.Cons-Mus_02_patch_3_4.jpg,A2,A1,0.9999
processed_data_cleaned\test\A2\A2.21.Cons-Mus_02_patch_3_5.jpg,A2,A1,1.0
processed_data_cleaned\test\A2\A2.21.Cons-Mus_03_patch_1_0.jpg,A2,A1,0.9998
processed_data_cleaned\test\A2\A2.21.Cons-Mus_03_patch_1_3.jpg,A2,A1,1.0
processed_data_cleaned\test\A2\A2.21.Cons-Mus_03_patch_1_5.jpg,A2,A1,1.0
processed_data_cleaned\test\A2\A2.21.Cons-Mus_04_patch_1_0.jpg,A2,A1,1.0
processed_data_cleaned\test\A2\A2.21.Cons-Mus_04_patch_1_2.jpg,A2,A1,1.0
processed_data_cleaned\test\A2\A2.21.Cons-Mus_04_patch_1_3.jpg,A2,A1,0.9684
processed_data_cleaned\test\A2\A2.21.Cons-Mus_04_patch_1_5.jpg,A2,A1,0.8897
processed_data_cleaned\test\A2\A2.21.Cons-Mus_04_patch_2_4.jpg,A2,A1,1.0
processed_data_cleaned\test\A2\A2.21.Cons-Mus_04_patch_3_1.jpg,A2,A1,0.6056
processed_data_cleaned\test\A2\A2.21.Cons-Mus_05_patch_1_2.jpg,A2,A1,0.9419
processed_data_cleaned\test\A2\A2.21.Cons-Mus_05_patch_2_3.jpg,A2,A1,0.9999
processed_data_cleaned\test\A2\A2.21.Cons-Mus_05_patch_2_4.jpg,A2,A1,0.9996
processed_data_cleaned\test\A2\A2.21.Cons-Mus_05_patch_3_0.jpg,A2,A1,0.9985
processed_data_cleaned\test\A2\A2.21.Cons-Mus_05_patch_3_2.jpg,A2,A1,0.9903
processed_data_cleaned\test\A2\A2.21.Cons-Mus_05_patch_3_3.jpg,A2,A1,1.0
processed_data_cleaned\test\A2\A2.21.Cons-Mus_05_patch_3_4.jpg,A2,A1,0.9888
processed_data_cleaned\test\A2\A2.21.Cons-Mus_05_patch_3_5.jpg,A2,A1,0.9874
processed_data_cleaned\test\A2\A2.21.Cons-Mus_06_patch_0_1.jpg,A2,A1,0.9996
processed_data_cleaned\test\A2\A2.21.Cons-Mus_06_patch_2_0.jpg,A2,A1,1.0
processed_data_cleaned\test\A2\A2.21.Cons-Mus_06_patch_2_1.jpg,A2,A1,1.0
processed_data_cleaned\test\A2\A2.21.Cons-Mus_06_patch_3_0.jpg,A2,A1,1.0
processed_data_cleaned\test\A2\A2.21.Cons-Mus_06_patch_3_1.jpg,A2,A1,1.0
processed_data_cleaned\test\A2\A2.21.Cons-Mus_06_patch_3_2.jpg,A2,A1,0.9983
processed_data_cleaned\test\A2\A2.21.Cons-Mus_07_patch_0_0.jpg,A2,B1,0.999
processed_data_cleaned\test\A2\A2.21.Cons-Mus_07_patch_0_1.jpg,A2,B1,0.9843
processed_data_cleaned\test\A2\A2.21.Cons-Mus_07_patch_0_2.jpg,A2,B1,0.7123
processed_data_cleaned\test\A2\A2.21.Cons-Mus_07_patch_0_3.jpg,A2,B1,1.0
processed_data_cleaned\test\A2\A2.21.Cons-Mus_07_patch_0_4.jpg,A2,A1,0.9976
processed_data_cleaned\test\A2\A2.21.Cons-Mus_07_patch_0_5.jpg,A2,A1,0.8824
processed_data_cleaned\test\A2\A2.21.Cons-Mus_07_patch_1_2.jpg,A2,A1,0.7913
processed_data_cleaned\test\A2\A2.21.Cons-Mus_07_patch_1_3.jpg,A2,B1,0.9877
processed_data_cleaned\test\A2\A2.21.Cons-Mus_07_patch_2_2.jpg,A2,B1,0.9962
processed_data_cleaned\test\A2\A2.21.Cons-Mus_07_patch_2_3.jpg,A2,A1,0.9101
processed_data_cleaned\test\A2\A2.21.Cons-Mus_07_patch_2_4.jpg,A2,A1,1.0
processed_data_cleaned\test\A2\A2.21.Cons-Mus_07_patch_2_5.jpg,A2,A1,0.6666
processed_data_cleaned\test\A2\A2.21.Cons-Mus_07_patch_3_1.jpg,A2,A1,0.9999
processed_data_cleaned\test\A2\A2.21.Cons-Mus_07_patch_3_2.jpg,A2,A1,0.9673
processed_data_cleaned\test\A2\A2.21.Cons-Mus_07_patch_3_3.jpg,A2,A1,1.0
processed_data_cleaned\test\A2\A2.21.Cons-Mus_09_patch_0_3.jpg,A2,A1,0.999
processed_data_cleaned\test\A2\A2.21.Cons-Mus_09_patch_0_4.jpg,A2,A1,0.9917
processed_data_cleaned\test\A2\A2.21.Cons-Mus_09_patch_1_1.jpg,A2,A1,1.0
processed_data_cleaned\test\A2\A2.21.Cons-Mus_09_patch_1_2.jpg,A2,A1,1.0
processed_data_cleaned\test\A2\A2.21.Cons-Mus_09_patch_1_3.jpg,A2,A1,1.0
processed_data_cleaned\test\A2\A2.21.Cons-Mus_09_patch_1_4.jpg,A2,A1,1.0
processed_data_cleaned\test\A2\A2.21.Cons-Mus_09_patch_2_0.jpg,A2,A1,0.9976
processed_data_cleaned\test\A2\A2.21.Cons-Mus_09_patch_3_0.jpg,A2,A1,1.0
processed_data_cleaned\test\A2\A2.21.Cons-Mus_09_patch_3_3.jpg,A2,A1,1.0
processed_data_cleaned\test\A2\A2.21.Cons-Mus_09_patch_3_4.jpg,A2,A1,0.9909
processed_data_cleaned\test\A2\A2.21.Cons-Mus_10_patch_2_0.jpg,A2,A1,0.9705
processed_data_cleaned\test\A2\A2.21.Cons-Mus_10_patch_2_4.jpg,A2,A1,1.0
processed_data_cleaned\test\A2\A2.21.Cons-Mus_11_patch_0_1.jpg,A2,A1,0.6744
processed_data_cleaned\test\A2\A2.21.Cons-Mus_11_patch_0_3.jpg,A2,A1,1.0
processed_data_cleaned\test\A2\A2.21.Cons-Mus_11_patch_0_5.jpg,A2,A1,0.9994
processed_data_cleaned\test\A2\A2.21.Cons-Mus_11_patch_1_2.jpg,A2,A1,1.0
processed_data_cleaned\test\A2\A2.21.Cons-Mus_11_patch_1_3.jpg,A2,A1,0.9723
processed_data_cleaned\test\A2\A2.21.Cons-Mus_11_patch_2_2.jpg,A2,A1,1.0
processed_data_cleaned\test\A2\A2.21.Cons-Mus_11_patch_3_0.jpg,A2,A1,1.0
processed_data_cleaned\test\A2\A2.21.Cons-Mus_11_patch_3_1.jpg,A2,A1,1.0
processed_data_cleaned\test\A2\A2.21.Cons-Mus_11_patch_3_5.jpg,A2,A1,1.0
processed_data_cleaned\test\A2\A2.21.Cons-Mus_12_patch_1_5.jpg,A2,A1,0.9892
processed_data_cleaned\test\A2\A2.21.Cons-Mus_12_patch_3_3.jpg,A2,A1,0.9985
processed_data_cleaned\test\A2\A2.21.Cons-Mus_12_patch_3_5.jpg,A2,A1,0.9973
processed_data_cleaned\test\A2\A2.21.Cons-Mus_13_patch_0_0.jpg,A2,A1,0.9909
processed_data_cleaned\test\A2\A2.21.Cons-Mus_13_patch_0_4.jpg,A2,A1,0.9999
processed_data_cleaned\test\A2\A2.21.Cons-Mus_13_patch_1_5.jpg,A2,A1,0.987
processed_data_cleaned\test\A2\A2.21.Cons-Mus_13_patch_2_2.jpg,A2,A1,1.0
processed_data_cleaned\test\A2\A2.21.Cons-Mus_13_patch_2_4.jpg,A2,A1,0.8707
processed_data_cleaned\test\A2\A2.21.Cons-Mus_13_patch_3_0.jpg,A2,A1,0.9892
processed_data_cleaned\test\A2\A2.21.Cons-Mus_13_patch_3_1.jpg,A2,A1,0.9999
processed_data_cleaned\test\A2\A2.21.Cons-Mus_13_patch_3_3.jpg,A2,A1,0.8907
processed_data_cleaned\test\A2\A2.21.Cons-Mus_13_patch_3_4.jpg,A2,A1,1.0
processed_data_cleaned\test\A2\A2.21.Cons-Mus_13_patch_3_5.jpg,A2,A1,1.0
processed_data_cleaned\test\A2\A2.21.Cons-Mus_14_patch_0_0.jpg,A2,A1,0.8898
processed_data_cleaned\test\A2\A2.21.Cons-Mus_14_patch_0_2.jpg,A2,A1,0.9997
processed_data_cleaned\test\A2\A2.21.Cons-Mus_14_patch_0_3.jpg,A2,A1,1.0
processed_data_cleaned\test\A2\A2.21.Cons-Mus_14_patch_1_1.jpg,A2,A1,0.9873
processed_data_cleaned\test\A2\A2.21.Cons-Mus_14_patch_1_2.jpg,A2,A1,1.0
processed_data_cleaned\test\A2\A2.21.Cons-Mus_14_patch_1_3.jpg,A2,A1,0.9999
processed_data_cleaned\test\A2\A2.21.Cons-Mus_14_patch_2_5.jpg,A2,A1,0.9981
processed_data_cleaned\test\A2\A2.21.Cons-Mus_14_patch_3_0.jpg,A2,A1,1.0
processed_data_cleaned\test\A2\A2.21.Cons-Mus_14_patch_3_4.jpg,A2,A1,0.8912
processed_data_cleaned\test\A2\A2.21.Cons-Mus_14_patch_3_5.jpg,A2,A1,1.0
processed_data_cleaned\test\A2\A2.21.Cons-Mus_15_patch_0_4.jpg,A2,A1,0.9992
processed_data_cleaned\test\A2\A2.21.Cons-Mus_15_patch_2_5.jpg,A2,B1,0.8869
processed_data_cleaned\test\A2\A2.21.Cons-Mus_15_patch_3_2.jpg,A2,A1,0.3581
processed_data_cleaned\test\A2\A2.21.Cons-Mus_15_patch_3_4.jpg,A2,A1,1.0
processed_data_cleaned\test\A2\A2.21.Cons-Mus_17_patch_0_1.jpg,A2,B1,0.9399
processed_data_cleaned\test\A2\A2.21.Cons-Mus_17_patch_1_1.jpg,A2,A1,0.9158
processed_data_cleaned\test\A2\A2.21.Cons-Mus_17_patch_1_4.jpg,A2,B1,0.5613
processed_data_cleaned\test\A2\A2.21.Cons-Mus_17_patch_2_0.jpg,A2,B2,0.7052
processed_data_cleaned\test\A2\A2.21.Cons-Mus_17_patch_2_1.jpg,A2,B1,0.9821
processed_data_cleaned\test\A2\A2.21.Cons-Mus_17_patch_2_3.jpg,A2,B1,0.9794
processed_data_cleaned\test\A2\A2.21.Cons-Mus_17_patch_2_5.jpg,A2,B2,0.7176
processed_data_cleaned\test\A2\A2.21.Cons-Mus_17_patch_3_2.jpg,A2,A1,0.7911
processed_data_cleaned\test\A2\A2.21.Cons-Mus_17_patch_3_4.jpg,A2,B2,0.8879
processed_data_cleaned\test\A2\A2.21.Cons-Mus_18_patch_0_2.jpg,A2,A1,0.9998
processed_data_cleaned\test\A2\A2.21.Cons-Mus_18_patch_0_3.jpg,A2,A1,0.9312
processed_data_cleaned\test\A2\A2.21.Cons-Mus_18_patch_0_4.jpg,A2,A1,0.9536
processed_data_cleaned\test\A2\A2.21.Cons-Mus_18_patch_0_5.jpg,A2,A1,0.7281
processed_data_cleaned\test\A2\A2.21.Cons-Mus_18_patch_1_1.jpg,A2,A1,1.0
processed_data_cleaned\test\A2\A2.21.Cons-Mus_18_patch_1_2.jpg,A2,A1,1.0
processed_data_cleaned\test\A2\A2.21.Cons-Mus_18_patch_1_4.jpg,A2,A1,0.9998
processed_data_cleaned\test\A2\A2.21.Cons-Mus_18_patch_2_2.jpg,A2,A1,0.9753
processed_data_cleaned\test\A2\A2.21.Cons-Mus_18_patch_2_3.jpg,A2,A1,0.9759
processed_data_cleaned\test\A2\A2.21.Cons-Mus_18_patch_2_4.jpg,A2,A1,0.9844
processed_data_cleaned\test\A2\A2.21.Cons-Mus_18_patch_2_5.jpg,A2,A1,0.9906
processed_data_cleaned\test\A2\A2.21.Cons-Mus_18_patch_3_1.jpg,A2,A1,0.9999
processed_data_cleaned\test\A2\A2.21.Cons-Mus_18_patch_3_2.jpg,A2,A1,0.9995
processed_data_cleaned\test\A2\A2.21.Cons-Mus_18_patch_3_3.jpg,A2,A1,1.0
processed_data_cleaned\test\A2\A2.21.Cons-Mus_18_patch_3_5.jpg,A2,A1,1.0
processed_data_cleaned\test\A2\A2.21.Cons-Mus_20_patch_0_0.jpg,A2,B1,0.8787
processed_data_cleaned\test\A2\A2.21.Cons-Mus_20_patch_0_1.jpg,A2,A1,0.9889
processed_data_cleaned\test\A2\A2.21.Cons-Mus_20_patch_0_2.jpg,A2,B1,0.996
processed_data_cleaned\test\A2\A2.21.Cons-Mus_20_patch_0_3.jpg,A2,A1,0.9867
processed_data_cleaned\test\A2\A2.21.Cons-Mus_20_patch_0_4.jpg,A2,A1,0.9276
processed_data_cleaned\test\A2\A2.21.Cons-Mus_20_patch_0_5.jpg,A2,A1,0.9958
processed_data_cleaned\test\A2\A2.21.Cons-Mus_20_patch_1_2.jpg,A2,A1,0.8168
processed_data_cleaned\test\A2\A2.21.Cons-Mus_20_patch_1_3.jpg,A2,A1,1.0
processed_data_cleaned\test\A2\A2.21.Cons-Mus_20_patch_2_0.jpg,A2,A1,0.7835
processed_data_cleaned\test\A2\A2.21.Cons-Mus_20_patch_2_1.jpg,A2,A1,0.9751
processed_data_cleaned\test\A2\A2.21.Cons-Mus_20_patch_2_2.jpg,A2,B2,0.9248
processed_data_cleaned\test\A2\A2.21.Cons-Mus_20_patch_2_3.jpg,A2,A1,0.7471
processed_data_cleaned\test\A2\A2.21.Cons-Mus_20_patch_2_4.jpg,A2,A1,0.7458
processed_data_cleaned\test\A2\A2.21.Cons-Mus_20_patch_3_0.jpg,A2,A1,0.9761
processed_data_cleaned\test\A2\A2.21.Cons-Mus_20_patch_3_4.jpg,A2,B1,0.9816
processed_data_cleaned\test\A2\A2.21.Cons-Mus_20_patch_3_5.jpg,A2,B2,0.613
processed_data_cleaned\test\A2\A2.21.Cons-Mus_21_patch_2_3.jpg,A2,A1,0.9999
processed_data_cleaned\test\A2\A2.21.Cons-Mus_22_patch_0_0.jpg,A2,B1,0.7392
processed_data_cleaned\test\A2\A2.21.Cons-Mus_22_patch_0_1.jpg,A2,B1,0.9855
processed_data_cleaned\test\A2\A2.21.Cons-Mus_22_patch_1_1.jpg,A2,B1,0.6021
processed_data_cleaned\test\A2\A2.21.Cons-Mus_22_patch_1_2.jpg,A2,B2,0.8193
processed_data_cleaned\test\A2\A2.21.Cons-Mus_22_patch_1_5.jpg,A2,A1,0.9757
processed_data_cleaned\test\A2\A2.21.Cons-Mus_22_patch_2_0.jpg,A2,A1,0.818
processed_data_cleaned\test\A2\A2.21.Cons-Mus_22_patch_2_5.jpg,A2,A1,0.9884
processed_data_cleaned\test\A2\A2.21.Cons-Mus_22_patch_3_4.jpg,A2,A1,0.9935
processed_data_cleaned\test\A2\A2.21.Cons-Mus_23_patch_0_2.jpg,A2,A1,0.995
processed_data_cleaned\test\A2\A2.21.Cons-Mus_23_patch_0_5.jpg,A2,A1,1.0
processed_data_cleaned\test\A2\A2.21.Cons-Mus_23_patch_1_0.jpg,A2,A1,0.9935
processed_data_cleaned\test\A2\A2.21.Cons-Mus_23_patch_1_1.jpg,A2,A1,0.9889
processed_data_cleaned\test\A2\A2.21.Cons-Mus_23_patch_1_2.jpg,A2,A1,0.9134
processed_data_cleaned\test\A2\A2.21.Cons-Mus_23_patch_2_0.jpg,A2,A1,0.9279
processed_data_cleaned\test\A2\A2.21.Cons-Mus_23_patch_2_1.jpg,A2,A1,1.0
processed_data_cleaned\test\A2\A2.21.Cons-Mus_23_patch_2_3.jpg,A2,A1,0.9618
processed_data_cleaned\test\A2\A2.21.Cons-Mus_23_patch_2_4.jpg,A2,A1,0.5059
processed_data_cleaned\test\A2\A2.21.Cons-Mus_23_patch_3_2.jpg,A2,A1,1.0
processed_data_cleaned\test\A2\A2.21.Cons-Mus_23_patch_3_5.jpg,A2,A1,0.9512
processed_data_cleaned\test\A2\A2.21.Cons-Mus_24_patch_0_0.jpg,A2,A1,0.9996
processed_data_cleaned\test\A2\A2.21.Cons-Mus_24_patch_0_3.jpg,A2,A1,0.8558
processed_data_cleaned\test\A2\A2.21.Cons-Mus_24_patch_0_4.jpg,A2,A1,0.9717
processed_data_cleaned\test\A2\A2.21.Cons-Mus_24_patch_1_0.jpg,A2,B1,0.891
processed_data_cleaned\test\A2\A2.21.Cons-Mus_24_patch_3_0.jpg,A2,B1,0.5583
processed_data_cleaned\test\A2\A2.21.Cons-Mus_24_patch_3_2.jpg,A2,A1,1.0
processed_data_cleaned\test\A2\A2.21.Cons-Mus_24_patch_3_4.jpg,A2,A1,0.9973
processed_data_cleaned\test\A2\A2.21.Cons-Mus_25_patch_0_1.jpg,A2,A1,0.995
processed_data_cleaned\test\A2\A2.21.Cons-Mus_25_patch_0_2.jpg,A2,A1,0.9779
processed_data_cleaned\test\A2\A2.21.Cons-Mus_25_patch_3_4.jpg,A2,A1,0.8638
processed_data_cleaned\test\A2\A2.21.Cons-Mus_26_patch_0_2.jpg,A2,A1,0.9946
processed_data_cleaned\test\A2\A2.21.Cons-Mus_26_patch_1_3.jpg,A2,A1,1.0
processed_data_cleaned\test\A2\A2.21.Cons-Mus_26_patch_3_0.jpg,A2,A1,0.9913
processed_data_cleaned\test\A2\A2.21.Cons-Mus_26_patch_3_2.jpg,A2,A1,1.0
processed_data_cleaned\test\A2\A2.21.Cons-Mus_26_patch_3_3.jpg,A2,A1,0.6755
processed_data_cleaned\test\A2\A2.21.Cons-Mus_26_patch_3_4.jpg,A2,A1,0.9692
processed_data_cleaned\test\A2\A2.21.Cons-Mus_26_patch_3_5.jpg,A2,A1,0.6735
processed_data_cleaned\test\A2\A2.21.Cons-Mus_27_patch_0_2.jpg,A2,A1,0.9489
processed_data_cleaned\test\A2\A2.21.Cons-Mus_27_patch_0_3.jpg,A2,A1,0.9849
processed_data_cleaned\test\A2\A2.21.Cons-Mus_27_patch_1_3.jpg,A2,A1,0.7734
processed_data_cleaned\test\A2\A2.21.Cons-Mus_27_patch_2_1.jpg,A2,A1,0.9893
processed_data_cleaned\test\A2\A2.21.Cons-Mus_27_patch_2_3.jpg,A2,A1,1.0
processed_data_cleaned\test\A2\A2.21.Cons-Mus_27_patch_3_2.jpg,A2,A1,0.9122
processed_data_cleaned\test\A2\A2.21.Cons-Mus_27_patch_3_4.jpg,A2,A1,0.9995
processed_data_cleaned\test\A2\A2.21.Cons-Mus_27_patch_3_5.jpg,A2,A1,1.0
processed_data_cleaned\test\A2\A2.21.Cons-Mus_28_patch_3_3.jpg,A2,A1,0.7964
processed_data_cleaned\test\A2\A2.21.Cons-Mus_29_patch_1_2.jpg,A2,A1,0.9972
processed_data_cleaned\test\A2\A2.21.Cons-Mus_29_patch_3_5.jpg,A2,B1,0.839
processed_data_cleaned\test\A2\A2.21.Cons-Mus_30_patch_0_3.jpg,A2,A1,0.6434
processed_data_cleaned\test\A2\A2.21.Cons-Mus_30_patch_2_0.jpg,A2,A1,0.588
processed_data_cleaned\test\A2\A2.21.Cons-Mus_30_patch_2_1.jpg,A2,A1,0.9753
processed_data_cleaned\test\A2\A2.21.Cons-Mus_30_patch_3_3.jpg,A2,A1,0.7176
processed_data_cleaned\test\A2\A2.21.Cons-Mus_31_patch_0_3.jpg,A2,B2,0.5016
processed_data_cleaned\test\A2\A2.21.Cons-Mus_31_patch_1_0.jpg,A2,B1,0.9839
processed_data_cleaned\test\A2\A2.21.Cons-Mus_31_patch_2_1.jpg,A2,A1,0.663
processed_data_cleaned\test\A2\A2.21.Cons-Mus_31_patch_3_3.jpg,A2,A1,0.6577
processed_data_cleaned\test\A2\A2.21.Cons-Mus_33_patch_0_3.jpg,A2,A1,0.8393
processed_data_cleaned\test\A2\A2.21.Cons-Mus_33_patch_1_2.jpg,A2,B2,0.9882
processed_data_cleaned\test\A2\A2.21.Cons-Mus_33_patch_2_3.jpg,A2,A1,0.9526
processed_data_cleaned\test\A2\A2.21.Cons-Mus_33_patch_3_0.jpg,A2,A1,0.9576
processed_data_cleaned\test\A2\A2.21.Cons-Mus_34_patch_0_0.jpg,A2,A1,0.9905
processed_data_cleaned\test\A2\A2.21.Cons-Mus_34_patch_0_1.jpg,A2,A1,0.9854
processed_data_cleaned\test\A2\A2.21.Cons-Mus_34_patch_0_4.jpg,A2,B1,0.9825
processed_data_cleaned\test\A2\A2.21.Cons-Mus_34_patch_1_0.jpg,A2,B1,0.8533
processed_data_cleaned\test\A2\A2.21.Cons-Mus_34_patch_1_1.jpg,A2,A1,0.9961
processed_data_cleaned\test\A2\A2.21.Cons-Mus_34_patch_1_5.jpg,A2,A1,0.8711
processed_data_cleaned\test\A2\A2.21.Cons-Mus_34_patch_2_2.jpg,A2,B2,0.4519
processed_data_cleaned\test\A2\A2.21.Cons-Mus_34_patch_3_0.jpg,A2,A1,0.9729
processed_data_cleaned\test\A2\A2.21.Cons-Mus_34_patch_3_1.jpg,A2,A1,0.6589
processed_data_cleaned\test\A2\A2.21.Cons-Mus_34_patch_3_2.jpg,A2,A1,0.9997
processed_data_cleaned\test\A2\A2.21.Cons-Mus_34_patch_3_5.jpg,A2,A1,0.9846
processed_data_cleaned\test\A2\A2.21.Cons-Mus_35_patch_0_0.jpg,A2,A1,1.0
processed_data_cleaned\test\A2\A2.21.Cons-Mus_35_patch_0_2.jpg,A2,A1,0.6437
processed_data_cleaned\test\A2\A2.21.Cons-Mus_35_patch_1_4.jpg,A2,A1,1.0
processed_data_cleaned\test\A2\A2.21.Cons-Mus_35_patch_1_5.jpg,A2,A1,0.9991
processed_data_cleaned\test\A2\A2.21.Cons-Mus_35_patch_2_3.jpg,A2,A1,1.0
processed_data_cleaned\test\A2\A2.21.Cons-Mus_35_patch_3_1.jpg,A2,A1,0.9999
processed_data_cleaned\test\A2\A2.21.Cons-Mus_36_patch_0_4.jpg,A2,B1,0.7962
processed_data_cleaned\test\A2\A2.21.Cons-Mus_36_patch_1_4.jpg,A2,B2,0.9807
processed_data_cleaned\test\A2\A2.21.Cons-Mus_36_patch_2_1.jpg,A2,A1,0.988
processed_data_cleaned\test\A2\A2.21.Cons-Mus_36_patch_2_4.jpg,A2,A1,0.9999
processed_data_cleaned\test\A2\A2.21.Cons-Mus_36_patch_2_5.jpg,A2,B1,0.8034
processed_data_cleaned\test\A2\A2.21.Cons-Mus_36_patch_3_3.jpg,A2,A1,0.9772
processed_data_cleaned\test\A2\A2.21.Cons-Mus_36_patch_3_4.jpg,A2,A1,0.9998
processed_data_cleaned\test\A2\A2.21.Cons-Mus_37_patch_1_2.jpg,A2,A1,0.6557
processed_data_cleaned\test\A2\A2.21.Cons-Mus_37_patch_2_2.jpg,A2,A1,0.9465
processed_data_cleaned\test\A2\A2.21.Cons-Mus_38_patch_1_2.jpg,A2,B1,0.7448
processed_data_cleaned\test\A2\A2.21.Cons-Mus_39_patch_0_0.jpg,A2,B2,0.9464
processed_data_cleaned\test\A2\A2.21.Cons-Mus_39_patch_0_5.jpg,A2,A1,0.9971
processed_data_cleaned\test\A2\A2.21.Cons-Mus_39_patch_1_0.jpg,A2,B2,0.6216
processed_data_cleaned\test\A2\A2.21.Cons-Mus_39_patch_1_5.jpg,A2,B1,0.4761
processed_data_cleaned\test\A2\A2.21.Cons-Mus_39_patch_2_0.jpg,A2,B2,0.9389
processed_data_cleaned\test\A2\A2.21.Cons-Mus_39_patch_2_1.jpg,A2,B2,0.8986
processed_data_cleaned\test\A2\A2.21.Cons-Mus_39_patch_2_2.jpg,A2,A1,0.9977
processed_data_cleaned\test\A2\A2.21.Cons-Mus_39_patch_2_3.jpg,A2,B1,0.9529
processed_data_cleaned\test\A2\A2.21.Cons-Mus_39_patch_3_1.jpg,A2,A1,1.0
processed_data_cleaned\test\A2\A2.21.Cons-Mus_39_patch_3_2.jpg,A2,A1,0.9668
processed_data_cleaned\test\A2\A2.21.Cons-Mus_39_patch_3_3.jpg,A2,A1,0.7668
processed_data_cleaned\test\A2\A2.21.Cons-Mus_39_patch_3_4.jpg,A2,A1,1.0
processed_data_cleaned\test\A2\A2.21.Cons-Mus_40_patch_0_0.jpg,A2,B1,0.6122
processed_data_cleaned\test\A2\A2.21.Cons-Mus_40_patch_0_4.jpg,A2,B2,0.4936
processed_data_cleaned\test\A2\A2.21.Cons-Mus_40_patch_0_5.jpg,A2,A1,0.4363
processed_data_cleaned\test\A2\A2.21.Cons-Mus_40_patch_1_3.jpg,A2,B2,0.9459
processed_data_cleaned\test\A2\A2.21.Cons-Mus_40_patch_2_1.jpg,A2,A1,0.9446
processed_data_cleaned\test\A2\A2.21.Cons-Mus_40_patch_2_2.jpg,A2,A1,1.0
processed_data_cleaned\test\A2\A2.21.Cons-Mus_40_patch_2_3.jpg,A2,B1,0.9178
processed_data_cleaned\test\A2\A2.21.Cons-Mus_40_patch_3_1.jpg,A2,A1,0.9771
processed_data_cleaned\test\A2\A2.21.Cons-Mus_41_patch_1_2.jpg,A2,B2,0.8429
processed_data_cleaned\test\A2\A2.21.Cons-Mus_41_patch_1_5.jpg,A2,A1,0.9954
processed_data_cleaned\test\A2\A2.21.Cons-Mus_41_patch_2_0.jpg,A2,A1,0.5721
processed_data_cleaned\test\A2\A2.21.Cons-Mus_41_patch_2_1.jpg,A2,A1,0.9999
processed_data_cleaned\test\A2\A2.21.Cons-Mus_41_patch_3_4.jpg,A2,A1,0.9229
processed_data_cleaned\test\A2\A2.21.Cons-Mus_42_patch_0_4.jpg,A2,A1,0.5578
processed_data_cleaned\test\A2\A2.21.Cons-Mus_42_patch_0_5.jpg,A2,A1,0.6391
processed_data_cleaned\test\A2\A2.21.Cons-Mus_42_patch_1_5.jpg,A2,A1,0.9999
processed_data_cleaned\test\A2\A2.21.Cons-Mus_42_patch_2_1.jpg,A2,A1,0.9679
processed_data_cleaned\test\A2\A2.21.Cons-Mus_42_patch_2_2.jpg,A2,A1,0.9984
processed_data_cleaned\test\A2\A2.21.Cons-Mus_42_patch_2_4.jpg,A2,A1,0.6863
processed_data_cleaned\test\A2\A2.21.Cons-Mus_44_patch_0_3.jpg,A2,B1,0.5414
processed_data_cleaned\test\A2\A2.21.Cons-Mus_44_patch_1_2.jpg,A2,A1,0.9999
processed_data_cleaned\test\A2\A2.21.Cons-Mus_44_patch_2_1.jpg,A2,A1,1.0
processed_data_cleaned\test\A2\A2.21.Cons-Mus_44_patch_2_4.jpg,A2,A1,0.9961
processed_data_cleaned\test\A2\A2.21.Cons-Mus_44_patch_3_2.jpg,A2,B1,0.9105
processed_data_cleaned\test\A2\A2.21.Cons-Mus_45_patch_0_4.jpg,A2,A1,1.0
processed_data_cleaned\test\A2\A2.21.Cons-Mus_45_patch_1_5.jpg,A2,A1,0.9809
processed_data_cleaned\test\A2\A2.21.Cons-Mus_45_patch_3_1.jpg,A2,A1,0.8324
processed_data_cleaned\test\A2\A2.21.Cons-Mus_46_patch_0_4.jpg,A2,A1,0.962
processed_data_cleaned\test\A2\A2.21.Cons-Mus_46_patch_1_0.jpg,A2,A1,1.0
processed_data_cleaned\test\A2\A2.21.Cons-Mus_46_patch_1_4.jpg,A2,A1,1.0
processed_data_cleaned\test\A2\A2.21.Cons-Mus_46_patch_2_2.jpg,A2,A1,1.0
processed_data_cleaned\test\A2\A2.21.Cons-Mus_46_patch_2_3.jpg,A2,A1,1.0
processed_data_cleaned\test\A2\A2.21.Cons-Mus_46_patch_2_4.jpg,A2,A1,0.9995
processed_data_cleaned\test\A2\A2.21.Cons-Mus_46_patch_3_2.jpg,A2,A1,0.8161
processed_data_cleaned\test\A2\A2.21.Cons-Mus_46_patch_3_3.jpg,A2,B2,0.8984
processed_data_cleaned\test\A2\A2.21.Cons-Mus_47_patch_0_0.jpg,A2,B1,0.9975
processed_data_cleaned\test\A2\A2.21.Cons-Mus_47_patch_0_5.jpg,A2,A1,0.9481
processed_data_cleaned\test\A2\A2.21.Cons-Mus_47_patch_2_5.jpg,A2,A1,1.0
processed_data_cleaned\test\A2\A2.21.Cons-Mus_47_patch_3_0.jpg,A2,B2,0.5881
processed_data_cleaned\test\A2\A2.21.Cons-Mus_47_patch_3_5.jpg,A2,A1,0.9948
processed_data_cleaned\test\A2\A2.21.Cons-Mus_48_patch_2_2.jpg,A2,A1,0.9862
processed_data_cleaned\test\A2\A2.21.Cons-Mus_48_patch_3_0.jpg,A2,A1,0.9403
processed_data_cleaned\test\A2\A2.21.Cons-Mus_48_patch_3_1.jpg,A2,A1,0.9283
processed_data_cleaned\test\A2\A2.21.Cons-Mus_48_patch_3_2.jpg,A2,A1,0.911
processed_data_cleaned\test\A2\A2.21.Cons-Mus_49_patch_0_0.jpg,A2,A1,1.0
processed_data_cleaned\test\A2\A2.21.Cons-Mus_49_patch_0_1.jpg,A2,A1,1.0
processed_data_cleaned\test\A2\A2.21.Cons-Mus_49_patch_0_2.jpg,A2,B2,0.7407
processed_data_cleaned\test\A2\A2.21.Cons-Mus_49_patch_0_5.jpg,A2,A1,0.8239
processed_data_cleaned\test\A2\A2.21.Cons-Mus_49_patch_1_1.jpg,A2,A1,0.9283
processed_data_cleaned\test\A2\A2.21.Cons-Mus_49_patch_2_0.jpg,A2,A1,0.9949
processed_data_cleaned\test\A2\A2.21.Cons-Mus_49_patch_3_0.jpg,A2,A1,1.0
processed_data_cleaned\test\A2\A2.21.Cons-Mus_50_patch_0_1.jpg,A2,B2,0.9002
processed_data_cleaned\test\A2\A2.21.Cons-Mus_50_patch_0_2.jpg,A2,A1,0.9992
processed_data_cleaned\test\A2\A2.21.Cons-Mus_50_patch_0_3.jpg,A2,A1,1.0
processed_data_cleaned\test\A2\A2.21.Cons-Mus_50_patch_0_4.jpg,A2,A1,1.0
processed_data_cleaned\test\A2\A2.21.Cons-Mus_50_patch_1_3.jpg,A2,A1,0.9928
processed_data_cleaned\test\A2\A2.21.Cons-Mus_50_patch_1_4.jpg,A2,A1,0.558
processed_data_cleaned\test\A2\A2.21.Cons-Mus_50_patch_2_1.jpg,A2,A1,0.9999
processed_data_cleaned\test\A2\A2.21.Cons-Mus_50_patch_2_2.jpg,A2,A1,1.0
processed_data_cleaned\test\A2\A2.21.Cons-Mus_50_patch_2_3.jpg,A2,A1,0.9827
processed_data_cleaned\test\A2\A2.21.Cons-Mus_50_patch_2_4.jpg,A2,A1,1.0
processed_data_cleaned\test\A2\A2.21.Cons-Mus_50_patch_3_1.jpg,A2,A1,1.0
processed_data_cleaned\test\A2\A2.21.Cons-Mus_50_patch_3_2.jpg,A2,B2,0.999
processed_data_cleaned\test\A2\A2.21.Cons-Mus_50_patch_3_4.jpg,A2,A1,1.0
processed_data_cleaned\test\A2\A2.21.Cons-Mus_51_patch_1_1.jpg,A2,A1,0.9742
processed_data_cleaned\test\A2\A2.21.Cons-Mus_51_patch_1_4.jpg,A2,A1,0.998
processed_data_cleaned\test\A2\A2.21.Cons-Mus_51_patch_2_0.jpg,A2,A1,0.9999
processed_data_cleaned\test\A2\A2.21.Cons-Mus_51_patch_2_1.jpg,A2,A1,1.0
processed_data_cleaned\test\A2\A2.21.Cons-Mus_51_patch_2_2.jpg,A2,A1,0.9999
processed_data_cleaned\test\A2\A2.21.Cons-Mus_51_patch_3_2.jpg,A2,A1,0.9965
processed_data_cleaned\test\A2\A2.21.Cons-Mus_51_patch_3_3.jpg,A2,A1,0.9763
processed_data_cleaned\test\A2\A2.21.Cons-Mus_52_patch_0_1.jpg,A2,A1,0.4402
processed_data_cleaned\test\A2\A2.21.Cons-Mus_52_patch_1_0.jpg,A2,B2,0.9697
processed_data_cleaned\test\A2\A2.21.Cons-Mus_52_patch_1_2.jpg,A2,B1,0.9153
processed_data_cleaned\test\A2\A2.21.Cons-Mus_52_patch_1_3.jpg,A2,A1,0.8572
processed_data_cleaned\test\A2\A2.21.Cons-Mus_52_patch_1_5.jpg,A2,A1,0.6365
processed_data_cleaned\test\A2\A2.21.Cons-Mus_52_patch_2_0.jpg,A2,A1,0.9862
processed_data_cleaned\test\A2\A2.21.Cons-Mus_52_patch_2_4.jpg,A2,B1,0.9263
processed_data_cleaned\test\A2\A2.21.Cons-Mus_52_patch_2_5.jpg,A2,B1,0.6055
processed_data_cleaned\test\A2\A2.21.Cons-Mus_52_patch_3_0.jpg,A2,B2,0.8673
processed_data_cleaned\test\A2\A2.21.Cons-Mus_53_patch_0_4.jpg,A2,B2,0.8022
processed_data_cleaned\test\A2\A2.21.Cons-Mus_53_patch_1_5.jpg,A2,A1,0.4582
processed_data_cleaned\test\A2\A2.21.Cons-Mus_53_patch_3_1.jpg,A2,B2,0.5879
processed_data_cleaned\test\A2\A2.21.Cons-Mus_55_patch_0_1.jpg,A2,B2,0.5153
processed_data_cleaned\test\A2\A2.21.Cons-Mus_55_patch_1_0.jpg,A2,B1,0.8299
processed_data_cleaned\test\A2\A2.21.Cons-Mus_55_patch_1_1.jpg,A2,A1,0.9981
processed_data_cleaned\test\A2\A2.21.Cons-Mus_55_patch_1_4.jpg,A2,B2,0.8217
processed_data_cleaned\test\A2\A2.21.Cons-Mus_55_patch_2_3.jpg,A2,A1,1.0
processed_data_cleaned\test\A2\A2.21.Cons-Mus_55_patch_3_2.jpg,A2,A1,0.7565
processed_data_cleaned\test\A2\A2.21.Cons-Mus_56_patch_0_1.jpg,A2,A1,0.9559
processed_data_cleaned\test\A2\A2.21.Cons-Mus_56_patch_1_0.jpg,A2,A1,0.9909
processed_data_cleaned\test\A2\A2.21.Cons-Mus_56_patch_2_0.jpg,A2,A1,0.6406
processed_data_cleaned\test\A2\A2.21.Cons-Mus_56_patch_2_1.jpg,A2,A1,0.9847
processed_data_cleaned\test\A2\A2.21.Cons-Mus_56_patch_2_2.jpg,A2,A1,1.0
processed_data_cleaned\test\A2\A2.21.Cons-Mus_56_patch_2_3.jpg,A2,A1,0.9988
processed_data_cleaned\test\A2\A2.21.Cons-Mus_56_patch_2_5.jpg,A2,A1,1.0
processed_data_cleaned\test\A2\A2.21.Cons-Mus_56_patch_3_0.jpg,A2,A1,0.7517
processed_data_cleaned\test\A2\A2.21.Cons-Mus_56_patch_3_1.jpg,A2,A1,0.7165
processed_data_cleaned\test\A2\A2.21.Cons-Mus_57_patch_1_2.jpg,A2,A1,0.794
processed_data_cleaned\test\A2\A2.21.Cons-Mus_57_patch_2_2.jpg,A2,B2,0.5343
processed_data_cleaned\test\A2\A2.21.Cons-Mus_57_patch_2_3.jpg,A2,A1,0.7898
processed_data_cleaned\test\A2\A2.21.Cons-Mus_57_patch_3_1.jpg,A2,A1,0.9997
processed_data_cleaned\test\A2\A2.21.Cons-Mus_57_patch_3_3.jpg,A2,A1,0.9991
processed_data_cleaned\test\A2\A2.21.Cons-Mus_57_patch_3_4.jpg,A2,A1,0.9926
processed_data_cleaned\test\A2\A2.21.Cons-Mus_58_patch_0_3.jpg,A2,A1,0.7096
processed_data_cleaned\test\A2\A2.21.Cons-Mus_58_patch_1_3.jpg,A2,B1,0.4331
processed_data_cleaned\test\A2\A2.21.Cons-Mus_58_patch_2_2.jpg,A2,A1,0.9925
processed_data_cleaned\test\A2\A2.21.Cons-Mus_58_patch_2_3.jpg,A2,B1,0.7686
processed_data_cleaned\test\A2\A2.21.Cons-Mus_58_patch_3_2.jpg,A2,B1,0.8802
processed_data_cleaned\test\A2\A2.21.Cons-Mus_58_patch_3_3.jpg,A2,A1,0.9829
processed_data_cleaned\test\A2\A2.21.Cons-Mus_59_patch_0_3.jpg,A2,A1,0.9722
processed_data_cleaned\test\A2\A2.21.Cons-Mus_59_patch_1_1.jpg,A2,B1,0.9983
processed_data_cleaned\test\A2\A2.21.Cons-Mus_59_patch_1_3.jpg,A2,B1,0.5254
processed_data_cleaned\test\A2\A2.21.Cons-Mus_59_patch_2_2.jpg,A2,A1,0.973
processed_data_cleaned\test\A2\A2.21.Cons-Mus_59_patch_2_3.jpg,A2,B1,0.5398
processed_data_cleaned\test\A2\A2.21.Cons-Mus_59_patch_3_2.jpg,A2,A1,0.8381
processed_data_cleaned\test\A2\A2.21.Cons-Mus_59_patch_3_3.jpg,A2,A1,0.9993
processed_data_cleaned\test\A2\A2.21.Cons-Mus_60_patch_0_2.jpg,A2,A1,0.6329
processed_data_cleaned\test\A2\A2.21.Cons-Mus_60_patch_0_3.jpg,A2,A1,0.8319
processed_data_cleaned\test\A2\A2.21.Cons-Mus_60_patch_0_4.jpg,A2,A1,0.9506
processed_data_cleaned\test\A2\A2.21.Cons-Mus_60_patch_1_2.jpg,A2,B1,0.6147
processed_data_cleaned\test\A2\A2.21.Cons-Mus_60_patch_1_4.jpg,A2,B1,0.8033
processed_data_cleaned\test\A2\A2.21.Cons-Mus_60_patch_2_0.jpg,A2,B1,0.991
processed_data_cleaned\test\A2\A2.21.Cons-Mus_60_patch_2_2.jpg,A2,B2,0.4985
processed_data_cleaned\test\A2\A2.21.Cons-Mus_60_patch_2_3.jpg,A2,A1,0.9682
processed_data_cleaned\test\A2\A2.21.Cons-Mus_60_patch_2_5.jpg,A2,B1,0.6724
processed_data_cleaned\test\A2\A2.21.Cons-Mus_60_patch_3_5.jpg,A2,B1,0.9368
processed_data_cleaned\test\A2\A2.21.Cons-Mus_61_patch_0_2.jpg,A2,A1,0.9996
processed_data_cleaned\test\A2\A2.21.Cons-Mus_61_patch_0_3.jpg,A2,A1,1.0
processed_data_cleaned\test\A2\A2.21.Cons-Mus_62_patch_0_0.jpg,A2,B2,0.9825
processed_data_cleaned\test\A2\A2.21.Cons-Mus_62_patch_0_2.jpg,A2,A1,0.696
processed_data_cleaned\test\A2\A2.21.Cons-Mus_62_patch_0_4.jpg,A2,A1,0.9998
processed_data_cleaned\test\A2\A2.21.Cons-Mus_62_patch_1_0.jpg,A2,B1,0.6004
processed_data_cleaned\test\A2\A2.21.Cons-Mus_62_patch_1_1.jpg,A2,B1,0.9702
processed_data_cleaned\test\A2\A2.21.Cons-Mus_62_patch_1_2.jpg,A2,B1,0.8379
processed_data_cleaned\test\A2\A2.21.Cons-Mus_62_patch_1_4.jpg,A2,A1,1.0
processed_data_cleaned\test\A2\A2.21.Cons-Mus_62_patch_3_0.jpg,A2,B1,0.5287
processed_data_cleaned\test\A2\A2.21.Cons-Mus_63_patch_1_2.jpg,A2,A1,0.9999
processed_data_cleaned\test\A2\A2.21.Cons-Mus_63_patch_1_3.jpg,A2,A1,1.0
processed_data_cleaned\test\A2\A2.21.Cons-Mus_63_patch_2_2.jpg,A2,A1,0.9999
processed_data_cleaned\test\A2\A2.21.Cons-Mus_63_patch_2_3.jpg,A2,A1,1.0
processed_data_cleaned\test\A2\A2.21.Cons-Mus_63_patch_3_0.jpg,A2,A1,0.9133
processed_data_cleaned\test\A2\A2.21.Cons-Mus_63_patch_3_1.jpg,A2,B2,0.8792
processed_data_cleaned\test\A2\A2.21.Cons-Mus_63_patch_3_4.jpg,A2,A1,0.9979
processed_data_cleaned\test\A2\A2.21.Cons-Mus_63_patch_3_5.jpg,A2,B2,0.7175
processed_data_cleaned\test\A2\A2.21.Cons-Mus_64_patch_0_1.jpg,A2,A1,0.9985
processed_data_cleaned\test\A2\A2.21.Cons-Mus_64_patch_1_1.jpg,A2,A1,0.9894
processed_data_cleaned\test\A2\A2.21.Cons-Mus_64_patch_1_2.jpg,A2,A1,0.9502
processed_data_cleaned\test\A2\A2.21.Cons-Mus_64_patch_1_3.jpg,A2,A1,0.9981
processed_data_cleaned\test\A2\A2.21.Cons-Mus_64_patch_1_4.jpg,A2,A1,0.8021
processed_data_cleaned\test\A2\A2.21.Cons-Mus_64_patch_2_1.jpg,A2,A1,0.8803
processed_data_cleaned\test\A2\A2.21.Cons-Mus_64_patch_2_2.jpg,A2,A1,1.0
processed_data_cleaned\test\A2\A2.21.Cons-Mus_64_patch_2_3.jpg,A2,A1,0.9998
processed_data_cleaned\test\A2\A2.21.Cons-Mus_64_patch_3_1.jpg,A2,A1,0.9568
processed_data_cleaned\test\A2\A2.21.Cons-Mus_64_patch_3_2.jpg,A2,A1,0.8835
processed_data_cleaned\test\A2\A2.21.Cons-Mus_64_patch_3_3.jpg,A2,A1,1.0
processed_data_cleaned\test\B1\B1.13.VOH-Rad_01_patch_0_2.jpg,B1,B2,0.9164
processed_data_cleaned\test\B1\B1.13.VOH-Rad_01_patch_1_0.jpg,B1,B2,0.8775
processed_data_cleaned\test\B1\B1.13.VOH-Rad_01_patch_1_1.jpg,B1,B2,0.9943
processed_data_cleaned\test\B1\B1.13.VOH-Rad_01_patch_2_1.jpg,B1,A1,0.9226
processed_data_cleaned\test\B1\B1.13.VOH-Rad_01_patch_2_4.jpg,B1,B2,0.7456
processed_data_cleaned\test\B1\B1.13.VOH-Rad_01_patch_3_0.jpg,B1,A1,0.8089
processed_data_cleaned\test\B1\B1.13.VOH-Rad_01_patch_3_1.jpg,B1,A2,0.4626
processed_data_cleaned\test\B1\B1.13.VOH-Rad_01_patch_3_2.jpg,B1,A2,0.6321
processed_data_cleaned\test\B1\B1.13.VOH-Rad_01_patch_3_3.jpg,B1,A1,0.9697
processed_data_cleaned\test\B1\B1.13.VOH-Rad_02_patch_2_0.jpg,B1,A1,0.9575
processed_data_cleaned\test\B1\B1.13.VOH-Rad_02_patch_2_1.jpg,B1,A1,0.996
processed_data_cleaned\test\B1\B1.13.VOH-Rad_02_patch_2_3.jpg,B1,B2,0.9686
processed_data_cleaned\test\B1\B1.13.VOH-Rad_02_patch_2_4.jpg,B1,B2,0.9906
processed_data_cleaned\test\B1\B1.13.VOH-Rad_02_patch_2_5.jpg,B1,A1,0.9395
processed_data_cleaned\test\B1\B1.13.VOH-Rad_02_patch_3_1.jpg,B1,B2,0.606
processed_data_cleaned\test\B1\B1.13.VOH-Rad_02_patch_3_3.jpg,B1,A1,0.9895
processed_data_cleaned\test\B1\B1.13.VOH-Rad_02_patch_3_4.jpg,B1,B2,0.8343
processed_data_cleaned\test\B1\B1.13.VOH-Rad_03_patch_1_2.jpg,B1,B2,0.9896
processed_data_cleaned\test\B1\B1.13.VOH-Rad_03_patch_1_3.jpg,B1,A2,0.8068
processed_data_cleaned\test\B1\B1.13.VOH-Rad_03_patch_1_4.jpg,B1,A2,0.8195
processed_data_cleaned\test\B1\B1.13.VOH-Rad_03_patch_2_0.jpg,B1,B2,0.9349
processed_data_cleaned\test\B1\B1.13.VOH-Rad_03_patch_2_4.jpg,B1,B2,0.4398
processed_data_cleaned\test\B1\B1.13.VOH-Rad_03_patch_3_0.jpg,B1,A2,0.9994
processed_data_cleaned\test\B1\B1.13.VOH-Rad_03_patch_3_2.jpg,B1,B2,0.9812
processed_data_cleaned\test\B1\B1.13.VOH-Rad_03_patch_3_3.jpg,B1,B2,1.0
processed_data_cleaned\test\B1\B1.13.VOH-Rad_03_patch_3_4.jpg,B1,B2,0.8312
processed_data_cleaned\test\B1\B1.13.VOH-Rad_03_patch_3_5.jpg,B1,A1,0.9595
processed_data_cleaned\test\B1\B1.13.VOH-Rad_04_patch_0_5.jpg,B1,A2,0.9174
processed_data_cleaned\test\B1\B1.13.VOH-Rad_04_patch_1_0.jpg,B1,B2,0.7956
processed_data_cleaned\test\B1\B1.13.VOH-Rad_04_patch_1_4.jpg,B1,A2,0.9425
processed_data_cleaned\test\B1\B1.13.VOH-Rad_04_patch_2_3.jpg,B1,A1,0.4195
processed_data_cleaned\test\B1\B1.13.VOH-Rad_04_patch_3_4.jpg,B1,B2,0.9983
processed_data_cleaned\test\B1\B1.13.VOH-Rad_04_patch_3_5.jpg,B1,A1,0.9641
processed_data_cleaned\test\B1\B1.13.VOH-Rad_05_patch_2_2.jpg,B1,A1,0.9302
processed_data_cleaned\test\B1\B1.13.VOH-Rad_05_patch_2_3.jpg,B1,A1,0.7728
processed_data_cleaned\test\B1\B1.13.VOH-Rad_05_patch_2_5.jpg,B1,B2,0.969
processed_data_cleaned\test\B1\B1.13.VOH-Rad_05_patch_3_2.jpg,B1,A1,0.9673
processed_data_cleaned\test\B1\B1.13.VOH-Rad_05_patch_3_3.jpg,B1,A1,0.9746
processed_data_cleaned\test\B1\B1.13.VOH-Rad_05_patch_3_5.jpg,B1,B2,0.9319
processed_data_cleaned\test\B1\B1.13.VOH-Rad_06_patch_0_0.jpg,B1,A1,0.5509
processed_data_cleaned\test\B1\B1.13.VOH-Rad_06_patch_0_3.jpg,B1,B2,0.9226
processed_data_cleaned\test\B1\B1.13.VOH-Rad_06_patch_0_4.jpg,B1,B2,0.6182
processed_data_cleaned\test\B1\B1.13.VOH-Rad_06_patch_1_1.jpg,B1,B2,0.5962
processed_data_cleaned\test\B1\B1.13.VOH-Rad_06_patch_1_2.jpg,B1,B2,0.9934
processed_data_cleaned\test\B1\B1.13.VOH-Rad_06_patch_1_3.jpg,B1,B2,0.986
processed_data_cleaned\test\B1\B1.13.VOH-Rad_06_patch_1_4.jpg,B1,B2,0.9975
processed_data_cleaned\test\B1\B1.13.VOH-Rad_06_patch_2_0.jpg,B1,A1,0.9594
processed_data_cleaned\test\B1\B1.13.VOH-Rad_06_patch_2_2.jpg,B1,A2,0.8082
processed_data_cleaned\test\B1\B1.13.VOH-Rad_06_patch_3_0.jpg,B1,A1,0.9955
processed_data_cleaned\test\B1\B1.13.VOH-Rad_06_patch_3_1.jpg,B1,A1,0.7387
processed_data_cleaned\test\B1\B1.13.VOH-Rad_06_patch_3_3.jpg,B1,B2,0.9936
processed_data_cleaned\test\B1\B1.13.VOH-Rad_07_patch_0_0.jpg,B1,A1,0.5157
processed_data_cleaned\test\B1\B1.13.VOH-Rad_07_patch_0_3.jpg,B1,B2,0.9659
processed_data_cleaned\test\B1\B1.13.VOH-Rad_07_patch_1_2.jpg,B1,B2,0.9971
processed_data_cleaned\test\B1\B1.13.VOH-Rad_07_patch_1_3.jpg,B1,B2,0.9777
processed_data_cleaned\test\B1\B1.13.VOH-Rad_07_patch_1_4.jpg,B1,B2,0.7783
processed_data_cleaned\test\B1\B1.13.VOH-Rad_07_patch_2_0.jpg,B1,A2,0.6009
processed_data_cleaned\test\B1\B1.13.VOH-Rad_07_patch_2_1.jpg,B1,B2,0.9164
processed_data_cleaned\test\B1\B1.13.VOH-Rad_07_patch_2_2.jpg,B1,B2,0.9992
processed_data_cleaned\test\B1\B1.13.VOH-Rad_07_patch_2_4.jpg,B1,B2,0.7362
processed_data_cleaned\test\B1\B1.13.VOH-Rad_07_patch_3_0.jpg,B1,A2,0.8593
processed_data_cleaned\test\B1\B1.13.VOH-Rad_07_patch_3_2.jpg,B1,B2,0.7379
processed_data_cleaned\test\B1\B1.13.VOH-Rad_07_patch_3_3.jpg,B1,B2,0.9977
processed_data_cleaned\test\B1\B1.13.VOH-Rad_08_patch_0_2.jpg,B1,B2,0.8251
processed_data_cleaned\test\B1\B1.13.VOH-Rad_08_patch_1_2.jpg,B1,B2,0.9987
processed_data_cleaned\test\B1\B1.13.VOH-Rad_08_patch_2_1.jpg,B1,A1,0.9918
processed_data_cleaned\test\B1\B1.13.VOH-Rad_08_patch_2_3.jpg,B1,B2,0.9441
processed_data_cleaned\test\B1\B1.13.VOH-Rad_08_patch_2_4.jpg,B1,B2,0.9717
processed_data_cleaned\test\B1\B1.13.VOH-Rad_08_patch_3_0.jpg,B1,A2,0.9594
processed_data_cleaned\test\B1\B1.13.VOH-Rad_08_patch_3_1.jpg,B1,A1,0.9626
processed_data_cleaned\test\B1\B1.13.VOH-Rad_08_patch_3_2.jpg,B1,A1,0.4451
processed_data_cleaned\test\B1\B1.13.VOH-Rad_08_patch_3_3.jpg,B1,A1,0.9707
processed_data_cleaned\test\B1\B1.13.VOH-Rad_08_patch_3_5.jpg,B1,A1,0.8216
processed_data_cleaned\test\B1\B1.13.VOH-Rad_09_patch_0_2.jpg,B1,B2,0.6839
processed_data_cleaned\test\B1\B1.13.VOH-Rad_09_patch_2_2.jpg,B1,A2,0.7731
processed_data_cleaned\test\B1\B1.13.VOH-Rad_09_patch_2_4.jpg,B1,B2,0.9939
processed_data_cleaned\test\B1\B1.13.VOH-Rad_09_patch_3_0.jpg,B1,A1,0.9176
processed_data_cleaned\test\B1\B1.13.VOH-Rad_09_patch_3_1.jpg,B1,A2,0.5841
processed_data_cleaned\test\B1\B1.13.VOH-Rad_09_patch_3_2.jpg,B1,B2,0.6542
processed_data_cleaned\test\B1\B1.13.VOH-Rad_09_patch_3_3.jpg,B1,A1,0.8031
processed_data_cleaned\test\B1\B1.13.VOH-Rad_09_patch_3_5.jpg,B1,A1,0.7752
processed_data_cleaned\test\B1\B1.13.VOH-Rad_100_patch_0_2.jpg,B1,A1,0.6306
processed_data_cleaned\test\B1\B1.13.VOH-Rad_100_patch_0_3.jpg,B1,A1,0.6585
processed_data_cleaned\test\B1\B1.13.VOH-Rad_100_patch_1_3.jpg,B1,A1,0.9795
processed_data_cleaned\test\B1\B1.13.VOH-Rad_100_patch_2_2.jpg,B1,A1,0.9548
processed_data_cleaned\test\B1\B1.13.VOH-Rad_100_patch_2_3.jpg,B1,A1,0.9917
processed_data_cleaned\test\B1\B1.13.VOH-Rad_101_patch_0_3.jpg,B1,A1,0.5207
processed_data_cleaned\test\B1\B1.13.VOH-Rad_101_patch_1_1.jpg,B1,B2,0.5359
processed_data_cleaned\test\B1\B1.13.VOH-Rad_101_patch_1_3.jpg,B1,A1,0.9892
processed_data_cleaned\test\B1\B1.13.VOH-Rad_101_patch_2_2.jpg,B1,A1,0.9998
processed_data_cleaned\test\B1\B1.13.VOH-Rad_101_patch_2_3.jpg,B1,A1,0.9841
processed_data_cleaned\test\B1\B1.13.VOH-Rad_102_patch_0_1.jpg,B1,B2,0.659
processed_data_cleaned\test\B1\B1.13.VOH-Rad_102_patch_0_2.jpg,B1,A1,0.5405
processed_data_cleaned\test\B1\B1.13.VOH-Rad_102_patch_0_3.jpg,B1,A1,0.5272
processed_data_cleaned\test\B1\B1.13.VOH-Rad_102_patch_1_3.jpg,B1,A1,0.9302
processed_data_cleaned\test\B1\B1.13.VOH-Rad_102_patch_2_2.jpg,B1,A1,0.9141
processed_data_cleaned\test\B1\B1.13.VOH-Rad_102_patch_2_3.jpg,B1,A1,0.9977
processed_data_cleaned\test\B1\B1.13.VOH-Rad_103_patch_3_1.jpg,B1,B2,0.8538
processed_data_cleaned\test\B1\B1.13.VOH-Rad_103_patch_3_3.jpg,B1,A1,0.5413
processed_data_cleaned\test\B1\B1.13.VOH-Rad_103_patch_3_5.jpg,B1,A1,0.9459
processed_data_cleaned\test\B1\B1.13.VOH-Rad_104_patch_3_3.jpg,B1,B2,0.8302
processed_data_cleaned\test\B1\B1.13.VOH-Rad_104_patch_3_5.jpg,B1,B2,0.6112
processed_data_cleaned\test\B1\B1.13.VOH-Rad_105_patch_0_3.jpg,B1,B2,0.8837
processed_data_cleaned\test\B1\B1.13.VOH-Rad_106_patch_0_2.jpg,B1,A1,0.9412
processed_data_cleaned\test\B1\B1.13.VOH-Rad_106_patch_0_3.jpg,B1,A1,0.9999
processed_data_cleaned\test\B1\B1.13.VOH-Rad_106_patch_0_4.jpg,B1,A1,0.5471
processed_data_cleaned\test\B1\B1.13.VOH-Rad_106_patch_0_5.jpg,B1,B2,0.827
processed_data_cleaned\test\B1\B1.13.VOH-Rad_106_patch_1_3.jpg,B1,A1,1.0
processed_data_cleaned\test\B1\B1.13.VOH-Rad_106_patch_1_5.jpg,B1,A1,0.7911
processed_data_cleaned\test\B1\B1.13.VOH-Rad_106_patch_2_3.jpg,B1,A1,0.874
processed_data_cleaned\test\B1\B1.13.VOH-Rad_106_patch_2_4.jpg,B1,A1,0.9922
processed_data_cleaned\test\B1\B1.13.VOH-Rad_106_patch_2_5.jpg,B1,A1,0.7842
processed_data_cleaned\test\B1\B1.13.VOH-Rad_106_patch_3_3.jpg,B1,A1,0.8778
processed_data_cleaned\test\B1\B1.13.VOH-Rad_107_patch_0_2.jpg,B1,A1,0.9385
processed_data_cleaned\test\B1\B1.13.VOH-Rad_107_patch_0_5.jpg,B1,B2,0.7604
processed_data_cleaned\test\B1\B1.13.VOH-Rad_107_patch_1_3.jpg,B1,A1,1.0
processed_data_cleaned\test\B1\B1.13.VOH-Rad_107_patch_1_4.jpg,B1,A1,0.9935
processed_data_cleaned\test\B1\B1.13.VOH-Rad_107_patch_1_5.jpg,B1,A1,0.5651
processed_data_cleaned\test\B1\B1.13.VOH-Rad_107_patch_2_3.jpg,B1,A1,0.9901
processed_data_cleaned\test\B1\B1.13.VOH-Rad_107_patch_2_4.jpg,B1,A1,0.9837
processed_data_cleaned\test\B1\B1.13.VOH-Rad_107_patch_2_5.jpg,B1,A1,0.8026
processed_data_cleaned\test\B1\B1.13.VOH-Rad_107_patch_3_1.jpg,B1,B2,0.5185
processed_data_cleaned\test\B1\B1.13.VOH-Rad_108_patch_0_5.jpg,B1,B2,0.7898
processed_data_cleaned\test\B1\B1.13.VOH-Rad_108_patch_1_5.jpg,B1,A1,0.8048
processed_data_cleaned\test\B1\B1.13.VOH-Rad_108_patch_2_4.jpg,B1,B2,0.5291
processed_data_cleaned\test\B1\B1.13.VOH-Rad_108_patch_3_1.jpg,B1,A1,0.5264
processed_data_cleaned\test\B1\B1.13.VOH-Rad_108_patch_3_2.jpg,B1,A1,0.6229
processed_data_cleaned\test\B1\B1.13.VOH-Rad_108_patch_3_4.jpg,B1,A1,0.7373
processed_data_cleaned\test\B1\B1.13.VOH-Rad_109_patch_0_2.jpg,B1,A1,0.9903
processed_data_cleaned\test\B1\B1.13.VOH-Rad_109_patch_1_0.jpg,B1,A1,0.8868
processed_data_cleaned\test\B1\B1.13.VOH-Rad_109_patch_1_1.jpg,B1,A1,0.8436
processed_data_cleaned\test\B1\B1.13.VOH-Rad_109_patch_1_2.jpg,B1,A1,0.9995
processed_data_cleaned\test\B1\B1.13.VOH-Rad_109_patch_1_3.jpg,B1,A1,0.9929
processed_data_cleaned\test\B1\B1.13.VOH-Rad_109_patch_1_4.jpg,B1,A1,0.8674
processed_data_cleaned\test\B1\B1.13.VOH-Rad_109_patch_1_5.jpg,B1,B2,0.9705
processed_data_cleaned\test\B1\B1.13.VOH-Rad_109_patch_2_2.jpg,B1,A1,0.9984
processed_data_cleaned\test\B1\B1.13.VOH-Rad_109_patch_2_3.jpg,B1,A1,1.0
processed_data_cleaned\test\B1\B1.13.VOH-Rad_109_patch_2_5.jpg,B1,A1,0.5005
processed_data_cleaned\test\B1\B1.13.VOH-Rad_109_patch_3_0.jpg,B1,B2,0.5114
processed_data_cleaned\test\B1\B1.13.VOH-Rad_109_patch_3_1.jpg,B1,A1,0.5933
processed_data_cleaned\test\B1\B1.13.VOH-Rad_109_patch_3_3.jpg,B1,B2,0.9363
processed_data_cleaned\test\B1\B1.13.VOH-Rad_10_patch_0_2.jpg,B1,B2,0.961
processed_data_cleaned\test\B1\B1.13.VOH-Rad_10_patch_2_0.jpg,B1,B2,0.5507
processed_data_cleaned\test\B1\B1.13.VOH-Rad_10_patch_2_1.jpg,B1,A1,0.9931
processed_data_cleaned\test\B1\B1.13.VOH-Rad_10_patch_2_5.jpg,B1,A1,0.7601
processed_data_cleaned\test\B1\B1.13.VOH-Rad_10_patch_3_0.jpg,B1,A1,0.7507
processed_data_cleaned\test\B1\B1.13.VOH-Rad_10_patch_3_2.jpg,B1,A2,0.5225
processed_data_cleaned\test\B1\B1.13.VOH-Rad_10_patch_3_3.jpg,B1,A1,0.9983
processed_data_cleaned\test\B1\B1.13.VOH-Rad_10_patch_3_5.jpg,B1,A1,0.9515
processed_data_cleaned\test\B1\B1.13.VOH-Rad_110_patch_0_0.jpg,B1,A1,0.9111
processed_data_cleaned\test\B1\B1.13.VOH-Rad_110_patch_0_1.jpg,B1,B2,0.9891
processed_data_cleaned\test\B1\B1.13.VOH-Rad_110_patch_0_2.jpg,B1,B2,0.9921
processed_data_cleaned\test\B1\B1.13.VOH-Rad_110_patch_0_3.jpg,B1,A1,0.6875
processed_data_cleaned\test\B1\B1.13.VOH-Rad_110_patch_1_0.jpg,B1,A1,0.7403
processed_data_cleaned\test\B1\B1.13.VOH-Rad_110_patch_1_2.jpg,B1,B2,0.5053
processed_data_cleaned\test\B1\B1.13.VOH-Rad_110_patch_1_5.jpg,B1,A1,0.4542
processed_data_cleaned\test\B1\B1.13.VOH-Rad_110_patch_2_0.jpg,B1,B2,0.6357
processed_data_cleaned\test\B1\B1.13.VOH-Rad_110_patch_2_1.jpg,B1,B2,0.885
processed_data_cleaned\test\B1\B1.13.VOH-Rad_110_patch_2_5.jpg,B1,B2,0.9435
processed_data_cleaned\test\B1\B1.13.VOH-Rad_110_patch_3_0.jpg,B1,B2,0.9508
processed_data_cleaned\test\B1\B1.13.VOH-Rad_110_patch_3_2.jpg,B1,B2,0.8246
processed_data_cleaned\test\B1\B1.13.VOH-Rad_110_patch_3_4.jpg,B1,B2,0.511
processed_data_cleaned\test\B1\B1.13.VOH-Rad_111_patch_0_1.jpg,B1,A2,0.7534
processed_data_cleaned\test\B1\B1.13.VOH-Rad_111_patch_0_2.jpg,B1,A1,0.859
processed_data_cleaned\test\B1\B1.13.VOH-Rad_111_patch_0_4.jpg,B1,A1,0.9998
processed_data_cleaned\test\B1\B1.13.VOH-Rad_111_patch_0_5.jpg,B1,A1,0.8762
processed_data_cleaned\test\B1\B1.13.VOH-Rad_111_patch_1_0.jpg,B1,A1,0.9915
processed_data_cleaned\test\B1\B1.13.VOH-Rad_111_patch_1_2.jpg,B1,A1,0.8792
processed_data_cleaned\test\B1\B1.13.VOH-Rad_111_patch_1_3.jpg,B1,A1,0.9999
processed_data_cleaned\test\B1\B1.13.VOH-Rad_111_patch_2_2.jpg,B1,A1,0.9927
processed_data_cleaned\test\B1\B1.13.VOH-Rad_111_patch_2_3.jpg,B1,A1,1.0
processed_data_cleaned\test\B1\B1.13.VOH-Rad_111_patch_2_5.jpg,B1,A1,0.9154
processed_data_cleaned\test\B1\B1.13.VOH-Rad_111_patch_3_0.jpg,B1,B2,0.7656
processed_data_cleaned\test\B1\B1.13.VOH-Rad_111_patch_3_1.jpg,B1,A1,0.7691
processed_data_cleaned\test\B1\B1.13.VOH-Rad_111_patch_3_4.jpg,B1,A1,0.6753
processed_data_cleaned\test\B1\B1.13.VOH-Rad_111_patch_3_5.jpg,B1,B2,0.3824
processed_data_cleaned\test\B1\B1.13.VOH-Rad_112_patch_1_1.jpg,B1,A1,0.8622
processed_data_cleaned\test\B1\B1.13.VOH-Rad_112_patch_1_3.jpg,B1,A1,0.8477
processed_data_cleaned\test\B1\B1.13.VOH-Rad_112_patch_1_4.jpg,B1,A1,0.967
processed_data_cleaned\test\B1\B1.13.VOH-Rad_112_patch_2_4.jpg,B1,A1,0.9941
processed_data_cleaned\test\B1\B1.13.VOH-Rad_112_patch_3_1.jpg,B1,B2,0.5198
processed_data_cleaned\test\B1\B1.13.VOH-Rad_112_patch_3_5.jpg,B1,A1,0.5284
processed_data_cleaned\test\B1\B1.13.VOH-Rad_113_patch_1_4.jpg,B1,A1,0.9999
processed_data_cleaned\test\B1\B1.13.VOH-Rad_113_patch_1_5.jpg,B1,A1,0.9816
processed_data_cleaned\test\B1\B1.13.VOH-Rad_113_patch_2_4.jpg,B1,A1,0.9995
processed_data_cleaned\test\B1\B1.13.VOH-Rad_113_patch_2_5.jpg,B1,B2,0.5071
processed_data_cleaned\test\B1\B1.13.VOH-Rad_113_patch_3_2.jpg,B1,B2,0.4821
processed_data_cleaned\test\B1\B1.13.VOH-Rad_113_patch_3_5.jpg,B1,B2,0.8473
processed_data_cleaned\test\B1\B1.13.VOH-Rad_114_patch_0_2.jpg,B1,B2,0.9753
processed_data_cleaned\test\B1\B1.13.VOH-Rad_114_patch_0_5.jpg,B1,A1,0.8125
processed_data_cleaned\test\B1\B1.13.VOH-Rad_114_patch_2_4.jpg,B1,B2,0.7013
processed_data_cleaned\test\B1\B1.13.VOH-Rad_114_patch_3_2.jpg,B1,B2,0.9755
processed_data_cleaned\test\B1\B1.13.VOH-Rad_115_patch_0_2.jpg,B1,B2,0.9578
processed_data_cleaned\test\B1\B1.13.VOH-Rad_115_patch_1_2.jpg,B1,B2,0.8892
processed_data_cleaned\test\B1\B1.13.VOH-Rad_115_patch_2_4.jpg,B1,B2,0.5202
processed_data_cleaned\test\B1\B1.13.VOH-Rad_115_patch_3_2.jpg,B1,B2,0.9983
processed_data_cleaned\test\B1\B1.13.VOH-Rad_116_patch_0_2.jpg,B1,B2,0.9881
processed_data_cleaned\test\B1\B1.13.VOH-Rad_116_patch_3_0.jpg,B1,B2,0.6031
processed_data_cleaned\test\B1\B1.13.VOH-Rad_116_patch_3_2.jpg,B1,B2,0.9964
processed_data_cleaned\test\B1\B1.13.VOH-Rad_117_patch_0_2.jpg,B1,A1,0.9499
processed_data_cleaned\test\B1\B1.13.VOH-Rad_117_patch_0_5.jpg,B1,A1,0.5561
processed_data_cleaned\test\B1\B1.13.VOH-Rad_117_patch_1_2.jpg,B1,B2,0.5268
processed_data_cleaned\test\B1\B1.13.VOH-Rad_117_patch_2_0.jpg,B1,A1,0.7379
processed_data_cleaned\test\B1\B1.13.VOH-Rad_117_patch_2_2.jpg,B1,A2,0.5734
processed_data_cleaned\test\B1\B1.13.VOH-Rad_117_patch_2_4.jpg,B1,B2,0.9217
processed_data_cleaned\test\B1\B1.13.VOH-Rad_117_patch_3_2.jpg,B1,B2,0.9838
processed_data_cleaned\test\B1\B1.13.VOH-Rad_117_patch_3_3.jpg,B1,A1,0.7157
processed_data_cleaned\test\B1\B1.13.VOH-Rad_118_patch_1_1.jpg,B1,A1,0.561
processed_data_cleaned\test\B1\B1.13.VOH-Rad_118_patch_1_2.jpg,B1,B2,1.0
processed_data_cleaned\test\B1\B1.13.VOH-Rad_118_patch_1_5.jpg,B1,B2,0.6955
processed_data_cleaned\test\B1\B1.13.VOH-Rad_118_patch_2_2.jpg,B1,B2,0.991
processed_data_cleaned\test\B1\B1.13.VOH-Rad_118_patch_2_3.jpg,B1,B2,1.0
processed_data_cleaned\test\B1\B1.13.VOH-Rad_118_patch_2_4.jpg,B1,B2,0.9997
processed_data_cleaned\test\B1\B1.13.VOH-Rad_118_patch_3_0.jpg,B1,A1,0.9592
processed_data_cleaned\test\B1\B1.13.VOH-Rad_118_patch_3_2.jpg,B1,A1,0.3595
processed_data_cleaned\test\B1\B1.13.VOH-Rad_118_patch_3_3.jpg,B1,B2,0.9948
processed_data_cleaned\test\B1\B1.13.VOH-Rad_118_patch_3_4.jpg,B1,B2,0.9989
processed_data_cleaned\test\B1\B1.13.VOH-Rad_119_patch_0_2.jpg,B1,B2,0.8078
processed_data_cleaned\test\B1\B1.13.VOH-Rad_119_patch_1_1.jpg,B1,A1,0.9086
processed_data_cleaned\test\B1\B1.13.VOH-Rad_119_patch_1_5.jpg,B1,B2,0.9289
processed_data_cleaned\test\B1\B1.13.VOH-Rad_119_patch_2_2.jpg,B1,B2,0.9934
processed_data_cleaned\test\B1\B1.13.VOH-Rad_119_patch_2_3.jpg,B1,B2,0.9995
processed_data_cleaned\test\B1\B1.13.VOH-Rad_119_patch_2_4.jpg,B1,B2,0.9963
processed_data_cleaned\test\B1\B1.13.VOH-Rad_119_patch_3_0.jpg,B1,A1,0.9999
processed_data_cleaned\test\B1\B1.13.VOH-Rad_119_patch_3_3.jpg,B1,B2,0.9893
processed_data_cleaned\test\B1\B1.13.VOH-Rad_119_patch_3_4.jpg,B1,B2,0.9878
processed_data_cleaned\test\B1\B1.13.VOH-Rad_11_patch_0_2.jpg,B1,B2,0.9356
processed_data_cleaned\test\B1\B1.13.VOH-Rad_11_patch_1_2.jpg,B1,B2,0.9969
processed_data_cleaned\test\B1\B1.13.VOH-Rad_11_patch_2_1.jpg,B1,A1,0.9957
processed_data_cleaned\test\B1\B1.13.VOH-Rad_11_patch_2_3.jpg,B1,B2,0.7691
processed_data_cleaned\test\B1\B1.13.VOH-Rad_11_patch_3_0.jpg,B1,A1,0.7592
processed_data_cleaned\test\B1\B1.13.VOH-Rad_11_patch_3_1.jpg,B1,A1,0.7212
processed_data_cleaned\test\B1\B1.13.VOH-Rad_11_patch_3_2.jpg,B1,A2,0.577
processed_data_cleaned\test\B1\B1.13.VOH-Rad_11_patch_3_3.jpg,B1,A1,0.9962
processed_data_cleaned\test\B1\B1.13.VOH-Rad_11_patch_3_5.jpg,B1,A1,0.9221
processed_data_cleaned\test\B1\B1.13.VOH-Rad_120_patch_1_0.jpg,B1,B2,0.7015
processed_data_cleaned\test\B1\B1.13.VOH-Rad_120_patch_1_5.jpg,B1,B2,0.9604
processed_data_cleaned\test\B1\B1.13.VOH-Rad_120_patch_2_2.jpg,B1,B2,0.9997
processed_data_cleaned\test\B1\B1.13.VOH-Rad_120_patch_2_3.jpg,B1,B2,1.0
processed_data_cleaned\test\B1\B1.13.VOH-Rad_120_patch_2_4.jpg,B1,B2,0.9997
processed_data_cleaned\test\B1\B1.13.VOH-Rad_120_patch_2_5.jpg,B1,B2,0.8269
processed_data_cleaned\test\B1\B1.13.VOH-Rad_120_patch_3_3.jpg,B1,B2,0.9586
processed_data_cleaned\test\B1\B1.13.VOH-Rad_120_patch_3_4.jpg,B1,B2,0.9701
processed_data_cleaned\test\B1\B1.13.VOH-Rad_121_patch_1_1.jpg,B1,A1,0.6215
processed_data_cleaned\test\B1\B1.13.VOH-Rad_121_patch_1_5.jpg,B1,B2,0.5347
processed_data_cleaned\test\B1\B1.13.VOH-Rad_121_patch_2_2.jpg,B1,B2,1.0
processed_data_cleaned\test\B1\B1.13.VOH-Rad_121_patch_2_3.jpg,B1,B2,1.0
processed_data_cleaned\test\B1\B1.13.VOH-Rad_121_patch_2_4.jpg,B1,B2,0.9998
processed_data_cleaned\test\B1\B1.13.VOH-Rad_121_patch_3_0.jpg,B1,A1,0.9831
processed_data_cleaned\test\B1\B1.13.VOH-Rad_121_patch_3_3.jpg,B1,B2,0.9064
processed_data_cleaned\test\B1\B1.13.VOH-Rad_122_patch_1_1.jpg,B1,B2,0.4871
processed_data_cleaned\test\B1\B1.13.VOH-Rad_122_patch_1_4.jpg,B1,B2,0.7723
processed_data_cleaned\test\B1\B1.13.VOH-Rad_122_patch_2_2.jpg,B1,B2,0.9406
processed_data_cleaned\test\B1\B1.13.VOH-Rad_122_patch_2_3.jpg,B1,B2,0.9999
processed_data_cleaned\test\B1\B1.13.VOH-Rad_122_patch_2_4.jpg,B1,B2,0.9994
processed_data_cleaned\test\B1\B1.13.VOH-Rad_122_patch_3_0.jpg,B1,A1,0.995
processed_data_cleaned\test\B1\B1.13.VOH-Rad_122_patch_3_3.jpg,B1,B2,0.9869
processed_data_cleaned\test\B1\B1.13.VOH-Rad_122_patch_3_4.jpg,B1,B2,0.8759
processed_data_cleaned\test\B1\B1.13.VOH-Rad_123_patch_0_2.jpg,B1,B2,0.9968
processed_data_cleaned\test\B1\B1.13.VOH-Rad_123_patch_1_1.jpg,B1,A1,0.995
processed_data_cleaned\test\B1\B1.13.VOH-Rad_123_patch_1_2.jpg,B1,B2,0.9708
processed_data_cleaned\test\B1\B1.13.VOH-Rad_123_patch_2_0.jpg,B1,B2,0.9776
processed_data_cleaned\test\B1\B1.13.VOH-Rad_123_patch_3_0.jpg,B1,B2,0.9898
processed_data_cleaned\test\B1\B1.13.VOH-Rad_123_patch_3_2.jpg,B1,B2,0.7727
processed_data_cleaned\test\B1\B1.13.VOH-Rad_123_patch_3_3.jpg,B1,A1,0.7987
processed_data_cleaned\test\B1\B1.13.VOH-Rad_123_patch_3_5.jpg,B1,A1,0.8931
processed_data_cleaned\test\B1\B1.13.VOH-Rad_124_patch_0_2.jpg,B1,B2,0.9958
processed_data_cleaned\test\B1\B1.13.VOH-Rad_124_patch_1_1.jpg,B1,A1,0.9955
processed_data_cleaned\test\B1\B1.13.VOH-Rad_124_patch_1_3.jpg,B1,B2,0.9935
processed_data_cleaned\test\B1\B1.13.VOH-Rad_124_patch_3_0.jpg,B1,A1,0.639
processed_data_cleaned\test\B1\B1.13.VOH-Rad_124_patch_3_1.jpg,B1,B2,0.7335
processed_data_cleaned\test\B1\B1.13.VOH-Rad_124_patch_3_2.jpg,B1,B2,0.9557
processed_data_cleaned\test\B1\B1.13.VOH-Rad_124_patch_3_3.jpg,B1,A1,0.9141
processed_data_cleaned\test\B1\B1.13.VOH-Rad_124_patch_3_5.jpg,B1,A1,0.9803
processed_data_cleaned\test\B1\B1.13.VOH-Rad_125_patch_0_2.jpg,B1,B2,0.9998
processed_data_cleaned\test\B1\B1.13.VOH-Rad_125_patch_1_0.jpg,B1,A1,0.9997
processed_data_cleaned\test\B1\B1.13.VOH-Rad_125_patch_1_1.jpg,B1,A1,0.9918
processed_data_cleaned\test\B1\B1.13.VOH-Rad_125_patch_1_2.jpg,B1,B2,0.9376
processed_data_cleaned\test\B1\B1.13.VOH-Rad_125_patch_1_3.jpg,B1,B2,0.4971
processed_data_cleaned\test\B1\B1.13.VOH-Rad_125_patch_2_0.jpg,B1,B2,0.7338
processed_data_cleaned\test\B1\B1.13.VOH-Rad_125_patch_3_0.jpg,B1,A1,0.9439
processed_data_cleaned\test\B1\B1.13.VOH-Rad_125_patch_3_2.jpg,B1,B2,0.9279
processed_data_cleaned\test\B1\B1.13.VOH-Rad_125_patch_3_3.jpg,B1,A1,0.7645
processed_data_cleaned\test\B1\B1.13.VOH-Rad_126_patch_0_3.jpg,B1,B2,0.6504
processed_data_cleaned\test\B1\B1.13.VOH-Rad_126_patch_1_1.jpg,B1,B2,0.6246
processed_data_cleaned\test\B1\B1.13.VOH-Rad_126_patch_1_2.jpg,B1,A1,0.9911
processed_data_cleaned\test\B1\B1.13.VOH-Rad_126_patch_1_4.jpg,B1,B2,0.9423
processed_data_cleaned\test\B1\B1.13.VOH-Rad_126_patch_3_1.jpg,B1,B2,0.7238
processed_data_cleaned\test\B1\B1.13.VOH-Rad_127_patch_0_1.jpg,B1,B2,0.5616
processed_data_cleaned\test\B1\B1.13.VOH-Rad_127_patch_0_2.jpg,B1,B2,0.9647
processed_data_cleaned\test\B1\B1.13.VOH-Rad_127_patch_0_3.jpg,B1,A1,0.9371
processed_data_cleaned\test\B1\B1.13.VOH-Rad_127_patch_3_0.jpg,B1,B2,0.5346
processed_data_cleaned\test\B1\B1.13.VOH-Rad_127_patch_3_1.jpg,B1,A2,0.8282
processed_data_cleaned\test\B1\B1.13.VOH-Rad_128_patch_0_2.jpg,B1,B2,0.9923
processed_data_cleaned\test\B1\B1.13.VOH-Rad_128_patch_0_3.jpg,B1,B2,0.9976
processed_data_cleaned\test\B1\B1.13.VOH-Rad_129_patch_0_2.jpg,B1,A1,0.7669
processed_data_cleaned\test\B1\B1.13.VOH-Rad_129_patch_0_3.jpg,B1,A1,0.5975
processed_data_cleaned\test\B1\B1.13.VOH-Rad_129_patch_1_0.jpg,B1,B2,0.9201
processed_data_cleaned\test\B1\B1.13.VOH-Rad_129_patch_1_3.jpg,B1,B2,0.994
processed_data_cleaned\test\B1\B1.13.VOH-Rad_129_patch_2_4.jpg,B1,A1,0.4975
processed_data_cleaned\test\B1\B1.13.VOH-Rad_129_patch_3_0.jpg,B1,B2,0.7895
processed_data_cleaned\test\B1\B1.13.VOH-Rad_129_patch_3_1.jpg,B1,A2,0.8541
processed_data_cleaned\test\B1\B1.13.VOH-Rad_12_patch_1_0.jpg,B1,B2,0.8014
processed_data_cleaned\test\B1\B1.13.VOH-Rad_12_patch_2_0.jpg,B1,B2,0.708
processed_data_cleaned\test\B1\B1.13.VOH-Rad_12_patch_2_1.jpg,B1,A1,0.9934
processed_data_cleaned\test\B1\B1.13.VOH-Rad_12_patch_2_2.jpg,B1,B2,0.8128
processed_data_cleaned\test\B1\B1.13.VOH-Rad_12_patch_2_3.jpg,B1,B2,0.8882
processed_data_cleaned\test\B1\B1.13.VOH-Rad_12_patch_2_4.jpg,B1,B2,0.7517
processed_data_cleaned\test\B1\B1.13.VOH-Rad_12_patch_3_0.jpg,B1,A2,0.7216
processed_data_cleaned\test\B1\B1.13.VOH-Rad_12_patch_3_1.jpg,B1,A1,0.8746
processed_data_cleaned\test\B1\B1.13.VOH-Rad_12_patch_3_2.jpg,B1,B2,0.5363
processed_data_cleaned\test\B1\B1.13.VOH-Rad_12_patch_3_3.jpg,B1,A1,0.8439
processed_data_cleaned\test\B1\B1.13.VOH-Rad_12_patch_3_5.jpg,B1,A1,0.9628
processed_data_cleaned\test\B1\B1.13.VOH-Rad_130_patch_0_2.jpg,B1,B2,0.3422
processed_data_cleaned\test\B1\B1.13.VOH-Rad_130_patch_0_4.jpg,B1,B2,0.7396
processed_data_cleaned\test\B1\B1.13.VOH-Rad_130_patch_1_2.jpg,B1,A1,0.4377
processed_data_cleaned\test\B1\B1.13.VOH-Rad_130_patch_1_3.jpg,B1,A2,0.5272
processed_data_cleaned\test\B1\B1.13.VOH-Rad_130_patch_2_5.jpg,B1,A1,0.8945
processed_data_cleaned\test\B1\B1.13.VOH-Rad_130_patch_3_5.jpg,B1,A1,0.6054
processed_data_cleaned\test\B1\B1.13.VOH-Rad_131_patch_0_2.jpg,B1,A2,0.8737
processed_data_cleaned\test\B1\B1.13.VOH-Rad_131_patch_0_4.jpg,B1,B2,0.9767
processed_data_cleaned\test\B1\B1.13.VOH-Rad_131_patch_2_0.jpg,B1,A1,0.9833
processed_data_cleaned\test\B1\B1.13.VOH-Rad_131_patch_2_5.jpg,B1,A1,0.951
processed_data_cleaned\test\B1\B1.13.VOH-Rad_132_patch_1_3.jpg,B1,B2,0.8747
processed_data_cleaned\test\B1\B1.13.VOH-Rad_132_patch_2_2.jpg,B1,B2,0.6374
processed_data_cleaned\test\B1\B1.13.VOH-Rad_132_patch_2_4.jpg,B1,A1,0.9884
processed_data_cleaned\test\B1\B1.13.VOH-Rad_132_patch_3_2.jpg,B1,A1,0.8942
processed_data_cleaned\test\B1\B1.13.VOH-Rad_132_patch_3_3.jpg,B1,A1,0.7778
processed_data_cleaned\test\B1\B1.13.VOH-Rad_132_patch_3_5.jpg,B1,B2,0.9789
processed_data_cleaned\test\B1\B1.13.VOH-Rad_133_patch_0_3.jpg,B1,B2,0.5967
processed_data_cleaned\test\B1\B1.13.VOH-Rad_133_patch_1_3.jpg,B1,B2,0.8413
processed_data_cleaned\test\B1\B1.13.VOH-Rad_133_patch_2_0.jpg,B1,B2,0.7733
processed_data_cleaned\test\B1\B1.13.VOH-Rad_133_patch_2_4.jpg,B1,A1,0.9628
processed_data_cleaned\test\B1\B1.13.VOH-Rad_133_patch_3_2.jpg,B1,A1,0.5196
processed_data_cleaned\test\B1\B1.13.VOH-Rad_133_patch_3_4.jpg,B1,A1,0.8215
processed_data_cleaned\test\B1\B1.13.VOH-Rad_133_patch_3_5.jpg,B1,B2,0.987
processed_data_cleaned\test\B1\B1.13.VOH-Rad_134_patch_1_3.jpg,B1,B2,0.9943
processed_data_cleaned\test\B1\B1.13.VOH-Rad_134_patch_1_4.jpg,B1,B2,0.6229
processed_data_cleaned\test\B1\B1.13.VOH-Rad_134_patch_2_0.jpg,B1,B2,0.6979
processed_data_cleaned\test\B1\B1.13.VOH-Rad_134_patch_2_2.jpg,B1,B2,0.7169
processed_data_cleaned\test\B1\B1.13.VOH-Rad_134_patch_2_4.jpg,B1,A1,0.5809
processed_data_cleaned\test\B1\B1.13.VOH-Rad_134_patch_3_2.jpg,B1,A1,0.8986
processed_data_cleaned\test\B1\B1.13.VOH-Rad_134_patch_3_3.jpg,B1,A1,0.8584
processed_data_cleaned\test\B1\B1.13.VOH-Rad_134_patch_3_5.jpg,B1,B2,0.9987
processed_data_cleaned\test\B1\B1.13.VOH-Rad_135_patch_1_3.jpg,B1,B2,0.6413
processed_data_cleaned\test\B1\B1.13.VOH-Rad_135_patch_1_5.jpg,B1,B2,0.9989
processed_data_cleaned\test\B1\B1.13.VOH-Rad_135_patch_2_0.jpg,B1,B2,0.9757
processed_data_cleaned\test\B1\B1.13.VOH-Rad_135_patch_2_1.jpg,B1,A1,0.5067
processed_data_cleaned\test\B1\B1.13.VOH-Rad_135_patch_3_3.jpg,B1,A1,0.4202
processed_data_cleaned\test\B1\B1.13.VOH-Rad_136_patch_0_4.jpg,B1,B2,0.9935
processed_data_cleaned\test\B1\B1.13.VOH-Rad_136_patch_1_5.jpg,B1,B2,0.999
processed_data_cleaned\test\B1\B1.13.VOH-Rad_136_patch_2_0.jpg,B1,B2,0.9901
processed_data_cleaned\test\B1\B1.13.VOH-Rad_136_patch_3_4.jpg,B1,B2,0.6621
processed_data_cleaned\test\B1\B1.13.VOH-Rad_137_patch_1_4.jpg,B1,B2,0.9815
processed_data_cleaned\test\B1\B1.13.VOH-Rad_137_patch_2_2.jpg,B1,A1,0.7724
processed_data_cleaned\test\B1\B1.13.VOH-Rad_137_patch_2_5.jpg,B1,A1,0.7749
processed_data_cleaned\test\B1\B1.13.VOH-Rad_137_patch_3_3.jpg,B1,A1,1.0
processed_data_cleaned\test\B1\B1.13.VOH-Rad_137_patch_3_4.jpg,B1,A1,0.9999
processed_data_cleaned\test\B1\B1.13.VOH-Rad_137_patch_3_5.jpg,B1,A1,0.5339
processed_data_cleaned\test\B1\B1.13.VOH-Rad_138_patch_1_3.jpg,B1,B2,0.725
processed_data_cleaned\test\B1\B1.13.VOH-Rad_138_patch_2_0.jpg,B1,A1,0.8805
processed_data_cleaned\test\B1\B1.13.VOH-Rad_138_patch_2_2.jpg,B1,A1,0.9191
processed_data_cleaned\test\B1\B1.13.VOH-Rad_138_patch_2_5.jpg,B1,A2,0.5749
processed_data_cleaned\test\B1\B1.13.VOH-Rad_138_patch_3_3.jpg,B1,A1,0.8139
processed_data_cleaned\test\B1\B1.13.VOH-Rad_138_patch_3_4.jpg,B1,A1,1.0
processed_data_cleaned\test\B1\B1.13.VOH-Rad_138_patch_3_5.jpg,B1,A1,0.6646
processed_data_cleaned\test\B1\B1.13.VOH-Rad_139_patch_0_0.jpg,B1,A1,0.9964
processed_data_cleaned\test\B1\B1.13.VOH-Rad_139_patch_0_1.jpg,B1,A1,0.9162
processed_data_cleaned\test\B1\B1.13.VOH-Rad_139_patch_0_4.jpg,B1,A1,0.988
processed_data_cleaned\test\B1\B1.13.VOH-Rad_139_patch_1_0.jpg,B1,A1,0.3762
processed_data_cleaned\test\B1\B1.13.VOH-Rad_139_patch_1_3.jpg,B1,A1,0.9716
processed_data_cleaned\test\B1\B1.13.VOH-Rad_139_patch_1_4.jpg,B1,A1,0.5749
processed_data_cleaned\test\B1\B1.13.VOH-Rad_139_patch_3_3.jpg,B1,B2,0.9542
processed_data_cleaned\test\B1\B1.13.VOH-Rad_13_patch_0_0.jpg,B1,A1,0.6545
processed_data_cleaned\test\B1\B1.13.VOH-Rad_13_patch_0_3.jpg,B1,B2,0.9948
processed_data_cleaned\test\B1\B1.13.VOH-Rad_13_patch_1_0.jpg,B1,B2,0.768
processed_data_cleaned\test\B1\B1.13.VOH-Rad_13_patch_2_4.jpg,B1,B2,0.8779
processed_data_cleaned\test\B1\B1.13.VOH-Rad_13_patch_2_5.jpg,B1,B2,0.9644
processed_data_cleaned\test\B1\B1.13.VOH-Rad_140_patch_0_2.jpg,B1,A1,0.8791
processed_data_cleaned\test\B1\B1.13.VOH-Rad_140_patch_0_4.jpg,B1,A1,0.9744
processed_data_cleaned\test\B1\B1.13.VOH-Rad_140_patch_1_0.jpg,B1,B2,0.9394
processed_data_cleaned\test\B1\B1.13.VOH-Rad_140_patch_1_1.jpg,B1,A1,0.6835
processed_data_cleaned\test\B1\B1.13.VOH-Rad_140_patch_1_3.jpg,B1,A1,0.8435
processed_data_cleaned\test\B1\B1.13.VOH-Rad_140_patch_1_4.jpg,B1,A1,0.6949
processed_data_cleaned\test\B1\B1.13.VOH-Rad_140_patch_2_1.jpg,B1,B2,0.9997
processed_data_cleaned\test\B1\B1.13.VOH-Rad_140_patch_3_0.jpg,B1,B2,0.5639
processed_data_cleaned\test\B1\B1.13.VOH-Rad_140_patch_3_4.jpg,B1,B2,0.9603
processed_data_cleaned\test\B1\B1.13.VOH-Rad_141_patch_0_2.jpg,B1,A1,0.5181
processed_data_cleaned\test\B1\B1.13.VOH-Rad_141_patch_1_3.jpg,B1,A1,0.9809
processed_data_cleaned\test\B1\B1.13.VOH-Rad_142_patch_0_4.jpg,B1,A1,0.9337
processed_data_cleaned\test\B1\B1.13.VOH-Rad_142_patch_1_2.jpg,B1,A1,0.8642
processed_data_cleaned\test\B1\B1.13.VOH-Rad_142_patch_3_5.jpg,B1,A1,0.9389
processed_data_cleaned\test\B1\B1.13.VOH-Rad_143_patch_1_3.jpg,B1,B2,0.9151
processed_data_cleaned\test\B1\B1.13.VOH-Rad_143_patch_2_5.jpg,B1,A1,0.6537
processed_data_cleaned\test\B1\B1.13.VOH-Rad_144_patch_0_5.jpg,B1,B2,0.9959
processed_data_cleaned\test\B1\B1.13.VOH-Rad_144_patch_1_0.jpg,B1,A1,0.585
processed_data_cleaned\test\B1\B1.13.VOH-Rad_144_patch_1_2.jpg,B1,A1,0.5572
processed_data_cleaned\test\B1\B1.13.VOH-Rad_144_patch_2_0.jpg,B1,A1,0.6306
processed_data_cleaned\test\B1\B1.13.VOH-Rad_144_patch_2_2.jpg,B1,A2,0.9065
processed_data_cleaned\test\B1\B1.13.VOH-Rad_144_patch_3_2.jpg,B1,A1,0.49
processed_data_cleaned\test\B1\B1.13.VOH-Rad_145_patch_0_5.jpg,B1,B2,0.985
processed_data_cleaned\test\B1\B1.13.VOH-Rad_145_patch_2_4.jpg,B1,A2,0.7818
processed_data_cleaned\test\B1\B1.13.VOH-Rad_145_patch_2_5.jpg,B1,A1,0.5901
processed_data_cleaned\test\B1\B1.13.VOH-Rad_146_patch_2_0.jpg,B1,A1,0.8651
processed_data_cleaned\test\B1\B1.13.VOH-Rad_146_patch_3_0.jpg,B1,A1,0.9506
processed_data_cleaned\test\B1\B1.13.VOH-Rad_146_patch_3_5.jpg,B1,A1,0.8475
processed_data_cleaned\test\B1\B1.13.VOH-Rad_147_patch_0_0.jpg,B1,A1,0.5758
processed_data_cleaned\test\B1\B1.13.VOH-Rad_147_patch_0_3.jpg,B1,A1,0.5899
processed_data_cleaned\test\B1\B1.13.VOH-Rad_147_patch_2_0.jpg,B1,A1,0.5155
processed_data_cleaned\test\B1\B1.13.VOH-Rad_147_patch_3_0.jpg,B1,A1,0.7531
processed_data_cleaned\test\B1\B1.13.VOH-Rad_147_patch_3_1.jpg,B1,B2,0.8921
processed_data_cleaned\test\B1\B1.13.VOH-Rad_147_patch_3_4.jpg,B1,A2,0.7991
processed_data_cleaned\test\B1\B1.13.VOH-Rad_147_patch_3_5.jpg,B1,A1,0.5743
processed_data_cleaned\test\B1\B1.13.VOH-Rad_148_patch_3_2.jpg,B1,B2,0.8649
processed_data_cleaned\test\B1\B1.13.VOH-Rad_148_patch_3_3.jpg,B1,B2,0.9369
processed_data_cleaned\test\B1\B1.13.VOH-Rad_149_patch_0_0.jpg,B1,B2,0.8505
processed_data_cleaned\test\B1\B1.13.VOH-Rad_149_patch_0_1.jpg,B1,A2,0.9976
processed_data_cleaned\test\B1\B1.13.VOH-Rad_149_patch_0_2.jpg,B1,A2,0.8045
processed_data_cleaned\test\B1\B1.13.VOH-Rad_149_patch_0_3.jpg,B1,B2,0.8072
processed_data_cleaned\test\B1\B1.13.VOH-Rad_149_patch_2_1.jpg,B1,B2,0.7216
processed_data_cleaned\test\B1\B1.13.VOH-Rad_149_patch_3_3.jpg,B1,A1,0.7128
processed_data_cleaned\test\B1\B1.13.VOH-Rad_14_patch_0_0.jpg,B1,A1,0.9115
processed_data_cleaned\test\B1\B1.13.VOH-Rad_14_patch_0_3.jpg,B1,B2,0.9334
processed_data_cleaned\test\B1\B1.13.VOH-Rad_14_patch_2_3.jpg,B1,B2,0.6137
processed_data_cleaned\test\B1\B1.13.VOH-Rad_150_patch_0_0.jpg,B1,B2,0.9935
processed_data_cleaned\test\B1\B1.13.VOH-Rad_150_patch_0_3.jpg,B1,B2,0.9988
processed_data_cleaned\test\B1\B1.13.VOH-Rad_150_patch_1_1.jpg,B1,A1,0.4069
processed_data_cleaned\test\B1\B1.13.VOH-Rad_150_patch_1_2.jpg,B1,B2,0.5205
processed_data_cleaned\test\B1\B1.13.VOH-Rad_150_patch_2_3.jpg,B1,B2,0.5601
processed_data_cleaned\test\B1\B1.13.VOH-Rad_150_patch_3_2.jpg,B1,A1,0.9454
processed_data_cleaned\test\B1\B1.13.VOH-Rad_150_patch_3_4.jpg,B1,B2,0.9722
processed_data_cleaned\test\B1\B1.13.VOH-Rad_151_patch_2_0.jpg,B1,A1,0.5318
processed_data_cleaned\test\B1\B1.13.VOH-Rad_151_patch_2_2.jpg,B1,A1,0.8142
processed_data_cleaned\test\B1\B1.13.VOH-Rad_153_patch_0_2.jpg,B1,B2,0.8783
processed_data_cleaned\test\B1\B1.13.VOH-Rad_153_patch_0_4.jpg,B1,B2,0.8893
processed_data_cleaned\test\B1\B1.13.VOH-Rad_153_patch_0_5.jpg,B1,B2,0.8975
processed_data_cleaned\test\B1\B1.13.VOH-Rad_153_patch_1_2.jpg,B1,B2,0.9299
processed_data_cleaned\test\B1\B1.13.VOH-Rad_153_patch_2_2.jpg,B1,B2,0.7505
processed_data_cleaned\test\B1\B1.13.VOH-Rad_153_patch_2_4.jpg,B1,A1,0.5169
processed_data_cleaned\test\B1\B1.13.VOH-Rad_153_patch_2_5.jpg,B1,A1,0.6733
processed_data_cleaned\test\B1\B1.13.VOH-Rad_153_patch_3_1.jpg,B1,B2,0.9996
processed_data_cleaned\test\B1\B1.13.VOH-Rad_154_patch_1_3.jpg,B1,B2,0.6614
processed_data_cleaned\test\B1\B1.13.VOH-Rad_154_patch_2_2.jpg,B1,A2,0.4277
processed_data_cleaned\test\B1\B1.13.VOH-Rad_154_patch_3_2.jpg,B1,B2,0.8902
processed_data_cleaned\test\B1\B1.13.VOH-Rad_155_patch_0_2.jpg,B1,B2,0.6024
processed_data_cleaned\test\B1\B1.13.VOH-Rad_155_patch_1_3.jpg,B1,B2,0.7837
processed_data_cleaned\test\B1\B1.13.VOH-Rad_155_patch_1_4.jpg,B1,A1,0.7454
processed_data_cleaned\test\B1\B1.13.VOH-Rad_155_patch_2_2.jpg,B1,A1,0.6947
processed_data_cleaned\test\B1\B1.13.VOH-Rad_155_patch_2_3.jpg,B1,A1,0.8476
processed_data_cleaned\test\B1\B1.13.VOH-Rad_155_patch_3_5.jpg,B1,A1,0.8539
processed_data_cleaned\test\B1\B1.13.VOH-Rad_156_patch_1_2.jpg,B1,B2,0.7712
processed_data_cleaned\test\B1\B1.13.VOH-Rad_156_patch_2_3.jpg,B1,A1,0.7379
processed_data_cleaned\test\B1\B1.13.VOH-Rad_157_patch_0_2.jpg,B1,B2,0.6333
processed_data_cleaned\test\B1\B1.13.VOH-Rad_157_patch_0_4.jpg,B1,B2,0.6827
processed_data_cleaned\test\B1\B1.13.VOH-Rad_157_patch_1_2.jpg,B1,B2,0.9112
processed_data_cleaned\test\B1\B1.13.VOH-Rad_157_patch_1_4.jpg,B1,A1,0.9992
processed_data_cleaned\test\B1\B1.13.VOH-Rad_157_patch_2_3.jpg,B1,A1,0.9896
processed_data_cleaned\test\B1\B1.13.VOH-Rad_157_patch_2_4.jpg,B1,A1,0.6651
processed_data_cleaned\test\B1\B1.13.VOH-Rad_157_patch_2_5.jpg,B1,B2,0.666
processed_data_cleaned\test\B1\B1.13.VOH-Rad_157_patch_3_1.jpg,B1,B2,0.989
processed_data_cleaned\test\B1\B1.13.VOH-Rad_158_patch_1_3.jpg,B1,B2,0.419
processed_data_cleaned\test\B1\B1.13.VOH-Rad_158_patch_1_4.jpg,B1,B2,0.985
processed_data_cleaned\test\B1\B1.13.VOH-Rad_158_patch_2_4.jpg,B1,A1,0.6408
processed_data_cleaned\test\B1\B1.13.VOH-Rad_158_patch_3_3.jpg,B1,A1,0.9611
processed_data_cleaned\test\B1\B1.13.VOH-Rad_158_patch_3_4.jpg,B1,A1,0.9044
processed_data_cleaned\test\B1\B1.13.VOH-Rad_159_patch_1_1.jpg,B1,A1,0.9193
processed_data_cleaned\test\B1\B1.13.VOH-Rad_159_patch_1_4.jpg,B1,B2,0.5136
processed_data_cleaned\test\B1\B1.13.VOH-Rad_159_patch_3_3.jpg,B1,A1,0.9775
processed_data_cleaned\test\B1\B1.13.VOH-Rad_159_patch_3_4.jpg,B1,A1,0.7385
processed_data_cleaned\test\B1\B1.13.VOH-Rad_15_patch_0_0.jpg,B1,A1,0.5712
processed_data_cleaned\test\B1\B1.13.VOH-Rad_15_patch_1_0.jpg,B1,A1,0.8075
processed_data_cleaned\test\B1\B1.13.VOH-Rad_15_patch_2_2.jpg,B1,B2,0.9344
processed_data_cleaned\test\B1\B1.13.VOH-Rad_15_patch_3_5.jpg,B1,B2,0.9909
processed_data_cleaned\test\B1\B1.13.VOH-Rad_161_patch_0_3.jpg,B1,B2,0.7314
processed_data_cleaned\test\B1\B1.13.VOH-Rad_161_patch_1_2.jpg,B1,B2,0.8826
processed_data_cleaned\test\B1\B1.13.VOH-Rad_161_patch_1_3.jpg,B1,B2,0.9952
processed_data_cleaned\test\B1\B1.13.VOH-Rad_161_patch_3_2.jpg,B1,A1,0.6313
processed_data_cleaned\test\B1\B1.13.VOH-Rad_161_patch_3_5.jpg,B1,A1,0.9865
processed_data_cleaned\test\B1\B1.13.VOH-Rad_162_patch_0_2.jpg,B1,B2,0.4727
processed_data_cleaned\test\B1\B1.13.VOH-Rad_162_patch_0_5.jpg,B1,A1,0.8669
processed_data_cleaned\test\B1\B1.13.VOH-Rad_162_patch_1_3.jpg,B1,A1,0.7848
processed_data_cleaned\test\B1\B1.13.VOH-Rad_162_patch_2_0.jpg,B1,B2,0.7827
processed_data_cleaned\test\B1\B1.13.VOH-Rad_163_patch_1_2.jpg,B1,A1,0.4991
processed_data_cleaned\test\B1\B1.13.VOH-Rad_163_patch_1_5.jpg,B1,B2,0.7444
processed_data_cleaned\test\B1\B1.13.VOH-Rad_163_patch_2_2.jpg,B1,A1,0.666
processed_data_cleaned\test\B1\B1.13.VOH-Rad_163_patch_2_5.jpg,B1,B2,0.4668
processed_data_cleaned\test\B1\B1.13.VOH-Rad_163_patch_3_1.jpg,B1,A2,0.9616
processed_data_cleaned\test\B1\B1.13.VOH-Rad_163_patch_3_2.jpg,B1,A1,0.8317
processed_data_cleaned\test\B1\B1.13.VOH-Rad_163_patch_3_4.jpg,B1,A1,0.8165
processed_data_cleaned\test\B1\B1.13.VOH-Rad_164_patch_0_0.jpg,B1,A2,0.9976
processed_data_cleaned\test\B1\B1.13.VOH-Rad_164_patch_0_1.jpg,B1,A2,0.9756
processed_data_cleaned\test\B1\B1.13.VOH-Rad_164_patch_0_2.jpg,B1,A2,0.9975
processed_data_cleaned\test\B1\B1.13.VOH-Rad_164_patch_1_0.jpg,B1,B2,0.6161
processed_data_cleaned\test\B1\B1.13.VOH-Rad_164_patch_3_1.jpg,B1,A1,0.7431
processed_data_cleaned\test\B1\B1.13.VOH-Rad_165_patch_0_0.jpg,B1,A2,0.9989
processed_data_cleaned\test\B1\B1.13.VOH-Rad_165_patch_0_1.jpg,B1,A2,0.8477
processed_data_cleaned\test\B1\B1.13.VOH-Rad_165_patch_0_2.jpg,B1,A2,0.9958
processed_data_cleaned\test\B1\B1.13.VOH-Rad_165_patch_0_3.jpg,B1,B2,0.9364
processed_data_cleaned\test\B1\B1.13.VOH-Rad_165_patch_0_4.jpg,B1,A1,0.9473
processed_data_cleaned\test\B1\B1.13.VOH-Rad_165_patch_1_0.jpg,B1,B2,0.5771
processed_data_cleaned\test\B1\B1.13.VOH-Rad_165_patch_2_4.jpg,B1,B2,0.7724
processed_data_cleaned\test\B1\B1.13.VOH-Rad_165_patch_3_1.jpg,B1,A1,0.9384
processed_data_cleaned\test\B1\B1.13.VOH-Rad_166_patch_0_1.jpg,B1,A1,0.6603
processed_data_cleaned\test\B1\B1.13.VOH-Rad_166_patch_0_2.jpg,B1,A2,0.4272
processed_data_cleaned\test\B1\B1.13.VOH-Rad_166_patch_0_3.jpg,B1,B2,0.9988
processed_data_cleaned\test\B1\B1.13.VOH-Rad_166_patch_1_1.jpg,B1,A2,0.6424
processed_data_cleaned\test\B1\B1.13.VOH-Rad_166_patch_1_4.jpg,B1,A1,0.9338
processed_data_cleaned\test\B1\B1.13.VOH-Rad_166_patch_2_2.jpg,B1,B2,0.596
processed_data_cleaned\test\B1\B1.13.VOH-Rad_167_patch_0_5.jpg,B1,B2,0.5967
processed_data_cleaned\test\B1\B1.13.VOH-Rad_167_patch_1_1.jpg,B1,B2,0.3951
processed_data_cleaned\test\B1\B1.13.VOH-Rad_167_patch_2_1.jpg,B1,A2,0.9982
processed_data_cleaned\test\B1\B1.13.VOH-Rad_167_patch_2_5.jpg,B1,B2,0.8564
processed_data_cleaned\test\B1\B1.13.VOH-Rad_167_patch_3_0.jpg,B1,A2,0.8035
processed_data_cleaned\test\B1\B1.13.VOH-Rad_167_patch_3_2.jpg,B1,B2,0.5832
processed_data_cleaned\test\B1\B1.13.VOH-Rad_167_patch_3_5.jpg,B1,A1,0.6907
processed_data_cleaned\test\B1\B1.13.VOH-Rad_168_patch_0_1.jpg,B1,B2,0.6566
processed_data_cleaned\test\B1\B1.13.VOH-Rad_168_patch_1_0.jpg,B1,B2,0.5688
processed_data_cleaned\test\B1\B1.13.VOH-Rad_168_patch_2_1.jpg,B1,B2,0.9502
processed_data_cleaned\test\B1\B1.13.VOH-Rad_169_patch_0_5.jpg,B1,B2,0.4021
processed_data_cleaned\test\B1\B1.13.VOH-Rad_169_patch_1_2.jpg,B1,B2,0.9645
processed_data_cleaned\test\B1\B1.13.VOH-Rad_169_patch_1_3.jpg,B1,B2,0.8932
processed_data_cleaned\test\B1\B1.13.VOH-Rad_169_patch_1_5.jpg,B1,A1,0.8948
processed_data_cleaned\test\B1\B1.13.VOH-Rad_169_patch_2_1.jpg,B1,B2,0.7771
processed_data_cleaned\test\B1\B1.13.VOH-Rad_169_patch_2_2.jpg,B1,B2,0.8109
processed_data_cleaned\test\B1\B1.13.VOH-Rad_169_patch_2_3.jpg,B1,A1,0.7608
processed_data_cleaned\test\B1\B1.13.VOH-Rad_169_patch_3_1.jpg,B1,B2,0.9575
processed_data_cleaned\test\B1\B1.13.VOH-Rad_169_patch_3_2.jpg,B1,B2,0.984
processed_data_cleaned\test\B1\B1.13.VOH-Rad_16_patch_0_1.jpg,B1,A1,0.5523
processed_data_cleaned\test\B1\B1.13.VOH-Rad_16_patch_1_0.jpg,B1,A1,0.9922
processed_data_cleaned\test\B1\B1.13.VOH-Rad_16_patch_1_1.jpg,B1,A2,0.715
processed_data_cleaned\test\B1\B1.13.VOH-Rad_16_patch_1_2.jpg,B1,A1,0.9859
processed_data_cleaned\test\B1\B1.13.VOH-Rad_16_patch_2_0.jpg,B1,A1,0.9467
processed_data_cleaned\test\B1\B1.13.VOH-Rad_16_patch_2_2.jpg,B1,A2,0.7684
processed_data_cleaned\test\B1\B1.13.VOH-Rad_16_patch_3_0.jpg,B1,A1,0.9962
processed_data_cleaned\test\B1\B1.13.VOH-Rad_16_patch_3_5.jpg,B1,B2,0.8797
processed_data_cleaned\test\B1\B1.13.VOH-Rad_171_patch_0_1.jpg,B1,B2,0.5435
processed_data_cleaned\test\B1\B1.13.VOH-Rad_171_patch_0_2.jpg,B1,B2,0.9869
processed_data_cleaned\test\B1\B1.13.VOH-Rad_171_patch_2_3.jpg,B1,A1,0.9102
processed_data_cleaned\test\B1\B1.13.VOH-Rad_171_patch_3_2.jpg,B1,A1,0.8304
processed_data_cleaned\test\B1\B1.13.VOH-Rad_172_patch_0_1.jpg,B1,B2,0.9561
processed_data_cleaned\test\B1\B1.13.VOH-Rad_172_patch_0_2.jpg,B1,B2,0.7273
processed_data_cleaned\test\B1\B1.13.VOH-Rad_172_patch_2_1.jpg,B1,B2,0.9118
processed_data_cleaned\test\B1\B1.13.VOH-Rad_172_patch_2_2.jpg,B1,B2,0.6122
processed_data_cleaned\test\B1\B1.13.VOH-Rad_173_patch_3_0.jpg,B1,A1,0.5498
processed_data_cleaned\test\B1\B1.13.VOH-Rad_174_patch_1_0.jpg,B1,A1,0.9281
processed_data_cleaned\test\B1\B1.13.VOH-Rad_174_patch_1_1.jpg,B1,A1,0.6071
processed_data_cleaned\test\B1\B1.13.VOH-Rad_174_patch_1_5.jpg,B1,B2,0.8205
processed_data_cleaned\test\B1\B1.13.VOH-Rad_174_patch_2_2.jpg,B1,B2,0.5345
processed_data_cleaned\test\B1\B1.13.VOH-Rad_175_patch_0_0.jpg,B1,B2,0.5636
processed_data_cleaned\test\B1\B1.13.VOH-Rad_175_patch_1_5.jpg,B1,B2,0.7973
processed_data_cleaned\test\B1\B1.13.VOH-Rad_175_patch_3_4.jpg,B1,A1,0.7904
processed_data_cleaned\test\B1\B1.13.VOH-Rad_176_patch_1_0.jpg,B1,A1,0.5691
processed_data_cleaned\test\B1\B1.13.VOH-Rad_176_patch_1_3.jpg,B1,B2,0.9108
processed_data_cleaned\test\B1\B1.13.VOH-Rad_176_patch_1_4.jpg,B1,B2,0.9791
processed_data_cleaned\test\B1\B1.13.VOH-Rad_176_patch_1_5.jpg,B1,A2,0.763
processed_data_cleaned\test\B1\B1.13.VOH-Rad_176_patch_2_4.jpg,B1,B2,0.5596
processed_data_cleaned\test\B1\B1.13.VOH-Rad_177_patch_0_3.jpg,B1,B2,0.6484
processed_data_cleaned\test\B1\B1.13.VOH-Rad_177_patch_1_0.jpg,B1,A1,0.5671
processed_data_cleaned\test\B1\B1.13.VOH-Rad_177_patch_1_5.jpg,B1,B2,0.952
processed_data_cleaned\test\B1\B1.13.VOH-Rad_177_patch_2_1.jpg,B1,A2,0.7327
processed_data_cleaned\test\B1\B1.13.VOH-Rad_177_patch_2_5.jpg,B1,B2,0.5265
processed_data_cleaned\test\B1\B1.13.VOH-Rad_178_patch_0_2.jpg,B1,B2,0.654
processed_data_cleaned\test\B1\B1.13.VOH-Rad_178_patch_1_3.jpg,B1,A1,0.5946
processed_data_cleaned\test\B1\B1.13.VOH-Rad_178_patch_1_4.jpg,B1,B2,0.8398
processed_data_cleaned\test\B1\B1.13.VOH-Rad_178_patch_2_4.jpg,B1,A1,0.8626
processed_data_cleaned\test\B1\B1.13.VOH-Rad_178_patch_3_5.jpg,B1,A1,0.9934
processed_data_cleaned\test\B1\B1.13.VOH-Rad_179_patch_1_2.jpg,B1,A1,0.5038
processed_data_cleaned\test\B1\B1.13.VOH-Rad_179_patch_1_5.jpg,B1,B2,0.7797
processed_data_cleaned\test\B1\B1.13.VOH-Rad_179_patch_2_4.jpg,B1,A1,0.5991
processed_data_cleaned\test\B1\B1.13.VOH-Rad_179_patch_3_4.jpg,B1,A1,0.7951
processed_data_cleaned\test\B1\B1.13.VOH-Rad_179_patch_3_5.jpg,B1,A1,0.9759
processed_data_cleaned\test\B1\B1.13.VOH-Rad_17_patch_0_0.jpg,B1,B2,0.9462
processed_data_cleaned\test\B1\B1.13.VOH-Rad_17_patch_0_1.jpg,B1,B2,0.9996
processed_data_cleaned\test\B1\B1.13.VOH-Rad_17_patch_0_2.jpg,B1,B2,0.663
processed_data_cleaned\test\B1\B1.13.VOH-Rad_17_patch_0_3.jpg,B1,B2,0.6408
processed_data_cleaned\test\B1\B1.13.VOH-Rad_17_patch_1_2.jpg,B1,B2,0.8032
processed_data_cleaned\test\B1\B1.13.VOH-Rad_17_patch_2_2.jpg,B1,B2,0.9933
processed_data_cleaned\test\B1\B1.13.VOH-Rad_17_patch_2_3.jpg,B1,B2,0.9295
processed_data_cleaned\test\B1\B1.13.VOH-Rad_17_patch_2_4.jpg,B1,A1,0.9323
processed_data_cleaned\test\B1\B1.13.VOH-Rad_17_patch_3_2.jpg,B1,B2,0.6688
processed_data_cleaned\test\B1\B1.13.VOH-Rad_17_patch_3_3.jpg,B1,B2,0.7757
processed_data_cleaned\test\B1\B1.13.VOH-Rad_17_patch_3_4.jpg,B1,A1,0.8849
processed_data_cleaned\test\B1\B1.13.VOH-Rad_17_patch_3_5.jpg,B1,A1,0.5351
processed_data_cleaned\test\B1\B1.13.VOH-Rad_180_patch_0_3.jpg,B1,B2,0.6246
processed_data_cleaned\test\B1\B1.13.VOH-Rad_180_patch_1_3.jpg,B1,A1,0.5324
processed_data_cleaned\test\B1\B1.13.VOH-Rad_180_patch_1_5.jpg,B1,B2,0.9703
processed_data_cleaned\test\B1\B1.13.VOH-Rad_180_patch_2_0.jpg,B1,A2,0.8535
processed_data_cleaned\test\B1\B1.13.VOH-Rad_180_patch_2_1.jpg,B1,B2,0.6741
processed_data_cleaned\test\B1\B1.13.VOH-Rad_180_patch_3_0.jpg,B1,A1,0.5904
processed_data_cleaned\test\B1\B1.13.VOH-Rad_180_patch_3_3.jpg,B1,A1,0.6236
processed_data_cleaned\test\B1\B1.13.VOH-Rad_181_patch_0_4.jpg,B1,B2,0.5857
processed_data_cleaned\test\B1\B1.13.VOH-Rad_181_patch_1_2.jpg,B1,B2,0.7299
processed_data_cleaned\test\B1\B1.13.VOH-Rad_181_patch_1_3.jpg,B1,A1,0.5741
processed_data_cleaned\test\B1\B1.13.VOH-Rad_181_patch_1_5.jpg,B1,B2,0.9526
processed_data_cleaned\test\B1\B1.13.VOH-Rad_181_patch_2_0.jpg,B1,A2,0.7176
processed_data_cleaned\test\B1\B1.13.VOH-Rad_181_patch_2_1.jpg,B1,A2,0.3905
processed_data_cleaned\test\B1\B1.13.VOH-Rad_181_patch_2_5.jpg,B1,A2,0.4765
processed_data_cleaned\test\B1\B1.13.VOH-Rad_181_patch_3_0.jpg,B1,A1,0.5632
processed_data_cleaned\test\B1\B1.13.VOH-Rad_182_patch_1_1.jpg,B1,B2,0.7802
processed_data_cleaned\test\B1\B1.13.VOH-Rad_182_patch_2_0.jpg,B1,B2,0.6324
processed_data_cleaned\test\B1\B1.13.VOH-Rad_182_patch_2_1.jpg,B1,B2,0.7636
processed_data_cleaned\test\B1\B1.13.VOH-Rad_183_patch_0_2.jpg,B1,A1,0.8768
processed_data_cleaned\test\B1\B1.13.VOH-Rad_183_patch_0_3.jpg,B1,B2,0.5245
processed_data_cleaned\test\B1\B1.13.VOH-Rad_183_patch_0_4.jpg,B1,B2,0.7628
processed_data_cleaned\test\B1\B1.13.VOH-Rad_183_patch_0_5.jpg,B1,A1,0.4555
processed_data_cleaned\test\B1\B1.13.VOH-Rad_183_patch_2_0.jpg,B1,B2,0.9712
processed_data_cleaned\test\B1\B1.13.VOH-Rad_183_patch_3_0.jpg,B1,B2,0.989
processed_data_cleaned\test\B1\B1.13.VOH-Rad_183_patch_3_5.jpg,B1,B2,0.8471
processed_data_cleaned\test\B1\B1.13.VOH-Rad_184_patch_0_2.jpg,B1,A1,0.9787
processed_data_cleaned\test\B1\B1.13.VOH-Rad_184_patch_1_0.jpg,B1,A1,0.5581
processed_data_cleaned\test\B1\B1.13.VOH-Rad_184_patch_2_0.jpg,B1,B2,0.6095
processed_data_cleaned\test\B1\B1.13.VOH-Rad_184_patch_2_4.jpg,B1,A2,0.6602
processed_data_cleaned\test\B1\B1.13.VOH-Rad_184_patch_3_0.jpg,B1,B2,0.9798
processed_data_cleaned\test\B1\B1.13.VOH-Rad_184_patch_3_4.jpg,B1,B2,0.821
processed_data_cleaned\test\B1\B1.13.VOH-Rad_185_patch_0_0.jpg,B1,A1,0.514
processed_data_cleaned\test\B1\B1.13.VOH-Rad_185_patch_0_2.jpg,B1,B2,0.9962
processed_data_cleaned\test\B1\B1.13.VOH-Rad_185_patch_0_3.jpg,B1,B2,0.8927
processed_data_cleaned\test\B1\B1.13.VOH-Rad_185_patch_1_1.jpg,B1,A2,0.6967
processed_data_cleaned\test\B1\B1.13.VOH-Rad_185_patch_1_2.jpg,B1,A2,0.5735
processed_data_cleaned\test\B1\B1.13.VOH-Rad_185_patch_1_4.jpg,B1,A1,0.9814
processed_data_cleaned\test\B1\B1.13.VOH-Rad_185_patch_2_3.jpg,B1,B2,0.6568
processed_data_cleaned\test\B1\B1.13.VOH-Rad_185_patch_2_4.jpg,B1,B2,0.9842
processed_data_cleaned\test\B1\B1.13.VOH-Rad_185_patch_3_5.jpg,B1,A1,0.8123
processed_data_cleaned\test\B1\B1.13.VOH-Rad_186_patch_0_1.jpg,B1,A1,0.9798
processed_data_cleaned\test\B1\B1.13.VOH-Rad_186_patch_0_2.jpg,B1,A1,0.9996
processed_data_cleaned\test\B1\B1.13.VOH-Rad_186_patch_0_3.jpg,B1,B2,0.9993
processed_data_cleaned\test\B1\B1.13.VOH-Rad_186_patch_1_3.jpg,B1,A1,0.8765
processed_data_cleaned\test\B1\B1.13.VOH-Rad_186_patch_1_4.jpg,B1,B2,0.5389
processed_data_cleaned\test\B1\B1.13.VOH-Rad_186_patch_2_4.jpg,B1,B2,0.6556
processed_data_cleaned\test\B1\B1.13.VOH-Rad_188_patch_0_1.jpg,B1,A1,0.8239
processed_data_cleaned\test\B1\B1.13.VOH-Rad_188_patch_0_3.jpg,B1,A1,0.7917
processed_data_cleaned\test\B1\B1.13.VOH-Rad_188_patch_0_4.jpg,B1,A1,0.8015
processed_data_cleaned\test\B1\B1.13.VOH-Rad_188_patch_0_5.jpg,B1,A1,0.9874
processed_data_cleaned\test\B1\B1.13.VOH-Rad_188_patch_3_1.jpg,B1,A1,0.6753
processed_data_cleaned\test\B1\B1.13.VOH-Rad_188_patch_3_2.jpg,B1,A1,0.9831
processed_data_cleaned\test\B1\B1.13.VOH-Rad_189_patch_1_4.jpg,B1,B2,0.7167
processed_data_cleaned\test\B1\B1.13.VOH-Rad_189_patch_1_5.jpg,B1,B2,0.9902
processed_data_cleaned\test\B1\B1.13.VOH-Rad_18_patch_0_0.jpg,B1,B2,0.9751
processed_data_cleaned\test\B1\B1.13.VOH-Rad_18_patch_0_1.jpg,B1,B2,1.0
processed_data_cleaned\test\B1\B1.13.VOH-Rad_18_patch_0_2.jpg,B1,B2,0.5928
processed_data_cleaned\test\B1\B1.13.VOH-Rad_18_patch_1_2.jpg,B1,A1,0.912
processed_data_cleaned\test\B1\B1.13.VOH-Rad_18_patch_2_0.jpg,B1,A2,0.4615
processed_data_cleaned\test\B1\B1.13.VOH-Rad_18_patch_2_2.jpg,B1,B2,0.9946
processed_data_cleaned\test\B1\B1.13.VOH-Rad_18_patch_2_3.jpg,B1,B2,0.7935
processed_data_cleaned\test\B1\B1.13.VOH-Rad_18_patch_2_4.jpg,B1,A1,0.5577
processed_data_cleaned\test\B1\B1.13.VOH-Rad_18_patch_2_5.jpg,B1,A1,0.6385
processed_data_cleaned\test\B1\B1.13.VOH-Rad_18_patch_3_3.jpg,B1,B2,0.4702
processed_data_cleaned\test\B1\B1.13.VOH-Rad_18_patch_3_4.jpg,B1,A1,0.7674
processed_data_cleaned\test\B1\B1.13.VOH-Rad_18_patch_3_5.jpg,B1,B2,0.4432
processed_data_cleaned\test\B1\B1.13.VOH-Rad_190_patch_0_1.jpg,B1,B2,0.9999
processed_data_cleaned\test\B1\B1.13.VOH-Rad_190_patch_0_2.jpg,B1,B2,0.9971
processed_data_cleaned\test\B1\B1.13.VOH-Rad_190_patch_0_3.jpg,B1,B2,0.9997
processed_data_cleaned\test\B1\B1.13.VOH-Rad_190_patch_1_1.jpg,B1,B2,0.9325
processed_data_cleaned\test\B1\B1.13.VOH-Rad_190_patch_1_2.jpg,B1,B2,0.6601
processed_data_cleaned\test\B1\B1.13.VOH-Rad_190_patch_1_3.jpg,B1,B2,0.9883
processed_data_cleaned\test\B1\B1.13.VOH-Rad_190_patch_1_4.jpg,B1,B2,1.0
processed_data_cleaned\test\B1\B1.13.VOH-Rad_190_patch_1_5.jpg,B1,B2,0.8912
processed_data_cleaned\test\B1\B1.13.VOH-Rad_190_patch_2_0.jpg,B1,A1,0.5189
processed_data_cleaned\test\B1\B1.13.VOH-Rad_190_patch_2_1.jpg,B1,A1,0.862
processed_data_cleaned\test\B1\B1.13.VOH-Rad_190_patch_2_2.jpg,B1,B2,0.758
processed_data_cleaned\test\B1\B1.13.VOH-Rad_190_patch_2_4.jpg,B1,A1,0.4559
processed_data_cleaned\test\B1\B1.13.VOH-Rad_190_patch_3_0.jpg,B1,A1,0.9956
processed_data_cleaned\test\B1\B1.13.VOH-Rad_190_patch_3_5.jpg,B1,A1,0.9913
processed_data_cleaned\test\B1\B1.13.VOH-Rad_191_patch_0_0.jpg,B1,A1,0.9979
processed_data_cleaned\test\B1\B1.13.VOH-Rad_191_patch_0_2.jpg,B1,B2,0.9974
processed_data_cleaned\test\B1\B1.13.VOH-Rad_191_patch_0_3.jpg,B1,B2,1.0
processed_data_cleaned\test\B1\B1.13.VOH-Rad_191_patch_1_1.jpg,B1,B2,0.6779
processed_data_cleaned\test\B1\B1.13.VOH-Rad_191_patch_1_2.jpg,B1,B2,0.4148
processed_data_cleaned\test\B1\B1.13.VOH-Rad_191_patch_1_3.jpg,B1,B2,0.9532
processed_data_cleaned\test\B1\B1.13.VOH-Rad_191_patch_1_4.jpg,B1,B2,0.9993
processed_data_cleaned\test\B1\B1.13.VOH-Rad_191_patch_1_5.jpg,B1,B2,0.7375
processed_data_cleaned\test\B1\B1.13.VOH-Rad_191_patch_2_2.jpg,B1,A1,0.8932
processed_data_cleaned\test\B1\B1.13.VOH-Rad_191_patch_2_5.jpg,B1,A1,0.6046
processed_data_cleaned\test\B1\B1.13.VOH-Rad_191_patch_3_0.jpg,B1,A1,0.8641
processed_data_cleaned\test\B1\B1.13.VOH-Rad_191_patch_3_4.jpg,B1,A1,0.8722
processed_data_cleaned\test\B1\B1.13.VOH-Rad_191_patch_3_5.jpg,B1,A1,0.9915
processed_data_cleaned\test\B1\B1.13.VOH-Rad_192_patch_0_1.jpg,B1,B2,0.9544
processed_data_cleaned\test\B1\B1.13.VOH-Rad_192_patch_0_2.jpg,B1,B2,0.9926
processed_data_cleaned\test\B1\B1.13.VOH-Rad_192_patch_1_1.jpg,B1,B2,0.8662
processed_data_cleaned\test\B1\B1.13.VOH-Rad_192_patch_1_2.jpg,B1,B2,0.7487
processed_data_cleaned\test\B1\B1.13.VOH-Rad_192_patch_1_3.jpg,B1,B2,0.9328
processed_data_cleaned\test\B1\B1.13.VOH-Rad_192_patch_1_4.jpg,B1,B2,0.9983
processed_data_cleaned\test\B1\B1.13.VOH-Rad_192_patch_1_5.jpg,B1,B2,0.6359
processed_data_cleaned\test\B1\B1.13.VOH-Rad_192_patch_2_1.jpg,B1,A1,0.9946
processed_data_cleaned\test\B1\B1.13.VOH-Rad_192_patch_2_2.jpg,B1,A1,0.7668
processed_data_cleaned\test\B1\B1.13.VOH-Rad_192_patch_2_3.jpg,B1,A1,0.9927
processed_data_cleaned\test\B1\B1.13.VOH-Rad_192_patch_2_4.jpg,B1,A1,0.959
processed_data_cleaned\test\B1\B1.13.VOH-Rad_192_patch_2_5.jpg,B1,A1,0.9001
processed_data_cleaned\test\B1\B1.13.VOH-Rad_192_patch_3_1.jpg,B1,A1,0.5578
processed_data_cleaned\test\B1\B1.13.VOH-Rad_192_patch_3_2.jpg,B1,A1,0.8194
processed_data_cleaned\test\B1\B1.13.VOH-Rad_192_patch_3_3.jpg,B1,A1,0.9971
processed_data_cleaned\test\B1\B1.13.VOH-Rad_192_patch_3_5.jpg,B1,A1,0.9999
processed_data_cleaned\test\B1\B1.13.VOH-Rad_193_patch_0_2.jpg,B1,B2,0.6701
processed_data_cleaned\test\B1\B1.13.VOH-Rad_193_patch_0_4.jpg,B1,B2,0.4784
processed_data_cleaned\test\B1\B1.13.VOH-Rad_193_patch_0_5.jpg,B1,A1,0.9997
processed_data_cleaned\test\B1\B1.13.VOH-Rad_193_patch_1_4.jpg,B1,A1,0.776
processed_data_cleaned\test\B1\B1.13.VOH-Rad_193_patch_2_5.jpg,B1,A1,0.4089
processed_data_cleaned\test\B1\B1.13.VOH-Rad_195_patch_1_0.jpg,B1,B2,0.533
processed_data_cleaned\test\B1\B1.13.VOH-Rad_195_patch_1_3.jpg,B1,A1,0.9098
processed_data_cleaned\test\B1\B1.13.VOH-Rad_195_patch_2_0.jpg,B1,B2,0.4461
processed_data_cleaned\test\B1\B1.13.VOH-Rad_195_patch_2_3.jpg,B1,A1,0.6641
processed_data_cleaned\test\B1\B1.13.VOH-Rad_195_patch_2_4.jpg,B1,A1,0.996
processed_data_cleaned\test\B1\B1.13.VOH-Rad_195_patch_3_0.jpg,B1,B2,0.9628
processed_data_cleaned\test\B1\B1.13.VOH-Rad_195_patch_3_3.jpg,B1,A1,0.9582
processed_data_cleaned\test\B1\B1.13.VOH-Rad_195_patch_3_4.jpg,B1,A1,0.9119
processed_data_cleaned\test\B1\B1.13.VOH-Rad_196_patch_0_1.jpg,B1,B2,0.871
processed_data_cleaned\test\B1\B1.13.VOH-Rad_196_patch_0_2.jpg,B1,B2,0.6858
processed_data_cleaned\test\B1\B1.13.VOH-Rad_196_patch_1_0.jpg,B1,B2,0.5883
processed_data_cleaned\test\B1\B1.13.VOH-Rad_196_patch_1_1.jpg,B1,A1,0.6865
processed_data_cleaned\test\B1\B1.13.VOH-Rad_196_patch_1_5.jpg,B1,A1,0.5561
processed_data_cleaned\test\B1\B1.13.VOH-Rad_196_patch_2_1.jpg,B1,A1,0.8148
processed_data_cleaned\test\B1\B1.13.VOH-Rad_196_patch_2_4.jpg,B1,A1,0.6797
processed_data_cleaned\test\B1\B1.13.VOH-Rad_196_patch_3_3.jpg,B1,A1,0.5268
processed_data_cleaned\test\B1\B1.13.VOH-Rad_196_patch_3_5.jpg,B1,A2,0.6121
processed_data_cleaned\test\B1\B1.13.VOH-Rad_197_patch_1_2.jpg,B1,B2,0.9169
processed_data_cleaned\test\B1\B1.13.VOH-Rad_197_patch_1_3.jpg,B1,B2,0.5457
processed_data_cleaned\test\B1\B1.13.VOH-Rad_197_patch_2_2.jpg,B1,A1,0.6339
processed_data_cleaned\test\B1\B1.13.VOH-Rad_197_patch_2_3.jpg,B1,A1,0.6687
processed_data_cleaned\test\B1\B1.13.VOH-Rad_198_patch_1_1.jpg,B1,A1,0.8139
processed_data_cleaned\test\B1\B1.13.VOH-Rad_198_patch_1_2.jpg,B1,A1,0.5834
processed_data_cleaned\test\B1\B1.13.VOH-Rad_198_patch_2_1.jpg,B1,A1,0.8183
processed_data_cleaned\test\B1\B1.13.VOH-Rad_198_patch_3_0.jpg,B1,A1,0.6727
processed_data_cleaned\test\B1\B1.13.VOH-Rad_199_patch_0_1.jpg,B1,A2,0.9526
processed_data_cleaned\test\B1\B1.13.VOH-Rad_199_patch_0_2.jpg,B1,A1,0.5272
processed_data_cleaned\test\B1\B1.13.VOH-Rad_199_patch_0_3.jpg,B1,A2,0.5911
processed_data_cleaned\test\B1\B1.13.VOH-Rad_199_patch_0_4.jpg,B1,A2,0.5182
processed_data_cleaned\test\B1\B1.13.VOH-Rad_199_patch_2_2.jpg,B1,A1,0.7396
processed_data_cleaned\test\B1\B1.13.VOH-Rad_199_patch_3_1.jpg,B1,A1,0.9264
processed_data_cleaned\test\B1\B1.13.VOH-Rad_19_patch_1_0.jpg,B1,A1,0.9289
processed_data_cleaned\test\B1\B1.13.VOH-Rad_19_patch_1_1.jpg,B1,A1,0.8746
processed_data_cleaned\test\B1\B1.13.VOH-Rad_19_patch_3_3.jpg,B1,A1,0.632
processed_data_cleaned\test\B1\B1.13.VOH-Rad_200_patch_0_0.jpg,B1,A1,0.8683
processed_data_cleaned\test\B1\B1.13.VOH-Rad_200_patch_0_1.jpg,B1,A1,0.504
processed_data_cleaned\test\B1\B1.13.VOH-Rad_200_patch_0_2.jpg,B1,A1,0.9506
processed_data_cleaned\test\B1\B1.13.VOH-Rad_200_patch_0_4.jpg,B1,B2,0.8016
processed_data_cleaned\test\B1\B1.13.VOH-Rad_200_patch_0_5.jpg,B1,B2,0.917
processed_data_cleaned\test\B1\B1.13.VOH-Rad_200_patch_1_1.jpg,B1,A2,0.6578
processed_data_cleaned\test\B1\B1.13.VOH-Rad_200_patch_2_0.jpg,B1,A2,0.4899
processed_data_cleaned\test\B1\B1.13.VOH-Rad_200_patch_2_2.jpg,B1,A2,0.7436
processed_data_cleaned\test\B1\B1.13.VOH-Rad_200_patch_2_3.jpg,B1,A1,0.7863
processed_data_cleaned\test\B1\B1.13.VOH-Rad_200_patch_3_3.jpg,B1,A1,0.7467
processed_data_cleaned\test\B1\B1.13.VOH-Rad_201_patch_1_0.jpg,B1,A1,0.7391
processed_data_cleaned\test\B1\B1.13.VOH-Rad_201_patch_1_4.jpg,B1,B2,0.9679
processed_data_cleaned\test\B1\B1.13.VOH-Rad_201_patch_2_2.jpg,B1,A1,0.8234
processed_data_cleaned\test\B1\B1.13.VOH-Rad_201_patch_3_1.jpg,B1,B2,0.9953
processed_data_cleaned\test\B1\B1.13.VOH-Rad_201_patch_3_4.jpg,B1,B2,0.6746
processed_data_cleaned\test\B1\B1.13.VOH-Rad_202_patch_1_4.jpg,B1,B2,0.936
processed_data_cleaned\test\B1\B1.13.VOH-Rad_202_patch_2_2.jpg,B1,A1,0.9351
processed_data_cleaned\test\B1\B1.13.VOH-Rad_202_patch_2_3.jpg,B1,A1,0.8459
processed_data_cleaned\test\B1\B1.13.VOH-Rad_202_patch_2_5.jpg,B1,B2,0.7557
processed_data_cleaned\test\B1\B1.13.VOH-Rad_202_patch_3_1.jpg,B1,B2,0.9769
processed_data_cleaned\test\B1\B1.13.VOH-Rad_202_patch_3_4.jpg,B1,B2,0.6933
processed_data_cleaned\test\B1\B1.13.VOH-Rad_203_patch_0_0.jpg,B1,B2,0.8781
processed_data_cleaned\test\B1\B1.13.VOH-Rad_203_patch_0_3.jpg,B1,A1,0.9997
processed_data_cleaned\test\B1\B1.13.VOH-Rad_203_patch_1_0.jpg,B1,A2,0.6706
processed_data_cleaned\test\B1\B1.13.VOH-Rad_203_patch_1_1.jpg,B1,A1,0.7333
processed_data_cleaned\test\B1\B1.13.VOH-Rad_203_patch_2_4.jpg,B1,B2,0.5923
processed_data_cleaned\test\B1\B1.13.VOH-Rad_203_patch_3_2.jpg,B1,A1,0.9072
processed_data_cleaned\test\B1\B1.13.VOH-Rad_203_patch_3_5.jpg,B1,B2,0.6778
processed_data_cleaned\test\B1\B1.13.VOH-Rad_204_patch_0_2.jpg,B1,B2,0.9924
processed_data_cleaned\test\B1\B1.13.VOH-Rad_204_patch_1_1.jpg,B1,B2,0.967
processed_data_cleaned\test\B1\B1.13.VOH-Rad_204_patch_1_5.jpg,B1,B2,0.5385
processed_data_cleaned\test\B1\B1.13.VOH-Rad_204_patch_2_1.jpg,B1,B2,0.9476
processed_data_cleaned\test\B1\B1.13.VOH-Rad_204_patch_2_3.jpg,B1,B2,0.978
processed_data_cleaned\test\B1\B1.13.VOH-Rad_204_patch_2_4.jpg,B1,B2,0.9339
processed_data_cleaned\test\B1\B1.13.VOH-Rad_204_patch_2_5.jpg,B1,B2,0.9912
processed_data_cleaned\test\B1\B1.13.VOH-Rad_204_patch_3_1.jpg,B1,B2,0.9725
processed_data_cleaned\test\B1\B1.13.VOH-Rad_204_patch_3_2.jpg,B1,A2,0.552
processed_data_cleaned\test\B1\B1.13.VOH-Rad_204_patch_3_3.jpg,B1,B2,0.8193
processed_data_cleaned\test\B1\B1.13.VOH-Rad_204_patch_3_5.jpg,B1,B2,0.9041
processed_data_cleaned\test\B1\B1.13.VOH-Rad_205_patch_0_2.jpg,B1,A2,0.9233
processed_data_cleaned\test\B1\B1.13.VOH-Rad_205_patch_0_3.jpg,B1,A2,0.9942
processed_data_cleaned\test\B1\B1.13.VOH-Rad_205_patch_1_0.jpg,B1,B2,0.9209
processed_data_cleaned\test\B1\B1.13.VOH-Rad_205_patch_1_1.jpg,B1,B2,0.8063
processed_data_cleaned\test\B1\B1.13.VOH-Rad_205_patch_1_4.jpg,B1,B2,0.9992
processed_data_cleaned\test\B1\B1.13.VOH-Rad_205_patch_2_3.jpg,B1,A1,0.6325
processed_data_cleaned\test\B1\B1.13.VOH-Rad_205_patch_2_4.jpg,B1,B2,0.9984
processed_data_cleaned\test\B1\B1.13.VOH-Rad_205_patch_2_5.jpg,B1,B2,0.9541
processed_data_cleaned\test\B1\B1.13.VOH-Rad_205_patch_3_4.jpg,B1,B2,0.8705
processed_data_cleaned\test\B1\B1.13.VOH-Rad_206_patch_0_3.jpg,B1,A2,0.927
processed_data_cleaned\test\B1\B1.13.VOH-Rad_206_patch_1_0.jpg,B1,B2,0.846
processed_data_cleaned\test\B1\B1.13.VOH-Rad_206_patch_1_3.jpg,B1,A2,0.8485
processed_data_cleaned\test\B1\B1.13.VOH-Rad_206_patch_2_3.jpg,B1,B2,0.4141
processed_data_cleaned\test\B1\B1.13.VOH-Rad_206_patch_2_4.jpg,B1,B2,0.904
processed_data_cleaned\test\B1\B1.13.VOH-Rad_206_patch_2_5.jpg,B1,B2,0.6876
processed_data_cleaned\test\B1\B1.13.VOH-Rad_206_patch_3_4.jpg,B1,B2,0.7211
processed_data_cleaned\test\B1\B1.13.VOH-Rad_207_patch_0_0.jpg,B1,B2,0.7121
processed_data_cleaned\test\B1\B1.13.VOH-Rad_207_patch_0_4.jpg,B1,B2,0.9936
processed_data_cleaned\test\B1\B1.13.VOH-Rad_207_patch_0_5.jpg,B1,B2,0.939
processed_data_cleaned\test\B1\B1.13.VOH-Rad_207_patch_1_1.jpg,B1,A1,0.3803
processed_data_cleaned\test\B1\B1.13.VOH-Rad_207_patch_1_2.jpg,B1,B2,0.8301
processed_data_cleaned\test\B1\B1.13.VOH-Rad_207_patch_1_4.jpg,B1,B2,0.9985
processed_data_cleaned\test\B1\B1.13.VOH-Rad_207_patch_2_0.jpg,B1,A1,0.9398
processed_data_cleaned\test\B1\B1.13.VOH-Rad_207_patch_2_1.jpg,B1,B2,0.6402
processed_data_cleaned\test\B1\B1.13.VOH-Rad_207_patch_2_2.jpg,B1,B2,0.9998
processed_data_cleaned\test\B1\B1.13.VOH-Rad_207_patch_2_3.jpg,B1,B2,0.9513
processed_data_cleaned\test\B1\B1.13.VOH-Rad_207_patch_2_5.jpg,B1,A1,0.8266
processed_data_cleaned\test\B1\B1.13.VOH-Rad_207_patch_3_3.jpg,B1,B2,0.8457
processed_data_cleaned\test\B1\B1.13.VOH-Rad_207_patch_3_5.jpg,B1,A1,0.6121
processed_data_cleaned\test\B1\B1.13.VOH-Rad_208_patch_0_3.jpg,B1,B2,0.6846
processed_data_cleaned\test\B1\B1.13.VOH-Rad_208_patch_0_4.jpg,B1,B2,0.8402
processed_data_cleaned\test\B1\B1.13.VOH-Rad_208_patch_1_2.jpg,B1,B2,0.7721
processed_data_cleaned\test\B1\B1.13.VOH-Rad_208_patch_1_4.jpg,B1,B2,0.6532
processed_data_cleaned\test\B1\B1.13.VOH-Rad_208_patch_1_5.jpg,B1,B2,0.8416
processed_data_cleaned\test\B1\B1.13.VOH-Rad_208_patch_2_5.jpg,B1,B2,1.0
processed_data_cleaned\test\B1\B1.13.VOH-Rad_208_patch_3_1.jpg,B1,B2,0.9999
processed_data_cleaned\test\B1\B1.13.VOH-Rad_208_patch_3_5.jpg,B1,B2,0.9819
processed_data_cleaned\test\B1\B1.13.VOH-Rad_20_patch_1_1.jpg,B1,A1,0.8497
processed_data_cleaned\test\B1\B1.13.VOH-Rad_20_patch_1_4.jpg,B1,B2,0.6714
processed_data_cleaned\test\B1\B1.13.VOH-Rad_20_patch_1_5.jpg,B1,A1,0.9823
processed_data_cleaned\test\B1\B1.13.VOH-Rad_20_patch_2_5.jpg,B1,B2,0.768
processed_data_cleaned\test\B1\B1.13.VOH-Rad_20_patch_3_1.jpg,B1,A1,0.8453
processed_data_cleaned\test\B1\B1.13.VOH-Rad_21_patch_0_3.jpg,B1,A1,0.7068
processed_data_cleaned\test\B1\B1.13.VOH-Rad_21_patch_1_4.jpg,B1,B2,0.8557
processed_data_cleaned\test\B1\B1.13.VOH-Rad_21_patch_1_5.jpg,B1,A1,0.9955
processed_data_cleaned\test\B1\B1.13.VOH-Rad_21_patch_2_4.jpg,B1,B2,0.8016
processed_data_cleaned\test\B1\B1.13.VOH-Rad_21_patch_2_5.jpg,B1,A1,0.5578
processed_data_cleaned\test\B1\B1.13.VOH-Rad_22_patch_0_0.jpg,B1,A2,0.9542
processed_data_cleaned\test\B1\B1.13.VOH-Rad_22_patch_1_2.jpg,B1,A1,0.3897
processed_data_cleaned\test\B1\B1.13.VOH-Rad_22_patch_1_3.jpg,B1,A1,0.4904
processed_data_cleaned\test\B1\B1.13.VOH-Rad_22_patch_1_4.jpg,B1,B2,0.845
processed_data_cleaned\test\B1\B1.13.VOH-Rad_23_patch_0_0.jpg,B1,A2,0.6963
processed_data_cleaned\test\B1\B1.13.VOH-Rad_23_patch_0_1.jpg,B1,B2,0.9807
processed_data_cleaned\test\B1\B1.13.VOH-Rad_23_patch_0_2.jpg,B1,B2,0.9966
processed_data_cleaned\test\B1\B1.13.VOH-Rad_23_patch_0_3.jpg,B1,B2,0.9179
processed_data_cleaned\test\B1\B1.13.VOH-Rad_23_patch_1_3.jpg,B1,B2,0.944
processed_data_cleaned\test\B1\B1.13.VOH-Rad_23_patch_3_2.jpg,B1,A1,0.6105
processed_data_cleaned\test\B1\B1.13.VOH-Rad_24_patch_0_1.jpg,B1,B2,0.7948
processed_data_cleaned\test\B1\B1.13.VOH-Rad_24_patch_0_2.jpg,B1,B2,0.8549
processed_data_cleaned\test\B1\B1.13.VOH-Rad_24_patch_1_1.jpg,B1,B2,0.9057
processed_data_cleaned\test\B1\B1.13.VOH-Rad_24_patch_1_2.jpg,B1,B2,0.9953
processed_data_cleaned\test\B1\B1.13.VOH-Rad_24_patch_2_1.jpg,B1,B2,0.9767
processed_data_cleaned\test\B1\B1.13.VOH-Rad_24_patch_2_2.jpg,B1,B2,0.6008
processed_data_cleaned\test\B1\B1.13.VOH-Rad_24_patch_3_1.jpg,B1,A2,0.8972
processed_data_cleaned\test\B1\B1.13.VOH-Rad_24_patch_3_3.jpg,B1,B2,0.7627
processed_data_cleaned\test\B1\B1.13.VOH-Rad_25_patch_0_1.jpg,B1,B2,0.965
processed_data_cleaned\test\B1\B1.13.VOH-Rad_25_patch_0_2.jpg,B1,B2,0.4976
processed_data_cleaned\test\B1\B1.13.VOH-Rad_25_patch_0_3.jpg,B1,B2,0.9447
processed_data_cleaned\test\B1\B1.13.VOH-Rad_25_patch_1_0.jpg,B1,B2,0.6064
processed_data_cleaned\test\B1\B1.13.VOH-Rad_25_patch_1_1.jpg,B1,A2,0.5573
processed_data_cleaned\test\B1\B1.13.VOH-Rad_25_patch_1_2.jpg,B1,B2,0.9951
processed_data_cleaned\test\B1\B1.13.VOH-Rad_25_patch_2_1.jpg,B1,B2,0.9711
processed_data_cleaned\test\B1\B1.13.VOH-Rad_25_patch_3_1.jpg,B1,B2,0.6962
processed_data_cleaned\test\B1\B1.13.VOH-Rad_26_patch_0_0.jpg,B1,B2,0.9879
processed_data_cleaned\test\B1\B1.13.VOH-Rad_26_patch_0_3.jpg,B1,B2,0.897
processed_data_cleaned\test\B1\B1.13.VOH-Rad_26_patch_1_0.jpg,B1,B2,0.98
processed_data_cleaned\test\B1\B1.13.VOH-Rad_26_patch_1_2.jpg,B1,B2,0.9948
processed_data_cleaned\test\B1\B1.13.VOH-Rad_26_patch_1_3.jpg,B1,B2,0.918
processed_data_cleaned\test\B1\B1.13.VOH-Rad_26_patch_2_0.jpg,B1,A1,0.9641
processed_data_cleaned\test\B1\B1.13.VOH-Rad_26_patch_2_2.jpg,B1,B2,0.5855
processed_data_cleaned\test\B1\B1.13.VOH-Rad_26_patch_2_3.jpg,B1,A1,0.9864
processed_data_cleaned\test\B1\B1.13.VOH-Rad_26_patch_2_4.jpg,B1,B2,0.7828
processed_data_cleaned\test\B1\B1.13.VOH-Rad_26_patch_3_1.jpg,B1,A1,0.5474
processed_data_cleaned\test\B1\B1.13.VOH-Rad_26_patch_3_2.jpg,B1,B2,0.6358
processed_data_cleaned\test\B1\B1.13.VOH-Rad_26_patch_3_3.jpg,B1,B2,0.9911
processed_data_cleaned\test\B1\B1.13.VOH-Rad_26_patch_3_4.jpg,B1,A1,0.7418
processed_data_cleaned\test\B1\B1.13.VOH-Rad_26_patch_3_5.jpg,B1,B2,0.9883
processed_data_cleaned\test\B1\B1.13.VOH-Rad_27_patch_1_5.jpg,B1,A2,0.5337
processed_data_cleaned\test\B1\B1.13.VOH-Rad_27_patch_3_4.jpg,B1,A1,0.5945
processed_data_cleaned\test\B1\B1.13.VOH-Rad_28_patch_2_1.jpg,B1,A1,0.771
processed_data_cleaned\test\B1\B1.13.VOH-Rad_28_patch_2_3.jpg,B1,A1,0.5685
processed_data_cleaned\test\B1\B1.13.VOH-Rad_28_patch_3_1.jpg,B1,A1,0.8218
processed_data_cleaned\test\B1\B1.13.VOH-Rad_29_patch_2_4.jpg,B1,A1,0.5187
processed_data_cleaned\test\B1\B1.13.VOH-Rad_30_patch_2_1.jpg,B1,A1,0.8491
processed_data_cleaned\test\B1\B1.13.VOH-Rad_31_patch_0_1.jpg,B1,A1,0.7036
processed_data_cleaned\test\B1\B1.13.VOH-Rad_31_patch_0_2.jpg,B1,A1,1.0
processed_data_cleaned\test\B1\B1.13.VOH-Rad_31_patch_0_3.jpg,B1,A1,0.9997
processed_data_cleaned\test\B1\B1.13.VOH-Rad_31_patch_0_4.jpg,B1,A1,1.0
processed_data_cleaned\test\B1\B1.13.VOH-Rad_31_patch_0_5.jpg,B1,A1,0.9998
processed_data_cleaned\test\B1\B1.13.VOH-Rad_31_patch_1_1.jpg,B1,A1,0.9994
processed_data_cleaned\test\B1\B1.13.VOH-Rad_31_patch_1_2.jpg,B1,A1,0.9998
processed_data_cleaned\test\B1\B1.13.VOH-Rad_31_patch_1_3.jpg,B1,A1,0.7557
processed_data_cleaned\test\B1\B1.13.VOH-Rad_31_patch_1_4.jpg,B1,A1,0.9991
processed_data_cleaned\test\B1\B1.13.VOH-Rad_31_patch_1_5.jpg,B1,A1,0.9609
processed_data_cleaned\test\B1\B1.13.VOH-Rad_31_patch_2_0.jpg,B1,A1,0.6612
processed_data_cleaned\test\B1\B1.13.VOH-Rad_31_patch_2_1.jpg,B1,A1,1.0
processed_data_cleaned\test\B1\B1.13.VOH-Rad_31_patch_2_2.jpg,B1,A1,0.9996
processed_data_cleaned\test\B1\B1.13.VOH-Rad_31_patch_2_3.jpg,B1,A1,0.9999
processed_data_cleaned\test\B1\B1.13.VOH-Rad_31_patch_2_4.jpg,B1,A1,1.0
processed_data_cleaned\test\B1\B1.13.VOH-Rad_31_patch_2_5.jpg,B1,A1,0.9996
processed_data_cleaned\test\B1\B1.13.VOH-Rad_31_patch_3_0.jpg,B1,A1,0.9945
processed_data_cleaned\test\B1\B1.13.VOH-Rad_31_patch_3_1.jpg,B1,A1,1.0
processed_data_cleaned\test\B1\B1.13.VOH-Rad_31_patch_3_2.jpg,B1,A1,0.998
processed_data_cleaned\test\B1\B1.13.VOH-Rad_31_patch_3_3.jpg,B1,A1,0.9999
processed_data_cleaned\test\B1\B1.13.VOH-Rad_31_patch_3_4.jpg,B1,A1,0.9733
processed_data_cleaned\test\B1\B1.13.VOH-Rad_32_patch_0_1.jpg,B1,B2,0.4755
processed_data_cleaned\test\B1\B1.13.VOH-Rad_32_patch_2_2.jpg,B1,B2,0.5382
processed_data_cleaned\test\B1\B1.13.VOH-Rad_32_patch_3_1.jpg,B1,A1,0.8471
processed_data_cleaned\test\B1\B1.13.VOH-Rad_32_patch_3_3.jpg,B1,A1,0.9834
processed_data_cleaned\test\B1\B1.13.VOH-Rad_32_patch_3_5.jpg,B1,A1,0.5213
processed_data_cleaned\test\B1\B1.13.VOH-Rad_33_patch_0_2.jpg,B1,A1,0.771
processed_data_cleaned\test\B1\B1.13.VOH-Rad_33_patch_1_5.jpg,B1,A1,0.9929
processed_data_cleaned\test\B1\B1.13.VOH-Rad_33_patch_2_5.jpg,B1,A1,0.9963
processed_data_cleaned\test\B1\B1.13.VOH-Rad_33_patch_3_5.jpg,B1,A1,0.714
processed_data_cleaned\test\B1\B1.13.VOH-Rad_34_patch_0_5.jpg,B1,A1,0.9994
processed_data_cleaned\test\B1\B1.13.VOH-Rad_34_patch_1_3.jpg,B1,A1,0.7237
processed_data_cleaned\test\B1\B1.13.VOH-Rad_34_patch_1_4.jpg,B1,A1,0.7142
processed_data_cleaned\test\B1\B1.13.VOH-Rad_34_patch_1_5.jpg,B1,A1,0.9971
processed_data_cleaned\test\B1\B1.13.VOH-Rad_34_patch_2_4.jpg,B1,A1,0.7978
processed_data_cleaned\test\B1\B1.13.VOH-Rad_34_patch_2_5.jpg,B1,A1,0.9995
processed_data_cleaned\test\B1\B1.13.VOH-Rad_34_patch_3_4.jpg,B1,A1,0.977
processed_data_cleaned\test\B1\B1.13.VOH-Rad_34_patch_3_5.jpg,B1,A1,0.9999
processed_data_cleaned\test\B1\B1.13.VOH-Rad_35_patch_1_5.jpg,B1,A1,0.8937
processed_data_cleaned\test\B1\B1.13.VOH-Rad_35_patch_2_5.jpg,B1,A1,0.9776
processed_data_cleaned\test\B1\B1.13.VOH-Rad_35_patch_3_5.jpg,B1,A1,0.6752
processed_data_cleaned\test\B1\B1.13.VOH-Rad_36_patch_0_0.jpg,B1,A1,0.3898
processed_data_cleaned\test\B1\B1.13.VOH-Rad_36_patch_2_5.jpg,B1,A1,0.9301
processed_data_cleaned\test\B1\B1.13.VOH-Rad_36_patch_3_0.jpg,B1,B2,0.7966
processed_data_cleaned\test\B1\B1.13.VOH-Rad_36_patch_3_1.jpg,B1,A1,0.703
processed_data_cleaned\test\B1\B1.13.VOH-Rad_36_patch_3_5.jpg,B1,A1,0.9451
processed_data_cleaned\test\B1\B1.13.VOH-Rad_37_patch_0_0.jpg,B1,A1,0.5004
processed_data_cleaned\test\B1\B1.13.VOH-Rad_37_patch_0_4.jpg,B1,A2,0.8424
processed_data_cleaned\test\B1\B1.13.VOH-Rad_37_patch_0_5.jpg,B1,A1,0.9584
processed_data_cleaned\test\B1\B1.13.VOH-Rad_37_patch_3_1.jpg,B1,A1,0.6843
processed_data_cleaned\test\B1\B1.13.VOH-Rad_38_patch_0_4.jpg,B1,A2,0.8947
processed_data_cleaned\test\B1\B1.13.VOH-Rad_38_patch_0_5.jpg,B1,A1,0.8831
processed_data_cleaned\test\B1\B1.13.VOH-Rad_38_patch_1_5.jpg,B1,A1,0.4198
processed_data_cleaned\test\B1\B1.13.VOH-Rad_38_patch_2_4.jpg,B1,B2,0.3592
processed_data_cleaned\test\B1\B1.13.VOH-Rad_38_patch_3_0.jpg,B1,A1,0.8519
processed_data_cleaned\test\B1\B1.13.VOH-Rad_38_patch_3_1.jpg,B1,A1,0.8011
processed_data_cleaned\test\B1\B1.13.VOH-Rad_38_patch_3_5.jpg,B1,A1,0.7046
processed_data_cleaned\test\B1\B1.13.VOH-Rad_39_patch_1_5.jpg,B1,A1,0.9771
processed_data_cleaned\test\B1\B1.13.VOH-Rad_39_patch_2_4.jpg,B1,A1,0.821
processed_data_cleaned\test\B1\B1.13.VOH-Rad_39_patch_2_5.jpg,B1,A1,0.5174
processed_data_cleaned\test\B1\B1.13.VOH-Rad_39_patch_3_4.jpg,B1,A1,0.9979
processed_data_cleaned\test\B1\B1.13.VOH-Rad_39_patch_3_5.jpg,B1,A1,0.9312
processed_data_cleaned\test\B1\B1.13.VOH-Rad_40_patch_1_5.jpg,B1,A1,0.9792
processed_data_cleaned\test\B1\B1.13.VOH-Rad_40_patch_2_4.jpg,B1,A1,0.5337
processed_data_cleaned\test\B1\B1.13.VOH-Rad_40_patch_2_5.jpg,B1,A1,0.8405
processed_data_cleaned\test\B1\B1.13.VOH-Rad_40_patch_3_0.jpg,B1,A1,0.9271
processed_data_cleaned\test\B1\B1.13.VOH-Rad_40_patch_3_5.jpg,B1,A1,0.9106
processed_data_cleaned\test\B1\B1.13.VOH-Rad_41_patch_0_5.jpg,B1,A1,0.9679
processed_data_cleaned\test\B1\B1.13.VOH-Rad_41_patch_1_5.jpg,B1,A1,0.6916
processed_data_cleaned\test\B1\B1.13.VOH-Rad_41_patch_2_1.jpg,B1,A1,0.9698
processed_data_cleaned\test\B1\B1.13.VOH-Rad_41_patch_2_5.jpg,B1,B2,0.9405
processed_data_cleaned\test\B1\B1.13.VOH-Rad_41_patch_3_5.jpg,B1,A1,0.9974
processed_data_cleaned\test\B1\B1.13.VOH-Rad_42_patch_0_5.jpg,B1,A1,0.9995
processed_data_cleaned\test\B1\B1.13.VOH-Rad_42_patch_1_4.jpg,B1,A1,0.9638
processed_data_cleaned\test\B1\B1.13.VOH-Rad_42_patch_1_5.jpg,B1,A1,0.9997
processed_data_cleaned\test\B1\B1.13.VOH-Rad_42_patch_2_4.jpg,B1,A1,0.7524
processed_data_cleaned\test\B1\B1.13.VOH-Rad_42_patch_2_5.jpg,B1,A1,0.74
processed_data_cleaned\test\B1\B1.13.VOH-Rad_42_patch_3_2.jpg,B1,A1,0.6511
processed_data_cleaned\test\B1\B1.13.VOH-Rad_42_patch_3_5.jpg,B1,A1,0.9998
processed_data_cleaned\test\B1\B1.13.VOH-Rad_43_patch_0_4.jpg,B1,A1,0.6973
processed_data_cleaned\test\B1\B1.13.VOH-Rad_43_patch_0_5.jpg,B1,A1,1.0
processed_data_cleaned\test\B1\B1.13.VOH-Rad_43_patch_1_4.jpg,B1,A1,0.5328
processed_data_cleaned\test\B1\B1.13.VOH-Rad_43_patch_1_5.jpg,B1,A1,0.9996
processed_data_cleaned\test\B1\B1.13.VOH-Rad_43_patch_2_5.jpg,B1,A1,0.9769
processed_data_cleaned\test\B1\B1.13.VOH-Rad_43_patch_3_2.jpg,B1,B2,0.7758
processed_data_cleaned\test\B1\B1.13.VOH-Rad_43_patch_3_4.jpg,B1,A1,0.9628
processed_data_cleaned\test\B1\B1.13.VOH-Rad_43_patch_3_5.jpg,B1,A1,1.0
processed_data_cleaned\test\B1\B1.13.VOH-Rad_44_patch_0_1.jpg,B1,B2,0.9217
processed_data_cleaned\test\B1\B1.13.VOH-Rad_44_patch_0_2.jpg,B1,B2,0.9957
processed_data_cleaned\test\B1\B1.13.VOH-Rad_44_patch_1_1.jpg,B1,A2,0.9487
processed_data_cleaned\test\B1\B1.13.VOH-Rad_44_patch_2_4.jpg,B1,A2,0.8236
processed_data_cleaned\test\B1\B1.13.VOH-Rad_44_patch_3_1.jpg,B1,A1,0.571
processed_data_cleaned\test\B1\B1.13.VOH-Rad_44_patch_3_2.jpg,B1,A1,0.9969
processed_data_cleaned\test\B1\B1.13.VOH-Rad_45_patch_1_1.jpg,B1,A2,0.8973
processed_data_cleaned\test\B1\B1.13.VOH-Rad_45_patch_2_2.jpg,B1,B2,0.6239
processed_data_cleaned\test\B1\B1.13.VOH-Rad_45_patch_2_4.jpg,B1,A2,0.8459
processed_data_cleaned\test\B1\B1.13.VOH-Rad_45_patch_3_0.jpg,B1,B2,0.6395
processed_data_cleaned\test\B1\B1.13.VOH-Rad_45_patch_3_2.jpg,B1,A1,0.9322
processed_data_cleaned\test\B1\B1.13.VOH-Rad_46_patch_0_4.jpg,B1,A1,0.946
processed_data_cleaned\test\B1\B1.13.VOH-Rad_46_patch_0_5.jpg,B1,A1,0.8389
processed_data_cleaned\test\B1\B1.13.VOH-Rad_46_patch_1_4.jpg,B1,A1,0.9872
processed_data_cleaned\test\B1\B1.13.VOH-Rad_46_patch_1_5.jpg,B1,A1,1.0
processed_data_cleaned\test\B1\B1.13.VOH-Rad_46_patch_2_3.jpg,B1,A1,0.9529
processed_data_cleaned\test\B1\B1.13.VOH-Rad_46_patch_2_4.jpg,B1,A1,0.9997
processed_data_cleaned\test\B1\B1.13.VOH-Rad_46_patch_2_5.jpg,B1,A2,0.6594
processed_data_cleaned\test\B1\B1.13.VOH-Rad_46_patch_3_3.jpg,B1,A1,0.8431
processed_data_cleaned\test\B1\B1.13.VOH-Rad_46_patch_3_4.jpg,B1,A1,0.8856
processed_data_cleaned\test\B1\B1.13.VOH-Rad_46_patch_3_5.jpg,B1,A1,0.9982
processed_data_cleaned\test\B1\B1.13.VOH-Rad_47_patch_0_3.jpg,B1,A2,0.986
processed_data_cleaned\test\B1\B1.13.VOH-Rad_47_patch_0_4.jpg,B1,A1,0.9997
processed_data_cleaned\test\B1\B1.13.VOH-Rad_47_patch_0_5.jpg,B1,A1,0.9958
processed_data_cleaned\test\B1\B1.13.VOH-Rad_47_patch_1_4.jpg,B1,A1,0.9805
processed_data_cleaned\test\B1\B1.13.VOH-Rad_47_patch_1_5.jpg,B1,A1,0.9994
processed_data_cleaned\test\B1\B1.13.VOH-Rad_47_patch_2_3.jpg,B1,A1,0.9993
processed_data_cleaned\test\B1\B1.13.VOH-Rad_47_patch_2_4.jpg,B1,A1,0.9995
processed_data_cleaned\test\B1\B1.13.VOH-Rad_47_patch_2_5.jpg,B1,A1,1.0
processed_data_cleaned\test\B1\B1.13.VOH-Rad_47_patch_3_3.jpg,B1,A1,0.8578
processed_data_cleaned\test\B1\B1.13.VOH-Rad_47_patch_3_4.jpg,B1,A1,0.7665
processed_data_cleaned\test\B1\B1.13.VOH-Rad_47_patch_3_5.jpg,B1,A1,0.9852
processed_data_cleaned\test\B1\B1.13.VOH-Rad_48_patch_0_3.jpg,B1,A2,0.9997
processed_data_cleaned\test\B1\B1.13.VOH-Rad_48_patch_0_4.jpg,B1,A1,0.9926
processed_data_cleaned\test\B1\B1.13.VOH-Rad_48_patch_0_5.jpg,B1,A1,0.9991
processed_data_cleaned\test\B1\B1.13.VOH-Rad_48_patch_1_3.jpg,B1,A2,0.5465
processed_data_cleaned\test\B1\B1.13.VOH-Rad_48_patch_1_4.jpg,B1,A1,0.9971
processed_data_cleaned\test\B1\B1.13.VOH-Rad_48_patch_1_5.jpg,B1,A1,0.999
processed_data_cleaned\test\B1\B1.13.VOH-Rad_48_patch_2_2.jpg,B1,A1,0.9983
processed_data_cleaned\test\B1\B1.13.VOH-Rad_48_patch_2_3.jpg,B1,A1,0.9098
processed_data_cleaned\test\B1\B1.13.VOH-Rad_48_patch_2_4.jpg,B1,A1,0.9985
processed_data_cleaned\test\B1\B1.13.VOH-Rad_48_patch_2_5.jpg,B1,A1,0.9297
processed_data_cleaned\test\B1\B1.13.VOH-Rad_48_patch_3_2.jpg,B1,A1,0.9413
processed_data_cleaned\test\B1\B1.13.VOH-Rad_48_patch_3_3.jpg,B1,A1,0.8095
processed_data_cleaned\test\B1\B1.13.VOH-Rad_48_patch_3_4.jpg,B1,A1,0.9647
processed_data_cleaned\test\B1\B1.13.VOH-Rad_48_patch_3_5.jpg,B1,A1,0.9834
processed_data_cleaned\test\B1\B1.13.VOH-Rad_49_patch_0_2.jpg,B1,A1,0.7125
processed_data_cleaned\test\B1\B1.13.VOH-Rad_49_patch_0_3.jpg,B1,A1,0.9614
processed_data_cleaned\test\B1\B1.13.VOH-Rad_49_patch_0_4.jpg,B1,A1,0.8584
processed_data_cleaned\test\B1\B1.13.VOH-Rad_49_patch_1_1.jpg,B1,B2,0.6036
processed_data_cleaned\test\B1\B1.13.VOH-Rad_49_patch_2_1.jpg,B1,A2,0.6387
processed_data_cleaned\test\B1\B1.13.VOH-Rad_49_patch_2_5.jpg,B1,B2,0.7653
processed_data_cleaned\test\B1\B1.13.VOH-Rad_49_patch_3_2.jpg,B1,A1,0.4258
processed_data_cleaned\test\B1\B1.13.VOH-Rad_50_patch_0_1.jpg,B1,A1,0.7233
processed_data_cleaned\test\B1\B1.13.VOH-Rad_50_patch_0_3.jpg,B1,A1,0.9842
processed_data_cleaned\test\B1\B1.13.VOH-Rad_50_patch_0_4.jpg,B1,A1,0.8003
processed_data_cleaned\test\B1\B1.13.VOH-Rad_50_patch_1_1.jpg,B1,A2,0.9682
processed_data_cleaned\test\B1\B1.13.VOH-Rad_50_patch_1_2.jpg,B1,A1,0.6119
processed_data_cleaned\test\B1\B1.13.VOH-Rad_50_patch_1_5.jpg,B1,B2,0.998
processed_data_cleaned\test\B1\B1.13.VOH-Rad_50_patch_2_1.jpg,B1,A2,0.9957
processed_data_cleaned\test\B1\B1.13.VOH-Rad_50_patch_2_4.jpg,B1,B2,0.6385
processed_data_cleaned\test\B1\B1.13.VOH-Rad_50_patch_2_5.jpg,B1,B2,0.9731
processed_data_cleaned\test\B1\B1.13.VOH-Rad_50_patch_3_1.jpg,B1,B2,0.6868
processed_data_cleaned\test\B1\B1.13.VOH-Rad_50_patch_3_5.jpg,B1,B2,0.5768
processed_data_cleaned\test\B1\B1.13.VOH-Rad_51_patch_0_0.jpg,B1,A1,0.7781
processed_data_cleaned\test\B1\B1.13.VOH-Rad_51_patch_1_1.jpg,B1,B2,0.723
processed_data_cleaned\test\B1\B1.13.VOH-Rad_51_patch_1_2.jpg,B1,A1,0.7603
processed_data_cleaned\test\B1\B1.13.VOH-Rad_51_patch_2_2.jpg,B1,A1,0.9966
processed_data_cleaned\test\B1\B1.13.VOH-Rad_51_patch_2_4.jpg,B1,A2,0.7377
processed_data_cleaned\test\B1\B1.13.VOH-Rad_51_patch_2_5.jpg,B1,A1,0.5218
processed_data_cleaned\test\B1\B1.13.VOH-Rad_51_patch_3_1.jpg,B1,B2,0.6277
processed_data_cleaned\test\B1\B1.13.VOH-Rad_51_patch_3_4.jpg,B1,A1,0.541
processed_data_cleaned\test\B1\B1.13.VOH-Rad_51_patch_3_5.jpg,B1,B2,0.8162
processed_data_cleaned\test\B1\B1.13.VOH-Rad_52_patch_0_0.jpg,B1,A1,0.9525
processed_data_cleaned\test\B1\B1.13.VOH-Rad_52_patch_0_4.jpg,B1,A1,0.7021
processed_data_cleaned\test\B1\B1.13.VOH-Rad_52_patch_1_1.jpg,B1,A2,0.5994
processed_data_cleaned\test\B1\B1.13.VOH-Rad_52_patch_1_2.jpg,B1,A1,0.8592
processed_data_cleaned\test\B1\B1.13.VOH-Rad_52_patch_2_1.jpg,B1,A2,0.3766
processed_data_cleaned\test\B1\B1.13.VOH-Rad_52_patch_2_4.jpg,B1,B2,0.999
processed_data_cleaned\test\B1\B1.13.VOH-Rad_52_patch_2_5.jpg,B1,B2,0.7622
processed_data_cleaned\test\B1\B1.13.VOH-Rad_52_patch_3_4.jpg,B1,A1,0.8263
processed_data_cleaned\test\B1\B1.13.VOH-Rad_52_patch_3_5.jpg,B1,A2,0.3777
processed_data_cleaned\test\B1\B1.13.VOH-Rad_53_patch_0_0.jpg,B1,A1,0.8022
processed_data_cleaned\test\B1\B1.13.VOH-Rad_53_patch_1_0.jpg,B1,B2,0.6887
processed_data_cleaned\test\B1\B1.13.VOH-Rad_53_patch_2_2.jpg,B1,A1,0.8373
processed_data_cleaned\test\B1\B1.13.VOH-Rad_53_patch_2_3.jpg,B1,A1,0.9967
processed_data_cleaned\test\B1\B1.13.VOH-Rad_53_patch_2_4.jpg,B1,A1,0.825
processed_data_cleaned\test\B1\B1.13.VOH-Rad_53_patch_3_3.jpg,B1,A2,0.9674
processed_data_cleaned\test\B1\B1.13.VOH-Rad_53_patch_3_4.jpg,B1,A2,0.9727
processed_data_cleaned\test\B1\B1.13.VOH-Rad_54_patch_0_1.jpg,B1,A1,0.6
processed_data_cleaned\test\B1\B1.13.VOH-Rad_54_patch_1_0.jpg,B1,A1,0.905
processed_data_cleaned\test\B1\B1.13.VOH-Rad_54_patch_1_1.jpg,B1,A2,0.96
processed_data_cleaned\test\B1\B1.13.VOH-Rad_54_patch_1_3.jpg,B1,B2,1.0
processed_data_cleaned\test\B1\B1.13.VOH-Rad_54_patch_2_0.jpg,B1,A1,0.5094
processed_data_cleaned\test\B1\B1.13.VOH-Rad_54_patch_2_1.jpg,B1,B2,0.9979
processed_data_cleaned\test\B1\B1.13.VOH-Rad_54_patch_2_2.jpg,B1,B2,0.6628
processed_data_cleaned\test\B1\B1.13.VOH-Rad_54_patch_2_3.jpg,B1,A2,0.9658
processed_data_cleaned\test\B1\B1.13.VOH-Rad_54_patch_2_4.jpg,B1,B2,0.9973
processed_data_cleaned\test\B1\B1.13.VOH-Rad_54_patch_3_0.jpg,B1,A1,0.7592
processed_data_cleaned\test\B1\B1.13.VOH-Rad_54_patch_3_1.jpg,B1,A1,0.9689
processed_data_cleaned\test\B1\B1.13.VOH-Rad_54_patch_3_3.jpg,B1,A1,0.94
processed_data_cleaned\test\B1\B1.13.VOH-Rad_54_patch_3_4.jpg,B1,A1,0.9718
processed_data_cleaned\test\B1\B1.13.VOH-Rad_54_patch_3_5.jpg,B1,A1,0.6791
processed_data_cleaned\test\B1\B1.13.VOH-Rad_55_patch_0_0.jpg,B1,A1,0.845
processed_data_cleaned\test\B1\B1.13.VOH-Rad_55_patch_0_1.jpg,B1,A1,0.9983
processed_data_cleaned\test\B1\B1.13.VOH-Rad_55_patch_1_0.jpg,B1,A1,0.6283
processed_data_cleaned\test\B1\B1.13.VOH-Rad_55_patch_1_1.jpg,B1,B2,0.9143
processed_data_cleaned\test\B1\B1.13.VOH-Rad_55_patch_1_2.jpg,B1,A2,0.8194
processed_data_cleaned\test\B1\B1.13.VOH-Rad_55_patch_1_3.jpg,B1,B2,0.7803
processed_data_cleaned\test\B1\B1.13.VOH-Rad_55_patch_2_0.jpg,B1,A1,0.9964
processed_data_cleaned\test\B1\B1.13.VOH-Rad_55_patch_2_2.jpg,B1,A1,0.5126
processed_data_cleaned\test\B1\B1.13.VOH-Rad_55_patch_2_3.jpg,B1,A1,0.7321
processed_data_cleaned\test\B1\B1.13.VOH-Rad_55_patch_2_4.jpg,B1,B2,0.9472
processed_data_cleaned\test\B1\B1.13.VOH-Rad_55_patch_2_5.jpg,B1,A1,0.8171
processed_data_cleaned\test\B1\B1.13.VOH-Rad_55_patch_3_3.jpg,B1,A2,0.9235
processed_data_cleaned\test\B1\B1.13.VOH-Rad_55_patch_3_4.jpg,B1,A2,0.9319
processed_data_cleaned\test\B1\B1.13.VOH-Rad_55_patch_3_5.jpg,B1,A2,0.5072
processed_data_cleaned\test\B1\B1.13.VOH-Rad_56_patch_0_0.jpg,B1,A1,0.7185
processed_data_cleaned\test\B1\B1.13.VOH-Rad_56_patch_0_1.jpg,B1,A1,0.9983
processed_data_cleaned\test\B1\B1.13.VOH-Rad_56_patch_0_2.jpg,B1,A1,0.9981
processed_data_cleaned\test\B1\B1.13.VOH-Rad_56_patch_0_3.jpg,B1,A1,0.9997
processed_data_cleaned\test\B1\B1.13.VOH-Rad_56_patch_1_0.jpg,B1,A2,0.9316
processed_data_cleaned\test\B1\B1.13.VOH-Rad_56_patch_1_1.jpg,B1,A2,0.7627
processed_data_cleaned\test\B1\B1.13.VOH-Rad_56_patch_1_2.jpg,B1,A2,0.9892
processed_data_cleaned\test\B1\B1.13.VOH-Rad_56_patch_1_3.jpg,B1,A2,0.9953
processed_data_cleaned\test\B1\B1.13.VOH-Rad_56_patch_1_4.jpg,B1,A1,0.9796
processed_data_cleaned\test\B1\B1.13.VOH-Rad_56_patch_2_0.jpg,B1,A1,0.9872
processed_data_cleaned\test\B1\B1.13.VOH-Rad_56_patch_2_1.jpg,B1,A1,0.9915
processed_data_cleaned\test\B1\B1.13.VOH-Rad_56_patch_2_2.jpg,B1,A2,0.9695
processed_data_cleaned\test\B1\B1.13.VOH-Rad_56_patch_2_3.jpg,B1,A1,0.9753
processed_data_cleaned\test\B1\B1.13.VOH-Rad_57_patch_0_0.jpg,B1,A1,0.9905
processed_data_cleaned\test\B1\B1.13.VOH-Rad_57_patch_0_1.jpg,B1,A1,0.9923
processed_data_cleaned\test\B1\B1.13.VOH-Rad_57_patch_0_2.jpg,B1,A1,0.9725
processed_data_cleaned\test\B1\B1.13.VOH-Rad_57_patch_0_3.jpg,B1,A1,0.897
processed_data_cleaned\test\B1\B1.13.VOH-Rad_57_patch_0_4.jpg,B1,A1,0.7004
processed_data_cleaned\test\B1\B1.13.VOH-Rad_57_patch_1_0.jpg,B1,A1,0.9356
processed_data_cleaned\test\B1\B1.13.VOH-Rad_57_patch_1_1.jpg,B1,A1,0.7816
processed_data_cleaned\test\B1\B1.13.VOH-Rad_57_patch_1_2.jpg,B1,A2,0.9958
processed_data_cleaned\test\B1\B1.13.VOH-Rad_57_patch_1_3.jpg,B1,A1,0.805
processed_data_cleaned\test\B1\B1.13.VOH-Rad_57_patch_1_4.jpg,B1,A1,0.98
processed_data_cleaned\test\B1\B1.13.VOH-Rad_57_patch_2_1.jpg,B1,B2,0.7661
processed_data_cleaned\test\B1\B1.13.VOH-Rad_58_patch_0_2.jpg,B1,A1,0.7439
processed_data_cleaned\test\B1\B1.13.VOH-Rad_58_patch_0_4.jpg,B1,A1,0.8399
processed_data_cleaned\test\B1\B1.13.VOH-Rad_58_patch_0_5.jpg,B1,A1,0.8041
processed_data_cleaned\test\B1\B1.13.VOH-Rad_58_patch_1_3.jpg,B1,A1,0.5886
processed_data_cleaned\test\B1\B1.13.VOH-Rad_58_patch_1_4.jpg,B1,A1,0.9968
processed_data_cleaned\test\B1\B1.13.VOH-Rad_58_patch_1_5.jpg,B1,A1,0.9167
processed_data_cleaned\test\B1\B1.13.VOH-Rad_58_patch_2_3.jpg,B1,A1,0.9032
processed_data_cleaned\test\B1\B1.13.VOH-Rad_58_patch_2_4.jpg,B1,A1,0.6776
processed_data_cleaned\test\B1\B1.13.VOH-Rad_58_patch_2_5.jpg,B1,A1,0.9891
processed_data_cleaned\test\B1\B1.13.VOH-Rad_58_patch_3_3.jpg,B1,A1,0.9865
processed_data_cleaned\test\B1\B1.13.VOH-Rad_58_patch_3_5.jpg,B1,A1,0.6677
processed_data_cleaned\test\B1\B1.13.VOH-Rad_59_patch_0_2.jpg,B1,B2,0.9999
processed_data_cleaned\test\B1\B1.13.VOH-Rad_59_patch_0_4.jpg,B1,A1,0.5568
processed_data_cleaned\test\B1\B1.13.VOH-Rad_59_patch_1_2.jpg,B1,B2,0.8346
processed_data_cleaned\test\B1\B1.13.VOH-Rad_59_patch_1_3.jpg,B1,B2,0.9938
processed_data_cleaned\test\B1\B1.13.VOH-Rad_59_patch_1_4.jpg,B1,B2,0.9991
processed_data_cleaned\test\B1\B1.13.VOH-Rad_59_patch_2_3.jpg,B1,A2,0.5107
processed_data_cleaned\test\B1\B1.13.VOH-Rad_59_patch_2_4.jpg,B1,B2,0.764
processed_data_cleaned\test\B1\B1.13.VOH-Rad_59_patch_3_5.jpg,B1,B2,0.5926
processed_data_cleaned\test\B1\B1.13.VOH-Rad_61_patch_0_1.jpg,B1,A1,0.9178
processed_data_cleaned\test\B1\B1.13.VOH-Rad_61_patch_0_2.jpg,B1,B2,0.998
processed_data_cleaned\test\B1\B1.13.VOH-Rad_61_patch_1_2.jpg,B1,B2,0.9691
processed_data_cleaned\test\B1\B1.13.VOH-Rad_61_patch_1_4.jpg,B1,B2,0.9971
processed_data_cleaned\test\B1\B1.13.VOH-Rad_61_patch_2_3.jpg,B1,B2,0.5977
processed_data_cleaned\test\B1\B1.13.VOH-Rad_61_patch_2_4.jpg,B1,B2,0.9274
processed_data_cleaned\test\B1\B1.13.VOH-Rad_61_patch_2_5.jpg,B1,B2,0.9713
processed_data_cleaned\test\B1\B1.13.VOH-Rad_61_patch_3_3.jpg,B1,A1,0.6707
processed_data_cleaned\test\B1\B1.13.VOH-Rad_61_patch_3_5.jpg,B1,A2,0.4901
processed_data_cleaned\test\B1\B1.13.VOH-Rad_63_patch_0_1.jpg,B1,B2,0.6767
processed_data_cleaned\test\B1\B1.13.VOH-Rad_64_patch_0_4.jpg,B1,A1,0.5979
processed_data_cleaned\test\B1\B1.13.VOH-Rad_64_patch_0_5.jpg,B1,A1,0.9956
processed_data_cleaned\test\B1\B1.13.VOH-Rad_64_patch_1_2.jpg,B1,A1,0.8329
processed_data_cleaned\test\B1\B1.13.VOH-Rad_64_patch_1_4.jpg,B1,A1,0.9984
processed_data_cleaned\test\B1\B1.13.VOH-Rad_64_patch_1_5.jpg,B1,A1,0.6296
processed_data_cleaned\test\B1\B1.13.VOH-Rad_64_patch_2_2.jpg,B1,A1,0.9994
processed_data_cleaned\test\B1\B1.13.VOH-Rad_64_patch_2_3.jpg,B1,A1,0.9963
processed_data_cleaned\test\B1\B1.13.VOH-Rad_64_patch_2_4.jpg,B1,A1,1.0
processed_data_cleaned\test\B1\B1.13.VOH-Rad_64_patch_2_5.jpg,B1,A1,0.9954
processed_data_cleaned\test\B1\B1.13.VOH-Rad_64_patch_3_3.jpg,B1,A1,0.9894
processed_data_cleaned\test\B1\B1.13.VOH-Rad_64_patch_3_4.jpg,B1,A1,0.9431
processed_data_cleaned\test\B1\B1.13.VOH-Rad_64_patch_3_5.jpg,B1,B2,0.9928
processed_data_cleaned\test\B1\B1.13.VOH-Rad_65_patch_0_2.jpg,B1,B2,0.5172
processed_data_cleaned\test\B1\B1.13.VOH-Rad_65_patch_0_4.jpg,B1,A1,0.8031
processed_data_cleaned\test\B1\B1.13.VOH-Rad_65_patch_0_5.jpg,B1,A1,0.9975
processed_data_cleaned\test\B1\B1.13.VOH-Rad_65_patch_1_2.jpg,B1,A1,0.9599
processed_data_cleaned\test\B1\B1.13.VOH-Rad_65_patch_1_3.jpg,B1,A1,0.9796
processed_data_cleaned\test\B1\B1.13.VOH-Rad_65_patch_1_4.jpg,B1,A1,0.9955
processed_data_cleaned\test\B1\B1.13.VOH-Rad_65_patch_1_5.jpg,B1,A1,0.9172
processed_data_cleaned\test\B1\B1.13.VOH-Rad_65_patch_2_2.jpg,B1,A1,0.938
processed_data_cleaned\test\B1\B1.13.VOH-Rad_65_patch_2_3.jpg,B1,A1,1.0
processed_data_cleaned\test\B1\B1.13.VOH-Rad_65_patch_2_4.jpg,B1,A1,1.0
processed_data_cleaned\test\B1\B1.13.VOH-Rad_65_patch_3_3.jpg,B1,A1,0.5501
processed_data_cleaned\test\B1\B1.13.VOH-Rad_65_patch_3_4.jpg,B1,A1,0.9757
processed_data_cleaned\test\B1\B1.13.VOH-Rad_65_patch_3_5.jpg,B1,B2,0.9654
processed_data_cleaned\test\B1\B1.13.VOH-Rad_66_patch_0_0.jpg,B1,A1,0.6577
processed_data_cleaned\test\B1\B1.13.VOH-Rad_66_patch_0_1.jpg,B1,A1,0.9802
processed_data_cleaned\test\B1\B1.13.VOH-Rad_66_patch_0_2.jpg,B1,A1,0.9995
processed_data_cleaned\test\B1\B1.13.VOH-Rad_66_patch_0_3.jpg,B1,A1,0.9791
processed_data_cleaned\test\B1\B1.13.VOH-Rad_66_patch_0_4.jpg,B1,A1,0.9938
processed_data_cleaned\test\B1\B1.13.VOH-Rad_66_patch_0_5.jpg,B1,A1,0.965
processed_data_cleaned\test\B1\B1.13.VOH-Rad_66_patch_1_0.jpg,B1,A1,0.9876
processed_data_cleaned\test\B1\B1.13.VOH-Rad_66_patch_1_1.jpg,B1,A1,0.7164
processed_data_cleaned\test\B1\B1.13.VOH-Rad_66_patch_1_2.jpg,B1,B2,0.8885
processed_data_cleaned\test\B1\B1.13.VOH-Rad_66_patch_1_4.jpg,B1,B2,0.8847
processed_data_cleaned\test\B1\B1.13.VOH-Rad_66_patch_2_0.jpg,B1,A1,0.8411
processed_data_cleaned\test\B1\B1.13.VOH-Rad_66_patch_2_2.jpg,B1,A1,0.9756
processed_data_cleaned\test\B1\B1.13.VOH-Rad_66_patch_2_3.jpg,B1,A1,0.784
processed_data_cleaned\test\B1\B1.13.VOH-Rad_66_patch_2_4.jpg,B1,A1,0.8921
processed_data_cleaned\test\B1\B1.13.VOH-Rad_66_patch_3_0.jpg,B1,A1,0.9573
processed_data_cleaned\test\B1\B1.13.VOH-Rad_66_patch_3_4.jpg,B1,A1,0.9875
processed_data_cleaned\test\B1\B1.13.VOH-Rad_67_patch_0_0.jpg,B1,A1,0.9892
processed_data_cleaned\test\B1\B1.13.VOH-Rad_67_patch_0_1.jpg,B1,A1,0.9588
processed_data_cleaned\test\B1\B1.13.VOH-Rad_67_patch_0_3.jpg,B1,A1,0.9754
processed_data_cleaned\test\B1\B1.13.VOH-Rad_67_patch_0_4.jpg,B1,A1,0.9825
processed_data_cleaned\test\B1\B1.13.VOH-Rad_67_patch_0_5.jpg,B1,A1,0.8252
processed_data_cleaned\test\B1\B1.13.VOH-Rad_67_patch_1_1.jpg,B1,A1,0.6595
processed_data_cleaned\test\B1\B1.13.VOH-Rad_67_patch_1_2.jpg,B1,A1,0.9447
processed_data_cleaned\test\B1\B1.13.VOH-Rad_67_patch_1_5.jpg,B1,A1,0.9872
processed_data_cleaned\test\B1\B1.13.VOH-Rad_67_patch_2_0.jpg,B1,A1,0.9976
processed_data_cleaned\test\B1\B1.13.VOH-Rad_67_patch_2_1.jpg,B1,A1,0.7843
processed_data_cleaned\test\B1\B1.13.VOH-Rad_67_patch_2_5.jpg,B1,A1,0.8928
processed_data_cleaned\test\B1\B1.13.VOH-Rad_67_patch_3_0.jpg,B1,A1,0.999
processed_data_cleaned\test\B1\B1.13.VOH-Rad_67_patch_3_2.jpg,B1,A1,0.9866
processed_data_cleaned\test\B1\B1.13.VOH-Rad_67_patch_3_4.jpg,B1,A1,0.9992
processed_data_cleaned\test\B1\B1.13.VOH-Rad_67_patch_3_5.jpg,B1,A1,0.9936
processed_data_cleaned\test\B1\B1.13.VOH-Rad_68_patch_0_1.jpg,B1,A1,0.5725
processed_data_cleaned\test\B1\B1.13.VOH-Rad_68_patch_0_2.jpg,B1,A1,0.9987
processed_data_cleaned\test\B1\B1.13.VOH-Rad_68_patch_0_3.jpg,B1,B2,0.9641
processed_data_cleaned\test\B1\B1.13.VOH-Rad_68_patch_0_4.jpg,B1,A1,0.6233
processed_data_cleaned\test\B1\B1.13.VOH-Rad_68_patch_0_5.jpg,B1,A1,0.9955
processed_data_cleaned\test\B1\B1.13.VOH-Rad_68_patch_1_1.jpg,B1,A1,0.9999
processed_data_cleaned\test\B1\B1.13.VOH-Rad_68_patch_1_2.jpg,B1,A1,0.9876
processed_data_cleaned\test\B1\B1.13.VOH-Rad_68_patch_1_3.jpg,B1,A1,0.9759
processed_data_cleaned\test\B1\B1.13.VOH-Rad_68_patch_1_4.jpg,B1,A1,0.9995
processed_data_cleaned\test\B1\B1.13.VOH-Rad_68_patch_1_5.jpg,B1,A1,1.0
processed_data_cleaned\test\B1\B1.13.VOH-Rad_68_patch_2_0.jpg,B1,A1,0.9329
processed_data_cleaned\test\B1\B1.13.VOH-Rad_68_patch_2_1.jpg,B1,A1,0.9964
processed_data_cleaned\test\B1\B1.13.VOH-Rad_68_patch_2_2.jpg,B1,A1,1.0
processed_data_cleaned\test\B1\B1.13.VOH-Rad_68_patch_2_3.jpg,B1,A1,0.9999
processed_data_cleaned\test\B1\B1.13.VOH-Rad_68_patch_2_4.jpg,B1,A1,0.9999
processed_data_cleaned\test\B1\B1.13.VOH-Rad_68_patch_2_5.jpg,B1,A1,0.9997
processed_data_cleaned\test\B1\B1.13.VOH-Rad_68_patch_3_1.jpg,B1,A1,0.9987
processed_data_cleaned\test\B1\B1.13.VOH-Rad_68_patch_3_2.jpg,B1,A1,0.9983
processed_data_cleaned\test\B1\B1.13.VOH-Rad_68_patch_3_3.jpg,B1,A1,1.0
processed_data_cleaned\test\B1\B1.13.VOH-Rad_68_patch_3_4.jpg,B1,A1,0.9999
processed_data_cleaned\test\B1\B1.13.VOH-Rad_68_patch_3_5.jpg,B1,A1,0.9998
processed_data_cleaned\test\B1\B1.13.VOH-Rad_70_patch_0_1.jpg,B1,A1,0.9507
processed_data_cleaned\test\B1\B1.13.VOH-Rad_70_patch_0_3.jpg,B1,A1,1.0
processed_data_cleaned\test\B1\B1.13.VOH-Rad_70_patch_0_4.jpg,B1,A1,1.0
processed_data_cleaned\test\B1\B1.13.VOH-Rad_70_patch_1_2.jpg,B1,A1,0.931
processed_data_cleaned\test\B1\B1.13.VOH-Rad_70_patch_1_3.jpg,B1,A1,0.9995
processed_data_cleaned\test\B1\B1.13.VOH-Rad_70_patch_1_4.jpg,B1,A1,0.9904
processed_data_cleaned\test\B1\B1.13.VOH-Rad_70_patch_1_5.jpg,B1,B2,0.9895
processed_data_cleaned\test\B1\B1.13.VOH-Rad_70_patch_2_1.jpg,B1,B2,0.9582
processed_data_cleaned\test\B1\B1.13.VOH-Rad_70_patch_2_2.jpg,B1,A1,0.9937
processed_data_cleaned\test\B1\B1.13.VOH-Rad_70_patch_2_4.jpg,B1,B2,0.9609
processed_data_cleaned\test\B1\B1.13.VOH-Rad_71_patch_0_1.jpg,B1,A1,1.0
processed_data_cleaned\test\B1\B1.13.VOH-Rad_71_patch_0_2.jpg,B1,A1,1.0
processed_data_cleaned\test\B1\B1.13.VOH-Rad_71_patch_0_3.jpg,B1,A1,0.9925
processed_data_cleaned\test\B1\B1.13.VOH-Rad_71_patch_0_4.jpg,B1,A1,0.9978
processed_data_cleaned\test\B1\B1.13.VOH-Rad_71_patch_1_1.jpg,B1,A1,0.9729
processed_data_cleaned\test\B1\B1.13.VOH-Rad_71_patch_1_2.jpg,B1,A1,0.9998
processed_data_cleaned\test\B1\B1.13.VOH-Rad_71_patch_1_3.jpg,B1,A1,0.5738
processed_data_cleaned\test\B1\B1.13.VOH-Rad_71_patch_1_4.jpg,B1,A1,1.0
processed_data_cleaned\test\B1\B1.13.VOH-Rad_71_patch_1_5.jpg,B1,A1,0.9998
processed_data_cleaned\test\B1\B1.13.VOH-Rad_71_patch_2_0.jpg,B1,A1,0.5036
processed_data_cleaned\test\B1\B1.13.VOH-Rad_71_patch_2_3.jpg,B1,A1,0.994
processed_data_cleaned\test\B1\B1.13.VOH-Rad_71_patch_2_4.jpg,B1,A1,1.0
processed_data_cleaned\test\B1\B1.13.VOH-Rad_71_patch_2_5.jpg,B1,A1,0.9998
processed_data_cleaned\test\B1\B1.13.VOH-Rad_71_patch_3_4.jpg,B1,A1,0.8827
processed_data_cleaned\test\B1\B1.13.VOH-Rad_71_patch_3_5.jpg,B1,A1,0.9966
processed_data_cleaned\test\B1\B1.13.VOH-Rad_72_patch_0_0.jpg,B1,A1,0.848
processed_data_cleaned\test\B1\B1.13.VOH-Rad_72_patch_0_1.jpg,B1,A1,0.7787
processed_data_cleaned\test\B1\B1.13.VOH-Rad_72_patch_0_2.jpg,B1,B2,0.5158
processed_data_cleaned\test\B1\B1.13.VOH-Rad_72_patch_0_3.jpg,B1,B2,0.9397
processed_data_cleaned\test\B1\B1.13.VOH-Rad_72_patch_0_4.jpg,B1,A1,0.578
processed_data_cleaned\test\B1\B1.13.VOH-Rad_72_patch_0_5.jpg,B1,A1,0.9994
processed_data_cleaned\test\B1\B1.13.VOH-Rad_72_patch_1_0.jpg,B1,B2,0.9007
processed_data_cleaned\test\B1\B1.13.VOH-Rad_72_patch_1_1.jpg,B1,A1,0.9919
processed_data_cleaned\test\B1\B1.13.VOH-Rad_72_patch_1_2.jpg,B1,B2,0.7369
processed_data_cleaned\test\B1\B1.13.VOH-Rad_72_patch_1_3.jpg,B1,A1,0.4973
processed_data_cleaned\test\B1\B1.13.VOH-Rad_72_patch_3_2.jpg,B1,A1,0.6156
processed_data_cleaned\test\B1\B1.13.VOH-Rad_72_patch_3_3.jpg,B1,A1,0.9977
processed_data_cleaned\test\B1\B1.13.VOH-Rad_72_patch_3_4.jpg,B1,B2,0.8903
processed_data_cleaned\test\B1\B1.13.VOH-Rad_73_patch_0_1.jpg,B1,A1,0.8696
processed_data_cleaned\test\B1\B1.13.VOH-Rad_73_patch_0_2.jpg,B1,A1,1.0
processed_data_cleaned\test\B1\B1.13.VOH-Rad_73_patch_0_5.jpg,B1,B2,0.7138
processed_data_cleaned\test\B1\B1.13.VOH-Rad_73_patch_1_2.jpg,B1,A1,1.0
processed_data_cleaned\test\B1\B1.13.VOH-Rad_73_patch_1_3.jpg,B1,A1,1.0
processed_data_cleaned\test\B1\B1.13.VOH-Rad_73_patch_1_4.jpg,B1,A1,0.9315
processed_data_cleaned\test\B1\B1.13.VOH-Rad_73_patch_2_2.jpg,B1,A1,1.0
processed_data_cleaned\test\B1\B1.13.VOH-Rad_73_patch_2_3.jpg,B1,A1,1.0
processed_data_cleaned\test\B1\B1.13.VOH-Rad_73_patch_2_4.jpg,B1,A1,0.9997
processed_data_cleaned\test\B1\B1.13.VOH-Rad_73_patch_3_1.jpg,B1,A1,0.9917
processed_data_cleaned\test\B1\B1.13.VOH-Rad_73_patch_3_2.jpg,B1,A1,0.9996
processed_data_cleaned\test\B1\B1.13.VOH-Rad_73_patch_3_3.jpg,B1,A1,1.0
processed_data_cleaned\test\B1\B1.13.VOH-Rad_73_patch_3_4.jpg,B1,A1,0.9995
processed_data_cleaned\test\B1\B1.13.VOH-Rad_73_patch_3_5.jpg,B1,A1,0.9969
processed_data_cleaned\test\B1\B1.13.VOH-Rad_75_patch_1_3.jpg,B1,A1,1.0
processed_data_cleaned\test\B1\B1.13.VOH-Rad_75_patch_2_3.jpg,B1,A1,0.9961
processed_data_cleaned\test\B1\B1.13.VOH-Rad_75_patch_2_4.jpg,B1,A1,0.9999
processed_data_cleaned\test\B1\B1.13.VOH-Rad_75_patch_3_3.jpg,B1,A1,1.0
processed_data_cleaned\test\B1\B1.13.VOH-Rad_75_patch_3_4.jpg,B1,A1,0.9943
processed_data_cleaned\test\B1\B1.13.VOH-Rad_75_patch_3_5.jpg,B1,A1,1.0
processed_data_cleaned\test\B1\B1.13.VOH-Rad_76_patch_0_3.jpg,B1,A1,0.9904
processed_data_cleaned\test\B1\B1.13.VOH-Rad_76_patch_1_1.jpg,B1,A2,0.9287
processed_data_cleaned\test\B1\B1.13.VOH-Rad_76_patch_1_3.jpg,B1,A1,1.0
processed_data_cleaned\test\B1\B1.13.VOH-Rad_76_patch_1_4.jpg,B1,A1,0.9915
processed_data_cleaned\test\B1\B1.13.VOH-Rad_76_patch_2_3.jpg,B1,A1,1.0
processed_data_cleaned\test\B1\B1.13.VOH-Rad_76_patch_2_4.jpg,B1,A1,1.0
processed_data_cleaned\test\B1\B1.13.VOH-Rad_76_patch_2_5.jpg,B1,A1,0.7214
processed_data_cleaned\test\B1\B1.13.VOH-Rad_76_patch_3_3.jpg,B1,A1,0.9907
processed_data_cleaned\test\B1\B1.13.VOH-Rad_76_patch_3_4.jpg,B1,A1,1.0
processed_data_cleaned\test\B1\B1.13.VOH-Rad_76_patch_3_5.jpg,B1,A1,0.9999
processed_data_cleaned\test\B1\B1.13.VOH-Rad_77_patch_3_1.jpg,B1,A2,0.951
processed_data_cleaned\test\B1\B1.13.VOH-Rad_77_patch_3_2.jpg,B1,A1,0.9152
processed_data_cleaned\test\B1\B1.13.VOH-Rad_77_patch_3_4.jpg,B1,A2,0.9785
processed_data_cleaned\test\B1\B1.13.VOH-Rad_78_patch_1_1.jpg,B1,B2,0.8529
processed_data_cleaned\test\B1\B1.13.VOH-Rad_78_patch_2_5.jpg,B1,A1,0.9416
processed_data_cleaned\test\B1\B1.13.VOH-Rad_78_patch_3_1.jpg,B1,A2,0.9918
processed_data_cleaned\test\B1\B1.13.VOH-Rad_78_patch_3_5.jpg,B1,A1,0.8132
processed_data_cleaned\test\B1\B1.13.VOH-Rad_79_patch_0_2.jpg,B1,A1,0.9745
processed_data_cleaned\test\B1\B1.13.VOH-Rad_79_patch_0_4.jpg,B1,A1,0.9959
processed_data_cleaned\test\B1\B1.13.VOH-Rad_79_patch_1_0.jpg,B1,A1,0.5899
processed_data_cleaned\test\B1\B1.13.VOH-Rad_79_patch_1_1.jpg,B1,A1,0.9934
processed_data_cleaned\test\B1\B1.13.VOH-Rad_79_patch_1_4.jpg,B1,A1,0.9995
processed_data_cleaned\test\B1\B1.13.VOH-Rad_79_patch_2_1.jpg,B1,A1,0.6042
processed_data_cleaned\test\B1\B1.13.VOH-Rad_79_patch_2_2.jpg,B1,B2,0.9768
processed_data_cleaned\test\B1\B1.13.VOH-Rad_79_patch_2_3.jpg,B1,B2,0.9664
processed_data_cleaned\test\B1\B1.13.VOH-Rad_79_patch_2_4.jpg,B1,A1,0.8915
processed_data_cleaned\test\B1\B1.13.VOH-Rad_79_patch_3_2.jpg,B1,B2,0.4901
processed_data_cleaned\test\B1\B1.13.VOH-Rad_80_patch_0_1.jpg,B1,A1,0.9905
processed_data_cleaned\test\B1\B1.13.VOH-Rad_80_patch_0_2.jpg,B1,A1,0.9977
processed_data_cleaned\test\B1\B1.13.VOH-Rad_80_patch_1_0.jpg,B1,A1,0.9971
processed_data_cleaned\test\B1\B1.13.VOH-Rad_80_patch_1_1.jpg,B1,A1,0.9819
processed_data_cleaned\test\B1\B1.13.VOH-Rad_80_patch_2_1.jpg,B1,A1,0.7305
processed_data_cleaned\test\B1\B1.13.VOH-Rad_80_patch_2_2.jpg,B1,B2,0.9466
processed_data_cleaned\test\B1\B1.13.VOH-Rad_80_patch_2_3.jpg,B1,B2,0.9328
processed_data_cleaned\test\B1\B1.13.VOH-Rad_82_patch_0_4.jpg,B1,A1,0.5301
processed_data_cleaned\test\B1\B1.13.VOH-Rad_82_patch_0_5.jpg,B1,A1,0.568
processed_data_cleaned\test\B1\B1.13.VOH-Rad_82_patch_1_0.jpg,B1,B2,0.8128
processed_data_cleaned\test\B1\B1.13.VOH-Rad_82_patch_1_2.jpg,B1,A1,0.8622
processed_data_cleaned\test\B1\B1.13.VOH-Rad_82_patch_1_4.jpg,B1,A1,0.9839
processed_data_cleaned\test\B1\B1.13.VOH-Rad_83_patch_0_1.jpg,B1,B2,0.8056
processed_data_cleaned\test\B1\B1.13.VOH-Rad_83_patch_0_3.jpg,B1,A1,0.9881
processed_data_cleaned\test\B1\B1.13.VOH-Rad_83_patch_1_1.jpg,B1,B2,0.9547
processed_data_cleaned\test\B1\B1.13.VOH-Rad_83_patch_1_3.jpg,B1,B2,0.5961
processed_data_cleaned\test\B1\B1.13.VOH-Rad_83_patch_1_4.jpg,B1,A1,0.5945
processed_data_cleaned\test\B1\B1.13.VOH-Rad_83_patch_2_4.jpg,B1,A1,0.9848
processed_data_cleaned\test\B1\B1.13.VOH-Rad_83_patch_3_0.jpg,B1,B2,0.9428
processed_data_cleaned\test\B1\B1.13.VOH-Rad_84_patch_0_0.jpg,B1,A1,0.9992
processed_data_cleaned\test\B1\B1.13.VOH-Rad_84_patch_0_1.jpg,B1,B2,0.7231
processed_data_cleaned\test\B1\B1.13.VOH-Rad_84_patch_0_2.jpg,B1,A1,0.991
processed_data_cleaned\test\B1\B1.13.VOH-Rad_84_patch_0_3.jpg,B1,A1,0.8101
processed_data_cleaned\test\B1\B1.13.VOH-Rad_84_patch_1_3.jpg,B1,A1,0.9727
processed_data_cleaned\test\B1\B1.13.VOH-Rad_84_patch_2_0.jpg,B1,A1,0.6394
processed_data_cleaned\test\B1\B1.13.VOH-Rad_84_patch_2_3.jpg,B1,A1,0.9216
processed_data_cleaned\test\B1\B1.13.VOH-Rad_84_patch_3_3.jpg,B1,A1,0.8258
processed_data_cleaned\test\B1\B1.13.VOH-Rad_85_patch_0_0.jpg,B1,A1,0.9545
processed_data_cleaned\test\B1\B1.13.VOH-Rad_85_patch_0_1.jpg,B1,B2,0.9067
processed_data_cleaned\test\B1\B1.13.VOH-Rad_85_patch_0_2.jpg,B1,A1,0.9705
processed_data_cleaned\test\B1\B1.13.VOH-Rad_85_patch_0_3.jpg,B1,A1,0.9885
processed_data_cleaned\test\B1\B1.13.VOH-Rad_85_patch_1_1.jpg,B1,A1,0.8698
processed_data_cleaned\test\B1\B1.13.VOH-Rad_85_patch_1_3.jpg,B1,A1,0.6894
processed_data_cleaned\test\B1\B1.13.VOH-Rad_85_patch_2_1.jpg,B1,A1,0.7806
processed_data_cleaned\test\B1\B1.13.VOH-Rad_85_patch_2_3.jpg,B1,A1,0.9394
processed_data_cleaned\test\B1\B1.13.VOH-Rad_85_patch_2_4.jpg,B1,A1,0.9994
processed_data_cleaned\test\B1\B1.13.VOH-Rad_86_patch_0_2.jpg,B1,A1,0.9233
processed_data_cleaned\test\B1\B1.13.VOH-Rad_86_patch_1_0.jpg,B1,A1,0.7875
processed_data_cleaned\test\B1\B1.13.VOH-Rad_86_patch_1_2.jpg,B1,A1,0.9166
processed_data_cleaned\test\B1\B1.13.VOH-Rad_86_patch_1_3.jpg,B1,A1,0.9588
processed_data_cleaned\test\B1\B1.13.VOH-Rad_86_patch_1_5.jpg,B1,A1,0.7503
processed_data_cleaned\test\B1\B1.13.VOH-Rad_86_patch_2_5.jpg,B1,A1,1.0
processed_data_cleaned\test\B1\B1.13.VOH-Rad_89_patch_0_0.jpg,B1,A1,0.5643
processed_data_cleaned\test\B1\B1.13.VOH-Rad_89_patch_1_0.jpg,B1,A1,0.7522
processed_data_cleaned\test\B1\B1.13.VOH-Rad_89_patch_1_1.jpg,B1,B2,0.9805
processed_data_cleaned\test\B1\B1.13.VOH-Rad_89_patch_3_4.jpg,B1,A1,0.9999
processed_data_cleaned\test\B1\B1.13.VOH-Rad_90_patch_0_3.jpg,B1,A1,0.8312
processed_data_cleaned\test\B1\B1.13.VOH-Rad_90_patch_3_4.jpg,B1,A1,1.0
processed_data_cleaned\test\B1\B1.13.VOH-Rad_90_patch_3_5.jpg,B1,A1,0.9403
processed_data_cleaned\test\B1\B1.13.VOH-Rad_93_patch_0_3.jpg,B1,A1,0.9977
processed_data_cleaned\test\B1\B1.13.VOH-Rad_93_patch_2_1.jpg,B1,A1,0.7239
processed_data_cleaned\test\B1\B1.13.VOH-Rad_93_patch_3_4.jpg,B1,A1,0.9999
processed_data_cleaned\test\B1\B1.13.VOH-Rad_93_patch_3_5.jpg,B1,A1,0.926
processed_data_cleaned\test\B1\B1.13.VOH-Rad_94_patch_0_1.jpg,B1,A1,0.6033
processed_data_cleaned\test\B1\B1.13.VOH-Rad_94_patch_0_2.jpg,B1,A1,0.981
processed_data_cleaned\test\B1\B1.13.VOH-Rad_94_patch_0_3.jpg,B1,A1,0.5637
processed_data_cleaned\test\B1\B1.13.VOH-Rad_94_patch_1_1.jpg,B1,A1,0.7985
processed_data_cleaned\test\B1\B1.13.VOH-Rad_94_patch_1_3.jpg,B1,A1,0.9956
processed_data_cleaned\test\B1\B1.13.VOH-Rad_94_patch_1_4.jpg,B1,A1,0.6215
processed_data_cleaned\test\B1\B1.13.VOH-Rad_94_patch_2_1.jpg,B1,A1,0.7545
processed_data_cleaned\test\B1\B1.13.VOH-Rad_94_patch_3_0.jpg,B1,B2,0.8062
processed_data_cleaned\test\B1\B1.13.VOH-Rad_94_patch_3_1.jpg,B1,A1,0.6253
processed_data_cleaned\test\B1\B1.13.VOH-Rad_95_patch_0_1.jpg,B1,A1,0.5688
processed_data_cleaned\test\B1\B1.13.VOH-Rad_95_patch_0_2.jpg,B1,A1,0.9553
processed_data_cleaned\test\B1\B1.13.VOH-Rad_95_patch_1_1.jpg,B1,A1,0.5069
processed_data_cleaned\test\B1\B1.13.VOH-Rad_95_patch_3_0.jpg,B1,B2,0.4141
processed_data_cleaned\test\B1\B1.13.VOH-Rad_95_patch_3_1.jpg,B1,A1,0.8975
processed_data_cleaned\test\B1\B1.13.VOH-Rad_96_patch_0_2.jpg,B1,A2,0.4853
processed_data_cleaned\test\B1\B1.13.VOH-Rad_96_patch_0_3.jpg,B1,A1,0.923
processed_data_cleaned\test\B1\B1.13.VOH-Rad_96_patch_0_4.jpg,B1,A1,0.9977
processed_data_cleaned\test\B1\B1.13.VOH-Rad_96_patch_1_2.jpg,B1,A2,0.8405
processed_data_cleaned\test\B1\B1.13.VOH-Rad_96_patch_1_3.jpg,B1,A1,0.5878
processed_data_cleaned\test\B1\B1.13.VOH-Rad_96_patch_2_1.jpg,B1,A1,0.6454
processed_data_cleaned\test\B1\B1.13.VOH-Rad_96_patch_2_3.jpg,B1,B2,0.8216
processed_data_cleaned\test\B1\B1.13.VOH-Rad_96_patch_3_1.jpg,B1,B2,0.8936
processed_data_cleaned\test\B1\B1.13.VOH-Rad_97_patch_0_2.jpg,B1,A1,0.639
processed_data_cleaned\test\B1\B1.13.VOH-Rad_97_patch_0_3.jpg,B1,A1,0.9994
processed_data_cleaned\test\B1\B1.13.VOH-Rad_97_patch_1_2.jpg,B1,A1,0.4596
processed_data_cleaned\test\B1\B1.13.VOH-Rad_97_patch_1_3.jpg,B1,A1,0.4689
processed_data_cleaned\test\B1\B1.13.VOH-Rad_97_patch_2_3.jpg,B1,A1,0.6112
processed_data_cleaned\test\B1\B1.13.VOH-Rad_97_patch_3_1.jpg,B1,B2,0.7266
processed_data_cleaned\test\B1\B1.13.VOH-Rad_98_patch_0_2.jpg,B1,A1,1.0
processed_data_cleaned\test\B1\B1.13.VOH-Rad_98_patch_0_3.jpg,B1,A1,0.9808
processed_data_cleaned\test\B1\B1.13.VOH-Rad_98_patch_1_0.jpg,B1,A1,0.8957
processed_data_cleaned\test\B1\B1.13.VOH-Rad_98_patch_1_1.jpg,B1,A1,0.9133
processed_data_cleaned\test\B1\B1.13.VOH-Rad_98_patch_1_3.jpg,B1,A1,0.7218
processed_data_cleaned\test\B1\B1.13.VOH-Rad_98_patch_1_4.jpg,B1,A1,0.9865
processed_data_cleaned\test\B1\B1.13.VOH-Rad_98_patch_2_2.jpg,B1,A1,0.8057
processed_data_cleaned\test\B1\B1.13.VOH-Rad_98_patch_2_4.jpg,B1,A1,0.9416
processed_data_cleaned\test\B1\B1.13.VOH-Rad_98_patch_3_4.jpg,B1,A1,0.5697
processed_data_cleaned\test\B1\B1.13.VOH-Rad_99_patch_0_3.jpg,B1,A1,0.9712
processed_data_cleaned\test\B1\B1.13.VOH-Rad_99_patch_1_0.jpg,B1,A1,0.9657
processed_data_cleaned\test\B1\B1.13.VOH-Rad_99_patch_1_1.jpg,B1,A1,0.9903
processed_data_cleaned\test\B1\B1.13.VOH-Rad_99_patch_1_3.jpg,B1,A1,0.9982
processed_data_cleaned\test\B1\B1.13.VOH-Rad_99_patch_2_4.jpg,B1,A1,1.0
processed_data_cleaned\test\B1\B1.13.VOH-Rad_99_patch_3_3.jpg,B1,B2,0.6854
processed_data_cleaned\test\B1\B1.19.Apar-Bui_01_patch_1_1.jpg,B1,A1,0.5881
processed_data_cleaned\test\B1\B1.19.Apar-Bui_01_patch_2_0.jpg,B1,B2,0.7403
processed_data_cleaned\test\B1\B1.19.Apar-Bui_01_patch_3_0.jpg,B1,B2,0.9317
processed_data_cleaned\test\B1\B1.19.Apar-Bui_01_patch_3_1.jpg,B1,A1,0.5265
processed_data_cleaned\test\B1\B1.19.Apar-Bui_01_patch_3_2.jpg,B1,A1,0.9764
processed_data_cleaned\test\B1\B1.19.Apar-Bui_02_patch_0_2.jpg,B1,B2,0.8634
processed_data_cleaned\test\B1\B1.19.Apar-Bui_02_patch_1_1.jpg,B1,A1,0.7983
processed_data_cleaned\test\B1\B1.19.Apar-Bui_02_patch_2_0.jpg,B1,A1,0.677
processed_data_cleaned\test\B1\B1.19.Apar-Bui_03_patch_0_1.jpg,B1,B2,0.9866
processed_data_cleaned\test\B1\B1.19.Apar-Bui_03_patch_2_1.jpg,B1,A1,0.9713
processed_data_cleaned\test\B1\B1.19.Apar-Bui_03_patch_3_3.jpg,B1,A1,0.6267
processed_data_cleaned\test\B1\B1.19.Apar-Bui_04_patch_0_1.jpg,B1,A1,0.9864
processed_data_cleaned\test\B1\B1.19.Apar-Bui_04_patch_0_2.jpg,B1,A1,0.9982
processed_data_cleaned\test\B1\B1.19.Apar-Bui_04_patch_0_3.jpg,B1,A1,0.8973
processed_data_cleaned\test\B1\B1.19.Apar-Bui_04_patch_0_5.jpg,B1,A1,0.5147
processed_data_cleaned\test\B1\B1.19.Apar-Bui_04_patch_1_5.jpg,B1,A1,0.5369
processed_data_cleaned\test\B1\B1.19.Apar-Bui_04_patch_2_0.jpg,B1,A1,0.9909
processed_data_cleaned\test\B1\B1.19.Apar-Bui_04_patch_2_2.jpg,B1,A1,0.8663
processed_data_cleaned\test\B1\B1.19.Apar-Bui_04_patch_3_2.jpg,B1,A1,0.7368
processed_data_cleaned\test\B1\B1.19.Apar-Bui_04_patch_3_5.jpg,B1,A2,0.5574
processed_data_cleaned\test\B1\B1.19.Apar-Bui_05_patch_0_0.jpg,B1,A1,0.4893
processed_data_cleaned\test\B1\B1.19.Apar-Bui_05_patch_0_2.jpg,B1,A1,0.708
processed_data_cleaned\test\B1\B1.19.Apar-Bui_05_patch_2_0.jpg,B1,A1,0.6399
processed_data_cleaned\test\B1\B1.19.Apar-Bui_05_patch_3_4.jpg,B1,B2,0.5111
processed_data_cleaned\test\B1\B1.19.Apar-Bui_06_patch_0_1.jpg,B1,A1,0.9989
processed_data_cleaned\test\B1\B1.19.Apar-Bui_06_patch_0_2.jpg,B1,A1,0.9901
processed_data_cleaned\test\B1\B1.19.Apar-Bui_06_patch_0_4.jpg,B1,A1,0.9845
processed_data_cleaned\test\B1\B1.19.Apar-Bui_06_patch_1_2.jpg,B1,A1,0.8612
processed_data_cleaned\test\B1\B1.19.Apar-Bui_06_patch_1_3.jpg,B1,A1,0.851
processed_data_cleaned\test\B1\B1.19.Apar-Bui_06_patch_2_4.jpg,B1,A1,0.663
processed_data_cleaned\test\B1\B1.19.Apar-Bui_06_patch_3_4.jpg,B1,A1,0.9793
processed_data_cleaned\test\B1\B1.19.Apar-Bui_07_patch_1_0.jpg,B1,A1,0.8904
processed_data_cleaned\test\B1\B1.19.Apar-Bui_07_patch_2_0.jpg,B1,A1,0.955
processed_data_cleaned\test\B1\B1.19.Apar-Bui_07_patch_2_2.jpg,B1,A1,0.4257
processed_data_cleaned\test\B1\B1.19.Apar-Bui_07_patch_3_3.jpg,B1,A1,0.5098
processed_data_cleaned\test\B1\B1.19.Apar-Bui_08_patch_1_1.jpg,B1,B2,0.7077
processed_data_cleaned\test\B1\B1.19.Apar-Bui_08_patch_2_0.jpg,B1,A1,0.9841
processed_data_cleaned\test\B1\B1.19.Apar-Bui_08_patch_2_1.jpg,B1,A1,0.568
processed_data_cleaned\test\B1\B1.19.Apar-Bui_08_patch_3_3.jpg,B1,A1,0.8105
processed_data_cleaned\test\B1\B1.19.Apar-Bui_09_patch_1_0.jpg,B1,B2,0.3891
processed_data_cleaned\test\B1\B1.19.Apar-Bui_09_patch_1_1.jpg,B1,B2,0.9327
processed_data_cleaned\test\B1\B1.19.Apar-Bui_09_patch_2_1.jpg,B1,A1,0.5891
processed_data_cleaned\test\B1\B1.19.Apar-Bui_09_patch_3_0.jpg,B1,A1,0.9404
processed_data_cleaned\test\B1\B1.19.Apar-Bui_09_patch_3_5.jpg,B1,A1,0.8406
processed_data_cleaned\test\B1\B1.19.Apar-Bui_10_patch_3_0.jpg,B1,A1,0.8476
processed_data_cleaned\test\B1\B1.19.Apar-Bui_10_patch_3_1.jpg,B1,B2,0.9316
processed_data_cleaned\test\B1\B1.19.Apar-Bui_10_patch_3_2.jpg,B1,B2,0.5266
processed_data_cleaned\test\B1\B1.19.Apar-Bui_11_patch_2_1.jpg,B1,A1,0.9797
processed_data_cleaned\test\B1\B1.19.Apar-Bui_12_patch_1_4.jpg,B1,A1,0.5608
processed_data_cleaned\test\B1\B1.19.Apar-Bui_12_patch_3_5.jpg,B1,A1,0.6401
processed_data_cleaned\test\B1\B1.19.Apar-Bui_13_patch_0_0.jpg,B1,B2,0.9974
processed_data_cleaned\test\B1\B1.19.Apar-Bui_13_patch_1_1.jpg,B1,B2,0.9945
processed_data_cleaned\test\B1\B1.19.Apar-Bui_13_patch_2_0.jpg,B1,B2,0.9941
processed_data_cleaned\test\B1\B1.19.Apar-Bui_13_patch_2_1.jpg,B1,B2,0.8941
processed_data_cleaned\test\B1\B1.19.Apar-Bui_13_patch_2_2.jpg,B1,B2,0.8906
processed_data_cleaned\test\B1\B1.19.Apar-Bui_14_patch_0_0.jpg,B1,B2,0.5597
processed_data_cleaned\test\B1\B1.19.Apar-Bui_14_patch_1_1.jpg,B1,A1,0.5634
processed_data_cleaned\test\B1\B1.19.Apar-Bui_14_patch_3_4.jpg,B1,A1,0.976
processed_data_cleaned\test\B1\B1.19.Apar-Bui_15_patch_0_0.jpg,B1,A1,0.6018
processed_data_cleaned\test\B1\B1.19.Apar-Bui_15_patch_0_4.jpg,B1,A2,0.9929
processed_data_cleaned\test\B1\B1.19.Apar-Bui_15_patch_0_5.jpg,B1,A2,0.9989
processed_data_cleaned\test\B1\B1.19.Apar-Bui_15_patch_1_5.jpg,B1,A1,0.9981
processed_data_cleaned\test\B1\B1.19.Apar-Bui_16_patch_1_0.jpg,B1,A1,0.8295
processed_data_cleaned\test\B1\B1.19.Apar-Bui_16_patch_1_1.jpg,B1,A1,0.7228
processed_data_cleaned\test\B1\B1.19.Apar-Bui_16_patch_3_1.jpg,B1,A1,0.9612
processed_data_cleaned\test\B1\B1.19.Apar-Bui_17_patch_0_0.jpg,B1,A2,0.9374
processed_data_cleaned\test\B1\B1.19.Apar-Bui_18_patch_0_0.jpg,B1,B2,0.9946
processed_data_cleaned\test\B1\B1.19.Apar-Bui_18_patch_1_5.jpg,B1,A1,0.4092
processed_data_cleaned\test\B1\B1.19.Apar-Bui_19_patch_2_0.jpg,B1,B2,0.9999
processed_data_cleaned\test\B1\B1.19.Apar-Bui_20_patch_0_2.jpg,B1,B2,0.9931
processed_data_cleaned\test\B1\B1.19.Apar-Bui_20_patch_0_4.jpg,B1,B2,0.9251
processed_data_cleaned\test\B1\B1.19.Apar-Bui_20_patch_1_0.jpg,B1,A1,0.5589
processed_data_cleaned\test\B1\B1.19.Apar-Bui_20_patch_1_1.jpg,B1,B2,0.5931
processed_data_cleaned\test\B1\B1.19.Apar-Bui_21_patch_1_0.jpg,B1,B2,0.868
processed_data_cleaned\test\B1\B1.19.Apar-Bui_22_patch_0_2.jpg,B1,A1,0.9999
processed_data_cleaned\test\B1\B1.19.Apar-Bui_22_patch_0_5.jpg,B1,A1,0.7713
processed_data_cleaned\test\B1\B1.19.Apar-Bui_22_patch_1_2.jpg,B1,A1,0.9953
processed_data_cleaned\test\B1\B1.19.Apar-Bui_22_patch_2_2.jpg,B1,A1,0.9253
processed_data_cleaned\test\B1\B1.19.Apar-Bui_23_patch_0_2.jpg,B1,A1,0.8633
processed_data_cleaned\test\B1\B1.19.Apar-Bui_23_patch_0_3.jpg,B1,A1,0.8593
processed_data_cleaned\test\B1\B1.19.Apar-Bui_23_patch_1_1.jpg,B1,B2,0.6761
processed_data_cleaned\test\B1\B1.19.Apar-Bui_23_patch_1_4.jpg,B1,A1,0.8937
processed_data_cleaned\test\B1\B1.19.Apar-Bui_23_patch_1_5.jpg,B1,B2,0.7722
processed_data_cleaned\test\B1\B1.19.Apar-Bui_23_patch_3_5.jpg,B1,A1,0.8081
processed_data_cleaned\test\B1\B1.19.Apar-Bui_24_patch_1_2.jpg,B1,A1,0.6118
processed_data_cleaned\test\B1\B1.19.Apar-Bui_24_patch_1_4.jpg,B1,A1,0.9759
processed_data_cleaned\test\B1\B1.19.Apar-Bui_24_patch_1_5.jpg,B1,A1,0.9405
processed_data_cleaned\test\B1\B1.19.Apar-Bui_24_patch_3_2.jpg,B1,A1,0.731
processed_data_cleaned\test\B1\B1.19.Apar-Bui_25_patch_0_5.jpg,B1,A1,0.833
processed_data_cleaned\test\B1\B1.19.Apar-Bui_25_patch_1_2.jpg,B1,A1,0.5174
processed_data_cleaned\test\B1\B1.19.Apar-Bui_26_patch_1_2.jpg,B1,B2,0.8869
processed_data_cleaned\test\B1\B1.19.Apar-Bui_26_patch_1_3.jpg,B1,A1,0.7932
processed_data_cleaned\test\B1\B1.19.Apar-Bui_26_patch_1_4.jpg,B1,A1,0.8038
processed_data_cleaned\test\B1\B1.19.Apar-Bui_27_patch_1_2.jpg,B1,A1,0.8117
processed_data_cleaned\test\B1\B1.19.Apar-Bui_27_patch_3_5.jpg,B1,A1,0.5661
processed_data_cleaned\test\B1\B1.19.Apar-Bui_28_patch_1_1.jpg,B1,A1,0.6684
processed_data_cleaned\test\B1\B1.19.Apar-Bui_28_patch_1_2.jpg,B1,A1,0.9759
processed_data_cleaned\test\B1\B1.19.Apar-Bui_28_patch_1_3.jpg,B1,A1,0.9593
processed_data_cleaned\test\B1\B1.19.Apar-Bui_28_patch_1_4.jpg,B1,A1,0.9043
processed_data_cleaned\test\B1\B1.19.Apar-Bui_28_patch_2_1.jpg,B1,A1,0.9978
processed_data_cleaned\test\B1\B1.19.Apar-Bui_28_patch_2_2.jpg,B1,A1,0.7107
processed_data_cleaned\test\B1\B1.19.Apar-Bui_28_patch_2_3.jpg,B1,A1,0.5397
processed_data_cleaned\test\B1\B1.19.Apar-Bui_28_patch_2_4.jpg,B1,A1,0.9696
processed_data_cleaned\test\B1\B1.19.Apar-Bui_28_patch_2_5.jpg,B1,A1,0.586
processed_data_cleaned\test\B1\B1.19.Apar-Bui_28_patch_3_1.jpg,B1,A1,0.9952
processed_data_cleaned\test\B1\B1.19.Apar-Bui_28_patch_3_3.jpg,B1,A1,0.6415
processed_data_cleaned\test\B1\B1.19.Apar-Bui_28_patch_3_4.jpg,B1,A1,0.9745
processed_data_cleaned\test\B1\B1.19.Apar-Bui_29_patch_1_2.jpg,B1,A1,0.9931
processed_data_cleaned\test\B1\B1.19.Apar-Bui_30_patch_0_4.jpg,B1,A1,0.9993
processed_data_cleaned\test\B1\B1.19.Apar-Bui_30_patch_1_1.jpg,B1,A1,0.7686
processed_data_cleaned\test\B1\B1.19.Apar-Bui_30_patch_1_4.jpg,B1,A1,0.6452
processed_data_cleaned\test\B1\B1.19.Apar-Bui_31_patch_2_0.jpg,B1,B2,0.5083
processed_data_cleaned\test\B1\B1.19.Apar-Bui_31_patch_3_2.jpg,B1,A2,0.5894
processed_data_cleaned\test\B1\B1.19.Apar-Bui_31_patch_3_3.jpg,B1,A1,0.378
processed_data_cleaned\test\B1\B1.19.Apar-Bui_33_patch_3_0.jpg,B1,A2,0.996
processed_data_cleaned\test\B1\B1.19.Apar-Bui_33_patch_3_1.jpg,B1,A2,0.7187
processed_data_cleaned\test\B1\B1.19.Apar-Bui_33_patch_3_2.jpg,B1,A2,0.9811
processed_data_cleaned\test\B1\B1.19.Apar-Bui_34_patch_2_0.jpg,B1,A1,0.7672
processed_data_cleaned\test\B1\B1.19.Apar-Bui_34_patch_2_1.jpg,B1,A1,0.7279
processed_data_cleaned\test\B1\B1.19.Apar-Bui_34_patch_2_5.jpg,B1,A2,0.6121
processed_data_cleaned\test\B1\B1.19.Apar-Bui_34_patch_3_0.jpg,B1,A1,0.7639
processed_data_cleaned\test\B1\B1.19.Apar-Bui_34_patch_3_1.jpg,B1,A2,0.8743
processed_data_cleaned\test\B1\B1.19.Apar-Bui_34_patch_3_5.jpg,B1,A2,0.9985
processed_data_cleaned\test\B1\B1.19.Apar-Bui_35_patch_0_0.jpg,B1,A2,0.8183
processed_data_cleaned\test\B1\B1.19.Apar-Bui_35_patch_0_1.jpg,B1,A1,0.6154
processed_data_cleaned\test\B1\B1.19.Apar-Bui_35_patch_1_2.jpg,B1,A1,0.9311
processed_data_cleaned\test\B1\B1.19.Apar-Bui_35_patch_2_5.jpg,B1,A1,0.7668
processed_data_cleaned\test\B1\B1.19.Apar-Bui_35_patch_3_1.jpg,B1,A2,0.9995
processed_data_cleaned\test\B1\B1.19.Apar-Bui_35_patch_3_5.jpg,B1,A2,0.9234
processed_data_cleaned\test\B1\B1.19.Apar-Bui_36_patch_0_0.jpg,B1,A2,0.9947
processed_data_cleaned\test\B1\B1.19.Apar-Bui_36_patch_2_2.jpg,B1,A2,0.5189
processed_data_cleaned\test\B1\B1.19.Apar-Bui_36_patch_2_5.jpg,B1,A2,0.8638
processed_data_cleaned\test\B1\B1.19.Apar-Bui_36_patch_3_3.jpg,B1,A2,0.9007
processed_data_cleaned\test\B1\B1.19.Apar-Bui_36_patch_3_4.jpg,B1,A1,0.846
processed_data_cleaned\test\B1\B1.19.Apar-Bui_36_patch_3_5.jpg,B1,A2,0.9671
processed_data_cleaned\test\B1\B1.19.Apar-Bui_37_patch_2_0.jpg,B1,A1,0.3952
processed_data_cleaned\test\B1\B1.19.Apar-Bui_37_patch_2_3.jpg,B1,A1,0.7887
processed_data_cleaned\test\B1\B1.19.Apar-Bui_37_patch_2_4.jpg,B1,A2,0.8721
processed_data_cleaned\test\B1\B1.19.Apar-Bui_37_patch_3_0.jpg,B1,A2,0.4432
processed_data_cleaned\test\B1\B1.19.Apar-Bui_37_patch_3_3.jpg,B1,A1,0.9828
processed_data_cleaned\test\B1\B1.19.Apar-Bui_37_patch_3_4.jpg,B1,A1,0.5621
processed_data_cleaned\test\B1\B1.19.Apar-Bui_37_patch_3_5.jpg,B1,A1,0.9324
processed_data_cleaned\test\B1\B1.19.Apar-Bui_38_patch_1_1.jpg,B1,A2,0.8934
processed_data_cleaned\test\B1\B1.19.Apar-Bui_38_patch_1_2.jpg,B1,A2,0.9994
processed_data_cleaned\test\B1\B1.19.Apar-Bui_38_patch_2_1.jpg,B1,B2,0.8213
processed_data_cleaned\test\B1\B1.19.Apar-Bui_38_patch_2_2.jpg,B1,A2,0.9465
processed_data_cleaned\test\B1\B1.19.Apar-Bui_38_patch_2_4.jpg,B1,A1,0.5083
processed_data_cleaned\test\B1\B1.19.Apar-Bui_38_patch_3_1.jpg,B1,A1,0.5392
processed_data_cleaned\test\B1\B1.19.Apar-Bui_38_patch_3_4.jpg,B1,A1,0.9807
processed_data_cleaned\test\B1\B1.19.Apar-Bui_38_patch_3_5.jpg,B1,A1,0.9841
processed_data_cleaned\test\B1\B1.19.Apar-Bui_39_patch_1_0.jpg,B1,B2,0.7448
processed_data_cleaned\test\B1\B1.19.Apar-Bui_39_patch_1_3.jpg,B1,A2,0.9495
processed_data_cleaned\test\B1\B1.19.Apar-Bui_39_patch_3_0.jpg,B1,A2,0.779
processed_data_cleaned\test\B1\B1.19.Apar-Bui_40_patch_3_3.jpg,B1,A1,0.6196
processed_data_cleaned\test\B1\B1.19.Apar-Bui_41_patch_1_2.jpg,B1,B2,0.8225
processed_data_cleaned\test\B1\B1.19.Apar-Bui_41_patch_1_3.jpg,B1,B2,0.9913
processed_data_cleaned\test\B1\B1.19.Apar-Bui_41_patch_1_4.jpg,B1,B2,0.6319
processed_data_cleaned\test\B1\B1.19.Apar-Bui_41_patch_2_2.jpg,B1,B2,0.7653
processed_data_cleaned\test\B1\B1.19.Apar-Bui_41_patch_2_5.jpg,B1,B2,0.5254
processed_data_cleaned\test\B1\B1.19.Apar-Bui_41_patch_3_2.jpg,B1,A1,0.5408
processed_data_cleaned\test\B1\B1.19.Apar-Bui_42_patch_0_5.jpg,B1,B2,0.6537
processed_data_cleaned\test\B1\B1.19.Apar-Bui_42_patch_1_0.jpg,B1,A1,0.742
processed_data_cleaned\test\B1\B1.19.Apar-Bui_42_patch_2_1.jpg,B1,A1,0.8721
processed_data_cleaned\test\B1\B1.19.Apar-Bui_42_patch_2_2.jpg,B1,B2,0.9909
processed_data_cleaned\test\B1\B1.19.Apar-Bui_42_patch_3_1.jpg,B1,A1,0.67
processed_data_cleaned\test\B1\B1.19.Apar-Bui_42_patch_3_2.jpg,B1,A1,0.3547
processed_data_cleaned\test\B1\B1.19.Apar-Bui_42_patch_3_3.jpg,B1,B2,0.9998
processed_data_cleaned\test\B1\B1.19.Apar-Bui_42_patch_3_5.jpg,B1,B2,0.8721
processed_data_cleaned\test\B1\B1.19.Apar-Bui_43_patch_0_0.jpg,B1,B2,0.9982
processed_data_cleaned\test\B1\B1.19.Apar-Bui_43_patch_0_5.jpg,B1,A1,0.6485
processed_data_cleaned\test\B1\B1.19.Apar-Bui_43_patch_1_1.jpg,B1,B2,0.923
processed_data_cleaned\test\B1\B1.19.Apar-Bui_43_patch_2_0.jpg,B1,A1,0.6298
processed_data_cleaned\test\B1\B1.19.Apar-Bui_43_patch_2_1.jpg,B1,B2,0.7389
processed_data_cleaned\test\B1\B1.19.Apar-Bui_43_patch_3_1.jpg,B1,A1,0.461
processed_data_cleaned\test\B1\B1.19.Apar-Bui_43_patch_3_2.jpg,B1,B2,0.9111
processed_data_cleaned\test\B1\B1.19.Apar-Bui_44_patch_0_5.jpg,B1,A1,0.7156
processed_data_cleaned\test\B1\B1.19.Apar-Bui_45_patch_3_0.jpg,B1,B2,0.8373
processed_data_cleaned\test\B1\B1.19.Apar-Bui_47_patch_0_0.jpg,B1,A2,0.6219
processed_data_cleaned\test\B1\B1.19.Apar-Bui_47_patch_0_5.jpg,B1,A1,0.8982
processed_data_cleaned\test\B1\B1.19.Apar-Bui_47_patch_3_0.jpg,B1,A2,0.6874
processed_data_cleaned\test\B1\B1.19.Apar-Bui_48_patch_0_4.jpg,B1,A1,0.9536
processed_data_cleaned\test\B1\B1.19.Apar-Bui_48_patch_2_4.jpg,B1,B2,0.7399
processed_data_cleaned\test\B1\B1.19.Apar-Bui_49_patch_0_4.jpg,B1,A1,0.8401
processed_data_cleaned\test\B1\B1.19.Apar-Bui_49_patch_2_2.jpg,B1,B2,0.9203
processed_data_cleaned\test\B1\B1.19.Apar-Bui_50_patch_0_3.jpg,B1,A2,0.52
processed_data_cleaned\test\B1\B1.19.Apar-Bui_50_patch_0_4.jpg,B1,A1,0.7477
processed_data_cleaned\test\B1\B1.19.Apar-Bui_50_patch_1_0.jpg,B1,B2,0.9892
processed_data_cleaned\test\B1\B1.19.Apar-Bui_50_patch_1_1.jpg,B1,B2,0.5213
processed_data_cleaned\test\B1\B1.19.Apar-Bui_50_patch_1_2.jpg,B1,A2,0.9995
processed_data_cleaned\test\B1\B1.19.Apar-Bui_50_patch_1_4.jpg,B1,A1,0.7511
processed_data_cleaned\test\B1\B1.19.Apar-Bui_50_patch_2_0.jpg,B1,B2,0.9848
processed_data_cleaned\test\B1\B1.19.Apar-Bui_50_patch_2_1.jpg,B1,B2,1.0
processed_data_cleaned\test\B1\B1.19.Apar-Bui_50_patch_3_0.jpg,B1,B2,0.9996
processed_data_cleaned\test\B1\B1.19.Apar-Bui_50_patch_3_1.jpg,B1,B2,0.9755
processed_data_cleaned\test\B1\B1.19.Apar-Bui_50_patch_3_2.jpg,B1,A2,0.9637
processed_data_cleaned\test\B1\B1.19.Apar-Bui_51_patch_0_0.jpg,B1,A2,0.7428
processed_data_cleaned\test\B1\B1.19.Apar-Bui_51_patch_0_1.jpg,B1,A2,0.7545
processed_data_cleaned\test\B1\B1.19.Apar-Bui_51_patch_0_2.jpg,B1,A2,0.5015
processed_data_cleaned\test\B1\B1.19.Apar-Bui_51_patch_0_4.jpg,B1,A2,0.942
processed_data_cleaned\test\B1\B1.19.Apar-Bui_51_patch_0_5.jpg,B1,A2,0.9859
processed_data_cleaned\test\B1\B1.19.Apar-Bui_51_patch_1_1.jpg,B1,A2,0.9092
processed_data_cleaned\test\B1\B1.19.Apar-Bui_51_patch_1_3.jpg,B1,A2,0.8104
processed_data_cleaned\test\B1\B1.19.Apar-Bui_51_patch_3_2.jpg,B1,A2,0.9717
processed_data_cleaned\test\B1\B1.19.Apar-Bui_52_patch_0_0.jpg,B1,A2,0.884
processed_data_cleaned\test\B1\B1.19.Apar-Bui_52_patch_0_1.jpg,B1,A2,0.4081
processed_data_cleaned\test\B1\B1.19.Apar-Bui_52_patch_2_5.jpg,B1,A1,0.6153
processed_data_cleaned\test\B1\B1.19.Apar-Bui_52_patch_3_0.jpg,B1,B2,0.9902
processed_data_cleaned\test\B1\B1.19.Apar-Bui_54_patch_0_4.jpg,B1,A1,0.8663
processed_data_cleaned\test\B1\B1.19.Apar-Bui_55_patch_3_1.jpg,B1,A2,0.8709
processed_data_cleaned\test\B1\B1.19.Apar-Bui_55_patch_3_5.jpg,B1,A1,0.7251
processed_data_cleaned\test\B1\B1.19.Apar-Bui_56_patch_0_0.jpg,B1,A1,0.9607
processed_data_cleaned\test\B1\B1.19.Apar-Bui_56_patch_1_0.jpg,B1,A1,0.8615
processed_data_cleaned\test\B1\B1.19.Apar-Bui_56_patch_2_1.jpg,B1,A1,0.875
processed_data_cleaned\test\B1\B1.19.Apar-Bui_57_patch_0_0.jpg,B1,B2,0.623
processed_data_cleaned\test\B1\B1.19.Apar-Bui_57_patch_0_3.jpg,B1,A1,0.5609
processed_data_cleaned\test\B1\B1.19.Apar-Bui_57_patch_1_3.jpg,B1,B2,0.9006
processed_data_cleaned\test\B1\B1.19.Apar-Bui_58_patch_0_1.jpg,B1,A1,0.4844
processed_data_cleaned\test\B1\B1.19.Apar-Bui_58_patch_1_0.jpg,B1,A1,0.6179
processed_data_cleaned\test\B1\B1.19.Apar-Bui_58_patch_1_5.jpg,B1,A1,0.6696
processed_data_cleaned\test\B1\B1.19.Apar-Bui_58_patch_3_1.jpg,B1,A1,0.6732
processed_data_cleaned\test\B1\B1.19.Apar-Bui_59_patch_2_0.jpg,B1,A1,0.978
processed_data_cleaned\test\B1\B1.19.Apar-Bui_59_patch_3_1.jpg,B1,A1,0.5492
processed_data_cleaned\test\B1\B1.19.Apar-Bui_60_patch_0_0.jpg,B1,A1,0.6845
processed_data_cleaned\test\B1\B1.19.Apar-Bui_60_patch_0_2.jpg,B1,A1,0.9372
processed_data_cleaned\test\B1\B1.19.Apar-Bui_60_patch_0_3.jpg,B1,A1,0.9726
processed_data_cleaned\test\B1\B1.19.Apar-Bui_60_patch_0_4.jpg,B1,A1,0.965
processed_data_cleaned\test\B1\B1.19.Apar-Bui_60_patch_1_0.jpg,B1,A1,0.9955
processed_data_cleaned\test\B1\B1.19.Apar-Bui_60_patch_1_1.jpg,B1,A1,0.8925
processed_data_cleaned\test\B1\B1.19.Apar-Bui_60_patch_1_5.jpg,B1,A1,0.8153
processed_data_cleaned\test\B1\B1.19.Apar-Bui_60_patch_3_0.jpg,B1,A1,0.9852
processed_data_cleaned\test\B1\B1.19.Apar-Bui_60_patch_3_1.jpg,B1,A1,0.7771
processed_data_cleaned\test\B1\B1.19.Apar-Bui_60_patch_3_3.jpg,B1,A1,0.7136
processed_data_cleaned\test\B1\B1.19.Apar-Bui_61_patch_2_0.jpg,B1,A1,0.8835
processed_data_cleaned\test\B1\B1.19.Apar-Bui_61_patch_2_2.jpg,B1,A1,0.5483
processed_data_cleaned\test\B1\B1.19.Apar-Bui_61_patch_3_4.jpg,B1,A1,0.9842
processed_data_cleaned\test\B1\B1.19.Apar-Bui_62_patch_0_4.jpg,B1,A1,0.5877
processed_data_cleaned\test\B1\B1.19.Apar-Bui_63_patch_1_5.jpg,B1,A1,0.7375
processed_data_cleaned\test\B1\B1.19.Apar-Bui_63_patch_2_4.jpg,B1,A1,0.5899
processed_data_cleaned\test\B1\B1.19.Apar-Bui_63_patch_3_5.jpg,B1,B2,0.9516
processed_data_cleaned\test\B1\B1.19.Apar-Bui_64_patch_0_3.jpg,B1,A1,0.5331
processed_data_cleaned\test\B1\B1.19.Apar-Bui_64_patch_1_1.jpg,B1,B2,0.8401
processed_data_cleaned\test\B1\B1.19.Apar-Bui_64_patch_1_4.jpg,B1,A1,0.7391
processed_data_cleaned\test\B1\B1.19.Apar-Bui_64_patch_3_0.jpg,B1,A2,0.4486
processed_data_cleaned\test\B1\B1.19.Apar-Bui_64_patch_3_2.jpg,B1,A1,0.7314
processed_data_cleaned\test\B1\B1.19.Apar-Bui_64_patch_3_3.jpg,B1,A1,0.5751
processed_data_cleaned\test\B1\B1.19.Apar-Bui_65_patch_0_2.jpg,B1,B2,0.5567
processed_data_cleaned\test\B1\B1.19.Apar-Bui_65_patch_2_1.jpg,B1,B2,0.97
processed_data_cleaned\test\B1\B1.19.Apar-Bui_66_patch_1_1.jpg,B1,A2,0.8859
processed_data_cleaned\test\B1\B1.19.Apar-Bui_66_patch_1_5.jpg,B1,A1,0.6828
processed_data_cleaned\test\B1\B1.19.Apar-Bui_66_patch_2_0.jpg,B1,A1,0.4805
processed_data_cleaned\test\B1\B1.19.Apar-Bui_66_patch_2_2.jpg,B1,A2,0.5593
processed_data_cleaned\test\B1\B1.19.Apar-Bui_66_patch_2_3.jpg,B1,A1,0.9897
processed_data_cleaned\test\B1\B1.19.Apar-Bui_66_patch_2_5.jpg,B1,A1,0.9883
processed_data_cleaned\test\B1\B1.19.Apar-Bui_66_patch_3_0.jpg,B1,A1,0.9867
processed_data_cleaned\test\B1\B1.19.Apar-Bui_66_patch_3_1.jpg,B1,A1,0.9942
processed_data_cleaned\test\B1\B1.19.Apar-Bui_66_patch_3_2.jpg,B1,A1,0.9807
processed_data_cleaned\test\B1\B1.19.Apar-Bui_66_patch_3_3.jpg,B1,A1,0.8523
processed_data_cleaned\test\B1\B1.19.Apar-Bui_66_patch_3_4.jpg,B1,A1,0.7071
processed_data_cleaned\test\B1\B1.19.Apar-Bui_67_patch_0_1.jpg,B1,A1,0.6569
processed_data_cleaned\test\B1\B1.19.Apar-Bui_67_patch_0_4.jpg,B1,A1,0.4362
processed_data_cleaned\test\B1\B1.19.Apar-Bui_67_patch_1_1.jpg,B1,A2,0.7176
processed_data_cleaned\test\B1\B1.19.Apar-Bui_67_patch_1_3.jpg,B1,A1,0.6458
processed_data_cleaned\test\B1\B1.19.Apar-Bui_67_patch_2_0.jpg,B1,A2,0.8089
processed_data_cleaned\test\B1\B1.19.Apar-Bui_67_patch_2_1.jpg,B1,A1,0.6358
processed_data_cleaned\test\B1\B1.19.Apar-Bui_67_patch_2_2.jpg,B1,A2,0.7808
processed_data_cleaned\test\B1\B1.19.Apar-Bui_67_patch_2_3.jpg,B1,A1,0.9913
processed_data_cleaned\test\B1\B1.19.Apar-Bui_67_patch_2_4.jpg,B1,A1,0.8557
processed_data_cleaned\test\B1\B1.19.Apar-Bui_67_patch_2_5.jpg,B1,A1,0.9286
processed_data_cleaned\test\B1\B1.19.Apar-Bui_67_patch_3_0.jpg,B1,A1,0.9884
processed_data_cleaned\test\B1\B1.19.Apar-Bui_67_patch_3_1.jpg,B1,A1,0.9764
processed_data_cleaned\test\B1\B1.19.Apar-Bui_67_patch_3_2.jpg,B1,A1,0.9893
processed_data_cleaned\test\B1\B1.19.Apar-Bui_67_patch_3_3.jpg,B1,A1,0.8363
processed_data_cleaned\test\B1\B1.19.Apar-Bui_68_patch_1_1.jpg,B1,A1,0.9064
processed_data_cleaned\test\B1\B1.19.Apar-Bui_68_patch_1_4.jpg,B1,A1,0.9986
processed_data_cleaned\test\B1\B1.19.Apar-Bui_68_patch_1_5.jpg,B1,A1,0.8794
processed_data_cleaned\test\B1\B1.19.Apar-Bui_68_patch_2_3.jpg,B1,A1,0.5352
processed_data_cleaned\test\B1\B1.19.Apar-Bui_68_patch_2_4.jpg,B1,A1,0.9822
processed_data_cleaned\test\B1\B1.19.Apar-Bui_68_patch_3_2.jpg,B1,B2,0.9923
processed_data_cleaned\test\B1\B1.19.Apar-Bui_68_patch_3_4.jpg,B1,B2,0.9326
processed_data_cleaned\test\B1\B1.19.Apar-Bui_69_patch_0_4.jpg,B1,A2,0.9744
processed_data_cleaned\test\B1\B1.19.Apar-Bui_69_patch_1_4.jpg,B1,A1,0.9782
processed_data_cleaned\test\B1\B1.19.Apar-Bui_69_patch_1_5.jpg,B1,A1,0.9638
processed_data_cleaned\test\B1\B1.19.Apar-Bui_69_patch_2_1.jpg,B1,A1,0.995
processed_data_cleaned\test\B1\B1.19.Apar-Bui_69_patch_3_1.jpg,B1,A1,0.98
processed_data_cleaned\test\B1\B1.19.Apar-Bui_69_patch_3_2.jpg,B1,A1,0.9223
processed_data_cleaned\test\B1\B1.19.Apar-Bui_69_patch_3_3.jpg,B1,B2,0.8239
processed_data_cleaned\test\B1\B1.19.Apar-Bui_70_patch_2_2.jpg,B1,A1,0.7569
processed_data_cleaned\test\B1\B1.19.Apar-Bui_70_patch_2_5.jpg,B1,A1,0.8044
processed_data_cleaned\test\B1\B1.19.Apar-Bui_70_patch_3_2.jpg,B1,A1,0.9997
processed_data_cleaned\test\B1\B1.19.Apar-Bui_70_patch_3_4.jpg,B1,A1,0.9704
processed_data_cleaned\test\B1\B1.19.Apar-Bui_71_patch_0_0.jpg,B1,B2,0.9891
processed_data_cleaned\test\B1\B1.19.Apar-Bui_71_patch_1_0.jpg,B1,A1,0.5031
processed_data_cleaned\test\B1\B1.19.Apar-Bui_71_patch_1_2.jpg,B1,A1,0.8227
processed_data_cleaned\test\B1\B1.19.Apar-Bui_72_patch_0_0.jpg,B1,A1,0.616
processed_data_cleaned\test\B1\B1.19.Apar-Bui_72_patch_0_1.jpg,B1,B2,0.5809
processed_data_cleaned\test\B1\B1.19.Apar-Bui_72_patch_0_2.jpg,B1,A1,0.7857
processed_data_cleaned\test\B1\B1.19.Apar-Bui_72_patch_0_5.jpg,B1,B2,0.8778
processed_data_cleaned\test\B1\B1.19.Apar-Bui_72_patch_1_0.jpg,B1,B2,0.999
processed_data_cleaned\test\B1\B1.19.Apar-Bui_72_patch_1_2.jpg,B1,B2,0.9928
processed_data_cleaned\test\B1\B1.19.Apar-Bui_72_patch_2_1.jpg,B1,A1,0.9473
processed_data_cleaned\test\B1\B1.19.Apar-Bui_72_patch_2_3.jpg,B1,B2,0.9988
processed_data_cleaned\test\B1\B1.19.Apar-Bui_72_patch_3_1.jpg,B1,A2,0.8046
processed_data_cleaned\test\B1\B1.19.Apar-Bui_72_patch_3_2.jpg,B1,B2,0.934
processed_data_cleaned\test\B1\B1.19.Apar-Bui_73_patch_2_0.jpg,B1,B2,0.9908
processed_data_cleaned\test\B1\B1.19.Apar-Bui_73_patch_2_1.jpg,B1,B2,0.9882
processed_data_cleaned\test\B1\B1.19.Apar-Bui_73_patch_2_2.jpg,B1,A1,0.7102
processed_data_cleaned\test\B1\B1.19.Apar-Bui_73_patch_3_1.jpg,B1,A1,0.7714
processed_data_cleaned\test\B1\B1.19.Apar-Bui_73_patch_3_2.jpg,B1,B2,0.3424
processed_data_cleaned\test\B1\B1.19.Apar-Bui_73_patch_3_5.jpg,B1,A2,0.7651
processed_data_cleaned\test\B1\B1.19.Apar-Bui_74_patch_0_4.jpg,B1,B2,0.7018
processed_data_cleaned\test\B1\B1.19.Apar-Bui_74_patch_1_0.jpg,B1,A1,0.8861
processed_data_cleaned\test\B1\B1.19.Apar-Bui_74_patch_1_1.jpg,B1,A2,0.8078
processed_data_cleaned\test\B1\B1.19.Apar-Bui_74_patch_1_2.jpg,B1,A2,0.7779
processed_data_cleaned\test\B1\B1.19.Apar-Bui_74_patch_2_0.jpg,B1,A2,0.9964
processed_data_cleaned\test\B1\B1.19.Apar-Bui_74_patch_2_2.jpg,B1,A1,0.758
processed_data_cleaned\test\B1\B1.19.Apar-Bui_75_patch_1_5.jpg,B1,A1,0.6926
processed_data_cleaned\test\B1\B1.19.Apar-Bui_78_patch_0_0.jpg,B1,B2,0.9608
processed_data_cleaned\test\B1\B1.19.Apar-Bui_78_patch_1_0.jpg,B1,B2,0.7308
processed_data_cleaned\test\B1\B1.19.Apar-Bui_79_patch_1_3.jpg,B1,A1,0.9969
processed_data_cleaned\test\B1\B1.19.Apar-Bui_79_patch_1_4.jpg,B1,A1,0.5609
processed_data_cleaned\test\B1\B1.19.Apar-Bui_79_patch_3_0.jpg,B1,A1,0.927
processed_data_cleaned\test\B1\B1.19.Apar-Bui_79_patch_3_5.jpg,B1,A1,0.8099
processed_data_cleaned\test\B1\B1.19.Apar-Bui_81_patch_2_3.jpg,B1,B2,0.893
processed_data_cleaned\test\B1\B1.19.Apar-Bui_81_patch_2_4.jpg,B1,B2,0.3474
processed_data_cleaned\test\B1\B1.19.Apar-Bui_81_patch_3_0.jpg,B1,A2,0.3811
processed_data_cleaned\test\B1\B1.19.Apar-Bui_81_patch_3_1.jpg,B1,B2,0.8944
processed_data_cleaned\test\B1\B1.19.Apar-Bui_81_patch_3_2.jpg,B1,B2,0.9826
processed_data_cleaned\test\B1\B1.19.Apar-Bui_81_patch_3_4.jpg,B1,B2,0.8334
processed_data_cleaned\test\B1\B1.19.Apar-Bui_81_patch_3_5.jpg,B1,A1,0.8939
processed_data_cleaned\test\B1\B1.19.Apar-Bui_83_patch_0_5.jpg,B1,B2,0.4976
processed_data_cleaned\test\B1\B1.19.Apar-Bui_86_patch_1_0.jpg,B1,B2,0.7286
processed_data_cleaned\test\B1\B1.19.Apar-Bui_86_patch_2_1.jpg,B1,B2,0.5621
processed_data_cleaned\test\B1\B1.19.Apar-Bui_86_patch_3_0.jpg,B1,A2,0.5949
processed_data_cleaned\test\B1\B1.19.Apar-Bui_87_patch_2_0.jpg,B1,A1,0.7381
processed_data_cleaned\test\B1\B1.19.Apar-Bui_88_patch_0_1.jpg,B1,B2,0.9333
processed_data_cleaned\test\B1\B1.19.Apar-Bui_88_patch_0_2.jpg,B1,B2,0.8887
processed_data_cleaned\test\B1\B1.19.Apar-Bui_89_patch_2_0.jpg,B1,A1,0.4801
processed_data_cleaned\test\B1\B1.19.Apar-Bui_89_patch_3_4.jpg,B1,A2,0.5709
processed_data_cleaned\test\B1\B1.19.Apar-Bui_89_patch_3_5.jpg,B1,B2,0.991
processed_data_cleaned\test\B1\B1.19.Apar-Bui_90_patch_0_1.jpg,B1,A2,0.8276
processed_data_cleaned\test\B1\B1.19.Apar-Bui_90_patch_0_2.jpg,B1,B2,0.9837
processed_data_cleaned\test\B1\B1.19.Apar-Bui_90_patch_0_3.jpg,B1,B2,0.6581
processed_data_cleaned\test\B1\B1.19.Apar-Bui_90_patch_3_0.jpg,B1,A1,0.9438
processed_data_cleaned\test\B1\B1.19.Apar-Bui_91_patch_0_4.jpg,B1,A1,0.7947
processed_data_cleaned\test\B1\B1.19.Apar-Bui_91_patch_1_0.jpg,B1,B2,0.4475
processed_data_cleaned\test\B1\B1.19.Apar-Bui_91_patch_3_2.jpg,B1,A2,0.9867
processed_data_cleaned\test\B1\B1.19.Apar-Bui_91_patch_3_3.jpg,B1,A2,0.9892
processed_data_cleaned\test\B1\B1.19.Apar-Bui_91_patch_3_4.jpg,B1,A1,0.9078
processed_data_cleaned\test\B1\B1.19.Apar-Bui_91_patch_3_5.jpg,B1,B2,0.931
processed_data_cleaned\test\B1\B1.19.Apar-Bui_92_patch_0_1.jpg,B1,A2,0.9555
processed_data_cleaned\test\B1\B1.19.Apar-Bui_92_patch_1_3.jpg,B1,A2,0.9849
processed_data_cleaned\test\B1\B1.19.Apar-Bui_92_patch_2_1.jpg,B1,A2,0.8898
processed_data_cleaned\test\B1\B1.19.Apar-Bui_92_patch_2_2.jpg,B1,A2,0.9951
processed_data_cleaned\test\B1\B1.19.Apar-Bui_92_patch_3_1.jpg,B1,A1,0.7002
processed_data_cleaned\test\B1\B1.19.Apar-Bui_92_patch_3_2.jpg,B1,A2,0.8376
processed_data_cleaned\test\B1\B1.19.Apar-Bui_92_patch_3_3.jpg,B1,B2,0.8061
processed_data_cleaned\test\B1\B1.27.HB-The_01_patch_1_0.jpg,B1,A1,0.9081
processed_data_cleaned\test\B1\B1.27.HB-The_01_patch_2_0.jpg,B1,A1,0.6768
processed_data_cleaned\test\B1\B1.27.HB-The_01_patch_3_2.jpg,B1,A1,0.5889
processed_data_cleaned\test\B1\B1.27.HB-The_02_patch_0_0.jpg,B1,A2,0.8989
processed_data_cleaned\test\B1\B1.27.HB-The_02_patch_0_1.jpg,B1,A2,0.9248
processed_data_cleaned\test\B1\B1.27.HB-The_02_patch_0_2.jpg,B1,A2,0.5015
processed_data_cleaned\test\B1\B1.27.HB-The_02_patch_0_3.jpg,B1,A1,0.4385
processed_data_cleaned\test\B1\B1.27.HB-The_02_patch_0_4.jpg,B1,A1,0.8037
processed_data_cleaned\test\B1\B1.27.HB-The_02_patch_0_5.jpg,B1,A1,0.912
processed_data_cleaned\test\B1\B1.27.HB-The_02_patch_1_2.jpg,B1,A2,0.9965
processed_data_cleaned\test\B1\B1.27.HB-The_02_patch_1_3.jpg,B1,A2,0.8961
processed_data_cleaned\test\B1\B1.27.HB-The_02_patch_2_4.jpg,B1,A2,0.8587
processed_data_cleaned\test\B1\B1.27.HB-The_03_patch_0_0.jpg,B1,A1,0.9817
processed_data_cleaned\test\B1\B1.27.HB-The_03_patch_0_1.jpg,B1,A1,0.9884
processed_data_cleaned\test\B1\B1.27.HB-The_03_patch_0_4.jpg,B1,A1,0.9018
processed_data_cleaned\test\B1\B1.27.HB-The_03_patch_0_5.jpg,B1,A1,0.9759
processed_data_cleaned\test\B1\B1.27.HB-The_03_patch_1_0.jpg,B1,A2,0.6739
processed_data_cleaned\test\B1\B1.27.HB-The_03_patch_1_1.jpg,B1,A1,0.8608
processed_data_cleaned\test\B1\B1.27.HB-The_03_patch_1_2.jpg,B1,A1,0.7668
processed_data_cleaned\test\B1\B1.27.HB-The_03_patch_1_3.jpg,B1,A1,0.701
processed_data_cleaned\test\B1\B1.27.HB-The_03_patch_1_4.jpg,B1,A1,0.9137
processed_data_cleaned\test\B1\B1.27.HB-The_03_patch_1_5.jpg,B1,A1,0.922
processed_data_cleaned\test\B1\B1.27.HB-The_03_patch_2_0.jpg,B1,A1,0.7613
processed_data_cleaned\test\B1\B1.27.HB-The_03_patch_2_1.jpg,B1,A1,0.6273
processed_data_cleaned\test\B1\B1.27.HB-The_03_patch_2_4.jpg,B1,A1,0.9546
processed_data_cleaned\test\B1\B1.27.HB-The_03_patch_2_5.jpg,B1,A1,0.5908
processed_data_cleaned\test\B1\B1.27.HB-The_03_patch_3_0.jpg,B1,A1,0.9647
processed_data_cleaned\test\B1\B1.27.HB-The_03_patch_3_1.jpg,B1,A1,0.8462
processed_data_cleaned\test\B1\B1.27.HB-The_03_patch_3_4.jpg,B1,A1,0.8283
processed_data_cleaned\test\B1\B1.27.HB-The_03_patch_3_5.jpg,B1,A2,0.9291
processed_data_cleaned\test\B1\B1.27.HB-The_04_patch_2_0.jpg,B1,B2,0.9851
processed_data_cleaned\test\B1\B1.27.HB-The_04_patch_2_2.jpg,B1,A2,0.9787
processed_data_cleaned\test\B1\B1.27.HB-The_04_patch_2_3.jpg,B1,A2,0.977
processed_data_cleaned\test\B1\B1.27.HB-The_04_patch_2_4.jpg,B1,A2,0.9693
processed_data_cleaned\test\B1\B1.27.HB-The_04_patch_3_0.jpg,B1,A1,0.9905
processed_data_cleaned\test\B1\B1.27.HB-The_04_patch_3_2.jpg,B1,A2,0.8921
processed_data_cleaned\test\B1\B1.27.HB-The_04_patch_3_3.jpg,B1,A2,0.8775
processed_data_cleaned\test\B1\B1.27.HB-The_04_patch_3_4.jpg,B1,A2,0.9943
processed_data_cleaned\test\B1\B1.27.HB-The_05_patch_0_1.jpg,B1,A2,0.9383
processed_data_cleaned\test\B1\B1.27.HB-The_05_patch_1_1.jpg,B1,A2,0.9532
processed_data_cleaned\test\B1\B1.27.HB-The_05_patch_2_0.jpg,B1,A1,0.5371
processed_data_cleaned\test\B1\B1.27.HB-The_05_patch_2_1.jpg,B1,A2,0.9356
processed_data_cleaned\test\B1\B1.27.HB-The_06_patch_0_5.jpg,B1,B2,0.5321
processed_data_cleaned\test\B1\B1.27.HB-The_06_patch_1_5.jpg,B1,B2,0.5292
processed_data_cleaned\test\B1\B1.27.HB-The_06_patch_2_1.jpg,B1,B2,0.9247
processed_data_cleaned\test\B1\B1.27.HB-The_06_patch_3_0.jpg,B1,B2,0.7256
processed_data_cleaned\test\B1\B1.27.HB-The_06_patch_3_3.jpg,B1,A1,0.7288
processed_data_cleaned\test\B1\B1.27.HB-The_06_patch_3_4.jpg,B1,B2,0.9601
processed_data_cleaned\test\B1\B1.27.HB-The_07_patch_0_3.jpg,B1,A2,0.9801
processed_data_cleaned\test\B1\B1.27.HB-The_07_patch_1_2.jpg,B1,B2,0.8091
processed_data_cleaned\test\B1\B1.27.HB-The_07_patch_1_3.jpg,B1,B2,0.6134
processed_data_cleaned\test\B1\B1.27.HB-The_07_patch_2_3.jpg,B1,A1,0.5997
processed_data_cleaned\test\B1\B1.27.HB-The_07_patch_3_5.jpg,B1,B2,0.887
processed_data_cleaned\test\B1\B1.27.HB-The_08_patch_1_2.jpg,B1,B2,0.6307
processed_data_cleaned\test\B1\B1.27.HB-The_08_patch_2_0.jpg,B1,B2,0.699
processed_data_cleaned\test\B1\B1.27.HB-The_08_patch_2_2.jpg,B1,A2,0.9968
processed_data_cleaned\test\B1\B1.27.HB-The_08_patch_3_0.jpg,B1,A2,0.6108
processed_data_cleaned\test\B1\B1.27.HB-The_09_patch_0_2.jpg,B1,B2,0.648
processed_data_cleaned\test\B1\B1.27.HB-The_09_patch_1_5.jpg,B1,A1,0.7845
processed_data_cleaned\test\B1\B1.27.HB-The_09_patch_2_5.jpg,B1,A1,0.7267
processed_data_cleaned\test\B1\B1.27.HB-The_09_patch_3_4.jpg,B1,A1,0.8584
processed_data_cleaned\test\B1\B1.27.HB-The_09_patch_3_5.jpg,B1,A2,0.6082
processed_data_cleaned\test\B1\B1.27.HB-The_10_patch_0_0.jpg,B1,A1,0.8286
processed_data_cleaned\test\B1\B1.27.HB-The_10_patch_1_5.jpg,B1,A2,0.6653
processed_data_cleaned\test\B1\B1.27.HB-The_10_patch_2_4.jpg,B1,B2,0.9791
processed_data_cleaned\test\B1\B1.27.HB-The_10_patch_2_5.jpg,B1,A2,0.4402
processed_data_cleaned\test\B1\B1.27.HB-The_10_patch_3_1.jpg,B1,B2,0.4915
processed_data_cleaned\test\B1\B1.27.HB-The_10_patch_3_5.jpg,B1,B2,0.8649
processed_data_cleaned\test\B1\B1.27.HB-The_11_patch_0_4.jpg,B1,A2,0.8587
processed_data_cleaned\test\B1\B1.27.HB-The_11_patch_1_3.jpg,B1,B2,0.7123
processed_data_cleaned\test\B1\B1.27.HB-The_11_patch_1_4.jpg,B1,B2,0.7777
processed_data_cleaned\test\B1\B1.27.HB-The_11_patch_2_4.jpg,B1,A2,0.6821
processed_data_cleaned\test\B1\B1.27.HB-The_12_patch_0_0.jpg,B1,A1,0.7043
processed_data_cleaned\test\B1\B1.27.HB-The_12_patch_0_1.jpg,B1,A1,0.5907
processed_data_cleaned\test\B1\B1.27.HB-The_12_patch_1_1.jpg,B1,B2,0.8664
processed_data_cleaned\test\B1\B1.27.HB-The_12_patch_2_1.jpg,B1,B2,0.8682
processed_data_cleaned\test\B1\B1.27.HB-The_12_patch_2_3.jpg,B1,A2,1.0
processed_data_cleaned\test\B1\B1.27.HB-The_12_patch_2_4.jpg,B1,A2,0.9894
processed_data_cleaned\test\B1\B1.27.HB-The_12_patch_3_3.jpg,B1,A2,0.9974
processed_data_cleaned\test\B1\B1.27.HB-The_12_patch_3_4.jpg,B1,A2,0.9322
processed_data_cleaned\test\B1\B1.27.HB-The_12_patch_3_5.jpg,B1,A2,0.9672
processed_data_cleaned\test\B1\B1.27.HB-The_13_patch_0_1.jpg,B1,A1,0.7407
processed_data_cleaned\test\B1\B1.27.HB-The_13_patch_2_3.jpg,B1,A2,0.6788
processed_data_cleaned\test\B1\B1.27.HB-The_13_patch_3_1.jpg,B1,A1,0.9313
processed_data_cleaned\test\B1\B1.27.HB-The_13_patch_3_2.jpg,B1,A2,0.4219
processed_data_cleaned\test\B1\B1.27.HB-The_13_patch_3_3.jpg,B1,A2,0.9922
processed_data_cleaned\test\B1\B1.27.HB-The_14_patch_0_0.jpg,B1,A1,0.4707
processed_data_cleaned\test\B1\B1.27.HB-The_14_patch_0_1.jpg,B1,B2,0.7932
processed_data_cleaned\test\B1\B1.27.HB-The_14_patch_0_4.jpg,B1,A1,0.9842
processed_data_cleaned\test\B1\B1.27.HB-The_14_patch_0_5.jpg,B1,A1,0.8841
processed_data_cleaned\test\B1\B1.27.HB-The_14_patch_1_2.jpg,B1,A1,0.9258
processed_data_cleaned\test\B1\B1.27.HB-The_14_patch_1_3.jpg,B1,A1,0.9682
processed_data_cleaned\test\B1\B1.27.HB-The_14_patch_1_4.jpg,B1,A1,0.9956
processed_data_cleaned\test\B1\B1.27.HB-The_14_patch_1_5.jpg,B1,B2,0.8082
processed_data_cleaned\test\B1\B1.27.HB-The_14_patch_2_1.jpg,B1,A2,0.6316
processed_data_cleaned\test\B1\B1.27.HB-The_14_patch_2_2.jpg,B1,B2,0.882
processed_data_cleaned\test\B1\B1.27.HB-The_14_patch_2_3.jpg,B1,A1,0.9563
processed_data_cleaned\test\B1\B1.27.HB-The_14_patch_2_5.jpg,B1,A1,0.4532
processed_data_cleaned\test\B1\B1.27.HB-The_14_patch_3_3.jpg,B1,B2,0.9985
processed_data_cleaned\test\B1\B1.27.HB-The_14_patch_3_4.jpg,B1,B2,0.9833
processed_data_cleaned\test\B1\B1.27.HB-The_15_patch_0_2.jpg,B1,A1,0.5241
processed_data_cleaned\test\B1\B1.27.HB-The_15_patch_0_4.jpg,B1,A1,0.8037
processed_data_cleaned\test\B1\B1.27.HB-The_15_patch_1_0.jpg,B1,A1,0.542
processed_data_cleaned\test\B1\B1.27.HB-The_15_patch_1_2.jpg,B1,A1,0.995
processed_data_cleaned\test\B1\B1.27.HB-The_15_patch_2_0.jpg,B1,B2,0.9949
processed_data_cleaned\test\B1\B1.27.HB-The_15_patch_2_1.jpg,B1,A1,0.9953
processed_data_cleaned\test\B1\B1.27.HB-The_15_patch_3_3.jpg,B1,B2,0.7239
processed_data_cleaned\test\B1\B1.27.HB-The_16_patch_1_3.jpg,B1,A2,0.6773
processed_data_cleaned\test\B1\B1.27.HB-The_16_patch_1_4.jpg,B1,A2,0.6659
processed_data_cleaned\test\B1\B1.27.HB-The_16_patch_2_2.jpg,B1,A1,0.6218
processed_data_cleaned\test\B1\B1.27.HB-The_16_patch_2_3.jpg,B1,B2,0.6562
processed_data_cleaned\test\B1\B1.27.HB-The_16_patch_2_4.jpg,B1,A2,0.7648
processed_data_cleaned\test\B1\B1.27.HB-The_16_patch_3_3.jpg,B1,A1,0.671
processed_data_cleaned\test\B1\B1.27.HB-The_16_patch_3_4.jpg,B1,B2,0.6632
processed_data_cleaned\test\B1\B1.27.HB-The_16_patch_3_5.jpg,B1,A1,0.8496
processed_data_cleaned\test\B1\B1.27.HB-The_17_patch_0_5.jpg,B1,B2,0.9034
processed_data_cleaned\test\B1\B1.27.HB-The_17_patch_1_5.jpg,B1,A2,0.9906
processed_data_cleaned\test\B1\B1.27.HB-The_17_patch_2_4.jpg,B1,A2,0.9388
processed_data_cleaned\test\B1\B1.27.HB-The_17_patch_2_5.jpg,B1,A1,0.7171
processed_data_cleaned\test\B1\B1.27.HB-The_17_patch_3_4.jpg,B1,A1,0.5057
processed_data_cleaned\test\B1\B1.27.HB-The_17_patch_3_5.jpg,B1,A1,0.869
processed_data_cleaned\test\B1\B1.27.HB-The_18_patch_2_1.jpg,B1,A1,0.5904
processed_data_cleaned\test\B1\B1.27.HB-The_18_patch_2_2.jpg,B1,B2,0.8137
processed_data_cleaned\test\B1\B1.27.HB-The_18_patch_3_1.jpg,B1,A1,0.8319
processed_data_cleaned\test\B1\B1.27.HB-The_18_patch_3_4.jpg,B1,B2,0.9539
processed_data_cleaned\test\B1\B1.27.HB-The_19_patch_0_5.jpg,B1,A2,0.4931
processed_data_cleaned\test\B1\B1.27.HB-The_19_patch_1_4.jpg,B1,B2,0.7202
processed_data_cleaned\test\B1\B1.27.HB-The_19_patch_2_5.jpg,B1,A2,0.3516
processed_data_cleaned\test\B1\B1.27.HB-The_19_patch_3_0.jpg,B1,B2,0.9017
processed_data_cleaned\test\B1\B1.27.HB-The_20_patch_0_3.jpg,B1,A2,0.4354
processed_data_cleaned\test\B1\B1.27.HB-The_20_patch_1_0.jpg,B1,B2,0.9222
processed_data_cleaned\test\B1\B1.27.HB-The_20_patch_1_2.jpg,B1,A2,0.564
processed_data_cleaned\test\B1\B1.27.HB-The_20_patch_1_3.jpg,B1,A2,0.9965
processed_data_cleaned\test\B1\B1.27.HB-The_20_patch_1_4.jpg,B1,A1,0.9927
processed_data_cleaned\test\B1\B1.27.HB-The_20_patch_1_5.jpg,B1,A2,0.9914
processed_data_cleaned\test\B1\B1.27.HB-The_20_patch_2_0.jpg,B1,A2,0.9996
processed_data_cleaned\test\B1\B1.27.HB-The_20_patch_2_1.jpg,B1,A2,1.0
processed_data_cleaned\test\B1\B1.27.HB-The_20_patch_2_2.jpg,B1,A2,0.9987
processed_data_cleaned\test\B1\B1.27.HB-The_20_patch_2_3.jpg,B1,A2,0.9808
processed_data_cleaned\test\B1\B1.27.HB-The_20_patch_2_4.jpg,B1,A2,0.9484
processed_data_cleaned\test\B1\B1.27.HB-The_20_patch_2_5.jpg,B1,A2,0.9924
processed_data_cleaned\test\B1\B1.27.HB-The_20_patch_3_0.jpg,B1,A2,0.9694
processed_data_cleaned\test\B1\B1.27.HB-The_20_patch_3_1.jpg,B1,A2,0.9994
processed_data_cleaned\test\B1\B1.27.HB-The_20_patch_3_2.jpg,B1,A2,0.9972
processed_data_cleaned\test\B1\B1.27.HB-The_20_patch_3_3.jpg,B1,A2,0.9795
processed_data_cleaned\test\B1\B1.27.HB-The_20_patch_3_4.jpg,B1,A1,0.4517
processed_data_cleaned\test\B1\B1.27.HB-The_20_patch_3_5.jpg,B1,A1,0.8847
processed_data_cleaned\test\B1\B1.27.HB-The_21_patch_0_4.jpg,B1,A2,0.9433
processed_data_cleaned\test\B1\B1.27.HB-The_21_patch_1_2.jpg,B1,A1,0.9764
processed_data_cleaned\test\B1\B1.27.HB-The_21_patch_1_3.jpg,B1,A1,0.9216
processed_data_cleaned\test\B1\B1.27.HB-The_21_patch_1_4.jpg,B1,A1,0.9473
processed_data_cleaned\test\B1\B1.27.HB-The_21_patch_2_2.jpg,B1,B2,0.9316
processed_data_cleaned\test\B1\B1.27.HB-The_21_patch_2_3.jpg,B1,A2,0.9616
processed_data_cleaned\test\B1\B1.27.HB-The_21_patch_2_5.jpg,B1,B2,0.4126
processed_data_cleaned\test\B1\B1.27.HB-The_21_patch_3_1.jpg,B1,B2,0.9692
processed_data_cleaned\test\B1\B1.27.HB-The_21_patch_3_2.jpg,B1,A1,0.6517
processed_data_cleaned\test\B1\B1.27.HB-The_21_patch_3_3.jpg,B1,A2,0.8741
processed_data_cleaned\test\B1\B1.27.HB-The_21_patch_3_4.jpg,B1,A2,0.7852
processed_data_cleaned\test\B1\B1.27.HB-The_21_patch_3_5.jpg,B1,A1,0.9214
processed_data_cleaned\test\B1\B1.27.HB-The_22_patch_0_0.jpg,B1,A1,0.3865
processed_data_cleaned\test\B1\B1.27.HB-The_22_patch_0_2.jpg,B1,A1,0.755
processed_data_cleaned\test\B1\B1.27.HB-The_22_patch_0_4.jpg,B1,A1,0.7516
processed_data_cleaned\test\B1\B1.27.HB-The_22_patch_1_2.jpg,B1,A1,0.8767
processed_data_cleaned\test\B1\B1.27.HB-The_22_patch_1_3.jpg,B1,A1,0.6705
processed_data_cleaned\test\B1\B1.27.HB-The_22_patch_1_4.jpg,B1,A2,0.9931
processed_data_cleaned\test\B1\B1.27.HB-The_22_patch_1_5.jpg,B1,A1,0.6434
processed_data_cleaned\test\B1\B1.27.HB-The_22_patch_2_3.jpg,B1,A2,0.7509
processed_data_cleaned\test\B1\B1.27.HB-The_22_patch_2_4.jpg,B1,A2,0.8078
processed_data_cleaned\test\B1\B1.27.HB-The_22_patch_2_5.jpg,B1,B2,0.4397
processed_data_cleaned\test\B1\B1.27.HB-The_22_patch_3_1.jpg,B1,B2,0.9923
processed_data_cleaned\test\B1\B1.27.HB-The_22_patch_3_2.jpg,B1,A1,0.4621
processed_data_cleaned\test\B1\B1.27.HB-The_22_patch_3_3.jpg,B1,A2,0.9271
processed_data_cleaned\test\B1\B1.27.HB-The_23_patch_0_5.jpg,B1,A2,1.0
processed_data_cleaned\test\B1\B1.27.HB-The_23_patch_1_3.jpg,B1,A2,1.0
processed_data_cleaned\test\B1\B1.27.HB-The_23_patch_1_4.jpg,B1,A2,1.0
processed_data_cleaned\test\B1\B1.27.HB-The_23_patch_1_5.jpg,B1,A2,0.9984
processed_data_cleaned\test\B1\B1.27.HB-The_23_patch_2_2.jpg,B1,A2,0.9521
processed_data_cleaned\test\B1\B1.27.HB-The_23_patch_2_3.jpg,B1,A2,0.9997
processed_data_cleaned\test\B1\B1.27.HB-The_23_patch_2_4.jpg,B1,A2,0.9884
processed_data_cleaned\test\B1\B1.27.HB-The_23_patch_2_5.jpg,B1,A2,0.9694
processed_data_cleaned\test\B1\B1.27.HB-The_23_patch_3_2.jpg,B1,A2,0.9979
processed_data_cleaned\test\B1\B1.27.HB-The_23_patch_3_3.jpg,B1,A2,0.9956
processed_data_cleaned\test\B1\B1.27.HB-The_23_patch_3_4.jpg,B1,A2,0.7701
processed_data_cleaned\test\B1\B1.27.HB-The_23_patch_3_5.jpg,B1,A2,0.8108
processed_data_cleaned\test\B1\B1.27.HB-The_24_patch_1_1.jpg,B1,A2,0.8509
processed_data_cleaned\test\B1\B1.27.HB-The_24_patch_1_2.jpg,B1,A2,0.9999
processed_data_cleaned\test\B1\B1.27.HB-The_24_patch_1_3.jpg,B1,A1,0.9952
processed_data_cleaned\test\B1\B1.27.HB-The_24_patch_1_4.jpg,B1,A2,0.9535
processed_data_cleaned\test\B1\B1.27.HB-The_24_patch_2_0.jpg,B1,A2,0.9962
processed_data_cleaned\test\B1\B1.27.HB-The_24_patch_2_1.jpg,B1,A2,0.9809
processed_data_cleaned\test\B1\B1.27.HB-The_24_patch_2_3.jpg,B1,A2,0.9992
processed_data_cleaned\test\B1\B1.27.HB-The_24_patch_2_4.jpg,B1,A2,0.7481
processed_data_cleaned\test\B1\B1.27.HB-The_24_patch_3_0.jpg,B1,A2,0.9893
processed_data_cleaned\test\B1\B1.27.HB-The_24_patch_3_1.jpg,B1,A2,0.9579
processed_data_cleaned\test\B1\B1.27.HB-The_24_patch_3_2.jpg,B1,A2,0.8967
processed_data_cleaned\test\B1\B1.27.HB-The_24_patch_3_4.jpg,B1,A2,0.5959
processed_data_cleaned\test\B1\B1.27.HB-The_24_patch_3_5.jpg,B1,A1,0.7437
processed_data_cleaned\test\B1\B1.27.HB-The_25_patch_0_1.jpg,B1,A1,0.8615
processed_data_cleaned\test\B1\B1.27.HB-The_25_patch_0_3.jpg,B1,A2,0.5619
processed_data_cleaned\test\B1\B1.27.HB-The_25_patch_0_4.jpg,B1,A2,0.5275
processed_data_cleaned\test\B1\B1.27.HB-The_25_patch_1_2.jpg,B1,B2,0.7225
processed_data_cleaned\test\B1\B1.27.HB-The_25_patch_1_3.jpg,B1,A2,0.9971
processed_data_cleaned\test\B1\B1.27.HB-The_25_patch_2_1.jpg,B1,A1,0.5226
processed_data_cleaned\test\B1\B1.27.HB-The_25_patch_3_0.jpg,B1,B2,0.7057
processed_data_cleaned\test\B1\B1.27.HB-The_25_patch_3_1.jpg,B1,B2,0.9566
processed_data_cleaned\test\B1\B1.27.HB-The_25_patch_3_2.jpg,B1,A1,0.7802
processed_data_cleaned\test\B1\B1.27.HB-The_25_patch_3_3.jpg,B1,A1,0.5208
processed_data_cleaned\test\B1\B1.27.HB-The_25_patch_3_4.jpg,B1,A2,0.5333
processed_data_cleaned\test\B1\B1.27.HB-The_26_patch_0_1.jpg,B1,A2,0.964
processed_data_cleaned\test\B1\B1.27.HB-The_26_patch_0_2.jpg,B1,A2,0.8925
processed_data_cleaned\test\B1\B1.27.HB-The_26_patch_0_3.jpg,B1,A2,0.999
processed_data_cleaned\test\B1\B1.27.HB-The_26_patch_0_4.jpg,B1,A2,0.993
processed_data_cleaned\test\B1\B1.27.HB-The_26_patch_0_5.jpg,B1,A2,0.9831
processed_data_cleaned\test\B1\B1.27.HB-The_26_patch_1_3.jpg,B1,A1,0.9044
processed_data_cleaned\test\B1\B1.27.HB-The_26_patch_3_0.jpg,B1,A1,0.469
processed_data_cleaned\test\B1\B1.27.HB-The_26_patch_3_2.jpg,B1,A1,0.6133
processed_data_cleaned\test\B1\B1.27.HB-The_26_patch_3_3.jpg,B1,A1,0.9548
processed_data_cleaned\test\B1\B1.27.HB-The_26_patch_3_4.jpg,B1,A1,0.5058
processed_data_cleaned\test\B1\B1.27.HB-The_26_patch_3_5.jpg,B1,B2,0.561
processed_data_cleaned\test\B1\B1.27.HB-The_27_patch_0_0.jpg,B1,A1,0.9894
processed_data_cleaned\test\B1\B1.27.HB-The_27_patch_0_1.jpg,B1,A1,0.5717
processed_data_cleaned\test\B1\B1.27.HB-The_27_patch_0_2.jpg,B1,A2,0.8617
processed_data_cleaned\test\B1\B1.27.HB-The_27_patch_0_3.jpg,B1,A2,0.9945
processed_data_cleaned\test\B1\B1.27.HB-The_27_patch_0_4.jpg,B1,A2,0.9996
processed_data_cleaned\test\B1\B1.27.HB-The_27_patch_0_5.jpg,B1,A2,0.7905
processed_data_cleaned\test\B1\B1.27.HB-The_27_patch_1_2.jpg,B1,A2,0.5327
processed_data_cleaned\test\B1\B1.27.HB-The_27_patch_1_3.jpg,B1,A2,0.8892
processed_data_cleaned\test\B1\B1.27.HB-The_27_patch_1_4.jpg,B1,A2,0.9855
processed_data_cleaned\test\B1\B1.27.HB-The_27_patch_1_5.jpg,B1,A2,0.9987
processed_data_cleaned\test\B1\B1.27.HB-The_27_patch_2_0.jpg,B1,A1,0.9417
processed_data_cleaned\test\B1\B1.27.HB-The_27_patch_2_2.jpg,B1,B2,0.9957
processed_data_cleaned\test\B1\B1.27.HB-The_27_patch_2_3.jpg,B1,A1,0.7816
processed_data_cleaned\test\B1\B1.27.HB-The_27_patch_2_4.jpg,B1,A2,0.4882
processed_data_cleaned\test\B1\B1.27.HB-The_27_patch_2_5.jpg,B1,A2,0.9977
processed_data_cleaned\test\B1\B1.27.HB-The_27_patch_3_0.jpg,B1,A1,0.7879
processed_data_cleaned\test\B1\B1.27.HB-The_27_patch_3_1.jpg,B1,B2,0.5969
processed_data_cleaned\test\B1\B1.27.HB-The_28_patch_0_0.jpg,B1,A2,0.9396
processed_data_cleaned\test\B1\B1.27.HB-The_28_patch_0_1.jpg,B1,A2,0.9411
processed_data_cleaned\test\B1\B1.27.HB-The_28_patch_0_2.jpg,B1,A2,0.9979
processed_data_cleaned\test\B1\B1.27.HB-The_28_patch_0_3.jpg,B1,A2,0.9998
processed_data_cleaned\test\B1\B1.27.HB-The_28_patch_1_0.jpg,B1,A1,0.6536
processed_data_cleaned\test\B1\B1.27.HB-The_28_patch_1_1.jpg,B1,A1,0.9438
processed_data_cleaned\test\B1\B1.27.HB-The_28_patch_1_2.jpg,B1,A2,0.7087
processed_data_cleaned\test\B1\B1.27.HB-The_28_patch_1_3.jpg,B1,A2,0.9836
processed_data_cleaned\test\B1\B1.27.HB-The_28_patch_2_3.jpg,B1,B2,0.991
processed_data_cleaned\test\B1\B1.27.HB-The_28_patch_3_1.jpg,B1,A1,0.7376
processed_data_cleaned\test\B1\B1.27.HB-The_29_patch_0_1.jpg,B1,A2,0.8819
processed_data_cleaned\test\B1\B1.27.HB-The_29_patch_0_2.jpg,B1,A2,0.9973
processed_data_cleaned\test\B1\B1.27.HB-The_29_patch_0_4.jpg,B1,A1,0.904
processed_data_cleaned\test\B1\B1.27.HB-The_29_patch_1_0.jpg,B1,A1,0.921
processed_data_cleaned\test\B1\B1.27.HB-The_29_patch_1_2.jpg,B1,A2,0.9873
processed_data_cleaned\test\B1\B1.27.HB-The_29_patch_1_3.jpg,B1,A2,0.9862
processed_data_cleaned\test\B1\B1.27.HB-The_29_patch_2_0.jpg,B1,A1,0.9531
processed_data_cleaned\test\B1\B1.27.HB-The_29_patch_2_1.jpg,B1,B2,0.5065
processed_data_cleaned\test\B1\B1.27.HB-The_29_patch_2_2.jpg,B1,B2,0.4957
processed_data_cleaned\test\B1\B1.27.HB-The_29_patch_2_3.jpg,B1,B2,0.5346
processed_data_cleaned\test\B1\B1.27.HB-The_29_patch_3_0.jpg,B1,A1,0.6413
processed_data_cleaned\test\B1\B1.27.HB-The_29_patch_3_1.jpg,B1,B2,0.9425
processed_data_cleaned\test\B1\B1.27.HB-The_29_patch_3_2.jpg,B1,A1,0.528
processed_data_cleaned\test\B1\B1.27.HB-The_30_patch_0_0.jpg,B1,A1,0.5633
processed_data_cleaned\test\B1\B1.27.HB-The_30_patch_0_2.jpg,B1,A1,0.3789
processed_data_cleaned\test\B1\B1.27.HB-The_30_patch_0_4.jpg,B1,A1,0.5641
processed_data_cleaned\test\B1\B1.27.HB-The_30_patch_0_5.jpg,B1,B2,0.503
processed_data_cleaned\test\B1\B1.27.HB-The_30_patch_1_1.jpg,B1,B2,0.5514
processed_data_cleaned\test\B1\B1.27.HB-The_30_patch_1_2.jpg,B1,A2,0.8852
processed_data_cleaned\test\B1\B1.27.HB-The_30_patch_1_3.jpg,B1,A1,0.742
processed_data_cleaned\test\B1\B1.27.HB-The_30_patch_1_4.jpg,B1,A2,0.7854
processed_data_cleaned\test\B1\B1.27.HB-The_30_patch_2_0.jpg,B1,A1,0.533
processed_data_cleaned\test\B1\B1.27.HB-The_30_patch_2_2.jpg,B1,A1,0.8073
processed_data_cleaned\test\B1\B1.27.HB-The_30_patch_2_5.jpg,B1,B2,0.579
processed_data_cleaned\test\B1\B1.27.HB-The_30_patch_3_0.jpg,B1,A1,0.7077
processed_data_cleaned\test\B1\B1.27.HB-The_30_patch_3_2.jpg,B1,A1,0.4681
processed_data_cleaned\test\B1\B1.27.HB-The_31_patch_0_0.jpg,B1,A1,0.4878
processed_data_cleaned\test\B1\B1.27.HB-The_31_patch_0_4.jpg,B1,A1,0.5324
processed_data_cleaned\test\B1\B1.27.HB-The_31_patch_0_5.jpg,B1,A1,0.7463
processed_data_cleaned\test\B1\B1.27.HB-The_31_patch_1_2.jpg,B1,A2,0.968
processed_data_cleaned\test\B1\B1.27.HB-The_31_patch_1_3.jpg,B1,A1,0.8695
processed_data_cleaned\test\B1\B1.27.HB-The_31_patch_2_1.jpg,B1,A1,0.9844
processed_data_cleaned\test\B1\B1.27.HB-The_31_patch_2_2.jpg,B1,A2,0.863
processed_data_cleaned\test\B1\B1.27.HB-The_31_patch_2_5.jpg,B1,B2,0.6968
processed_data_cleaned\test\B1\B1.27.HB-The_31_patch_3_0.jpg,B1,B2,0.9926
processed_data_cleaned\test\B1\B1.27.HB-The_31_patch_3_1.jpg,B1,A1,0.4467
processed_data_cleaned\test\B1\B1.27.HB-The_31_patch_3_4.jpg,B1,B2,0.9804
processed_data_cleaned\test\B1\B1.27.HB-The_32_patch_0_0.jpg,B1,A1,0.7909
processed_data_cleaned\test\B1\B1.27.HB-The_32_patch_0_5.jpg,B1,A1,0.7576
processed_data_cleaned\test\B1\B1.27.HB-The_32_patch_1_2.jpg,B1,A2,0.8005
processed_data_cleaned\test\B1\B1.27.HB-The_32_patch_1_3.jpg,B1,A2,0.668
processed_data_cleaned\test\B1\B1.27.HB-The_32_patch_2_1.jpg,B1,A1,0.8646
processed_data_cleaned\test\B1\B1.27.HB-The_32_patch_2_2.jpg,B1,A2,0.7947
processed_data_cleaned\test\B1\B1.27.HB-The_32_patch_2_4.jpg,B1,A1,0.8805
processed_data_cleaned\test\B1\B1.27.HB-The_32_patch_3_0.jpg,B1,A1,0.6291
processed_data_cleaned\test\B1\B1.27.HB-The_32_patch_3_1.jpg,B1,A1,0.7035
processed_data_cleaned\test\B1\B1.27.HB-The_32_patch_3_2.jpg,B1,A1,0.767
processed_data_cleaned\test\B1\B1.27.HB-The_33_patch_0_2.jpg,B1,A1,0.3507
processed_data_cleaned\test\B1\B1.27.HB-The_33_patch_2_1.jpg,B1,B2,0.7401
processed_data_cleaned\test\B1\B1.27.HB-The_33_patch_2_5.jpg,B1,A1,0.418
processed_data_cleaned\test\B1\B1.27.HB-The_33_patch_3_3.jpg,B1,A2,0.5042
processed_data_cleaned\test\B1\B1.27.HB-The_34_patch_0_0.jpg,B1,A1,0.7651
processed_data_cleaned\test\B1\B1.27.HB-The_34_patch_0_1.jpg,B1,A1,0.733
processed_data_cleaned\test\B1\B1.27.HB-The_34_patch_0_5.jpg,B1,A1,0.8868
processed_data_cleaned\test\B1\B1.27.HB-The_34_patch_1_0.jpg,B1,A1,0.7772
processed_data_cleaned\test\B1\B1.27.HB-The_34_patch_1_1.jpg,B1,A1,0.9263
processed_data_cleaned\test\B1\B1.27.HB-The_34_patch_1_2.jpg,B1,A1,0.984
processed_data_cleaned\test\B1\B1.27.HB-The_34_patch_1_3.jpg,B1,A1,0.9084
processed_data_cleaned\test\B1\B1.27.HB-The_34_patch_1_4.jpg,B1,A1,0.968
processed_data_cleaned\test\B1\B1.27.HB-The_34_patch_1_5.jpg,B1,A2,0.3782
processed_data_cleaned\test\B1\B1.27.HB-The_34_patch_2_0.jpg,B1,A1,0.9002
processed_data_cleaned\test\B1\B1.27.HB-The_34_patch_2_1.jpg,B1,A1,0.9988
processed_data_cleaned\test\B1\B1.27.HB-The_34_patch_2_2.jpg,B1,A1,0.992
processed_data_cleaned\test\B1\B1.27.HB-The_34_patch_2_3.jpg,B1,A1,0.8456
processed_data_cleaned\test\B1\B1.27.HB-The_34_patch_2_4.jpg,B1,A1,0.6571
processed_data_cleaned\test\B1\B1.27.HB-The_34_patch_2_5.jpg,B1,A1,0.4871
processed_data_cleaned\test\B1\B1.27.HB-The_34_patch_3_4.jpg,B1,B2,0.5661
processed_data_cleaned\test\B1\B1.27.HB-The_35_patch_0_0.jpg,B1,A1,0.831
processed_data_cleaned\test\B1\B1.27.HB-The_35_patch_0_1.jpg,B1,A2,0.6489
processed_data_cleaned\test\B1\B1.27.HB-The_35_patch_0_2.jpg,B1,A2,0.6634
processed_data_cleaned\test\B1\B1.27.HB-The_35_patch_0_5.jpg,B1,B2,0.8675
processed_data_cleaned\test\B1\B1.27.HB-The_35_patch_1_0.jpg,B1,A2,0.9437
processed_data_cleaned\test\B1\B1.27.HB-The_35_patch_1_1.jpg,B1,A2,0.6366
processed_data_cleaned\test\B1\B1.27.HB-The_35_patch_1_2.jpg,B1,A1,0.6047
processed_data_cleaned\test\B1\B1.27.HB-The_35_patch_2_0.jpg,B1,A1,0.7505
processed_data_cleaned\test\B1\B1.27.HB-The_35_patch_2_2.jpg,B1,A1,0.6249
processed_data_cleaned\test\B1\B1.27.HB-The_35_patch_3_1.jpg,B1,A1,1.0
processed_data_cleaned\test\B1\B1.27.HB-The_35_patch_3_2.jpg,B1,A1,0.9593
processed_data_cleaned\test\B1\B1.27.HB-The_36_patch_0_0.jpg,B1,B2,0.7231
processed_data_cleaned\test\B1\B1.27.HB-The_36_patch_0_2.jpg,B1,A1,0.6552
processed_data_cleaned\test\B1\B1.27.HB-The_36_patch_0_5.jpg,B1,B2,0.3267
processed_data_cleaned\test\B1\B1.27.HB-The_36_patch_1_0.jpg,B1,B2,0.9449
processed_data_cleaned\test\B1\B1.27.HB-The_36_patch_1_1.jpg,B1,A2,0.8498
processed_data_cleaned\test\B1\B1.27.HB-The_36_patch_1_2.jpg,B1,A1,0.8601
processed_data_cleaned\test\B1\B1.27.HB-The_36_patch_1_3.jpg,B1,A1,0.7711
processed_data_cleaned\test\B1\B1.27.HB-The_36_patch_1_4.jpg,B1,A1,0.7434
processed_data_cleaned\test\B1\B1.27.HB-The_36_patch_2_2.jpg,B1,A1,0.6281
processed_data_cleaned\test\B1\B1.27.HB-The_36_patch_2_3.jpg,B1,A2,0.9838
processed_data_cleaned\test\B1\B1.27.HB-The_36_patch_3_0.jpg,B1,B2,0.9887
processed_data_cleaned\test\B1\B1.27.HB-The_36_patch_3_5.jpg,B1,B2,0.789
processed_data_cleaned\test\B1\B1.27.HB-The_37_patch_1_1.jpg,B1,A2,0.8193
processed_data_cleaned\test\B1\B1.27.HB-The_37_patch_1_2.jpg,B1,A2,0.9356
processed_data_cleaned\test\B1\B1.27.HB-The_37_patch_2_0.jpg,B1,A1,0.4627
processed_data_cleaned\test\B1\B1.27.HB-The_37_patch_2_1.jpg,B1,A1,0.7494
processed_data_cleaned\test\B1\B1.27.HB-The_37_patch_2_2.jpg,B1,A1,0.5214
processed_data_cleaned\test\B1\B1.27.HB-The_37_patch_3_0.jpg,B1,A2,0.741
processed_data_cleaned\test\B1\B1.27.HB-The_37_patch_3_1.jpg,B1,A2,0.8191
processed_data_cleaned\test\B1\B1.27.HB-The_37_patch_3_2.jpg,B1,A1,0.5566
processed_data_cleaned\test\B1\B1.27.HB-The_38_patch_0_0.jpg,B1,A2,0.9391
processed_data_cleaned\test\B1\B1.27.HB-The_38_patch_0_1.jpg,B1,A2,0.6338
processed_data_cleaned\test\B1\B1.27.HB-The_38_patch_1_0.jpg,B1,A1,0.7498
processed_data_cleaned\test\B1\B1.27.HB-The_38_patch_1_1.jpg,B1,A1,0.6559
processed_data_cleaned\test\B1\B1.27.HB-The_38_patch_1_2.jpg,B1,A2,0.6248
processed_data_cleaned\test\B1\B1.27.HB-The_38_patch_1_5.jpg,B1,A1,0.9033
processed_data_cleaned\test\B1\B1.27.HB-The_38_patch_3_5.jpg,B1,B2,0.4985
processed_data_cleaned\test\B1\B1.27.HB-The_39_patch_1_0.jpg,B1,A1,0.6271
processed_data_cleaned\test\B1\B1.27.HB-The_39_patch_1_5.jpg,B1,A2,0.8394
processed_data_cleaned\test\B1\B1.27.HB-The_39_patch_3_4.jpg,B1,A1,0.6078
processed_data_cleaned\test\B1\B1.27.HB-The_39_patch_3_5.jpg,B1,A2,0.87
processed_data_cleaned\test\B1\B1.27.HB-The_40_patch_1_0.jpg,B1,A2,0.9795
processed_data_cleaned\test\B1\B1.27.HB-The_40_patch_1_2.jpg,B1,A1,0.942
processed_data_cleaned\test\B1\B1.27.HB-The_40_patch_1_3.jpg,B1,A2,0.554
processed_data_cleaned\test\B1\B1.27.HB-The_40_patch_1_4.jpg,B1,A1,0.5346
processed_data_cleaned\test\B1\B1.27.HB-The_40_patch_1_5.jpg,B1,A1,0.5915
processed_data_cleaned\test\B1\B1.27.HB-The_40_patch_2_1.jpg,B1,A1,0.8687
processed_data_cleaned\test\B1\B1.27.HB-The_40_patch_2_2.jpg,B1,A1,0.941
processed_data_cleaned\test\B1\B1.27.HB-The_40_patch_2_3.jpg,B1,A1,0.9818
processed_data_cleaned\test\B1\B1.27.HB-The_40_patch_2_4.jpg,B1,A2,0.5765
processed_data_cleaned\test\B1\B1.27.HB-The_40_patch_2_5.jpg,B1,A1,0.8627
processed_data_cleaned\test\B1\B1.27.HB-The_40_patch_3_3.jpg,B1,A2,0.8069
processed_data_cleaned\test\B1\B1.27.HB-The_41_patch_0_0.jpg,B1,A1,0.9993
processed_data_cleaned\test\B1\B1.27.HB-The_41_patch_1_0.jpg,B1,A1,0.6204
processed_data_cleaned\test\B1\B1.27.HB-The_41_patch_2_0.jpg,B1,A1,0.7367
processed_data_cleaned\test\B1\B1.27.HB-The_41_patch_2_1.jpg,B1,A1,0.983
processed_data_cleaned\test\B1\B1.27.HB-The_41_patch_3_0.jpg,B1,A1,0.8658
processed_data_cleaned\test\B1\B1.27.HB-The_41_patch_3_3.jpg,B1,B2,0.9271
processed_data_cleaned\test\B1\B1.27.HB-The_42_patch_1_4.jpg,B1,A2,0.9906
processed_data_cleaned\test\B1\B1.27.HB-The_42_patch_1_5.jpg,B1,A1,0.4264
processed_data_cleaned\test\B1\B1.27.HB-The_42_patch_2_4.jpg,B1,A2,0.5669
processed_data_cleaned\test\B1\B1.27.HB-The_42_patch_2_5.jpg,B1,A1,0.5017
processed_data_cleaned\test\B1\B1.27.HB-The_42_patch_3_3.jpg,B1,B2,0.7584
processed_data_cleaned\test\B1\B1.27.HB-The_42_patch_3_4.jpg,B1,A1,0.9646
processed_data_cleaned\test\B1\B1.27.HB-The_42_patch_3_5.jpg,B1,A1,0.7895
processed_data_cleaned\test\B1\B1.27.HB-The_43_patch_0_2.jpg,B1,B2,0.6062
processed_data_cleaned\test\B1\B1.27.HB-The_43_patch_1_4.jpg,B1,A2,0.4255
processed_data_cleaned\test\B1\B1.27.HB-The_43_patch_1_5.jpg,B1,A2,0.9973
processed_data_cleaned\test\B1\B1.27.HB-The_43_patch_2_5.jpg,B1,A1,0.7529
processed_data_cleaned\test\B1\B1.27.HB-The_43_patch_3_4.jpg,B1,B2,0.9444
processed_data_cleaned\test\B1\B1.27.HB-The_43_patch_3_5.jpg,B1,A1,0.887
processed_data_cleaned\test\B1\B1.27.HB-The_44_patch_0_2.jpg,B1,A1,0.4034
processed_data_cleaned\test\B1\B1.27.HB-The_44_patch_1_0.jpg,B1,A1,0.9996
processed_data_cleaned\test\B1\B1.27.HB-The_44_patch_2_0.jpg,B1,A1,0.9992
processed_data_cleaned\test\B1\B1.27.HB-The_44_patch_3_1.jpg,B1,B2,0.8542
processed_data_cleaned\test\B1\B1.27.HB-The_44_patch_3_2.jpg,B1,A1,0.5152
processed_data_cleaned\test\B1\B1.27.HB-The_44_patch_3_4.jpg,B1,A1,0.7455
processed_data_cleaned\test\B1\B1.27.HB-The_44_patch_3_5.jpg,B1,A1,0.7989
processed_data_cleaned\test\B1\B1.27.HB-The_45_patch_0_5.jpg,B1,A2,0.6715
processed_data_cleaned\test\B1\B1.27.HB-The_45_patch_1_1.jpg,B1,B2,0.7057
processed_data_cleaned\test\B1\B1.27.HB-The_45_patch_1_2.jpg,B1,B2,0.8472
processed_data_cleaned\test\B1\B1.27.HB-The_45_patch_2_2.jpg,B1,A1,0.9631
processed_data_cleaned\test\B1\B1.27.HB-The_45_patch_2_3.jpg,B1,A1,0.6152
processed_data_cleaned\test\B1\B1.27.HB-The_45_patch_2_4.jpg,B1,A2,0.9014
processed_data_cleaned\test\B1\B1.27.HB-The_45_patch_3_2.jpg,B1,A1,0.7747
processed_data_cleaned\test\B1\B1.27.HB-The_45_patch_3_3.jpg,B1,A1,0.9161
processed_data_cleaned\test\B1\B1.27.HB-The_46_patch_0_3.jpg,B1,A1,0.9362
processed_data_cleaned\test\B1\B1.27.HB-The_46_patch_0_5.jpg,B1,A1,0.9033
processed_data_cleaned\test\B1\B1.27.HB-The_46_patch_1_2.jpg,B1,A2,0.6203
processed_data_cleaned\test\B1\B1.27.HB-The_46_patch_1_4.jpg,B1,A1,0.3558
processed_data_cleaned\test\B1\B1.27.HB-The_46_patch_2_2.jpg,B1,B2,0.4201
processed_data_cleaned\test\B1\B1.27.HB-The_46_patch_2_3.jpg,B1,A1,0.7495
processed_data_cleaned\test\B1\B1.27.HB-The_46_patch_2_4.jpg,B1,A1,0.8404
processed_data_cleaned\test\B1\B1.27.HB-The_46_patch_3_3.jpg,B1,A1,0.867
processed_data_cleaned\test\B1\B1.27.HB-The_46_patch_3_4.jpg,B1,A1,0.7639
processed_data_cleaned\test\B1\DSC02161_patch_0_4.jpg,B1,A1,0.5824
processed_data_cleaned\test\B1\DSC02161_patch_2_3.jpg,B1,A1,0.9158
processed_data_cleaned\test\B1\DSC02161_patch_2_5.jpg,B1,A1,0.9809
processed_data_cleaned\test\B1\DSC02161_patch_3_4.jpg,B1,A1,0.9861
processed_data_cleaned\test\B1\DSC02161_patch_3_5.jpg,B1,B2,0.6838
processed_data_cleaned\test\B1\DSC02162_patch_0_5.jpg,B1,A1,0.6411
processed_data_cleaned\test\B1\DSC02162_patch_1_5.jpg,B1,A1,0.9983
processed_data_cleaned\test\B1\DSC02162_patch_3_1.jpg,B1,A1,0.9996
processed_data_cleaned\test\B1\DSC02162_patch_3_2.jpg,B1,A1,0.9971
processed_data_cleaned\test\B1\DSC02162_patch_3_4.jpg,B1,A1,1.0
processed_data_cleaned\test\B1\DSC02162_patch_3_5.jpg,B1,A1,0.9984
processed_data_cleaned\test\B1\DSC02163_patch_0_1.jpg,B1,A1,0.9926
processed_data_cleaned\test\B1\DSC02163_patch_0_2.jpg,B1,A1,0.9894
processed_data_cleaned\test\B1\DSC02163_patch_1_1.jpg,B1,A1,0.9306
processed_data_cleaned\test\B1\DSC02163_patch_1_3.jpg,B1,A1,0.9789
processed_data_cleaned\test\B1\DSC02163_patch_1_4.jpg,B1,A1,0.9637
processed_data_cleaned\test\B1\DSC02163_patch_2_0.jpg,B1,A1,0.9983
processed_data_cleaned\test\B1\DSC02163_patch_2_1.jpg,B1,A1,0.9268
processed_data_cleaned\test\B1\DSC02163_patch_2_2.jpg,B1,A1,0.9998
processed_data_cleaned\test\B1\DSC02163_patch_2_4.jpg,B1,A1,0.9999
processed_data_cleaned\test\B1\DSC02163_patch_3_0.jpg,B1,A1,0.6974
processed_data_cleaned\test\B1\DSC02163_patch_3_2.jpg,B1,A2,0.843
processed_data_cleaned\test\B1\DSC02163_patch_3_3.jpg,B1,A1,0.9885
processed_data_cleaned\test\B1\DSC02163_patch_3_4.jpg,B1,A1,0.9966
processed_data_cleaned\test\B1\DSC02163_patch_3_5.jpg,B1,A1,0.9794
processed_data_cleaned\test\B1\DSC02164_patch_0_1.jpg,B1,B2,0.6728
processed_data_cleaned\test\B1\DSC02164_patch_0_3.jpg,B1,A1,0.9529
processed_data_cleaned\test\B1\DSC02164_patch_0_5.jpg,B1,A1,0.528
processed_data_cleaned\test\B1\DSC02164_patch_1_1.jpg,B1,A1,0.8749
processed_data_cleaned\test\B1\DSC02164_patch_1_4.jpg,B1,A1,0.6051
processed_data_cleaned\test\B1\DSC02164_patch_2_1.jpg,B1,A1,0.7823
processed_data_cleaned\test\B1\DSC02164_patch_2_2.jpg,B1,A1,0.9892
processed_data_cleaned\test\B1\DSC02164_patch_2_3.jpg,B1,A1,0.7499
processed_data_cleaned\test\B1\DSC02164_patch_2_4.jpg,B1,A1,0.9933
processed_data_cleaned\test\B1\DSC02164_patch_2_5.jpg,B1,A2,0.4056
processed_data_cleaned\test\B1\DSC02164_patch_3_0.jpg,B1,A2,0.725
processed_data_cleaned\test\B1\DSC02164_patch_3_1.jpg,B1,A1,0.5786
processed_data_cleaned\test\B1\DSC02164_patch_3_2.jpg,B1,A1,0.8672
processed_data_cleaned\test\B1\DSC02165_patch_0_0.jpg,B1,A1,0.9864
processed_data_cleaned\test\B1\DSC02165_patch_0_1.jpg,B1,A1,0.9979
processed_data_cleaned\test\B1\DSC02165_patch_1_1.jpg,B1,A1,0.9851
processed_data_cleaned\test\B1\DSC02165_patch_1_2.jpg,B1,A1,0.9306
processed_data_cleaned\test\B1\DSC02165_patch_1_3.jpg,B1,A1,0.9296
processed_data_cleaned\test\B1\DSC02165_patch_1_4.jpg,B1,A1,0.9882
processed_data_cleaned\test\B1\DSC02165_patch_2_0.jpg,B1,A1,0.9975
processed_data_cleaned\test\B1\DSC02165_patch_2_1.jpg,B1,A1,0.9089
processed_data_cleaned\test\B1\DSC02165_patch_2_2.jpg,B1,A1,0.9866
processed_data_cleaned\test\B1\DSC02166_patch_0_0.jpg,B1,A1,0.8351
processed_data_cleaned\test\B1\DSC02166_patch_0_1.jpg,B1,A1,0.734
processed_data_cleaned\test\B1\DSC02166_patch_0_3.jpg,B1,A1,0.625
processed_data_cleaned\test\B1\DSC02166_patch_1_0.jpg,B1,A1,0.9999
processed_data_cleaned\test\B1\DSC02166_patch_1_2.jpg,B1,A1,0.8987
processed_data_cleaned\test\B1\DSC02166_patch_2_0.jpg,B1,A1,0.8485
processed_data_cleaned\test\B1\DSC02166_patch_2_1.jpg,B1,B2,0.6735
processed_data_cleaned\test\B1\DSC02166_patch_2_2.jpg,B1,A1,0.9996
processed_data_cleaned\test\B1\DSC02166_patch_3_0.jpg,B1,A1,0.9669
processed_data_cleaned\test\B1\DSC02166_patch_3_1.jpg,B1,A1,0.8424
processed_data_cleaned\test\B1\DSC02166_patch_3_2.jpg,B1,A1,0.9138
processed_data_cleaned\test\B1\DSC02166_patch_3_3.jpg,B1,A1,0.7851
processed_data_cleaned\test\B1\DSC02166_patch_3_4.jpg,B1,A2,0.8534
processed_data_cleaned\test\B1\DSC02166_patch_3_5.jpg,B1,A1,0.9721
processed_data_cleaned\test\B1\DSC02169_patch_0_2.jpg,B1,A1,0.9723
processed_data_cleaned\test\B1\DSC02169_patch_1_1.jpg,B1,A1,0.9799
processed_data_cleaned\test\B1\DSC02169_patch_2_1.jpg,B1,A1,0.9086
processed_data_cleaned\test\B1\DSC02169_patch_2_2.jpg,B1,A1,0.8988
processed_data_cleaned\test\B1\DSC02170_patch_0_3.jpg,B1,A2,0.9441
processed_data_cleaned\test\B1\DSC02171_patch_0_5.jpg,B1,A1,0.4167
processed_data_cleaned\test\B1\DSC02171_patch_1_0.jpg,B1,A1,0.9953
processed_data_cleaned\test\B1\DSC02171_patch_2_0.jpg,B1,A1,0.9051
processed_data_cleaned\test\B1\DSC02171_patch_2_3.jpg,B1,A1,0.9999
processed_data_cleaned\test\B1\DSC02171_patch_2_5.jpg,B1,A1,0.9997
processed_data_cleaned\test\B1\DSC02171_patch_3_5.jpg,B1,A1,0.9977
processed_data_cleaned\test\B1\DSC02172_patch_0_0.jpg,B1,B2,0.4852
processed_data_cleaned\test\B1\DSC02172_patch_1_1.jpg,B1,A1,0.8333
processed_data_cleaned\test\B1\DSC02172_patch_1_2.jpg,B1,A1,0.6845
processed_data_cleaned\test\B1\DSC02172_patch_1_5.jpg,B1,A1,0.9806
processed_data_cleaned\test\B1\DSC02172_patch_3_0.jpg,B1,A1,0.9993
processed_data_cleaned\test\B1\DSC02173_patch_0_1.jpg,B1,A1,0.9579
processed_data_cleaned\test\B1\DSC02173_patch_1_0.jpg,B1,A1,0.785
processed_data_cleaned\test\B1\DSC02173_patch_2_2.jpg,B1,A1,1.0
processed_data_cleaned\test\B1\DSC02173_patch_2_5.jpg,B1,A1,0.66
processed_data_cleaned\test\B1\DSC02173_patch_3_4.jpg,B1,A1,0.9943
processed_data_cleaned\test\B1\DSC02174_patch_1_0.jpg,B1,A1,0.8076
processed_data_cleaned\test\B1\DSC02174_patch_3_3.jpg,B1,A1,0.9338
processed_data_cleaned\test\B1\DSC02174_patch_3_4.jpg,B1,A1,0.9994
processed_data_cleaned\test\B1\DSC02176_patch_0_5.jpg,B1,A1,0.8414
processed_data_cleaned\test\B1\DSC02176_patch_3_3.jpg,B1,A2,0.8994
processed_data_cleaned\test\B1\DSC02177_patch_2_2.jpg,B1,A1,0.9992
processed_data_cleaned\test\B1\DSC02177_patch_2_4.jpg,B1,A1,0.9998
processed_data_cleaned\test\B1\DSC02177_patch_2_5.jpg,B1,A1,0.9213
processed_data_cleaned\test\B1\DSC02177_patch_3_0.jpg,B1,A1,0.9805
processed_data_cleaned\test\B1\DSC02177_patch_3_2.jpg,B1,A1,0.9456
processed_data_cleaned\test\B1\DSC02177_patch_3_3.jpg,B1,A1,0.9983
processed_data_cleaned\test\B1\DSC02177_patch_3_4.jpg,B1,A1,0.974
processed_data_cleaned\test\B1\DSC02177_patch_3_5.jpg,B1,A1,0.5369
processed_data_cleaned\test\B1\DSC02178_patch_2_0.jpg,B1,A1,0.9976
processed_data_cleaned\test\B1\DSC02178_patch_2_1.jpg,B1,A1,0.9992
processed_data_cleaned\test\B1\DSC02178_patch_2_3.jpg,B1,A1,0.9995
processed_data_cleaned\test\B1\DSC02178_patch_2_4.jpg,B1,A1,0.9998
processed_data_cleaned\test\B1\DSC02178_patch_2_5.jpg,B1,A1,1.0
processed_data_cleaned\test\B1\DSC02178_patch_3_0.jpg,B1,A1,0.9866
processed_data_cleaned\test\B1\DSC02178_patch_3_1.jpg,B1,A1,0.9204
processed_data_cleaned\test\B1\DSC02178_patch_3_3.jpg,B1,A1,0.9604
processed_data_cleaned\test\B1\DSC02178_patch_3_4.jpg,B1,A1,0.8305
processed_data_cleaned\test\B1\DSC02179_patch_2_2.jpg,B1,B2,0.4436
processed_data_cleaned\test\B1\DSC02180_patch_2_0.jpg,B1,A1,0.8293
processed_data_cleaned\test\B1\DSC02180_patch_2_1.jpg,B1,A1,0.9992
processed_data_cleaned\test\B1\DSC02180_patch_3_3.jpg,B1,A1,0.9997
processed_data_cleaned\test\B1\DSC02181_patch_0_2.jpg,B1,A1,0.9972
processed_data_cleaned\test\B1\DSC02181_patch_0_3.jpg,B1,A1,0.9957
processed_data_cleaned\test\B1\DSC02181_patch_0_4.jpg,B1,A1,0.9958
processed_data_cleaned\test\B1\DSC02181_patch_0_5.jpg,B1,A1,0.9976
processed_data_cleaned\test\B1\DSC02181_patch_1_0.jpg,B1,A1,0.7094
processed_data_cleaned\test\B1\DSC02181_patch_1_1.jpg,B1,A1,0.9127
processed_data_cleaned\test\B1\DSC02181_patch_1_2.jpg,B1,A1,0.8829
processed_data_cleaned\test\B1\DSC02181_patch_1_3.jpg,B1,A1,0.9792
processed_data_cleaned\test\B1\DSC02181_patch_1_4.jpg,B1,A1,0.9277
processed_data_cleaned\test\B1\DSC02181_patch_1_5.jpg,B1,A1,0.9999
processed_data_cleaned\test\B1\DSC02181_patch_2_1.jpg,B1,A1,0.9953
processed_data_cleaned\test\B1\DSC02181_patch_2_4.jpg,B1,A1,0.9601
processed_data_cleaned\test\B1\DSC02181_patch_3_1.jpg,B1,A1,0.9752
processed_data_cleaned\test\B1\DSC02181_patch_3_2.jpg,B1,A1,0.9384
processed_data_cleaned\test\B1\DSC02182_patch_0_3.jpg,B1,A1,0.7673
processed_data_cleaned\test\B1\DSC02182_patch_0_4.jpg,B1,A1,1.0
processed_data_cleaned\test\B1\DSC02182_patch_0_5.jpg,B1,A1,0.9992
processed_data_cleaned\test\B1\DSC02182_patch_1_3.jpg,B1,A1,0.9508
processed_data_cleaned\test\B1\DSC02182_patch_1_4.jpg,B1,A1,0.544
processed_data_cleaned\test\B1\DSC02182_patch_1_5.jpg,B1,A1,0.8622
processed_data_cleaned\test\B1\DSC02182_patch_2_0.jpg,B1,A1,0.9723
processed_data_cleaned\test\B1\DSC02182_patch_2_2.jpg,B1,A1,0.784
processed_data_cleaned\test\B1\DSC02182_patch_2_3.jpg,B1,A1,0.9997
processed_data_cleaned\test\B1\DSC02182_patch_3_2.jpg,B1,A1,0.8938
processed_data_cleaned\test\B1\DSC02182_patch_3_5.jpg,B1,A1,0.9614
processed_data_cleaned\test\B1\DSC02183_patch_0_5.jpg,B1,A1,0.6442
processed_data_cleaned\test\B1\DSC02183_patch_1_1.jpg,B1,A1,0.8913
processed_data_cleaned\test\B1\DSC02183_patch_1_2.jpg,B1,A1,0.6621
processed_data_cleaned\test\B1\DSC02183_patch_1_3.jpg,B1,A1,1.0
processed_data_cleaned\test\B1\DSC02183_patch_2_0.jpg,B1,A1,0.9965
processed_data_cleaned\test\B1\DSC02183_patch_2_1.jpg,B1,A1,0.9998
processed_data_cleaned\test\B1\DSC02183_patch_2_2.jpg,B1,A1,0.949
processed_data_cleaned\test\B1\DSC02183_patch_2_3.jpg,B1,A1,0.9916
processed_data_cleaned\test\B1\DSC02183_patch_3_0.jpg,B1,A1,0.9985
processed_data_cleaned\test\B1\DSC02183_patch_3_1.jpg,B1,A1,0.998
processed_data_cleaned\test\B1\DSC02184_patch_0_4.jpg,B1,A1,0.5424
processed_data_cleaned\test\B1\DSC02184_patch_1_1.jpg,B1,A1,0.995
processed_data_cleaned\test\B1\DSC02184_patch_1_2.jpg,B1,A1,0.7116
processed_data_cleaned\test\B1\DSC02184_patch_2_0.jpg,B1,A1,0.9977
processed_data_cleaned\test\B1\DSC02184_patch_2_1.jpg,B1,A1,0.9835
processed_data_cleaned\test\B1\DSC02184_patch_2_2.jpg,B1,A1,0.5536
processed_data_cleaned\test\B1\DSC02184_patch_3_0.jpg,B1,A1,0.9703
processed_data_cleaned\test\B1\DSC02184_patch_3_1.jpg,B1,A1,0.8785
processed_data_cleaned\test\B1\DSC02184_patch_3_2.jpg,B1,A1,0.9871
processed_data_cleaned\test\B1\DSC02184_patch_3_4.jpg,B1,A1,0.4267
processed_data_cleaned\test\B1\DSC02207_patch_0_5.jpg,B1,B2,0.7917
processed_data_cleaned\test\B1\DSC02207_patch_1_1.jpg,B1,A1,0.6742
processed_data_cleaned\test\B1\DSC02207_patch_1_2.jpg,B1,A1,0.9828
processed_data_cleaned\test\B1\DSC02207_patch_1_3.jpg,B1,A1,0.9861
processed_data_cleaned\test\B1\DSC02207_patch_2_0.jpg,B1,A1,0.9661
processed_data_cleaned\test\B1\DSC02207_patch_2_1.jpg,B1,A1,0.8713
processed_data_cleaned\test\B1\DSC02207_patch_2_2.jpg,B1,A1,0.6443
processed_data_cleaned\test\B1\DSC02207_patch_2_3.jpg,B1,A1,0.9988
processed_data_cleaned\test\B1\DSC02207_patch_2_5.jpg,B1,A1,0.9482
processed_data_cleaned\test\B1\DSC02207_patch_3_2.jpg,B1,A1,0.9811
processed_data_cleaned\test\B1\DSC02207_patch_3_3.jpg,B1,A1,0.9997
processed_data_cleaned\test\B1\DSC02208_patch_0_0.jpg,B1,A1,0.8958
processed_data_cleaned\test\B1\DSC02208_patch_1_3.jpg,B1,A1,1.0
processed_data_cleaned\test\B1\DSC02208_patch_2_2.jpg,B1,A1,0.9322
processed_data_cleaned\test\B1\DSC02208_patch_2_3.jpg,B1,A1,1.0
processed_data_cleaned\test\B1\DSC02208_patch_2_5.jpg,B1,B2,0.9221
processed_data_cleaned\test\B1\DSC02208_patch_3_0.jpg,B1,A1,0.7714
processed_data_cleaned\test\B1\DSC02209_patch_0_1.jpg,B1,B2,0.9826
processed_data_cleaned\test\B1\DSC02209_patch_0_2.jpg,B1,B2,0.5014
processed_data_cleaned\test\B1\DSC02209_patch_2_0.jpg,B1,A1,0.9979
processed_data_cleaned\test\B1\DSC02209_patch_2_1.jpg,B1,A1,0.9287
processed_data_cleaned\test\B1\DSC02209_patch_2_2.jpg,B1,A1,0.9979
processed_data_cleaned\test\B1\DSC02209_patch_2_4.jpg,B1,A1,0.9598
processed_data_cleaned\test\B1\DSC02209_patch_3_0.jpg,B1,A1,0.9802
processed_data_cleaned\test\B1\DSC02209_patch_3_1.jpg,B1,A1,0.7524
processed_data_cleaned\test\B1\DSC02209_patch_3_2.jpg,B1,A1,0.949
processed_data_cleaned\test\B1\DSC02209_patch_3_3.jpg,B1,A1,0.9625
processed_data_cleaned\test\B1\DSC02210_patch_1_0.jpg,B1,A1,0.9998
processed_data_cleaned\test\B1\DSC02210_patch_2_0.jpg,B1,A1,0.9669
processed_data_cleaned\test\B1\DSC02210_patch_2_1.jpg,B1,A1,0.9985
processed_data_cleaned\test\B1\DSC02210_patch_2_3.jpg,B1,A1,0.9918
processed_data_cleaned\test\B1\DSC02210_patch_2_4.jpg,B1,A1,0.9977
processed_data_cleaned\test\B1\DSC02210_patch_3_0.jpg,B1,A1,0.4783
processed_data_cleaned\test\B1\DSC02210_patch_3_2.jpg,B1,A1,0.9842
processed_data_cleaned\test\B1\DSC02210_patch_3_3.jpg,B1,A1,0.9971
processed_data_cleaned\test\B1\DSC02210_patch_3_4.jpg,B1,A1,0.8631
processed_data_cleaned\test\B1\DSC02210_patch_3_5.jpg,B1,A1,0.7798
processed_data_cleaned\test\B1\DSC02211_patch_1_0.jpg,B1,A1,0.784
processed_data_cleaned\test\B1\DSC02211_patch_3_0.jpg,B1,A1,0.8213
processed_data_cleaned\test\B1\DSC02211_patch_3_1.jpg,B1,A1,0.9998
processed_data_cleaned\test\B1\DSC02212_patch_0_5.jpg,B1,A1,0.6019
processed_data_cleaned\test\B1\DSC02212_patch_1_1.jpg,B1,A1,1.0
processed_data_cleaned\test\B1\DSC02212_patch_1_2.jpg,B1,A1,1.0
processed_data_cleaned\test\B1\DSC02212_patch_1_4.jpg,B1,A1,0.9858
processed_data_cleaned\test\B1\DSC02212_patch_2_0.jpg,B1,A1,0.9977
processed_data_cleaned\test\B1\DSC02212_patch_2_1.jpg,B1,A1,0.9613
processed_data_cleaned\test\B1\DSC02212_patch_2_3.jpg,B1,A1,0.9927
processed_data_cleaned\test\B1\DSC02212_patch_2_4.jpg,B1,A1,0.9561
processed_data_cleaned\test\B1\DSC02212_patch_2_5.jpg,B1,A1,0.9999
processed_data_cleaned\test\B1\DSC02212_patch_3_0.jpg,B1,A1,0.9592
processed_data_cleaned\test\B1\DSC02212_patch_3_1.jpg,B1,A1,0.9673
processed_data_cleaned\test\B1\DSC02212_patch_3_2.jpg,B1,A1,0.9959
processed_data_cleaned\test\B1\DSC02212_patch_3_3.jpg,B1,A1,0.9994
processed_data_cleaned\test\B1\DSC02212_patch_3_4.jpg,B1,A1,0.9885
processed_data_cleaned\test\B1\DSC02212_patch_3_5.jpg,B1,A1,0.9953
processed_data_cleaned\test\B1\DSC02213_patch_0_3.jpg,B1,B2,0.5911
processed_data_cleaned\test\B1\DSC02213_patch_1_0.jpg,B1,A1,0.6164
processed_data_cleaned\test\B1\DSC02213_patch_1_1.jpg,B1,A1,0.9901
processed_data_cleaned\test\B1\DSC02213_patch_1_3.jpg,B1,A1,0.9988
processed_data_cleaned\test\B1\DSC02213_patch_2_1.jpg,B1,A1,0.9969
processed_data_cleaned\test\B1\DSC02213_patch_2_2.jpg,B1,A1,0.9862
processed_data_cleaned\test\B1\DSC02213_patch_3_1.jpg,B1,A1,0.9918
processed_data_cleaned\test\B1\DSC02213_patch_3_2.jpg,B1,A1,0.9691
processed_data_cleaned\test\B1\DSC02213_patch_3_4.jpg,B1,A1,0.8916
processed_data_cleaned\test\B1\DSC02213_patch_3_5.jpg,B1,B2,0.9132
processed_data_cleaned\test\B1\DSC02214_patch_0_1.jpg,B1,A1,0.9937
processed_data_cleaned\test\B1\DSC02214_patch_0_3.jpg,B1,A1,0.997
processed_data_cleaned\test\B1\DSC02214_patch_1_0.jpg,B1,B2,0.5649
processed_data_cleaned\test\B1\DSC02214_patch_1_1.jpg,B1,A1,0.9999
processed_data_cleaned\test\B1\DSC02214_patch_1_2.jpg,B1,A1,0.9959
processed_data_cleaned\test\B1\DSC02214_patch_1_3.jpg,B1,A1,0.9518
processed_data_cleaned\test\B1\DSC02214_patch_1_4.jpg,B1,A1,0.8543
processed_data_cleaned\test\B1\DSC02214_patch_2_2.jpg,B1,A1,0.9906
processed_data_cleaned\test\B1\DSC02214_patch_2_5.jpg,B1,A1,0.9994
processed_data_cleaned\test\B1\DSC02214_patch_3_1.jpg,B1,A1,0.9149
processed_data_cleaned\test\B1\DSC02214_patch_3_2.jpg,B1,A1,0.9904
processed_data_cleaned\test\B1\DSC02214_patch_3_4.jpg,B1,A1,0.518
processed_data_cleaned\test\B1\DSC02214_patch_3_5.jpg,B1,A1,0.9975
processed_data_cleaned\test\B1\DSC02215_patch_0_0.jpg,B1,A1,0.9911
processed_data_cleaned\test\B1\DSC02215_patch_0_5.jpg,B1,A1,0.8029
processed_data_cleaned\test\B1\DSC02215_patch_1_0.jpg,B1,A1,0.9967
processed_data_cleaned\test\B1\DSC02215_patch_1_5.jpg,B1,A1,0.9622
processed_data_cleaned\test\B1\DSC02215_patch_2_0.jpg,B1,A1,0.9497
processed_data_cleaned\test\B1\DSC02215_patch_2_3.jpg,B1,A2,0.8718
processed_data_cleaned\test\B1\DSC02215_patch_2_5.jpg,B1,A1,0.8495
processed_data_cleaned\test\B1\DSC02215_patch_3_0.jpg,B1,A1,0.9998
processed_data_cleaned\test\B1\DSC02217_patch_2_0.jpg,B1,A1,0.9669
processed_data_cleaned\test\B2\B2.01.Sai-Cen_01_patch_0_2.jpg,B2,A2,0.9928
processed_data_cleaned\test\B2\B2.01.Sai-Cen_01_patch_0_3.jpg,B2,B1,0.7301
processed_data_cleaned\test\B2\B2.01.Sai-Cen_01_patch_1_3.jpg,B2,B1,0.4289
processed_data_cleaned\test\B2\B2.01.Sai-Cen_01_patch_2_2.jpg,B2,B1,0.9975
processed_data_cleaned\test\B2\B2.01.Sai-Cen_01_patch_2_3.jpg,B2,B1,0.9727
processed_data_cleaned\test\B2\B2.01.Sai-Cen_02_patch_0_0.jpg,B2,A1,0.6226
processed_data_cleaned\test\B2\B2.01.Sai-Cen_02_patch_0_1.jpg,B2,B1,0.973
processed_data_cleaned\test\B2\B2.01.Sai-Cen_02_patch_0_2.jpg,B2,A2,0.9254
processed_data_cleaned\test\B2\B2.01.Sai-Cen_02_patch_2_0.jpg,B2,B1,0.9979
processed_data_cleaned\test\B2\B2.01.Sai-Cen_02_patch_2_1.jpg,B2,B1,0.9997
processed_data_cleaned\test\B2\B2.01.Sai-Cen_03_patch_1_2.jpg,B2,A2,0.5094
processed_data_cleaned\test\B2\B2.01.Sai-Cen_03_patch_1_3.jpg,B2,A2,0.8058
processed_data_cleaned\test\B2\B2.01.Sai-Cen_04_patch_0_2.jpg,B2,A2,0.6985
processed_data_cleaned\test\B2\B2.01.Sai-Cen_04_patch_1_0.jpg,B2,B1,0.4645
processed_data_cleaned\test\B2\B2.01.Sai-Cen_04_patch_1_2.jpg,B2,A1,0.8018
processed_data_cleaned\test\B2\B2.01.Sai-Cen_05_patch_0_1.jpg,B2,A2,0.798
processed_data_cleaned\test\B2\B2.01.Sai-Cen_05_patch_1_0.jpg,B2,A2,0.9999
processed_data_cleaned\test\B2\B2.01.Sai-Cen_05_patch_1_2.jpg,B2,A2,0.7413
processed_data_cleaned\test\B2\B2.01.Sai-Cen_05_patch_1_3.jpg,B2,A2,0.9096
processed_data_cleaned\test\B2\B2.01.Sai-Cen_05_patch_2_0.jpg,B2,A1,0.8494
processed_data_cleaned\test\B2\B2.01.Sai-Cen_05_patch_2_3.jpg,B2,A1,0.7176
processed_data_cleaned\test\B2\B2.01.Sai-Cen_06_patch_0_2.jpg,B2,B1,0.9638
processed_data_cleaned\test\B2\B2.01.Sai-Cen_06_patch_1_1.jpg,B2,A1,0.9865
processed_data_cleaned\test\B2\B2.01.Sai-Cen_06_patch_1_2.jpg,B2,B1,0.9936
processed_data_cleaned\test\B2\B2.01.Sai-Cen_06_patch_1_3.jpg,B2,A1,0.9213
processed_data_cleaned\test\B2\B2.01.Sai-Cen_06_patch_2_2.jpg,B2,B1,0.7154
processed_data_cleaned\test\B2\B2.01.Sai-Cen_07_patch_1_0.jpg,B2,A1,0.9184
processed_data_cleaned\test\B2\B2.01.Sai-Cen_07_patch_1_1.jpg,B2,A1,0.9939
processed_data_cleaned\test\B2\B2.01.Sai-Cen_07_patch_1_2.jpg,B2,A1,0.8525
processed_data_cleaned\test\B2\B2.01.Sai-Cen_07_patch_1_3.jpg,B2,A1,0.9851
processed_data_cleaned\test\B2\B2.01.Sai-Cen_07_patch_2_0.jpg,B2,B1,0.7237
processed_data_cleaned\test\B2\B2.01.Sai-Cen_07_patch_2_2.jpg,B2,A1,0.8903
processed_data_cleaned\test\B2\B2.01.Sai-Cen_08_patch_0_2.jpg,B2,A2,0.999
processed_data_cleaned\test\B2\B2.01.Sai-Cen_08_patch_0_3.jpg,B2,A2,0.9888
processed_data_cleaned\test\B2\B2.01.Sai-Cen_08_patch_1_0.jpg,B2,B1,0.7513
processed_data_cleaned\test\B2\B2.01.Sai-Cen_08_patch_1_1.jpg,B2,B1,0.7591
processed_data_cleaned\test\B2\B2.01.Sai-Cen_08_patch_1_2.jpg,B2,B1,0.6102
processed_data_cleaned\test\B2\B2.01.Sai-Cen_08_patch_1_3.jpg,B2,B1,0.6504
processed_data_cleaned\test\B2\B2.01.Sai-Cen_08_patch_2_2.jpg,B2,B1,0.836
processed_data_cleaned\test\B2\B2.01.Sai-Cen_08_patch_2_3.jpg,B2,B1,0.9776
processed_data_cleaned\test\B2\B2.01.Sai-Cen_09_patch_0_1.jpg,B2,A1,0.4943
processed_data_cleaned\test\B2\B2.01.Sai-Cen_09_patch_0_2.jpg,B2,B1,0.5531
processed_data_cleaned\test\B2\B2.01.Sai-Cen_09_patch_0_3.jpg,B2,B1,0.8829
processed_data_cleaned\test\B2\B2.01.Sai-Cen_09_patch_1_0.jpg,B2,B1,0.9843
processed_data_cleaned\test\B2\B2.01.Sai-Cen_09_patch_1_1.jpg,B2,B1,0.998
processed_data_cleaned\test\B2\B2.01.Sai-Cen_09_patch_1_2.jpg,B2,B1,0.6822
processed_data_cleaned\test\B2\B2.01.Sai-Cen_09_patch_1_3.jpg,B2,A1,0.5046
processed_data_cleaned\test\B2\B2.01.Sai-Cen_09_patch_2_0.jpg,B2,B1,0.9946
processed_data_cleaned\test\B2\B2.01.Sai-Cen_09_patch_2_1.jpg,B2,B1,0.9998
processed_data_cleaned\test\B2\B2.01.Sai-Cen_09_patch_2_2.jpg,B2,A1,0.6464
processed_data_cleaned\test\B2\B2.01.Sai-Cen_09_patch_2_3.jpg,B2,B1,0.401
processed_data_cleaned\test\B2\B2.01.Sai-Cen_10_patch_0_0.jpg,B2,A1,0.9276
processed_data_cleaned\test\B2\B2.01.Sai-Cen_10_patch_1_1.jpg,B2,B1,0.697
processed_data_cleaned\test\B2\B2.01.Sai-Cen_11_patch_0_1.jpg,B2,A2,0.5352
processed_data_cleaned\test\B2\B2.01.Sai-Cen_11_patch_0_3.jpg,B2,A1,0.6615
processed_data_cleaned\test\B2\B2.01.Sai-Cen_11_patch_1_3.jpg,B2,A1,0.5166
processed_data_cleaned\test\B2\B2.01.Sai-Cen_11_patch_2_2.jpg,B2,B1,0.6696
processed_data_cleaned\test\B2\B2.01.Sai-Cen_12_patch_2_0.jpg,B2,A2,0.5683
processed_data_cleaned\test\B2\B2.01.Sai-Cen_14_patch_0_0.jpg,B2,B1,0.9687
processed_data_cleaned\test\B2\B2.01.Sai-Cen_14_patch_0_1.jpg,B2,A2,0.9864
processed_data_cleaned\test\B2\B2.01.Sai-Cen_14_patch_0_2.jpg,B2,A1,0.6203
processed_data_cleaned\test\B2\B2.01.Sai-Cen_14_patch_1_1.jpg,B2,B1,0.9948
processed_data_cleaned\test\B2\B2.01.Sai-Cen_14_patch_2_0.jpg,B2,A1,0.8504
processed_data_cleaned\test\B2\B2.01.Sai-Cen_14_patch_2_1.jpg,B2,B1,0.7786
processed_data_cleaned\test\B2\B2.01.Sai-Cen_16_patch_0_0.jpg,B2,A1,0.9978
processed_data_cleaned\test\B2\B2.01.Sai-Cen_16_patch_0_1.jpg,B2,A2,0.4926
processed_data_cleaned\test\B2\B2.01.Sai-Cen_16_patch_0_2.jpg,B2,A1,0.6995
processed_data_cleaned\test\B2\B2.01.Sai-Cen_16_patch_1_1.jpg,B2,B1,0.9449
processed_data_cleaned\test\B2\B2.01.Sai-Cen_16_patch_1_2.jpg,B2,B1,0.4889
processed_data_cleaned\test\B2\B2.01.Sai-Cen_16_patch_2_2.jpg,B2,B1,0.9805
processed_data_cleaned\test\B2\B2.01.Sai-Cen_17_patch_0_2.jpg,B2,A1,0.9777
processed_data_cleaned\test\B2\B2.01.Sai-Cen_17_patch_1_0.jpg,B2,A1,0.9731
processed_data_cleaned\test\B2\B2.01.Sai-Cen_17_patch_1_1.jpg,B2,A1,0.8741
processed_data_cleaned\test\B2\B2.01.Sai-Cen_17_patch_1_2.jpg,B2,A1,0.9904
processed_data_cleaned\test\B2\B2.01.Sai-Cen_17_patch_1_3.jpg,B2,A1,0.8971
processed_data_cleaned\test\B2\B2.01.Sai-Cen_17_patch_2_2.jpg,B2,A1,0.7195
processed_data_cleaned\test\B2\B2.01.Sai-Cen_17_patch_2_3.jpg,B2,A1,0.5983
processed_data_cleaned\test\B2\B2.01.Sai-Cen_19_patch_0_0.jpg,B2,A1,0.4795
processed_data_cleaned\test\B2\B2.01.Sai-Cen_19_patch_1_0.jpg,B2,A2,0.845
processed_data_cleaned\test\B2\B2.01.Sai-Cen_19_patch_1_2.jpg,B2,A1,0.9518
processed_data_cleaned\test\B2\B2.01.Sai-Cen_20_patch_1_1.jpg,B2,B1,0.7803
processed_data_cleaned\test\B2\B2.01.Sai-Cen_20_patch_1_2.jpg,B2,A2,0.9998
processed_data_cleaned\test\B2\B2.01.Sai-Cen_22_patch_1_0.jpg,B2,B1,0.9873
processed_data_cleaned\test\B2\B2.01.Sai-Cen_22_patch_1_1.jpg,B2,A1,0.6604
processed_data_cleaned\test\B2\B2.01.Sai-Cen_22_patch_1_2.jpg,B2,A1,0.8353
processed_data_cleaned\test\B2\B2.01.Sai-Cen_22_patch_1_3.jpg,B2,B1,0.9397
processed_data_cleaned\test\B2\B2.01.Sai-Cen_24_patch_0_2.jpg,B2,B1,0.5758
processed_data_cleaned\test\B2\B2.01.Sai-Cen_24_patch_0_3.jpg,B2,A1,0.5894
processed_data_cleaned\test\B2\B2.01.Sai-Cen_24_patch_1_2.jpg,B2,B1,0.6702
processed_data_cleaned\test\B2\B2.01.Sai-Cen_24_patch_1_3.jpg,B2,A2,0.4718
processed_data_cleaned\test\B2\B2.01.Sai-Cen_24_patch_2_3.jpg,B2,B1,0.9821
processed_data_cleaned\test\B2\B2.01.Sai-Cen_25_patch_1_2.jpg,B2,A2,1.0
processed_data_cleaned\test\B2\B2.01.Sai-Cen_25_patch_2_1.jpg,B2,B1,0.6621
processed_data_cleaned\test\B2\B2.01.Sai-Cen_25_patch_2_3.jpg,B2,A1,0.4297
processed_data_cleaned\test\B2\B2.01.Sai-Cen_26_patch_0_1.jpg,B2,A2,0.7326
processed_data_cleaned\test\B2\B2.01.Sai-Cen_26_patch_0_2.jpg,B2,A2,0.9987
processed_data_cleaned\test\B2\B2.01.Sai-Cen_26_patch_0_3.jpg,B2,A2,0.9966
processed_data_cleaned\test\B2\B2.01.Sai-Cen_26_patch_1_1.jpg,B2,A2,0.998
processed_data_cleaned\test\B2\B2.01.Sai-Cen_26_patch_1_2.jpg,B2,A2,0.9606
processed_data_cleaned\test\B2\B2.01.Sai-Cen_26_patch_1_3.jpg,B2,A2,0.9876
processed_data_cleaned\test\B2\B2.01.Sai-Cen_26_patch_2_2.jpg,B2,B1,0.8011
processed_data_cleaned\test\B2\B2.01.Sai-Cen_26_patch_2_3.jpg,B2,A1,0.5546
processed_data_cleaned\test\B2\B2.01.Sai-Cen_27_patch_1_1.jpg,B2,B1,0.9799
processed_data_cleaned\test\B2\B2.01.Sai-Cen_27_patch_1_2.jpg,B2,B1,0.9733
processed_data_cleaned\test\B2\B2.01.Sai-Cen_27_patch_1_3.jpg,B2,B1,0.9449
processed_data_cleaned\test\B2\B2.01.Sai-Cen_27_patch_2_3.jpg,B2,B1,0.9093
processed_data_cleaned\test\B2\B2.01.Sai-Cen_28_patch_1_0.jpg,B2,B1,0.5432
processed_data_cleaned\test\B2\B2.01.Sai-Cen_28_patch_2_2.jpg,B2,B1,0.7307
processed_data_cleaned\test\B2\B2.01.Sai-Cen_29_patch_0_0.jpg,B2,B1,0.6356
processed_data_cleaned\test\B2\B2.01.Sai-Cen_29_patch_2_1.jpg,B2,B1,0.6163
processed_data_cleaned\test\B2\B2.01.Sai-Cen_29_patch_2_3.jpg,B2,B1,0.4075
processed_data_cleaned\test\B2\B2.01.Sai-Cen_30_patch_0_0.jpg,B2,A1,0.7292
processed_data_cleaned\test\B2\B2.01.Sai-Cen_30_patch_0_1.jpg,B2,A1,0.6465
processed_data_cleaned\test\B2\B2.01.Sai-Cen_30_patch_1_2.jpg,B2,A1,0.8926
processed_data_cleaned\test\B2\B2.01.Sai-Cen_30_patch_2_1.jpg,B2,B1,0.926
processed_data_cleaned\test\B2\B2.01.Sai-Cen_30_patch_2_3.jpg,B2,A1,0.6648
processed_data_cleaned\test\B2\B2.01.Sai-Cen_31_patch_1_1.jpg,B2,A2,0.9971
processed_data_cleaned\test\B2\B2.01.Sai-Cen_31_patch_1_2.jpg,B2,A2,1.0
processed_data_cleaned\test\B2\B2.01.Sai-Cen_31_patch_2_1.jpg,B2,A1,0.9352
processed_data_cleaned\test\B2\B2.01.Sai-Cen_31_patch_2_3.jpg,B2,A1,0.9907
processed_data_cleaned\test\B2\B2.01.Sai-Cen_32_patch_0_2.jpg,B2,A2,0.8889
processed_data_cleaned\test\B2\B2.01.Sai-Cen_32_patch_0_3.jpg,B2,A1,0.7312
processed_data_cleaned\test\B2\B2.01.Sai-Cen_32_patch_1_0.jpg,B2,A1,0.6161
processed_data_cleaned\test\B2\B2.01.Sai-Cen_32_patch_1_3.jpg,B2,A1,0.9919
processed_data_cleaned\test\B2\B2.01.Sai-Cen_32_patch_2_2.jpg,B2,B1,0.7372
processed_data_cleaned\test\B2\B2.01.Sai-Cen_32_patch_2_3.jpg,B2,A1,0.9444
processed_data_cleaned\test\B2\B2.01.Sai-Cen_33_patch_0_1.jpg,B2,A1,0.5107
processed_data_cleaned\test\B2\B2.01.Sai-Cen_33_patch_0_2.jpg,B2,A1,0.9686
processed_data_cleaned\test\B2\B2.01.Sai-Cen_33_patch_0_3.jpg,B2,A1,0.805
processed_data_cleaned\test\B2\B2.01.Sai-Cen_33_patch_1_0.jpg,B2,A1,0.6555
processed_data_cleaned\test\B2\B2.01.Sai-Cen_33_patch_1_1.jpg,B2,A2,0.4891
processed_data_cleaned\test\B2\B2.01.Sai-Cen_33_patch_2_0.jpg,B2,A1,0.9955
processed_data_cleaned\test\B2\B2.01.Sai-Cen_33_patch_2_2.jpg,B2,A1,0.5379
processed_data_cleaned\test\B2\B2.01.Sai-Cen_33_patch_2_3.jpg,B2,A1,0.6825
processed_data_cleaned\test\B2\B2.01.Sai-Cen_34_patch_0_0.jpg,B2,A2,0.6876
processed_data_cleaned\test\B2\B2.01.Sai-Cen_34_patch_1_0.jpg,B2,A2,0.7221
processed_data_cleaned\test\B2\B2.01.Sai-Cen_34_patch_1_1.jpg,B2,A1,0.9577
processed_data_cleaned\test\B2\B2.01.Sai-Cen_34_patch_1_2.jpg,B2,B1,0.4182
processed_data_cleaned\test\B2\B2.01.Sai-Cen_34_patch_2_0.jpg,B2,A2,0.7969
processed_data_cleaned\test\B2\B2.01.Sai-Cen_34_patch_2_1.jpg,B2,A2,0.6058
processed_data_cleaned\test\B2\B2.01.Sai-Cen_36_patch_0_2.jpg,B2,B1,0.547
processed_data_cleaned\test\B2\B2.01.Sai-Cen_36_patch_0_3.jpg,B2,B1,0.9895
processed_data_cleaned\test\B2\B2.01.Sai-Cen_36_patch_1_2.jpg,B2,B1,0.8799
processed_data_cleaned\test\B2\B2.01.Sai-Cen_40_patch_0_0.jpg,B2,B1,0.7158
processed_data_cleaned\test\B2\B2.01.Sai-Cen_40_patch_1_0.jpg,B2,A2,0.9695
processed_data_cleaned\test\B2\B2.01.Sai-Cen_40_patch_1_3.jpg,B2,B1,0.6287
processed_data_cleaned\test\B2\B2.01.Sai-Cen_40_patch_2_3.jpg,B2,A2,0.6666
processed_data_cleaned\test\B2\B2.01.Sai-Cen_41_patch_0_0.jpg,B2,A2,0.9999
processed_data_cleaned\test\B2\B2.01.Sai-Cen_41_patch_0_1.jpg,B2,A2,0.9998
processed_data_cleaned\test\B2\B2.01.Sai-Cen_41_patch_0_2.jpg,B2,A2,0.6861
processed_data_cleaned\test\B2\B2.01.Sai-Cen_41_patch_1_0.jpg,B2,A1,0.8469
processed_data_cleaned\test\B2\B2.01.Sai-Cen_41_patch_1_1.jpg,B2,A1,0.7362
processed_data_cleaned\test\B2\B2.01.Sai-Cen_41_patch_1_2.jpg,B2,A2,0.8647
processed_data_cleaned\test\B2\B2.01.Sai-Cen_41_patch_2_1.jpg,B2,B1,0.9204
processed_data_cleaned\test\B2\B2.01.Sai-Cen_41_patch_2_2.jpg,B2,B1,0.9606
processed_data_cleaned\test\B2\B2.01.Sai-Cen_42_patch_1_1.jpg,B2,A2,0.969
processed_data_cleaned\test\B2\B2.01.Sai-Cen_42_patch_2_0.jpg,B2,B1,0.5535
processed_data_cleaned\test\B2\B2.01.Sai-Cen_42_patch_2_1.jpg,B2,A2,0.9948
processed_data_cleaned\test\B2\B2.01.Sai-Cen_44_patch_0_1.jpg,B2,A1,0.958
processed_data_cleaned\test\B2\B2.01.Sai-Cen_44_patch_0_2.jpg,B2,A1,0.7441
processed_data_cleaned\test\B2\B2.01.Sai-Cen_44_patch_1_1.jpg,B2,A1,0.7977
processed_data_cleaned\test\B2\B2.01.Sai-Cen_44_patch_1_2.jpg,B2,A1,0.4955
processed_data_cleaned\test\B2\B2.01.Sai-Cen_45_patch_1_0.jpg,B2,A1,0.9539
processed_data_cleaned\test\B2\B2.01.Sai-Cen_45_patch_1_3.jpg,B2,A2,0.896
processed_data_cleaned\test\B2\B2.01.Sai-Cen_45_patch_2_0.jpg,B2,A2,0.536
processed_data_cleaned\test\B2\B2.01.Sai-Cen_47_patch_2_3.jpg,B2,A1,0.6842
processed_data_cleaned\test\B2\B2.01.Sai-Cen_49_patch_1_3.jpg,B2,A1,0.5531
processed_data_cleaned\test\B2\B2.01.Sai-Cen_50_patch_2_0.jpg,B2,B1,0.8185
processed_data_cleaned\test\B2\B2.01.Sai-Cen_50_patch_2_1.jpg,B2,B1,0.9396
processed_data_cleaned\test\B2\B2.01.Sai-Cen_50_patch_2_3.jpg,B2,B1,0.5813
processed_data_cleaned\test\B2\B2.01.Sai-Cen_51_patch_1_0.jpg,B2,B1,0.8247
processed_data_cleaned\test\B2\B2.01.Sai-Cen_51_patch_2_1.jpg,B2,B1,0.9927
processed_data_cleaned\test\B2\B2.01.Sai-Cen_52_patch_0_1.jpg,B2,B1,0.9137
processed_data_cleaned\test\B2\B2.01.Sai-Cen_52_patch_0_2.jpg,B2,A1,0.7585
processed_data_cleaned\test\B2\B2.01.Sai-Cen_52_patch_0_3.jpg,B2,A1,0.6241
processed_data_cleaned\test\B2\B2.01.Sai-Cen_52_patch_1_1.jpg,B2,B1,0.9956
processed_data_cleaned\test\B2\B2.01.Sai-Cen_52_patch_1_2.jpg,B2,B1,0.8143
processed_data_cleaned\test\B2\B2.01.Sai-Cen_52_patch_1_3.jpg,B2,B1,0.9174
processed_data_cleaned\test\B2\B2.01.Sai-Cen_52_patch_2_1.jpg,B2,B1,0.9929
processed_data_cleaned\test\B2\B2.01.Sai-Cen_52_patch_2_2.jpg,B2,B1,0.9995
processed_data_cleaned\test\B2\B2.01.Sai-Cen_52_patch_2_3.jpg,B2,A2,0.5317
processed_data_cleaned\test\B2\B2.01.Sai-Cen_53_patch_0_3.jpg,B2,A1,0.9909
processed_data_cleaned\test\B2\B2.01.Sai-Cen_53_patch_1_0.jpg,B2,A1,0.7787
processed_data_cleaned\test\B2\B2.01.Sai-Cen_53_patch_1_2.jpg,B2,B1,0.9506
processed_data_cleaned\test\B2\B2.01.Sai-Cen_53_patch_1_3.jpg,B2,A1,0.9973
processed_data_cleaned\test\B2\B2.01.Sai-Cen_53_patch_2_0.jpg,B2,A2,0.5388
processed_data_cleaned\test\B2\B2.01.Sai-Cen_53_patch_2_1.jpg,B2,B1,0.9566
processed_data_cleaned\test\B2\B2.01.Sai-Cen_53_patch_2_2.jpg,B2,B1,0.9857
processed_data_cleaned\test\B2\B2.01.Sai-Cen_54_patch_0_2.jpg,B2,B1,0.8533
processed_data_cleaned\test\B2\B2.01.Sai-Cen_54_patch_0_3.jpg,B2,B1,0.9542
processed_data_cleaned\test\B2\B2.01.Sai-Cen_54_patch_1_0.jpg,B2,B1,0.9338
processed_data_cleaned\test\B2\B2.01.Sai-Cen_54_patch_1_1.jpg,B2,B1,0.9811
processed_data_cleaned\test\B2\B2.01.Sai-Cen_54_patch_1_2.jpg,B2,B1,0.9959
processed_data_cleaned\test\B2\B2.01.Sai-Cen_54_patch_1_3.jpg,B2,B1,0.9992
processed_data_cleaned\test\B2\B2.01.Sai-Cen_54_patch_2_0.jpg,B2,B1,0.9268
processed_data_cleaned\test\B2\B2.01.Sai-Cen_54_patch_2_1.jpg,B2,A1,0.6233
processed_data_cleaned\test\B2\B2.01.Sai-Cen_54_patch_2_2.jpg,B2,B1,0.9999
processed_data_cleaned\test\B2\B2.01.Sai-Cen_54_patch_2_3.jpg,B2,B1,0.9998
processed_data_cleaned\test\B2\B2.01.Sai-Cen_55_patch_0_0.jpg,B2,A2,0.5655
processed_data_cleaned\test\B2\B2.01.Sai-Cen_55_patch_0_1.jpg,B2,B1,0.9621
processed_data_cleaned\test\B2\B2.01.Sai-Cen_55_patch_0_2.jpg,B2,B1,0.9783
processed_data_cleaned\test\B2\B2.01.Sai-Cen_55_patch_1_0.jpg,B2,B1,0.6879
processed_data_cleaned\test\B2\B2.01.Sai-Cen_55_patch_1_2.jpg,B2,A1,0.5939
processed_data_cleaned\test\B2\B2.01.Sai-Cen_55_patch_1_3.jpg,B2,A1,0.8207
processed_data_cleaned\test\B2\B2.01.Sai-Cen_56_patch_0_1.jpg,B2,B1,0.7409
processed_data_cleaned\test\B2\B2.01.Sai-Cen_56_patch_1_0.jpg,B2,A1,0.8293
processed_data_cleaned\test\B2\B2.01.Sai-Cen_56_patch_2_0.jpg,B2,A1,0.9282
processed_data_cleaned\test\B2\B2.01.Sai-Cen_56_patch_2_1.jpg,B2,B1,0.9872
processed_data_cleaned\test\B2\B2.01.Sai-Cen_56_patch_2_2.jpg,B2,A1,0.9988
processed_data_cleaned\test\B2\B2.01.Sai-Cen_56_patch_2_3.jpg,B2,A1,0.9716
processed_data_cleaned\test\B2\B2.01.Sai-Cen_57_patch_0_1.jpg,B2,B1,0.9544
processed_data_cleaned\test\B2\B2.01.Sai-Cen_57_patch_0_3.jpg,B2,B1,0.6425
processed_data_cleaned\test\B2\B2.01.Sai-Cen_57_patch_1_0.jpg,B2,A2,0.9999
processed_data_cleaned\test\B2\B2.01.Sai-Cen_57_patch_2_1.jpg,B2,B1,0.5528
processed_data_cleaned\test\B2\B2.01.Sai-Cen_57_patch_2_2.jpg,B2,B1,0.5534
processed_data_cleaned\test\B2\B2.01.Sai-Cen_57_patch_2_3.jpg,B2,B1,0.9928
processed_data_cleaned\test\B2\B2.01.Sai-Cen_58_patch_1_0.jpg,B2,A1,0.6254
processed_data_cleaned\test\B2\B2.01.Sai-Cen_58_patch_1_1.jpg,B2,A1,0.9882
processed_data_cleaned\test\B2\B2.01.Sai-Cen_58_patch_1_2.jpg,B2,A2,0.6897
processed_data_cleaned\test\B2\B2.01.Sai-Cen_58_patch_1_3.jpg,B2,A2,0.9872
processed_data_cleaned\test\B2\B2.01.Sai-Cen_58_patch_2_2.jpg,B2,B1,1.0
processed_data_cleaned\test\B2\B2.01.Sai-Cen_59_patch_0_0.jpg,B2,A1,0.5798
processed_data_cleaned\test\B2\B2.01.Sai-Cen_59_patch_0_1.jpg,B2,B1,0.4996
processed_data_cleaned\test\B2\B2.01.Sai-Cen_59_patch_0_2.jpg,B2,A2,0.5074
processed_data_cleaned\test\B2\B2.01.Sai-Cen_59_patch_0_3.jpg,B2,A2,0.9568
processed_data_cleaned\test\B2\B2.01.Sai-Cen_59_patch_1_1.jpg,B2,B1,0.5213
processed_data_cleaned\test\B2\B2.01.Sai-Cen_59_patch_1_2.jpg,B2,A2,0.5286
processed_data_cleaned\test\B2\B2.01.Sai-Cen_59_patch_1_3.jpg,B2,A2,0.6494
processed_data_cleaned\test\B2\B2.01.Sai-Cen_59_patch_2_1.jpg,B2,A2,0.915
processed_data_cleaned\test\B2\B2.01.Sai-Cen_59_patch_2_2.jpg,B2,A1,0.5704
processed_data_cleaned\test\B2\B2.01.Sai-Cen_59_patch_2_3.jpg,B2,B1,0.3621
processed_data_cleaned\test\B2\B2.01.Sai-Cen_60_patch_0_0.jpg,B2,B1,0.8648
processed_data_cleaned\test\B2\B2.01.Sai-Cen_60_patch_0_2.jpg,B2,B1,0.9498
processed_data_cleaned\test\B2\B2.01.Sai-Cen_60_patch_0_3.jpg,B2,A1,0.6876
processed_data_cleaned\test\B2\B2.01.Sai-Cen_60_patch_1_1.jpg,B2,A1,0.9796
processed_data_cleaned\test\B2\B2.01.Sai-Cen_60_patch_1_3.jpg,B2,A1,0.9164
processed_data_cleaned\test\B2\B2.01.Sai-Cen_60_patch_2_0.jpg,B2,B1,0.75
processed_data_cleaned\test\B2\B2.01.Sai-Cen_60_patch_2_1.jpg,B2,A1,0.9989
processed_data_cleaned\test\B2\B2.01.Sai-Cen_60_patch_2_2.jpg,B2,A1,0.9492
processed_data_cleaned\test\B2\B2.01.Sai-Cen_60_patch_2_3.jpg,B2,A1,0.631
processed_data_cleaned\test\B2\B2.01.Sai-Cen_61_patch_0_1.jpg,B2,B1,0.9506
processed_data_cleaned\test\B2\B2.01.Sai-Cen_61_patch_1_0.jpg,B2,A1,0.9886
processed_data_cleaned\test\B2\B2.01.Sai-Cen_61_patch_1_1.jpg,B2,A1,0.6261
processed_data_cleaned\test\B2\B2.01.Sai-Cen_61_patch_1_3.jpg,B2,A1,0.9466
processed_data_cleaned\test\B2\B2.01.Sai-Cen_62_patch_0_2.jpg,B2,A1,1.0
processed_data_cleaned\test\B2\B2.01.Sai-Cen_62_patch_1_0.jpg,B2,A1,0.8889
processed_data_cleaned\test\B2\B2.01.Sai-Cen_62_patch_1_1.jpg,B2,A1,0.9985
processed_data_cleaned\test\B2\B2.01.Sai-Cen_62_patch_1_2.jpg,B2,A1,0.9999
processed_data_cleaned\test\B2\B2.01.Sai-Cen_62_patch_2_0.jpg,B2,A1,0.6001
processed_data_cleaned\test\B2\B2.01.Sai-Cen_62_patch_2_1.jpg,B2,A1,0.9697
processed_data_cleaned\test\B2\B2.01.Sai-Cen_62_patch_2_2.jpg,B2,A1,0.6006
processed_data_cleaned\test\B2\B2.01.Sai-Cen_63_patch_0_0.jpg,B2,A2,0.7616
processed_data_cleaned\test\B2\B2.01.Sai-Cen_63_patch_0_1.jpg,B2,A2,0.9764
processed_data_cleaned\test\B2\B2.01.Sai-Cen_63_patch_0_2.jpg,B2,A2,0.8256
processed_data_cleaned\test\B2\B2.01.Sai-Cen_63_patch_0_3.jpg,B2,A1,0.5044
processed_data_cleaned\test\B2\B2.01.Sai-Cen_63_patch_1_0.jpg,B2,A2,0.715
processed_data_cleaned\test\B2\B2.01.Sai-Cen_63_patch_1_1.jpg,B2,A2,0.8501
processed_data_cleaned\test\B2\B2.01.Sai-Cen_63_patch_1_2.jpg,B2,A1,0.6902
processed_data_cleaned\test\B2\B2.01.Sai-Cen_63_patch_1_3.jpg,B2,A2,0.9983
processed_data_cleaned\test\B2\B2.01.Sai-Cen_63_patch_2_0.jpg,B2,A2,0.7668
processed_data_cleaned\test\B2\B2.01.Sai-Cen_63_patch_2_1.jpg,B2,A1,0.8002
processed_data_cleaned\test\B2\B2.01.Sai-Cen_63_patch_2_2.jpg,B2,A2,0.9946
processed_data_cleaned\test\B2\B2.01.Sai-Cen_65_patch_0_3.jpg,B2,A2,0.9907
processed_data_cleaned\test\B2\B2.01.Sai-Cen_66_patch_0_1.jpg,B2,B1,0.9207
processed_data_cleaned\test\B2\B2.01.Sai-Cen_66_patch_0_2.jpg,B2,B1,0.5364
processed_data_cleaned\test\B2\B2.01.Sai-Cen_66_patch_0_3.jpg,B2,A1,0.8199
processed_data_cleaned\test\B2\B2.01.Sai-Cen_66_patch_1_0.jpg,B2,A2,0.8551
processed_data_cleaned\test\B2\B2.01.Sai-Cen_67_patch_0_0.jpg,B2,A2,0.9872
processed_data_cleaned\test\B2\B2.01.Sai-Cen_67_patch_1_1.jpg,B2,A2,0.6782
processed_data_cleaned\test\B2\B2.01.Sai-Cen_67_patch_1_2.jpg,B2,B1,0.9298
processed_data_cleaned\test\B2\B2.01.Sai-Cen_67_patch_2_0.jpg,B2,A1,0.4096
processed_data_cleaned\test\B2\B2.01.Sai-Cen_68_patch_2_0.jpg,B2,B1,0.589
processed_data_cleaned\test\B2\B2.01.Sai-Cen_68_patch_2_1.jpg,B2,A1,0.8872
processed_data_cleaned\test\B2\B2.01.Sai-Cen_69_patch_1_1.jpg,B2,B1,0.7299
processed_data_cleaned\test\B2\B2.01.Sai-Cen_70_patch_0_1.jpg,B2,B1,0.9986
processed_data_cleaned\test\B2\B2.01.Sai-Cen_70_patch_1_1.jpg,B2,B1,0.9818
processed_data_cleaned\test\B2\B2.01.Sai-Cen_70_patch_1_3.jpg,B2,A1,0.6985
processed_data_cleaned\test\B2\B2.01.Sai-Cen_70_patch_2_1.jpg,B2,B1,0.9113
processed_data_cleaned\test\B2\B2.01.Sai-Cen_70_patch_2_2.jpg,B2,A2,0.9
processed_data_cleaned\test\B2\B2.01.Sai-Cen_71_patch_0_3.jpg,B2,A2,0.9989
processed_data_cleaned\test\B2\B2.01.Sai-Cen_71_patch_1_2.jpg,B2,A1,0.9185
processed_data_cleaned\test\B2\B2.01.Sai-Cen_71_patch_2_1.jpg,B2,A2,0.5308
processed_data_cleaned\test\B2\B2.01.Sai-Cen_71_patch_2_2.jpg,B2,B1,0.8842
processed_data_cleaned\test\B2\B2.01.Sai-Cen_73_patch_0_0.jpg,B2,A1,0.7414
processed_data_cleaned\test\B2\B2.01.Sai-Cen_73_patch_2_3.jpg,B2,A2,0.9481
processed_data_cleaned\test\B2\B2.01.Sai-Cen_74_patch_0_0.jpg,B2,B1,0.4582
processed_data_cleaned\test\B2\B2.01.Sai-Cen_74_patch_0_1.jpg,B2,A2,0.9845
processed_data_cleaned\test\B2\B2.01.Sai-Cen_74_patch_0_3.jpg,B2,A2,0.9838
processed_data_cleaned\test\B2\B2.01.Sai-Cen_74_patch_1_0.jpg,B2,A1,0.9976
processed_data_cleaned\test\B2\B2.01.Sai-Cen_74_patch_2_0.jpg,B2,B1,0.9232
processed_data_cleaned\test\B2\B2.01.Sai-Cen_74_patch_2_1.jpg,B2,A1,0.745
processed_data_cleaned\test\B2\B2.01.Sai-Cen_75_patch_0_0.jpg,B2,A1,0.5095
processed_data_cleaned\test\B2\B2.01.Sai-Cen_75_patch_0_1.jpg,B2,A2,0.416
processed_data_cleaned\test\B2\B2.01.Sai-Cen_75_patch_0_2.jpg,B2,A1,0.7339
processed_data_cleaned\test\B2\B2.01.Sai-Cen_75_patch_0_3.jpg,B2,A1,0.5272
processed_data_cleaned\test\B2\B2.01.Sai-Cen_75_patch_1_1.jpg,B2,A1,0.97
processed_data_cleaned\test\B2\B2.01.Sai-Cen_75_patch_1_2.jpg,B2,A1,0.8881
processed_data_cleaned\test\B2\B2.01.Sai-Cen_75_patch_1_3.jpg,B2,A1,0.8222
processed_data_cleaned\test\B2\B2.01.Sai-Cen_75_patch_2_1.jpg,B2,A1,0.5076
processed_data_cleaned\test\B2\B2.01.Sai-Cen_75_patch_2_2.jpg,B2,A1,0.811
processed_data_cleaned\test\B2\B2.01.Sai-Cen_76_patch_0_0.jpg,B2,A1,0.861
processed_data_cleaned\test\B2\B2.01.Sai-Cen_76_patch_0_1.jpg,B2,B1,0.8017
processed_data_cleaned\test\B2\B2.01.Sai-Cen_76_patch_0_2.jpg,B2,A2,0.8814
processed_data_cleaned\test\B2\B2.01.Sai-Cen_76_patch_0_3.jpg,B2,A2,0.5052
processed_data_cleaned\test\B2\B2.01.Sai-Cen_76_patch_1_0.jpg,B2,A1,0.9524
processed_data_cleaned\test\B2\B2.01.Sai-Cen_76_patch_1_1.jpg,B2,A1,0.9861
processed_data_cleaned\test\B2\B2.01.Sai-Cen_76_patch_1_2.jpg,B2,A1,0.7967
processed_data_cleaned\test\B2\B2.01.Sai-Cen_76_patch_1_3.jpg,B2,B1,0.4965
processed_data_cleaned\test\B2\B2.01.Sai-Cen_76_patch_2_0.jpg,B2,A1,0.7195
processed_data_cleaned\test\B2\B2.01.Sai-Cen_76_patch_2_1.jpg,B2,A1,0.9347
processed_data_cleaned\test\B2\B2.01.Sai-Cen_76_patch_2_3.jpg,B2,A1,0.428
processed_data_cleaned\test\B2\B2.01.Sai-Cen_77_patch_0_1.jpg,B2,A1,0.881
processed_data_cleaned\test\B2\B2.01.Sai-Cen_77_patch_0_2.jpg,B2,B1,0.6107
processed_data_cleaned\test\B2\B2.01.Sai-Cen_77_patch_0_3.jpg,B2,A1,0.6232
processed_data_cleaned\test\B2\B2.01.Sai-Cen_77_patch_1_1.jpg,B2,A1,0.945
processed_data_cleaned\test\B2\B2.01.Sai-Cen_77_patch_1_3.jpg,B2,B1,0.5616
processed_data_cleaned\test\B2\B2.01.Sai-Cen_77_patch_2_0.jpg,B2,B1,0.9658
processed_data_cleaned\test\B2\B2.01.Sai-Cen_77_patch_2_1.jpg,B2,A1,0.8941
processed_data_cleaned\test\B2\B2.01.Sai-Cen_77_patch_2_2.jpg,B2,A1,0.8864
processed_data_cleaned\test\B2\B2.01.Sai-Cen_78_patch_0_0.jpg,B2,A2,0.5029
processed_data_cleaned\test\B2\B2.01.Sai-Cen_78_patch_0_1.jpg,B2,B1,0.5997
processed_data_cleaned\test\B2\B2.01.Sai-Cen_78_patch_0_2.jpg,B2,B1,0.5865
processed_data_cleaned\test\B2\B2.01.Sai-Cen_78_patch_0_3.jpg,B2,B1,0.9557
processed_data_cleaned\test\B2\B2.01.Sai-Cen_78_patch_1_0.jpg,B2,B1,0.6168
processed_data_cleaned\test\B2\B2.01.Sai-Cen_78_patch_1_1.jpg,B2,A2,0.8273
processed_data_cleaned\test\B2\B2.01.Sai-Cen_78_patch_1_3.jpg,B2,A2,0.7018
processed_data_cleaned\test\B2\B2.01.Sai-Cen_78_patch_2_0.jpg,B2,A1,0.9949
processed_data_cleaned\test\B2\B2.01.Sai-Cen_78_patch_2_2.jpg,B2,B1,0.524
processed_data_cleaned\test\B2\B2.01.Sai-Cen_78_patch_2_3.jpg,B2,A1,0.9942
processed_data_cleaned\test\B2\B2.01.Sai-Cen_79_patch_1_0.jpg,B2,A1,0.6307
processed_data_cleaned\test\B2\B2.01.Sai-Cen_80_patch_0_1.jpg,B2,A1,0.8075
processed_data_cleaned\test\B2\B2.01.Sai-Cen_80_patch_0_3.jpg,B2,B1,0.9257
processed_data_cleaned\test\B2\B2.01.Sai-Cen_80_patch_1_0.jpg,B2,A1,0.3913
processed_data_cleaned\test\B2\B2.01.Sai-Cen_80_patch_2_0.jpg,B2,B1,0.9611
processed_data_cleaned\test\B2\B2.01.Sai-Cen_80_patch_2_1.jpg,B2,B1,0.9951
processed_data_cleaned\test\B2\B2.01.Sai-Cen_80_patch_2_2.jpg,B2,B1,0.4624
processed_data_cleaned\test\B2\B2.01.Sai-Cen_81_patch_0_0.jpg,B2,A2,0.5571
processed_data_cleaned\test\B2\B2.01.Sai-Cen_81_patch_0_1.jpg,B2,A2,0.9889
processed_data_cleaned\test\B2\B2.01.Sai-Cen_83_patch_1_2.jpg,B2,B1,0.8087
processed_data_cleaned\test\B2\B2.01.Sai-Cen_83_patch_2_0.jpg,B2,B1,0.98
processed_data_cleaned\test\B2\B2.01.Sai-Cen_83_patch_2_2.jpg,B2,A1,0.6092
processed_data_cleaned\test\B2\B2.01.Sai-Cen_84_patch_0_0.jpg,B2,A1,0.921
processed_data_cleaned\test\B2\B2.01.Sai-Cen_84_patch_0_3.jpg,B2,A2,0.7763
processed_data_cleaned\test\B2\B2.01.Sai-Cen_84_patch_1_2.jpg,B2,A2,0.9222
processed_data_cleaned\test\B2\B2.01.Sai-Cen_84_patch_2_0.jpg,B2,A1,0.9872
processed_data_cleaned\test\B2\B2.01.Sai-Cen_84_patch_2_3.jpg,B2,A1,0.896
processed_data_cleaned\test\B2\B2.01.Sai-Cen_85_patch_0_1.jpg,B2,B1,0.8342
processed_data_cleaned\test\B2\B2.01.Sai-Cen_85_patch_1_1.jpg,B2,B1,0.3461
processed_data_cleaned\test\B2\B2.01.Sai-Cen_85_patch_1_2.jpg,B2,B1,0.6863
processed_data_cleaned\test\B2\B2.01.Sai-Cen_85_patch_1_3.jpg,B2,B1,0.9814
processed_data_cleaned\test\B2\B2.01.Sai-Cen_85_patch_2_1.jpg,B2,A2,0.5842
processed_data_cleaned\test\B2\B2.01.Sai-Cen_86_patch_0_0.jpg,B2,A1,0.9918
processed_data_cleaned\test\B2\B2.01.Sai-Cen_86_patch_1_0.jpg,B2,A1,0.893
processed_data_cleaned\test\B2\B2.01.Sai-Cen_86_patch_2_0.jpg,B2,A1,0.9973
processed_data_cleaned\test\B2\B2.01.Sai-Cen_86_patch_2_2.jpg,B2,B1,0.9978
processed_data_cleaned\test\B2\B2.01.Sai-Cen_87_patch_1_0.jpg,B2,A1,0.8356
processed_data_cleaned\test\B2\B2.01.Sai-Cen_88_patch_0_0.jpg,B2,B1,0.9519
processed_data_cleaned\test\B2\B2.01.Sai-Cen_88_patch_0_1.jpg,B2,A2,0.9568
processed_data_cleaned\test\B2\B2.01.Sai-Cen_88_patch_0_3.jpg,B2,A2,0.6023
processed_data_cleaned\test\B2\B2.01.Sai-Cen_88_patch_1_1.jpg,B2,A1,0.942
processed_data_cleaned\test\B2\B2.01.Sai-Cen_88_patch_1_2.jpg,B2,A2,0.5619
processed_data_cleaned\test\B2\B2.01.Sai-Cen_88_patch_2_0.jpg,B2,B1,0.8748
processed_data_cleaned\test\B2\B2.01.Sai-Cen_88_patch_2_1.jpg,B2,A1,0.5276
processed_data_cleaned\test\B2\B2.01.Sai-Cen_88_patch_2_3.jpg,B2,B1,0.9285
processed_data_cleaned\test\B2\B2.01.Sai-Cen_89_patch_1_3.jpg,B2,B1,0.8639
processed_data_cleaned\test\B2\B2.01.Sai-Cen_90_patch_0_0.jpg,B2,A1,0.8887
processed_data_cleaned\test\B2\B2.01.Sai-Cen_90_patch_0_1.jpg,B2,B1,0.6281
processed_data_cleaned\test\B2\B2.01.Sai-Cen_90_patch_0_2.jpg,B2,A2,0.3971
processed_data_cleaned\test\B2\B2.01.Sai-Cen_90_patch_0_3.jpg,B2,A2,0.9994
processed_data_cleaned\test\B2\B2.01.Sai-Cen_90_patch_1_0.jpg,B2,B1,0.4749
processed_data_cleaned\test\B2\B2.01.Sai-Cen_90_patch_1_2.jpg,B2,A2,0.8367
processed_data_cleaned\test\B2\B2.01.Sai-Cen_90_patch_1_3.jpg,B2,A2,0.9986
processed_data_cleaned\test\B2\B2.01.Sai-Cen_90_patch_2_0.jpg,B2,B1,0.8088
processed_data_cleaned\test\B2\B2.01.Sai-Cen_90_patch_2_1.jpg,B2,A1,0.8395
processed_data_cleaned\test\B2\B2.01.Sai-Cen_90_patch_2_2.jpg,B2,A1,0.7478
processed_data_cleaned\test\B2\B2.01.Sai-Cen_90_patch_2_3.jpg,B2,A1,0.6061
processed_data_cleaned\test\B2\B2.01.Sai-Cen_91_patch_0_0.jpg,B2,A2,0.9999
processed_data_cleaned\test\B2\B2.01.Sai-Cen_91_patch_1_1.jpg,B2,A1,0.6156
processed_data_cleaned\test\B2\B2.01.Sai-Cen_91_patch_1_3.jpg,B2,A1,0.5642
processed_data_cleaned\test\B2\B2.01.Sai-Cen_91_patch_2_1.jpg,B2,A1,0.9489
processed_data_cleaned\test\B2\B2.01.Sai-Cen_91_patch_2_2.jpg,B2,A1,0.9296
processed_data_cleaned\test\B2\B2.01.Sai-Cen_91_patch_2_3.jpg,B2,A1,0.6971
processed_data_cleaned\test\B2\B2.01.Sai-Cen_92_patch_0_0.jpg,B2,A1,0.9197
processed_data_cleaned\test\B2\B2.01.Sai-Cen_92_patch_0_1.jpg,B2,A2,0.9705
processed_data_cleaned\test\B2\B2.01.Sai-Cen_92_patch_0_2.jpg,B2,A2,0.9994
processed_data_cleaned\test\B2\B2.01.Sai-Cen_92_patch_0_3.jpg,B2,A2,0.5021
processed_data_cleaned\test\B2\B2.01.Sai-Cen_92_patch_1_0.jpg,B2,A2,0.8279
processed_data_cleaned\test\B2\B2.01.Sai-Cen_92_patch_1_1.jpg,B2,A2,0.9639
processed_data_cleaned\test\B2\B2.01.Sai-Cen_92_patch_1_2.jpg,B2,A2,0.768
processed_data_cleaned\test\B2\B2.01.Sai-Cen_92_patch_2_0.jpg,B2,A1,0.7374
processed_data_cleaned\test\B2\B2.01.Sai-Cen_92_patch_2_1.jpg,B2,A2,0.8485
processed_data_cleaned\test\B2\B2.01.Sai-Cen_92_patch_2_2.jpg,B2,A2,0.8436
processed_data_cleaned\test\B2\B2.01.Sai-Cen_92_patch_2_3.jpg,B2,B1,0.9593
processed_data_cleaned\test\B2\B2.01.Sai-Cen_93_patch_0_1.jpg,B2,A1,0.3933
processed_data_cleaned\test\B2\B2.01.Sai-Cen_93_patch_0_2.jpg,B2,A2,0.9725
processed_data_cleaned\test\B2\B2.01.Sai-Cen_93_patch_0_3.jpg,B2,A2,0.8807
processed_data_cleaned\test\B2\B2.01.Sai-Cen_93_patch_1_0.jpg,B2,A1,0.5956
processed_data_cleaned\test\B2\B2.01.Sai-Cen_93_patch_1_1.jpg,B2,A2,0.9896
processed_data_cleaned\test\B2\B2.01.Sai-Cen_93_patch_1_2.jpg,B2,A2,0.9994
processed_data_cleaned\test\B2\B2.01.Sai-Cen_93_patch_2_0.jpg,B2,A1,0.4703
processed_data_cleaned\test\B2\B2.01.Sai-Cen_93_patch_2_1.jpg,B2,A2,0.9885
processed_data_cleaned\test\B2\B2.01.Sai-Cen_93_patch_2_3.jpg,B2,A1,0.505
processed_data_cleaned\test\B2\B2.01.Sai-Cen_94_patch_0_0.jpg,B2,B1,0.7132
processed_data_cleaned\test\B2\B2.01.Sai-Cen_94_patch_0_2.jpg,B2,A2,0.9255
processed_data_cleaned\test\B2\B2.01.Sai-Cen_94_patch_0_3.jpg,B2,B1,0.8794
processed_data_cleaned\test\B2\B2.01.Sai-Cen_94_patch_1_0.jpg,B2,A2,0.9796
processed_data_cleaned\test\B2\B2.01.Sai-Cen_94_patch_1_1.jpg,B2,A2,0.9955
processed_data_cleaned\test\B2\B2.01.Sai-Cen_94_patch_1_2.jpg,B2,A2,0.9992
processed_data_cleaned\test\B2\B2.01.Sai-Cen_94_patch_1_3.jpg,B2,A1,0.902
processed_data_cleaned\test\B2\B2.01.Sai-Cen_94_patch_2_0.jpg,B2,B1,0.4789
processed_data_cleaned\test\B2\B2.01.Sai-Cen_94_patch_2_1.jpg,B2,A2,0.9004
processed_data_cleaned\test\B2\B2.01.Sai-Cen_94_patch_2_2.jpg,B2,A2,0.8274
processed_data_cleaned\test\B2\B2.01.Sai-Cen_94_patch_2_3.jpg,B2,A2,0.7567
processed_data_cleaned\test\B2\B2.01.Sai-Cen_95_patch_0_1.jpg,B2,B1,0.7905
processed_data_cleaned\test\B2\B2.01.Sai-Cen_95_patch_0_2.jpg,B2,A1,0.9553
processed_data_cleaned\test\B2\B2.01.Sai-Cen_95_patch_0_3.jpg,B2,B1,0.5435
processed_data_cleaned\test\B2\B2.01.Sai-Cen_95_patch_1_0.jpg,B2,B1,0.8339
processed_data_cleaned\test\B2\B2.01.Sai-Cen_95_patch_1_1.jpg,B2,B1,0.86
processed_data_cleaned\test\B2\B2.01.Sai-Cen_95_patch_1_2.jpg,B2,B1,0.6403
processed_data_cleaned\test\B2\B2.01.Sai-Cen_95_patch_2_0.jpg,B2,A1,0.5568
processed_data_cleaned\test\B2\B2.01.Sai-Cen_95_patch_2_1.jpg,B2,A2,0.9225
processed_data_cleaned\test\B2\B2.01.Sai-Cen_95_patch_2_2.jpg,B2,A1,0.9853
processed_data_cleaned\test\B2\B2.01.Sai-Cen_95_patch_2_3.jpg,B2,A1,0.5453
processed_data_cleaned\test\B2\B2.01.Sai-Cen_96_patch_0_1.jpg,B2,A1,0.5614
processed_data_cleaned\test\B2\B2.01.Sai-Cen_96_patch_0_2.jpg,B2,B1,0.5316
processed_data_cleaned\test\B2\B2.01.Sai-Cen_96_patch_0_3.jpg,B2,B1,0.9243
processed_data_cleaned\test\B2\B2.01.Sai-Cen_96_patch_1_0.jpg,B2,A1,0.5753
processed_data_cleaned\test\B2\B2.01.Sai-Cen_96_patch_1_1.jpg,B2,B1,0.9843
processed_data_cleaned\test\B2\B2.01.Sai-Cen_96_patch_1_2.jpg,B2,B1,0.5192
processed_data_cleaned\test\B2\B2.01.Sai-Cen_96_patch_1_3.jpg,B2,A2,0.9003
processed_data_cleaned\test\B2\B2.01.Sai-Cen_96_patch_2_0.jpg,B2,A1,0.9534
processed_data_cleaned\test\B2\B2.01.Sai-Cen_96_patch_2_1.jpg,B2,A1,0.6549
processed_data_cleaned\test\B2\B2.01.Sai-Cen_96_patch_2_2.jpg,B2,A1,0.998
processed_data_cleaned\test\B2\B2.01.Sai-Cen_96_patch_2_3.jpg,B2,A2,0.7841
processed_data_cleaned\test\B2\B2.01.Sai-Cen_97_patch_0_1.jpg,B2,B1,0.8004
processed_data_cleaned\test\B2\B2.01.Sai-Cen_97_patch_0_2.jpg,B2,A1,0.6344
processed_data_cleaned\test\B2\B2.01.Sai-Cen_97_patch_0_3.jpg,B2,B1,0.5448
processed_data_cleaned\test\B2\B2.01.Sai-Cen_97_patch_1_0.jpg,B2,B1,0.7134
processed_data_cleaned\test\B2\B2.01.Sai-Cen_97_patch_1_1.jpg,B2,B1,0.9989
processed_data_cleaned\test\B2\B2.01.Sai-Cen_97_patch_1_2.jpg,B2,A1,0.8799
processed_data_cleaned\test\B2\B2.01.Sai-Cen_97_patch_1_3.jpg,B2,A2,0.9669
processed_data_cleaned\test\B2\B2.01.Sai-Cen_97_patch_2_1.jpg,B2,B1,0.9421
processed_data_cleaned\test\B2\B2.01.Sai-Cen_97_patch_2_2.jpg,B2,A1,0.6328
processed_data_cleaned\test\B2\B2.01.Sai-Cen_97_patch_2_3.jpg,B2,A1,0.9814
processed_data_cleaned\test\B2\B2.01.Sai-Cen_98_patch_0_0.jpg,B2,B1,0.9025
processed_data_cleaned\test\B2\B2.01.Sai-Cen_98_patch_0_2.jpg,B2,A1,0.9393
processed_data_cleaned\test\B2\B2.01.Sai-Cen_98_patch_0_3.jpg,B2,A1,0.7752
processed_data_cleaned\test\B2\B2.01.Sai-Cen_98_patch_1_0.jpg,B2,A2,0.7632
processed_data_cleaned\test\B2\B2.01.Sai-Cen_98_patch_1_1.jpg,B2,A1,0.6951
processed_data_cleaned\test\B2\B2.01.Sai-Cen_98_patch_1_2.jpg,B2,A2,0.998
processed_data_cleaned\test\B2\B2.01.Sai-Cen_98_patch_1_3.jpg,B2,A2,0.747
processed_data_cleaned\test\B2\B2.01.Sai-Cen_98_patch_2_0.jpg,B2,A1,0.9815
processed_data_cleaned\test\B2\B2.01.Sai-Cen_98_patch_2_2.jpg,B2,A1,0.9825
processed_data_cleaned\test\B2\B2.01.Sai-Cen_98_patch_2_3.jpg,B2,A1,0.9859
processed_data_cleaned\test\B2\B2.08.Tu-Du_01_patch_1_3.jpg,B2,B1,0.9785
processed_data_cleaned\test\B2\B2.08.Tu-Du_01_patch_1_4.jpg,B2,B1,0.7991
processed_data_cleaned\test\B2\B2.08.Tu-Du_01_patch_2_2.jpg,B2,B1,0.5077
processed_data_cleaned\test\B2\B2.08.Tu-Du_01_patch_2_3.jpg,B2,B1,0.9957
processed_data_cleaned\test\B2\B2.08.Tu-Du_01_patch_2_4.jpg,B2,A2,0.8173
processed_data_cleaned\test\B2\B2.08.Tu-Du_01_patch_3_2.jpg,B2,B1,0.9761
processed_data_cleaned\test\B2\B2.08.Tu-Du_01_patch_3_3.jpg,B2,B1,0.9931
processed_data_cleaned\test\B2\B2.08.Tu-Du_02_patch_0_1.jpg,B2,A2,0.577
processed_data_cleaned\test\B2\B2.08.Tu-Du_02_patch_1_1.jpg,B2,A1,0.5375
processed_data_cleaned\test\B2\B2.08.Tu-Du_02_patch_1_2.jpg,B2,B1,0.9976
processed_data_cleaned\test\B2\B2.08.Tu-Du_02_patch_1_3.jpg,B2,B1,0.9958
processed_data_cleaned\test\B2\B2.08.Tu-Du_02_patch_1_5.jpg,B2,A1,0.6842
processed_data_cleaned\test\B2\B2.08.Tu-Du_02_patch_2_1.jpg,B2,A1,0.5433
processed_data_cleaned\test\B2\B2.08.Tu-Du_02_patch_3_0.jpg,B2,B1,0.521
processed_data_cleaned\test\B2\B2.08.Tu-Du_02_patch_3_1.jpg,B2,B1,0.8874
processed_data_cleaned\test\B2\B2.08.Tu-Du_03_patch_0_1.jpg,B2,A1,0.4992
processed_data_cleaned\test\B2\B2.08.Tu-Du_03_patch_0_2.jpg,B2,A1,0.9747
processed_data_cleaned\test\B2\B2.08.Tu-Du_03_patch_0_3.jpg,B2,B1,0.4964
processed_data_cleaned\test\B2\B2.08.Tu-Du_03_patch_0_4.jpg,B2,B1,0.8763
processed_data_cleaned\test\B2\B2.08.Tu-Du_03_patch_1_1.jpg,B2,A1,0.9999
processed_data_cleaned\test\B2\B2.08.Tu-Du_03_patch_1_2.jpg,B2,A1,0.9672
processed_data_cleaned\test\B2\B2.08.Tu-Du_03_patch_1_3.jpg,B2,A1,0.4812
processed_data_cleaned\test\B2\B2.08.Tu-Du_03_patch_1_4.jpg,B2,B1,0.9563
processed_data_cleaned\test\B2\B2.08.Tu-Du_03_patch_2_1.jpg,B2,A1,0.9947
processed_data_cleaned\test\B2\B2.08.Tu-Du_03_patch_2_2.jpg,B2,A1,0.9999
processed_data_cleaned\test\B2\B2.08.Tu-Du_03_patch_3_0.jpg,B2,B1,0.9991
processed_data_cleaned\test\B2\B2.08.Tu-Du_03_patch_3_1.jpg,B2,A1,0.9984
processed_data_cleaned\test\B2\B2.08.Tu-Du_03_patch_3_2.jpg,B2,A1,0.8951
processed_data_cleaned\test\B2\B2.08.Tu-Du_03_patch_3_3.jpg,B2,B1,0.7078
processed_data_cleaned\test\B2\B2.08.Tu-Du_03_patch_3_4.jpg,B2,B1,0.7292
processed_data_cleaned\test\B2\B2.08.Tu-Du_04_patch_0_1.jpg,B2,A1,0.8789
processed_data_cleaned\test\B2\B2.08.Tu-Du_04_patch_0_2.jpg,B2,A1,0.8976
processed_data_cleaned\test\B2\B2.08.Tu-Du_04_patch_0_3.jpg,B2,B1,0.9832
processed_data_cleaned\test\B2\B2.08.Tu-Du_04_patch_0_4.jpg,B2,A2,0.6694
processed_data_cleaned\test\B2\B2.08.Tu-Du_04_patch_0_5.jpg,B2,A1,0.3774
processed_data_cleaned\test\B2\B2.08.Tu-Du_04_patch_1_1.jpg,B2,A2,0.4284
processed_data_cleaned\test\B2\B2.08.Tu-Du_04_patch_1_2.jpg,B2,A1,0.772
processed_data_cleaned\test\B2\B2.08.Tu-Du_04_patch_1_3.jpg,B2,A1,0.8887
processed_data_cleaned\test\B2\B2.08.Tu-Du_04_patch_1_4.jpg,B2,A1,0.818
processed_data_cleaned\test\B2\B2.08.Tu-Du_04_patch_2_0.jpg,B2,B1,0.797
processed_data_cleaned\test\B2\B2.08.Tu-Du_04_patch_2_2.jpg,B2,A1,0.5288
processed_data_cleaned\test\B2\B2.08.Tu-Du_04_patch_2_3.jpg,B2,A1,0.6861
processed_data_cleaned\test\B2\B2.08.Tu-Du_04_patch_2_4.jpg,B2,A1,0.9387
processed_data_cleaned\test\B2\B2.08.Tu-Du_04_patch_3_2.jpg,B2,A1,0.4968
processed_data_cleaned\test\B2\B2.08.Tu-Du_04_patch_3_4.jpg,B2,B1,0.4405
processed_data_cleaned\test\B2\B2.08.Tu-Du_05_patch_0_0.jpg,B2,A1,0.7313
processed_data_cleaned\test\B2\B2.08.Tu-Du_05_patch_0_1.jpg,B2,A2,0.8729
processed_data_cleaned\test\B2\B2.08.Tu-Du_05_patch_0_2.jpg,B2,B1,0.5862
processed_data_cleaned\test\B2\B2.08.Tu-Du_05_patch_0_3.jpg,B2,A1,0.8012
processed_data_cleaned\test\B2\B2.08.Tu-Du_05_patch_0_4.jpg,B2,B1,0.5349
processed_data_cleaned\test\B2\B2.08.Tu-Du_05_patch_0_5.jpg,B2,B1,0.6208
processed_data_cleaned\test\B2\B2.08.Tu-Du_05_patch_1_0.jpg,B2,A2,0.6369
processed_data_cleaned\test\B2\B2.08.Tu-Du_05_patch_1_1.jpg,B2,A2,0.8251
processed_data_cleaned\test\B2\B2.08.Tu-Du_05_patch_1_2.jpg,B2,A1,0.9471
processed_data_cleaned\test\B2\B2.08.Tu-Du_05_patch_1_3.jpg,B2,B1,0.7315
processed_data_cleaned\test\B2\B2.08.Tu-Du_05_patch_1_4.jpg,B2,B1,0.4501
processed_data_cleaned\test\B2\B2.08.Tu-Du_05_patch_2_1.jpg,B2,A2,0.9494
processed_data_cleaned\test\B2\B2.08.Tu-Du_05_patch_2_2.jpg,B2,A1,0.9778
processed_data_cleaned\test\B2\B2.08.Tu-Du_05_patch_2_3.jpg,B2,B1,0.75
processed_data_cleaned\test\B2\B2.08.Tu-Du_05_patch_2_5.jpg,B2,B1,0.9993
processed_data_cleaned\test\B2\B2.08.Tu-Du_05_patch_3_0.jpg,B2,A1,0.8857
processed_data_cleaned\test\B2\B2.08.Tu-Du_05_patch_3_1.jpg,B2,A1,0.9955
processed_data_cleaned\test\B2\B2.08.Tu-Du_05_patch_3_2.jpg,B2,A1,0.858
processed_data_cleaned\test\B2\B2.08.Tu-Du_05_patch_3_3.jpg,B2,B1,0.9781
processed_data_cleaned\test\B2\B2.08.Tu-Du_05_patch_3_4.jpg,B2,A1,0.7719
processed_data_cleaned\test\B2\B2.08.Tu-Du_05_patch_3_5.jpg,B2,A1,0.6563
processed_data_cleaned\test\B2\B2.08.Tu-Du_06_patch_0_0.jpg,B2,A1,0.7583
processed_data_cleaned\test\B2\B2.08.Tu-Du_06_patch_0_1.jpg,B2,A1,0.8877
processed_data_cleaned\test\B2\B2.08.Tu-Du_06_patch_0_2.jpg,B2,A1,0.7604
processed_data_cleaned\test\B2\B2.08.Tu-Du_06_patch_0_3.jpg,B2,A1,0.8319
processed_data_cleaned\test\B2\B2.08.Tu-Du_06_patch_0_4.jpg,B2,A1,0.7139
processed_data_cleaned\test\B2\B2.08.Tu-Du_06_patch_0_5.jpg,B2,B1,0.7309
processed_data_cleaned\test\B2\B2.08.Tu-Du_06_patch_1_0.jpg,B2,A2,0.9551
processed_data_cleaned\test\B2\B2.08.Tu-Du_06_patch_1_1.jpg,B2,A1,0.7031
processed_data_cleaned\test\B2\B2.08.Tu-Du_06_patch_1_2.jpg,B2,A1,0.9624
processed_data_cleaned\test\B2\B2.08.Tu-Du_06_patch_1_4.jpg,B2,B1,0.9028
processed_data_cleaned\test\B2\B2.08.Tu-Du_06_patch_1_5.jpg,B2,B1,0.9678
processed_data_cleaned\test\B2\B2.08.Tu-Du_06_patch_2_0.jpg,B2,B1,0.9946
processed_data_cleaned\test\B2\B2.08.Tu-Du_06_patch_2_2.jpg,B2,A1,0.935
processed_data_cleaned\test\B2\B2.08.Tu-Du_06_patch_2_3.jpg,B2,B1,0.5846
processed_data_cleaned\test\B2\B2.08.Tu-Du_06_patch_2_4.jpg,B2,B1,0.6158
processed_data_cleaned\test\B2\B2.08.Tu-Du_06_patch_2_5.jpg,B2,B1,0.7889
processed_data_cleaned\test\B2\B2.08.Tu-Du_06_patch_3_0.jpg,B2,A1,0.959
processed_data_cleaned\test\B2\B2.08.Tu-Du_06_patch_3_1.jpg,B2,A1,0.9998
processed_data_cleaned\test\B2\B2.08.Tu-Du_06_patch_3_2.jpg,B2,A1,0.6017
processed_data_cleaned\test\B2\B2.08.Tu-Du_06_patch_3_3.jpg,B2,A1,0.6906
processed_data_cleaned\test\B2\B2.08.Tu-Du_06_patch_3_4.jpg,B2,B1,0.7164
processed_data_cleaned\test\B2\B2.08.Tu-Du_06_patch_3_5.jpg,B2,A1,0.9132
processed_data_cleaned\test\B2\B2.08.Tu-Du_07_patch_0_0.jpg,B2,B1,0.9997
processed_data_cleaned\test\B2\B2.08.Tu-Du_07_patch_0_1.jpg,B2,A1,0.9837
processed_data_cleaned\test\B2\B2.08.Tu-Du_07_patch_0_2.jpg,B2,A2,0.4629
processed_data_cleaned\test\B2\B2.08.Tu-Du_07_patch_1_0.jpg,B2,B1,0.9992
processed_data_cleaned\test\B2\B2.08.Tu-Du_07_patch_1_1.jpg,B2,A1,0.8354
processed_data_cleaned\test\B2\B2.08.Tu-Du_07_patch_1_2.jpg,B2,A1,0.8623
processed_data_cleaned\test\B2\B2.08.Tu-Du_07_patch_1_4.jpg,B2,B1,0.9881
processed_data_cleaned\test\B2\B2.08.Tu-Du_07_patch_2_0.jpg,B2,B1,0.9545
processed_data_cleaned\test\B2\B2.08.Tu-Du_07_patch_2_1.jpg,B2,B1,0.859
processed_data_cleaned\test\B2\B2.08.Tu-Du_07_patch_2_2.jpg,B2,A2,0.9285
processed_data_cleaned\test\B2\B2.08.Tu-Du_07_patch_3_0.jpg,B2,B1,0.8816
processed_data_cleaned\test\B2\B2.08.Tu-Du_07_patch_3_1.jpg,B2,A1,0.9993
processed_data_cleaned\test\B2\B2.08.Tu-Du_08_patch_0_0.jpg,B2,B1,0.9978
processed_data_cleaned\test\B2\B2.08.Tu-Du_08_patch_0_1.jpg,B2,A1,0.7272
processed_data_cleaned\test\B2\B2.08.Tu-Du_08_patch_0_2.jpg,B2,B1,0.6389
processed_data_cleaned\test\B2\B2.08.Tu-Du_08_patch_0_3.jpg,B2,B1,0.8591
processed_data_cleaned\test\B2\B2.08.Tu-Du_08_patch_1_0.jpg,B2,B1,0.9706
processed_data_cleaned\test\B2\B2.08.Tu-Du_08_patch_1_1.jpg,B2,B1,0.6049
processed_data_cleaned\test\B2\B2.08.Tu-Du_08_patch_1_2.jpg,B2,A1,0.9617
processed_data_cleaned\test\B2\B2.08.Tu-Du_08_patch_1_3.jpg,B2,A1,0.4912
processed_data_cleaned\test\B2\B2.08.Tu-Du_08_patch_1_4.jpg,B2,B1,0.5451
processed_data_cleaned\test\B2\B2.08.Tu-Du_08_patch_2_0.jpg,B2,B1,0.6705
processed_data_cleaned\test\B2\B2.08.Tu-Du_08_patch_2_1.jpg,B2,A1,0.9147
processed_data_cleaned\test\B2\B2.08.Tu-Du_08_patch_2_2.jpg,B2,A2,0.8273
processed_data_cleaned\test\B2\B2.08.Tu-Du_08_patch_3_1.jpg,B2,A1,0.8842
processed_data_cleaned\test\B2\B2.08.Tu-Du_08_patch_3_2.jpg,B2,A1,0.9166
processed_data_cleaned\test\B2\B2.08.Tu-Du_09_patch_0_0.jpg,B2,A1,0.8601
processed_data_cleaned\test\B2\B2.08.Tu-Du_09_patch_0_1.jpg,B2,A2,0.9517
processed_data_cleaned\test\B2\B2.08.Tu-Du_09_patch_0_2.jpg,B2,A1,0.5141
processed_data_cleaned\test\B2\B2.08.Tu-Du_09_patch_0_3.jpg,B2,B1,0.9655
processed_data_cleaned\test\B2\B2.08.Tu-Du_09_patch_0_4.jpg,B2,B1,0.9018
processed_data_cleaned\test\B2\B2.08.Tu-Du_09_patch_0_5.jpg,B2,B1,0.7502
processed_data_cleaned\test\B2\B2.08.Tu-Du_09_patch_1_0.jpg,B2,A2,0.965
processed_data_cleaned\test\B2\B2.08.Tu-Du_09_patch_1_1.jpg,B2,A1,0.5604
processed_data_cleaned\test\B2\B2.08.Tu-Du_09_patch_1_2.jpg,B2,A1,0.9935
processed_data_cleaned\test\B2\B2.08.Tu-Du_09_patch_1_3.jpg,B2,A1,0.9072
processed_data_cleaned\test\B2\B2.08.Tu-Du_09_patch_1_4.jpg,B2,B1,0.5637
processed_data_cleaned\test\B2\B2.08.Tu-Du_09_patch_1_5.jpg,B2,B1,0.9972
processed_data_cleaned\test\B2\B2.08.Tu-Du_09_patch_2_0.jpg,B2,B1,0.8725
processed_data_cleaned\test\B2\B2.08.Tu-Du_09_patch_2_2.jpg,B2,A1,0.9091
processed_data_cleaned\test\B2\B2.08.Tu-Du_09_patch_2_3.jpg,B2,A1,0.6691
processed_data_cleaned\test\B2\B2.08.Tu-Du_09_patch_2_4.jpg,B2,A1,0.8828
processed_data_cleaned\test\B2\B2.08.Tu-Du_09_patch_2_5.jpg,B2,B1,0.9512
processed_data_cleaned\test\B2\B2.08.Tu-Du_09_patch_3_0.jpg,B2,A1,0.956
processed_data_cleaned\test\B2\B2.08.Tu-Du_09_patch_3_1.jpg,B2,A1,0.8851
processed_data_cleaned\test\B2\B2.08.Tu-Du_09_patch_3_2.jpg,B2,B1,0.4395
processed_data_cleaned\test\B2\B2.08.Tu-Du_09_patch_3_3.jpg,B2,B1,0.7881
processed_data_cleaned\test\B2\B2.08.Tu-Du_09_patch_3_4.jpg,B2,A1,0.7928
processed_data_cleaned\test\B2\B2.08.Tu-Du_09_patch_3_5.jpg,B2,A1,0.9977
processed_data_cleaned\test\B2\B2.08.Tu-Du_10_patch_1_4.jpg,B2,A1,0.7938
processed_data_cleaned\test\B2\B2.08.Tu-Du_10_patch_3_3.jpg,B2,B1,0.9057
processed_data_cleaned\test\B2\B2.08.Tu-Du_11_patch_0_4.jpg,B2,B1,0.6066
processed_data_cleaned\test\B2\B2.08.Tu-Du_11_patch_1_3.jpg,B2,A1,0.975
processed_data_cleaned\test\B2\B2.08.Tu-Du_11_patch_2_1.jpg,B2,B1,0.5866
processed_data_cleaned\test\B2\B2.08.Tu-Du_11_patch_2_2.jpg,B2,A1,0.7231
processed_data_cleaned\test\B2\B2.08.Tu-Du_12_patch_0_3.jpg,B2,A2,0.3171
processed_data_cleaned\test\B2\B2.08.Tu-Du_12_patch_1_0.jpg,B2,A2,0.9473
processed_data_cleaned\test\B2\B2.08.Tu-Du_12_patch_1_3.jpg,B2,A1,0.9428
processed_data_cleaned\test\B2\B2.08.Tu-Du_12_patch_2_5.jpg,B2,A1,0.6337
processed_data_cleaned\test\B2\B2.08.Tu-Du_12_patch_3_3.jpg,B2,A1,0.8502
processed_data_cleaned\test\B2\B2.08.Tu-Du_12_patch_3_5.jpg,B2,A1,0.93
processed_data_cleaned\test\B2\B2.08.Tu-Du_14_patch_0_3.jpg,B2,A2,0.7496
processed_data_cleaned\test\B2\B2.08.Tu-Du_14_patch_0_4.jpg,B2,A2,0.5195
processed_data_cleaned\test\B2\B2.08.Tu-Du_14_patch_0_5.jpg,B2,A2,0.975
processed_data_cleaned\test\B2\B2.08.Tu-Du_14_patch_1_4.jpg,B2,A2,0.9702
processed_data_cleaned\test\B2\B2.08.Tu-Du_14_patch_1_5.jpg,B2,B1,0.6318
processed_data_cleaned\test\B2\B2.08.Tu-Du_14_patch_2_2.jpg,B2,B1,0.9646
processed_data_cleaned\test\B2\B2.08.Tu-Du_14_patch_2_3.jpg,B2,A2,0.8046
processed_data_cleaned\test\B2\B2.08.Tu-Du_14_patch_2_4.jpg,B2,A1,0.7744
processed_data_cleaned\test\B2\B2.08.Tu-Du_14_patch_2_5.jpg,B2,B1,0.6609
processed_data_cleaned\test\B2\B2.08.Tu-Du_14_patch_3_0.jpg,B2,B1,0.9902
processed_data_cleaned\test\B2\B2.08.Tu-Du_14_patch_3_4.jpg,B2,A2,0.9642
processed_data_cleaned\test\B2\B2.08.Tu-Du_15_patch_0_1.jpg,B2,B1,0.7856
processed_data_cleaned\test\B2\B2.08.Tu-Du_15_patch_0_3.jpg,B2,A1,0.5707
processed_data_cleaned\test\B2\B2.08.Tu-Du_15_patch_0_4.jpg,B2,A1,0.6897
processed_data_cleaned\test\B2\B2.08.Tu-Du_15_patch_0_5.jpg,B2,A2,0.8837
processed_data_cleaned\test\B2\B2.08.Tu-Du_15_patch_1_0.jpg,B2,A1,0.4409
processed_data_cleaned\test\B2\B2.08.Tu-Du_15_patch_1_1.jpg,B2,A1,0.8921
processed_data_cleaned\test\B2\B2.08.Tu-Du_15_patch_1_2.jpg,B2,A1,0.7366
processed_data_cleaned\test\B2\B2.08.Tu-Du_15_patch_1_4.jpg,B2,B1,0.8099
processed_data_cleaned\test\B2\B2.08.Tu-Du_15_patch_2_2.jpg,B2,A1,0.4094
processed_data_cleaned\test\B2\B2.08.Tu-Du_15_patch_3_1.jpg,B2,B1,0.931
processed_data_cleaned\test\B2\B2.08.Tu-Du_16_patch_0_4.jpg,B2,A1,0.4961
processed_data_cleaned\test\B2\B2.08.Tu-Du_16_patch_1_1.jpg,B2,B1,0.9821
processed_data_cleaned\test\B2\B2.08.Tu-Du_16_patch_1_4.jpg,B2,A1,0.4621
processed_data_cleaned\test\B2\B2.08.Tu-Du_16_patch_2_2.jpg,B2,A2,0.931
processed_data_cleaned\test\B2\B2.08.Tu-Du_16_patch_2_3.jpg,B2,B1,0.6971
processed_data_cleaned\test\B2\B2.08.Tu-Du_16_patch_3_0.jpg,B2,B1,0.5066
processed_data_cleaned\test\B2\B2.08.Tu-Du_17_patch_0_0.jpg,B2,A1,0.9963
processed_data_cleaned\test\B2\B2.08.Tu-Du_17_patch_0_1.jpg,B2,A1,1.0
processed_data_cleaned\test\B2\B2.08.Tu-Du_17_patch_0_2.jpg,B2,A1,0.9722
processed_data_cleaned\test\B2\B2.08.Tu-Du_17_patch_0_3.jpg,B2,A1,0.9447
processed_data_cleaned\test\B2\B2.08.Tu-Du_17_patch_1_0.jpg,B2,A1,0.5595
processed_data_cleaned\test\B2\B2.08.Tu-Du_17_patch_1_1.jpg,B2,B1,0.8583
processed_data_cleaned\test\B2\B2.08.Tu-Du_17_patch_1_2.jpg,B2,A1,0.9948
processed_data_cleaned\test\B2\B2.08.Tu-Du_17_patch_1_3.jpg,B2,A1,0.6065
processed_data_cleaned\test\B2\B2.08.Tu-Du_17_patch_1_4.jpg,B2,A1,0.9781
processed_data_cleaned\test\B2\B2.08.Tu-Du_17_patch_1_5.jpg,B2,A2,0.9715
processed_data_cleaned\test\B2\B2.08.Tu-Du_17_patch_2_0.jpg,B2,A1,0.9934
processed_data_cleaned\test\B2\B2.08.Tu-Du_17_patch_2_1.jpg,B2,A1,0.9955
processed_data_cleaned\test\B2\B2.08.Tu-Du_17_patch_2_2.jpg,B2,A1,0.9904
processed_data_cleaned\test\B2\B2.08.Tu-Du_17_patch_2_3.jpg,B2,A1,0.9662
processed_data_cleaned\test\B2\B2.08.Tu-Du_17_patch_2_4.jpg,B2,A1,0.9687
processed_data_cleaned\test\B2\B2.08.Tu-Du_17_patch_2_5.jpg,B2,A1,0.9814
processed_data_cleaned\test\B2\B2.08.Tu-Du_17_patch_3_0.jpg,B2,A1,0.5025
processed_data_cleaned\test\B2\B2.08.Tu-Du_18_patch_0_0.jpg,B2,A1,0.9946
processed_data_cleaned\test\B2\B2.08.Tu-Du_18_patch_0_1.jpg,B2,A1,0.998
processed_data_cleaned\test\B2\B2.08.Tu-Du_18_patch_0_2.jpg,B2,A1,0.7827
processed_data_cleaned\test\B2\B2.08.Tu-Du_18_patch_0_3.jpg,B2,A1,0.9909
processed_data_cleaned\test\B2\B2.08.Tu-Du_18_patch_1_0.jpg,B2,A1,0.9387
processed_data_cleaned\test\B2\B2.08.Tu-Du_18_patch_1_1.jpg,B2,A1,0.7995
processed_data_cleaned\test\B2\B2.08.Tu-Du_18_patch_1_2.jpg,B2,A2,0.9152
processed_data_cleaned\test\B2\B2.08.Tu-Du_18_patch_1_3.jpg,B2,B1,0.4863
processed_data_cleaned\test\B2\B2.08.Tu-Du_18_patch_1_4.jpg,B2,B1,0.762
processed_data_cleaned\test\B2\B2.08.Tu-Du_18_patch_1_5.jpg,B2,A1,0.7565
processed_data_cleaned\test\B2\B2.08.Tu-Du_18_patch_2_1.jpg,B2,A1,0.9392
processed_data_cleaned\test\B2\B2.08.Tu-Du_18_patch_2_2.jpg,B2,A1,0.7857
processed_data_cleaned\test\B2\B2.08.Tu-Du_18_patch_2_3.jpg,B2,A2,0.534
processed_data_cleaned\test\B2\B2.08.Tu-Du_18_patch_2_4.jpg,B2,A1,0.9474
processed_data_cleaned\test\B2\B2.08.Tu-Du_18_patch_2_5.jpg,B2,A1,0.9003
processed_data_cleaned\test\B2\B2.08.Tu-Du_18_patch_3_0.jpg,B2,A1,0.8891
processed_data_cleaned\test\B2\B2.08.Tu-Du_19_patch_0_0.jpg,B2,A1,0.9921
processed_data_cleaned\test\B2\B2.08.Tu-Du_19_patch_0_1.jpg,B2,A1,1.0
processed_data_cleaned\test\B2\B2.08.Tu-Du_19_patch_0_2.jpg,B2,B1,0.6112
processed_data_cleaned\test\B2\B2.08.Tu-Du_19_patch_0_3.jpg,B2,A1,0.9916
processed_data_cleaned\test\B2\B2.08.Tu-Du_19_patch_1_0.jpg,B2,A1,0.5837
processed_data_cleaned\test\B2\B2.08.Tu-Du_19_patch_1_1.jpg,B2,B1,0.8086
processed_data_cleaned\test\B2\B2.08.Tu-Du_19_patch_1_2.jpg,B2,B1,0.614
processed_data_cleaned\test\B2\B2.08.Tu-Du_19_patch_1_3.jpg,B2,A2,0.6647
processed_data_cleaned\test\B2\B2.08.Tu-Du_19_patch_1_4.jpg,B2,B1,0.7126
processed_data_cleaned\test\B2\B2.08.Tu-Du_19_patch_1_5.jpg,B2,A1,0.9
processed_data_cleaned\test\B2\B2.08.Tu-Du_19_patch_2_0.jpg,B2,A1,0.9977
processed_data_cleaned\test\B2\B2.08.Tu-Du_19_patch_2_1.jpg,B2,A1,0.9968
processed_data_cleaned\test\B2\B2.08.Tu-Du_19_patch_2_2.jpg,B2,A1,0.6989
processed_data_cleaned\test\B2\B2.08.Tu-Du_19_patch_2_3.jpg,B2,A1,0.6375
processed_data_cleaned\test\B2\B2.08.Tu-Du_19_patch_2_4.jpg,B2,A1,0.9844
processed_data_cleaned\test\B2\B2.08.Tu-Du_19_patch_2_5.jpg,B2,A1,0.9052
processed_data_cleaned\test\B2\B2.08.Tu-Du_19_patch_3_0.jpg,B2,A1,0.4524
processed_data_cleaned\test\B2\B2.08.Tu-Du_19_patch_3_2.jpg,B2,B1,0.8839
processed_data_cleaned\test\B2\B2.08.Tu-Du_20_patch_0_1.jpg,B2,A1,0.9817
processed_data_cleaned\test\B2\B2.08.Tu-Du_20_patch_0_2.jpg,B2,A1,0.6738
processed_data_cleaned\test\B2\B2.08.Tu-Du_20_patch_0_3.jpg,B2,A2,0.8601
processed_data_cleaned\test\B2\B2.08.Tu-Du_20_patch_0_4.jpg,B2,A1,0.9764
processed_data_cleaned\test\B2\B2.08.Tu-Du_20_patch_0_5.jpg,B2,A1,0.9274
processed_data_cleaned\test\B2\B2.08.Tu-Du_20_patch_1_2.jpg,B2,A1,0.7653
processed_data_cleaned\test\B2\B2.08.Tu-Du_20_patch_1_3.jpg,B2,A1,0.9457
processed_data_cleaned\test\B2\B2.08.Tu-Du_20_patch_1_4.jpg,B2,B1,0.9857
processed_data_cleaned\test\B2\B2.08.Tu-Du_20_patch_1_5.jpg,B2,A1,0.9463
processed_data_cleaned\test\B2\B2.08.Tu-Du_20_patch_3_1.jpg,B2,A1,0.9872
processed_data_cleaned\test\B2\B2.08.Tu-Du_21_patch_0_4.jpg,B2,A1,0.5496
processed_data_cleaned\test\B2\B2.08.Tu-Du_21_patch_0_5.jpg,B2,A1,0.574
processed_data_cleaned\test\B2\B2.08.Tu-Du_21_patch_1_0.jpg,B2,A2,0.7862
processed_data_cleaned\test\B2\B2.08.Tu-Du_21_patch_1_1.jpg,B2,A1,0.9977
processed_data_cleaned\test\B2\B2.08.Tu-Du_21_patch_1_3.jpg,B2,B1,0.937
processed_data_cleaned\test\B2\B2.08.Tu-Du_21_patch_1_4.jpg,B2,A1,0.5604
processed_data_cleaned\test\B2\B2.08.Tu-Du_21_patch_1_5.jpg,B2,B1,0.9488
processed_data_cleaned\test\B2\B2.08.Tu-Du_21_patch_2_0.jpg,B2,A2,0.5589
processed_data_cleaned\test\B2\B2.08.Tu-Du_21_patch_3_1.jpg,B2,A1,0.9705
processed_data_cleaned\test\B2\B2.08.Tu-Du_21_patch_3_2.jpg,B2,B1,0.9953
processed_data_cleaned\test\B2\B2.08.Tu-Du_21_patch_3_4.jpg,B2,B1,0.7663
processed_data_cleaned\test\B2\B2.08.Tu-Du_22_patch_0_2.jpg,B2,B1,0.7458
processed_data_cleaned\test\B2\B2.08.Tu-Du_22_patch_0_3.jpg,B2,A1,0.9849
processed_data_cleaned\test\B2\B2.08.Tu-Du_22_patch_0_4.jpg,B2,A1,0.6979
processed_data_cleaned\test\B2\B2.08.Tu-Du_22_patch_0_5.jpg,B2,A1,0.9682
processed_data_cleaned\test\B2\B2.08.Tu-Du_22_patch_1_1.jpg,B2,A1,0.973
processed_data_cleaned\test\B2\B2.08.Tu-Du_22_patch_1_2.jpg,B2,A1,0.8772
processed_data_cleaned\test\B2\B2.08.Tu-Du_22_patch_1_4.jpg,B2,A1,0.9973
processed_data_cleaned\test\B2\B2.08.Tu-Du_22_patch_2_5.jpg,B2,A1,1.0
processed_data_cleaned\test\B2\B2.08.Tu-Du_22_patch_3_0.jpg,B2,A1,0.768
processed_data_cleaned\test\B2\B2.08.Tu-Du_22_patch_3_1.jpg,B2,A1,0.9982
processed_data_cleaned\test\B2\B2.08.Tu-Du_22_patch_3_2.jpg,B2,A1,0.8699
processed_data_cleaned\test\B2\B2.08.Tu-Du_22_patch_3_5.jpg,B2,A1,0.8342
processed_data_cleaned\test\B2\B2.08.Tu-Du_23_patch_0_1.jpg,B2,A2,0.6916
processed_data_cleaned\test\B2\B2.08.Tu-Du_23_patch_0_2.jpg,B2,A1,0.9238
processed_data_cleaned\test\B2\B2.08.Tu-Du_23_patch_0_3.jpg,B2,A1,0.8761
processed_data_cleaned\test\B2\B2.08.Tu-Du_23_patch_1_1.jpg,B2,A2,0.5784
processed_data_cleaned\test\B2\B2.08.Tu-Du_23_patch_1_2.jpg,B2,A1,0.9943
processed_data_cleaned\test\B2\B2.08.Tu-Du_23_patch_1_3.jpg,B2,A1,0.8349
processed_data_cleaned\test\B2\B2.08.Tu-Du_23_patch_1_4.jpg,B2,A1,0.9715
processed_data_cleaned\test\B2\B2.08.Tu-Du_23_patch_2_1.jpg,B2,A2,0.9175
processed_data_cleaned\test\B2\B2.08.Tu-Du_23_patch_2_2.jpg,B2,A1,0.9564
processed_data_cleaned\test\B2\B2.08.Tu-Du_23_patch_2_3.jpg,B2,A1,0.9538
processed_data_cleaned\test\B2\B2.08.Tu-Du_23_patch_2_4.jpg,B2,A1,0.9849
processed_data_cleaned\test\B2\B2.08.Tu-Du_23_patch_3_2.jpg,B2,B1,0.7163
processed_data_cleaned\test\B2\B2.08.Tu-Du_23_patch_3_3.jpg,B2,A1,0.5081
processed_data_cleaned\test\B2\B2.08.Tu-Du_24_patch_0_0.jpg,B2,A1,1.0
processed_data_cleaned\test\B2\B2.08.Tu-Du_24_patch_0_1.jpg,B2,A1,0.6263
processed_data_cleaned\test\B2\B2.08.Tu-Du_24_patch_0_2.jpg,B2,A1,0.9464
processed_data_cleaned\test\B2\B2.08.Tu-Du_24_patch_0_3.jpg,B2,A1,0.6411
processed_data_cleaned\test\B2\B2.08.Tu-Du_24_patch_0_4.jpg,B2,B1,0.596
processed_data_cleaned\test\B2\B2.08.Tu-Du_24_patch_1_2.jpg,B2,A2,0.4898
processed_data_cleaned\test\B2\B2.08.Tu-Du_24_patch_1_3.jpg,B2,A1,0.8079
processed_data_cleaned\test\B2\B2.08.Tu-Du_24_patch_1_4.jpg,B2,A1,0.9881
processed_data_cleaned\test\B2\B2.08.Tu-Du_24_patch_2_1.jpg,B2,A1,0.9932
processed_data_cleaned\test\B2\B2.08.Tu-Du_24_patch_2_2.jpg,B2,A2,0.626
processed_data_cleaned\test\B2\B2.08.Tu-Du_24_patch_2_3.jpg,B2,B1,0.5045
processed_data_cleaned\test\B2\B2.08.Tu-Du_24_patch_2_4.jpg,B2,B1,0.5294
processed_data_cleaned\test\B2\B2.08.Tu-Du_24_patch_3_1.jpg,B2,A1,0.3889
processed_data_cleaned\test\B2\B2.08.Tu-Du_24_patch_3_2.jpg,B2,A1,0.6349
processed_data_cleaned\test\B2\B2.08.Tu-Du_24_patch_3_4.jpg,B2,A1,0.9469
processed_data_cleaned\test\B2\B2.08.Tu-Du_25_patch_1_2.jpg,B2,B1,0.9993
processed_data_cleaned\test\B2\B2.08.Tu-Du_25_patch_1_4.jpg,B2,B1,0.4103
processed_data_cleaned\test\B2\B2.08.Tu-Du_25_patch_2_0.jpg,B2,B1,0.9971
processed_data_cleaned\test\B2\B2.08.Tu-Du_25_patch_2_3.jpg,B2,B1,0.8903
processed_data_cleaned\test\B2\B2.08.Tu-Du_25_patch_2_4.jpg,B2,B1,0.9127
processed_data_cleaned\test\B2\B2.08.Tu-Du_25_patch_2_5.jpg,B2,B1,0.8065
processed_data_cleaned\test\B2\B2.08.Tu-Du_25_patch_3_3.jpg,B2,A1,0.6186
processed_data_cleaned\test\B2\B2.08.Tu-Du_26_patch_0_3.jpg,B2,B1,0.5797
processed_data_cleaned\test\B2\B2.08.Tu-Du_26_patch_2_2.jpg,B2,B1,0.9887
processed_data_cleaned\test\B2\B2.08.Tu-Du_26_patch_3_2.jpg,B2,B1,0.8089
processed_data_cleaned\test\B2\B2.08.Tu-Du_27_patch_0_0.jpg,B2,B1,0.9723
processed_data_cleaned\test\B2\B2.08.Tu-Du_27_patch_0_1.jpg,B2,B1,0.6479
processed_data_cleaned\test\B2\B2.08.Tu-Du_27_patch_1_0.jpg,B2,B1,0.9785
processed_data_cleaned\test\B2\B2.08.Tu-Du_27_patch_1_5.jpg,B2,B1,0.5877
processed_data_cleaned\test\B2\B2.08.Tu-Du_27_patch_2_1.jpg,B2,A1,0.9311
processed_data_cleaned\test\B2\B2.08.Tu-Du_28_patch_0_0.jpg,B2,A1,0.9381
processed_data_cleaned\test\B2\B2.08.Tu-Du_28_patch_0_1.jpg,B2,A1,0.9103
processed_data_cleaned\test\B2\B2.08.Tu-Du_28_patch_0_2.jpg,B2,A1,0.749
processed_data_cleaned\test\B2\B2.08.Tu-Du_28_patch_0_3.jpg,B2,A1,0.809
processed_data_cleaned\test\B2\B2.08.Tu-Du_28_patch_0_4.jpg,B2,A2,0.764
processed_data_cleaned\test\B2\B2.08.Tu-Du_28_patch_1_1.jpg,B2,A1,0.9719
processed_data_cleaned\test\B2\B2.08.Tu-Du_28_patch_1_2.jpg,B2,A1,0.9995
processed_data_cleaned\test\B2\B2.08.Tu-Du_28_patch_1_4.jpg,B2,A1,0.9987
processed_data_cleaned\test\B2\B2.08.Tu-Du_28_patch_1_5.jpg,B2,A1,0.7059
processed_data_cleaned\test\B2\B2.08.Tu-Du_28_patch_2_0.jpg,B2,B1,0.9378
processed_data_cleaned\test\B2\B2.08.Tu-Du_28_patch_2_3.jpg,B2,B1,0.5393
processed_data_cleaned\test\B2\B2.08.Tu-Du_28_patch_2_4.jpg,B2,A1,0.8667
processed_data_cleaned\test\B2\B2.08.Tu-Du_28_patch_2_5.jpg,B2,A2,0.9995
processed_data_cleaned\test\B2\B2.08.Tu-Du_28_patch_3_1.jpg,B2,A1,0.9924
processed_data_cleaned\test\B2\B2.08.Tu-Du_28_patch_3_2.jpg,B2,A2,0.7887
processed_data_cleaned\test\B2\B2.08.Tu-Du_28_patch_3_3.jpg,B2,A1,0.9228
processed_data_cleaned\test\B2\B2.08.Tu-Du_28_patch_3_5.jpg,B2,B1,0.4185
processed_data_cleaned\test\B2\B2.08.Tu-Du_29_patch_1_5.jpg,B2,A1,0.7907
processed_data_cleaned\test\B2\B2.08.Tu-Du_29_patch_2_0.jpg,B2,A1,0.6552
processed_data_cleaned\test\B2\B2.08.Tu-Du_30_patch_0_0.jpg,B2,A1,0.9548
processed_data_cleaned\test\B2\B2.08.Tu-Du_30_patch_0_5.jpg,B2,A2,0.5142
processed_data_cleaned\test\B2\B2.08.Tu-Du_30_patch_1_0.jpg,B2,A1,0.6351
processed_data_cleaned\test\B2\B2.08.Tu-Du_30_patch_1_2.jpg,B2,A2,0.6237
processed_data_cleaned\test\B2\B2.08.Tu-Du_30_patch_1_3.jpg,B2,A2,0.9494
processed_data_cleaned\test\B2\B2.08.Tu-Du_30_patch_1_4.jpg,B2,A1,0.7096
processed_data_cleaned\test\B2\B2.08.Tu-Du_30_patch_1_5.jpg,B2,A1,0.5906
processed_data_cleaned\test\B2\B2.08.Tu-Du_30_patch_2_0.jpg,B2,A2,0.5166
processed_data_cleaned\test\B2\B2.08.Tu-Du_30_patch_2_4.jpg,B2,A1,0.5458
processed_data_cleaned\test\B2\B2.08.Tu-Du_30_patch_2_5.jpg,B2,A1,0.9997
processed_data_cleaned\test\B2\B2.08.Tu-Du_30_patch_3_1.jpg,B2,B1,0.7552
processed_data_cleaned\test\B2\B2.08.Tu-Du_30_patch_3_3.jpg,B2,A1,0.82
processed_data_cleaned\test\B2\B2.08.Tu-Du_30_patch_3_4.jpg,B2,A1,0.9069
processed_data_cleaned\test\B2\B2.08.Tu-Du_31_patch_0_1.jpg,B2,A1,0.9143
processed_data_cleaned\test\B2\B2.08.Tu-Du_31_patch_0_3.jpg,B2,A1,0.7977
processed_data_cleaned\test\B2\B2.08.Tu-Du_31_patch_0_4.jpg,B2,A1,0.8312
processed_data_cleaned\test\B2\B2.08.Tu-Du_31_patch_0_5.jpg,B2,B1,0.8353
processed_data_cleaned\test\B2\B2.08.Tu-Du_31_patch_1_2.jpg,B2,A1,0.8728
processed_data_cleaned\test\B2\B2.08.Tu-Du_31_patch_1_3.jpg,B2,A2,0.877
processed_data_cleaned\test\B2\B2.08.Tu-Du_31_patch_1_4.jpg,B2,A1,0.9919
processed_data_cleaned\test\B2\B2.08.Tu-Du_31_patch_1_5.jpg,B2,B1,0.5573
processed_data_cleaned\test\B2\B2.08.Tu-Du_31_patch_2_0.jpg,B2,A1,0.9811
processed_data_cleaned\test\B2\B2.08.Tu-Du_31_patch_2_2.jpg,B2,B1,0.9323
processed_data_cleaned\test\B2\B2.08.Tu-Du_31_patch_2_3.jpg,B2,B1,0.954
processed_data_cleaned\test\B2\B2.08.Tu-Du_31_patch_2_5.jpg,B2,B1,0.8275
processed_data_cleaned\test\B2\B2.08.Tu-Du_31_patch_3_0.jpg,B2,A1,0.897
processed_data_cleaned\test\B2\B2.08.Tu-Du_31_patch_3_2.jpg,B2,B1,0.9726
processed_data_cleaned\test\B2\B2.08.Tu-Du_31_patch_3_3.jpg,B2,A2,0.5628
processed_data_cleaned\test\B2\B2.08.Tu-Du_31_patch_3_4.jpg,B2,A1,0.9231
processed_data_cleaned\test\B2\B2.08.Tu-Du_31_patch_3_5.jpg,B2,A1,0.9921
processed_data_cleaned\test\B2\B2.08.Tu-Du_32_patch_0_1.jpg,B2,A2,0.9076
processed_data_cleaned\test\B2\B2.08.Tu-Du_32_patch_2_0.jpg,B2,A2,0.7065
processed_data_cleaned\test\B2\B2.08.Tu-Du_32_patch_2_1.jpg,B2,B1,0.5418
processed_data_cleaned\test\B2\B2.08.Tu-Du_32_patch_2_2.jpg,B2,A1,0.8911
processed_data_cleaned\test\B2\B2.08.Tu-Du_32_patch_3_0.jpg,B2,A2,0.9985
processed_data_cleaned\test\B2\B2.08.Tu-Du_32_patch_3_1.jpg,B2,A1,0.9444
processed_data_cleaned\test\B2\B2.08.Tu-Du_32_patch_3_2.jpg,B2,A1,0.9993
processed_data_cleaned\test\B2\B2.08.Tu-Du_32_patch_3_3.jpg,B2,A1,0.9494
processed_data_cleaned\test\B2\B2.08.Tu-Du_32_patch_3_4.jpg,B2,A1,0.999
processed_data_cleaned\test\B2\B2.08.Tu-Du_33_patch_0_1.jpg,B2,A1,0.9679
processed_data_cleaned\test\B2\B2.08.Tu-Du_33_patch_1_0.jpg,B2,A1,0.6715
processed_data_cleaned\test\B2\B2.08.Tu-Du_33_patch_1_4.jpg,B2,A1,0.9009
processed_data_cleaned\test\B2\B2.08.Tu-Du_33_patch_2_0.jpg,B2,A2,0.556
processed_data_cleaned\test\B2\B2.08.Tu-Du_33_patch_2_3.jpg,B2,A2,0.7679
processed_data_cleaned\test\B2\B2.08.Tu-Du_33_patch_2_4.jpg,B2,A2,0.9824
processed_data_cleaned\test\B2\B2.08.Tu-Du_33_patch_2_5.jpg,B2,A1,0.8869
processed_data_cleaned\test\B2\B2.08.Tu-Du_33_patch_3_2.jpg,B2,A1,0.723
processed_data_cleaned\test\B2\B2.08.Tu-Du_34_patch_0_1.jpg,B2,B1,0.9064
processed_data_cleaned\test\B2\B2.08.Tu-Du_34_patch_1_0.jpg,B2,A1,0.612
processed_data_cleaned\test\B2\B2.08.Tu-Du_34_patch_2_0.jpg,B2,B1,0.9741
processed_data_cleaned\test\B2\B2.08.Tu-Du_34_patch_2_1.jpg,B2,B1,0.9917
processed_data_cleaned\test\B2\B2.08.Tu-Du_34_patch_2_4.jpg,B2,B1,0.7181
processed_data_cleaned\test\B2\B2.08.Tu-Du_34_patch_3_0.jpg,B2,B1,0.9805
processed_data_cleaned\test\B2\B2.08.Tu-Du_34_patch_3_1.jpg,B2,B1,0.6515
processed_data_cleaned\test\B2\B2.08.Tu-Du_35_patch_1_0.jpg,B2,A1,0.6058
processed_data_cleaned\test\B2\B2.08.Tu-Du_35_patch_1_1.jpg,B2,A1,0.6042
processed_data_cleaned\test\B2\B2.08.Tu-Du_35_patch_2_0.jpg,B2,B1,0.9899
processed_data_cleaned\test\B2\B2.08.Tu-Du_35_patch_2_4.jpg,B2,B1,0.5974
processed_data_cleaned\test\B2\B2.08.Tu-Du_36_patch_2_0.jpg,B2,A2,0.5082
processed_data_cleaned\test\B2\B2.08.Tu-Du_36_patch_3_2.jpg,B2,B1,0.8713
processed_data_cleaned\test\B2\B2.08.Tu-Du_38_patch_1_2.jpg,B2,B1,0.6736
processed_data_cleaned\test\B2\B2.08.Tu-Du_39_patch_0_0.jpg,B2,B1,0.9979
processed_data_cleaned\test\B2\B2.08.Tu-Du_39_patch_0_2.jpg,B2,B1,0.8503
processed_data_cleaned\test\B2\B2.08.Tu-Du_39_patch_1_0.jpg,B2,B1,1.0
processed_data_cleaned\test\B2\B2.08.Tu-Du_39_patch_2_2.jpg,B2,B1,0.8128
processed_data_cleaned\test\B2\B2.08.Tu-Du_39_patch_3_1.jpg,B2,A1,0.7666
processed_data_cleaned\test\B2\B2.08.Tu-Du_40_patch_0_0.jpg,B2,B1,0.935
processed_data_cleaned\test\B2\B2.08.Tu-Du_40_patch_0_1.jpg,B2,B1,0.9921
processed_data_cleaned\test\B2\B2.08.Tu-Du_40_patch_0_3.jpg,B2,A2,0.9282
processed_data_cleaned\test\B2\B2.08.Tu-Du_40_patch_2_2.jpg,B2,B1,0.9808
processed_data_cleaned\test\B2\B2.08.Tu-Du_40_patch_3_1.jpg,B2,B1,0.9706
processed_data_cleaned\test\B2\B2.08.Tu-Du_41_patch_0_4.jpg,B2,B1,0.7727
processed_data_cleaned\test\B2\B2.08.Tu-Du_41_patch_0_5.jpg,B2,B1,0.9594
processed_data_cleaned\test\B2\B2.08.Tu-Du_41_patch_2_2.jpg,B2,B1,0.9288
processed_data_cleaned\test\B2\B2.08.Tu-Du_41_patch_3_2.jpg,B2,B1,0.965
processed_data_cleaned\test\B2\B2.08.Tu-Du_42_patch_0_2.jpg,B2,A2,0.9412
processed_data_cleaned\test\B2\B2.08.Tu-Du_42_patch_1_2.jpg,B2,A1,0.6387
processed_data_cleaned\test\B2\B2.08.Tu-Du_42_patch_2_1.jpg,B2,B1,0.8193
processed_data_cleaned\test\B2\B2.08.Tu-Du_42_patch_2_2.jpg,B2,A1,0.9101
processed_data_cleaned\test\B2\B2.08.Tu-Du_42_patch_2_3.jpg,B2,A2,0.9915
processed_data_cleaned\test\B2\B2.08.Tu-Du_42_patch_3_1.jpg,B2,B1,0.9748
processed_data_cleaned\test\B2\B2.08.Tu-Du_42_patch_3_2.jpg,B2,A1,0.7483
processed_data_cleaned\test\B2\B2.08.Tu-Du_42_patch_3_3.jpg,B2,A1,0.7174
processed_data_cleaned\test\B2\B2.08.Tu-Du_43_patch_0_0.jpg,B2,A2,0.9995
processed_data_cleaned\test\B2\B2.08.Tu-Du_43_patch_1_0.jpg,B2,A2,0.9771
processed_data_cleaned\test\B2\B2.08.Tu-Du_43_patch_1_3.jpg,B2,B1,0.9506
processed_data_cleaned\test\B2\B2.08.Tu-Du_43_patch_1_5.jpg,B2,A1,0.7458
processed_data_cleaned\test\B2\B2.08.Tu-Du_43_patch_2_0.jpg,B2,A1,0.5666
processed_data_cleaned\test\B2\B2.08.Tu-Du_43_patch_2_3.jpg,B2,B1,0.9901
processed_data_cleaned\test\B2\B2.08.Tu-Du_43_patch_2_5.jpg,B2,A1,0.3701
processed_data_cleaned\test\B2\B2.08.Tu-Du_43_patch_3_1.jpg,B2,A1,0.5842
processed_data_cleaned\test\B2\B2.08.Tu-Du_43_patch_3_2.jpg,B2,B1,0.9929
processed_data_cleaned\test\B2\B2.08.Tu-Du_43_patch_3_3.jpg,B2,B1,0.7095
processed_data_cleaned\test\B2\B2.08.Tu-Du_43_patch_3_4.jpg,B2,B1,0.5668
processed_data_cleaned\test\B2\B2.08.Tu-Du_43_patch_3_5.jpg,B2,B1,0.9966
processed_data_cleaned\test\B2\B2.08.Tu-Du_44_patch_1_4.jpg,B2,A1,0.7037
processed_data_cleaned\test\B2\B2.08.Tu-Du_44_patch_1_5.jpg,B2,A2,0.9686
processed_data_cleaned\test\B2\B2.08.Tu-Du_44_patch_2_1.jpg,B2,B1,0.8559
processed_data_cleaned\test\B2\B2.08.Tu-Du_44_patch_2_4.jpg,B2,A1,0.9734
processed_data_cleaned\test\B2\B2.08.Tu-Du_44_patch_2_5.jpg,B2,A1,0.6829
processed_data_cleaned\test\B2\B2.08.Tu-Du_44_patch_3_3.jpg,B2,B1,0.6266
processed_data_cleaned\test\B2\B2.08.Tu-Du_44_patch_3_5.jpg,B2,A1,0.9871
processed_data_cleaned\test\B2\DSC01893_patch_0_4.jpg,B2,A1,0.9209
processed_data_cleaned\test\B2\DSC01893_patch_1_1.jpg,B2,B1,0.7338
processed_data_cleaned\test\B2\DSC01893_patch_1_3.jpg,B2,B1,0.589
processed_data_cleaned\test\B2\DSC01893_patch_2_3.jpg,B2,A1,0.7962
processed_data_cleaned\test\B2\DSC01893_patch_2_4.jpg,B2,A2,0.8577
processed_data_cleaned\test\B2\DSC01893_patch_3_1.jpg,B2,B1,0.799
processed_data_cleaned\test\B2\DSC01893_patch_3_2.jpg,B2,B1,0.9976
processed_data_cleaned\test\B2\DSC01893_patch_3_3.jpg,B2,B1,0.9888
processed_data_cleaned\test\B2\DSC01894_patch_0_2.jpg,B2,B1,0.9998
processed_data_cleaned\test\B2\DSC01894_patch_1_1.jpg,B2,B1,0.955
processed_data_cleaned\test\B2\DSC01894_patch_2_1.jpg,B2,B1,0.6814
processed_data_cleaned\test\B2\DSC01894_patch_2_4.jpg,B2,B1,0.872
processed_data_cleaned\test\B2\DSC01894_patch_3_1.jpg,B2,B1,0.8537
processed_data_cleaned\test\B2\DSC01894_patch_3_2.jpg,B2,B1,0.933
processed_data_cleaned\test\B2\DSC01894_patch_3_3.jpg,B2,B1,0.965
processed_data_cleaned\test\B2\DSC01899_patch_0_0.jpg,B2,B1,0.9324
processed_data_cleaned\test\B2\DSC01899_patch_0_1.jpg,B2,B1,0.6675
processed_data_cleaned\test\B2\DSC01899_patch_0_2.jpg,B2,B1,0.8513
processed_data_cleaned\test\B2\DSC01899_patch_0_3.jpg,B2,A1,0.5959
processed_data_cleaned\test\B2\DSC01899_patch_0_5.jpg,B2,A1,0.8923
processed_data_cleaned\test\B2\DSC01899_patch_1_3.jpg,B2,B1,0.6891
processed_data_cleaned\test\B2\DSC01899_patch_2_0.jpg,B2,B1,0.8307
processed_data_cleaned\test\B2\DSC01899_patch_2_4.jpg,B2,B1,0.8349
processed_data_cleaned\test\B2\DSC01899_patch_2_5.jpg,B2,A1,0.8803
processed_data_cleaned\test\B2\DSC01899_patch_3_0.jpg,B2,B1,0.8162
processed_data_cleaned\test\B2\DSC01899_patch_3_1.jpg,B2,A1,0.9555
processed_data_cleaned\test\B2\DSC01899_patch_3_2.jpg,B2,A2,0.5371
processed_data_cleaned\test\B2\DSC01899_patch_3_3.jpg,B2,A1,0.5479
processed_data_cleaned\test\B2\DSC01899_patch_3_4.jpg,B2,A1,0.766
processed_data_cleaned\test\B2\DSC01900_patch_0_0.jpg,B2,B1,0.9589
processed_data_cleaned\test\B2\DSC01900_patch_0_2.jpg,B2,B1,0.5656
processed_data_cleaned\test\B2\DSC01900_patch_0_4.jpg,B2,B1,0.9923
processed_data_cleaned\test\B2\DSC01900_patch_0_5.jpg,B2,B1,0.9793
processed_data_cleaned\test\B2\DSC01900_patch_1_1.jpg,B2,A2,0.3315
processed_data_cleaned\test\B2\DSC01900_patch_1_5.jpg,B2,A1,0.3309
processed_data_cleaned\test\B2\DSC01900_patch_2_1.jpg,B2,B1,0.6334
processed_data_cleaned\test\B2\DSC01900_patch_2_2.jpg,B2,A1,0.537
processed_data_cleaned\test\B2\DSC01900_patch_2_3.jpg,B2,B1,0.5678
processed_data_cleaned\test\B2\DSC01900_patch_2_4.jpg,B2,B1,0.7525
processed_data_cleaned\test\B2\DSC01900_patch_2_5.jpg,B2,B1,0.6823
processed_data_cleaned\test\B2\DSC01900_patch_3_2.jpg,B2,A1,0.9209
processed_data_cleaned\test\B2\DSC01900_patch_3_3.jpg,B2,A1,0.5839
processed_data_cleaned\test\B2\DSC01900_patch_3_4.jpg,B2,A1,0.9219
processed_data_cleaned\test\B2\DSC01901_patch_0_0.jpg,B2,B1,0.9181
processed_data_cleaned\test\B2\DSC01901_patch_0_2.jpg,B2,B1,0.4979
processed_data_cleaned\test\B2\DSC01901_patch_0_4.jpg,B2,B1,0.9904
processed_data_cleaned\test\B2\DSC01901_patch_0_5.jpg,B2,B1,0.9619
processed_data_cleaned\test\B2\DSC01901_patch_1_0.jpg,B2,A2,0.4916
processed_data_cleaned\test\B2\DSC01901_patch_1_2.jpg,B2,A1,0.8532
processed_data_cleaned\test\B2\DSC01901_patch_2_1.jpg,B2,B1,0.8688
processed_data_cleaned\test\B2\DSC01901_patch_2_3.jpg,B2,B1,0.5471
processed_data_cleaned\test\B2\DSC01901_patch_2_4.jpg,B2,B1,0.8222
processed_data_cleaned\test\B2\DSC01901_patch_3_2.jpg,B2,A1,0.5384
processed_data_cleaned\test\B2\DSC01905_patch_0_1.jpg,B2,B1,0.9192
processed_data_cleaned\test\B2\DSC01905_patch_0_2.jpg,B2,B1,0.4378
processed_data_cleaned\test\B2\DSC01905_patch_0_3.jpg,B2,B1,0.8542
processed_data_cleaned\test\B2\DSC01905_patch_0_5.jpg,B2,A1,0.4203
processed_data_cleaned\test\B2\DSC01905_patch_2_0.jpg,B2,B1,0.5227
processed_data_cleaned\test\B2\DSC01905_patch_2_4.jpg,B2,A1,0.9997
processed_data_cleaned\test\B2\DSC01905_patch_2_5.jpg,B2,A2,0.6199
processed_data_cleaned\test\B2\DSC01905_patch_3_0.jpg,B2,A1,0.9968
processed_data_cleaned\test\B2\DSC01905_patch_3_5.jpg,B2,B1,0.5805
processed_data_cleaned\test\B2\DSC01906_patch_0_0.jpg,B2,A2,0.9563
processed_data_cleaned\test\B2\DSC01906_patch_0_1.jpg,B2,A2,0.9588
processed_data_cleaned\test\B2\DSC01906_patch_0_3.jpg,B2,A1,0.6136
processed_data_cleaned\test\B2\DSC01906_patch_1_1.jpg,B2,B1,0.7831
processed_data_cleaned\test\B2\DSC01906_patch_1_3.jpg,B2,B1,0.9925
processed_data_cleaned\test\B2\DSC01906_patch_2_3.jpg,B2,B1,0.9963
processed_data_cleaned\test\B2\DSC01906_patch_2_4.jpg,B2,A1,0.5669
processed_data_cleaned\test\B2\DSC01906_patch_3_1.jpg,B2,B1,0.9514
processed_data_cleaned\test\B2\DSC01906_patch_3_2.jpg,B2,A2,0.9826
processed_data_cleaned\test\B2\DSC01906_patch_3_3.jpg,B2,B1,0.7846
processed_data_cleaned\test\B2\DSC01906_patch_3_4.jpg,B2,A1,0.8945
processed_data_cleaned\test\B2\DSC01908_patch_0_0.jpg,B2,A2,0.722
processed_data_cleaned\test\B2\DSC01908_patch_0_1.jpg,B2,A1,0.6484
processed_data_cleaned\test\B2\DSC01908_patch_0_2.jpg,B2,A2,0.749
processed_data_cleaned\test\B2\DSC01908_patch_0_3.jpg,B2,B1,0.4734
processed_data_cleaned\test\B2\DSC01908_patch_0_4.jpg,B2,B1,0.9097
processed_data_cleaned\test\B2\DSC01908_patch_1_0.jpg,B2,A1,0.7452
processed_data_cleaned\test\B2\DSC01908_patch_2_1.jpg,B2,A1,0.6911
processed_data_cleaned\test\B2\DSC01908_patch_2_2.jpg,B2,A1,0.9622
processed_data_cleaned\test\B2\DSC01908_patch_2_4.jpg,B2,A1,0.7605
processed_data_cleaned\test\B2\DSC01908_patch_3_0.jpg,B2,B1,0.5786
processed_data_cleaned\test\B2\DSC01908_patch_3_4.jpg,B2,A1,0.6587
processed_data_cleaned\test\B2\DSC01909_patch_0_1.jpg,B2,A1,0.4497
processed_data_cleaned\test\B2\DSC01909_patch_0_2.jpg,B2,B1,0.9854
processed_data_cleaned\test\B2\DSC01909_patch_0_4.jpg,B2,B1,0.4882
processed_data_cleaned\test\B2\DSC01909_patch_1_2.jpg,B2,A2,0.9026
processed_data_cleaned\test\B2\DSC01909_patch_1_4.jpg,B2,B1,0.9139
processed_data_cleaned\test\B2\DSC01909_patch_2_1.jpg,B2,A1,0.8699
processed_data_cleaned\test\B2\DSC01909_patch_2_4.jpg,B2,A1,0.6002
processed_data_cleaned\test\B2\DSC01909_patch_3_1.jpg,B2,A1,0.9312
processed_data_cleaned\test\B2\DSC01909_patch_3_4.jpg,B2,B1,0.7529
processed_data_cleaned\test\B2\DSC01910_patch_0_0.jpg,B2,B1,0.9858
processed_data_cleaned\test\B2\DSC01910_patch_0_1.jpg,B2,B1,0.9277
processed_data_cleaned\test\B2\DSC01910_patch_0_4.jpg,B2,B1,0.6874
processed_data_cleaned\test\B2\DSC01910_patch_0_5.jpg,B2,A2,0.4347
processed_data_cleaned\test\B2\DSC01910_patch_1_3.jpg,B2,A2,0.9844
processed_data_cleaned\test\B2\DSC01910_patch_1_5.jpg,B2,A1,0.559
processed_data_cleaned\test\B2\DSC01910_patch_2_0.jpg,B2,B1,0.6072
processed_data_cleaned\test\B2\DSC01910_patch_2_1.jpg,B2,B1,0.9985
processed_data_cleaned\test\B2\DSC01910_patch_2_2.jpg,B2,B1,0.8246
processed_data_cleaned\test\B2\DSC01910_patch_2_3.jpg,B2,B1,0.4943
processed_data_cleaned\test\B2\DSC01910_patch_2_5.jpg,B2,B1,0.7722
processed_data_cleaned\test\B2\DSC01910_patch_3_2.jpg,B2,A1,0.9846
processed_data_cleaned\test\B2\DSC01910_patch_3_3.jpg,B2,A1,0.9879
processed_data_cleaned\test\B2\DSC01910_patch_3_4.jpg,B2,A1,0.553
processed_data_cleaned\test\B2\DSC02087_patch_1_1.jpg,B2,B1,0.6119
processed_data_cleaned\test\B2\DSC02087_patch_1_2.jpg,B2,A1,0.9447
processed_data_cleaned\test\B2\DSC02087_patch_1_4.jpg,B2,B1,0.9945
processed_data_cleaned\test\B2\DSC02087_patch_2_2.jpg,B2,B1,0.6151
processed_data_cleaned\test\B2\DSC02087_patch_2_3.jpg,B2,B1,0.9998
processed_data_cleaned\test\B2\DSC02087_patch_2_5.jpg,B2,B1,0.9716
processed_data_cleaned\test\B2\DSC02087_patch_3_3.jpg,B2,B1,0.9624
processed_data_cleaned\test\B2\DSC02088_patch_1_1.jpg,B2,B1,0.5766
processed_data_cleaned\test\B2\DSC02088_patch_1_2.jpg,B2,A1,0.7439
processed_data_cleaned\test\B2\DSC02088_patch_1_3.jpg,B2,B1,1.0
processed_data_cleaned\test\B2\DSC02088_patch_1_4.jpg,B2,B1,0.9993
processed_data_cleaned\test\B2\DSC02088_patch_2_2.jpg,B2,B1,0.9609
processed_data_cleaned\test\B2\DSC02088_patch_2_3.jpg,B2,B1,0.9999
processed_data_cleaned\test\B2\DSC02088_patch_3_1.jpg,B2,B1,0.5485
processed_data_cleaned\test\B2\DSC02088_patch_3_3.jpg,B2,B1,0.9985
processed_data_cleaned\test\B2\DSC02090_patch_0_0.jpg,B2,B1,0.6381
processed_data_cleaned\test\B2\DSC02090_patch_0_3.jpg,B2,B1,0.9897
processed_data_cleaned\test\B2\DSC02090_patch_0_4.jpg,B2,B1,0.9063
processed_data_cleaned\test\B2\DSC02090_patch_1_1.jpg,B2,A1,0.9679
processed_data_cleaned\test\B2\DSC02090_patch_1_3.jpg,B2,B1,0.999
processed_data_cleaned\test\B2\DSC02090_patch_1_4.jpg,B2,B1,0.8511
processed_data_cleaned\test\B2\DSC02090_patch_2_2.jpg,B2,A1,0.8298
processed_data_cleaned\test\B2\DSC02090_patch_2_3.jpg,B2,B1,0.9814
processed_data_cleaned\test\B2\DSC02090_patch_3_2.jpg,B2,A1,0.6619
processed_data_cleaned\test\B2\DSC02090_patch_3_3.jpg,B2,B1,0.9968
processed_data_cleaned\test\B2\DSC02090_patch_3_4.jpg,B2,A1,0.5497
processed_data_cleaned\test\B2\DSC02091_patch_0_0.jpg,B2,A1,0.9505
processed_data_cleaned\test\B2\DSC02091_patch_0_1.jpg,B2,A1,0.7173
processed_data_cleaned\test\B2\DSC02091_patch_0_3.jpg,B2,B1,0.9995
processed_data_cleaned\test\B2\DSC02091_patch_0_4.jpg,B2,B1,0.9996
processed_data_cleaned\test\B2\DSC02091_patch_1_1.jpg,B2,A1,0.6417
processed_data_cleaned\test\B2\DSC02091_patch_1_3.jpg,B2,B1,0.9846
processed_data_cleaned\test\B2\DSC02091_patch_3_1.jpg,B2,A1,0.6473
processed_data_cleaned\test\B2\DSC02091_patch_3_2.jpg,B2,B1,0.6279
processed_data_cleaned\test\B2\DSC02091_patch_3_3.jpg,B2,B1,0.998
processed_data_cleaned\test\B2\DSC02091_patch_3_4.jpg,B2,A1,0.8471
processed_data_cleaned\test\B2\DSC02092_patch_0_0.jpg,B2,A2,0.981
processed_data_cleaned\test\B2\DSC02092_patch_1_0.jpg,B2,A2,0.8199
processed_data_cleaned\test\B2\DSC02092_patch_2_0.jpg,B2,A1,0.517
processed_data_cleaned\test\B2\DSC02092_patch_3_0.jpg,B2,A1,0.9523
processed_data_cleaned\test\B2\DSC02093_patch_0_0.jpg,B2,A2,0.5683
processed_data_cleaned\test\B2\DSC02093_patch_0_1.jpg,B2,A2,0.9886
processed_data_cleaned\test\B2\DSC02093_patch_0_2.jpg,B2,A2,0.6115
processed_data_cleaned\test\B2\DSC02093_patch_1_0.jpg,B2,A2,0.8948
processed_data_cleaned\test\B2\DSC02093_patch_1_1.jpg,B2,A2,0.5676
processed_data_cleaned\test\B2\DSC02093_patch_2_0.jpg,B2,A1,0.9412
processed_data_cleaned\test\B2\DSC02093_patch_3_2.jpg,B2,A2,0.8496
processed_data_cleaned\test\B2\DSC02094_patch_0_1.jpg,B2,B1,0.5367
processed_data_cleaned\test\B2\DSC02094_patch_2_0.jpg,B2,A1,0.9873
processed_data_cleaned\test\B2\DSC02094_patch_2_1.jpg,B2,A1,0.9976
processed_data_cleaned\test\B2\DSC02094_patch_2_2.jpg,B2,A1,0.666
processed_data_cleaned\test\B2\DSC02094_patch_2_4.jpg,B2,A1,0.6381
processed_data_cleaned\test\B2\DSC02094_patch_3_1.jpg,B2,A1,1.0
processed_data_cleaned\test\B2\DSC02094_patch_3_3.jpg,B2,A1,0.9999
processed_data_cleaned\test\B2\DSC02094_patch_3_4.jpg,B2,A1,0.9981
processed_data_cleaned\test\B2\DSC02096_patch_0_1.jpg,B2,A1,0.7607
processed_data_cleaned\test\B2\DSC02096_patch_1_1.jpg,B2,A1,0.9371
processed_data_cleaned\test\B2\DSC02096_patch_1_3.jpg,B2,B1,0.9047
processed_data_cleaned\test\B2\DSC02096_patch_1_5.jpg,B2,B1,0.5863
processed_data_cleaned\test\B2\DSC02096_patch_2_1.jpg,B2,A1,0.5824
processed_data_cleaned\test\B2\DSC02096_patch_2_2.jpg,B2,B1,0.4414
processed_data_cleaned\test\B2\DSC02096_patch_3_0.jpg,B2,A1,0.8622
processed_data_cleaned\test\B2\DSC02096_patch_3_3.jpg,B2,A2,0.5447
processed_data_cleaned\test\B2\DSC02098_patch_0_1.jpg,B2,A1,0.5046
processed_data_cleaned\test\B2\DSC02098_patch_0_3.jpg,B2,B1,0.89
processed_data_cleaned\test\B2\DSC02098_patch_1_1.jpg,B2,A1,0.9288
processed_data_cleaned\test\B2\DSC02098_patch_2_0.jpg,B2,B1,0.978
processed_data_cleaned\test\B2\DSC02098_patch_2_2.jpg,B2,A1,0.9551
processed_data_cleaned\test\B2\DSC02098_patch_2_3.jpg,B2,A1,0.651
processed_data_cleaned\test\B2\DSC02099_patch_0_1.jpg,B2,A1,0.81
processed_data_cleaned\test\B2\DSC02099_patch_1_1.jpg,B2,A1,0.9807
processed_data_cleaned\test\B2\DSC02099_patch_1_2.jpg,B2,B1,0.8706
processed_data_cleaned\test\B2\DSC02099_patch_2_0.jpg,B2,B1,0.9875
processed_data_cleaned\test\B2\DSC02099_patch_2_2.jpg,B2,A1,0.985
processed_data_cleaned\test\B2\DSC02100_patch_0_4.jpg,B2,B1,0.9625
processed_data_cleaned\test\B2\DSC02100_patch_1_1.jpg,B2,B1,0.94
processed_data_cleaned\test\B2\DSC02100_patch_2_0.jpg,B2,B1,0.9144
processed_data_cleaned\test\B2\DSC02100_patch_2_2.jpg,B2,A1,0.7791
processed_data_cleaned\test\B2\DSC02100_patch_2_3.jpg,B2,A1,0.6799
processed_data_cleaned\test\B2\DSC02101_patch_0_4.jpg,B2,B1,0.958
processed_data_cleaned\test\B2\DSC02101_patch_0_5.jpg,B2,B1,0.8143
processed_data_cleaned\test\B2\DSC02101_patch_1_1.jpg,B2,B1,0.9965
processed_data_cleaned\test\B2\DSC02101_patch_1_5.jpg,B2,B1,0.7901
processed_data_cleaned\test\B2\DSC02101_patch_2_1.jpg,B2,B1,0.6409
processed_data_cleaned\test\B2\DSC02101_patch_2_3.jpg,B2,A1,0.7082
processed_data_cleaned\test\B2\DSC02101_patch_3_0.jpg,B2,B1,0.4748
processed_data_cleaned\test\B2\DSC02102_patch_1_1.jpg,B2,B1,0.5963
processed_data_cleaned\test\B2\DSC02102_patch_2_0.jpg,B2,A1,0.9744
processed_data_cleaned\test\B2\DSC02102_patch_2_1.jpg,B2,A1,0.9861
processed_data_cleaned\test\B2\DSC02102_patch_3_0.jpg,B2,B1,0.5809
processed_data_cleaned\test\B2\DSC02102_patch_3_5.jpg,B2,A1,0.813
processed_data_cleaned\test\B2\DSC02105_patch_0_0.jpg,B2,A1,0.9339
processed_data_cleaned\test\B2\DSC02105_patch_0_1.jpg,B2,A1,0.9448
processed_data_cleaned\test\B2\DSC02105_patch_0_3.jpg,B2,B1,0.7146
processed_data_cleaned\test\B2\DSC02105_patch_1_1.jpg,B2,B1,0.9838
processed_data_cleaned\test\B2\DSC02105_patch_1_2.jpg,B2,B1,0.8066
processed_data_cleaned\test\B2\DSC02105_patch_2_1.jpg,B2,B1,0.7722
processed_data_cleaned\test\B2\DSC02105_patch_3_2.jpg,B2,B1,0.5647
processed_data_cleaned\test\B2\DSC02106_patch_0_2.jpg,B2,A1,0.4201
processed_data_cleaned\test\B2\DSC02106_patch_0_3.jpg,B2,A1,0.7636
processed_data_cleaned\test\B2\DSC02106_patch_1_2.jpg,B2,B1,0.9491
processed_data_cleaned\test\B2\DSC02106_patch_1_3.jpg,B2,B1,0.4538
processed_data_cleaned\test\B2\DSC02106_patch_3_1.jpg,B2,A1,0.9989
processed_data_cleaned\test\B2\DSC02106_patch_3_2.jpg,B2,A1,0.7809
processed_data_cleaned\test\B2\DSC02107_patch_0_2.jpg,B2,A1,0.4531
processed_data_cleaned\test\B2\DSC02107_patch_0_4.jpg,B2,B1,0.9801
processed_data_cleaned\test\B2\DSC02107_patch_1_2.jpg,B2,B1,0.5257
processed_data_cleaned\test\B2\DSC02107_patch_1_3.jpg,B2,B1,0.8009
processed_data_cleaned\test\B2\DSC02107_patch_3_1.jpg,B2,A1,0.9345
processed_data_cleaned\test\B2\DSC02107_patch_3_2.jpg,B2,A1,0.9826
processed_data_cleaned\test\B2\DSC02108_patch_0_1.jpg,B2,A1,0.9561
processed_data_cleaned\test\B2\DSC02108_patch_0_2.jpg,B2,A2,0.9831
processed_data_cleaned\test\B2\DSC02108_patch_0_3.jpg,B2,A1,0.5212
processed_data_cleaned\test\B2\DSC02108_patch_1_1.jpg,B2,A1,0.9524
processed_data_cleaned\test\B2\DSC02108_patch_1_2.jpg,B2,A2,0.9765
processed_data_cleaned\test\B2\DSC02108_patch_1_3.jpg,B2,B1,0.9997
processed_data_cleaned\test\B2\DSC02108_patch_2_2.jpg,B2,B1,0.4547
processed_data_cleaned\test\B2\DSC02108_patch_2_3.jpg,B2,B1,0.9743
processed_data_cleaned\test\B2\DSC02108_patch_3_0.jpg,B2,B1,0.9909
processed_data_cleaned\test\B2\DSC02108_patch_3_1.jpg,B2,A1,0.9798
processed_data_cleaned\test\B2\DSC02108_patch_3_2.jpg,B2,B1,0.763
processed_data_cleaned\test\B2\DSC02108_patch_3_3.jpg,B2,B1,0.554
processed_data_cleaned\test\B2\DSC02108_patch_3_4.jpg,B2,B1,0.4798
processed_data_cleaned\test\B2\DSC02109_patch_0_2.jpg,B2,A1,0.5619
processed_data_cleaned\test\B2\DSC02109_patch_0_3.jpg,B2,B1,0.6324
processed_data_cleaned\test\B2\DSC02109_patch_1_2.jpg,B2,A2,0.7334
processed_data_cleaned\test\B2\DSC02109_patch_1_3.jpg,B2,B1,0.997
processed_data_cleaned\test\B2\DSC02109_patch_2_3.jpg,B2,B1,0.7534
processed_data_cleaned\test\B2\DSC02109_patch_3_1.jpg,B2,A1,0.872
processed_data_cleaned\test\B2\DSC02109_patch_3_3.jpg,B2,B1,0.9647
processed_data_cleaned\test\B2\DSC02109_patch_3_4.jpg,B2,A1,0.6089
processed_data_cleaned\test\B2\DSC02110_patch_0_2.jpg,B2,A1,0.9997
processed_data_cleaned\test\B2\DSC02110_patch_0_4.jpg,B2,A2,0.797
processed_data_cleaned\test\B2\DSC02110_patch_1_2.jpg,B2,A1,0.6248
processed_data_cleaned\test\B2\DSC02110_patch_2_1.jpg,B2,B1,0.9998
processed_data_cleaned\test\B2\DSC02110_patch_2_2.jpg,B2,B1,0.8858
processed_data_cleaned\test\B2\DSC02110_patch_2_3.jpg,B2,B1,0.6812
processed_data_cleaned\test\B2\DSC02110_patch_2_4.jpg,B2,A1,0.9893
processed_data_cleaned\test\B2\DSC02110_patch_3_0.jpg,B2,A1,0.6291
processed_data_cleaned\test\B2\DSC02110_patch_3_1.jpg,B2,A1,0.5338
processed_data_cleaned\test\B2\DSC02110_patch_3_2.jpg,B2,A1,0.9553
processed_data_cleaned\test\B2\DSC02111_patch_0_2.jpg,B2,A1,0.9841
processed_data_cleaned\test\B2\DSC02111_patch_1_2.jpg,B2,A1,0.9006
processed_data_cleaned\test\B2\DSC02111_patch_2_1.jpg,B2,B1,0.9986
processed_data_cleaned\test\B2\DSC02111_patch_2_2.jpg,B2,B1,0.4604
processed_data_cleaned\test\B2\DSC02111_patch_2_3.jpg,B2,B1,0.7276
processed_data_cleaned\test\B2\DSC02111_patch_3_0.jpg,B2,A1,0.8491
processed_data_cleaned\test\B2\DSC02111_patch_3_1.jpg,B2,A1,0.8424
processed_data_cleaned\test\B2\DSC02111_patch_3_2.jpg,B2,A1,0.9891
processed_data_cleaned\test\B2\DSC02111_patch_3_4.jpg,B2,A1,0.9674
processed_data_cleaned\test\B2\DSC02112_patch_0_2.jpg,B2,A1,0.4748
processed_data_cleaned\test\B2\DSC02112_patch_0_3.jpg,B2,A1,0.6489
processed_data_cleaned\test\B2\DSC02112_patch_1_2.jpg,B2,A1,0.8604
processed_data_cleaned\test\B2\DSC02112_patch_2_0.jpg,B2,B1,0.8275
processed_data_cleaned\test\B2\DSC02112_patch_2_2.jpg,B2,B1,0.8746
processed_data_cleaned\test\B2\DSC02112_patch_2_3.jpg,B2,A1,0.9269
processed_data_cleaned\test\B2\DSC02112_patch_3_0.jpg,B2,B1,0.5911
processed_data_cleaned\test\B2\DSC02112_patch_3_1.jpg,B2,A2,0.9773
processed_data_cleaned\test\B2\DSC02112_patch_3_3.jpg,B2,A1,0.9373
processed_data_cleaned\test\B2\DSC02113_patch_0_1.jpg,B2,A1,0.9882
processed_data_cleaned\test\B2\DSC02113_patch_0_2.jpg,B2,A1,0.9048
processed_data_cleaned\test\B2\DSC02113_patch_1_2.jpg,B2,B1,0.7847
processed_data_cleaned\test\B2\DSC02113_patch_2_1.jpg,B2,A1,0.6183
processed_data_cleaned\test\B2\DSC02113_patch_2_2.jpg,B2,B1,0.8563
processed_data_cleaned\test\B2\DSC02113_patch_3_3.jpg,B2,A1,0.9859
processed_data_cleaned\test\B2\DSC02114_patch_0_1.jpg,B2,A1,0.9638
processed_data_cleaned\test\B2\DSC02114_patch_0_2.jpg,B2,A1,0.8996
processed_data_cleaned\test\B2\DSC02114_patch_0_3.jpg,B2,A1,0.545
processed_data_cleaned\test\B2\DSC02114_patch_1_2.jpg,B2,A1,0.4424
processed_data_cleaned\test\B2\DSC02114_patch_2_1.jpg,B2,B1,0.6184
processed_data_cleaned\test\B2\DSC02114_patch_2_2.jpg,B2,B1,0.6851
processed_data_cleaned\test\B2\DSC02114_patch_2_3.jpg,B2,B1,0.5007
processed_data_cleaned\test\B2\DSC02114_patch_3_0.jpg,B2,B1,0.5445
processed_data_cleaned\test\B2\DSC02114_patch_3_1.jpg,B2,A2,0.465
processed_data_cleaned\test\B2\DSC02114_patch_3_3.jpg,B2,A1,0.761
processed_data_cleaned\test\B2\DSC02115_patch_0_2.jpg,B2,A1,0.6682
processed_data_cleaned\test\B2\DSC02115_patch_1_1.jpg,B2,A2,0.6306
processed_data_cleaned\test\B2\DSC02115_patch_1_2.jpg,B2,B1,0.8371
processed_data_cleaned\test\B2\DSC02115_patch_1_3.jpg,B2,A1,0.9962
processed_data_cleaned\test\B2\DSC02115_patch_1_4.jpg,B2,B1,0.9665
processed_data_cleaned\test\B2\DSC02115_patch_2_4.jpg,B2,A1,0.9184
processed_data_cleaned\test\B2\DSC02116_patch_0_2.jpg,B2,A1,0.8534
processed_data_cleaned\test\B2\DSC02116_patch_1_2.jpg,B2,B1,0.9878
processed_data_cleaned\test\B2\DSC02116_patch_1_3.jpg,B2,A1,0.9956
processed_data_cleaned\test\B2\DSC02116_patch_1_4.jpg,B2,B1,0.9837
processed_data_cleaned\test\B2\DSC02116_patch_2_4.jpg,B2,B1,0.5132
processed_data_cleaned\test\B2\DSC02117_patch_1_1.jpg,B2,B1,0.7942
processed_data_cleaned\test\B2\DSC02118_patch_0_4.jpg,B2,A1,0.5021
processed_data_cleaned\test\B2\DSC02118_patch_3_1.jpg,B2,A1,0.74
processed_data_cleaned\test\B2\DSC02118_patch_3_2.jpg,B2,A2,0.5532
processed_data_cleaned\test\B2\DSC02118_patch_3_3.jpg,B2,A1,0.9989
processed_data_cleaned\test\B2\DSC02119_patch_0_4.jpg,B2,B1,0.5343
processed_data_cleaned\test\B2\DSC02119_patch_2_2.jpg,B2,A2,0.8484
processed_data_cleaned\test\B2\DSC02119_patch_3_2.jpg,B2,A2,0.9862
processed_data_cleaned\test\B2\DSC02119_patch_3_3.jpg,B2,A1,0.9939
processed_data_cleaned\test\B2\DSC02120_patch_1_4.jpg,B2,A1,0.898
processed_data_cleaned\test\B2\DSC02121_patch_0_2.jpg,B2,A1,0.9335
processed_data_cleaned\test\B2\DSC02121_patch_0_3.jpg,B2,A1,0.5576
processed_data_cleaned\test\B2\DSC02121_patch_1_2.jpg,B2,B1,0.4563
processed_data_cleaned\test\B2\DSC02121_patch_1_3.jpg,B2,A1,0.6046
processed_data_cleaned\test\B2\DSC02121_patch_1_4.jpg,B2,A1,0.9972
processed_data_cleaned\test\B2\DSC02121_patch_3_0.jpg,B2,A1,0.9833
processed_data_cleaned\test\B2\DSC02121_patch_3_2.jpg,B2,B1,0.5689
processed_data_cleaned\test\B2\DSC02123_patch_0_3.jpg,B2,B1,1.0
processed_data_cleaned\test\B2\DSC02123_patch_2_0.jpg,B2,A2,0.9806
processed_data_cleaned\test\B2\DSC02123_patch_2_1.jpg,B2,B1,0.969
processed_data_cleaned\test\B2\DSC02123_patch_2_2.jpg,B2,B1,0.9841
processed_data_cleaned\test\B2\DSC02123_patch_2_3.jpg,B2,A1,0.4677
processed_data_cleaned\test\B2\DSC02123_patch_2_5.jpg,B2,A1,0.9949
processed_data_cleaned\test\B2\DSC02123_patch_3_0.jpg,B2,A1,0.4482
processed_data_cleaned\test\B2\DSC02124_patch_1_3.jpg,B2,B1,0.5478
processed_data_cleaned\test\B2\DSC02124_patch_1_4.jpg,B2,B1,0.9204
processed_data_cleaned\test\B2\DSC02124_patch_2_1.jpg,B2,B1,0.9742
processed_data_cleaned\test\B2\DSC02124_patch_2_3.jpg,B2,B1,0.5235
processed_data_cleaned\test\B2\DSC02124_patch_2_5.jpg,B2,A1,0.9966
processed_data_cleaned\test\B2\DSC02125_patch_0_2.jpg,B2,A1,0.9239
processed_data_cleaned\test\B2\DSC02125_patch_0_3.jpg,B2,A2,0.5185
processed_data_cleaned\test\B2\DSC02125_patch_0_4.jpg,B2,A1,0.9082
processed_data_cleaned\test\B2\DSC02125_patch_2_4.jpg,B2,B1,0.5015
processed_data_cleaned\test\B2\DSC02125_patch_3_3.jpg,B2,A1,0.8174
processed_data_cleaned\test\B2\DSC02125_patch_3_4.jpg,B2,A1,0.7119
processed_data_cleaned\test\B2\DSC02129_patch_1_0.jpg,B2,A1,0.9003
processed_data_cleaned\test\B2\DSC02129_patch_3_2.jpg,B2,B1,0.705
processed_data_cleaned\test\B2\DSC02130_patch_0_3.jpg,B2,B1,0.7641
processed_data_cleaned\test\B2\DSC02130_patch_3_2.jpg,B2,B1,0.999
processed_data_cleaned\test\B2\DSC02130_patch_3_4.jpg,B2,B1,0.7747
processed_data_cleaned\test\B2\DSC02131_patch_1_0.jpg,B2,B1,0.5986
processed_data_cleaned\test\B2\DSC02131_patch_1_3.jpg,B2,A1,0.9764
processed_data_cleaned\test\B2\DSC02131_patch_1_5.jpg,B2,A1,0.5058
processed_data_cleaned\test\B2\DSC02131_patch_2_1.jpg,B2,B1,0.6587
processed_data_cleaned\test\B2\DSC02131_patch_2_4.jpg,B2,A1,0.4809
processed_data_cleaned\test\B2\DSC02131_patch_2_5.jpg,B2,B1,0.9948
processed_data_cleaned\test\B2\DSC02131_patch_3_3.jpg,B2,B1,0.744
processed_data_cleaned\test\B2\DSC02131_patch_3_4.jpg,B2,B1,0.9891
processed_data_cleaned\test\B2\DSC02132_patch_0_5.jpg,B2,B1,0.7005
processed_data_cleaned\test\B2\DSC02132_patch_1_0.jpg,B2,A1,0.8736
processed_data_cleaned\test\B2\DSC02132_patch_1_1.jpg,B2,B1,0.5697
processed_data_cleaned\test\B2\DSC02132_patch_1_2.jpg,B2,A1,0.575
processed_data_cleaned\test\B2\DSC02132_patch_1_4.jpg,B2,A1,0.7392
processed_data_cleaned\test\B2\DSC02132_patch_1_5.jpg,B2,A1,0.5794
processed_data_cleaned\test\B2\DSC02132_patch_2_0.jpg,B2,B1,0.961
processed_data_cleaned\test\B2\DSC02132_patch_2_1.jpg,B2,B1,0.6433
processed_data_cleaned\test\B2\DSC02132_patch_2_2.jpg,B2,A1,0.5209
processed_data_cleaned\test\B2\DSC02132_patch_2_5.jpg,B2,B1,0.9548
processed_data_cleaned\test\B2\DSC02132_patch_3_1.jpg,B2,B1,0.8252
processed_data_cleaned\test\B2\DSC02132_patch_3_5.jpg,B2,B1,0.9844
processed_data_cleaned\test\B2\DSC02136_patch_0_2.jpg,B2,A1,0.5736
processed_data_cleaned\test\B2\DSC02136_patch_3_1.jpg,B2,B1,0.4812
processed_data_cleaned\test\B2\DSC02136_patch_3_2.jpg,B2,A2,0.4599
processed_data_cleaned\test\B2\DSC02136_patch_3_3.jpg,B2,B1,0.9946
processed_data_cleaned\test\B2\DSC02137_patch_0_1.jpg,B2,B1,0.7743
processed_data_cleaned\test\B2\DSC02137_patch_0_2.jpg,B2,B1,0.8278
processed_data_cleaned\test\B2\DSC02137_patch_1_2.jpg,B2,A1,0.929
processed_data_cleaned\test\B2\DSC02137_patch_1_3.jpg,B2,B1,0.5857
processed_data_cleaned\test\B2\DSC02138_patch_0_0.jpg,B2,A1,0.5791
processed_data_cleaned\test\B2\DSC02138_patch_0_1.jpg,B2,A1,0.5844
processed_data_cleaned\test\B2\DSC02138_patch_1_1.jpg,B2,B1,0.9938
processed_data_cleaned\test\B2\DSC02138_patch_2_2.jpg,B2,A1,0.7563
processed_data_cleaned\test\B2\DSC02138_patch_2_3.jpg,B2,A1,0.6109
processed_data_cleaned\test\B2\DSC02138_patch_3_1.jpg,B2,A1,0.5136
processed_data_cleaned\test\B2\DSC02138_patch_3_2.jpg,B2,A1,0.4479
processed_data_cleaned\test\B2\DSC02138_patch_3_3.jpg,B2,B1,0.7949
processed_data_cleaned\test\B2\DSC02138_patch_3_4.jpg,B2,A1,0.8984
processed_data_cleaned\test\B2\DSC02139_patch_0_2.jpg,B2,A1,0.8851
processed_data_cleaned\test\B2\DSC02139_patch_3_0.jpg,B2,B1,0.5985
processed_data_cleaned\test\B2\DSC02139_patch_3_1.jpg,B2,A1,0.8008
processed_data_cleaned\test\B2\DSC02140_patch_0_0.jpg,B2,B1,0.6612
processed_data_cleaned\test\B2\DSC02140_patch_1_0.jpg,B2,A2,0.7579
processed_data_cleaned\test\B2\DSC02140_patch_1_1.jpg,B2,A1,0.5903
processed_data_cleaned\test\B2\DSC02140_patch_2_2.jpg,B2,A1,0.9913
processed_data_cleaned\test\B2\DSC02140_patch_2_3.jpg,B2,B1,0.9923
processed_data_cleaned\test\B2\DSC02140_patch_3_0.jpg,B2,B1,0.9571
processed_data_cleaned\test\B2\DSC02140_patch_3_1.jpg,B2,B1,0.6013
processed_data_cleaned\test\B2\DSC02141_patch_0_2.jpg,B2,A1,0.8403
processed_data_cleaned\test\B2\DSC02141_patch_2_0.jpg,B2,B1,0.8753
processed_data_cleaned\test\B2\DSC02141_patch_2_2.jpg,B2,A1,0.8583
processed_data_cleaned\test\B2\DSC02141_patch_2_3.jpg,B2,A1,0.6864
processed_data_cleaned\test\B2\DSC02141_patch_3_0.jpg,B2,B1,0.8501
processed_data_cleaned\test\B2\DSC02141_patch_3_1.jpg,B2,A1,0.5907
processed_data_cleaned\test\B2\DSC02141_patch_3_3.jpg,B2,B1,0.5216
processed_data_cleaned\test\B2\DSC02142_patch_0_1.jpg,B2,B1,0.6524
processed_data_cleaned\test\B2\DSC02142_patch_1_1.jpg,B2,B1,0.7835
processed_data_cleaned\test\B2\DSC02142_patch_1_2.jpg,B2,B1,0.9466
processed_data_cleaned\test\B2\DSC02142_patch_2_0.jpg,B2,A1,0.7048
processed_data_cleaned\test\B2\DSC02142_patch_2_3.jpg,B2,A1,0.4638
processed_data_cleaned\test\B2\DSC02142_patch_3_2.jpg,B2,A1,0.677
processed_data_cleaned\test\B2\DSC02143_patch_0_3.jpg,B2,B1,0.9618
processed_data_cleaned\test\B2\DSC02143_patch_0_4.jpg,B2,A1,0.9988
processed_data_cleaned\test\B2\DSC02143_patch_1_2.jpg,B2,B1,0.4957
processed_data_cleaned\test\B2\DSC02143_patch_1_3.jpg,B2,A1,0.4754
processed_data_cleaned\test\B2\DSC02143_patch_2_3.jpg,B2,B1,0.7949
processed_data_cleaned\test\B2\DSC02143_patch_3_4.jpg,B2,B1,0.5212
processed_data_cleaned\test\B2\DSC02144_patch_0_0.jpg,B2,A1,0.5631
processed_data_cleaned\test\B2\DSC02144_patch_0_1.jpg,B2,A2,0.9836
processed_data_cleaned\test\B2\DSC02144_patch_0_4.jpg,B2,A1,0.4571
processed_data_cleaned\test\B2\DSC02144_patch_1_1.jpg,B2,A1,0.813
processed_data_cleaned\test\B2\DSC02144_patch_1_2.jpg,B2,B1,0.8641
processed_data_cleaned\test\B2\DSC02144_patch_2_1.jpg,B2,A2,0.8967
processed_data_cleaned\test\B2\DSC02144_patch_2_2.jpg,B2,B1,0.9049
processed_data_cleaned\test\B2\DSC02144_patch_2_4.jpg,B2,B1,0.9938
processed_data_cleaned\test\B2\DSC02144_patch_3_0.jpg,B2,B1,0.9928
processed_data_cleaned\test\B2\DSC02144_patch_3_2.jpg,B2,B1,0.9919
processed_data_cleaned\test\B2\DSC02144_patch_3_3.jpg,B2,B1,0.5941
processed_data_cleaned\test\B2\DSC02144_patch_3_4.jpg,B2,B1,0.9738
processed_data_cleaned\test\B2\DSC02145_patch_0_0.jpg,B2,A1,0.7488
processed_data_cleaned\test\B2\DSC02145_patch_0_1.jpg,B2,A1,0.7332
processed_data_cleaned\test\B2\DSC02145_patch_0_3.jpg,B2,A2,0.4254
processed_data_cleaned\test\B2\DSC02145_patch_0_4.jpg,B2,B1,0.4941
processed_data_cleaned\test\B2\DSC02145_patch_1_0.jpg,B2,A2,0.6159
processed_data_cleaned\test\B2\DSC02145_patch_1_1.jpg,B2,B1,0.8874
processed_data_cleaned\test\B2\DSC02145_patch_1_2.jpg,B2,B1,0.5894
processed_data_cleaned\test\B2\DSC02145_patch_2_0.jpg,B2,B1,0.8234
processed_data_cleaned\test\B2\DSC02145_patch_2_1.jpg,B2,B1,0.8445
processed_data_cleaned\test\B2\DSC02145_patch_2_2.jpg,B2,A1,0.3958
processed_data_cleaned\test\B2\DSC02145_patch_2_3.jpg,B2,A1,0.7987
processed_data_cleaned\test\B2\DSC02145_patch_2_4.jpg,B2,B1,0.7783
processed_data_cleaned\test\B2\DSC02145_patch_3_0.jpg,B2,B1,0.9856
processed_data_cleaned\test\B2\DSC02145_patch_3_2.jpg,B2,B1,0.9924
processed_data_cleaned\test\B2\DSC02145_patch_3_3.jpg,B2,B1,0.7645
processed_data_cleaned\test\B2\DSC02146_patch_0_0.jpg,B2,B1,0.9271
processed_data_cleaned\test\B2\DSC02146_patch_0_1.jpg,B2,A1,0.5156
processed_data_cleaned\test\B2\DSC02146_patch_0_2.jpg,B2,B1,0.5068
processed_data_cleaned\test\B2\DSC02146_patch_0_3.jpg,B2,B1,0.5752
processed_data_cleaned\test\B2\DSC02146_patch_1_1.jpg,B2,B1,0.7237
processed_data_cleaned\test\B2\DSC02146_patch_1_2.jpg,B2,B1,0.9589
processed_data_cleaned\test\B2\DSC02146_patch_1_5.jpg,B2,B1,0.561
processed_data_cleaned\test\B2\DSC02146_patch_2_0.jpg,B2,B1,0.5057
processed_data_cleaned\test\B2\DSC02146_patch_2_1.jpg,B2,B1,0.6343
processed_data_cleaned\test\B2\DSC02146_patch_2_2.jpg,B2,B1,0.9509
processed_data_cleaned\test\B2\DSC02146_patch_2_5.jpg,B2,B1,0.9502
processed_data_cleaned\test\B2\DSC02146_patch_3_0.jpg,B2,B1,0.9779
processed_data_cleaned\test\B2\DSC02146_patch_3_1.jpg,B2,B1,0.9448
processed_data_cleaned\test\B2\DSC02147_patch_0_1.jpg,B2,A1,0.8142
processed_data_cleaned\test\B2\DSC02147_patch_0_2.jpg,B2,A2,0.548
processed_data_cleaned\test\B2\DSC02147_patch_0_3.jpg,B2,B1,0.8421
processed_data_cleaned\test\B2\DSC02147_patch_1_1.jpg,B2,A1,0.7921
processed_data_cleaned\test\B2\DSC02147_patch_1_2.jpg,B2,B1,0.8317
processed_data_cleaned\test\B2\DSC02147_patch_1_5.jpg,B2,B1,0.9766
processed_data_cleaned\test\B2\DSC02147_patch_2_0.jpg,B2,A2,0.7032
processed_data_cleaned\test\B2\DSC02147_patch_2_1.jpg,B2,A1,0.8831
processed_data_cleaned\test\B2\DSC02147_patch_2_5.jpg,B2,B1,0.996
processed_data_cleaned\test\B2\DSC02147_patch_3_1.jpg,B2,B1,0.9592
processed_data_cleaned\test\B2\DSC02147_patch_3_2.jpg,B2,B1,0.9997
processed_data_cleaned\test\B2\DSC02148_patch_0_0.jpg,B2,A1,0.7839
processed_data_cleaned\test\B2\DSC02148_patch_0_1.jpg,B2,A1,0.9045
processed_data_cleaned\test\B2\DSC02148_patch_0_3.jpg,B2,A1,0.4167
processed_data_cleaned\test\B2\DSC02148_patch_0_5.jpg,B2,A2,0.3413
processed_data_cleaned\test\B2\DSC02148_patch_1_0.jpg,B2,A1,0.8618
processed_data_cleaned\test\B2\DSC02148_patch_1_1.jpg,B2,A1,0.4713
processed_data_cleaned\test\B2\DSC02148_patch_1_4.jpg,B2,B1,0.6484
processed_data_cleaned\test\B2\DSC02148_patch_1_5.jpg,B2,B1,0.9181
processed_data_cleaned\test\B2\DSC02148_patch_2_0.jpg,B2,B1,0.8243
processed_data_cleaned\test\B2\DSC02148_patch_2_1.jpg,B2,B1,0.7921
processed_data_cleaned\test\B2\DSC02148_patch_2_4.jpg,B2,B1,0.975
processed_data_cleaned\test\B2\DSC02148_patch_3_0.jpg,B2,A1,0.8978
processed_data_cleaned\test\B2\DSC02148_patch_3_1.jpg,B2,B1,0.81
processed_data_cleaned\test\B2\DSC02148_patch_3_2.jpg,B2,B1,0.9773
processed_data_cleaned\test\B2\DSC02151_patch_1_0.jpg,B2,B1,0.7743
processed_data_cleaned\test\B2\DSC02151_patch_1_3.jpg,B2,A1,0.6485
processed_data_cleaned\test\B2\DSC02151_patch_2_0.jpg,B2,B1,0.9999
processed_data_cleaned\test\B2\DSC02151_patch_2_1.jpg,B2,B1,0.9248
processed_data_cleaned\test\B2\DSC02151_patch_2_3.jpg,B2,A2,0.4883
processed_data_cleaned\test\B2\DSC02151_patch_2_5.jpg,B2,B1,0.9774
processed_data_cleaned\test\B2\DSC02151_patch_3_0.jpg,B2,B1,0.9923
processed_data_cleaned\test\B2\DSC02151_patch_3_4.jpg,B2,B1,0.9682
processed_data_cleaned\test\B2\DSC02152_patch_0_2.jpg,B2,B1,0.4598
processed_data_cleaned\test\B2\DSC02152_patch_0_3.jpg,B2,B1,0.6359
processed_data_cleaned\test\B2\DSC02152_patch_0_5.jpg,B2,A2,0.4839
processed_data_cleaned\test\B2\DSC02152_patch_1_1.jpg,B2,B1,0.9747
processed_data_cleaned\test\B2\DSC02152_patch_1_2.jpg,B2,B1,0.5939
processed_data_cleaned\test\B2\DSC02152_patch_1_3.jpg,B2,A1,0.9197
processed_data_cleaned\test\B2\DSC02152_patch_2_1.jpg,B2,B1,0.9986
processed_data_cleaned\test\B2\DSC02152_patch_2_2.jpg,B2,B1,0.557
processed_data_cleaned\test\B2\DSC02152_patch_2_3.jpg,B2,B1,0.95
processed_data_cleaned\test\B2\DSC02152_patch_2_4.jpg,B2,A1,0.8846
processed_data_cleaned\test\B2\DSC02152_patch_2_5.jpg,B2,B1,0.9984
processed_data_cleaned\test\B2\DSC02152_patch_3_0.jpg,B2,B1,0.9666
processed_data_cleaned\test\B2\DSC02152_patch_3_1.jpg,B2,B1,0.9983
processed_data_cleaned\test\B2\DSC02152_patch_3_2.jpg,B2,B1,0.8916
processed_data_cleaned\test\B2\DSC02154_patch_0_1.jpg,B2,B1,0.4888
processed_data_cleaned\test\B2\DSC02154_patch_0_2.jpg,B2,A2,0.568
processed_data_cleaned\test\B2\DSC02154_patch_1_0.jpg,B2,A1,0.5546
processed_data_cleaned\test\B2\DSC02154_patch_1_2.jpg,B2,B1,0.3106
processed_data_cleaned\test\B2\DSC02154_patch_2_0.jpg,B2,B1,0.9875
processed_data_cleaned\test\B2\DSC02154_patch_3_1.jpg,B2,B1,0.9633
processed_data_cleaned\test\B2\DSC02154_patch_3_2.jpg,B2,B1,0.9522
processed_data_cleaned\test\B2\DSC02154_patch_3_3.jpg,B2,B1,0.8925
processed_data_cleaned\test\B2\DSC02155_patch_0_0.jpg,B2,A2,0.9609
processed_data_cleaned\test\B2\DSC02155_patch_0_1.jpg,B2,A2,0.6582
processed_data_cleaned\test\B2\DSC02155_patch_0_2.jpg,B2,A1,0.4204
processed_data_cleaned\test\B2\DSC02155_patch_0_3.jpg,B2,B1,0.426
processed_data_cleaned\test\B2\DSC02155_patch_1_0.jpg,B2,B1,0.3579
processed_data_cleaned\test\B2\DSC02155_patch_1_1.jpg,B2,A1,0.5817
processed_data_cleaned\test\B2\DSC02155_patch_1_2.jpg,B2,A2,0.8884
processed_data_cleaned\test\B2\DSC02155_patch_1_4.jpg,B2,B1,0.7518
processed_data_cleaned\test\B2\DSC02155_patch_2_0.jpg,B2,B1,0.9642
processed_data_cleaned\test\B2\DSC02155_patch_3_2.jpg,B2,B1,0.9184
processed_data_cleaned\test\B2\DSC02156_patch_2_1.jpg,B2,B1,0.9381
processed_data_cleaned\test\B2\DSC02156_patch_2_2.jpg,B2,A1,0.9178
processed_data_cleaned\test\B2\DSC02156_patch_2_3.jpg,B2,B1,0.6941
processed_data_cleaned\test\B2\DSC02156_patch_2_5.jpg,B2,A1,0.978
processed_data_cleaned\test\B2\DSC02157_patch_2_1.jpg,B2,B1,0.9829
processed_data_cleaned\test\B2\DSC02157_patch_2_2.jpg,B2,B1,0.8763
processed_data_cleaned\test\B2\DSC02157_patch_2_3.jpg,B2,A1,0.7648
processed_data_cleaned\test\B2\DSC02157_patch_3_3.jpg,B2,A1,0.7736
processed_data_cleaned\test\B2\DSC02158_patch_0_2.jpg,B2,A1,0.9994
processed_data_cleaned\test\B2\DSC02158_patch_2_1.jpg,B2,B1,0.9247
processed_data_cleaned\test\B2\DSC02158_patch_2_2.jpg,B2,B1,0.796
processed_data_cleaned\test\B2\DSC02158_patch_2_3.jpg,B2,A1,0.8255
processed_data_cleaned\test\B2\DSC02170_patch_0_0.jpg,B2,A1,0.9459
processed_data_cleaned\test\B2\DSC02170_patch_0_1.jpg,B2,B1,0.9961
processed_data_cleaned\test\B2\DSC02170_patch_0_2.jpg,B2,B1,0.984
processed_data_cleaned\test\B2\DSC02170_patch_2_3.jpg,B2,B1,0.8911
processed_data_cleaned\test\B2\DSC02170_patch_3_0.jpg,B2,A1,0.991
processed_data_cleaned\test\B2\DSC02170_patch_3_2.jpg,B2,A1,0.9813
processed_data_cleaned\test\B2\DSC02171_patch_1_2.jpg,B2,A1,0.9999
processed_data_cleaned\test\B2\DSC02171_patch_1_5.jpg,B2,A1,0.6149
processed_data_cleaned\test\B2\DSC02171_patch_2_1.jpg,B2,B1,0.6073
processed_data_cleaned\test\B2\DSC02171_patch_2_3.jpg,B2,A1,0.4891
processed_data_cleaned\test\B2\DSC02176_patch_0_2.jpg,B2,B1,0.5485
processed_data_cleaned\test\B2\DSC02176_patch_0_3.jpg,B2,A1,0.9959
processed_data_cleaned\test\B2\DSC02178_patch_1_0.jpg,B2,B1,0.9446
processed_data_cleaned\test\B2\DSC02178_patch_1_1.jpg,B2,B1,0.9449
processed_data_cleaned\test\B2\DSC02178_patch_1_2.jpg,B2,A1,0.8563
processed_data_cleaned\test\B2\DSC02178_patch_1_3.jpg,B2,A1,0.7979
processed_data_cleaned\test\B2\DSC02178_patch_1_4.jpg,B2,A1,0.9782
processed_data_cleaned\test\B2\DSC02178_patch_2_1.jpg,B2,B1,0.6298
processed_data_cleaned\test\B2\DSC02178_patch_2_2.jpg,B2,B1,0.7597
processed_data_cleaned\test\B2\DSC02178_patch_2_4.jpg,B2,A1,0.5943
processed_data_cleaned\test\B2\DSC02178_patch_3_4.jpg,B2,B1,0.8672
processed_data_cleaned\test\B2\DSC02179_patch_1_0.jpg,B2,B1,0.7418
processed_data_cleaned\test\B2\DSC02179_patch_1_1.jpg,B2,B1,0.9881
processed_data_cleaned\test\B2\DSC02179_patch_1_2.jpg,B2,A1,0.6443
processed_data_cleaned\test\B2\DSC02179_patch_1_3.jpg,B2,A1,0.5282
processed_data_cleaned\test\B2\DSC02179_patch_1_4.jpg,B2,A1,0.8758
processed_data_cleaned\test\B2\DSC02179_patch_1_5.jpg,B2,A1,0.8403
processed_data_cleaned\test\B2\DSC02179_patch_2_1.jpg,B2,B1,0.8201
processed_data_cleaned\test\B2\DSC02179_patch_2_4.jpg,B2,A1,0.9693
processed_data_cleaned\test\B2\DSC02180_patch_1_0.jpg,B2,B1,0.9908
processed_data_cleaned\test\B2\DSC02180_patch_1_1.jpg,B2,B1,0.5993
processed_data_cleaned\test\B2\DSC02180_patch_1_2.jpg,B2,A1,0.9096
processed_data_cleaned\test\B2\DSC02180_patch_2_1.jpg,B2,B1,0.8755
processed_data_cleaned\test\B2\DSC02180_patch_2_2.jpg,B2,B1,0.8677
processed_data_cleaned\test\B2\DSC02181_patch_0_2.jpg,B2,A1,0.9466
processed_data_cleaned\test\B2\DSC02181_patch_1_3.jpg,B2,A1,0.8834
processed_data_cleaned\test\B2\DSC02182_patch_0_2.jpg,B2,A1,0.6875
processed_data_cleaned\test\B2\DSC02184_patch_0_3.jpg,B2,B1,0.8877
processed_data_cleaned\test\B2\DSC02184_patch_0_4.jpg,B2,B1,1.0
processed_data_cleaned\test\B2\DSC02184_patch_1_2.jpg,B2,A1,0.9924
processed_data_cleaned\test\B2\DSC02184_patch_1_3.jpg,B2,A1,0.7863
processed_data_cleaned\test\B2\DSC02184_patch_1_4.jpg,B2,B1,1.0
processed_data_cleaned\test\B2\DSC02184_patch_2_2.jpg,B2,A1,0.9579
processed_data_cleaned\test\B2\DSC02184_patch_3_2.jpg,B2,A1,0.9047
processed_data_cleaned\test\B2\DSC02187_patch_0_1.jpg,B2,A1,0.9546
processed_data_cleaned\test\B2\DSC02187_patch_0_2.jpg,B2,A1,0.9577
processed_data_cleaned\test\B2\DSC02187_patch_0_3.jpg,B2,A1,0.7983
processed_data_cleaned\test\B2\DSC02187_patch_1_2.jpg,B2,A1,0.4599
processed_data_cleaned\test\B2\DSC02187_patch_1_3.jpg,B2,A1,0.971
processed_data_cleaned\test\B2\DSC02187_patch_2_1.jpg,B2,A1,0.9961
processed_data_cleaned\test\B2\DSC02187_patch_3_1.jpg,B2,A1,0.9924
processed_data_cleaned\test\B2\DSC02187_patch_3_2.jpg,B2,A1,0.997
processed_data_cleaned\test\B2\DSC02188_patch_0_2.jpg,B2,A1,0.923
processed_data_cleaned\test\B2\DSC02188_patch_0_3.jpg,B2,A1,0.9316
processed_data_cleaned\test\B2\DSC02188_patch_1_1.jpg,B2,B1,0.8001
processed_data_cleaned\test\B2\DSC02188_patch_1_2.jpg,B2,A1,0.7678
processed_data_cleaned\test\B2\DSC02188_patch_1_3.jpg,B2,A1,0.9563
processed_data_cleaned\test\B2\DSC02188_patch_2_0.jpg,B2,A1,0.9968
processed_data_cleaned\test\B2\DSC02188_patch_2_1.jpg,B2,A1,0.9995
processed_data_cleaned\test\B2\DSC02188_patch_2_2.jpg,B2,A1,0.9522
processed_data_cleaned\test\B2\DSC02188_patch_3_1.jpg,B2,A1,0.7536
processed_data_cleaned\test\B2\DSC02188_patch_3_2.jpg,B2,B1,0.6344
processed_data_cleaned\test\B2\DSC02189_patch_0_2.jpg,B2,A1,0.9873
processed_data_cleaned\test\B2\DSC02189_patch_0_4.jpg,B2,A1,0.5894
processed_data_cleaned\test\B2\DSC02189_patch_1_2.jpg,B2,A1,0.9971
processed_data_cleaned\test\B2\DSC02189_patch_2_3.jpg,B2,A1,0.9998
processed_data_cleaned\test\B2\DSC02189_patch_2_4.jpg,B2,A1,0.9977
processed_data_cleaned\test\B2\DSC02190_patch_0_2.jpg,B2,A1,0.9996
processed_data_cleaned\test\B2\DSC02190_patch_0_4.jpg,B2,A1,0.8823
processed_data_cleaned\test\B2\DSC02190_patch_2_2.jpg,B2,A1,0.4849
processed_data_cleaned\test\B2\DSC02190_patch_2_3.jpg,B2,A1,0.9989
processed_data_cleaned\test\B2\DSC02190_patch_2_4.jpg,B2,A1,0.9788
processed_data_cleaned\test\B2\DSC02191_patch_0_2.jpg,B2,A1,0.9999
processed_data_cleaned\test\B2\DSC02192_patch_0_2.jpg,B2,A1,0.9885
processed_data_cleaned\test\B2\DSC02193_patch_1_0.jpg,B2,A1,0.895
processed_data_cleaned\test\B2\DSC02193_patch_1_1.jpg,B2,B1,0.4703
processed_data_cleaned\test\B2\DSC02193_patch_2_1.jpg,B2,A1,0.9569
processed_data_cleaned\test\B2\DSC02193_patch_2_3.jpg,B2,A1,0.8499
processed_data_cleaned\test\B2\DSC02193_patch_2_5.jpg,B2,B1,0.9368
processed_data_cleaned\test\B2\DSC02198_patch_0_0.jpg,B2,B1,0.6837
processed_data_cleaned\test\B2\DSC02198_patch_0_1.jpg,B2,B1,0.8972
processed_data_cleaned\test\B2\DSC02198_patch_0_2.jpg,B2,B1,0.7595
processed_data_cleaned\test\B2\DSC02198_patch_0_4.jpg,B2,A1,0.5786
processed_data_cleaned\test\B2\DSC02198_patch_1_1.jpg,B2,A1,0.7214
processed_data_cleaned\test\B2\DSC02198_patch_1_2.jpg,B2,B1,0.7283
processed_data_cleaned\test\B2\DSC02198_patch_1_3.jpg,B2,A1,0.977
processed_data_cleaned\test\B2\DSC02198_patch_1_4.jpg,B2,A1,0.6579
processed_data_cleaned\test\B2\DSC02198_patch_1_5.jpg,B2,A1,0.5733
processed_data_cleaned\test\B2\DSC02198_patch_2_0.jpg,B2,A1,0.7617
processed_data_cleaned\test\B2\DSC02198_patch_2_1.jpg,B2,A1,0.8671
processed_data_cleaned\test\B2\DSC02198_patch_2_5.jpg,B2,A1,0.3652
processed_data_cleaned\test\B2\DSC02198_patch_3_0.jpg,B2,A1,0.7079
processed_data_cleaned\test\B2\DSC02198_patch_3_1.jpg,B2,B1,0.4265
processed_data_cleaned\test\B2\DSC02198_patch_3_5.jpg,B2,A1,0.888
processed_data_cleaned\test\B2\DSC02203_patch_0_0.jpg,B2,A1,0.5414
processed_data_cleaned\test\B2\DSC02203_patch_0_1.jpg,B2,B1,0.7647
processed_data_cleaned\test\B2\DSC02203_patch_1_1.jpg,B2,B1,0.9481
processed_data_cleaned\test\B2\DSC02203_patch_1_4.jpg,B2,A2,0.5954
processed_data_cleaned\test\B2\DSC02203_patch_2_1.jpg,B2,A2,0.887
processed_data_cleaned\test\B2\DSC02203_patch_2_2.jpg,B2,A2,0.8231
processed_data_cleaned\test\B2\DSC02203_patch_2_3.jpg,B2,A1,0.6618
processed_data_cleaned\test\B2\DSC02203_patch_3_2.jpg,B2,A2,0.5772
processed_data_cleaned\test\B2\DSC02206_patch_0_5.jpg,B2,A2,0.4911
processed_data_cleaned\test\B2\DSC02206_patch_1_0.jpg,B2,A2,0.6917
processed_data_cleaned\test\B2\DSC02206_patch_1_1.jpg,B2,A1,0.9104
processed_data_cleaned\test\B2\DSC02206_patch_1_3.jpg,B2,B1,0.7544
processed_data_cleaned\test\B2\DSC02206_patch_2_1.jpg,B2,B1,0.3855
processed_data_cleaned\test\B2\DSC02206_patch_2_4.jpg,B2,B1,0.591
processed_data_cleaned\test\B2\DSC02206_patch_3_1.jpg,B2,A2,0.9945
processed_data_cleaned\test\B2\DSC02206_patch_3_3.jpg,B2,A2,0.6773
processed_data_cleaned\test\B2\DSC02209_patch_0_2.jpg,B2,A1,0.8739
processed_data_cleaned\test\B2\DSC02209_patch_1_0.jpg,B2,B1,0.5154
processed_data_cleaned\test\B2\DSC02209_patch_1_4.jpg,B2,A1,0.8515
processed_data_cleaned\test\B2\DSC02209_patch_3_2.jpg,B2,B1,0.5711
processed_data_cleaned\test\B2\DSC02210_patch_0_2.jpg,B2,A1,0.9619
processed_data_cleaned\test\B2\DSC02210_patch_1_0.jpg,B2,B1,0.5909
processed_data_cleaned\test\B2\DSC02210_patch_1_4.jpg,B2,B1,0.4078
processed_data_cleaned\test\B2\DSC02210_patch_2_1.jpg,B2,B1,0.5351
processed_data_cleaned\test\B2\DSC02210_patch_3_1.jpg,B2,B1,0.7116
processed_data_cleaned\test\B2\DSC02211_patch_0_1.jpg,B2,B1,0.8585
processed_data_cleaned\test\B2\DSC02211_patch_0_2.jpg,B2,B1,0.4236
processed_data_cleaned\test\B2\DSC02211_patch_1_3.jpg,B2,B1,0.7056
processed_data_cleaned\test\B2\DSC02211_patch_2_0.jpg,B2,A1,0.9989
processed_data_cleaned\test\B2\DSC02211_patch_2_4.jpg,B2,A2,0.7675
processed_data_cleaned\test\B2\DSC02212_patch_0_0.jpg,B2,A1,0.9157
processed_data_cleaned\test\B2\DSC02212_patch_0_2.jpg,B2,A1,0.993
processed_data_cleaned\test\B2\DSC02212_patch_0_3.jpg,B2,A1,0.9786
processed_data_cleaned\test\B2\DSC02212_patch_1_2.jpg,B2,A1,0.9462
processed_data_cleaned\test\B2\DSC02212_patch_2_0.jpg,B2,B1,0.8505
processed_data_cleaned\test\B2\DSC02212_patch_2_3.jpg,B2,B1,0.6246
processed_data_cleaned\test\B2\DSC02212_patch_2_5.jpg,B2,B1,0.7333
processed_data_cleaned\test\B2\DSC02212_patch_3_5.jpg,B2,B1,0.5301
processed_data_cleaned\test\B2\DSC02213_patch_0_2.jpg,B2,A1,0.9618
processed_data_cleaned\test\B2\DSC02213_patch_1_0.jpg,B2,B1,0.7431
processed_data_cleaned\test\B2\DSC02213_patch_1_2.jpg,B2,A1,0.7594
processed_data_cleaned\test\B2\DSC02213_patch_2_0.jpg,B2,A1,0.4898
processed_data_cleaned\test\B2\DSC02213_patch_2_3.jpg,B2,B1,0.8221
processed_data_cleaned\test\B2\DSC02214_patch_1_0.jpg,B2,A1,0.9504
processed_data_cleaned\test\B2\DSC02214_patch_1_2.jpg,B2,A1,0.757
processed_data_cleaned\test\B2\DSC02214_patch_1_3.jpg,B2,B1,0.7403
processed_data_cleaned\test\B2\DSC02214_patch_2_0.jpg,B2,A2,0.8291
processed_data_cleaned\test\B2\DSC02214_patch_2_2.jpg,B2,B1,0.819
processed_data_cleaned\test\B2\DSC02214_patch_3_0.jpg,B2,A2,0.98
processed_data_cleaned\test\B2\DSC02214_patch_3_2.jpg,B2,A1,0.5435
processed_data_cleaned\test\B2\DSC02214_patch_3_3.jpg,B2,A1,0.9023
processed_data_cleaned\test\B2\DSC02214_patch_3_4.jpg,B2,B1,0.9247
processed_data_cleaned\test\B2\DSC02214_patch_3_5.jpg,B2,A1,0.648
processed_data_cleaned\test\B2\DSC02215_patch_0_0.jpg,B2,A1,0.8494
processed_data_cleaned\test\B2\DSC02215_patch_1_0.jpg,B2,B1,0.7403
processed_data_cleaned\test\B2\DSC02215_patch_1_2.jpg,B2,A1,0.9113
processed_data_cleaned\test\B2\DSC02215_patch_1_4.jpg,B2,A1,0.9237
processed_data_cleaned\test\B2\DSC02215_patch_1_5.jpg,B2,A1,0.9693
processed_data_cleaned\test\B2\DSC02215_patch_2_0.jpg,B2,B1,0.6791
processed_data_cleaned\test\B2\DSC02215_patch_2_4.jpg,B2,A1,0.542
processed_data_cleaned\test\B2\DSC02215_patch_2_5.jpg,B2,A2,0.6861
processed_data_cleaned\test\B2\DSC02215_patch_3_0.jpg,B2,A2,0.701
processed_data_cleaned\test\B2\DSC02215_patch_3_2.jpg,B2,A2,0.7367
processed_data_cleaned\test\B2\DSC02215_patch_3_4.jpg,B2,B1,0.7243
processed_data_cleaned\test\B2\DSC02215_patch_3_5.jpg,B2,A2,0.6311
processed_data_cleaned\test\B2\DSC02216_patch_0_0.jpg,B2,A1,0.9547
processed_data_cleaned\test\B2\DSC02216_patch_0_1.jpg,B2,A1,0.5445
processed_data_cleaned\test\B2\DSC02216_patch_1_0.jpg,B2,A1,0.994
processed_data_cleaned\test\B2\DSC02216_patch_1_1.jpg,B2,A2,0.7144
processed_data_cleaned\test\B2\DSC02216_patch_1_2.jpg,B2,A1,0.6319
processed_data_cleaned\test\B2\DSC02216_patch_1_3.jpg,B2,A1,0.4597
processed_data_cleaned\test\B2\DSC02216_patch_1_5.jpg,B2,A1,0.9943
processed_data_cleaned\test\B2\DSC02216_patch_2_0.jpg,B2,A2,0.8585
processed_data_cleaned\test\B2\DSC02216_patch_2_2.jpg,B2,B1,0.5014
processed_data_cleaned\test\B2\DSC02216_patch_2_3.jpg,B2,A1,0.728
processed_data_cleaned\test\B2\DSC02216_patch_2_5.jpg,B2,A2,0.3817
processed_data_cleaned\test\B2\DSC02216_patch_3_0.jpg,B2,A2,0.9496
processed_data_cleaned\test\B2\DSC02216_patch_3_2.jpg,B2,B1,0.8055
processed_data_cleaned\test\B2\DSC02216_patch_3_5.jpg,B2,A2,0.5981
processed_data_cleaned\test\B2\DSC02217_patch_0_0.jpg,B2,A1,0.6445
processed_data_cleaned\test\B2\DSC02217_patch_0_2.jpg,B2,A2,0.3733
processed_data_cleaned\test\B2\DSC02217_patch_0_5.jpg,B2,A1,0.3649
processed_data_cleaned\test\B2\DSC02217_patch_1_0.jpg,B2,B1,0.8252
processed_data_cleaned\test\B2\DSC02217_patch_2_1.jpg,B2,A1,0.807
processed_data_cleaned\test\B2\DSC02217_patch_2_2.jpg,B2,A1,0.7305
processed_data_cleaned\test\B2\DSC02217_patch_3_0.jpg,B2,B1,0.6878
processed_data_cleaned\test\B2\DSC02217_patch_3_2.jpg,B2,A1,0.971
processed_data_cleaned\test\B2\DSC02217_patch_3_3.jpg,B2,B1,0.8435
processed_data_cleaned\test\B2\DSC02217_patch_3_4.jpg,B2,A1,0.6368
processed_data_cleaned\test\B2\DSC02218_patch_0_0.jpg,B2,B1,0.7248
processed_data_cleaned\test\B2\DSC02218_patch_1_4.jpg,B2,A2,0.514
processed_data_cleaned\test\B2\DSC02218_patch_2_0.jpg,B2,A2,0.3298
processed_data_cleaned\test\B2\DSC02218_patch_2_1.jpg,B2,A2,0.7819
processed_data_cleaned\test\B2\DSC02218_patch_2_2.jpg,B2,B1,0.799
processed_data_cleaned\test\B2\DSC02218_patch_2_3.jpg,B2,A2,0.4784
processed_data_cleaned\test\B2\DSC02218_patch_3_0.jpg,B2,A2,0.9539
processed_data_cleaned\test\B2\DSC02218_patch_3_1.jpg,B2,B1,0.6284
processed_data_cleaned\test\B2\DSC02218_patch_3_2.jpg,B2,A1,0.6948
processed_data_cleaned\test\B2\DSC02218_patch_3_3.jpg,B2,B1,0.968
processed_data_cleaned\test\B2\DSC02218_patch_3_5.jpg,B2,A1,0.908
processed_data_cleaned\test\B2\DSC02220_patch_0_0.jpg,B2,A1,0.9147
processed_data_cleaned\test\B2\DSC02220_patch_0_2.jpg,B2,B1,0.491
processed_data_cleaned\test\B2\DSC02220_patch_1_0.jpg,B2,B1,0.4072
processed_data_cleaned\test\B2\DSC02220_patch_1_2.jpg,B2,A1,0.8036
processed_data_cleaned\test\B2\DSC02220_patch_1_4.jpg,B2,A1,0.9426
processed_data_cleaned\test\B2\DSC02220_patch_2_0.jpg,B2,B1,0.3264
processed_data_cleaned\test\B2\DSC02220_patch_2_1.jpg,B2,A1,0.5636
processed_data_cleaned\test\B2\DSC02220_patch_2_2.jpg,B2,B1,0.5384
processed_data_cleaned\test\B2\DSC02220_patch_2_4.jpg,B2,B1,0.6218
processed_data_cleaned\test\B2\DSC02220_patch_3_0.jpg,B2,B1,0.7682
processed_data_cleaned\test\B2\DSC02220_patch_3_1.jpg,B2,A1,0.5568
processed_data_cleaned\test\B2\DSC02220_patch_3_2.jpg,B2,A2,0.4416
processed_data_cleaned\test\B2\DSC02220_patch_3_3.jpg,B2,B1,0.9058
processed_data_cleaned\test\B2\DSC02220_patch_3_4.jpg,B2,B1,0.4623
processed_data_cleaned\test\B2\DSC02220_patch_3_5.jpg,B2,A1,0.4977
processed_data_cleaned\test\B2\DSC02221_patch_0_3.jpg,B2,A1,0.883
processed_data_cleaned\test\B2\DSC02221_patch_0_5.jpg,B2,B1,0.6788
processed_data_cleaned\test\B2\DSC02221_patch_1_2.jpg,B2,A1,0.8274
processed_data_cleaned\test\B2\DSC02221_patch_1_5.jpg,B2,A1,0.9584
processed_data_cleaned\test\B2\DSC02221_patch_2_2.jpg,B2,B1,0.8679
processed_data_cleaned\test\B2\DSC02221_patch_2_4.jpg,B2,A1,0.988
processed_data_cleaned\test\B2\DSC02221_patch_3_5.jpg,B2,A1,0.4838
processed_data_cleaned\test\B2\DSC02222_patch_0_0.jpg,B2,A2,0.908
processed_data_cleaned\test\B2\DSC02222_patch_0_4.jpg,B2,A1,0.5506
processed_data_cleaned\test\B2\DSC02222_patch_1_0.jpg,B2,A1,0.9566
processed_data_cleaned\test\B2\DSC02222_patch_1_3.jpg,B2,A1,0.855
processed_data_cleaned\test\B2\DSC02222_patch_1_4.jpg,B2,A1,0.5186
processed_data_cleaned\test\B2\DSC02222_patch_2_1.jpg,B2,A2,0.4939
processed_data_cleaned\test\B2\DSC02222_patch_2_4.jpg,B2,A1,0.9187
processed_data_cleaned\test\B2\DSC02222_patch_2_5.jpg,B2,A2,0.9827
processed_data_cleaned\test\B2\DSC02222_patch_3_1.jpg,B2,B1,0.3675
processed_data_cleaned\test\B2\DSC02222_patch_3_4.jpg,B2,A2,0.4699
processed_data_cleaned\test\B2\DSC02223_patch_0_2.jpg,B2,A1,0.795
processed_data_cleaned\test\B2\DSC02223_patch_0_3.jpg,B2,A1,0.532
processed_data_cleaned\test\B2\DSC02223_patch_0_4.jpg,B2,A1,0.5731
processed_data_cleaned\test\B2\DSC02223_patch_1_1.jpg,B2,B1,0.9734
processed_data_cleaned\test\B2\DSC02223_patch_1_2.jpg,B2,A1,0.837
processed_data_cleaned\test\B2\DSC02223_patch_1_5.jpg,B2,B1,0.8322
processed_data_cleaned\test\B2\DSC02223_patch_2_2.jpg,B2,A1,0.6629
processed_data_cleaned\test\B2\DSC02223_patch_2_3.jpg,B2,A1,0.982
processed_data_cleaned\test\B2\DSC02223_patch_2_5.jpg,B2,A1,0.8464
processed_data_cleaned\test\B2\DSC02223_patch_3_1.jpg,B2,B1,0.7173
processed_data_cleaned\test\B2\DSC02223_patch_3_3.jpg,B2,A1,0.9059
processed_data_cleaned\test\B2\DSC02224_patch_0_1.jpg,B2,A1,0.5485
processed_data_cleaned\test\B2\DSC02224_patch_0_2.jpg,B2,A1,0.9243
processed_data_cleaned\test\B2\DSC02224_patch_0_3.jpg,B2,A1,0.8224
processed_data_cleaned\test\B2\DSC02224_patch_0_4.jpg,B2,A1,0.6698
processed_data_cleaned\test\B2\DSC02224_patch_0_5.jpg,B2,A1,0.8107
processed_data_cleaned\test\B2\DSC02224_patch_1_2.jpg,B2,A1,0.9565
processed_data_cleaned\test\B2\DSC02224_patch_1_3.jpg,B2,A1,0.8934
processed_data_cleaned\test\B2\DSC02224_patch_1_4.jpg,B2,A2,0.9171
processed_data_cleaned\test\B2\DSC02224_patch_2_0.jpg,B2,A1,0.9948
processed_data_cleaned\test\B2\DSC02224_patch_2_3.jpg,B2,A1,0.9845
processed_data_cleaned\test\B2\DSC02224_patch_3_0.jpg,B2,A1,0.5464
processed_data_cleaned\test\B2\DSC02224_patch_3_1.jpg,B2,A1,0.4101
processed_data_cleaned\test\B2\DSC02224_patch_3_3.jpg,B2,B1,0.6679
processed_data_cleaned\test\B2\DSC02224_patch_3_4.jpg,B2,B1,0.9834
processed_data_cleaned\test\B2\DSC02224_patch_3_5.jpg,B2,B1,0.5618
processed_data_cleaned\test\B2\DSC02228_patch_0_3.jpg,B2,B1,0.7125
processed_data_cleaned\test\B2\DSC02228_patch_1_0.jpg,B2,B1,0.5248
processed_data_cleaned\test\B2\DSC02228_patch_1_1.jpg,B2,B1,0.6228
processed_data_cleaned\test\B2\DSC02228_patch_1_2.jpg,B2,A1,0.5579
processed_data_cleaned\test\B2\DSC02228_patch_1_3.jpg,B2,A1,0.8498
processed_data_cleaned\test\B2\DSC02228_patch_1_4.jpg,B2,B1,0.351
processed_data_cleaned\test\B2\DSC02228_patch_1_5.jpg,B2,A1,0.9307
processed_data_cleaned\test\B2\DSC02228_patch_2_1.jpg,B2,A1,0.9613
processed_data_cleaned\test\B2\DSC02228_patch_2_5.jpg,B2,A1,0.6735
processed_data_cleaned\test\B2\DSC02228_patch_3_1.jpg,B2,A2,0.4212
processed_data_cleaned\test\B2\DSC02228_patch_3_3.jpg,B2,A1,0.4498
processed_data_cleaned\test\B2\DSC02228_patch_3_4.jpg,B2,A1,0.6846
processed_data_cleaned\test\B2\DSC02232_patch_0_0.jpg,B2,A1,0.868
processed_data_cleaned\test\B2\DSC02232_patch_0_1.jpg,B2,A1,0.9683
processed_data_cleaned\test\B2\DSC02232_patch_1_0.jpg,B2,A1,0.9655
processed_data_cleaned\test\B2\DSC02232_patch_1_1.jpg,B2,A1,0.6387
processed_data_cleaned\test\B2\DSC02232_patch_1_2.jpg,B2,A1,0.9325
processed_data_cleaned\test\B2\DSC02232_patch_1_3.jpg,B2,A1,0.5768
processed_data_cleaned\test\B2\DSC02232_patch_2_0.jpg,B2,A1,0.8277
processed_data_cleaned\test\B2\DSC02232_patch_2_1.jpg,B2,A1,0.7963
processed_data_cleaned\test\B2\DSC02232_patch_2_2.jpg,B2,A1,0.4904
processed_data_cleaned\test\B2\DSC02232_patch_3_0.jpg,B2,A1,0.7988
processed_data_cleaned\test\B2\DSC02232_patch_3_1.jpg,B2,A1,0.7277
processed_data_cleaned\test\B2\DSC02239_patch_0_0.jpg,B2,B1,0.9613
processed_data_cleaned\test\B2\DSC02239_patch_0_3.jpg,B2,B1,0.8871
processed_data_cleaned\test\B2\DSC02239_patch_1_0.jpg,B2,B1,0.996
processed_data_cleaned\test\B2\DSC02239_patch_1_1.jpg,B2,B1,0.9997
processed_data_cleaned\test\B2\DSC02239_patch_1_2.jpg,B2,B1,0.5336
processed_data_cleaned\test\B2\DSC02239_patch_2_1.jpg,B2,B1,0.9939
processed_data_cleaned\test\B2\DSC02239_patch_2_5.jpg,B2,A1,0.9118
processed_data_cleaned\test\B2\DSC02239_patch_3_2.jpg,B2,A1,0.9987
processed_data_cleaned\test\B2\DSC02240_patch_0_0.jpg,B2,B1,0.9916
processed_data_cleaned\test\B2\DSC02240_patch_1_0.jpg,B2,B1,0.9923
processed_data_cleaned\test\B2\DSC02240_patch_1_1.jpg,B2,B1,0.9997
processed_data_cleaned\test\B2\DSC02240_patch_2_1.jpg,B2,B1,0.9545
processed_data_cleaned\test\B2\DSC02240_patch_2_5.jpg,B2,B1,0.9898
processed_data_cleaned\test\B2\DSC02240_patch_3_2.jpg,B2,A1,0.9953
processed_data_cleaned\test\B2\DSC02241_patch_0_0.jpg,B2,B1,0.9336
processed_data_cleaned\test\B2\DSC02241_patch_1_1.jpg,B2,B1,1.0
processed_data_cleaned\test\B2\DSC02241_patch_1_2.jpg,B2,B1,0.9988
processed_data_cleaned\test\B2\DSC02241_patch_2_5.jpg,B2,B1,0.8855
processed_data_cleaned\test\B2\DSC02241_patch_3_0.jpg,B2,B1,0.9846
processed_data_cleaned\test\B2\DSC02241_patch_3_2.jpg,B2,A1,0.9571
processed_data_cleaned\test\B2\DSC02242_patch_0_0.jpg,B2,B1,0.728
processed_data_cleaned\test\B2\DSC02242_patch_0_1.jpg,B2,B1,0.921
processed_data_cleaned\test\B2\DSC02242_patch_1_1.jpg,B2,B1,0.9996
processed_data_cleaned\test\B2\DSC02242_patch_1_2.jpg,B2,B1,0.9725
processed_data_cleaned\test\B2\DSC02242_patch_3_0.jpg,B2,B1,0.9961
processed_data_cleaned\test\B2\DSC02242_patch_3_2.jpg,B2,A1,0.9989
processed_data_cleaned\test\B2\DSC02243_patch_1_2.jpg,B2,A1,0.931
processed_data_cleaned\test\B2\DSC02243_patch_2_1.jpg,B2,B1,0.9994
processed_data_cleaned\test\B2\DSC02243_patch_2_2.jpg,B2,B1,0.9998
processed_data_cleaned\test\B2\DSC02243_patch_3_0.jpg,B2,B1,0.9899
processed_data_cleaned\test\B2\DSC02244_patch_0_0.jpg,B2,A1,0.7731
processed_data_cleaned\test\B2\DSC02244_patch_1_1.jpg,B2,A1,0.4988
processed_data_cleaned\test\B2\DSC02244_patch_2_1.jpg,B2,B1,0.9946
processed_data_cleaned\test\B2\DSC02244_patch_3_0.jpg,B2,A1,0.6537
processed_data_cleaned\test\B2\DSC02245_patch_0_1.jpg,B2,A1,0.918
processed_data_cleaned\test\B2\DSC02245_patch_0_2.jpg,B2,B1,0.8419
processed_data_cleaned\test\B2\DSC02245_patch_1_2.jpg,B2,B1,0.9946
processed_data_cleaned\test\B2\DSC02245_patch_1_3.jpg,B2,A1,0.6247
processed_data_cleaned\test\B2\DSC02245_patch_2_2.jpg,B2,A1,0.9433
processed_data_cleaned\test\B2\DSC02245_patch_2_3.jpg,B2,A2,0.5517
processed_data_cleaned\test\B2\DSC02245_patch_3_2.jpg,B2,A1,0.9591
processed_data_cleaned\test\B2\DSC02245_patch_3_3.jpg,B2,A1,0.7523
processed_data_cleaned\test\B2\DSC02245_patch_3_4.jpg,B2,A2,0.796
processed_data_cleaned\test\B2\DSC02245_patch_3_5.jpg,B2,A1,0.988
processed_data_cleaned\test\B2\DSC02246_patch_0_0.jpg,B2,A2,0.7032
processed_data_cleaned\test\B2\DSC02246_patch_0_1.jpg,B2,B1,0.9979
processed_data_cleaned\test\B2\DSC02246_patch_0_2.jpg,B2,B1,0.9367
processed_data_cleaned\test\B2\DSC02246_patch_1_2.jpg,B2,A1,0.8534
processed_data_cleaned\test\B2\DSC02246_patch_1_3.jpg,B2,A1,0.9863
processed_data_cleaned\test\B2\DSC02246_patch_2_2.jpg,B2,A1,0.9888
processed_data_cleaned\test\B2\DSC02246_patch_2_3.jpg,B2,A1,0.8504
processed_data_cleaned\test\B2\DSC02246_patch_3_1.jpg,B2,A1,0.9894
processed_data_cleaned\test\B2\DSC02246_patch_3_3.jpg,B2,A2,0.826
processed_data_cleaned\test\B2\DSC02246_patch_3_4.jpg,B2,B1,0.7457
processed_data_cleaned\test\B2\DSC02247_patch_0_1.jpg,B2,B1,0.6128
processed_data_cleaned\test\B2\DSC02247_patch_1_0.jpg,B2,A1,0.7612
processed_data_cleaned\test\B2\DSC02247_patch_1_4.jpg,B2,A1,0.9211
processed_data_cleaned\test\B2\DSC02247_patch_1_5.jpg,B2,A1,0.6723
processed_data_cleaned\test\B2\DSC02247_patch_2_0.jpg,B2,B1,0.8792
processed_data_cleaned\test\B2\DSC02247_patch_2_2.jpg,B2,A2,0.452
processed_data_cleaned\test\B2\DSC02247_patch_2_4.jpg,B2,A1,0.8712
processed_data_cleaned\test\B2\DSC02247_patch_2_5.jpg,B2,A2,0.9287
processed_data_cleaned\test\B2\DSC02247_patch_3_0.jpg,B2,A1,0.8586
processed_data_cleaned\test\B2\DSC02248_patch_0_1.jpg,B2,B1,0.5848
processed_data_cleaned\test\B2\DSC02248_patch_1_0.jpg,B2,A1,0.8698
processed_data_cleaned\test\B2\DSC02248_patch_1_1.jpg,B2,A1,0.4914
processed_data_cleaned\test\B2\DSC02248_patch_1_4.jpg,B2,A1,0.9883
processed_data_cleaned\test\B2\DSC02248_patch_1_5.jpg,B2,A1,0.9488
processed_data_cleaned\test\B2\DSC02248_patch_2_0.jpg,B2,A2,0.5364
processed_data_cleaned\test\B2\DSC02248_patch_2_4.jpg,B2,A1,0.9021
processed_data_cleaned\test\B2\DSC02248_patch_2_5.jpg,B2,A2,0.9865
processed_data_cleaned\test\B2\DSC02248_patch_3_0.jpg,B2,A1,0.7016
processed_data_cleaned\test\B2\DSC02248_patch_3_1.jpg,B2,A1,0.5596
processed_data_cleaned\test\B2\DSC02249_patch_0_1.jpg,B2,B1,0.6786
processed_data_cleaned\test\B2\DSC02249_patch_0_3.jpg,B2,B1,0.784
processed_data_cleaned\test\B2\DSC02249_patch_1_0.jpg,B2,A1,0.6461
processed_data_cleaned\test\B2\DSC02249_patch_1_4.jpg,B2,A1,0.999
processed_data_cleaned\test\B2\DSC02249_patch_1_5.jpg,B2,A1,0.9847
processed_data_cleaned\test\B2\DSC02249_patch_2_0.jpg,B2,B1,0.6894
processed_data_cleaned\test\B2\DSC02249_patch_2_4.jpg,B2,A1,0.8127
processed_data_cleaned\test\B2\DSC02249_patch_2_5.jpg,B2,A1,0.6021
processed_data_cleaned\test\B2\DSC02250_patch_0_3.jpg,B2,B1,0.9974
processed_data_cleaned\test\B2\DSC02250_patch_0_5.jpg,B2,B1,0.682
processed_data_cleaned\test\B2\DSC02250_patch_1_5.jpg,B2,B1,0.9992
processed_data_cleaned\test\B2\DSC02250_patch_3_0.jpg,B2,B1,0.6136
processed_data_cleaned\test\B2\DSC02250_patch_3_5.jpg,B2,B1,1.0
processed_data_cleaned\test\B2\DSC02251_patch_0_3.jpg,B2,A1,0.6686
processed_data_cleaned\test\B2\DSC02251_patch_0_5.jpg,B2,A1,0.7147
processed_data_cleaned\test\B2\DSC02251_patch_3_0.jpg,B2,B1,0.6284
processed_data_cleaned\test\B2\DSC02251_patch_3_2.jpg,B2,B1,1.0
processed_data_cleaned\test\B2\DSC02253_patch_1_4.jpg,B2,B1,0.9909
processed_data_cleaned\test\B2\DSC02253_patch_1_5.jpg,B2,B1,0.9979
processed_data_cleaned\test\B2\DSC02253_patch_3_2.jpg,B2,A1,0.6196
processed_data_cleaned\test\B2\DSC02253_patch_3_3.jpg,B2,B1,0.5827
processed_data_cleaned\test\B2\DSC02253_patch_3_4.jpg,B2,B1,0.5261
processed_data_cleaned\test\B2\DSC02254_patch_1_1.jpg,B2,B1,0.9999
processed_data_cleaned\test\B2\DSC02254_patch_1_3.jpg,B2,B1,0.9999
processed_data_cleaned\test\B2\DSC02254_patch_1_5.jpg,B2,B1,0.9285
processed_data_cleaned\test\B2\DSC02254_patch_2_0.jpg,B2,A1,0.9684
processed_data_cleaned\test\B2\DSC02256_patch_1_1.jpg,B2,B1,0.9978
processed_data_cleaned\test\B2\DSC02256_patch_1_3.jpg,B2,A1,0.8923
processed_data_cleaned\test\B2\DSC02256_patch_1_4.jpg,B2,B1,0.9854
processed_data_cleaned\test\B2\DSC02256_patch_2_0.jpg,B2,A1,0.9512
processed_data_cleaned\test\B2\DSC02256_patch_2_1.jpg,B2,A1,0.6416
processed_data_cleaned\test\B2\DSC02256_patch_2_3.jpg,B2,B1,0.4819
processed_data_cleaned\test\B2\DSC02256_patch_2_4.jpg,B2,B1,0.9117
processed_data_cleaned\test\B2\DSC02256_patch_3_1.jpg,B2,A1,0.5807
processed_data_cleaned\test\B2\DSC02256_patch_3_2.jpg,B2,B1,0.9043
processed_data_cleaned\test\B2\DSC02257_patch_1_1.jpg,B2,B1,0.7963
processed_data_cleaned\test\B2\DSC02257_patch_1_3.jpg,B2,B1,0.7059
processed_data_cleaned\test\B2\DSC02257_patch_2_0.jpg,B2,A1,0.987
processed_data_cleaned\test\B2\DSC02257_patch_2_3.jpg,B2,B1,0.3923
processed_data_cleaned\test\B2\DSC02257_patch_3_1.jpg,B2,B1,0.8528
processed_data_cleaned\test\B2\DSC02257_patch_3_2.jpg,B2,B1,0.9631
processed_data_cleaned\test\B2\DSC02258_patch_1_1.jpg,B2,B1,0.9977
processed_data_cleaned\test\B2\DSC02258_patch_1_3.jpg,B2,B1,0.7789
processed_data_cleaned\test\B2\DSC02258_patch_1_4.jpg,B2,B1,0.9882
processed_data_cleaned\test\B2\DSC02258_patch_2_0.jpg,B2,A1,0.9469
processed_data_cleaned\test\B2\DSC02258_patch_2_1.jpg,B2,A1,0.9083
processed_data_cleaned\test\B2\DSC02258_patch_3_1.jpg,B2,B1,0.7408
processed_data_cleaned\test\B2\DSC02260_patch_0_1.jpg,B2,A1,0.8039
processed_data_cleaned\test\B2\DSC02260_patch_0_3.jpg,B2,A1,0.8591
processed_data_cleaned\test\B2\DSC02260_patch_0_4.jpg,B2,A1,0.999
processed_data_cleaned\test\B2\DSC02260_patch_1_1.jpg,B2,A1,0.93
processed_data_cleaned\test\B2\DSC02260_patch_1_2.jpg,B2,A1,0.9861
processed_data_cleaned\test\B2\DSC02260_patch_1_3.jpg,B2,B1,0.8501
processed_data_cleaned\test\B2\DSC02260_patch_2_0.jpg,B2,A1,0.9954
processed_data_cleaned\test\B2\DSC02260_patch_2_1.jpg,B2,A1,0.9574
processed_data_cleaned\test\B2\DSC02260_patch_2_3.jpg,B2,A1,0.82
processed_data_cleaned\test\B2\DSC02260_patch_2_5.jpg,B2,A1,0.9969
processed_data_cleaned\test\B2\DSC02260_patch_3_0.jpg,B2,A1,0.9912
processed_data_cleaned\test\B2\DSC02260_patch_3_1.jpg,B2,A1,0.8004
processed_data_cleaned\test\B2\DSC02262_patch_1_4.jpg,B2,A1,0.8495
processed_data_cleaned\test\B2\DSC02262_patch_1_5.jpg,B2,A1,0.9988
processed_data_cleaned\test\B2\DSC02262_patch_2_4.jpg,B2,B1,0.816
processed_data_cleaned\test\B2\DSC02262_patch_2_5.jpg,B2,A1,0.9998
processed_data_cleaned\test\B2\DSC02262_patch_3_5.jpg,B2,B1,0.8527
processed_data_cleaned\test\B2\DSC02263_patch_1_5.jpg,B2,A1,0.9999
processed_data_cleaned\test\B2\DSC02263_patch_2_5.jpg,B2,A1,0.9823
processed_data_cleaned\test\B2\DSC02263_patch_3_2.jpg,B2,B1,0.9999
processed_data_cleaned\test\B2\DSC02263_patch_3_5.jpg,B2,A1,0.7323
processed_data_cleaned\test\B2\DSC02264_patch_0_2.jpg,B2,B1,0.9261
processed_data_cleaned\test\B2\DSC02264_patch_1_3.jpg,B2,B1,0.774
processed_data_cleaned\test\B2\DSC02264_patch_2_3.jpg,B2,A1,0.9947
processed_data_cleaned\test\B2\DSC02264_patch_3_3.jpg,B2,A1,0.8092
processed_data_cleaned\test\B2\DSC02264_patch_3_4.jpg,B2,B1,0.8926
processed_data_cleaned\test\B2\DSC02267_patch_0_2.jpg,B2,A1,0.7903
processed_data_cleaned\test\B2\DSC02267_patch_0_3.jpg,B2,A1,0.8219
processed_data_cleaned\test\B2\DSC02267_patch_1_2.jpg,B2,A1,0.7359
processed_data_cleaned\test\B2\DSC02267_patch_1_4.jpg,B2,A1,1.0
processed_data_cleaned\test\B2\DSC02267_patch_2_2.jpg,B2,B1,0.9057
processed_data_cleaned\test\B2\DSC02267_patch_2_3.jpg,B2,B1,0.9967
processed_data_cleaned\test\B2\DSC02267_patch_3_1.jpg,B2,B1,0.9961
processed_data_cleaned\test\B2\DSC02267_patch_3_2.jpg,B2,B1,0.8725
processed_data_cleaned\test\B2\DSC02267_patch_3_3.jpg,B2,B1,0.8084
processed_data_cleaned\test\B2\DSC02268_patch_0_1.jpg,B2,B1,0.9504
processed_data_cleaned\test\B2\DSC02268_patch_0_3.jpg,B2,A1,0.9999
processed_data_cleaned\test\B2\DSC02268_patch_1_0.jpg,B2,A1,0.8322
processed_data_cleaned\test\B2\DSC02268_patch_1_1.jpg,B2,A1,0.4292
processed_data_cleaned\test\B2\DSC02268_patch_1_2.jpg,B2,A1,0.7107
processed_data_cleaned\test\B2\DSC02268_patch_1_3.jpg,B2,A1,0.4376
processed_data_cleaned\test\B2\DSC02268_patch_2_2.jpg,B2,B1,0.8114
processed_data_cleaned\test\B2\DSC02268_patch_2_3.jpg,B2,B1,0.8169
processed_data_cleaned\test\B2\DSC02268_patch_3_1.jpg,B2,B1,0.8908
processed_data_cleaned\test\B2\DSC02268_patch_3_2.jpg,B2,B1,0.989
processed_data_cleaned\test\B2\DSC02269_patch_0_1.jpg,B2,A1,0.557
processed_data_cleaned\test\B2\DSC02269_patch_0_3.jpg,B2,A1,0.8495
processed_data_cleaned\test\B2\DSC02269_patch_1_0.jpg,B2,A1,0.9736
processed_data_cleaned\test\B2\DSC02269_patch_1_1.jpg,B2,A1,0.9225
processed_data_cleaned\test\B2\DSC02269_patch_1_3.jpg,B2,A1,0.9131
processed_data_cleaned\test\B2\DSC02269_patch_2_2.jpg,B2,B1,0.9701
processed_data_cleaned\test\B2\DSC02269_patch_2_3.jpg,B2,B1,0.7787
processed_data_cleaned\test\B2\DSC02269_patch_3_1.jpg,B2,B1,0.6321
processed_data_cleaned\test\B2\DSC02269_patch_3_2.jpg,B2,B1,0.9879
processed_data_cleaned\test\B2\DSC02269_patch_3_3.jpg,B2,B1,0.8226
processed_data_cleaned\test\B2\DSC02270_patch_0_1.jpg,B2,A1,0.6021
processed_data_cleaned\test\B2\DSC02270_patch_0_3.jpg,B2,A1,0.9999
processed_data_cleaned\test\B2\DSC02270_patch_0_4.jpg,B2,A1,0.9976
processed_data_cleaned\test\B2\DSC02270_patch_1_0.jpg,B2,A1,0.9088
processed_data_cleaned\test\B2\DSC02270_patch_1_3.jpg,B2,B1,0.6179
processed_data_cleaned\test\B2\DSC02270_patch_2_1.jpg,B2,B1,0.9973
processed_data_cleaned\test\B2\DSC02270_patch_2_2.jpg,B2,B1,0.4213
processed_data_cleaned\test\B2\DSC02270_patch_2_3.jpg,B2,B1,0.9997
processed_data_cleaned\test\B2\DSC02270_patch_3_0.jpg,B2,B1,0.9989
processed_data_cleaned\test\B2\DSC02270_patch_3_1.jpg,B2,B1,0.599
processed_data_cleaned\test\B2\DSC02270_patch_3_2.jpg,B2,B1,0.9644
processed_data_cleaned\test\B2\DSC02271_patch_0_1.jpg,B2,A2,0.5256
processed_data_cleaned\test\B2\DSC02271_patch_0_3.jpg,B2,A1,0.9998
processed_data_cleaned\test\B2\DSC02271_patch_1_0.jpg,B2,A1,0.9508
processed_data_cleaned\test\B2\DSC02271_patch_1_2.jpg,B2,A1,0.9991
processed_data_cleaned\test\B2\DSC02271_patch_1_3.jpg,B2,A1,0.6754
processed_data_cleaned\test\B2\DSC02271_patch_2_2.jpg,B2,B1,0.7262
processed_data_cleaned\test\B2\DSC02271_patch_2_3.jpg,B2,B1,0.9989
processed_data_cleaned\test\B2\DSC02271_patch_3_0.jpg,B2,B1,0.9978
processed_data_cleaned\test\B2\DSC02271_patch_3_1.jpg,B2,B1,0.8221
processed_data_cleaned\test\B2\DSC02272_patch_0_2.jpg,B2,A1,0.9941
processed_data_cleaned\test\B2\DSC02272_patch_0_3.jpg,B2,A1,0.8171
processed_data_cleaned\test\B2\DSC02272_patch_0_4.jpg,B2,A1,0.997
processed_data_cleaned\test\B2\DSC02272_patch_1_0.jpg,B2,A1,0.8275
processed_data_cleaned\test\B2\DSC02272_patch_1_3.jpg,B2,A2,0.553
processed_data_cleaned\test\B2\DSC02272_patch_1_4.jpg,B2,A1,0.689
processed_data_cleaned\test\B2\DSC02272_patch_3_2.jpg,B2,B1,0.8981
processed_data_cleaned\test\B2\DSC02273_patch_0_2.jpg,B2,A1,0.9703
processed_data_cleaned\test\B2\DSC02273_patch_0_3.jpg,B2,A1,0.9862
processed_data_cleaned\test\B2\DSC02273_patch_0_4.jpg,B2,A1,0.9998
processed_data_cleaned\test\B2\DSC02273_patch_1_3.jpg,B2,B1,0.5159
processed_data_cleaned\test\B2\DSC02273_patch_1_4.jpg,B2,A1,0.9568
processed_data_cleaned\test\B2\DSC02273_patch_2_1.jpg,B2,A1,0.7438
processed_data_cleaned\test\B2\DSC02273_patch_2_2.jpg,B2,B1,0.9188
processed_data_cleaned\test\B2\DSC02273_patch_3_0.jpg,B2,B1,0.9134
processed_data_cleaned\test\B2\DSC02273_patch_3_3.jpg,B2,B1,0.9993
processed_data_cleaned\test\B2\DSC02274_patch_0_3.jpg,B2,A1,0.9257
processed_data_cleaned\test\B2\DSC02274_patch_0_4.jpg,B2,A1,0.9999
processed_data_cleaned\test\B2\DSC02274_patch_0_5.jpg,B2,A1,0.6861
processed_data_cleaned\test\B2\DSC02274_patch_1_3.jpg,B2,A1,0.714
processed_data_cleaned\test\B2\DSC02274_patch_2_1.jpg,B2,B1,0.6878
processed_data_cleaned\test\B2\DSC02274_patch_2_2.jpg,B2,B1,0.9994
processed_data_cleaned\test\B2\DSC02274_patch_3_0.jpg,B2,B1,0.8442
processed_data_cleaned\test\B2\DSC02274_patch_3_3.jpg,B2,B1,0.9941
processed_data_cleaned\test\B2\DSC02275_patch_0_2.jpg,B2,B1,0.866
processed_data_cleaned\test\B2\DSC02275_patch_0_3.jpg,B2,A1,0.6926
processed_data_cleaned\test\B2\DSC02275_patch_2_1.jpg,B2,A1,0.5251
processed_data_cleaned\test\B2\DSC02275_patch_2_2.jpg,B2,B1,0.9929
processed_data_cleaned\test\B2\DSC02275_patch_2_3.jpg,B2,B1,0.9897
processed_data_cleaned\test\B2\DSC02275_patch_3_2.jpg,B2,A1,0.9677
processed_data_cleaned\test\B2\DSC02275_patch_3_3.jpg,B2,A1,0.6935
processed_data_cleaned\test\B2\DSC02276_patch_0_3.jpg,B2,A2,0.4257
processed_data_cleaned\test\B2\DSC02276_patch_2_1.jpg,B2,B1,0.6802
processed_data_cleaned\test\B2\DSC02276_patch_2_2.jpg,B2,B1,0.6443
processed_data_cleaned\test\B2\DSC02276_patch_3_1.jpg,B2,A1,0.9706
processed_data_cleaned\test\B2\DSC02277_patch_0_3.jpg,B2,A1,0.8798
processed_data_cleaned\test\B2\DSC02277_patch_1_2.jpg,B2,A1,0.9354
processed_data_cleaned\test\B2\DSC02277_patch_2_2.jpg,B2,B1,0.7374
processed_data_cleaned\test\B2\DSC02277_patch_3_1.jpg,B2,B1,0.6282
processed_data_cleaned\test\B2\DSC02277_patch_3_2.jpg,B2,B1,0.7055
processed_data_cleaned\test\B2\DSC02279_patch_0_3.jpg,B2,A1,0.6387
processed_data_cleaned\test\B2\DSC02279_patch_1_2.jpg,B2,B1,0.6081
processed_data_cleaned\test\B2\DSC02279_patch_2_2.jpg,B2,B1,0.9846
processed_data_cleaned\test\B2\DSC02279_patch_3_1.jpg,B2,A1,0.861
processed_data_cleaned\test\B2\DSC02280_patch_0_1.jpg,B2,B1,0.8915
processed_data_cleaned\test\B2\DSC02280_patch_0_2.jpg,B2,B1,0.8459
processed_data_cleaned\test\B2\DSC02280_patch_0_3.jpg,B2,B1,0.8927
processed_data_cleaned\test\B2\DSC02280_patch_0_4.jpg,B2,B1,0.9943
processed_data_cleaned\test\B2\DSC02280_patch_1_1.jpg,B2,B1,0.9564
processed_data_cleaned\test\B2\DSC02280_patch_2_2.jpg,B2,B1,0.9096
processed_data_cleaned\test\B2\DSC02280_patch_3_1.jpg,B2,A1,0.6985
processed_data_cleaned\test\B2\DSC02280_patch_3_2.jpg,B2,A1,0.9868
processed_data_cleaned\test\B2\DSC02283_patch_0_1.jpg,B2,A1,0.8833
processed_data_cleaned\test\B2\DSC02283_patch_0_4.jpg,B2,B1,0.9716
processed_data_cleaned\test\B2\DSC02283_patch_0_5.jpg,B2,B1,0.6964
processed_data_cleaned\test\B2\DSC02283_patch_1_4.jpg,B2,B1,0.9494
processed_data_cleaned\test\B2\DSC02283_patch_1_5.jpg,B2,B1,0.8829
processed_data_cleaned\test\B2\DSC02283_patch_2_3.jpg,B2,A2,0.6766
processed_data_cleaned\test\B2\DSC02283_patch_2_4.jpg,B2,B1,0.9066
processed_data_cleaned\test\B2\DSC02283_patch_2_5.jpg,B2,B1,0.9709
processed_data_cleaned\test\B2\DSC02283_patch_3_2.jpg,B2,A1,0.825
processed_data_cleaned\test\B2\DSC02283_patch_3_3.jpg,B2,A2,0.6983
processed_data_cleaned\test\B2\DSC02283_patch_3_5.jpg,B2,B1,0.7568
processed_data_cleaned\test\B2\DSC02284_patch_0_2.jpg,B2,A1,0.8049
processed_data_cleaned\test\B2\DSC02284_patch_0_3.jpg,B2,B1,0.5489
processed_data_cleaned\test\B2\DSC02284_patch_0_4.jpg,B2,B1,0.7116
processed_data_cleaned\test\B2\DSC02284_patch_1_5.jpg,B2,A2,0.51
processed_data_cleaned\test\B2\DSC02284_patch_2_4.jpg,B2,A2,0.8106
processed_data_cleaned\test\B2\DSC02284_patch_2_5.jpg,B2,B1,0.6743
processed_data_cleaned\test\B2\DSC02285_patch_0_0.jpg,B2,B1,0.6667
processed_data_cleaned\test\B2\DSC02285_patch_0_1.jpg,B2,B1,0.7819
processed_data_cleaned\test\B2\DSC02285_patch_0_3.jpg,B2,A2,0.5652
processed_data_cleaned\test\B2\DSC02285_patch_0_4.jpg,B2,B1,0.981
processed_data_cleaned\test\B2\DSC02285_patch_1_1.jpg,B2,A1,0.6012
processed_data_cleaned\test\B2\DSC02285_patch_1_2.jpg,B2,B1,0.5226
processed_data_cleaned\test\B2\DSC02285_patch_1_3.jpg,B2,A2,0.9514
processed_data_cleaned\test\B2\DSC02285_patch_1_4.jpg,B2,B1,0.5124
processed_data_cleaned\test\B2\DSC02285_patch_1_5.jpg,B2,B1,0.704
processed_data_cleaned\test\B2\DSC02285_patch_2_0.jpg,B2,A2,0.9839
processed_data_cleaned\test\B2\DSC02285_patch_3_0.jpg,B2,A1,0.7784
processed_data_cleaned\test\B2\DSC02286_patch_0_0.jpg,B2,A2,0.8584
processed_data_cleaned\test\B2\DSC02286_patch_0_1.jpg,B2,B1,0.7844
processed_data_cleaned\test\B2\DSC02286_patch_0_2.jpg,B2,A2,0.6854
processed_data_cleaned\test\B2\DSC02286_patch_0_3.jpg,B2,B1,0.6033
processed_data_cleaned\test\B2\DSC02286_patch_1_0.jpg,B2,B1,0.9951
processed_data_cleaned\test\B2\DSC02286_patch_1_1.jpg,B2,B1,0.5999
processed_data_cleaned\test\B2\DSC02286_patch_1_3.jpg,B2,A2,0.9976
processed_data_cleaned\test\B2\DSC02286_patch_1_4.jpg,B2,B1,0.7484
processed_data_cleaned\test\B2\DSC02286_patch_1_5.jpg,B2,B1,0.9691
processed_data_cleaned\test\B2\DSC02286_patch_2_0.jpg,B2,B1,0.4702
processed_data_cleaned\test\B2\DSC02286_patch_2_1.jpg,B2,A1,0.9455
processed_data_cleaned\test\B2\DSC02286_patch_2_3.jpg,B2,A2,0.7619
processed_data_cleaned\test\B2\DSC02287_patch_0_1.jpg,B2,B1,0.8282
processed_data_cleaned\test\B2\DSC02287_patch_0_2.jpg,B2,B1,0.6141
processed_data_cleaned\test\B2\DSC02287_patch_0_3.jpg,B2,A2,0.9191
processed_data_cleaned\test\B2\DSC02287_patch_0_4.jpg,B2,B1,0.6434
processed_data_cleaned\test\B2\DSC02287_patch_1_0.jpg,B2,A2,0.8387
processed_data_cleaned\test\B2\DSC02287_patch_1_1.jpg,B2,B1,0.8987
processed_data_cleaned\test\B2\DSC02287_patch_2_0.jpg,B2,B1,0.4184
processed_data_cleaned\test\B2\DSC02287_patch_2_1.jpg,B2,B1,0.5072
processed_data_cleaned\test\B2\DSC02287_patch_2_2.jpg,B2,B1,0.9939
processed_data_cleaned\test\B2\DSC02287_patch_2_5.jpg,B2,A1,0.8526
processed_data_cleaned\test\B2\DSC02287_patch_3_0.jpg,B2,A2,0.6899
processed_data_cleaned\test\B2\DSC02290_patch_0_1.jpg,B2,A2,0.7549
processed_data_cleaned\test\B2\DSC02290_patch_1_3.jpg,B2,A1,0.9984
processed_data_cleaned\test\B2\DSC02290_patch_1_4.jpg,B2,A1,0.7437
processed_data_cleaned\test\B2\DSC02290_patch_1_5.jpg,B2,A2,0.8334
processed_data_cleaned\test\B2\DSC02290_patch_2_1.jpg,B2,A2,0.6326
processed_data_cleaned\test\B2\DSC02290_patch_2_2.jpg,B2,A2,0.9403
processed_data_cleaned\test\B2\DSC02290_patch_2_3.jpg,B2,B1,0.5389
processed_data_cleaned\test\B2\DSC02290_patch_2_5.jpg,B2,B1,0.9906
processed_data_cleaned\test\B2\DSC02290_patch_3_1.jpg,B2,A2,0.9114
processed_data_cleaned\test\B2\DSC02290_patch_3_3.jpg,B2,A2,0.993
processed_data_cleaned\test\B2\DSC02295_patch_0_1.jpg,B2,A2,0.6813
processed_data_cleaned\test\B2\DSC02295_patch_0_2.jpg,B2,A2,0.5118
processed_data_cleaned\test\B2\DSC02295_patch_0_3.jpg,B2,B1,0.7671
processed_data_cleaned\test\B2\DSC02295_patch_1_1.jpg,B2,B1,0.6425
processed_data_cleaned\test\B2\DSC02295_patch_1_2.jpg,B2,B1,0.9817
processed_data_cleaned\test\B2\DSC02295_patch_1_3.jpg,B2,A2,0.9348
processed_data_cleaned\test\B2\DSC02295_patch_1_4.jpg,B2,B1,0.3523
processed_data_cleaned\test\B2\DSC02295_patch_2_2.jpg,B2,B1,0.5547
processed_data_cleaned\test\B2\DSC02295_patch_2_3.jpg,B2,B1,0.8088
processed_data_cleaned\test\B2\DSC02295_patch_2_4.jpg,B2,B1,0.8346
processed_data_cleaned\test\B2\DSC02295_patch_2_5.jpg,B2,A2,0.5373
processed_data_cleaned\test\B2\DSC02295_patch_3_1.jpg,B2,A1,0.9743
processed_data_cleaned\test\B2\DSC02295_patch_3_2.jpg,B2,A2,0.7073
processed_data_cleaned\test\B2\DSC02295_patch_3_3.jpg,B2,B1,0.9825
processed_data_cleaned\test\B2\DSC02295_patch_3_4.jpg,B2,B1,0.8749
processed_data_cleaned\test\B2\DSC02295_patch_3_5.jpg,B2,B1,0.6858
processed_data_cleaned\test\B2\DSC02296_patch_1_1.jpg,B2,B1,0.5907
processed_data_cleaned\test\B2\DSC02296_patch_1_3.jpg,B2,B1,0.5097
processed_data_cleaned\test\B2\DSC02296_patch_2_1.jpg,B2,A1,0.7846
processed_data_cleaned\test\B2\DSC02296_patch_2_2.jpg,B2,B1,0.8469
processed_data_cleaned\test\B2\DSC02296_patch_2_3.jpg,B2,B1,0.8306
processed_data_cleaned\test\B2\DSC02296_patch_2_4.jpg,B2,B1,0.5459
processed_data_cleaned\test\B2\DSC02296_patch_3_0.jpg,B2,A1,0.9045
processed_data_cleaned\test\B2\DSC02296_patch_3_1.jpg,B2,A2,0.9002
processed_data_cleaned\test\B2\DSC02296_patch_3_3.jpg,B2,B1,0.6978
processed_data_cleaned\test\B2\DSC02296_patch_3_4.jpg,B2,B1,0.9841
processed_data_cleaned\test\B2\DSC02296_patch_3_5.jpg,B2,A2,0.6439
processed_data_cleaned\test\B2\DSC02297_patch_0_1.jpg,B2,A1,0.5395
processed_data_cleaned\test\B2\DSC02297_patch_0_3.jpg,B2,B1,0.5346
processed_data_cleaned\test\B2\DSC02297_patch_1_1.jpg,B2,B1,0.7922
processed_data_cleaned\test\B2\DSC02297_patch_1_2.jpg,B2,A1,0.9397
processed_data_cleaned\test\B2\DSC02297_patch_1_3.jpg,B2,A2,0.8899
processed_data_cleaned\test\B2\DSC02297_patch_1_4.jpg,B2,A2,0.6767
processed_data_cleaned\test\B2\DSC02297_patch_2_1.jpg,B2,A2,0.465
processed_data_cleaned\test\B2\DSC02297_patch_2_2.jpg,B2,B1,0.6441
processed_data_cleaned\test\B2\DSC02297_patch_2_3.jpg,B2,B1,0.5598
processed_data_cleaned\test\B2\DSC02297_patch_2_4.jpg,B2,B1,0.7819
processed_data_cleaned\test\B2\DSC02297_patch_2_5.jpg,B2,B1,0.7923
processed_data_cleaned\test\B2\DSC02297_patch_3_1.jpg,B2,A1,0.9724
processed_data_cleaned\test\B2\DSC02297_patch_3_3.jpg,B2,B1,0.993
processed_data_cleaned\test\B2\DSC02297_patch_3_4.jpg,B2,B1,0.6987
processed_data_cleaned\test\B2\DSC02301_patch_0_4.jpg,B2,A1,0.771
processed_data_cleaned\test\B2\DSC02301_patch_1_5.jpg,B2,B1,0.8109
processed_data_cleaned\test\B2\DSC02301_patch_2_3.jpg,B2,A1,0.5115
processed_data_cleaned\test\B2\DSC02301_patch_3_1.jpg,B2,A2,0.9314
processed_data_cleaned\test\B2\DSC02301_patch_3_2.jpg,B2,A1,0.4545
processed_data_cleaned\test\B2\DSC02301_patch_3_3.jpg,B2,A2,0.5113
processed_data_cleaned\test\B2\DSC02301_patch_3_4.jpg,B2,A1,0.8589
processed_data_cleaned\test\B2\DSC02306_patch_0_4.jpg,B2,A1,0.4573
processed_data_cleaned\test\B2\DSC02306_patch_1_4.jpg,B2,A2,0.9983
processed_data_cleaned\test\B2\DSC02306_patch_1_5.jpg,B2,A1,0.451
processed_data_cleaned\test\B2\DSC02306_patch_2_3.jpg,B2,A1,0.4629
processed_data_cleaned\test\B2\DSC02306_patch_2_4.jpg,B2,B1,0.3905
processed_data_cleaned\test\B2\DSC02306_patch_3_1.jpg,B2,A2,0.9615
processed_data_cleaned\test\B2\DSC02306_patch_3_2.jpg,B2,A1,0.7257
processed_data_cleaned\test\B2\DSC02306_patch_3_3.jpg,B2,A2,0.6612
processed_data_cleaned\test\B2\DSC02306_patch_3_4.jpg,B2,A1,0.8369
processed_data_cleaned\test\B2\DSC02307_patch_0_0.jpg,B2,B1,0.7868
processed_data_cleaned\test\B2\DSC02307_patch_0_2.jpg,B2,A1,0.8278
processed_data_cleaned\test\B2\DSC02307_patch_0_4.jpg,B2,A2,0.5419
processed_data_cleaned\test\B2\DSC02307_patch_1_2.jpg,B2,B1,0.9619
processed_data_cleaned\test\B2\DSC02307_patch_1_3.jpg,B2,A2,0.9871
processed_data_cleaned\test\B2\DSC02307_patch_2_2.jpg,B2,B1,0.9106
processed_data_cleaned\test\B2\DSC02307_patch_2_3.jpg,B2,B1,0.8912
processed_data_cleaned\test\B2\DSC02307_patch_2_5.jpg,B2,A2,0.906
processed_data_cleaned\test\B2\DSC02307_patch_3_0.jpg,B2,B1,0.4693
processed_data_cleaned\test\B2\DSC02307_patch_3_2.jpg,B2,A1,0.9291
processed_data_cleaned\test\B2\DSC02308_patch_0_2.jpg,B2,A1,0.8802
processed_data_cleaned\test\B2\DSC02308_patch_0_4.jpg,B2,A2,0.3892
processed_data_cleaned\test\B2\DSC02308_patch_1_2.jpg,B2,A1,0.5796
processed_data_cleaned\test\B2\DSC02308_patch_1_3.jpg,B2,A2,0.9996
processed_data_cleaned\test\B2\DSC02308_patch_2_1.jpg,B2,A2,0.7909
processed_data_cleaned\test\B2\DSC02308_patch_2_2.jpg,B2,B1,0.8306
processed_data_cleaned\test\B2\DSC02308_patch_2_5.jpg,B2,A2,0.988
processed_data_cleaned\test\B2\DSC02309_patch_0_3.jpg,B2,A2,0.8608
processed_data_cleaned\test\B2\DSC02309_patch_0_4.jpg,B2,B1,0.904
processed_data_cleaned\test\B2\DSC02309_patch_0_5.jpg,B2,B1,0.8493
processed_data_cleaned\test\B2\DSC02309_patch_1_1.jpg,B2,A1,0.8316
processed_data_cleaned\test\B2\DSC02309_patch_1_2.jpg,B2,B1,0.8987
processed_data_cleaned\test\B2\DSC02309_patch_1_3.jpg,B2,A2,0.9991
processed_data_cleaned\test\B2\DSC02309_patch_2_0.jpg,B2,A2,0.8902
processed_data_cleaned\test\B2\DSC02309_patch_2_1.jpg,B2,A2,0.8342
processed_data_cleaned\test\B2\DSC02309_patch_2_2.jpg,B2,A1,0.4682
processed_data_cleaned\test\B2\DSC02309_patch_2_3.jpg,B2,B1,0.8629
processed_data_cleaned\test\B2\DSC02309_patch_2_5.jpg,B2,A2,0.5242
processed_data_cleaned\test\B2\DSC02309_patch_3_0.jpg,B2,A1,0.513
processed_data_cleaned\test\B2\DSC02309_patch_3_1.jpg,B2,B1,0.9396
processed_data_cleaned\test\B2\DSC02309_patch_3_2.jpg,B2,B1,0.6678
processed_data_cleaned\test\B2\DSC02310_patch_1_4.jpg,B2,A2,0.667
processed_data_cleaned\test\B2\DSC02310_patch_3_4.jpg,B2,B1,0.6307
processed_data_cleaned\test\B2\DSC02311_patch_0_0.jpg,B2,A1,0.8947
processed_data_cleaned\test\B2\DSC02311_patch_0_1.jpg,B2,A1,0.764
processed_data_cleaned\test\B2\DSC02311_patch_1_4.jpg,B2,A2,0.9676
processed_data_cleaned\test\B2\DSC02311_patch_2_4.jpg,B2,A2,0.8001
processed_data_cleaned\test\B2\DSC02311_patch_2_5.jpg,B2,B1,0.8271
processed_data_cleaned\test\B2\DSC02311_patch_3_1.jpg,B2,B1,0.5091
processed_data_cleaned\test\B2\DSC02311_patch_3_4.jpg,B2,B1,0.8051
processed_data_cleaned\test\B2\DSC02460_patch_0_0.jpg,B2,A1,0.9644
processed_data_cleaned\test\B2\DSC02460_patch_0_2.jpg,B2,B1,0.5665
processed_data_cleaned\test\B2\DSC02460_patch_1_0.jpg,B2,B1,0.743
processed_data_cleaned\test\B2\DSC02460_patch_1_4.jpg,B2,A2,0.9894
processed_data_cleaned\test\B2\DSC02460_patch_2_0.jpg,B2,B1,0.8884
processed_data_cleaned\test\B2\DSC02460_patch_2_3.jpg,B2,B1,0.3539
processed_data_cleaned\test\B2\DSC02460_patch_2_4.jpg,B2,B1,0.6404
processed_data_cleaned\test\B2\DSC02460_patch_3_0.jpg,B2,B1,0.7497
processed_data_cleaned\test\B2\DSC07432_patch_0_4.jpg,B2,B1,0.7228
processed_data_cleaned\test\B2\DSC07432_patch_1_4.jpg,B2,B1,0.9997
processed_data_cleaned\test\B2\DSC07432_patch_2_4.jpg,B2,B1,0.9993
processed_data_cleaned\test\B2\DSC07432_patch_2_5.jpg,B2,B1,0.9713
processed_data_cleaned\test\B2\DSC07432_patch_3_4.jpg,B2,B1,0.6643
processed_data_cleaned\test\B2\DSC07433_patch_0_2.jpg,B2,B1,0.8755
processed_data_cleaned\test\B2\DSC07433_patch_0_3.jpg,B2,B1,0.9431
processed_data_cleaned\test\B2\DSC07433_patch_1_1.jpg,B2,B1,0.9915
processed_data_cleaned\test\B2\DSC07433_patch_1_2.jpg,B2,B1,0.9563
processed_data_cleaned\test\B2\DSC07433_patch_3_2.jpg,B2,B1,0.7043
processed_data_cleaned\test\B2\DSC07433_patch_3_3.jpg,B2,B1,0.4641
processed_data_cleaned\test\B2\DSC07433_patch_3_4.jpg,B2,A2,0.7883
processed_data_cleaned\test\B2\DSC07434_patch_1_0.jpg,B2,A1,0.9356
processed_data_cleaned\test\B2\DSC07434_patch_1_1.jpg,B2,A1,0.9923
processed_data_cleaned\test\B2\DSC07434_patch_1_2.jpg,B2,B1,0.5495
processed_data_cleaned\test\B2\DSC07434_patch_3_0.jpg,B2,B1,0.9713
processed_data_cleaned\test\B2\DSC07434_patch_3_1.jpg,B2,B1,0.9427
processed_data_cleaned\test\B2\DSC07434_patch_3_2.jpg,B2,B1,0.8259
processed_data_cleaned\test\B2\DSC07434_patch_3_3.jpg,B2,B1,0.7582
processed_data_cleaned\test\B2\DSC07435_patch_1_0.jpg,B2,A1,0.9498
processed_data_cleaned\test\B2\DSC07435_patch_1_5.jpg,B2,A2,0.7206
processed_data_cleaned\test\B2\DSC07435_patch_2_3.jpg,B2,B1,0.5394
processed_data_cleaned\test\B2\DSC07435_patch_2_4.jpg,B2,A1,0.5495
processed_data_cleaned\test\B2\DSC07435_patch_2_5.jpg,B2,B1,0.8907
processed_data_cleaned\test\B2\DSC07435_patch_3_1.jpg,B2,B1,0.5717
processed_data_cleaned\test\B2\DSC07435_patch_3_2.jpg,B2,A1,0.9877
processed_data_cleaned\test\B2\DSC07435_patch_3_3.jpg,B2,A1,0.5253
processed_data_cleaned\test\B2\DSC07436_patch_2_2.jpg,B2,B1,0.5522
processed_data_cleaned\test\B2\DSC07436_patch_2_5.jpg,B2,A2,0.9397
processed_data_cleaned\test\B2\DSC07436_patch_3_2.jpg,B2,A1,0.9982
processed_data_cleaned\test\B2\DSC07436_patch_3_3.jpg,B2,A1,0.9971
processed_data_cleaned\test\B2\DSC07437_patch_0_0.jpg,B2,A2,0.9209
processed_data_cleaned\test\B2\DSC07437_patch_0_3.jpg,B2,B1,0.6312
processed_data_cleaned\test\B2\DSC07437_patch_1_1.jpg,B2,B1,0.9468
processed_data_cleaned\test\B2\DSC07437_patch_2_0.jpg,B2,B1,0.9431
processed_data_cleaned\test\B2\DSC07437_patch_2_1.jpg,B2,B1,0.9945
processed_data_cleaned\test\B2\DSC07437_patch_2_2.jpg,B2,B1,0.9998
processed_data_cleaned\test\B2\DSC07437_patch_3_0.jpg,B2,B1,0.9625
processed_data_cleaned\test\B2\DSC07437_patch_3_2.jpg,B2,B1,0.9918
processed_data_cleaned\test\B2\DSC07438_patch_0_1.jpg,B2,A2,0.9858
processed_data_cleaned\test\B2\DSC07438_patch_1_1.jpg,B2,B1,0.9834
processed_data_cleaned\test\B2\DSC07438_patch_1_2.jpg,B2,B1,0.4619
processed_data_cleaned\test\B2\DSC07438_patch_1_4.jpg,B2,B1,0.889
processed_data_cleaned\test\B2\DSC07438_patch_2_1.jpg,B2,B1,0.9981
processed_data_cleaned\test\B2\DSC07438_patch_2_2.jpg,B2,B1,0.9984
processed_data_cleaned\test\B2\DSC07438_patch_2_3.jpg,B2,A1,0.6595
processed_data_cleaned\test\B2\DSC07438_patch_3_1.jpg,B2,B1,0.9957
processed_data_cleaned\test\B2\DSC07438_patch_3_2.jpg,B2,A2,0.3515
processed_data_cleaned\test\B2\DSC07438_patch_3_3.jpg,B2,B1,0.983
processed_data_cleaned\test\B2\DSC07439_patch_1_1.jpg,B2,A2,0.9989
processed_data_cleaned\test\B2\DSC07439_patch_1_2.jpg,B2,B1,0.7212
processed_data_cleaned\test\B2\DSC07439_patch_2_1.jpg,B2,A1,0.7182
processed_data_cleaned\test\B2\DSC07439_patch_2_2.jpg,B2,B1,0.992
processed_data_cleaned\test\B2\DSC07439_patch_2_3.jpg,B2,A2,0.7224
processed_data_cleaned\test\B2\DSC07439_patch_3_1.jpg,B2,B1,0.5517
processed_data_cleaned\test\B2\DSC07439_patch_3_4.jpg,B2,B1,0.991
processed_data_cleaned\test\B2\DSC07439_patch_3_5.jpg,B2,B1,0.9055
processed_data_cleaned\test\B2\DSC07440_patch_0_1.jpg,B2,A2,0.7311
processed_data_cleaned\test\B2\DSC07440_patch_0_2.jpg,B2,B1,0.3696
processed_data_cleaned\test\B2\DSC07440_patch_0_3.jpg,B2,A2,0.7043
processed_data_cleaned\test\B2\DSC07440_patch_0_5.jpg,B2,B1,0.7229
processed_data_cleaned\test\B2\DSC07440_patch_1_3.jpg,B2,A1,0.9023
processed_data_cleaned\test\B2\DSC07440_patch_1_4.jpg,B2,A1,0.6948
processed_data_cleaned\test\B2\DSC07441_patch_0_3.jpg,B2,B1,0.9045
processed_data_cleaned\test\B2\DSC07441_patch_0_4.jpg,B2,B1,0.8333
processed_data_cleaned\test\B2\DSC07441_patch_1_1.jpg,B2,A1,0.9997
processed_data_cleaned\test\B2\DSC07441_patch_1_2.jpg,B2,A1,0.9734
processed_data_cleaned\test\B2\DSC07441_patch_1_4.jpg,B2,B1,0.9115
processed_data_cleaned\test\B2\DSC07441_patch_2_1.jpg,B2,A1,0.6766
processed_data_cleaned\test\B2\DSC07441_patch_2_2.jpg,B2,A1,0.5117
processed_data_cleaned\test\B2\DSC07441_patch_2_3.jpg,B2,B1,0.9963
processed_data_cleaned\test\B2\DSC07441_patch_3_0.jpg,B2,B1,0.7824
processed_data_cleaned\test\B2\DSC07441_patch_3_1.jpg,B2,A1,0.9901
processed_data_cleaned\test\B2\DSC07441_patch_3_2.jpg,B2,B1,0.5162
processed_data_cleaned\test\B2\DSC07442_patch_0_0.jpg,B2,A2,0.991
processed_data_cleaned\test\B2\DSC07442_patch_0_1.jpg,B2,A1,0.9339
processed_data_cleaned\test\B2\DSC07442_patch_1_0.jpg,B2,B1,0.5788
processed_data_cleaned\test\B2\DSC07442_patch_1_4.jpg,B2,B1,0.739
processed_data_cleaned\test\B2\DSC07442_patch_2_1.jpg,B2,A2,0.8082
processed_data_cleaned\test\B2\DSC07442_patch_2_2.jpg,B2,A1,0.5057
processed_data_cleaned\test\B2\DSC07442_patch_3_0.jpg,B2,A2,0.5266
processed_data_cleaned\test\B2\DSC07443_patch_0_3.jpg,B2,A2,0.5963
processed_data_cleaned\test\B2\DSC07443_patch_3_3.jpg,B2,B1,0.7102
processed_data_cleaned\test\B2\DSC07444_patch_1_3.jpg,B2,A1,0.7228
processed_data_cleaned\test\B2\DSC07444_patch_1_4.jpg,B2,B1,0.865
processed_data_cleaned\test\B2\DSC07444_patch_2_5.jpg,B2,B1,0.8487
processed_data_cleaned\test\B2\DSC07444_patch_3_5.jpg,B2,B1,0.7762
processed_data_cleaned\test\B2\DSC07445_patch_1_4.jpg,B2,B1,0.4801
processed_data_cleaned\test\B2\DSC07445_patch_1_5.jpg,B2,A1,0.4769
processed_data_cleaned\test\B2\DSC07445_patch_2_2.jpg,B2,A2,0.9278
processed_data_cleaned\test\B2\DSC07445_patch_3_3.jpg,B2,B1,0.7464
processed_data_cleaned\test\B2\DSC07445_patch_3_5.jpg,B2,A1,0.8462
processed_data_cleaned\test\B2\DSC07446_patch_1_0.jpg,B2,B1,0.664
processed_data_cleaned\test\B2\DSC07446_patch_1_1.jpg,B2,B1,0.9969
processed_data_cleaned\test\B2\DSC07446_patch_1_2.jpg,B2,B1,1.0
processed_data_cleaned\test\B2\DSC07446_patch_2_3.jpg,B2,B1,0.9999
processed_data_cleaned\test\B2\DSC07446_patch_2_4.jpg,B2,B1,0.9617
processed_data_cleaned\test\B2\DSC07446_patch_3_0.jpg,B2,A2,0.9886
processed_data_cleaned\test\B2\DSC07446_patch_3_1.jpg,B2,B1,0.8299
processed_data_cleaned\test\B2\DSC07446_patch_3_2.jpg,B2,A2,0.9982
processed_data_cleaned\test\B2\DSC07449_patch_2_3.jpg,B2,B1,0.9223
processed_data_cleaned\test\B2\DSC07449_patch_2_5.jpg,B2,A1,0.4261
processed_data_cleaned\test\B2\DSC07449_patch_3_2.jpg,B2,A2,0.4514
processed_data_cleaned\test\B2\DSC07450_patch_0_2.jpg,B2,A1,0.6447
processed_data_cleaned\test\B2\DSC07450_patch_0_3.jpg,B2,B1,0.9852
processed_data_cleaned\test\B2\DSC07450_patch_0_4.jpg,B2,B1,0.4363
processed_data_cleaned\test\B2\DSC07450_patch_0_5.jpg,B2,A1,0.8384
processed_data_cleaned\test\B2\DSC07450_patch_1_1.jpg,B2,B1,0.4241
processed_data_cleaned\test\B2\DSC07450_patch_1_2.jpg,B2,A1,0.8869
processed_data_cleaned\test\B2\DSC07450_patch_1_4.jpg,B2,B1,0.553
processed_data_cleaned\test\B2\DSC07450_patch_2_0.jpg,B2,A2,0.4945
processed_data_cleaned\test\B2\DSC07450_patch_2_2.jpg,B2,A1,0.8591
processed_data_cleaned\test\B2\DSC07450_patch_2_3.jpg,B2,A2,0.8191
processed_data_cleaned\test\B2\DSC07450_patch_2_5.jpg,B2,A1,0.4044
processed_data_cleaned\test\B2\DSC07450_patch_3_1.jpg,B2,A2,0.5459
processed_data_cleaned\test\B2\DSC07450_patch_3_2.jpg,B2,A1,0.9569
processed_data_cleaned\test\B2\DSC07451_patch_0_0.jpg,B2,B1,0.8061
processed_data_cleaned\test\B2\DSC07451_patch_0_2.jpg,B2,B1,0.872
processed_data_cleaned\test\B2\DSC07451_patch_0_3.jpg,B2,B1,0.9315
processed_data_cleaned\test\B2\DSC07451_patch_1_1.jpg,B2,A1,0.9178
processed_data_cleaned\test\B2\DSC07451_patch_1_2.jpg,B2,B1,0.8988
processed_data_cleaned\test\B2\DSC07451_patch_1_3.jpg,B2,A2,0.7695
processed_data_cleaned\test\B2\DSC07451_patch_3_0.jpg,B2,A2,0.8448
processed_data_cleaned\test\B2\DSC07451_patch_3_1.jpg,B2,A1,0.8932
processed_data_cleaned\test\B2\DSC07451_patch_3_4.jpg,B2,B1,0.6876
processed_data_cleaned\test\B2\DSC07452_patch_1_0.jpg,B2,B1,0.9982
processed_data_cleaned\test\B2\DSC07452_patch_1_1.jpg,B2,B1,0.9826
processed_data_cleaned\test\B2\DSC07452_patch_1_2.jpg,B2,B1,0.9973
processed_data_cleaned\test\B2\DSC07452_patch_2_0.jpg,B2,A2,0.9033
processed_data_cleaned\test\B2\DSC07452_patch_2_2.jpg,B2,A1,0.7366
processed_data_cleaned\test\B2\DSC07452_patch_2_3.jpg,B2,B1,0.9697
processed_data_cleaned\test\B2\DSC07452_patch_2_4.jpg,B2,B1,0.9983
processed_data_cleaned\test\B2\DSC07452_patch_2_5.jpg,B2,B1,0.9987
processed_data_cleaned\test\B2\DSC07452_patch_3_1.jpg,B2,B1,0.9951
processed_data_cleaned\test\B2\DSC07452_patch_3_2.jpg,B2,B1,0.5982
processed_data_cleaned\test\B2\DSC07452_patch_3_3.jpg,B2,A2,0.5716
processed_data_cleaned\test\B2\DSC07452_patch_3_4.jpg,B2,B1,0.9616
processed_data_cleaned\test\B2\DSC07452_patch_3_5.jpg,B2,A1,0.7154
processed_data_cleaned\test\B2\DSC07453_patch_0_0.jpg,B2,B1,0.6166
processed_data_cleaned\test\B2\DSC07453_patch_0_1.jpg,B2,A2,0.852
processed_data_cleaned\test\B2\DSC07453_patch_0_3.jpg,B2,A2,0.9686
processed_data_cleaned\test\B2\DSC07453_patch_1_2.jpg,B2,A1,0.9559
processed_data_cleaned\test\B2\DSC07453_patch_1_3.jpg,B2,A1,0.9664
processed_data_cleaned\test\B2\DSC07453_patch_1_4.jpg,B2,A1,0.9732
processed_data_cleaned\test\B2\DSC07453_patch_2_5.jpg,B2,A1,0.8694
processed_data_cleaned\test\B2\DSC07454_patch_1_5.jpg,B2,B1,0.9613
processed_data_cleaned\test\B2\DSC07454_patch_2_1.jpg,B2,B1,0.9918
processed_data_cleaned\test\B2\DSC07454_patch_2_2.jpg,B2,B1,0.9921
processed_data_cleaned\test\B2\DSC07455_patch_0_0.jpg,B2,A1,0.9698
processed_data_cleaned\test\B2\DSC07455_patch_0_1.jpg,B2,B1,0.9012
processed_data_cleaned\test\B2\DSC07455_patch_1_1.jpg,B2,B1,0.9097
processed_data_cleaned\test\B2\DSC07455_patch_3_2.jpg,B2,A1,0.917
processed_data_cleaned\test\B2\DSC07456_patch_0_2.jpg,B2,A1,0.6056
processed_data_cleaned\test\B2\DSC07457_patch_2_5.jpg,B2,B1,0.5783
processed_data_cleaned\test\B2\DSC07458_patch_0_2.jpg,B2,B1,0.8215
processed_data_cleaned\test\B2\DSC07458_patch_1_3.jpg,B2,A2,0.948
processed_data_cleaned\test\B2\DSC07458_patch_1_4.jpg,B2,A2,0.5705
processed_data_cleaned\test\B2\DSC07458_patch_2_0.jpg,B2,B1,0.854
processed_data_cleaned\test\B2\DSC07458_patch_2_4.jpg,B2,B1,0.7994
processed_data_cleaned\test\B2\DSC07458_patch_2_5.jpg,B2,B1,0.4776
processed_data_cleaned\test\B2\DSC07458_patch_3_0.jpg,B2,B1,0.6822
processed_data_cleaned\test\B2\DSC07459_patch_3_1.jpg,B2,A1,0.5003
processed_data_cleaned\test\B2\DSC07459_patch_3_2.jpg,B2,A1,0.5646
processed_data_cleaned\test\B2\DSC07460_patch_0_0.jpg,B2,A1,0.9071
processed_data_cleaned\test\B2\DSC07460_patch_0_1.jpg,B2,A1,0.9968
processed_data_cleaned\test\B2\DSC07460_patch_0_4.jpg,B2,A1,0.9993
processed_data_cleaned\test\B2\DSC07460_patch_1_0.jpg,B2,A1,0.6955
processed_data_cleaned\test\B2\DSC07460_patch_1_1.jpg,B2,A1,0.6522
processed_data_cleaned\test\B2\DSC07460_patch_1_2.jpg,B2,A1,0.7309
processed_data_cleaned\test\B2\DSC07460_patch_1_3.jpg,B2,B1,0.9349
processed_data_cleaned\test\B2\DSC07460_patch_2_0.jpg,B2,A1,0.6289
processed_data_cleaned\test\B2\DSC07460_patch_2_1.jpg,B2,A1,0.5042
processed_data_cleaned\test\B2\DSC07460_patch_2_4.jpg,B2,B1,0.9094
processed_data_cleaned\test\B2\DSC07460_patch_3_0.jpg,B2,B1,0.9848
processed_data_cleaned\test\B2\DSC07460_patch_3_1.jpg,B2,A1,0.9651
processed_data_cleaned\test\B2\DSC07460_patch_3_2.jpg,B2,A2,0.5974
processed_data_cleaned\test\B2\DSC07460_patch_3_4.jpg,B2,B1,0.9721
processed_data_cleaned\test\B2\DSC07460_patch_3_5.jpg,B2,B1,0.7707
processed_data_cleaned\test\B2\DSC07461_patch_0_0.jpg,B2,A1,0.9952
processed_data_cleaned\test\B2\DSC07461_patch_0_1.jpg,B2,A1,0.5399
processed_data_cleaned\test\B2\DSC07461_patch_0_3.jpg,B2,A1,0.9995
processed_data_cleaned\test\B2\DSC07461_patch_1_0.jpg,B2,A1,0.6387
processed_data_cleaned\test\B2\DSC07461_patch_1_2.jpg,B2,A1,0.5699
processed_data_cleaned\test\B2\DSC07461_patch_1_3.jpg,B2,A1,0.9975
processed_data_cleaned\test\B2\DSC07461_patch_2_3.jpg,B2,B1,0.7312
processed_data_cleaned\test\B2\DSC07461_patch_3_0.jpg,B2,B1,0.9991
processed_data_cleaned\test\B2\DSC07461_patch_3_4.jpg,B2,A1,0.6329
processed_data_cleaned\test\B2\DSC07461_patch_3_5.jpg,B2,A1,0.4431
processed_data_cleaned\test\B2\DSC07463_patch_1_2.jpg,B2,B1,0.9957
processed_data_cleaned\test\B2\DSC07463_patch_1_3.jpg,B2,B1,0.8646
processed_data_cleaned\test\B2\DSC07463_patch_2_4.jpg,B2,B1,0.8747
processed_data_cleaned\test\B2\DSC07464_patch_0_0.jpg,B2,A1,0.9875
processed_data_cleaned\test\B2\DSC07464_patch_0_2.jpg,B2,B1,0.7551
processed_data_cleaned\test\B2\DSC07464_patch_0_3.jpg,B2,B1,0.5345
processed_data_cleaned\test\B2\DSC07464_patch_2_5.jpg,B2,A1,0.9501
processed_data_cleaned\test\B2\DSC07466_patch_0_3.jpg,B2,A1,0.9916
processed_data_cleaned\test\B2\DSC07466_patch_1_3.jpg,B2,A1,0.7432
processed_data_cleaned\test\B2\DSC07467_patch_0_3.jpg,B2,A1,0.9911
processed_data_cleaned\test\B2\DSC07467_patch_0_4.jpg,B2,A1,0.9453
processed_data_cleaned\test\B2\DSC07467_patch_0_5.jpg,B2,B1,0.5808
processed_data_cleaned\test\B2\DSC07467_patch_2_0.jpg,B2,B1,0.7041
processed_data_cleaned\test\B2\DSC07467_patch_2_3.jpg,B2,B1,0.9205
processed_data_cleaned\test\B2\DSC07468_patch_1_2.jpg,B2,B1,0.9426
processed_data_cleaned\test\B2\DSC07468_patch_1_5.jpg,B2,A1,1.0
processed_data_cleaned\test\B2\DSC07468_patch_2_0.jpg,B2,B1,0.8234
processed_data_cleaned\test\B2\DSC07468_patch_2_2.jpg,B2,B1,0.6049
processed_data_cleaned\test\B2\DSC07468_patch_3_1.jpg,B2,B1,0.6096
processed_data_cleaned\test\B2\DSC07468_patch_3_2.jpg,B2,B1,0.5656
processed_data_cleaned\test\B2\DSC07468_patch_3_3.jpg,B2,B1,0.7223
processed_data_cleaned\test\B2\DSC07468_patch_3_5.jpg,B2,B1,0.8902
processed_data_cleaned\test\B2\DSC07469_patch_0_0.jpg,B2,B1,0.7724
processed_data_cleaned\test\B2\DSC07469_patch_1_3.jpg,B2,A1,0.9996
processed_data_cleaned\test\B2\DSC07469_patch_1_5.jpg,B2,B1,0.9636
processed_data_cleaned\test\B2\DSC07469_patch_2_3.jpg,B2,A1,0.9977
processed_data_cleaned\test\B2\DSC07469_patch_2_4.jpg,B2,B1,0.9103
processed_data_cleaned\test\B2\DSC07470_patch_2_1.jpg,B2,A1,0.9462
processed_data_cleaned\test\B2\DSC07470_patch_2_4.jpg,B2,A1,0.9943
processed_data_cleaned\test\B2\DSC07470_patch_3_2.jpg,B2,A1,0.9998
processed_data_cleaned\test\B2\DSC07471_patch_0_3.jpg,B2,B1,0.821
processed_data_cleaned\test\B2\DSC07471_patch_1_4.jpg,B2,B1,0.9795
processed_data_cleaned\test\B2\DSC07471_patch_2_3.jpg,B2,A1,0.5639
processed_data_cleaned\test\B2\DSC07472_patch_0_0.jpg,B2,A1,1.0
processed_data_cleaned\test\B2\DSC07472_patch_0_2.jpg,B2,A1,0.991
processed_data_cleaned\test\B2\DSC07472_patch_2_0.jpg,B2,A1,0.8753
processed_data_cleaned\test\B2\DSC07472_patch_2_1.jpg,B2,A1,0.8097
processed_data_cleaned\test\B2\DSC07472_patch_3_1.jpg,B2,B1,0.8256
processed_data_cleaned\test\B2\DSC07472_patch_3_2.jpg,B2,B1,0.9646
processed_data_cleaned\test\B2\DSC07473_patch_0_1.jpg,B2,A1,0.9984
processed_data_cleaned\test\B2\DSC07473_patch_0_3.jpg,B2,A1,0.795
processed_data_cleaned\test\B2\DSC07473_patch_0_5.jpg,B2,A1,0.7287
processed_data_cleaned\test\B2\DSC07473_patch_2_2.jpg,B2,B1,0.5371
processed_data_cleaned\test\B2\DSC07474_patch_0_2.jpg,B2,A1,0.897
processed_data_cleaned\test\B2\DSC07474_patch_1_0.jpg,B2,A1,0.9915
processed_data_cleaned\test\B2\DSC07474_patch_1_3.jpg,B2,A1,0.7024
processed_data_cleaned\test\B2\DSC07474_patch_2_2.jpg,B2,A1,0.7121
processed_data_cleaned\test\B2\DSC07474_patch_2_3.jpg,B2,A1,0.8143
processed_data_cleaned\test\B2\DSC07474_patch_3_0.jpg,B2,B1,0.9999
processed_data_cleaned\test\B2\DSC07475_patch_0_3.jpg,B2,A1,0.9795
processed_data_cleaned\test\B2\DSC07475_patch_1_1.jpg,B2,A1,0.9744
processed_data_cleaned\test\B2\DSC07475_patch_1_3.jpg,B2,A1,0.5758
processed_data_cleaned\test\B2\DSC07475_patch_2_0.jpg,B2,A1,0.5803
processed_data_cleaned\test\B2\DSC07475_patch_2_3.jpg,B2,B1,0.973
processed_data_cleaned\test\B2\DSC07475_patch_3_0.jpg,B2,A1,0.5628
processed_data_cleaned\test\B2\DSC07475_patch_3_1.jpg,B2,A1,0.4146
processed_data_cleaned\test\B2\DSC07476_patch_0_2.jpg,B2,A1,0.8939
processed_data_cleaned\test\B2\DSC07476_patch_1_1.jpg,B2,A1,0.7925
processed_data_cleaned\test\B2\DSC07476_patch_3_1.jpg,B2,A1,0.9745
processed_data_cleaned\test\B2\DSC07477_patch_2_5.jpg,B2,A1,0.9484
processed_data_cleaned\test\B2\DSC07477_patch_3_5.jpg,B2,A1,0.769
processed_data_cleaned\test\B2\DSC07478_patch_1_1.jpg,B2,B1,0.8982
processed_data_cleaned\test\B2\DSC07479_patch_0_0.jpg,B2,B1,0.9971
processed_data_cleaned\test\B2\DSC07479_patch_0_4.jpg,B2,A1,0.811
processed_data_cleaned\test\B2\DSC07479_patch_1_4.jpg,B2,A1,0.5704
processed_data_cleaned\test\B2\DSC07479_patch_1_5.jpg,B2,A1,0.5067
processed_data_cleaned\test\B2\DSC07479_patch_2_3.jpg,B2,A1,0.8047
processed_data_cleaned\test\B2\DSC07479_patch_3_0.jpg,B2,B1,0.75
processed_data_cleaned\test\B2\DSC07479_patch_3_1.jpg,B2,A1,0.8274
processed_data_cleaned\test\B2\DSC07480_patch_0_0.jpg,B2,A1,0.6834
processed_data_cleaned\test\B2\DSC07480_patch_0_2.jpg,B2,B1,0.6239
processed_data_cleaned\test\B2\DSC07480_patch_1_0.jpg,B2,A1,0.5494
processed_data_cleaned\test\B2\DSC07480_patch_1_1.jpg,B2,A2,0.8162
processed_data_cleaned\test\B2\DSC07480_patch_1_2.jpg,B2,B1,0.729
processed_data_cleaned\test\B2\DSC07480_patch_2_0.jpg,B2,A1,0.5819
processed_data_cleaned\test\B2\DSC07480_patch_2_2.jpg,B2,B1,0.8276
processed_data_cleaned\test\B2\DSC07480_patch_2_4.jpg,B2,B1,0.9334
processed_data_cleaned\test\B2\DSC07480_patch_3_3.jpg,B2,B1,0.757
processed_data_cleaned\test\B2\DSC07480_patch_3_5.jpg,B2,A2,0.9699
processed_data_cleaned\test\B2\DSC07481_patch_0_0.jpg,B2,A1,0.4467
processed_data_cleaned\test\B2\DSC07481_patch_0_1.jpg,B2,B1,0.6708
processed_data_cleaned\test\B2\DSC07481_patch_1_1.jpg,B2,B1,0.5715
processed_data_cleaned\test\B2\DSC07481_patch_2_0.jpg,B2,A2,0.9046
processed_data_cleaned\test\B2\DSC07481_patch_2_1.jpg,B2,B1,0.9672
processed_data_cleaned\test\B2\DSC07481_patch_2_2.jpg,B2,A1,0.5722
processed_data_cleaned\test\B2\DSC07481_patch_2_4.jpg,B2,A2,0.4013
processed_data_cleaned\test\B2\DSC07481_patch_3_2.jpg,B2,B1,0.9071
processed_data_cleaned\test\B2\DSC07481_patch_3_5.jpg,B2,A2,0.9564
processed_data_cleaned\test\B2\DSC07482_patch_0_0.jpg,B2,A1,0.7544
processed_data_cleaned\test\B2\DSC07482_patch_1_3.jpg,B2,B1,0.8159
processed_data_cleaned\test\B2\DSC07482_patch_2_1.jpg,B2,A1,0.6541
processed_data_cleaned\test\B2\DSC07482_patch_2_2.jpg,B2,B1,0.9591
processed_data_cleaned\test\B2\DSC07483_patch_0_1.jpg,B2,B1,0.5666
processed_data_cleaned\test\B2\DSC07483_patch_0_2.jpg,B2,B1,0.954
processed_data_cleaned\test\B2\DSC07483_patch_0_3.jpg,B2,A1,0.7868
processed_data_cleaned\test\B2\DSC07483_patch_0_5.jpg,B2,B1,0.8707
processed_data_cleaned\test\B2\DSC07483_patch_1_0.jpg,B2,A1,0.6439
processed_data_cleaned\test\B2\DSC07483_patch_1_1.jpg,B2,A1,0.7931
processed_data_cleaned\test\B2\DSC07483_patch_1_5.jpg,B2,A2,0.7565
processed_data_cleaned\test\B2\DSC07483_patch_3_1.jpg,B2,B1,0.5893
processed_data_cleaned\test\B2\DSC07483_patch_3_3.jpg,B2,B1,0.9542
processed_data_cleaned\test\B2\DSC07484_patch_0_0.jpg,B2,B1,0.5508
processed_data_cleaned\test\B2\DSC07484_patch_0_1.jpg,B2,B1,0.4872
processed_data_cleaned\test\B2\DSC07484_patch_1_4.jpg,B2,B1,0.8836
processed_data_cleaned\test\B2\DSC07484_patch_2_0.jpg,B2,B1,0.8087
processed_data_cleaned\test\B2\DSC07484_patch_2_1.jpg,B2,A1,0.918
processed_data_cleaned\test\B2\DSC07485_patch_0_0.jpg,B2,A1,0.3546
processed_data_cleaned\test\B2\DSC07485_patch_1_0.jpg,B2,B1,0.8978
processed_data_cleaned\test\B2\DSC07485_patch_1_1.jpg,B2,A1,0.5763
processed_data_cleaned\test\B2\DSC07485_patch_1_2.jpg,B2,B1,0.714
processed_data_cleaned\test\B2\DSC07485_patch_1_3.jpg,B2,A2,0.9029
processed_data_cleaned\test\B2\DSC07485_patch_1_5.jpg,B2,A1,0.4873
processed_data_cleaned\test\B2\DSC07485_patch_2_0.jpg,B2,B1,0.8868
processed_data_cleaned\test\B2\DSC07485_patch_2_1.jpg,B2,A2,0.5499
processed_data_cleaned\test\B2\DSC07485_patch_2_5.jpg,B2,A2,0.9934
processed_data_cleaned\test\B2\DSC07485_patch_3_0.jpg,B2,B1,0.5221
processed_data_cleaned\test\B2\DSC07486_patch_0_5.jpg,B2,B1,0.6781
processed_data_cleaned\test\B2\DSC07486_patch_1_0.jpg,B2,B1,0.7253
processed_data_cleaned\test\B2\DSC07486_patch_1_2.jpg,B2,B1,0.4822
processed_data_cleaned\test\B2\DSC07486_patch_2_0.jpg,B2,B1,0.4419
processed_data_cleaned\test\B2\DSC07486_patch_2_2.jpg,B2,A2,0.9985
processed_data_cleaned\test\B2\DSC07486_patch_2_3.jpg,B2,A2,0.9422
processed_data_cleaned\test\B2\DSC07486_patch_2_4.jpg,B2,A2,0.8292
processed_data_cleaned\test\B2\DSC07486_patch_2_5.jpg,B2,A1,0.6897
processed_data_cleaned\test\B2\DSC07487_patch_1_0.jpg,B2,B1,0.6886
processed_data_cleaned\test\B2\DSC07487_patch_1_2.jpg,B2,A2,0.6241
processed_data_cleaned\test\B2\DSC07487_patch_2_0.jpg,B2,B1,0.9671
processed_data_cleaned\test\B2\DSC07487_patch_2_2.jpg,B2,B1,0.8803
processed_data_cleaned\test\B2\DSC07487_patch_2_4.jpg,B2,A1,0.737
processed_data_cleaned\test\B2\DSC07487_patch_3_0.jpg,B2,A1,0.9896
processed_data_cleaned\test\B2\DSC07487_patch_3_4.jpg,B2,B1,0.9485
processed_data_cleaned\test\B2\DSC07488_patch_1_2.jpg,B2,A2,0.875
processed_data_cleaned\test\B2\DSC07488_patch_2_5.jpg,B2,A1,0.5019
processed_data_cleaned\test\B2\DSC07488_patch_3_0.jpg,B2,A1,0.8757
processed_data_cleaned\test\B2\DSC07488_patch_3_1.jpg,B2,A1,0.9715
processed_data_cleaned\test\B2\DSC07488_patch_3_2.jpg,B2,A1,0.8818
processed_data_cleaned\test\B2\DSC07489_patch_0_0.jpg,B2,A1,0.6836
processed_data_cleaned\test\B2\DSC07489_patch_0_2.jpg,B2,A2,0.8598
processed_data_cleaned\test\B2\DSC07489_patch_0_3.jpg,B2,A2,0.8293
processed_data_cleaned\test\B2\DSC07489_patch_1_2.jpg,B2,A1,0.7884
processed_data_cleaned\test\B2\DSC07489_patch_2_3.jpg,B2,A1,0.9978
processed_data_cleaned\test\B2\DSC07489_patch_2_5.jpg,B2,A1,0.8988
processed_data_cleaned\test\B2\DSC07489_patch_3_1.jpg,B2,A1,0.9511
processed_data_cleaned\test\B2\DSC07489_patch_3_2.jpg,B2,A1,0.4356
processed_data_cleaned\test\B2\DSC07489_patch_3_5.jpg,B2,A1,0.9727
processed_data_cleaned\test\B2\DSC07490_patch_0_1.jpg,B2,A1,0.6017
processed_data_cleaned\test\B2\DSC07490_patch_0_3.jpg,B2,A1,0.6906
processed_data_cleaned\test\B2\DSC07490_patch_1_5.jpg,B2,B1,0.8649
processed_data_cleaned\test\B2\DSC07490_patch_2_1.jpg,B2,B1,0.9698
processed_data_cleaned\test\B2\DSC07490_patch_3_3.jpg,B2,A2,0.5513
processed_data_cleaned\test\B2\DSC07491_patch_0_0.jpg,B2,B1,0.4776
processed_data_cleaned\test\B2\DSC07491_patch_0_2.jpg,B2,A1,0.6188
processed_data_cleaned\test\B2\DSC07491_patch_0_3.jpg,B2,A1,0.6013
processed_data_cleaned\test\B2\DSC07491_patch_1_0.jpg,B2,A1,0.7872
processed_data_cleaned\test\B2\DSC07491_patch_1_2.jpg,B2,A1,0.9129
processed_data_cleaned\test\B2\DSC07491_patch_1_4.jpg,B2,B1,0.8859
processed_data_cleaned\test\B2\DSC07491_patch_2_0.jpg,B2,B1,0.9952
processed_data_cleaned\test\B2\DSC07491_patch_2_4.jpg,B2,A1,0.6891
processed_data_cleaned\test\B2\DSC07491_patch_3_1.jpg,B2,B1,0.552
processed_data_cleaned\test\B2\DSC07491_patch_3_2.jpg,B2,A1,0.7407
processed_data_cleaned\test\B2\DSC07492_patch_0_0.jpg,B2,B1,0.9159
processed_data_cleaned\test\B2\DSC07492_patch_0_5.jpg,B2,B1,0.9997
processed_data_cleaned\test\B2\DSC07492_patch_1_1.jpg,B2,A2,0.8011
processed_data_cleaned\test\B2\DSC07492_patch_1_2.jpg,B2,B1,0.9002
processed_data_cleaned\test\B2\DSC07492_patch_1_4.jpg,B2,A1,0.5979
processed_data_cleaned\test\B2\DSC07492_patch_3_0.jpg,B2,A2,0.6226
processed_data_cleaned\test\B2\DSC07494_patch_1_0.jpg,B2,B1,0.9208
processed_data_cleaned\test\B2\DSC07494_patch_1_1.jpg,B2,B1,0.958
processed_data_cleaned\test\B2\DSC07494_patch_1_2.jpg,B2,A1,0.9819
processed_data_cleaned\test\B2\DSC07494_patch_1_5.jpg,B2,B1,0.7176
processed_data_cleaned\test\B2\DSC07495_patch_0_0.jpg,B2,B1,0.9841
processed_data_cleaned\test\B2\DSC07495_patch_0_2.jpg,B2,A1,0.9613
processed_data_cleaned\test\B2\DSC07495_patch_1_2.jpg,B2,A1,0.9555
processed_data_cleaned\test\B2\DSC07495_patch_1_3.jpg,B2,B1,0.4867
processed_data_cleaned\test\B2\DSC07495_patch_1_4.jpg,B2,B1,0.9635
processed_data_cleaned\test\B2\DSC07495_patch_1_5.jpg,B2,B1,0.9904
processed_data_cleaned\test\B2\DSC07495_patch_2_0.jpg,B2,A2,0.9384
processed_data_cleaned\test\B2\DSC07495_patch_2_5.jpg,B2,B1,0.5632
processed_data_cleaned\test\B2\DSC07495_patch_3_0.jpg,B2,A1,0.5637
processed_data_cleaned\test\B2\DSC07496_patch_0_1.jpg,B2,A1,0.4966
processed_data_cleaned\test\B2\DSC07496_patch_0_4.jpg,B2,B1,0.9433
processed_data_cleaned\test\B2\DSC07496_patch_2_1.jpg,B2,A2,0.9648
processed_data_cleaned\test\B2\DSC07496_patch_2_3.jpg,B2,A2,0.9965
processed_data_cleaned\test\B2\DSC07496_patch_3_1.jpg,B2,A2,0.9692
processed_data_cleaned\test\B2\DSC07496_patch_3_3.jpg,B2,B1,0.665
processed_data_cleaned\test\B2\DSC07496_patch_3_4.jpg,B2,A2,0.6152
processed_data_cleaned\test\B2\DSC07497_patch_1_4.jpg,B2,A1,0.9736
processed_data_cleaned\test\B2\DSC07497_patch_2_1.jpg,B2,A1,0.9454
processed_data_cleaned\test\B2\DSC07497_patch_2_2.jpg,B2,A1,0.7735
processed_data_cleaned\test\B2\DSC07497_patch_2_4.jpg,B2,A1,0.9862
processed_data_cleaned\test\B2\DSC07497_patch_3_0.jpg,B2,A2,0.6446
processed_data_cleaned\test\B2\DSC07497_patch_3_1.jpg,B2,A2,0.7235
processed_data_cleaned\test\B2\DSC07497_patch_3_2.jpg,B2,A1,0.9687
processed_data_cleaned\test\B2\DSC07497_patch_3_3.jpg,B2,A1,0.6082
processed_data_cleaned\test\B2\DSC07497_patch_3_4.jpg,B2,A2,0.6984
processed_data_cleaned\test\B2\DSC07497_patch_3_5.jpg,B2,B1,0.515
processed_data_cleaned\test\B2\DSC07498_patch_1_0.jpg,B2,A1,0.7008
processed_data_cleaned\test\B2\DSC07498_patch_1_1.jpg,B2,B1,0.7389
processed_data_cleaned\test\B2\DSC07498_patch_2_1.jpg,B2,A1,0.9302
processed_data_cleaned\test\B2\DSC07498_patch_2_3.jpg,B2,A1,0.999
processed_data_cleaned\test\B2\DSC07498_patch_2_4.jpg,B2,A1,0.9214
processed_data_cleaned\test\B2\DSC07498_patch_3_1.jpg,B2,A1,0.5388
processed_data_cleaned\test\B2\DSC07498_patch_3_2.jpg,B2,A1,0.8771
processed_data_cleaned\test\B2\DSC07498_patch_3_5.jpg,B2,A1,0.6915
processed_data_cleaned\test\B2\DSC07499_patch_2_0.jpg,B2,B1,0.8298
processed_data_cleaned\test\B2\DSC07499_patch_2_1.jpg,B2,A1,0.6266
processed_data_cleaned\test\B2\DSC07499_patch_2_3.jpg,B2,A2,0.9447
processed_data_cleaned\test\B2\DSC07499_patch_2_5.jpg,B2,A1,0.8577
processed_data_cleaned\test\B2\DSC07499_patch_3_0.jpg,B2,A1,0.9978
processed_data_cleaned\test\B2\DSC07499_patch_3_1.jpg,B2,B1,0.7483
processed_data_cleaned\test\B2\DSC07499_patch_3_2.jpg,B2,A2,0.9701
processed_data_cleaned\test\B2\DSC07499_patch_3_3.jpg,B2,A1,0.6668
processed_data_cleaned\test\B2\DSC07499_patch_3_5.jpg,B2,A1,0.9389
processed_data_cleaned\test\B2\DSC07500_patch_0_4.jpg,B2,B1,0.992
processed_data_cleaned\test\B2\DSC07500_patch_0_5.jpg,B2,B1,0.5454
processed_data_cleaned\test\B2\DSC07500_patch_1_1.jpg,B2,B1,0.544
processed_data_cleaned\test\B2\DSC07500_patch_1_3.jpg,B2,B1,0.9729
processed_data_cleaned\test\B2\DSC07500_patch_1_4.jpg,B2,B1,0.9899
processed_data_cleaned\test\B2\DSC07500_patch_1_5.jpg,B2,B1,0.8163
processed_data_cleaned\test\B2\DSC07500_patch_2_0.jpg,B2,A1,0.9853
processed_data_cleaned\test\B2\DSC07500_patch_2_3.jpg,B2,B1,0.9898
processed_data_cleaned\test\B2\DSC07500_patch_2_4.jpg,B2,A1,0.7163
processed_data_cleaned\test\B2\DSC07500_patch_2_5.jpg,B2,A1,0.4669
processed_data_cleaned\test\B2\DSC07502_patch_0_1.jpg,B2,B1,0.9833
processed_data_cleaned\test\B2\DSC07502_patch_0_2.jpg,B2,A1,0.9847
processed_data_cleaned\test\B2\DSC07502_patch_0_3.jpg,B2,A1,0.9893
processed_data_cleaned\test\B2\DSC07502_patch_0_4.jpg,B2,A1,0.789
processed_data_cleaned\test\B2\DSC07502_patch_1_1.jpg,B2,B1,0.9925
processed_data_cleaned\test\B2\DSC07502_patch_1_2.jpg,B2,B1,0.9123
processed_data_cleaned\test\B2\DSC07502_patch_1_3.jpg,B2,B1,0.6929
processed_data_cleaned\test\B2\DSC07502_patch_1_4.jpg,B2,B1,0.8804
processed_data_cleaned\test\B2\DSC07502_patch_2_0.jpg,B2,A1,0.8307
processed_data_cleaned\test\B2\DSC07502_patch_3_3.jpg,B2,A1,0.4536
processed_data_cleaned\test\B2\DSC07503_patch_0_2.jpg,B2,B1,0.9707
processed_data_cleaned\test\B2\DSC07503_patch_0_4.jpg,B2,B1,0.8145
processed_data_cleaned\test\B2\DSC07503_patch_0_5.jpg,B2,A1,0.8153
processed_data_cleaned\test\B2\DSC07503_patch_1_0.jpg,B2,B1,0.9991
processed_data_cleaned\test\B2\DSC07503_patch_1_2.jpg,B2,B1,0.9023
processed_data_cleaned\test\B2\DSC07503_patch_1_3.jpg,B2,B1,0.9589
processed_data_cleaned\test\B2\DSC07503_patch_1_4.jpg,B2,B1,0.9835
processed_data_cleaned\test\B2\DSC07503_patch_1_5.jpg,B2,B1,0.9947
processed_data_cleaned\test\B2\DSC07503_patch_2_0.jpg,B2,B1,0.9977
processed_data_cleaned\test\B2\DSC07503_patch_2_1.jpg,B2,B1,0.642
processed_data_cleaned\test\B2\DSC07503_patch_2_2.jpg,B2,B1,0.9996
processed_data_cleaned\test\B2\DSC07503_patch_2_3.jpg,B2,B1,0.9998
processed_data_cleaned\test\B2\DSC07503_patch_3_0.jpg,B2,A1,0.8679
processed_data_cleaned\test\B2\DSC07504_patch_0_1.jpg,B2,B1,0.9961
processed_data_cleaned\test\B2\DSC07504_patch_0_2.jpg,B2,A1,0.5906
processed_data_cleaned\test\B2\DSC07504_patch_0_3.jpg,B2,A1,0.5433
processed_data_cleaned\test\B2\DSC07504_patch_0_4.jpg,B2,A1,0.9511
processed_data_cleaned\test\B2\DSC07504_patch_1_1.jpg,B2,B1,0.9283
processed_data_cleaned\test\B2\DSC07504_patch_1_2.jpg,B2,B1,0.622
processed_data_cleaned\test\B2\DSC07504_patch_1_3.jpg,B2,A1,1.0
processed_data_cleaned\test\B2\DSC07504_patch_2_1.jpg,B2,B1,0.9987
processed_data_cleaned\test\B2\DSC07504_patch_2_2.jpg,B2,B1,0.8591
processed_data_cleaned\test\B2\DSC07504_patch_2_3.jpg,B2,B1,0.3961
processed_data_cleaned\test\B2\DSC07504_patch_2_4.jpg,B2,A1,0.6468
processed_data_cleaned\test\B2\DSC07504_patch_2_5.jpg,B2,A1,0.6616
processed_data_cleaned\test\B2\DSC07504_patch_3_0.jpg,B2,A1,0.9338
processed_data_cleaned\test\B2\DSC07504_patch_3_1.jpg,B2,A1,0.9468
processed_data_cleaned\test\B2\DSC07504_patch_3_2.jpg,B2,A1,0.9985
processed_data_cleaned\test\B2\DSC07504_patch_3_3.jpg,B2,A1,0.9957
processed_data_cleaned\test\B2\DSC07504_patch_3_4.jpg,B2,A1,0.9031
processed_data_cleaned\test\B2\DSC07505_patch_0_1.jpg,B2,A2,0.7596
processed_data_cleaned\test\B2\DSC07505_patch_2_3.jpg,B2,A1,0.8601
processed_data_cleaned\test\B2\DSC07505_patch_3_1.jpg,B2,A1,0.3916
processed_data_cleaned\test\B2\DSC07505_patch_3_4.jpg,B2,A2,0.4385
processed_data_cleaned\test\B2\DSC07506_patch_0_1.jpg,B2,A1,0.5846
processed_data_cleaned\test\B2\DSC07506_patch_0_2.jpg,B2,A1,0.9991
processed_data_cleaned\test\B2\DSC07506_patch_0_5.jpg,B2,B1,0.8431
processed_data_cleaned\test\B2\DSC07506_patch_1_0.jpg,B2,B1,0.9979
processed_data_cleaned\test\B2\DSC07506_patch_1_5.jpg,B2,A1,0.7975
processed_data_cleaned\test\B2\DSC07506_patch_2_0.jpg,B2,B1,0.5324
processed_data_cleaned\test\B2\DSC07506_patch_2_1.jpg,B2,B1,0.9844
processed_data_cleaned\test\B2\DSC07506_patch_3_0.jpg,B2,B1,0.625
processed_data_cleaned\test\B2\DSC07506_patch_3_1.jpg,B2,B1,0.9862
processed_data_cleaned\test\B2\DSC07506_patch_3_2.jpg,B2,B1,0.9588
processed_data_cleaned\test\B2\DSC07508_patch_0_1.jpg,B2,A1,0.9423
processed_data_cleaned\test\B2\DSC07508_patch_0_4.jpg,B2,B1,0.7823
processed_data_cleaned\test\B2\DSC07508_patch_1_0.jpg,B2,A1,0.9981
processed_data_cleaned\test\B2\DSC07508_patch_1_1.jpg,B2,A1,0.8085
processed_data_cleaned\test\B2\DSC07508_patch_1_4.jpg,B2,B1,0.9949
processed_data_cleaned\test\B2\DSC07508_patch_2_0.jpg,B2,A1,0.6411
processed_data_cleaned\test\B2\DSC07508_patch_2_2.jpg,B2,A1,0.6741
processed_data_cleaned\test\B2\DSC07508_patch_3_0.jpg,B2,A1,0.4839
processed_data_cleaned\test\B2\DSC07508_patch_3_1.jpg,B2,A1,0.599
processed_data_cleaned\test\B2\DSC07508_patch_3_2.jpg,B2,A1,0.7377
processed_data_cleaned\test\B2\DSC07508_patch_3_3.jpg,B2,B1,0.8203
processed_data_cleaned\test\B2\DSC07509_patch_0_0.jpg,B2,A1,0.8875
processed_data_cleaned\test\B2\DSC07509_patch_0_1.jpg,B2,B1,0.5054
processed_data_cleaned\test\B2\DSC07509_patch_0_3.jpg,B2,A1,0.9108
processed_data_cleaned\test\B2\DSC07509_patch_0_5.jpg,B2,A1,0.9765
processed_data_cleaned\test\B2\DSC07509_patch_1_0.jpg,B2,B1,0.9991
processed_data_cleaned\test\B2\DSC07509_patch_1_2.jpg,B2,A1,0.991
processed_data_cleaned\test\B2\DSC07509_patch_1_4.jpg,B2,B1,0.6096
processed_data_cleaned\test\B2\DSC07509_patch_1_5.jpg,B2,A1,0.9958
processed_data_cleaned\test\B2\DSC07509_patch_2_0.jpg,B2,B1,0.6536
processed_data_cleaned\test\B2\DSC07509_patch_2_1.jpg,B2,B1,0.8753
processed_data_cleaned\test\B2\DSC07509_patch_2_2.jpg,B2,B1,0.9048
processed_data_cleaned\test\B2\DSC07509_patch_2_4.jpg,B2,A1,0.5609
processed_data_cleaned\test\B2\DSC07510_patch_0_0.jpg,B2,A1,0.9659
processed_data_cleaned\test\B2\DSC07510_patch_1_0.jpg,B2,B1,0.5704
processed_data_cleaned\test\B2\DSC07510_patch_1_1.jpg,B2,A1,0.9995
processed_data_cleaned\test\B2\DSC07510_patch_1_2.jpg,B2,A1,0.9999
processed_data_cleaned\test\B2\DSC07510_patch_1_3.jpg,B2,A1,0.9103
processed_data_cleaned\test\B2\DSC07510_patch_3_0.jpg,B2,A1,0.6802
processed_data_cleaned\test\B2\DSC07510_patch_3_1.jpg,B2,A1,0.6761
processed_data_cleaned\test\B2\DSC07510_patch_3_2.jpg,B2,A1,0.8259
processed_data_cleaned\test\B2\DSC07512_patch_0_4.jpg,B2,A1,0.9929
processed_data_cleaned\test\B2\DSC07512_patch_3_1.jpg,B2,A1,0.8581
processed_data_cleaned\test\B2\DSC07512_patch_3_2.jpg,B2,A1,0.452
processed_data_cleaned\test\B2\DSC07512_patch_3_3.jpg,B2,A1,0.6154
processed_data_cleaned\test\B2\DSC07513_patch_1_1.jpg,B2,A1,0.8559
processed_data_cleaned\test\B2\DSC07513_patch_2_1.jpg,B2,A1,0.6499
processed_data_cleaned\test\B2\DSC07513_patch_3_2.jpg,B2,A1,0.796
processed_data_cleaned\test\B2\DSC07514_patch_0_1.jpg,B2,A2,0.5843
processed_data_cleaned\test\B2\DSC07514_patch_1_1.jpg,B2,A2,0.7681
processed_data_cleaned\test\B2\DSC07514_patch_2_1.jpg,B2,A1,0.7055
processed_data_cleaned\test\B2\DSC07514_patch_3_4.jpg,B2,A1,0.9996
processed_data_cleaned\test\B2\DSC07515_patch_0_0.jpg,B2,A1,0.9904
processed_data_cleaned\test\B2\DSC07515_patch_0_1.jpg,B2,A1,0.9851
processed_data_cleaned\test\B2\DSC07515_patch_0_4.jpg,B2,A1,0.8311
processed_data_cleaned\test\B2\DSC07515_patch_1_1.jpg,B2,A1,0.9494
processed_data_cleaned\test\B2\DSC07515_patch_2_0.jpg,B2,A1,0.9962
processed_data_cleaned\test\B2\DSC07515_patch_3_3.jpg,B2,B1,0.8921
processed_data_cleaned\test\B2\DSC07517_patch_0_0.jpg,B2,A1,0.5578
processed_data_cleaned\test\B2\DSC07517_patch_0_5.jpg,B2,A1,0.7375
processed_data_cleaned\test\B2\DSC07517_patch_1_0.jpg,B2,A1,0.8118
processed_data_cleaned\test\B2\DSC07517_patch_1_1.jpg,B2,A1,0.997
processed_data_cleaned\test\B2\DSC07517_patch_1_4.jpg,B2,A1,0.9967
processed_data_cleaned\test\B2\DSC07517_patch_2_4.jpg,B2,A1,0.5231
processed_data_cleaned\test\B2\DSC07517_patch_3_0.jpg,B2,B1,0.9968
processed_data_cleaned\test\B2\DSC07517_patch_3_1.jpg,B2,B1,0.9948
processed_data_cleaned\test\B2\DSC07517_patch_3_2.jpg,B2,B1,0.9325
processed_data_cleaned\test\B2\DSC07517_patch_3_3.jpg,B2,B1,0.9992
processed_data_cleaned\test\B2\DSC07518_patch_0_0.jpg,B2,B1,0.6446
processed_data_cleaned\test\B2\DSC07518_patch_0_2.jpg,B2,B1,0.7444
processed_data_cleaned\test\B2\DSC07518_patch_0_3.jpg,B2,B1,0.86
processed_data_cleaned\test\B2\DSC07518_patch_0_4.jpg,B2,A1,0.7319
processed_data_cleaned\test\B2\DSC07518_patch_0_5.jpg,B2,A1,0.9969
processed_data_cleaned\test\B2\DSC07518_patch_2_2.jpg,B2,A1,0.8585
processed_data_cleaned\test\B2\DSC07519_patch_0_0.jpg,B2,B1,0.5012
processed_data_cleaned\test\B2\DSC07519_patch_1_0.jpg,B2,B1,0.6855
processed_data_cleaned\test\B2\DSC07519_patch_1_2.jpg,B2,B1,0.9972
processed_data_cleaned\test\B2\DSC07519_patch_1_3.jpg,B2,B1,0.877
processed_data_cleaned\test\B2\DSC07519_patch_1_5.jpg,B2,B1,0.9963
processed_data_cleaned\test\B2\DSC07519_patch_2_3.jpg,B2,B1,0.9313
processed_data_cleaned\test\B2\DSC07519_patch_2_4.jpg,B2,B1,0.9991
processed_data_cleaned\test\B2\DSC07519_patch_3_3.jpg,B2,B1,0.9959
processed_data_cleaned\test\B2\DSC07520_patch_0_0.jpg,B2,B1,0.9878
processed_data_cleaned\test\B2\DSC07520_patch_1_0.jpg,B2,B1,0.9939
processed_data_cleaned\test\B2\DSC07520_patch_1_1.jpg,B2,A1,0.7328
processed_data_cleaned\test\B2\DSC07520_patch_1_2.jpg,B2,A1,0.861
processed_data_cleaned\test\B2\DSC07520_patch_2_4.jpg,B2,A1,0.9046
processed_data_cleaned\test\B2\DSC07520_patch_3_1.jpg,B2,A1,0.9019
processed_data_cleaned\test\B2\DSC07521_patch_0_1.jpg,B2,A1,0.7613
processed_data_cleaned\test\B2\DSC07521_patch_0_2.jpg,B2,A1,0.9546
processed_data_cleaned\test\B2\DSC07521_patch_0_3.jpg,B2,B1,0.4842
processed_data_cleaned\test\B2\DSC07521_patch_1_0.jpg,B2,B1,0.8985
processed_data_cleaned\test\B2\DSC07521_patch_1_1.jpg,B2,B1,0.9709
processed_data_cleaned\test\B2\DSC07521_patch_1_2.jpg,B2,B1,0.9722
processed_data_cleaned\test\B2\DSC07521_patch_1_3.jpg,B2,B1,0.6628
processed_data_cleaned\test\B2\DSC07521_patch_1_4.jpg,B2,B1,0.9191
processed_data_cleaned\test\B2\DSC07521_patch_2_2.jpg,B2,B1,0.9444
processed_data_cleaned\test\B2\DSC07521_patch_2_4.jpg,B2,A1,0.7393
processed_data_cleaned\test\B2\DSC07521_patch_3_1.jpg,B2,B1,0.9398
processed_data_cleaned\test\B2\DSC07521_patch_3_4.jpg,B2,A1,0.6558
processed_data_cleaned\test\B2\DSC07522_patch_0_1.jpg,B2,B1,0.9338
processed_data_cleaned\test\B2\DSC07522_patch_0_4.jpg,B2,B1,0.7018
processed_data_cleaned\test\B2\DSC07522_patch_2_0.jpg,B2,B1,0.6262
processed_data_cleaned\test\B2\DSC07522_patch_3_2.jpg,B2,B1,0.9923
processed_data_cleaned\test\B2\DSC07522_patch_3_5.jpg,B2,B1,0.9953
processed_data_cleaned\test\B2\DSC07523_patch_0_5.jpg,B2,B1,0.938
processed_data_cleaned\test\B2\DSC07523_patch_1_0.jpg,B2,B1,0.9985
processed_data_cleaned\test\B2\DSC07523_patch_1_1.jpg,B2,B1,0.5117
processed_data_cleaned\test\B2\DSC07523_patch_1_4.jpg,B2,B1,0.9981
processed_data_cleaned\test\B2\DSC07523_patch_2_0.jpg,B2,B1,0.9999
processed_data_cleaned\test\B2\DSC07523_patch_2_2.jpg,B2,A1,0.9759
processed_data_cleaned\test\B2\DSC07523_patch_2_3.jpg,B2,A1,0.9986
processed_data_cleaned\test\B2\DSC07523_patch_2_5.jpg,B2,B1,0.9263
processed_data_cleaned\test\B2\DSC07523_patch_3_0.jpg,B2,B1,0.9355
processed_data_cleaned\test\B2\DSC07523_patch_3_1.jpg,B2,B1,0.6143
processed_data_cleaned\test\B2\DSC07523_patch_3_2.jpg,B2,A1,0.9049
processed_data_cleaned\test\B2\DSC07523_patch_3_4.jpg,B2,B1,0.8227
processed_data_cleaned\test\B2\DSC07524_patch_0_5.jpg,B2,A1,0.6777
processed_data_cleaned\test\B2\DSC07524_patch_1_2.jpg,B2,A1,0.9119
processed_data_cleaned\test\B2\DSC07524_patch_1_3.jpg,B2,B1,0.8847
processed_data_cleaned\test\B2\DSC07524_patch_1_4.jpg,B2,B1,0.7343
processed_data_cleaned\test\B2\DSC07524_patch_1_5.jpg,B2,A1,0.6592
processed_data_cleaned\test\B2\DSC07524_patch_2_0.jpg,B2,B1,0.9998
processed_data_cleaned\test\B2\DSC07524_patch_2_1.jpg,B2,B1,0.9866
processed_data_cleaned\test\B2\DSC07524_patch_2_2.jpg,B2,B1,0.9976
processed_data_cleaned\test\B2\DSC07524_patch_2_3.jpg,B2,B1,1.0
processed_data_cleaned\test\B2\DSC07524_patch_2_4.jpg,B2,A1,0.997
processed_data_cleaned\test\B2\DSC07524_patch_3_1.jpg,B2,A1,0.9647
processed_data_cleaned\test\B2\DSC07524_patch_3_2.jpg,B2,A1,0.9511
processed_data_cleaned\test\B2\DSC07525_patch_0_1.jpg,B2,B1,0.9974
processed_data_cleaned\test\B2\DSC07525_patch_0_2.jpg,B2,A1,0.7815
processed_data_cleaned\test\B2\DSC07525_patch_0_4.jpg,B2,A1,0.686
processed_data_cleaned\test\B2\DSC07525_patch_1_0.jpg,B2,A1,0.8924
processed_data_cleaned\test\B2\DSC07525_patch_1_3.jpg,B2,A1,0.9688
processed_data_cleaned\test\B2\DSC07525_patch_1_4.jpg,B2,A1,0.6203
processed_data_cleaned\test\B2\DSC07525_patch_2_0.jpg,B2,B1,0.9987
processed_data_cleaned\test\B2\DSC07525_patch_2_1.jpg,B2,B1,0.9987
processed_data_cleaned\test\B2\DSC07525_patch_2_2.jpg,B2,A1,0.9945
processed_data_cleaned\test\B2\DSC07525_patch_2_3.jpg,B2,B1,0.9979
processed_data_cleaned\test\B2\DSC07525_patch_3_0.jpg,B2,B1,0.9751
processed_data_cleaned\test\B2\DSC07525_patch_3_1.jpg,B2,B1,0.9908
processed_data_cleaned\test\B2\DSC07525_patch_3_2.jpg,B2,A1,0.9998
processed_data_cleaned\test\B2\DSC07525_patch_3_3.jpg,B2,A1,0.9117
processed_data_cleaned\test\B2\DSC07526_patch_0_4.jpg,B2,A1,0.3519
processed_data_cleaned\test\B2\DSC07526_patch_0_5.jpg,B2,B1,0.7605
processed_data_cleaned\test\B2\DSC07526_patch_1_1.jpg,B2,A1,0.8861
processed_data_cleaned\test\B2\DSC07526_patch_2_1.jpg,B2,B1,0.9566
processed_data_cleaned\test\B2\DSC07526_patch_2_3.jpg,B2,A2,0.5065
processed_data_cleaned\test\B2\DSC07526_patch_3_0.jpg,B2,B1,0.7706
processed_data_cleaned\test\B2\DSC07526_patch_3_1.jpg,B2,B1,0.4952
processed_data_cleaned\test\B2\DSC07527_patch_0_3.jpg,B2,A1,0.5049
processed_data_cleaned\test\B2\DSC07527_patch_0_4.jpg,B2,B1,0.7806
processed_data_cleaned\test\B2\DSC07527_patch_1_0.jpg,B2,B1,0.7487
processed_data_cleaned\test\B2\DSC07527_patch_1_4.jpg,B2,B1,0.7712
processed_data_cleaned\test\B2\DSC07527_patch_2_5.jpg,B2,A1,0.7885
processed_data_cleaned\test\B2\DSC07527_patch_3_0.jpg,B2,B1,0.6896
processed_data_cleaned\test\B2\DSC07527_patch_3_5.jpg,B2,B1,0.9872
processed_data_cleaned\test\B2\DSC07529_patch_0_0.jpg,B2,A1,0.4647
processed_data_cleaned\test\B2\DSC07529_patch_0_1.jpg,B2,A1,0.9852
processed_data_cleaned\test\B2\DSC07529_patch_1_2.jpg,B2,B1,0.8974
processed_data_cleaned\test\B2\DSC07529_patch_1_4.jpg,B2,B1,0.9899
processed_data_cleaned\test\B2\DSC07529_patch_1_5.jpg,B2,A1,0.9687
processed_data_cleaned\test\B2\DSC07529_patch_2_0.jpg,B2,B1,1.0
processed_data_cleaned\test\B2\DSC07529_patch_2_1.jpg,B2,B1,0.9848
processed_data_cleaned\test\B2\DSC07529_patch_2_2.jpg,B2,B1,0.9921
processed_data_cleaned\test\B2\DSC07529_patch_2_4.jpg,B2,B1,0.9909
processed_data_cleaned\test\B2\DSC07529_patch_2_5.jpg,B2,A2,0.5705
processed_data_cleaned\test\B2\DSC07529_patch_3_0.jpg,B2,B1,0.9927
processed_data_cleaned\test\B2\DSC07529_patch_3_1.jpg,B2,A2,0.7692
processed_data_cleaned\test\B2\DSC07529_patch_3_5.jpg,B2,B1,0.9804
processed_data_cleaned\test\B2\DSC07530_patch_0_0.jpg,B2,B1,0.9866
processed_data_cleaned\test\B2\DSC07530_patch_0_1.jpg,B2,B1,0.888
processed_data_cleaned\test\B2\DSC07530_patch_0_2.jpg,B2,B1,0.9824
processed_data_cleaned\test\B2\DSC07530_patch_0_3.jpg,B2,A1,0.9979
processed_data_cleaned\test\B2\DSC07530_patch_0_5.jpg,B2,A1,0.8957
processed_data_cleaned\test\B2\DSC07530_patch_1_0.jpg,B2,B1,0.9974
processed_data_cleaned\test\B2\DSC07530_patch_1_1.jpg,B2,B1,0.9859
processed_data_cleaned\test\B2\DSC07530_patch_1_2.jpg,B2,B1,0.7646
processed_data_cleaned\test\B2\DSC07530_patch_1_3.jpg,B2,A1,0.9992
processed_data_cleaned\test\B2\DSC07530_patch_2_0.jpg,B2,B1,0.9982
processed_data_cleaned\test\B2\DSC07530_patch_2_1.jpg,B2,B1,0.9328
processed_data_cleaned\test\B2\DSC07530_patch_2_2.jpg,B2,B1,0.978
processed_data_cleaned\test\B2\DSC07530_patch_3_2.jpg,B2,B1,0.9604
processed_data_cleaned\test\B2\DSC07531_patch_0_0.jpg,B2,B1,0.5394
processed_data_cleaned\test\B2\DSC07531_patch_0_1.jpg,B2,B1,0.6729
processed_data_cleaned\test\B2\DSC07531_patch_0_2.jpg,B2,B1,0.5383
processed_data_cleaned\test\B2\DSC07531_patch_0_3.jpg,B2,A1,0.5028
processed_data_cleaned\test\B2\DSC07531_patch_0_5.jpg,B2,A1,0.6217
processed_data_cleaned\test\B2\DSC07531_patch_1_1.jpg,B2,B1,0.5899
processed_data_cleaned\test\B2\DSC07531_patch_1_3.jpg,B2,B1,0.9818
processed_data_cleaned\test\B2\DSC07531_patch_2_0.jpg,B2,B1,0.9259
processed_data_cleaned\test\B2\DSC07531_patch_2_2.jpg,B2,B1,0.6366
processed_data_cleaned\test\B2\DSC07531_patch_3_4.jpg,B2,A1,0.39
processed_data_cleaned\test\B2\DSC07533_patch_1_2.jpg,B2,A1,0.4985
processed_data_cleaned\test\B2\DSC07533_patch_2_2.jpg,B2,A1,0.6147
processed_data_cleaned\test\B2\DSC07533_patch_2_3.jpg,B2,B1,0.7833
processed_data_cleaned\test\B2\DSC07533_patch_2_4.jpg,B2,B1,0.95
processed_data_cleaned\test\B2\DSC07533_patch_2_5.jpg,B2,A1,0.6739
processed_data_cleaned\test\B2\DSC07533_patch_3_1.jpg,B2,A1,0.9819
processed_data_cleaned\test\B2\DSC07533_patch_3_2.jpg,B2,B1,0.6763
processed_data_cleaned\test\B2\DSC07533_patch_3_3.jpg,B2,A1,0.9979
processed_data_cleaned\test\B2\DSC07533_patch_3_4.jpg,B2,B1,0.5341
processed_data_cleaned\test\B2\DSC07534_patch_0_0.jpg,B2,B1,0.6764
processed_data_cleaned\test\B2\DSC07534_patch_0_1.jpg,B2,B1,0.9699
processed_data_cleaned\test\B2\DSC07534_patch_0_2.jpg,B2,B1,0.9999
processed_data_cleaned\test\B2\DSC07534_patch_0_3.jpg,B2,A1,0.9668
processed_data_cleaned\test\B2\DSC07534_patch_0_4.jpg,B2,B1,0.9009
processed_data_cleaned\test\B2\DSC07534_patch_1_2.jpg,B2,A1,1.0
processed_data_cleaned\test\B2\DSC07534_patch_1_3.jpg,B2,B1,0.588
processed_data_cleaned\test\B2\DSC07534_patch_1_5.jpg,B2,B1,0.7175
processed_data_cleaned\test\B2\DSC07534_patch_2_0.jpg,B2,A1,0.573
processed_data_cleaned\test\B2\DSC07534_patch_2_3.jpg,B2,A1,0.4616
processed_data_cleaned\test\B2\DSC07534_patch_2_4.jpg,B2,B1,0.9762
processed_data_cleaned\test\B2\DSC07536_patch_0_2.jpg,B2,B1,0.999
processed_data_cleaned\test\B2\DSC07536_patch_0_3.jpg,B2,B1,0.5913
processed_data_cleaned\test\B2\DSC07536_patch_1_3.jpg,B2,B1,0.8644
processed_data_cleaned\test\B2\DSC07536_patch_1_4.jpg,B2,B1,0.9999
processed_data_cleaned\test\B2\DSC07536_patch_1_5.jpg,B2,B1,0.9679
processed_data_cleaned\test\B2\DSC07536_patch_2_5.jpg,B2,B1,0.9342
processed_data_cleaned\test\B2\DSC07537_patch_0_3.jpg,B2,B1,0.9689
processed_data_cleaned\test\B2\DSC07537_patch_1_0.jpg,B2,A1,0.9655
processed_data_cleaned\test\B2\DSC07537_patch_1_2.jpg,B2,A1,0.852
processed_data_cleaned\test\B2\DSC07537_patch_1_3.jpg,B2,B1,0.7796
processed_data_cleaned\test\B2\DSC07537_patch_2_3.jpg,B2,A1,0.9574
processed_data_cleaned\test\B2\DSC07537_patch_3_5.jpg,B2,A1,0.9257
processed_data_cleaned\test\B2\DSC07538_patch_0_5.jpg,B2,A1,0.9939
processed_data_cleaned\test\B2\DSC07538_patch_1_0.jpg,B2,A1,0.8398
processed_data_cleaned\test\B2\DSC07538_patch_1_2.jpg,B2,A1,0.9813
processed_data_cleaned\test\B2\DSC07538_patch_1_5.jpg,B2,A1,0.6867
processed_data_cleaned\test\B2\DSC07538_patch_2_0.jpg,B2,A1,0.9461
processed_data_cleaned\test\B2\DSC07538_patch_3_0.jpg,B2,A1,0.7202
processed_data_cleaned\test\B2\DSC07538_patch_3_2.jpg,B2,B1,0.881
processed_data_cleaned\test\B2\DSC07538_patch_3_3.jpg,B2,A1,0.7987
processed_data_cleaned\test\B2\DSC07539_patch_0_1.jpg,B2,B1,0.9954
processed_data_cleaned\test\B2\DSC07539_patch_0_2.jpg,B2,B1,0.9963
processed_data_cleaned\test\B2\DSC07539_patch_0_3.jpg,B2,B1,0.945
processed_data_cleaned\test\B2\DSC07539_patch_1_2.jpg,B2,B1,0.9974
processed_data_cleaned\test\B2\DSC07539_patch_2_1.jpg,B2,B1,0.9874
processed_data_cleaned\test\B2\DSC07539_patch_2_2.jpg,B2,B1,0.9649
processed_data_cleaned\test\B2\DSC07539_patch_2_3.jpg,B2,B1,0.9864
processed_data_cleaned\test\B2\DSC07539_patch_2_5.jpg,B2,A1,0.5184
processed_data_cleaned\test\B2\DSC07539_patch_3_1.jpg,B2,B1,0.998
processed_data_cleaned\test\B2\DSC07539_patch_3_2.jpg,B2,B1,0.888
processed_data_cleaned\test\B2\DSC07539_patch_3_3.jpg,B2,B1,0.8362
processed_data_cleaned\test\B2\DSC07540_patch_0_1.jpg,B2,A1,0.9824
processed_data_cleaned\test\B2\DSC07540_patch_0_4.jpg,B2,A1,0.9726
processed_data_cleaned\test\B2\DSC07540_patch_3_0.jpg,B2,A1,0.4761
processed_data_cleaned\test\B2\DSC07541_patch_0_0.jpg,B2,A1,0.9052
processed_data_cleaned\test\B2\DSC07541_patch_0_4.jpg,B2,A1,0.7149
processed_data_cleaned\test\B2\DSC07541_patch_1_0.jpg,B2,B1,0.502
processed_data_cleaned\test\B2\DSC07541_patch_2_4.jpg,B2,A2,0.6605
processed_data_cleaned\test\B2\DSC07541_patch_2_5.jpg,B2,A1,0.9938
processed_data_cleaned\test\B2\DSC07541_patch_3_1.jpg,B2,A1,0.9973
processed_data_cleaned\test\B2\DSC07541_patch_3_3.jpg,B2,A1,0.9305
processed_data_cleaned\test\B2\DSC07541_patch_3_5.jpg,B2,A1,0.825
processed_data_cleaned\test\B2\DSC07542_patch_0_0.jpg,B2,A1,0.9528
processed_data_cleaned\test\B2\DSC07542_patch_0_1.jpg,B2,B1,0.5745
processed_data_cleaned\test\B2\DSC07542_patch_0_2.jpg,B2,A1,0.9463
processed_data_cleaned\test\B2\DSC07542_patch_0_4.jpg,B2,A1,0.5421
processed_data_cleaned\test\B2\DSC07542_patch_1_0.jpg,B2,A1,0.7324
processed_data_cleaned\test\B2\DSC07542_patch_3_1.jpg,B2,A1,0.9926
processed_data_cleaned\test\B2\DSC07542_patch_3_2.jpg,B2,B1,0.829
processed_data_cleaned\test\B2\DSC07544_patch_0_0.jpg,B2,A1,0.9495
processed_data_cleaned\test\B2\DSC07544_patch_0_1.jpg,B2,A1,0.504
processed_data_cleaned\test\B2\DSC07544_patch_0_3.jpg,B2,B1,0.7008
processed_data_cleaned\test\B2\DSC07544_patch_0_4.jpg,B2,B1,0.9546
processed_data_cleaned\test\B2\DSC07544_patch_0_5.jpg,B2,A1,0.8899
processed_data_cleaned\test\B2\DSC07544_patch_2_0.jpg,B2,A1,0.5132
processed_data_cleaned\test\B2\DSC07544_patch_2_1.jpg,B2,B1,0.9844
processed_data_cleaned\test\B2\DSC07544_patch_2_3.jpg,B2,B1,0.9416
processed_data_cleaned\test\B2\DSC07544_patch_2_4.jpg,B2,B1,0.9279
processed_data_cleaned\test\B2\DSC07544_patch_2_5.jpg,B2,B1,0.8264
processed_data_cleaned\test\B2\DSC07544_patch_3_0.jpg,B2,B1,0.978
processed_data_cleaned\test\B2\DSC07544_patch_3_1.jpg,B2,A1,0.6977
processed_data_cleaned\test\B2\DSC07544_patch_3_3.jpg,B2,B1,0.9253
processed_data_cleaned\test\B2\DSC07544_patch_3_4.jpg,B2,B1,0.9679
processed_data_cleaned\test\B2\DSC07544_patch_3_5.jpg,B2,A1,0.9494
processed_data_cleaned\test\B2\DSC07545_patch_0_1.jpg,B2,B1,0.9316
processed_data_cleaned\test\B2\DSC07545_patch_0_2.jpg,B2,B1,0.9573
processed_data_cleaned\test\B2\DSC07545_patch_0_3.jpg,B2,B1,0.5176
processed_data_cleaned\test\B2\DSC07545_patch_0_4.jpg,B2,B1,0.9997
processed_data_cleaned\test\B2\DSC07545_patch_0_5.jpg,B2,B1,0.8353
processed_data_cleaned\test\B2\DSC07545_patch_1_3.jpg,B2,A1,0.9898
processed_data_cleaned\test\B2\DSC07545_patch_2_4.jpg,B2,A1,0.9958
processed_data_cleaned\test\B2\DSC07545_patch_3_0.jpg,B2,B1,0.7312
processed_data_cleaned\test\B2\DSC07545_patch_3_1.jpg,B2,B1,0.9988
processed_data_cleaned\test\B2\DSC07545_patch_3_3.jpg,B2,B1,1.0
processed_data_cleaned\test\B2\DSC07545_patch_3_4.jpg,B2,B1,0.9999
processed_data_cleaned\test\B2\DSC07545_patch_3_5.jpg,B2,B1,0.9939
processed_data_cleaned\test\B2\DSC07548_patch_0_4.jpg,B2,B1,0.9136
processed_data_cleaned\test\B2\DSC07548_patch_0_5.jpg,B2,B1,0.9836
processed_data_cleaned\test\B2\DSC07548_patch_1_1.jpg,B2,A1,0.5663
processed_data_cleaned\test\B2\DSC07548_patch_1_4.jpg,B2,B1,0.9675
processed_data_cleaned\test\B2\DSC07548_patch_1_5.jpg,B2,B1,1.0
processed_data_cleaned\test\B2\DSC07548_patch_2_1.jpg,B2,A1,0.488
processed_data_cleaned\test\B2\DSC07549_patch_0_3.jpg,B2,A1,0.8032
processed_data_cleaned\test\B2\DSC07549_patch_1_4.jpg,B2,A1,0.8603
processed_data_cleaned\test\B2\DSC07549_patch_3_0.jpg,B2,B1,0.7816
processed_data_cleaned\test\B2\DSC07550_patch_0_0.jpg,B2,B1,0.6307
processed_data_cleaned\test\B2\DSC07550_patch_0_1.jpg,B2,A1,0.9918
processed_data_cleaned\test\B2\DSC07550_patch_1_0.jpg,B2,B1,0.9437
processed_data_cleaned\test\B2\DSC07550_patch_1_2.jpg,B2,A1,0.558
processed_data_cleaned\test\B2\DSC07550_patch_1_3.jpg,B2,A1,0.7742
processed_data_cleaned\test\B2\DSC07550_patch_1_4.jpg,B2,A1,0.619
processed_data_cleaned\test\B2\DSC07550_patch_2_0.jpg,B2,B1,0.6442
processed_data_cleaned\test\B2\DSC07550_patch_2_1.jpg,B2,B1,0.898
processed_data_cleaned\test\B2\DSC07550_patch_2_2.jpg,B2,A1,0.5922
processed_data_cleaned\test\B2\DSC07550_patch_2_4.jpg,B2,A1,0.8359
processed_data_cleaned\test\B2\DSC07550_patch_3_1.jpg,B2,A1,0.5397
processed_data_cleaned\test\B2\DSC07550_patch_3_2.jpg,B2,B1,0.991
processed_data_cleaned\test\B2\DSC07550_patch_3_3.jpg,B2,A1,0.9421
processed_data_cleaned\test\B2\DSC07550_patch_3_4.jpg,B2,A1,0.9552
processed_data_cleaned\test\B2\DSC07551_patch_0_0.jpg,B2,B1,0.6981
processed_data_cleaned\test\B2\DSC07551_patch_0_2.jpg,B2,A1,0.7305
processed_data_cleaned\test\B2\DSC07551_patch_0_3.jpg,B2,A1,0.5343
processed_data_cleaned\test\B2\DSC07551_patch_0_4.jpg,B2,A1,0.9798
processed_data_cleaned\test\B2\DSC07551_patch_1_0.jpg,B2,B1,0.5163
processed_data_cleaned\test\B2\DSC07551_patch_1_1.jpg,B2,A1,0.6578
processed_data_cleaned\test\B2\DSC07551_patch_1_2.jpg,B2,A1,0.954
processed_data_cleaned\test\B2\DSC07551_patch_1_3.jpg,B2,A1,0.9892
processed_data_cleaned\test\B2\DSC07551_patch_1_4.jpg,B2,A1,0.9333
processed_data_cleaned\test\B2\DSC07551_patch_2_4.jpg,B2,B1,0.7873
processed_data_cleaned\test\B2\DSC07552_patch_0_5.jpg,B2,B1,0.6946
processed_data_cleaned\test\B2\DSC07552_patch_2_0.jpg,B2,A1,0.9122
processed_data_cleaned\test\B2\DSC07552_patch_2_1.jpg,B2,A1,0.9584
processed_data_cleaned\test\B2\DSC07552_patch_2_2.jpg,B2,A1,0.6412
processed_data_cleaned\test\B2\DSC07552_patch_3_0.jpg,B2,B1,0.8499
processed_data_cleaned\test\B2\DSC07552_patch_3_1.jpg,B2,B1,0.999
processed_data_cleaned\test\B2\DSC07552_patch_3_2.jpg,B2,B1,1.0
processed_data_cleaned\test\B2\DSC07553_patch_2_1.jpg,B2,B1,0.7411
processed_data_cleaned\test\B2\DSC07553_patch_2_2.jpg,B2,A1,0.5839
processed_data_cleaned\test\B2\DSC07553_patch_3_0.jpg,B2,A1,0.362
processed_data_cleaned\test\B2\DSC07553_patch_3_1.jpg,B2,A1,0.9632
processed_data_cleaned\test\B2\DSC07553_patch_3_2.jpg,B2,B1,0.8354
processed_data_cleaned\test\B2\DSC07553_patch_3_3.jpg,B2,B1,0.9996
processed_data_cleaned\test\B2\DSC07553_patch_3_5.jpg,B2,A1,0.9154
processed_data_cleaned\test\B2\DSC07554_patch_0_0.jpg,B2,B1,0.9906
processed_data_cleaned\test\B2\DSC07554_patch_0_1.jpg,B2,B1,0.9999
processed_data_cleaned\test\B2\DSC07554_patch_0_2.jpg,B2,B1,0.9823
processed_data_cleaned\test\B2\DSC07554_patch_0_3.jpg,B2,B1,0.9316
processed_data_cleaned\test\B2\DSC07554_patch_0_4.jpg,B2,B1,0.9914
processed_data_cleaned\test\B2\DSC07554_patch_1_1.jpg,B2,B1,0.9999
processed_data_cleaned\test\B2\DSC07554_patch_1_2.jpg,B2,B1,0.9995
processed_data_cleaned\test\B2\DSC07554_patch_2_1.jpg,B2,A1,0.9885
processed_data_cleaned\test\B2\DSC07554_patch_2_2.jpg,B2,B1,0.959
processed_data_cleaned\test\B2\DSC07554_patch_2_3.jpg,B2,B1,0.6537
processed_data_cleaned\test\B2\DSC07554_patch_2_4.jpg,B2,B1,0.7642
processed_data_cleaned\test\B2\DSC07554_patch_2_5.jpg,B2,A1,0.9852
processed_data_cleaned\test\B2\DSC07554_patch_3_0.jpg,B2,B1,0.9941
processed_data_cleaned\test\B2\DSC07554_patch_3_1.jpg,B2,A1,0.8042
processed_data_cleaned\test\B2\DSC07554_patch_3_3.jpg,B2,B1,0.4467
processed_data_cleaned\test\B2\DSC07555_patch_0_1.jpg,B2,B1,0.9682
processed_data_cleaned\test\B2\DSC07555_patch_0_2.jpg,B2,B1,0.9237
processed_data_cleaned\test\B2\DSC07555_patch_2_1.jpg,B2,B1,0.9529
processed_data_cleaned\test\B2\DSC07561_patch_0_0.jpg,B2,B1,0.9588
processed_data_cleaned\test\B2\DSC07561_patch_0_1.jpg,B2,B1,0.9911
processed_data_cleaned\test\B2\DSC07561_patch_0_2.jpg,B2,B1,0.9776
processed_data_cleaned\test\B2\DSC07561_patch_0_3.jpg,B2,A1,0.9645
processed_data_cleaned\test\B2\DSC07561_patch_0_5.jpg,B2,B1,0.8716
processed_data_cleaned\test\B2\DSC07561_patch_1_0.jpg,B2,B1,0.9974
processed_data_cleaned\test\B2\DSC07561_patch_1_1.jpg,B2,B1,1.0
processed_data_cleaned\test\B2\DSC07561_patch_1_2.jpg,B2,B1,0.9996
processed_data_cleaned\test\B2\DSC07561_patch_1_3.jpg,B2,B1,0.5819
processed_data_cleaned\test\B2\DSC07561_patch_1_4.jpg,B2,A1,0.8981
processed_data_cleaned\test\B2\DSC07561_patch_2_0.jpg,B2,B1,0.9783
processed_data_cleaned\test\B2\DSC07561_patch_2_1.jpg,B2,B1,0.9992
processed_data_cleaned\test\B2\DSC07561_patch_2_2.jpg,B2,B1,0.9994
processed_data_cleaned\test\B2\DSC07561_patch_2_4.jpg,B2,A1,0.8089
processed_data_cleaned\test\B2\DSC07561_patch_2_5.jpg,B2,B1,0.9572
processed_data_cleaned\test\B2\DSC07561_patch_3_1.jpg,B2,B1,0.9985
processed_data_cleaned\test\B2\DSC07561_patch_3_2.jpg,B2,A1,0.8657
processed_data_cleaned\test\B2\DSC07561_patch_3_3.jpg,B2,A1,0.6097
processed_data_cleaned\test\B2\DSC07561_patch_3_4.jpg,B2,A1,0.7768
processed_data_cleaned\test\B2\DSC07562_patch_0_0.jpg,B2,B1,0.9865
processed_data_cleaned\test\B2\DSC07562_patch_0_1.jpg,B2,B1,0.9967
processed_data_cleaned\test\B2\DSC07562_patch_0_2.jpg,B2,A1,0.6087
processed_data_cleaned\test\B2\DSC07562_patch_0_4.jpg,B2,A1,0.4906
processed_data_cleaned\test\B2\DSC07562_patch_0_5.jpg,B2,B1,0.5934
processed_data_cleaned\test\B2\DSC07562_patch_1_0.jpg,B2,B1,0.9103
processed_data_cleaned\test\B2\DSC07562_patch_1_1.jpg,B2,B1,0.9977
processed_data_cleaned\test\B2\DSC07562_patch_1_2.jpg,B2,B1,0.9902
processed_data_cleaned\test\B2\DSC07562_patch_1_3.jpg,B2,B1,0.9532
processed_data_cleaned\test\B2\DSC07562_patch_1_4.jpg,B2,A1,0.7037
processed_data_cleaned\test\B2\DSC07562_patch_1_5.jpg,B2,B1,0.9077
processed_data_cleaned\test\B2\DSC07562_patch_2_1.jpg,B2,B1,0.9996
processed_data_cleaned\test\B2\DSC07562_patch_2_2.jpg,B2,B1,0.9982
processed_data_cleaned\test\B2\DSC07562_patch_2_4.jpg,B2,B1,0.9773
processed_data_cleaned\test\B2\DSC07562_patch_2_5.jpg,B2,A1,0.509
processed_data_cleaned\test\B2\DSC07562_patch_3_0.jpg,B2,B1,0.9888
processed_data_cleaned\test\B2\DSC07562_patch_3_1.jpg,B2,A1,0.7175
processed_data_cleaned\test\B2\DSC07562_patch_3_2.jpg,B2,A1,0.9999
processed_data_cleaned\test\B2\DSC07562_patch_3_3.jpg,B2,A1,0.9891
processed_data_cleaned\test\B2\DSC07562_patch_3_4.jpg,B2,A1,1.0
processed_data_cleaned\test\B2\DSC07563_patch_0_1.jpg,B2,B1,0.9852
processed_data_cleaned\test\B2\DSC07563_patch_0_2.jpg,B2,B1,0.9997
processed_data_cleaned\test\B2\DSC07563_patch_1_2.jpg,B2,A1,0.9531
processed_data_cleaned\test\B2\DSC07563_patch_1_4.jpg,B2,A1,0.5292
processed_data_cleaned\test\B2\DSC07563_patch_1_5.jpg,B2,B1,0.8149
processed_data_cleaned\test\B2\DSC07563_patch_2_0.jpg,B2,B1,0.9988
processed_data_cleaned\test\B2\DSC07563_patch_2_3.jpg,B2,B1,0.7932
processed_data_cleaned\test\B2\DSC07563_patch_2_4.jpg,B2,B1,0.8713
processed_data_cleaned\test\B2\DSC07563_patch_2_5.jpg,B2,B1,0.977
processed_data_cleaned\test\B2\DSC07563_patch_3_1.jpg,B2,B1,0.9997
processed_data_cleaned\test\B2\DSC07563_patch_3_2.jpg,B2,B1,0.9874
processed_data_cleaned\test\B2\DSC07563_patch_3_3.jpg,B2,A2,0.9454
processed_data_cleaned\test\B2\DSC07563_patch_3_5.jpg,B2,B1,0.9937
processed_data_cleaned\test\B2\DSC07564_patch_0_0.jpg,B2,B1,0.5624
processed_data_cleaned\test\B2\DSC07564_patch_0_1.jpg,B2,B1,0.9583
processed_data_cleaned\test\B2\DSC07564_patch_0_2.jpg,B2,B1,0.9054
processed_data_cleaned\test\B2\DSC07564_patch_0_5.jpg,B2,B1,0.9951
processed_data_cleaned\test\B2\DSC07564_patch_1_5.jpg,B2,A1,0.5609
processed_data_cleaned\test\B2\DSC07564_patch_2_1.jpg,B2,B1,0.9914
processed_data_cleaned\test\B2\DSC07564_patch_2_2.jpg,B2,B1,0.7595
processed_data_cleaned\test\B2\DSC07564_patch_2_3.jpg,B2,B1,0.4905
processed_data_cleaned\test\B2\DSC07564_patch_2_4.jpg,B2,B1,0.7477
processed_data_cleaned\test\B2\DSC07564_patch_2_5.jpg,B2,A1,0.5577
processed_data_cleaned\test\B2\DSC07564_patch_3_0.jpg,B2,B1,0.9987
processed_data_cleaned\test\B2\DSC07564_patch_3_1.jpg,B2,B1,1.0
processed_data_cleaned\test\B2\DSC07564_patch_3_3.jpg,B2,B1,0.8253
processed_data_cleaned\test\B2\DSC07564_patch_3_4.jpg,B2,B1,0.9333
processed_data_cleaned\test\B2\DSC07564_patch_3_5.jpg,B2,B1,0.995
processed_data_cleaned\test\B2\DSC07565_patch_0_0.jpg,B2,B1,0.809
processed_data_cleaned\test\B2\DSC07565_patch_0_1.jpg,B2,B1,0.997
processed_data_cleaned\test\B2\DSC07565_patch_0_3.jpg,B2,B1,1.0
processed_data_cleaned\test\B2\DSC07565_patch_0_4.jpg,B2,B1,0.9849
processed_data_cleaned\test\B2\DSC07565_patch_1_0.jpg,B2,B1,0.7659
processed_data_cleaned\test\B2\DSC07565_patch_1_4.jpg,B2,B1,0.8738
processed_data_cleaned\test\B2\DSC07565_patch_2_0.jpg,B2,B1,0.7089
processed_data_cleaned\test\B2\DSC07566_patch_0_5.jpg,B2,B1,0.8778
processed_data_cleaned\test\B2\DSC07566_patch_1_2.jpg,B2,A1,0.6911
processed_data_cleaned\test\B2\DSC07566_patch_1_3.jpg,B2,A1,1.0
processed_data_cleaned\test\B2\DSC07566_patch_1_4.jpg,B2,A1,0.9721
processed_data_cleaned\test\B2\DSC07566_patch_2_0.jpg,B2,B1,0.5643
processed_data_cleaned\test\B2\DSC07566_patch_3_0.jpg,B2,B1,0.5054
processed_data_cleaned\test\B2\DSC07566_patch_3_1.jpg,B2,B1,0.9854
processed_data_cleaned\test\B2\DSC07566_patch_3_3.jpg,B2,B1,0.7536
processed_data_cleaned\test\B2\DSC07569_patch_0_4.jpg,B2,B1,0.7797
processed_data_cleaned\test\B2\DSC07569_patch_1_2.jpg,B2,B1,0.9413
processed_data_cleaned\test\B2\DSC07569_patch_2_2.jpg,B2,B1,0.9984
processed_data_cleaned\test\B2\DSC07569_patch_2_3.jpg,B2,B1,0.9763
processed_data_cleaned\test\B2\DSC07569_patch_3_1.jpg,B2,A1,0.6422
processed_data_cleaned\test\B2\DSC07569_patch_3_2.jpg,B2,B1,0.5884
processed_data_cleaned\test\B2\DSC07569_patch_3_3.jpg,B2,B1,0.9994
processed_data_cleaned\test\B2\DSC07570_patch_1_0.jpg,B2,B1,0.9071
processed_data_cleaned\test\B2\DSC07570_patch_1_1.jpg,B2,A1,0.5799
processed_data_cleaned\test\B2\DSC07570_patch_1_2.jpg,B2,A1,0.8813
processed_data_cleaned\test\B2\DSC07570_patch_2_1.jpg,B2,B1,0.9986
processed_data_cleaned\test\B2\DSC07570_patch_2_3.jpg,B2,A1,0.9696
processed_data_cleaned\test\B2\DSC07570_patch_3_2.jpg,B2,B1,0.9998
processed_data_cleaned\test\B2\DSC07571_patch_0_0.jpg,B2,B1,0.7923
processed_data_cleaned\test\B2\DSC07571_patch_0_3.jpg,B2,B1,0.5497
processed_data_cleaned\test\B2\DSC07571_patch_0_5.jpg,B2,B1,0.7534
processed_data_cleaned\test\B2\DSC07571_patch_1_0.jpg,B2,A1,0.9969
processed_data_cleaned\test\B2\DSC07571_patch_2_0.jpg,B2,B1,0.4613
processed_data_cleaned\test\B2\DSC07571_patch_2_1.jpg,B2,A1,0.7143
processed_data_cleaned\test\B2\DSC07571_patch_2_4.jpg,B2,B1,0.9989
processed_data_cleaned\test\B2\DSC07571_patch_2_5.jpg,B2,B1,0.7193
processed_data_cleaned\test\B2\DSC07571_patch_3_0.jpg,B2,A1,0.9583
processed_data_cleaned\test\B2\DSC07571_patch_3_5.jpg,B2,B1,0.9821
processed_data_cleaned\test\B2\DSC07572_patch_1_3.jpg,B2,B1,0.9965
processed_data_cleaned\test\B2\DSC07572_patch_1_5.jpg,B2,B1,0.7716
processed_data_cleaned\test\B2\DSC07572_patch_2_2.jpg,B2,B1,0.7069
processed_data_cleaned\test\B2\DSC07572_patch_2_3.jpg,B2,B1,0.9195
processed_data_cleaned\test\B2\DSC07572_patch_2_5.jpg,B2,B1,0.7253
processed_data_cleaned\test\B2\DSC07572_patch_3_0.jpg,B2,B1,0.9548
processed_data_cleaned\test\B2\DSC07572_patch_3_1.jpg,B2,B1,0.6395
processed_data_cleaned\test\B2\DSC07572_patch_3_5.jpg,B2,A1,0.5588
processed_data_cleaned\test\B2\DSC07573_patch_0_2.jpg,B2,A1,0.9342
processed_data_cleaned\test\B2\DSC07573_patch_2_4.jpg,B2,A1,0.8569
processed_data_cleaned\test\B2\DSC07573_patch_3_0.jpg,B2,B1,0.772
processed_data_cleaned\test\B2\DSC07573_patch_3_1.jpg,B2,B1,0.6409
processed_data_cleaned\test\B2\DSC07573_patch_3_2.jpg,B2,B1,0.6564
processed_data_cleaned\test\B2\DSC07573_patch_3_3.jpg,B2,A1,0.6034
processed_data_cleaned\test\B2\DSC07573_patch_3_5.jpg,B2,A1,0.4311
processed_data_cleaned\test\B2\DSC07574_patch_0_0.jpg,B2,B1,0.56
processed_data_cleaned\test\B2\DSC07574_patch_1_1.jpg,B2,A1,0.4966
processed_data_cleaned\test\B2\DSC07574_patch_1_5.jpg,B2,A1,0.9974
processed_data_cleaned\test\B2\DSC07574_patch_2_1.jpg,B2,B1,0.9953
processed_data_cleaned\test\B2\DSC07574_patch_2_2.jpg,B2,B1,0.7832
processed_data_cleaned\test\B2\DSC07574_patch_3_2.jpg,B2,B1,0.4749
processed_data_cleaned\test\B2\DSC07574_patch_3_3.jpg,B2,B1,0.7612
processed_data_cleaned\test\B2\DSC07574_patch_3_4.jpg,B2,B1,0.8822
processed_data_cleaned\test\B2\DSC07575_patch_0_1.jpg,B2,B1,0.9987
processed_data_cleaned\test\B2\DSC07575_patch_0_2.jpg,B2,B1,0.9998
processed_data_cleaned\test\B2\DSC07575_patch_0_3.jpg,B2,B1,0.9999
processed_data_cleaned\test\B2\DSC07575_patch_1_1.jpg,B2,B1,0.9822
processed_data_cleaned\test\B2\DSC07575_patch_1_2.jpg,B2,A1,0.9951
processed_data_cleaned\test\B2\DSC07575_patch_1_3.jpg,B2,A1,0.9095
processed_data_cleaned\test\B2\DSC07575_patch_1_4.jpg,B2,A1,0.8801
processed_data_cleaned\test\B2\DSC07575_patch_1_5.jpg,B2,A2,0.4969
processed_data_cleaned\test\B2\DSC07575_patch_2_1.jpg,B2,B1,0.7228
processed_data_cleaned\test\B2\DSC07575_patch_2_2.jpg,B2,B1,0.9458
processed_data_cleaned\test\B2\DSC07575_patch_2_3.jpg,B2,A1,0.6881
processed_data_cleaned\test\B2\DSC07575_patch_2_4.jpg,B2,A1,0.7165
processed_data_cleaned\test\B2\DSC07575_patch_2_5.jpg,B2,A1,0.8729
processed_data_cleaned\test\B2\DSC07575_patch_3_2.jpg,B2,B1,0.94
processed_data_cleaned\test\B2\DSC07575_patch_3_3.jpg,B2,A1,0.8898
processed_data_cleaned\test\B2\DSC07576_patch_0_0.jpg,B2,B1,0.9637
processed_data_cleaned\test\B2\DSC07576_patch_0_2.jpg,B2,A1,0.7933
processed_data_cleaned\test\B2\DSC07576_patch_0_4.jpg,B2,A1,0.582
processed_data_cleaned\test\B2\DSC07576_patch_1_0.jpg,B2,B1,0.9169
processed_data_cleaned\test\B2\DSC07576_patch_1_3.jpg,B2,A1,0.8473
processed_data_cleaned\test\B2\DSC07576_patch_1_4.jpg,B2,A1,0.62
processed_data_cleaned\test\B2\DSC07576_patch_2_0.jpg,B2,A1,0.9945
processed_data_cleaned\test\B2\DSC07576_patch_2_1.jpg,B2,A1,0.9328
processed_data_cleaned\test\B2\DSC07576_patch_2_3.jpg,B2,B1,0.5545
processed_data_cleaned\test\B2\DSC07576_patch_2_4.jpg,B2,A1,0.9259
processed_data_cleaned\test\B2\DSC07576_patch_3_0.jpg,B2,A1,0.9888
processed_data_cleaned\test\B2\DSC07576_patch_3_3.jpg,B2,A1,0.7953
processed_data_cleaned\test\B2\DSC07576_patch_3_4.jpg,B2,B1,0.8701
processed_data_cleaned\test\B2\DSC07577_patch_0_1.jpg,B2,B1,0.9785
processed_data_cleaned\test\B2\DSC07577_patch_0_2.jpg,B2,B1,0.8718
processed_data_cleaned\test\B2\DSC07577_patch_0_3.jpg,B2,B1,0.9833
processed_data_cleaned\test\B2\DSC07577_patch_1_1.jpg,B2,B1,0.9968
processed_data_cleaned\test\B2\DSC07577_patch_1_2.jpg,B2,A1,0.5818
processed_data_cleaned\test\B2\DSC07577_patch_2_1.jpg,B2,B1,0.5551
processed_data_cleaned\test\B2\DSC07577_patch_2_2.jpg,B2,B1,0.5195
processed_data_cleaned\test\B2\DSC07577_patch_2_5.jpg,B2,B1,0.712
processed_data_cleaned\test\B2\DSC07577_patch_3_0.jpg,B2,B1,0.9998
processed_data_cleaned\test\B2\DSC08839_patch_0_1.jpg,B2,B1,0.9663
processed_data_cleaned\test\B2\DSC08839_patch_0_2.jpg,B2,A1,0.8725
processed_data_cleaned\test\B2\DSC08839_patch_0_3.jpg,B2,A1,0.6843
processed_data_cleaned\test\B2\DSC08839_patch_1_1.jpg,B2,A2,0.8662
processed_data_cleaned\test\B2\DSC08839_patch_1_3.jpg,B2,B1,0.9994
processed_data_cleaned\test\B2\DSC08839_patch_2_0.jpg,B2,B1,0.8272
processed_data_cleaned\test\B2\DSC08839_patch_2_1.jpg,B2,A2,0.9699
processed_data_cleaned\test\B2\DSC08839_patch_2_4.jpg,B2,A1,0.6087
processed_data_cleaned\test\B2\DSC08839_patch_2_5.jpg,B2,B1,0.5546
processed_data_cleaned\test\B2\DSC08839_patch_3_5.jpg,B2,B1,0.9917
processed_data_cleaned\test\B2\DSC08840_patch_0_1.jpg,B2,B1,0.4533
processed_data_cleaned\test\B2\DSC08840_patch_0_5.jpg,B2,A1,0.845
processed_data_cleaned\test\B2\DSC08840_patch_1_1.jpg,B2,A2,0.9896
processed_data_cleaned\test\B2\DSC08840_patch_1_3.jpg,B2,A1,0.529
processed_data_cleaned\test\B2\DSC08840_patch_1_4.jpg,B2,B1,0.9769
processed_data_cleaned\test\B2\DSC08840_patch_2_0.jpg,B2,A2,0.9894
processed_data_cleaned\test\B2\DSC08840_patch_2_4.jpg,B2,B1,0.9755
processed_data_cleaned\test\B2\DSC08840_patch_3_3.jpg,B2,A1,0.9987
processed_data_cleaned\test\B2\DSC08840_patch_3_4.jpg,B2,B1,0.8548
processed_data_cleaned\test\B2\DSC08841_patch_0_0.jpg,B2,A2,0.9115
processed_data_cleaned\test\B2\DSC08841_patch_0_1.jpg,B2,B1,0.9376
processed_data_cleaned\test\B2\DSC08841_patch_0_2.jpg,B2,B1,0.9693
processed_data_cleaned\test\B2\DSC08841_patch_0_3.jpg,B2,B1,0.6715
processed_data_cleaned\test\B2\DSC08841_patch_0_4.jpg,B2,B1,0.835
processed_data_cleaned\test\B2\DSC08841_patch_1_1.jpg,B2,B1,0.9828
processed_data_cleaned\test\B2\DSC08841_patch_1_2.jpg,B2,A1,0.843
processed_data_cleaned\test\B2\DSC08841_patch_1_3.jpg,B2,B1,0.9752
processed_data_cleaned\test\B2\DSC08841_patch_1_4.jpg,B2,A1,0.6271
processed_data_cleaned\test\B2\DSC08841_patch_1_5.jpg,B2,A1,0.9508
processed_data_cleaned\test\B2\DSC08841_patch_2_0.jpg,B2,A1,0.5017
processed_data_cleaned\test\B2\DSC08841_patch_2_2.jpg,B2,A1,0.5158
processed_data_cleaned\test\B2\DSC08841_patch_2_3.jpg,B2,B1,0.9987
processed_data_cleaned\test\B2\DSC08841_patch_3_1.jpg,B2,A1,0.3966
processed_data_cleaned\test\B2\DSC08841_patch_3_2.jpg,B2,A1,0.9871
processed_data_cleaned\test\B2\DSC08841_patch_3_5.jpg,B2,B1,0.9703
processed_data_cleaned\test\B2\DSC08842_patch_0_3.jpg,B2,B1,0.9987
processed_data_cleaned\test\B2\DSC08842_patch_1_0.jpg,B2,B1,0.6971
processed_data_cleaned\test\B2\DSC08842_patch_1_1.jpg,B2,B1,0.9966
processed_data_cleaned\test\B2\DSC08842_patch_1_2.jpg,B2,B1,0.9613
processed_data_cleaned\test\B2\DSC08842_patch_1_3.jpg,B2,B1,0.9986
processed_data_cleaned\test\B2\DSC08842_patch_2_1.jpg,B2,B1,0.6903
processed_data_cleaned\test\B2\DSC08842_patch_2_2.jpg,B2,A1,0.8988
processed_data_cleaned\test\B2\DSC08842_patch_2_3.jpg,B2,A1,0.9907
processed_data_cleaned\test\B2\DSC08842_patch_3_0.jpg,B2,B1,0.9657
processed_data_cleaned\test\B2\DSC08842_patch_3_3.jpg,B2,B1,0.9039
processed_data_cleaned\test\B2\DSC08842_patch_3_4.jpg,B2,A1,0.9713
processed_data_cleaned\test\B2\DSC08843_patch_0_1.jpg,B2,B1,0.8367
processed_data_cleaned\test\B2\DSC08843_patch_0_3.jpg,B2,B1,0.8851
processed_data_cleaned\test\B2\DSC08843_patch_1_0.jpg,B2,B1,0.9525
processed_data_cleaned\test\B2\DSC08843_patch_2_1.jpg,B2,A1,0.5927
processed_data_cleaned\test\B2\DSC08843_patch_2_2.jpg,B2,B1,0.5901
processed_data_cleaned\test\B2\DSC08843_patch_2_3.jpg,B2,B1,0.9003
processed_data_cleaned\test\B2\DSC08843_patch_3_2.jpg,B2,A1,0.9732
processed_data_cleaned\test\B2\DSC08843_patch_3_3.jpg,B2,A1,0.9932
processed_data_cleaned\test\B2\DSC08844_patch_1_1.jpg,B2,B1,0.9886
processed_data_cleaned\test\B2\DSC08844_patch_1_3.jpg,B2,B1,0.9931
processed_data_cleaned\test\B2\DSC08844_patch_1_4.jpg,B2,B1,0.8274
processed_data_cleaned\test\B2\DSC08844_patch_2_4.jpg,B2,A1,0.4851
processed_data_cleaned\test\B2\DSC08844_patch_2_5.jpg,B2,A1,0.8623
processed_data_cleaned\test\B2\DSC08844_patch_3_1.jpg,B2,B1,0.7133
processed_data_cleaned\test\B2\DSC08844_patch_3_2.jpg,B2,B1,0.8768
processed_data_cleaned\test\B2\DSC08844_patch_3_3.jpg,B2,A1,0.9094
processed_data_cleaned\test\B2\DSC08844_patch_3_5.jpg,B2,A1,0.9619
processed_data_cleaned\test\B2\DSC08845_patch_0_0.jpg,B2,A2,0.905
processed_data_cleaned\test\B2\DSC08845_patch_0_3.jpg,B2,B1,0.9319
processed_data_cleaned\test\B2\DSC08845_patch_0_4.jpg,B2,A1,0.9433
processed_data_cleaned\test\B2\DSC08845_patch_1_4.jpg,B2,B1,1.0
processed_data_cleaned\test\B2\DSC08845_patch_2_0.jpg,B2,B1,0.9992
processed_data_cleaned\test\B2\DSC08845_patch_2_1.jpg,B2,B1,0.8036
processed_data_cleaned\test\B2\DSC08845_patch_2_3.jpg,B2,B1,0.9997
processed_data_cleaned\test\B2\DSC08845_patch_2_5.jpg,B2,B1,0.9257
processed_data_cleaned\test\B2\DSC08845_patch_3_2.jpg,B2,A2,0.9567
processed_data_cleaned\test\B2\DSC08845_patch_3_3.jpg,B2,B1,0.7096
processed_data_cleaned\test\B2\DSC08845_patch_3_4.jpg,B2,B1,0.9871
processed_data_cleaned\test\B2\DSC08845_patch_3_5.jpg,B2,A1,0.9302
processed_data_cleaned\test\B2\DSC08846_patch_0_1.jpg,B2,A2,0.5108
processed_data_cleaned\test\B2\DSC08846_patch_0_2.jpg,B2,B1,0.9963
processed_data_cleaned\test\B2\DSC08846_patch_0_4.jpg,B2,B1,0.7376
processed_data_cleaned\test\B2\DSC08846_patch_1_3.jpg,B2,B1,0.9887
processed_data_cleaned\test\B2\DSC08846_patch_1_4.jpg,B2,B1,0.9766
processed_data_cleaned\test\B2\DSC08846_patch_1_5.jpg,B2,B1,0.9999
processed_data_cleaned\test\B2\DSC08846_patch_2_1.jpg,B2,B1,0.6623
processed_data_cleaned\test\B2\DSC08846_patch_2_2.jpg,B2,B1,0.6842
processed_data_cleaned\test\B2\DSC08846_patch_2_3.jpg,B2,B1,0.8025
processed_data_cleaned\test\B2\DSC08846_patch_2_5.jpg,B2,B1,0.5518
processed_data_cleaned\test\B2\DSC08846_patch_3_0.jpg,B2,A1,0.8081
processed_data_cleaned\test\B2\DSC08846_patch_3_4.jpg,B2,B1,0.8353
processed_data_cleaned\test\B2\DSC08847_patch_0_3.jpg,B2,B1,0.9721
processed_data_cleaned\test\B2\DSC08847_patch_0_4.jpg,B2,B1,0.8515
processed_data_cleaned\test\B2\DSC08847_patch_1_4.jpg,B2,A1,0.908
processed_data_cleaned\test\B2\DSC08847_patch_1_5.jpg,B2,B1,0.8225
processed_data_cleaned\test\B2\DSC08847_patch_2_3.jpg,B2,B1,0.8583
processed_data_cleaned\test\B2\DSC08847_patch_2_5.jpg,B2,B1,0.8345
processed_data_cleaned\test\B2\DSC08847_patch_3_4.jpg,B2,B1,0.8726
processed_data_cleaned\test\B2\DSC08847_patch_3_5.jpg,B2,B1,0.7883
processed_data_cleaned\test\B2\DSC08848_patch_0_0.jpg,B2,B1,1.0
processed_data_cleaned\test\B2\DSC08848_patch_0_2.jpg,B2,B1,0.8994
processed_data_cleaned\test\B2\DSC08848_patch_0_3.jpg,B2,B1,0.9509
processed_data_cleaned\test\B2\DSC08848_patch_0_4.jpg,B2,B1,0.6058
processed_data_cleaned\test\B2\DSC08848_patch_1_1.jpg,B2,A1,0.9992
processed_data_cleaned\test\B2\DSC08848_patch_1_3.jpg,B2,B1,0.9462
processed_data_cleaned\test\B2\DSC08848_patch_1_4.jpg,B2,B1,0.9953
processed_data_cleaned\test\B2\DSC08848_patch_1_5.jpg,B2,A1,0.528
processed_data_cleaned\test\B2\DSC08848_patch_2_2.jpg,B2,A1,0.9921
processed_data_cleaned\test\B2\DSC08848_patch_2_3.jpg,B2,A1,0.8323
processed_data_cleaned\test\B2\DSC08848_patch_2_4.jpg,B2,B1,0.9248
processed_data_cleaned\test\B2\DSC08848_patch_3_0.jpg,B2,B1,0.9352
processed_data_cleaned\test\B2\DSC08848_patch_3_2.jpg,B2,A1,0.8768
processed_data_cleaned\test\B2\DSC08848_patch_3_4.jpg,B2,B1,0.9575
processed_data_cleaned\test\B2\DSC08848_patch_3_5.jpg,B2,B1,0.6222
processed_data_cleaned\test\B2\DSC08849_patch_0_2.jpg,B2,B1,1.0
processed_data_cleaned\test\B2\DSC08849_patch_1_2.jpg,B2,B1,0.5393
processed_data_cleaned\test\B2\DSC08849_patch_2_3.jpg,B2,A1,0.6476
processed_data_cleaned\test\B2\DSC08849_patch_3_2.jpg,B2,B1,0.7798
processed_data_cleaned\test\B2\DSC08849_patch_3_3.jpg,B2,B1,0.9806
processed_data_cleaned\test\B2\DSC08849_patch_3_4.jpg,B2,B1,0.8338
processed_data_cleaned\test\B2\DSC08849_patch_3_5.jpg,B2,A1,0.5014
processed_data_cleaned\test\B2\DSC08850_patch_0_1.jpg,B2,B1,0.9221
processed_data_cleaned\test\B2\DSC08850_patch_0_2.jpg,B2,A2,0.7271
processed_data_cleaned\test\B2\DSC08850_patch_1_1.jpg,B2,B1,0.9939
processed_data_cleaned\test\B2\DSC08850_patch_1_3.jpg,B2,A1,0.5941
processed_data_cleaned\test\B2\DSC08850_patch_2_0.jpg,B2,B1,0.9845
processed_data_cleaned\test\B2\DSC08850_patch_2_3.jpg,B2,B1,0.5246
processed_data_cleaned\test\B2\DSC08850_patch_2_4.jpg,B2,A1,0.9557
processed_data_cleaned\test\B2\DSC08850_patch_3_4.jpg,B2,A1,0.7247
processed_data_cleaned\test\B2\DSC08850_patch_3_5.jpg,B2,B1,0.8425
processed_data_cleaned\test\B2\DSC08851_patch_0_3.jpg,B2,A1,0.7568
processed_data_cleaned\test\B2\DSC08851_patch_0_4.jpg,B2,B1,0.9922
processed_data_cleaned\test\B2\DSC08851_patch_1_3.jpg,B2,A1,0.8578
processed_data_cleaned\test\B2\DSC08851_patch_1_4.jpg,B2,B1,0.9919
processed_data_cleaned\test\B2\DSC08851_patch_1_5.jpg,B2,B1,0.8482
processed_data_cleaned\test\B2\DSC08851_patch_2_0.jpg,B2,B1,0.9855
processed_data_cleaned\test\B2\DSC08851_patch_2_1.jpg,B2,B1,0.9969
processed_data_cleaned\test\B2\DSC08851_patch_2_3.jpg,B2,A1,0.866
processed_data_cleaned\test\B2\DSC08851_patch_2_4.jpg,B2,B1,0.8719
processed_data_cleaned\test\B2\DSC08851_patch_2_5.jpg,B2,B1,0.55
processed_data_cleaned\test\B2\DSC08851_patch_3_0.jpg,B2,B1,0.994
processed_data_cleaned\test\B2\DSC08851_patch_3_3.jpg,B2,B1,0.6086
processed_data_cleaned\test\B2\DSC08851_patch_3_5.jpg,B2,A1,0.9754
processed_data_cleaned\test\B2\DSC08852_patch_0_0.jpg,B2,B1,0.5377
processed_data_cleaned\test\B2\DSC08852_patch_1_3.jpg,B2,B1,0.668
processed_data_cleaned\test\B2\DSC08852_patch_1_4.jpg,B2,A1,0.8903
processed_data_cleaned\test\B2\DSC08852_patch_1_5.jpg,B2,A1,0.9362
processed_data_cleaned\test\B2\DSC08852_patch_2_4.jpg,B2,B1,0.9616
processed_data_cleaned\test\B2\DSC08852_patch_2_5.jpg,B2,B1,0.9967
processed_data_cleaned\test\B2\DSC08852_patch_3_1.jpg,B2,B1,0.5549
processed_data_cleaned\test\B2\DSC08852_patch_3_2.jpg,B2,B1,0.9999
processed_data_cleaned\test\B2\DSC08852_patch_3_3.jpg,B2,B1,0.8801
processed_data_cleaned\test\B2\DSC08852_patch_3_4.jpg,B2,B1,0.9196
processed_data_cleaned\test\B2\DSC08852_patch_3_5.jpg,B2,A1,0.9848
processed_data_cleaned\test\B2\DSC08853_patch_0_0.jpg,B2,B1,0.7881
processed_data_cleaned\test\B2\DSC08853_patch_0_4.jpg,B2,A2,0.5782
processed_data_cleaned\test\B2\DSC08853_patch_0_5.jpg,B2,B1,0.9576
processed_data_cleaned\test\B2\DSC08853_patch_1_0.jpg,B2,B1,0.9952
processed_data_cleaned\test\B2\DSC08853_patch_1_5.jpg,B2,B1,0.9018
processed_data_cleaned\test\B2\DSC08853_patch_2_2.jpg,B2,B1,0.9995
processed_data_cleaned\test\B2\DSC08853_patch_2_5.jpg,B2,A1,0.6141
processed_data_cleaned\test\B2\DSC08854_patch_1_2.jpg,B2,A1,0.9878
processed_data_cleaned\test\B2\DSC08854_patch_2_0.jpg,B2,B1,0.9489
processed_data_cleaned\test\B2\DSC08854_patch_2_4.jpg,B2,B1,0.4251
processed_data_cleaned\test\B2\DSC08854_patch_3_0.jpg,B2,B1,0.5981
processed_data_cleaned\test\B2\DSC08854_patch_3_4.jpg,B2,A1,0.626
processed_data_cleaned\test\B2\DSC08854_patch_3_5.jpg,B2,B1,0.7111
processed_data_cleaned\test\B2\DSC08855_patch_0_1.jpg,B2,B1,0.5981
processed_data_cleaned\test\B2\DSC08855_patch_1_1.jpg,B2,B1,0.9519
processed_data_cleaned\test\B2\DSC08855_patch_1_3.jpg,B2,B1,0.857
processed_data_cleaned\test\B2\DSC08855_patch_1_5.jpg,B2,B1,0.7893
processed_data_cleaned\test\B2\DSC08855_patch_2_1.jpg,B2,B1,0.8872
processed_data_cleaned\test\B2\DSC08855_patch_2_3.jpg,B2,B1,0.6222
processed_data_cleaned\test\B2\DSC08855_patch_2_4.jpg,B2,A1,0.7773
processed_data_cleaned\test\B2\DSC08855_patch_2_5.jpg,B2,A1,0.9621
processed_data_cleaned\test\B2\DSC08855_patch_3_1.jpg,B2,B1,0.9679
processed_data_cleaned\test\B2\DSC08855_patch_3_2.jpg,B2,B1,0.9664
processed_data_cleaned\test\B2\DSC08855_patch_3_4.jpg,B2,A1,0.7751
processed_data_cleaned\test\B2\DSC08857_patch_1_2.jpg,B2,B1,0.9899
processed_data_cleaned\test\B2\DSC08857_patch_2_2.jpg,B2,B1,0.8786
processed_data_cleaned\test\B2\DSC08857_patch_2_5.jpg,B2,B1,0.9978
processed_data_cleaned\test\B2\DSC08862_patch_1_2.jpg,B2,B1,0.7018
processed_data_cleaned\test\B2\DSC08862_patch_1_3.jpg,B2,B1,0.9994
processed_data_cleaned\test\B2\DSC08862_patch_2_0.jpg,B2,A1,0.9372
processed_data_cleaned\test\B2\DSC08862_patch_2_3.jpg,B2,B1,0.965
processed_data_cleaned\test\B2\DSC08862_patch_2_4.jpg,B2,A1,0.6272
processed_data_cleaned\test\B2\DSC08862_patch_3_1.jpg,B2,A1,0.8005
processed_data_cleaned\test\B2\DSC08862_patch_3_3.jpg,B2,B1,0.7282
processed_data_cleaned\test\B2\DSC08862_patch_3_4.jpg,B2,A1,0.9995
processed_data_cleaned\test\B2\DSC08863_patch_0_5.jpg,B2,A1,0.7286
processed_data_cleaned\test\B2\DSC08863_patch_1_4.jpg,B2,B1,0.79
processed_data_cleaned\test\B2\DSC08863_patch_1_5.jpg,B2,A1,0.4173
processed_data_cleaned\test\B2\DSC08863_patch_2_1.jpg,B2,B1,0.8243
processed_data_cleaned\test\B2\DSC08863_patch_2_4.jpg,B2,B1,0.973
processed_data_cleaned\test\B2\DSC08863_patch_2_5.jpg,B2,A1,0.742
processed_data_cleaned\test\B2\DSC08863_patch_3_3.jpg,B2,A1,0.5384
processed_data_cleaned\test\B2\DSC08863_patch_3_5.jpg,B2,B1,0.9918
processed_data_cleaned\test\B2\DSC08864_patch_0_2.jpg,B2,B1,0.7672
processed_data_cleaned\test\B2\DSC08864_patch_1_0.jpg,B2,A1,0.905
processed_data_cleaned\test\B2\DSC08864_patch_1_3.jpg,B2,B1,0.9858
processed_data_cleaned\test\B2\DSC08864_patch_2_1.jpg,B2,A1,0.6571
processed_data_cleaned\test\B2\DSC08864_patch_2_3.jpg,B2,B1,0.9994
processed_data_cleaned\test\B2\DSC08864_patch_3_2.jpg,B2,B1,1.0
processed_data_cleaned\test\B2\DSC08864_patch_3_4.jpg,B2,B1,0.994
processed_data_cleaned\test\B2\DSC08864_patch_3_5.jpg,B2,B1,0.9523
processed_data_cleaned\test\B2\DSC08872_patch_0_0.jpg,B2,B1,0.9998
processed_data_cleaned\test\B2\DSC08872_patch_0_2.jpg,B2,A1,0.9099
processed_data_cleaned\test\B2\DSC08872_patch_0_3.jpg,B2,A1,0.6849
processed_data_cleaned\test\B2\DSC08872_patch_0_4.jpg,B2,A1,0.5375
processed_data_cleaned\test\B2\DSC08872_patch_1_0.jpg,B2,B1,0.9999
processed_data_cleaned\test\B2\DSC08872_patch_1_1.jpg,B2,A1,0.9973
processed_data_cleaned\test\B2\DSC08872_patch_1_2.jpg,B2,A1,0.9973
processed_data_cleaned\test\B2\DSC08872_patch_1_3.jpg,B2,A1,0.9828
processed_data_cleaned\test\B2\DSC08872_patch_1_4.jpg,B2,A1,0.9776
processed_data_cleaned\test\B2\DSC08872_patch_2_2.jpg,B2,A1,0.9978
processed_data_cleaned\test\B2\DSC08872_patch_3_0.jpg,B2,A1,0.5535
processed_data_cleaned\test\B2\DSC08872_patch_3_1.jpg,B2,A1,0.9169
processed_data_cleaned\test\B2\DSC08872_patch_3_4.jpg,B2,A1,0.9118
processed_data_cleaned\test\B2\DSC08876_patch_0_5.jpg,B2,B1,0.9024
processed_data_cleaned\test\B2\DSC08876_patch_1_5.jpg,B2,B1,0.5658
processed_data_cleaned\test\B2\DSC08877_patch_0_1.jpg,B2,B1,0.9884
processed_data_cleaned\test\B2\DSC08877_patch_1_3.jpg,B2,B1,0.5015
processed_data_cleaned\test\B2\DSC08877_patch_1_5.jpg,B2,B1,0.9889
processed_data_cleaned\test\B2\DSC08877_patch_3_5.jpg,B2,A1,0.7041
processed_data_cleaned\test\B2\DSC08878_patch_2_0.jpg,B2,A1,0.9709
processed_data_cleaned\test\B2\DSC08878_patch_3_0.jpg,B2,A1,0.7091
processed_data_cleaned\test\B2\DSC08878_patch_3_5.jpg,B2,A1,0.9771
processed_data_cleaned\test\B2\DSC08881_patch_0_0.jpg,B2,B1,0.9131
processed_data_cleaned\test\B2\DSC08881_patch_0_1.jpg,B2,B1,0.9877
processed_data_cleaned\test\B2\DSC08881_patch_0_2.jpg,B2,B1,0.8086
processed_data_cleaned\test\B2\DSC08881_patch_0_5.jpg,B2,B1,0.7513
processed_data_cleaned\test\B2\DSC08881_patch_1_1.jpg,B2,B1,0.9554
processed_data_cleaned\test\B2\DSC08881_patch_1_2.jpg,B2,B1,0.999
processed_data_cleaned\test\B2\DSC08881_patch_2_3.jpg,B2,B1,0.9748
processed_data_cleaned\test\B2\DSC08881_patch_2_5.jpg,B2,B1,0.8101
processed_data_cleaned\test\B2\DSC08883_patch_0_3.jpg,B2,A1,0.7495
processed_data_cleaned\test\B2\DSC08883_patch_0_4.jpg,B2,A1,0.747
processed_data_cleaned\test\B2\DSC08883_patch_1_3.jpg,B2,A1,0.6939
processed_data_cleaned\test\B2\DSC08883_patch_1_4.jpg,B2,A1,0.9807
processed_data_cleaned\test\B2\DSC08883_patch_2_1.jpg,B2,A1,0.9486
processed_data_cleaned\test\B2\DSC08883_patch_2_2.jpg,B2,A1,0.4905
processed_data_cleaned\test\B2\DSC08883_patch_2_3.jpg,B2,B1,0.9996
processed_data_cleaned\test\B2\DSC08883_patch_2_4.jpg,B2,B1,0.9771
processed_data_cleaned\test\B2\DSC08883_patch_3_1.jpg,B2,A1,0.6301
processed_data_cleaned\test\B2\DSC08883_patch_3_2.jpg,B2,A1,0.9739
processed_data_cleaned\test\B2\DSC08883_patch_3_4.jpg,B2,B1,0.9371
processed_data_cleaned\test\B2\DSC08884_patch_0_3.jpg,B2,A1,0.9749
processed_data_cleaned\test\B2\DSC08884_patch_0_5.jpg,B2,A1,0.9531
processed_data_cleaned\test\B2\DSC08884_patch_1_0.jpg,B2,A1,0.7493
processed_data_cleaned\test\B2\DSC08884_patch_1_1.jpg,B2,B1,0.994
processed_data_cleaned\test\B2\DSC08884_patch_1_2.jpg,B2,A1,0.7487
processed_data_cleaned\test\B2\DSC08884_patch_1_5.jpg,B2,A1,0.6759
processed_data_cleaned\test\B2\DSC08884_patch_2_0.jpg,B2,B1,0.9997
processed_data_cleaned\test\B2\DSC08884_patch_2_1.jpg,B2,B1,0.8619
processed_data_cleaned\test\B2\DSC08884_patch_2_2.jpg,B2,B1,0.9593
processed_data_cleaned\test\B2\DSC08884_patch_2_3.jpg,B2,B1,0.9989
processed_data_cleaned\test\B2\DSC08884_patch_2_5.jpg,B2,B1,0.972
processed_data_cleaned\test\B2\DSC08884_patch_3_0.jpg,B2,B1,0.9891
processed_data_cleaned\test\B2\DSC08884_patch_3_3.jpg,B2,B1,0.9992
processed_data_cleaned\test\B2\DSC08885_patch_1_0.jpg,B2,B1,0.9766
processed_data_cleaned\test\B2\DSC08885_patch_1_1.jpg,B2,B1,1.0
processed_data_cleaned\test\B2\DSC08885_patch_1_2.jpg,B2,B1,0.9651
processed_data_cleaned\test\B2\DSC08885_patch_1_4.jpg,B2,B1,0.8165
processed_data_cleaned\test\B2\DSC08885_patch_2_1.jpg,B2,B1,0.9977
processed_data_cleaned\test\B2\DSC08885_patch_2_4.jpg,B2,B1,0.9905
processed_data_cleaned\test\B2\DSC08885_patch_3_2.jpg,B2,B1,0.997
processed_data_cleaned\test\B2\DSC08885_patch_3_3.jpg,B2,B1,0.9938
processed_data_cleaned\test\B2\DSC08885_patch_3_4.jpg,B2,A1,0.4629
