path,true,pred,confidence
processed_data_cleaned\test\A1\A1.08.MCH-Sch_02_patch_2_1.jpg,A1,B2,0.5687
processed_data_cleaned\test\A1\A1.08.MCH-Sch_03_patch_2_3.jpg,A1,B1,0.7606
processed_data_cleaned\test\A1\A1.08.MCH-Sch_04_patch_0_1.jpg,A1,A2,0.5303
processed_data_cleaned\test\A1\A1.08.MCH-Sch_04_patch_1_1.jpg,A1,B1,0.9271
processed_data_cleaned\test\A1\A1.08.MCH-Sch_04_patch_1_4.jpg,A1,B1,0.7629
processed_data_cleaned\test\A1\A1.08.MCH-Sch_04_patch_2_1.jpg,A1,B1,0.627
processed_data_cleaned\test\A1\A1.08.MCH-Sch_04_patch_2_3.jpg,A1,B1,0.5835
processed_data_cleaned\test\A1\A1.08.MCH-Sch_05_patch_0_2.jpg,A1,A2,0.3948
processed_data_cleaned\test\A1\A1.08.MCH-Sch_07_patch_0_0.jpg,A1,A2,0.6007
processed_data_cleaned\test\A1\A1.08.MCH-Sch_07_patch_0_2.jpg,A1,A2,0.3918
processed_data_cleaned\test\A1\A1.08.MCH-Sch_07_patch_0_5.jpg,A1,A2,0.3177
processed_data_cleaned\test\A1\A1.08.MCH-Sch_07_patch_2_2.jpg,A1,B1,0.7586
processed_data_cleaned\test\A1\A1.08.MCH-Sch_07_patch_3_2.jpg,A1,A2,0.5016
processed_data_cleaned\test\A1\A1.08.MCH-Sch_08_patch_2_0.jpg,A1,A2,0.3891
processed_data_cleaned\test\A1\A1.08.MCH-Sch_09_patch_2_0.jpg,A1,B1,0.7277
processed_data_cleaned\test\A1\A1.08.MCH-Sch_09_patch_3_0.jpg,A1,B1,0.7172
processed_data_cleaned\test\A1\A1.08.MCH-Sch_10_patch_3_0.jpg,A1,B2,0.7972
processed_data_cleaned\test\A1\A1.08.MCH-Sch_10_patch_3_3.jpg,A1,B2,0.961
processed_data_cleaned\test\A1\A1.08.MCH-Sch_10_patch_3_5.jpg,A1,B2,0.3796
processed_data_cleaned\test\A1\A1.08.MCH-Sch_11_patch_3_1.jpg,A1,A2,0.3788
processed_data_cleaned\test\A1\A1.08.MCH-Sch_12_patch_3_4.jpg,A1,A2,0.529
processed_data_cleaned\test\A1\A1.08.MCH-Sch_12_patch_3_5.jpg,A1,A2,0.476
processed_data_cleaned\test\A1\A1.08.MCH-Sch_13_patch_3_0.jpg,A1,B1,0.5278
processed_data_cleaned\test\A1\A1.08.MCH-Sch_13_patch_3_4.jpg,A1,A2,0.6741
processed_data_cleaned\test\A1\A1.08.MCH-Sch_13_patch_3_5.jpg,A1,A2,0.6702
processed_data_cleaned\test\A1\A1.08.MCH-Sch_14_patch_3_1.jpg,A1,A2,0.4862
processed_data_cleaned\test\A1\A1.08.MCH-Sch_15_patch_2_0.jpg,A1,A2,0.5574
processed_data_cleaned\test\A1\A1.08.MCH-Sch_16_patch_3_5.jpg,A1,A2,0.4816
processed_data_cleaned\test\A1\A1.08.MCH-Sch_17_patch_1_5.jpg,A1,A2,0.541
processed_data_cleaned\test\A1\A1.08.MCH-Sch_17_patch_2_1.jpg,A1,A2,0.8347
processed_data_cleaned\test\A1\A1.08.MCH-Sch_17_patch_2_2.jpg,A1,A2,0.6908
processed_data_cleaned\test\A1\A1.08.MCH-Sch_18_patch_3_3.jpg,A1,B2,0.4179
processed_data_cleaned\test\A1\A1.08.MCH-Sch_21_patch_1_3.jpg,A1,A2,0.7506
processed_data_cleaned\test\A1\A1.08.MCH-Sch_21_patch_3_4.jpg,A1,A2,0.8238
processed_data_cleaned\test\A1\A1.08.MCH-Sch_22_patch_2_4.jpg,A1,B2,0.4995
processed_data_cleaned\test\A1\A1.08.MCH-Sch_22_patch_3_2.jpg,A1,B2,0.3699
processed_data_cleaned\test\A1\A1.08.MCH-Sch_23_patch_3_3.jpg,A1,B2,0.6328
processed_data_cleaned\test\A1\A1.08.MCH-Sch_24_patch_0_1.jpg,A1,B2,0.7943
processed_data_cleaned\test\A1\A1.08.MCH-Sch_24_patch_3_1.jpg,A1,A2,0.4757
processed_data_cleaned\test\A1\A1.08.MCH-Sch_25_patch_2_3.jpg,A1,A2,0.8102
processed_data_cleaned\test\A1\A1.08.MCH-Sch_25_patch_3_1.jpg,A1,B2,0.8351
processed_data_cleaned\test\A1\A1.08.MCH-Sch_25_patch_3_2.jpg,A1,B2,0.6526
processed_data_cleaned\test\A1\A1.08.MCH-Sch_26_patch_3_3.jpg,A1,B2,0.7857
processed_data_cleaned\test\A1\A1.08.MCH-Sch_26_patch_3_4.jpg,A1,B2,0.7253
processed_data_cleaned\test\A1\A1.08.MCH-Sch_27_patch_3_4.jpg,A1,A2,0.4966
processed_data_cleaned\test\A1\A1.08.MCH-Sch_28_patch_3_3.jpg,A1,B1,0.3794
processed_data_cleaned\test\A1\A1.08.MCH-Sch_30_patch_0_0.jpg,A1,A2,0.4614
processed_data_cleaned\test\A1\A1.08.MCH-Sch_30_patch_1_0.jpg,A1,A2,0.6902
processed_data_cleaned\test\A1\A1.08.MCH-Sch_30_patch_1_1.jpg,A1,A2,0.8476
processed_data_cleaned\test\A1\A1.08.MCH-Sch_30_patch_2_0.jpg,A1,B1,0.4624
processed_data_cleaned\test\A1\A1.08.MCH-Sch_30_patch_2_1.jpg,A1,B1,0.5185
processed_data_cleaned\test\A1\A1.08.MCH-Sch_30_patch_3_0.jpg,A1,B1,0.5648
processed_data_cleaned\test\A1\A1.08.MCH-Sch_30_patch_3_2.jpg,A1,A2,0.581
processed_data_cleaned\test\A1\A1.08.MCH-Sch_32_patch_0_0.jpg,A1,B1,0.3709
processed_data_cleaned\test\A1\A1.08.MCH-Sch_32_patch_1_2.jpg,A1,B2,0.5966
processed_data_cleaned\test\A1\A1.08.MCH-Sch_34_patch_1_1.jpg,A1,B2,0.6752
processed_data_cleaned\test\A1\A1.08.MCH-Sch_34_patch_1_4.jpg,A1,B1,0.3623
processed_data_cleaned\test\A1\A1.08.MCH-Sch_35_patch_0_1.jpg,A1,A2,0.6428
processed_data_cleaned\test\A1\A1.08.MCH-Sch_35_patch_3_5.jpg,A1,B1,0.5352
processed_data_cleaned\test\A1\A1.08.MCH-Sch_37_patch_0_0.jpg,A1,B1,0.8077
processed_data_cleaned\test\A1\A1.08.MCH-Sch_37_patch_0_5.jpg,A1,B2,0.4756
processed_data_cleaned\test\A1\A1.08.MCH-Sch_37_patch_2_5.jpg,A1,B1,0.8316
processed_data_cleaned\test\A1\A1.08.MCH-Sch_37_patch_3_5.jpg,A1,B1,0.6687
processed_data_cleaned\test\A1\A1.08.MCH-Sch_38_patch_0_0.jpg,A1,B2,0.5444
processed_data_cleaned\test\A1\A1.08.MCH-Sch_40_patch_3_4.jpg,A1,A2,0.7471
processed_data_cleaned\test\A1\A1.08.MCH-Sch_44_patch_3_0.jpg,A1,B1,0.4677
processed_data_cleaned\test\A1\A1.08.MCH-Sch_47_patch_0_1.jpg,A1,A2,0.9426
processed_data_cleaned\test\A1\A1.08.MCH-Sch_47_patch_0_2.jpg,A1,A2,0.6689
processed_data_cleaned\test\A1\A1.08.MCH-Sch_48_patch_3_5.jpg,A1,A2,0.7542
processed_data_cleaned\test\A1\A1.08.MCH-Sch_49_patch_0_4.jpg,A1,B1,0.6145
processed_data_cleaned\test\A1\A1.08.MCH-Sch_49_patch_1_2.jpg,A1,B1,0.628
processed_data_cleaned\test\A1\A1.08.MCH-Sch_49_patch_2_0.jpg,A1,B1,0.7104
processed_data_cleaned\test\A1\A1.08.MCH-Sch_50_patch_0_5.jpg,A1,B1,0.4651
processed_data_cleaned\test\A1\A1.08.MCH-Sch_50_patch_1_4.jpg,A1,B1,0.8803
processed_data_cleaned\test\A1\A1.08.MCH-Sch_51_patch_1_0.jpg,A1,B1,0.8004
processed_data_cleaned\test\A1\A1.08.MCH-Sch_51_patch_2_4.jpg,A1,B1,0.4962
processed_data_cleaned\test\A1\A1.08.MCH-Sch_52_patch_3_4.jpg,A1,B1,0.3779
processed_data_cleaned\test\A1\A1.08.MCH-Sch_53_patch_0_5.jpg,A1,A2,0.5518
processed_data_cleaned\test\A1\A1.08.MCH-Sch_53_patch_2_4.jpg,A1,B1,0.3598
processed_data_cleaned\test\A1\A1.08.MCH-Sch_53_patch_2_5.jpg,A1,A2,0.7055
processed_data_cleaned\test\A1\A1.08.MCH-Sch_53_patch_3_3.jpg,A1,B2,0.4677
processed_data_cleaned\test\A1\A1.08.MCH-Sch_53_patch_3_4.jpg,A1,A2,0.418
processed_data_cleaned\test\A1\A1.08.MCH-Sch_53_patch_3_5.jpg,A1,B2,0.8489
processed_data_cleaned\test\A1\A1.08.MCH-Sch_54_patch_1_1.jpg,A1,B1,0.6348
processed_data_cleaned\test\A1\A1.08.MCH-Sch_54_patch_2_5.jpg,A1,A2,0.4017
processed_data_cleaned\test\A1\A1.08.MCH-Sch_54_patch_3_4.jpg,A1,A2,0.5279
processed_data_cleaned\test\A1\A1.08.MCH-Sch_54_patch_3_5.jpg,A1,B1,0.6703
processed_data_cleaned\test\A1\A1.08.MCH-Sch_55_patch_0_0.jpg,A1,A2,0.7509
processed_data_cleaned\test\A1\A1.08.MCH-Sch_55_patch_2_0.jpg,A1,A2,0.5071
processed_data_cleaned\test\A1\A1.08.MCH-Sch_55_patch_3_0.jpg,A1,B2,0.3567
processed_data_cleaned\test\A1\A1.08.MCH-Sch_59_patch_1_1.jpg,A1,A2,0.5282
processed_data_cleaned\test\A1\A1.08.MCH-Sch_60_patch_0_1.jpg,A1,A2,0.7657
processed_data_cleaned\test\A1\A1.08.MCH-Sch_60_patch_0_2.jpg,A1,A2,0.5786
processed_data_cleaned\test\A1\A1.08.MCH-Sch_60_patch_0_4.jpg,A1,B1,0.8309
processed_data_cleaned\test\A1\A1.08.MCH-Sch_60_patch_1_0.jpg,A1,B1,0.4935
processed_data_cleaned\test\A1\A1.08.MCH-Sch_60_patch_2_0.jpg,A1,B1,0.5224
processed_data_cleaned\test\A1\A1.08.MCH-Sch_60_patch_2_1.jpg,A1,A2,0.6857
processed_data_cleaned\test\A1\A1.08.MCH-Sch_60_patch_2_2.jpg,A1,A2,0.5096
processed_data_cleaned\test\A1\A1.08.MCH-Sch_60_patch_3_0.jpg,A1,B2,0.9684
processed_data_cleaned\test\A1\A1.08.MCH-Sch_61_patch_2_4.jpg,A1,B2,0.3511
processed_data_cleaned\test\A1\A1.08.MCH-Sch_61_patch_3_0.jpg,A1,A2,0.4511
processed_data_cleaned\test\A1\A1.08.MCH-Sch_63_patch_0_1.jpg,A1,B1,0.349
processed_data_cleaned\test\A1\A1.08.MCH-Sch_64_patch_0_0.jpg,A1,A2,0.9582
processed_data_cleaned\test\A1\A1.08.MCH-Sch_64_patch_3_2.jpg,A1,B1,0.4378
processed_data_cleaned\test\A1\A1.08.MCH-Sch_64_patch_3_3.jpg,A1,A2,0.6847
processed_data_cleaned\test\A1\A1.08.MCH-Sch_64_patch_3_5.jpg,A1,A2,0.7301
processed_data_cleaned\test\A1\A1.08.MCH-Sch_65_patch_3_1.jpg,A1,B1,0.666
processed_data_cleaned\test\A1\A1.08.MCH-Sch_65_patch_3_2.jpg,A1,B1,0.6982
processed_data_cleaned\test\A1\A1.08.MCH-Sch_66_patch_3_3.jpg,A1,B2,0.4526
processed_data_cleaned\test\A1\A1.08.MCH-Sch_71_patch_3_0.jpg,A1,A2,0.4196
processed_data_cleaned\test\A1\A1.08.MCH-Sch_73_patch_2_0.jpg,A1,A2,0.8636
processed_data_cleaned\test\A1\A1.08.MCH-Sch_73_patch_3_4.jpg,A1,A2,0.8348
processed_data_cleaned\test\A1\A1.08.MCH-Sch_76_patch_0_2.jpg,A1,B1,0.7267
processed_data_cleaned\test\A1\A1.08.MCH-Sch_81_patch_0_0.jpg,A1,B2,0.5137
processed_data_cleaned\test\A1\A1.08.MCH-Sch_82_patch_1_1.jpg,A1,A2,0.6651
processed_data_cleaned\test\A1\A1.08.MCH-Sch_82_patch_2_0.jpg,A1,B1,0.6994
processed_data_cleaned\test\A1\A1.08.MCH-Sch_82_patch_3_0.jpg,A1,A2,0.5337
processed_data_cleaned\test\A1\A1.08.MCH-Sch_83_patch_1_4.jpg,A1,B1,0.9339
processed_data_cleaned\test\A1\A1.08.MCH-Sch_84_patch_0_1.jpg,A1,B1,0.3313
processed_data_cleaned\test\A1\A1.08.MCH-Sch_84_patch_1_3.jpg,A1,A2,0.5486
processed_data_cleaned\test\A1\A1.08.MCH-Sch_84_patch_2_1.jpg,A1,B1,0.4633
processed_data_cleaned\test\A1\A1.08.MCH-Sch_84_patch_2_3.jpg,A1,A2,0.5542
processed_data_cleaned\test\A1\A1.08.MCH-Sch_84_patch_3_0.jpg,A1,B1,0.7711
processed_data_cleaned\test\A1\A1.08.MCH-Sch_84_patch_3_2.jpg,A1,B1,0.5619
processed_data_cleaned\test\A1\A1.08.MCH-Sch_85_patch_1_0.jpg,A1,A2,0.5279
processed_data_cleaned\test\A1\A1.08.MCH-Sch_85_patch_2_0.jpg,A1,A2,0.6095
processed_data_cleaned\test\A1\A1.08.MCH-Sch_85_patch_3_0.jpg,A1,A2,0.4537
processed_data_cleaned\test\A1\A1.08.MCH-Sch_88_patch_1_3.jpg,A1,B1,0.9537
processed_data_cleaned\test\A1\A1.08.MCH-Sch_88_patch_2_1.jpg,A1,B1,0.2629
processed_data_cleaned\test\A1\A1.15.VTT-Sch_05_patch_3_5.jpg,A1,A2,0.5718
processed_data_cleaned\test\A1\A1.15.VTT-Sch_09_patch_0_5.jpg,A1,B2,0.6724
processed_data_cleaned\test\A1\A1.15.VTT-Sch_12_patch_1_5.jpg,A1,A2,0.8803
processed_data_cleaned\test\A1\A1.15.VTT-Sch_13_patch_2_0.jpg,A1,B2,0.5607
processed_data_cleaned\test\A1\A1.15.VTT-Sch_13_patch_2_1.jpg,A1,B2,0.6816
processed_data_cleaned\test\A1\A1.15.VTT-Sch_13_patch_2_3.jpg,A1,B1,0.3361
processed_data_cleaned\test\A1\A1.15.VTT-Sch_13_patch_2_5.jpg,A1,B2,0.8294
processed_data_cleaned\test\A1\A1.15.VTT-Sch_13_patch_3_0.jpg,A1,B1,0.5837
processed_data_cleaned\test\A1\A1.15.VTT-Sch_13_patch_3_1.jpg,A1,B2,0.9691
processed_data_cleaned\test\A1\A1.15.VTT-Sch_13_patch_3_4.jpg,A1,B1,0.3062
processed_data_cleaned\test\A1\A1.15.VTT-Sch_13_patch_3_5.jpg,A1,B1,0.6135
processed_data_cleaned\test\A1\A1.15.VTT-Sch_14_patch_0_0.jpg,A1,B1,0.6049
processed_data_cleaned\test\A1\A1.15.VTT-Sch_14_patch_3_0.jpg,A1,B2,0.4039
processed_data_cleaned\test\A1\A1.15.VTT-Sch_14_patch_3_2.jpg,A1,B1,0.7076
processed_data_cleaned\test\A1\A1.15.VTT-Sch_16_patch_1_1.jpg,A1,B2,0.6414
processed_data_cleaned\test\A1\A1.15.VTT-Sch_16_patch_2_1.jpg,A1,B2,0.8112
processed_data_cleaned\test\A1\A1.15.VTT-Sch_16_patch_2_2.jpg,A1,B1,0.5733
processed_data_cleaned\test\A1\A1.15.VTT-Sch_16_patch_2_3.jpg,A1,B2,0.9118
processed_data_cleaned\test\A1\A1.15.VTT-Sch_17_patch_0_1.jpg,A1,B2,0.8594
processed_data_cleaned\test\A1\A1.15.VTT-Sch_17_patch_0_5.jpg,A1,B2,0.5997
processed_data_cleaned\test\A1\A1.15.VTT-Sch_17_patch_1_2.jpg,A1,B2,0.9274
processed_data_cleaned\test\A1\A1.15.VTT-Sch_17_patch_1_3.jpg,A1,B2,0.7585
processed_data_cleaned\test\A1\A1.15.VTT-Sch_17_patch_1_5.jpg,A1,B2,0.8141
processed_data_cleaned\test\A1\A1.15.VTT-Sch_17_patch_3_0.jpg,A1,B2,0.3373
processed_data_cleaned\test\A1\A1.15.VTT-Sch_17_patch_3_1.jpg,A1,A2,0.4431
processed_data_cleaned\test\A1\A1.15.VTT-Sch_17_patch_3_3.jpg,A1,B1,0.7322
processed_data_cleaned\test\A1\A1.15.VTT-Sch_17_patch_3_4.jpg,A1,A2,0.7693
processed_data_cleaned\test\A1\A1.15.VTT-Sch_18_patch_0_4.jpg,A1,B2,0.5985
processed_data_cleaned\test\A1\A1.15.VTT-Sch_18_patch_3_0.jpg,A1,B1,0.462
processed_data_cleaned\test\A1\A1.15.VTT-Sch_19_patch_1_2.jpg,A1,B2,0.4047
processed_data_cleaned\test\A1\A1.15.VTT-Sch_19_patch_2_0.jpg,A1,B1,0.6911
processed_data_cleaned\test\A1\A1.15.VTT-Sch_19_patch_2_5.jpg,A1,A2,0.4648
processed_data_cleaned\test\A1\A1.15.VTT-Sch_19_patch_3_1.jpg,A1,B1,0.7728
processed_data_cleaned\test\A1\A1.15.VTT-Sch_21_patch_2_5.jpg,A1,B1,0.7747
processed_data_cleaned\test\A1\A1.15.VTT-Sch_21_patch_3_0.jpg,A1,B1,0.7167
processed_data_cleaned\test\A1\A1.15.VTT-Sch_21_patch_3_5.jpg,A1,B1,0.6381
processed_data_cleaned\test\A1\A1.15.VTT-Sch_22_patch_0_1.jpg,A1,B2,0.5033
processed_data_cleaned\test\A1\A1.15.VTT-Sch_22_patch_3_2.jpg,A1,B2,0.5094
processed_data_cleaned\test\A1\A1.15.VTT-Sch_23_patch_2_2.jpg,A1,B2,0.969
processed_data_cleaned\test\A1\A1.15.VTT-Sch_23_patch_3_2.jpg,A1,B2,0.7234
processed_data_cleaned\test\A1\A1.15.VTT-Sch_28_patch_1_3.jpg,A1,B1,0.4889
processed_data_cleaned\test\A1\A1.15.VTT-Sch_29_patch_0_1.jpg,A1,B2,0.4839
processed_data_cleaned\test\A1\A1.15.VTT-Sch_29_patch_1_1.jpg,A1,B2,0.7257
processed_data_cleaned\test\A1\A1.15.VTT-Sch_29_patch_1_2.jpg,A1,B2,0.6499
processed_data_cleaned\test\A1\A1.15.VTT-Sch_29_patch_1_3.jpg,A1,B2,0.8616
processed_data_cleaned\test\A1\A1.15.VTT-Sch_29_patch_2_0.jpg,A1,B1,0.7422
processed_data_cleaned\test\A1\A1.15.VTT-Sch_29_patch_2_2.jpg,A1,B1,0.8745
processed_data_cleaned\test\A1\A1.15.VTT-Sch_29_patch_3_1.jpg,A1,B1,0.3955
processed_data_cleaned\test\A1\A1.15.VTT-Sch_29_patch_3_2.jpg,A1,A2,0.76
processed_data_cleaned\test\A1\A1.15.VTT-Sch_29_patch_3_3.jpg,A1,B1,0.7198
processed_data_cleaned\test\A1\A1.15.VTT-Sch_29_patch_3_4.jpg,A1,A2,0.4487
processed_data_cleaned\test\A1\A1.15.VTT-Sch_30_patch_0_1.jpg,A1,B2,0.9366
processed_data_cleaned\test\A1\A1.15.VTT-Sch_30_patch_1_1.jpg,A1,B2,0.8863
processed_data_cleaned\test\A1\A1.15.VTT-Sch_30_patch_1_2.jpg,A1,B2,0.7375
processed_data_cleaned\test\A1\A1.15.VTT-Sch_30_patch_1_5.jpg,A1,A2,0.4012
processed_data_cleaned\test\A1\A1.15.VTT-Sch_30_patch_2_1.jpg,A1,B2,0.7746
processed_data_cleaned\test\A1\A1.15.VTT-Sch_30_patch_2_2.jpg,A1,B2,0.4428
processed_data_cleaned\test\A1\A1.15.VTT-Sch_30_patch_3_2.jpg,A1,B1,0.7753
processed_data_cleaned\test\A1\A1.15.VTT-Sch_30_patch_3_3.jpg,A1,B2,0.49
processed_data_cleaned\test\A1\A1.15.VTT-Sch_32_patch_2_3.jpg,A1,B1,0.4319
processed_data_cleaned\test\A1\A1.15.VTT-Sch_32_patch_3_4.jpg,A1,B1,0.6024
processed_data_cleaned\test\A1\A1.15.VTT-Sch_36_patch_3_1.jpg,A1,B2,0.6694
processed_data_cleaned\test\A1\A1.15.VTT-Sch_37_patch_0_3.jpg,A1,B1,0.5416
processed_data_cleaned\test\A1\A1.15.VTT-Sch_37_patch_2_1.jpg,A1,B2,0.6472
processed_data_cleaned\test\A1\A1.15.VTT-Sch_37_patch_2_3.jpg,A1,B1,0.9007
processed_data_cleaned\test\A1\A1.15.VTT-Sch_37_patch_3_5.jpg,A1,B1,0.5408
processed_data_cleaned\test\A1\A1.15.VTT-Sch_39_patch_1_4.jpg,A1,B1,0.4852
processed_data_cleaned\test\A1\A1.15.VTT-Sch_40_patch_1_0.jpg,A1,B1,0.4447
processed_data_cleaned\test\A1\A1.15.VTT-Sch_40_patch_1_3.jpg,A1,B1,0.8044
processed_data_cleaned\test\A1\A1.15.VTT-Sch_40_patch_2_4.jpg,A1,B1,0.6738
processed_data_cleaned\test\A1\A1.15.VTT-Sch_40_patch_3_3.jpg,A1,B1,0.9886
processed_data_cleaned\test\A1\A1.15.VTT-Sch_40_patch_3_4.jpg,A1,B1,0.9924
processed_data_cleaned\test\A1\A1.15.VTT-Sch_41_patch_0_0.jpg,A1,B2,0.8082
processed_data_cleaned\test\A1\A1.15.VTT-Sch_41_patch_1_1.jpg,A1,B2,0.9587
processed_data_cleaned\test\A1\A1.15.VTT-Sch_41_patch_1_2.jpg,A1,B1,0.4672
processed_data_cleaned\test\A1\A1.15.VTT-Sch_41_patch_1_3.jpg,A1,B2,0.7468
processed_data_cleaned\test\A1\A1.15.VTT-Sch_41_patch_2_0.jpg,A1,B1,0.6806
processed_data_cleaned\test\A1\A1.15.VTT-Sch_41_patch_2_2.jpg,A1,A2,0.6259
processed_data_cleaned\test\A1\A1.15.VTT-Sch_41_patch_3_2.jpg,A1,B1,0.5201
processed_data_cleaned\test\A1\A1.15.VTT-Sch_41_patch_3_3.jpg,A1,B1,0.9815
processed_data_cleaned\test\A1\A1.21.Rai-Bui_04_patch_3_0.jpg,A1,A2,0.5997
processed_data_cleaned\test\A1\A1.21.Rai-Bui_05_patch_3_4.jpg,A1,A2,0.5464
processed_data_cleaned\test\A1\A1.21.Rai-Bui_05_patch_3_5.jpg,A1,A2,0.5733
processed_data_cleaned\test\A1\A1.21.Rai-Bui_06_patch_3_1.jpg,A1,A2,0.7173
processed_data_cleaned\test\A1\A1.21.Rai-Bui_10_patch_1_1.jpg,A1,B1,0.5039
processed_data_cleaned\test\A1\A1.21.Rai-Bui_12_patch_0_5.jpg,A1,B2,0.7433
processed_data_cleaned\test\A1\A1.21.Rai-Bui_17_patch_3_0.jpg,A1,B1,0.6753
processed_data_cleaned\test\A1\A1.21.Rai-Bui_17_patch_3_1.jpg,A1,A2,0.824
processed_data_cleaned\test\A1\A1.21.Rai-Bui_19_patch_3_3.jpg,A1,B2,0.5586
processed_data_cleaned\test\A1\A1.21.Rai-Bui_19_patch_3_4.jpg,A1,A2,0.6873
processed_data_cleaned\test\A1\A1.21.Rai-Bui_19_patch_3_5.jpg,A1,A2,0.5609
processed_data_cleaned\test\A1\A1.21.Rai-Bui_22_patch_2_5.jpg,A1,A2,0.609
processed_data_cleaned\test\A1\A1.21.Rai-Bui_23_patch_0_3.jpg,A1,A2,0.5289
processed_data_cleaned\test\A1\A1.21.Rai-Bui_23_patch_3_0.jpg,A1,A2,0.6079
processed_data_cleaned\test\A1\A1.21.Rai-Bui_23_patch_3_1.jpg,A1,A2,0.8011
processed_data_cleaned\test\A1\A1.21.Rai-Bui_24_patch_0_5.jpg,A1,B2,0.8207
processed_data_cleaned\test\A1\A1.21.Rai-Bui_24_patch_1_0.jpg,A1,B2,0.4941
processed_data_cleaned\test\A1\A1.21.Rai-Bui_24_patch_3_0.jpg,A1,B2,0.6187
processed_data_cleaned\test\A1\A1.21.Rai-Bui_24_patch_3_1.jpg,A1,B1,0.5875
processed_data_cleaned\test\A1\A1.21.Rai-Bui_24_patch_3_3.jpg,A1,B1,0.6281
processed_data_cleaned\test\A1\A1.21.Rai-Bui_24_patch_3_4.jpg,A1,A2,0.4179
processed_data_cleaned\test\A1\A1.21.Rai-Bui_24_patch_3_5.jpg,A1,B1,0.8364
processed_data_cleaned\test\A1\A1.21.Rai-Bui_26_patch_0_3.jpg,A1,B2,0.771
processed_data_cleaned\test\A1\A1.21.Rai-Bui_26_patch_2_1.jpg,A1,B2,0.6565
processed_data_cleaned\test\A1\A1.21.Rai-Bui_26_patch_3_0.jpg,A1,B1,0.4834
processed_data_cleaned\test\A1\A1.21.Rai-Bui_26_patch_3_1.jpg,A1,B2,0.6205
processed_data_cleaned\test\A1\A1.21.Rai-Bui_26_patch_3_2.jpg,A1,B1,0.8138
processed_data_cleaned\test\A1\A1.21.Rai-Bui_26_patch_3_3.jpg,A1,B1,0.5624
processed_data_cleaned\test\A1\A1.21.Rai-Bui_26_patch_3_5.jpg,A1,A2,0.825
processed_data_cleaned\test\A1\A1.21.Rai-Bui_28_patch_2_1.jpg,A1,A2,0.4939
processed_data_cleaned\test\A1\A1.21.Rai-Bui_31_patch_1_0.jpg,A1,B2,0.5535
processed_data_cleaned\test\A1\A1.21.Rai-Bui_33_patch_3_0.jpg,A1,B1,0.539
processed_data_cleaned\test\A1\A1.21.Rai-Bui_33_patch_3_1.jpg,A1,B2,0.6718
processed_data_cleaned\test\A1\A1.21.Rai-Bui_34_patch_1_0.jpg,A1,B2,0.3712
processed_data_cleaned\test\A1\A1.21.Rai-Bui_34_patch_3_1.jpg,A1,A2,0.3885
processed_data_cleaned\test\A1\A1.21.Rai-Bui_36_patch_2_3.jpg,A1,B2,0.671
processed_data_cleaned\test\A1\A1.21.Rai-Bui_39_patch_3_2.jpg,A1,A2,0.6763
processed_data_cleaned\test\A1\A1.21.Rai-Bui_40_patch_2_4.jpg,A1,A2,0.7285
processed_data_cleaned\test\A1\A1.21.Rai-Bui_42_patch_3_1.jpg,A1,A2,0.8304
processed_data_cleaned\test\A1\A1.21.Rai-Bui_44_patch_0_5.jpg,A1,A2,0.7433
processed_data_cleaned\test\A1\A1.21.Rai-Bui_44_patch_1_0.jpg,A1,A2,0.4768
processed_data_cleaned\test\A1\A1.21.Rai-Bui_45_patch_3_2.jpg,A1,A2,0.5769
processed_data_cleaned\test\A1\A1.21.Rai-Bui_45_patch_3_4.jpg,A1,A2,0.6568
processed_data_cleaned\test\A1\A1.21.Rai-Bui_46_patch_2_2.jpg,A1,A2,0.6334
processed_data_cleaned\test\A1\A1.21.Rai-Bui_46_patch_2_4.jpg,A1,A2,0.5754
processed_data_cleaned\test\A1\A1.21.Rai-Bui_46_patch_3_4.jpg,A1,B1,0.4301
processed_data_cleaned\test\A1\A1.21.Rai-Bui_48_patch_2_5.jpg,A1,B1,0.9083
processed_data_cleaned\test\A1\A1.21.Rai-Bui_49_patch_1_1.jpg,A1,A2,0.6046
processed_data_cleaned\test\A1\A1.21.Rai-Bui_51_patch_0_0.jpg,A1,B1,0.7247
processed_data_cleaned\test\A1\A1.21.Rai-Bui_51_patch_3_5.jpg,A1,B1,0.4655
processed_data_cleaned\test\A1\A1.29.Lab-Cul_04_patch_2_1.jpg,A1,A2,0.8537
processed_data_cleaned\test\A1\A1.29.Lab-Cul_04_patch_3_0.jpg,A1,B2,0.714
processed_data_cleaned\test\A1\A1.29.Lab-Cul_04_patch_3_2.jpg,A1,B1,0.5843
processed_data_cleaned\test\A1\A1.29.Lab-Cul_04_patch_3_4.jpg,A1,B1,0.8896
processed_data_cleaned\test\A1\A1.29.Lab-Cul_04_patch_3_5.jpg,A1,A2,0.4351
processed_data_cleaned\test\A1\A1.29.Lab-Cul_05_patch_0_3.jpg,A1,A2,0.6233
processed_data_cleaned\test\A1\A1.29.Lab-Cul_05_patch_1_0.jpg,A1,A2,0.7833
processed_data_cleaned\test\A1\A1.29.Lab-Cul_05_patch_2_1.jpg,A1,B1,0.4854
processed_data_cleaned\test\A1\A1.29.Lab-Cul_05_patch_3_0.jpg,A1,B1,0.908
processed_data_cleaned\test\A1\A1.29.Lab-Cul_05_patch_3_1.jpg,A1,B1,0.3768
processed_data_cleaned\test\A1\A1.29.Lab-Cul_05_patch_3_2.jpg,A1,B1,0.84
processed_data_cleaned\test\A1\A1.29.Lab-Cul_06_patch_0_2.jpg,A1,B1,0.6609
processed_data_cleaned\test\A1\A1.29.Lab-Cul_06_patch_3_1.jpg,A1,B1,0.3901
processed_data_cleaned\test\A1\A1.29.Lab-Cul_07_patch_1_2.jpg,A1,B2,0.9602
processed_data_cleaned\test\A1\A1.29.Lab-Cul_07_patch_1_3.jpg,A1,B1,0.4634
processed_data_cleaned\test\A1\A1.29.Lab-Cul_07_patch_1_4.jpg,A1,B1,0.4759
processed_data_cleaned\test\A1\A1.29.Lab-Cul_07_patch_2_0.jpg,A1,B1,0.5561
processed_data_cleaned\test\A1\A1.29.Lab-Cul_07_patch_2_1.jpg,A1,B1,0.7847
processed_data_cleaned\test\A1\A1.29.Lab-Cul_07_patch_2_2.jpg,A1,B1,0.8106
processed_data_cleaned\test\A1\A1.29.Lab-Cul_07_patch_2_3.jpg,A1,B1,0.4451
processed_data_cleaned\test\A1\A1.29.Lab-Cul_07_patch_3_0.jpg,A1,B1,0.5469
processed_data_cleaned\test\A1\A1.29.Lab-Cul_07_patch_3_1.jpg,A1,B2,0.3756
processed_data_cleaned\test\A1\A1.29.Lab-Cul_07_patch_3_2.jpg,A1,B2,0.7647
processed_data_cleaned\test\A1\A1.29.Lab-Cul_08_patch_1_0.jpg,A1,B1,0.8964
processed_data_cleaned\test\A1\A1.29.Lab-Cul_09_patch_3_0.jpg,A1,A2,0.2834
processed_data_cleaned\test\A1\A1.29.Lab-Cul_09_patch_3_2.jpg,A1,A2,0.5348
processed_data_cleaned\test\A1\A1.29.Lab-Cul_09_patch_3_4.jpg,A1,B2,0.7345
processed_data_cleaned\test\A1\A1.29.Lab-Cul_10_patch_3_0.jpg,A1,B1,0.3544
processed_data_cleaned\test\A1\A1.29.Lab-Cul_11_patch_0_0.jpg,A1,B2,0.8977
processed_data_cleaned\test\A1\A1.29.Lab-Cul_11_patch_0_1.jpg,A1,B2,0.8518
processed_data_cleaned\test\A1\A1.29.Lab-Cul_11_patch_0_2.jpg,A1,A2,0.764
processed_data_cleaned\test\A1\A1.29.Lab-Cul_11_patch_1_2.jpg,A1,B2,0.5971
processed_data_cleaned\test\A1\A1.29.Lab-Cul_11_patch_1_4.jpg,A1,A2,0.6616
processed_data_cleaned\test\A1\A1.29.Lab-Cul_11_patch_1_5.jpg,A1,A2,0.6694
processed_data_cleaned\test\A1\A1.29.Lab-Cul_11_patch_2_0.jpg,A1,B1,0.6598
processed_data_cleaned\test\A1\A1.29.Lab-Cul_11_patch_3_1.jpg,A1,A2,0.9363
processed_data_cleaned\test\A1\A1.29.Lab-Cul_11_patch_3_2.jpg,A1,A2,0.9891
processed_data_cleaned\test\A1\A1.29.Lab-Cul_11_patch_3_3.jpg,A1,A2,0.892
processed_data_cleaned\test\A1\A1.29.Lab-Cul_11_patch_3_4.jpg,A1,A2,0.9288
processed_data_cleaned\test\A1\A1.29.Lab-Cul_14_patch_0_1.jpg,A1,B1,0.6975
processed_data_cleaned\test\A1\A1.29.Lab-Cul_14_patch_0_3.jpg,A1,A2,0.7984
processed_data_cleaned\test\A1\A1.29.Lab-Cul_14_patch_0_5.jpg,A1,B1,0.4663
processed_data_cleaned\test\A1\A1.29.Lab-Cul_14_patch_1_0.jpg,A1,B1,0.8005
processed_data_cleaned\test\A1\A1.29.Lab-Cul_14_patch_1_2.jpg,A1,B1,0.8246
processed_data_cleaned\test\A1\A1.29.Lab-Cul_14_patch_1_3.jpg,A1,B2,0.8853
processed_data_cleaned\test\A1\A1.29.Lab-Cul_14_patch_3_0.jpg,A1,B1,0.6122
processed_data_cleaned\test\A1\A1.29.Lab-Cul_14_patch_3_1.jpg,A1,B2,0.8071
processed_data_cleaned\test\A1\A1.29.Lab-Cul_14_patch_3_4.jpg,A1,B2,0.5676
processed_data_cleaned\test\A1\A1.29.Lab-Cul_14_patch_3_5.jpg,A1,B1,0.4167
processed_data_cleaned\test\A1\A1.29.Lab-Cul_15_patch_0_4.jpg,A1,A2,0.6697
processed_data_cleaned\test\A1\A1.29.Lab-Cul_15_patch_0_5.jpg,A1,A2,0.9374
processed_data_cleaned\test\A1\A1.29.Lab-Cul_15_patch_1_0.jpg,A1,A2,0.953
processed_data_cleaned\test\A1\A1.29.Lab-Cul_15_patch_1_1.jpg,A1,A2,0.9918
processed_data_cleaned\test\A1\A1.29.Lab-Cul_15_patch_1_2.jpg,A1,A2,0.9773
processed_data_cleaned\test\A1\A1.29.Lab-Cul_15_patch_1_3.jpg,A1,A2,0.766
processed_data_cleaned\test\A1\A1.29.Lab-Cul_15_patch_1_4.jpg,A1,A2,0.8523
processed_data_cleaned\test\A1\A1.29.Lab-Cul_15_patch_1_5.jpg,A1,B2,0.5743
processed_data_cleaned\test\A1\A1.29.Lab-Cul_15_patch_2_0.jpg,A1,A2,0.7094
processed_data_cleaned\test\A1\A1.29.Lab-Cul_15_patch_2_1.jpg,A1,B1,0.422
processed_data_cleaned\test\A1\A1.29.Lab-Cul_15_patch_2_2.jpg,A1,A2,0.4925
processed_data_cleaned\test\A1\A1.29.Lab-Cul_15_patch_2_3.jpg,A1,B1,0.6225
processed_data_cleaned\test\A1\A1.29.Lab-Cul_15_patch_2_4.jpg,A1,A2,0.465
processed_data_cleaned\test\A1\A1.29.Lab-Cul_15_patch_2_5.jpg,A1,A2,0.7675
processed_data_cleaned\test\A1\A1.29.Lab-Cul_15_patch_3_1.jpg,A1,B1,0.5918
processed_data_cleaned\test\A1\A1.29.Lab-Cul_15_patch_3_2.jpg,A1,B1,0.9404
processed_data_cleaned\test\A1\A1.29.Lab-Cul_15_patch_3_4.jpg,A1,B2,0.9262
processed_data_cleaned\test\A1\A1.29.Lab-Cul_15_patch_3_5.jpg,A1,B1,0.4732
processed_data_cleaned\test\A1\A1.29.Lab-Cul_16_patch_0_1.jpg,A1,B2,0.7261
processed_data_cleaned\test\A1\A1.29.Lab-Cul_16_patch_1_1.jpg,A1,B1,0.7896
processed_data_cleaned\test\A1\A1.29.Lab-Cul_16_patch_1_2.jpg,A1,A2,0.7282
processed_data_cleaned\test\A1\A1.29.Lab-Cul_16_patch_1_3.jpg,A1,B1,0.4926
processed_data_cleaned\test\A1\A1.29.Lab-Cul_16_patch_1_4.jpg,A1,B2,0.3605
processed_data_cleaned\test\A1\A1.29.Lab-Cul_16_patch_2_0.jpg,A1,B2,0.9227
processed_data_cleaned\test\A1\A1.29.Lab-Cul_16_patch_2_1.jpg,A1,B1,0.8507
processed_data_cleaned\test\A1\A1.29.Lab-Cul_16_patch_2_2.jpg,A1,B2,0.473
processed_data_cleaned\test\A1\A1.29.Lab-Cul_16_patch_2_3.jpg,A1,A2,0.6967
processed_data_cleaned\test\A1\A1.29.Lab-Cul_16_patch_3_3.jpg,A1,A2,0.8946
processed_data_cleaned\test\A1\A1.29.Lab-Cul_16_patch_3_4.jpg,A1,B2,0.8961
processed_data_cleaned\test\A1\A1.29.Lab-Cul_17_patch_0_1.jpg,A1,A2,0.6317
processed_data_cleaned\test\A1\A1.29.Lab-Cul_17_patch_0_2.jpg,A1,A2,0.9979
processed_data_cleaned\test\A1\A1.29.Lab-Cul_17_patch_0_3.jpg,A1,A2,0.8179
processed_data_cleaned\test\A1\A1.29.Lab-Cul_17_patch_1_0.jpg,A1,B1,0.82
processed_data_cleaned\test\A1\A1.29.Lab-Cul_17_patch_1_1.jpg,A1,B1,0.6236
processed_data_cleaned\test\A1\A1.29.Lab-Cul_17_patch_1_2.jpg,A1,A2,0.9277
processed_data_cleaned\test\A1\A1.29.Lab-Cul_17_patch_1_3.jpg,A1,A2,0.8768
processed_data_cleaned\test\A1\A1.29.Lab-Cul_17_patch_2_0.jpg,A1,B2,0.6591
processed_data_cleaned\test\A1\A1.29.Lab-Cul_17_patch_2_2.jpg,A1,B1,0.5786
processed_data_cleaned\test\A1\A1.29.Lab-Cul_17_patch_2_3.jpg,A1,A2,0.9765
processed_data_cleaned\test\A1\A1.29.Lab-Cul_17_patch_2_4.jpg,A1,A2,0.6978
processed_data_cleaned\test\A1\A1.29.Lab-Cul_17_patch_2_5.jpg,A1,A2,0.9355
processed_data_cleaned\test\A1\A1.29.Lab-Cul_17_patch_3_2.jpg,A1,B1,0.8836
processed_data_cleaned\test\A1\A1.29.Lab-Cul_17_patch_3_3.jpg,A1,A2,0.9913
processed_data_cleaned\test\A1\A1.29.Lab-Cul_17_patch_3_4.jpg,A1,A2,0.9464
processed_data_cleaned\test\A1\A1.29.Lab-Cul_17_patch_3_5.jpg,A1,A2,0.5084
processed_data_cleaned\test\A1\A1.29.Lab-Cul_18_patch_0_4.jpg,A1,A2,0.9674
processed_data_cleaned\test\A1\A1.29.Lab-Cul_18_patch_0_5.jpg,A1,A2,0.9371
processed_data_cleaned\test\A1\A1.29.Lab-Cul_18_patch_1_0.jpg,A1,B1,0.5652
processed_data_cleaned\test\A1\A1.29.Lab-Cul_18_patch_1_1.jpg,A1,A2,0.9879
processed_data_cleaned\test\A1\A1.29.Lab-Cul_18_patch_1_2.jpg,A1,A2,0.9981
processed_data_cleaned\test\A1\A1.29.Lab-Cul_18_patch_1_3.jpg,A1,A2,0.9118
processed_data_cleaned\test\A1\A1.29.Lab-Cul_18_patch_1_4.jpg,A1,B1,0.539
processed_data_cleaned\test\A1\A1.29.Lab-Cul_18_patch_1_5.jpg,A1,B1,0.537
processed_data_cleaned\test\A1\A1.29.Lab-Cul_18_patch_2_0.jpg,A1,B1,0.4818
processed_data_cleaned\test\A1\A1.29.Lab-Cul_18_patch_2_1.jpg,A1,B1,0.9159
processed_data_cleaned\test\A1\A1.29.Lab-Cul_18_patch_2_2.jpg,A1,B1,0.843
processed_data_cleaned\test\A1\A1.29.Lab-Cul_18_patch_2_3.jpg,A1,B1,0.8022
processed_data_cleaned\test\A1\A1.29.Lab-Cul_18_patch_2_4.jpg,A1,A2,0.6249
processed_data_cleaned\test\A1\A1.29.Lab-Cul_18_patch_3_2.jpg,A1,B1,0.6082
processed_data_cleaned\test\A1\A1.29.Lab-Cul_18_patch_3_3.jpg,A1,B2,0.3082
processed_data_cleaned\test\A1\A1.29.Lab-Cul_19_patch_0_0.jpg,A1,B1,0.6522
processed_data_cleaned\test\A1\A1.29.Lab-Cul_19_patch_0_1.jpg,A1,B2,0.8369
processed_data_cleaned\test\A1\A1.29.Lab-Cul_19_patch_0_2.jpg,A1,B2,0.8993
processed_data_cleaned\test\A1\A1.29.Lab-Cul_19_patch_0_3.jpg,A1,B1,0.4732
processed_data_cleaned\test\A1\A1.29.Lab-Cul_19_patch_0_4.jpg,A1,A2,0.8596
processed_data_cleaned\test\A1\A1.29.Lab-Cul_19_patch_1_2.jpg,A1,B1,0.866
processed_data_cleaned\test\A1\A1.29.Lab-Cul_19_patch_1_3.jpg,A1,A2,0.6781
processed_data_cleaned\test\A1\A1.29.Lab-Cul_19_patch_1_4.jpg,A1,B1,0.6305
processed_data_cleaned\test\A1\A1.29.Lab-Cul_19_patch_2_0.jpg,A1,B1,0.763
processed_data_cleaned\test\A1\A1.29.Lab-Cul_19_patch_2_1.jpg,A1,B1,0.7663
processed_data_cleaned\test\A1\A1.29.Lab-Cul_19_patch_2_2.jpg,A1,B2,0.8584
processed_data_cleaned\test\A1\A1.29.Lab-Cul_19_patch_2_3.jpg,A1,B2,0.7241
processed_data_cleaned\test\A1\A1.29.Lab-Cul_19_patch_2_4.jpg,A1,B1,0.4941
processed_data_cleaned\test\A1\A1.29.Lab-Cul_19_patch_2_5.jpg,A1,B2,0.4893
processed_data_cleaned\test\A1\A1.29.Lab-Cul_19_patch_3_0.jpg,A1,B2,0.4261
processed_data_cleaned\test\A1\A1.29.Lab-Cul_20_patch_2_0.jpg,A1,B1,0.3144
processed_data_cleaned\test\A1\A1.29.Lab-Cul_20_patch_3_0.jpg,A1,B1,0.9888
processed_data_cleaned\test\A1\A1.29.Lab-Cul_20_patch_3_1.jpg,A1,B1,0.8489
processed_data_cleaned\test\A1\A1.29.Lab-Cul_20_patch_3_2.jpg,A1,B1,0.9728
processed_data_cleaned\test\A1\A1.29.Lab-Cul_20_patch_3_3.jpg,A1,B1,0.8624
processed_data_cleaned\test\A1\A1.29.Lab-Cul_22_patch_0_3.jpg,A1,B2,0.9166
processed_data_cleaned\test\A1\A1.29.Lab-Cul_22_patch_0_4.jpg,A1,B2,0.9171
processed_data_cleaned\test\A1\A1.29.Lab-Cul_22_patch_1_0.jpg,A1,B2,0.7931
processed_data_cleaned\test\A1\A1.29.Lab-Cul_22_patch_1_1.jpg,A1,B2,0.9394
processed_data_cleaned\test\A1\A1.29.Lab-Cul_22_patch_1_2.jpg,A1,B2,0.7158
processed_data_cleaned\test\A1\A1.29.Lab-Cul_22_patch_1_5.jpg,A1,B1,0.7317
processed_data_cleaned\test\A1\A1.29.Lab-Cul_22_patch_3_5.jpg,A1,B2,0.7741
processed_data_cleaned\test\A1\A1.29.Lab-Cul_24_patch_0_1.jpg,A1,B1,0.4265
processed_data_cleaned\test\A1\A1.29.Lab-Cul_24_patch_3_0.jpg,A1,A2,0.4328
processed_data_cleaned\test\A1\A1.29.Lab-Cul_24_patch_3_5.jpg,A1,B1,0.6253
processed_data_cleaned\test\A1\A1.29.Lab-Cul_25_patch_3_0.jpg,A1,A2,0.728
processed_data_cleaned\test\A1\A1.29.Lab-Cul_25_patch_3_2.jpg,A1,B1,0.6058
processed_data_cleaned\test\A1\A1.29.Lab-Cul_28_patch_3_0.jpg,A1,B1,0.6838
processed_data_cleaned\test\A1\A1.29.Lab-Cul_31_patch_2_2.jpg,A1,B1,0.8557
processed_data_cleaned\test\A1\A1.29.Lab-Cul_31_patch_3_2.jpg,A1,A2,0.4139
processed_data_cleaned\test\A1\A1.29.Lab-Cul_31_patch_3_4.jpg,A1,B1,0.5339
processed_data_cleaned\test\A1\A1.29.Lab-Cul_32_patch_0_0.jpg,A1,B1,0.9705
processed_data_cleaned\test\A1\A1.29.Lab-Cul_32_patch_0_1.jpg,A1,B1,0.6035
processed_data_cleaned\test\A1\A1.29.Lab-Cul_32_patch_0_4.jpg,A1,B1,0.8616
processed_data_cleaned\test\A1\A1.29.Lab-Cul_32_patch_1_1.jpg,A1,B2,0.5547
processed_data_cleaned\test\A1\A1.29.Lab-Cul_32_patch_3_0.jpg,A1,B1,0.4051
processed_data_cleaned\test\A1\A1.29.Lab-Cul_32_patch_3_1.jpg,A1,B1,0.9623
processed_data_cleaned\test\A1\A1.29.Lab-Cul_32_patch_3_2.jpg,A1,A2,0.5815
processed_data_cleaned\test\A1\A1.29.Lab-Cul_32_patch_3_3.jpg,A1,B1,0.4813
processed_data_cleaned\test\A1\A1.29.Lab-Cul_32_patch_3_4.jpg,A1,B1,0.9014
processed_data_cleaned\test\A1\A1.29.Lab-Cul_33_patch_3_1.jpg,A1,B1,0.4355
processed_data_cleaned\test\A1\A1.29.Lab-Cul_33_patch_3_4.jpg,A1,B2,0.6511
processed_data_cleaned\test\A1\A1.29.Lab-Cul_34_patch_2_0.jpg,A1,B2,0.4185
processed_data_cleaned\test\A1\A1.29.Lab-Cul_34_patch_3_5.jpg,A1,B1,0.6389
processed_data_cleaned\test\A1\A1.29.Lab-Cul_35_patch_0_5.jpg,A1,B1,0.6359
processed_data_cleaned\test\A1\A1.29.Lab-Cul_35_patch_3_0.jpg,A1,A2,0.3576
processed_data_cleaned\test\A1\A1.29.Lab-Cul_35_patch_3_2.jpg,A1,A2,0.8629
processed_data_cleaned\test\A1\A1.29.Lab-Cul_35_patch_3_4.jpg,A1,A2,0.7209
processed_data_cleaned\test\A1\A1.40.Veg-Oil_01_patch_3_2.jpg,A1,B1,0.5022
processed_data_cleaned\test\A1\A1.40.Veg-Oil_02_patch_0_4.jpg,A1,B1,0.4462
processed_data_cleaned\test\A1\A1.40.Veg-Oil_02_patch_2_4.jpg,A1,B1,0.5415
processed_data_cleaned\test\A1\A1.40.Veg-Oil_03_patch_1_0.jpg,A1,B1,0.5411
processed_data_cleaned\test\A1\A1.40.Veg-Oil_04_patch_1_3.jpg,A1,B1,0.77
processed_data_cleaned\test\A1\A1.40.Veg-Oil_08_patch_3_1.jpg,A1,B1,0.688
processed_data_cleaned\test\A1\A1.40.Veg-Oil_08_patch_3_4.jpg,A1,B1,0.5057
processed_data_cleaned\test\A1\A1.40.Veg-Oil_09_patch_0_4.jpg,A1,B1,0.5529
processed_data_cleaned\test\A1\A1.40.Veg-Oil_09_patch_1_4.jpg,A1,B1,0.7646
processed_data_cleaned\test\A1\A1.40.Veg-Oil_09_patch_2_1.jpg,A1,B1,0.4587
processed_data_cleaned\test\A1\A1.40.Veg-Oil_09_patch_2_5.jpg,A1,B1,0.6533
processed_data_cleaned\test\A1\A1.40.Veg-Oil_09_patch_3_3.jpg,A1,B1,0.5855
processed_data_cleaned\test\A1\A1.40.Veg-Oil_10_patch_1_0.jpg,A1,B1,0.4619
processed_data_cleaned\test\A1\A1.40.Veg-Oil_10_patch_2_3.jpg,A1,B2,0.6061
processed_data_cleaned\test\A1\A1.40.Veg-Oil_10_patch_3_1.jpg,A1,B1,0.6604
processed_data_cleaned\test\A1\A1.40.Veg-Oil_10_patch_3_3.jpg,A1,B1,0.7375
processed_data_cleaned\test\A1\A1.40.Veg-Oil_11_patch_1_3.jpg,A1,B1,0.6073
processed_data_cleaned\test\A1\A1.40.Veg-Oil_11_patch_2_1.jpg,A1,B1,0.5191
processed_data_cleaned\test\A1\A1.40.Veg-Oil_11_patch_2_4.jpg,A1,B1,0.6012
processed_data_cleaned\test\A1\A1.40.Veg-Oil_11_patch_3_3.jpg,A1,B1,0.6262
processed_data_cleaned\test\A1\A1.40.Veg-Oil_12_patch_1_5.jpg,A1,A2,0.5024
processed_data_cleaned\test\A1\A1.40.Veg-Oil_12_patch_2_5.jpg,A1,B1,0.4941
processed_data_cleaned\test\A1\A1.40.Veg-Oil_12_patch_3_2.jpg,A1,B1,0.6793
processed_data_cleaned\test\A1\A1.40.Veg-Oil_12_patch_3_5.jpg,A1,B2,0.6556
processed_data_cleaned\test\A1\A1.40.Veg-Oil_13_patch_0_1.jpg,A1,B1,0.7925
processed_data_cleaned\test\A1\A1.40.Veg-Oil_13_patch_3_3.jpg,A1,B1,0.5997
processed_data_cleaned\test\A1\A1.40.Veg-Oil_13_patch_3_5.jpg,A1,B1,0.5575
processed_data_cleaned\test\A1\A1.40.Veg-Oil_14_patch_0_3.jpg,A1,B1,0.8875
processed_data_cleaned\test\A1\A1.40.Veg-Oil_14_patch_0_5.jpg,A1,B1,0.8231
processed_data_cleaned\test\A1\A1.40.Veg-Oil_14_patch_1_0.jpg,A1,B1,0.8818
processed_data_cleaned\test\A1\A1.40.Veg-Oil_14_patch_1_2.jpg,A1,B1,0.7629
processed_data_cleaned\test\A1\A1.40.Veg-Oil_14_patch_1_3.jpg,A1,B1,0.5379
processed_data_cleaned\test\A1\A1.40.Veg-Oil_14_patch_1_5.jpg,A1,B1,0.8984
processed_data_cleaned\test\A1\A1.40.Veg-Oil_14_patch_2_0.jpg,A1,B1,0.8082
processed_data_cleaned\test\A1\A1.40.Veg-Oil_14_patch_3_3.jpg,A1,B1,0.5923
processed_data_cleaned\test\A1\A1.40.Veg-Oil_15_patch_0_1.jpg,A1,B1,0.657
processed_data_cleaned\test\A1\A1.40.Veg-Oil_15_patch_0_5.jpg,A1,B1,0.6115
processed_data_cleaned\test\A1\A1.40.Veg-Oil_15_patch_1_1.jpg,A1,B1,0.5953
processed_data_cleaned\test\A1\A1.40.Veg-Oil_15_patch_1_4.jpg,A1,B1,0.9767
processed_data_cleaned\test\A1\A1.40.Veg-Oil_15_patch_1_5.jpg,A1,B1,0.505
processed_data_cleaned\test\A1\A1.40.Veg-Oil_15_patch_2_0.jpg,A1,B1,0.5255
processed_data_cleaned\test\A1\A1.40.Veg-Oil_15_patch_2_4.jpg,A1,B1,0.682
processed_data_cleaned\test\A1\A1.40.Veg-Oil_15_patch_3_5.jpg,A1,B1,0.5563
processed_data_cleaned\test\A1\A1.40.Veg-Oil_16_patch_0_1.jpg,A1,B1,0.8608
processed_data_cleaned\test\A1\A1.40.Veg-Oil_16_patch_0_4.jpg,A1,B2,0.54
processed_data_cleaned\test\A1\A1.40.Veg-Oil_16_patch_2_0.jpg,A1,B1,0.5878
processed_data_cleaned\test\A1\A1.40.Veg-Oil_16_patch_3_1.jpg,A1,B1,0.3877
processed_data_cleaned\test\A1\A1.40.Veg-Oil_17_patch_1_2.jpg,A1,B1,0.6296
processed_data_cleaned\test\A1\A1.40.Veg-Oil_17_patch_3_5.jpg,A1,A2,0.5045
processed_data_cleaned\test\A1\A1.40.Veg-Oil_18_patch_1_2.jpg,A1,B1,0.7848
processed_data_cleaned\test\A1\A1.40.Veg-Oil_18_patch_1_3.jpg,A1,B1,0.9531
processed_data_cleaned\test\A1\A1.40.Veg-Oil_18_patch_1_5.jpg,A1,B1,0.7554
processed_data_cleaned\test\A1\A1.40.Veg-Oil_18_patch_2_0.jpg,A1,B1,0.5841
processed_data_cleaned\test\A1\A1.40.Veg-Oil_18_patch_2_1.jpg,A1,B1,0.9792
processed_data_cleaned\test\A1\A1.40.Veg-Oil_18_patch_2_2.jpg,A1,B1,0.6097
processed_data_cleaned\test\A1\A1.40.Veg-Oil_19_patch_0_2.jpg,A1,B1,0.5589
processed_data_cleaned\test\A1\A1.40.Veg-Oil_19_patch_0_3.jpg,A1,B1,0.8844
processed_data_cleaned\test\A1\A1.40.Veg-Oil_19_patch_1_3.jpg,A1,B1,0.5969
processed_data_cleaned\test\A1\A1.40.Veg-Oil_19_patch_3_4.jpg,A1,B1,0.6668
processed_data_cleaned\test\A1\A1.40.Veg-Oil_20_patch_0_4.jpg,A1,B1,0.9763
processed_data_cleaned\test\A1\A1.40.Veg-Oil_20_patch_1_4.jpg,A1,B1,0.9721
processed_data_cleaned\test\A1\A1.40.Veg-Oil_20_patch_3_2.jpg,A1,B1,0.7887
processed_data_cleaned\test\A1\A1.40.Veg-Oil_21_patch_0_0.jpg,A1,B2,0.5179
processed_data_cleaned\test\A1\A1.40.Veg-Oil_21_patch_0_1.jpg,A1,B1,0.7776
processed_data_cleaned\test\A1\A1.40.Veg-Oil_21_patch_0_2.jpg,A1,B1,0.9924
processed_data_cleaned\test\A1\A1.40.Veg-Oil_21_patch_0_3.jpg,A1,B1,0.5732
processed_data_cleaned\test\A1\A1.40.Veg-Oil_21_patch_2_0.jpg,A1,B1,0.6261
processed_data_cleaned\test\A1\A1.40.Veg-Oil_21_patch_3_1.jpg,A1,B1,0.9543
processed_data_cleaned\test\A1\A1.40.Veg-Oil_21_patch_3_5.jpg,A1,B1,0.9774
processed_data_cleaned\test\A1\A1.40.Veg-Oil_22_patch_0_3.jpg,A1,B1,0.8873
processed_data_cleaned\test\A1\A1.40.Veg-Oil_22_patch_1_1.jpg,A1,B1,0.8108
processed_data_cleaned\test\A1\A1.40.Veg-Oil_22_patch_3_0.jpg,A1,B2,0.8008
processed_data_cleaned\test\A1\A1.40.Veg-Oil_22_patch_3_1.jpg,A1,B1,0.8697
processed_data_cleaned\test\A1\A1.40.Veg-Oil_22_patch_3_5.jpg,A1,B1,0.668
processed_data_cleaned\test\A1\A1.40.Veg-Oil_23_patch_0_5.jpg,A1,B2,0.5538
processed_data_cleaned\test\A1\A1.40.Veg-Oil_23_patch_1_1.jpg,A1,B1,0.5703
processed_data_cleaned\test\A1\A1.40.Veg-Oil_23_patch_2_0.jpg,A1,B2,0.4151
processed_data_cleaned\test\A1\A1.40.Veg-Oil_23_patch_2_1.jpg,A1,B1,0.8184
processed_data_cleaned\test\A1\A1.40.Veg-Oil_23_patch_3_0.jpg,A1,B1,0.7422
processed_data_cleaned\test\A1\A1.40.Veg-Oil_23_patch_3_1.jpg,A1,B1,0.8909
processed_data_cleaned\test\A1\A1.40.Veg-Oil_23_patch_3_5.jpg,A1,B1,0.8166
processed_data_cleaned\test\A1\A1.40.Veg-Oil_24_patch_0_0.jpg,A1,B1,0.8265
processed_data_cleaned\test\A1\A1.40.Veg-Oil_24_patch_1_5.jpg,A1,B1,0.5098
processed_data_cleaned\test\A1\A1.40.Veg-Oil_24_patch_3_0.jpg,A1,B1,0.5182
processed_data_cleaned\test\A1\A1.40.Veg-Oil_28_patch_2_1.jpg,A1,B1,0.9003
processed_data_cleaned\test\A1\A1.40.Veg-Oil_28_patch_2_2.jpg,A1,B1,0.6727
processed_data_cleaned\test\A1\A1.40.Veg-Oil_29_patch_0_3.jpg,A1,B1,0.9392
processed_data_cleaned\test\A1\A1.40.Veg-Oil_29_patch_1_4.jpg,A1,B1,0.9324
processed_data_cleaned\test\A1\A1.40.Veg-Oil_30_patch_0_0.jpg,A1,B1,0.4759
processed_data_cleaned\test\A1\A1.40.Veg-Oil_30_patch_0_1.jpg,A1,B2,0.8182
processed_data_cleaned\test\A1\A1.40.Veg-Oil_30_patch_0_2.jpg,A1,B1,0.4418
processed_data_cleaned\test\A1\A1.40.Veg-Oil_30_patch_0_3.jpg,A1,B2,0.5376
processed_data_cleaned\test\A1\A1.40.Veg-Oil_31_patch_2_0.jpg,A1,B2,0.6373
processed_data_cleaned\test\A1\A1.40.Veg-Oil_31_patch_3_1.jpg,A1,B1,0.8525
processed_data_cleaned\test\A1\A1.40.Veg-Oil_32_patch_0_2.jpg,A1,B1,0.5326
processed_data_cleaned\test\A1\A1.40.Veg-Oil_32_patch_2_0.jpg,A1,B2,0.652
processed_data_cleaned\test\A1\A1.40.Veg-Oil_32_patch_3_5.jpg,A1,B1,0.534
processed_data_cleaned\test\A1\A1.40.Veg-Oil_33_patch_0_0.jpg,A1,B1,0.9125
processed_data_cleaned\test\A1\A1.40.Veg-Oil_36_patch_2_3.jpg,A1,A2,0.8149
processed_data_cleaned\test\A1\A1.40.Veg-Oil_37_patch_1_0.jpg,A1,B1,0.6362
processed_data_cleaned\test\A1\A1.40.Veg-Oil_37_patch_1_3.jpg,A1,B1,0.5163
processed_data_cleaned\test\A1\A1.40.Veg-Oil_37_patch_2_3.jpg,A1,B1,0.8184
processed_data_cleaned\test\A1\A1.40.Veg-Oil_37_patch_3_2.jpg,A1,A2,0.4464
processed_data_cleaned\test\A1\A1.40.Veg-Oil_37_patch_3_3.jpg,A1,B1,0.4544
processed_data_cleaned\test\A1\A1.40.Veg-Oil_37_patch_3_4.jpg,A1,A2,0.4044
processed_data_cleaned\test\A1\A1.40.Veg-Oil_37_patch_3_5.jpg,A1,B2,0.652
processed_data_cleaned\test\A1\A1.40.Veg-Oil_38_patch_1_0.jpg,A1,B1,0.5716
processed_data_cleaned\test\A1\A1.40.Veg-Oil_38_patch_3_0.jpg,A1,B1,0.5122
processed_data_cleaned\test\A1\A1.40.Veg-Oil_39_patch_0_0.jpg,A1,B1,0.7358
processed_data_cleaned\test\A1\A1.40.Veg-Oil_39_patch_0_1.jpg,A1,B2,0.4417
processed_data_cleaned\test\A1\A1.40.Veg-Oil_40_patch_1_2.jpg,A1,B1,0.5363
processed_data_cleaned\test\A1\A1.40.Veg-Oil_40_patch_1_3.jpg,A1,B1,0.5505
processed_data_cleaned\test\A1\A1.40.Veg-Oil_41_patch_0_3.jpg,A1,B1,0.5933
processed_data_cleaned\test\A1\A1.40.Veg-Oil_41_patch_0_4.jpg,A1,B1,0.5059
processed_data_cleaned\test\A1\A1.40.Veg-Oil_41_patch_2_3.jpg,A1,B1,0.7442
processed_data_cleaned\test\A1\A1.40.Veg-Oil_42_patch_0_2.jpg,A1,B1,0.5802
processed_data_cleaned\test\A1\A1.40.Veg-Oil_42_patch_0_3.jpg,A1,B1,0.7433
processed_data_cleaned\test\A1\A1.40.Veg-Oil_44_patch_0_4.jpg,A1,B1,0.8865
processed_data_cleaned\test\A1\A1.40.Veg-Oil_45_patch_0_3.jpg,A1,B1,0.7926
processed_data_cleaned\test\A1\A1.40.Veg-Oil_45_patch_0_4.jpg,A1,B1,0.6171
processed_data_cleaned\test\A1\A1.40.Veg-Oil_45_patch_0_5.jpg,A1,B2,0.6931
processed_data_cleaned\test\A1\A1.40.Veg-Oil_45_patch_1_3.jpg,A1,B2,0.4928
processed_data_cleaned\test\A1\A1.40.Veg-Oil_45_patch_1_4.jpg,A1,B1,0.6961
processed_data_cleaned\test\A1\A1.40.Veg-Oil_46_patch_0_0.jpg,A1,B2,0.4792
processed_data_cleaned\test\A1\A1.40.Veg-Oil_46_patch_0_2.jpg,A1,B1,0.5437
processed_data_cleaned\test\A1\A1.40.Veg-Oil_46_patch_0_3.jpg,A1,B2,0.5997
processed_data_cleaned\test\A1\A1.40.Veg-Oil_46_patch_1_1.jpg,A1,B1,0.9297
processed_data_cleaned\test\A1\A1.40.Veg-Oil_46_patch_1_2.jpg,A1,B1,0.513
processed_data_cleaned\test\A1\A1.40.Veg-Oil_46_patch_2_1.jpg,A1,B1,0.7658
processed_data_cleaned\test\A1\A1.40.Veg-Oil_47_patch_0_3.jpg,A1,B2,0.4248
processed_data_cleaned\test\A1\A1.40.Veg-Oil_47_patch_1_2.jpg,A1,B1,0.858
processed_data_cleaned\test\A1\A1.40.Veg-Oil_47_patch_1_4.jpg,A1,B2,0.5716
processed_data_cleaned\test\A1\A1.40.Veg-Oil_47_patch_2_2.jpg,A1,B1,0.602
processed_data_cleaned\test\A1\A1.40.Veg-Oil_47_patch_2_3.jpg,A1,B1,0.7484
processed_data_cleaned\test\A1\A1.40.Veg-Oil_47_patch_2_4.jpg,A1,B2,0.4099
processed_data_cleaned\test\A1\A1.40.Veg-Oil_48_patch_0_0.jpg,A1,B1,0.7533
processed_data_cleaned\test\A1\A1.40.Veg-Oil_48_patch_1_4.jpg,A1,B1,0.6106
processed_data_cleaned\test\A1\A1.40.Veg-Oil_48_patch_3_0.jpg,A1,B1,0.5549
processed_data_cleaned\test\A1\A1.40.Veg-Oil_49_patch_0_2.jpg,A1,B1,0.7505
processed_data_cleaned\test\A1\A1.40.Veg-Oil_49_patch_1_3.jpg,A1,B1,0.8154
processed_data_cleaned\test\A1\A1.40.Veg-Oil_49_patch_2_0.jpg,A1,B1,0.5543
processed_data_cleaned\test\A1\A1.40.Veg-Oil_49_patch_3_0.jpg,A1,B1,0.4987
processed_data_cleaned\test\A1\A1.40.Veg-Oil_49_patch_3_1.jpg,A1,B1,0.787
processed_data_cleaned\test\A1\A1.40.Veg-Oil_50_patch_0_1.jpg,A1,B1,0.593
processed_data_cleaned\test\A1\A1.40.Veg-Oil_50_patch_1_4.jpg,A1,B2,0.5304
processed_data_cleaned\test\A1\A1.40.Veg-Oil_52_patch_0_0.jpg,A1,B2,0.4844
processed_data_cleaned\test\A1\A1.40.Veg-Oil_52_patch_3_5.jpg,A1,B1,0.5435
processed_data_cleaned\test\A1\A1.40.Veg-Oil_53_patch_1_0.jpg,A1,B1,0.7592
processed_data_cleaned\test\A1\A1.40.Veg-Oil_53_patch_1_1.jpg,A1,B1,0.5466
processed_data_cleaned\test\A1\A1.40.Veg-Oil_53_patch_1_2.jpg,A1,B1,0.8291
processed_data_cleaned\test\A1\A1.40.Veg-Oil_53_patch_1_3.jpg,A1,B1,0.9103
processed_data_cleaned\test\A1\A1.40.Veg-Oil_53_patch_1_4.jpg,A1,B1,0.9694
processed_data_cleaned\test\A1\A1.40.Veg-Oil_54_patch_2_0.jpg,A1,B1,0.9667
processed_data_cleaned\test\A1\A1.40.Veg-Oil_54_patch_3_0.jpg,A1,B1,0.912
processed_data_cleaned\test\A1\A1.40.Veg-Oil_54_patch_3_1.jpg,A1,B1,0.7718
processed_data_cleaned\test\A1\A1.40.Veg-Oil_54_patch_3_2.jpg,A1,B1,0.9535
processed_data_cleaned\test\A1\A1.40.Veg-Oil_54_patch_3_4.jpg,A1,B1,0.5091
processed_data_cleaned\test\A1\A1.40.Veg-Oil_54_patch_3_5.jpg,A1,B1,0.494
processed_data_cleaned\test\A1\A1.40.Veg-Oil_55_patch_0_0.jpg,A1,B1,0.6315
processed_data_cleaned\test\A1\A1.40.Veg-Oil_55_patch_0_2.jpg,A1,B1,0.6335
processed_data_cleaned\test\A1\A1.40.Veg-Oil_55_patch_0_4.jpg,A1,B1,0.7802
processed_data_cleaned\test\A1\A1.40.Veg-Oil_55_patch_0_5.jpg,A1,B1,0.9858
processed_data_cleaned\test\A1\A1.40.Veg-Oil_55_patch_3_4.jpg,A1,B1,0.939
processed_data_cleaned\test\A1\A1.40.Veg-Oil_55_patch_3_5.jpg,A1,B1,0.9762
processed_data_cleaned\test\A1\A1.40.Veg-Oil_56_patch_0_1.jpg,A1,B1,0.53
processed_data_cleaned\test\A1\A1.40.Veg-Oil_56_patch_2_4.jpg,A1,B1,0.8578
processed_data_cleaned\test\A1\A1.40.Veg-Oil_56_patch_2_5.jpg,A1,B1,0.9623
processed_data_cleaned\test\A1\A1.40.Veg-Oil_56_patch_3_0.jpg,A1,B1,0.8494
processed_data_cleaned\test\A1\A1.40.Veg-Oil_56_patch_3_1.jpg,A1,B1,0.6648
processed_data_cleaned\test\A1\A1.40.Veg-Oil_56_patch_3_4.jpg,A1,B1,0.5642
processed_data_cleaned\test\A1\A1.40.Veg-Oil_56_patch_3_5.jpg,A1,B1,0.6883
processed_data_cleaned\test\A1\A1.40.Veg-Oil_57_patch_0_2.jpg,A1,B1,0.8413
processed_data_cleaned\test\A1\A1.40.Veg-Oil_57_patch_0_4.jpg,A1,B1,0.9336
processed_data_cleaned\test\A1\A1.40.Veg-Oil_57_patch_2_4.jpg,A1,B1,0.8169
processed_data_cleaned\test\A1\A1.40.Veg-Oil_57_patch_2_5.jpg,A1,B1,0.8588
processed_data_cleaned\test\A1\A1.40.Veg-Oil_57_patch_3_3.jpg,A1,B1,0.7192
processed_data_cleaned\test\A1\A1.40.Veg-Oil_57_patch_3_4.jpg,A1,B1,0.8202
processed_data_cleaned\test\A1\A1.40.Veg-Oil_57_patch_3_5.jpg,A1,B1,0.7198
processed_data_cleaned\test\A1\A1.44.Nor-Pal_15_patch_1_0.jpg,A1,B2,0.9176
processed_data_cleaned\test\A1\A1.44.Nor-Pal_21_patch_0_0.jpg,A1,B2,0.9355
processed_data_cleaned\test\A1\A1.44.Nor-Pal_21_patch_1_1.jpg,A1,B2,0.9254
processed_data_cleaned\test\A1\A1.44.Nor-Pal_25_patch_1_0.jpg,A1,B2,0.9614
processed_data_cleaned\test\A1\A1.44.Nor-Pal_25_patch_1_1.jpg,A1,B1,0.6165
processed_data_cleaned\test\A1\A1.44.Nor-Pal_43_patch_1_0.jpg,A1,B2,0.8098
processed_data_cleaned\test\A1\A1.44.Nor-Pal_60_patch_0_0.jpg,A1,A2,0.821
processed_data_cleaned\test\A1\A1.44.Nor-Pal_63_patch_1_0.jpg,A1,B2,0.5067
processed_data_cleaned\test\A1\A1.44.Nor-Pal_68_patch_0_0.jpg,A1,B1,0.891
processed_data_cleaned\test\A1\A1.44.Nor-Pal_78_patch_1_0.jpg,A1,B2,0.7614
processed_data_cleaned\test\A1\A1.44.Nor-Pal_85_patch_1_0.jpg,A1,B1,0.7795
processed_data_cleaned\test\A1\A1.44.Nor-Pal_92_patch_0_0.jpg,A1,B1,0.6168
processed_data_cleaned\test\A1\continental019_patch_0_0.jpg,A1,B1,0.5291
processed_data_cleaned\test\A1\DSC02547_patch_1_3.jpg,A1,B1,0.554
processed_data_cleaned\test\A1\DSC02547_patch_2_2.jpg,A1,B1,0.4965
processed_data_cleaned\test\A1\DSC02550_patch_2_4.jpg,A1,B1,0.8399
processed_data_cleaned\test\A2\A2.12.Uni-Edu_01_patch_0_0.jpg,A2,A1,0.9694
processed_data_cleaned\test\A2\A2.12.Uni-Edu_01_patch_0_1.jpg,A2,A1,0.9033
processed_data_cleaned\test\A2\A2.12.Uni-Edu_01_patch_1_2.jpg,A2,A1,0.9222
processed_data_cleaned\test\A2\A2.12.Uni-Edu_01_patch_1_3.jpg,A2,A1,0.7456
processed_data_cleaned\test\A2\A2.12.Uni-Edu_01_patch_2_2.jpg,A2,A1,0.6175
processed_data_cleaned\test\A2\A2.12.Uni-Edu_01_patch_2_3.jpg,A2,B2,0.5521
processed_data_cleaned\test\A2\A2.12.Uni-Edu_01_patch_2_4.jpg,A2,A1,0.9422
processed_data_cleaned\test\A2\A2.12.Uni-Edu_01_patch_2_5.jpg,A2,A1,0.8776
processed_data_cleaned\test\A2\A2.12.Uni-Edu_01_patch_3_5.jpg,A2,A1,0.7129
processed_data_cleaned\test\A2\A2.12.Uni-Edu_02_patch_1_2.jpg,A2,A1,0.8694
processed_data_cleaned\test\A2\A2.12.Uni-Edu_02_patch_1_3.jpg,A2,A1,0.5577
processed_data_cleaned\test\A2\A2.12.Uni-Edu_02_patch_1_4.jpg,A2,A1,0.9809
processed_data_cleaned\test\A2\A2.12.Uni-Edu_02_patch_2_0.jpg,A2,A1,0.9464
processed_data_cleaned\test\A2\A2.12.Uni-Edu_02_patch_2_4.jpg,A2,B2,0.6156
processed_data_cleaned\test\A2\A2.12.Uni-Edu_02_patch_2_5.jpg,A2,A1,0.8488
processed_data_cleaned\test\A2\A2.12.Uni-Edu_02_patch_3_5.jpg,A2,A1,0.6019
processed_data_cleaned\test\A2\A2.12.Uni-Edu_03_patch_0_3.jpg,A2,A1,0.8171
processed_data_cleaned\test\A2\A2.12.Uni-Edu_03_patch_1_3.jpg,A2,A1,0.5629
processed_data_cleaned\test\A2\A2.12.Uni-Edu_03_patch_1_4.jpg,A2,A1,0.9283
processed_data_cleaned\test\A2\A2.12.Uni-Edu_03_patch_1_5.jpg,A2,A1,0.8512
processed_data_cleaned\test\A2\A2.12.Uni-Edu_03_patch_3_2.jpg,A2,B1,0.5403
processed_data_cleaned\test\A2\A2.12.Uni-Edu_03_patch_3_5.jpg,A2,A1,0.8666
processed_data_cleaned\test\A2\A2.12.Uni-Edu_04_patch_0_0.jpg,A2,A1,0.4874
processed_data_cleaned\test\A2\A2.12.Uni-Edu_04_patch_1_0.jpg,A2,A1,0.6273
processed_data_cleaned\test\A2\A2.12.Uni-Edu_04_patch_1_4.jpg,A2,A1,0.5055
processed_data_cleaned\test\A2\A2.12.Uni-Edu_04_patch_2_3.jpg,A2,A1,0.7899
processed_data_cleaned\test\A2\A2.12.Uni-Edu_04_patch_3_5.jpg,A2,A1,0.8646
processed_data_cleaned\test\A2\A2.12.Uni-Edu_05_patch_0_4.jpg,A2,A1,0.9544
processed_data_cleaned\test\A2\A2.12.Uni-Edu_06_patch_0_5.jpg,A2,A1,0.88
processed_data_cleaned\test\A2\A2.12.Uni-Edu_06_patch_1_4.jpg,A2,A1,0.5555
processed_data_cleaned\test\A2\A2.12.Uni-Edu_06_patch_2_3.jpg,A2,A1,0.5317
processed_data_cleaned\test\A2\A2.12.Uni-Edu_06_patch_3_5.jpg,A2,B1,0.8027
processed_data_cleaned\test\A2\A2.12.Uni-Edu_07_patch_3_0.jpg,A2,B2,0.6299
processed_data_cleaned\test\A2\A2.12.Uni-Edu_08_patch_0_4.jpg,A2,B1,0.9032
processed_data_cleaned\test\A2\A2.12.Uni-Edu_08_patch_0_5.jpg,A2,B2,0.36
processed_data_cleaned\test\A2\A2.12.Uni-Edu_09_patch_0_1.jpg,A2,A1,0.8272
processed_data_cleaned\test\A2\A2.12.Uni-Edu_09_patch_0_2.jpg,A2,A1,0.9656
processed_data_cleaned\test\A2\A2.12.Uni-Edu_09_patch_0_5.jpg,A2,A1,0.9926
processed_data_cleaned\test\A2\A2.12.Uni-Edu_09_patch_1_2.jpg,A2,B2,0.6526
processed_data_cleaned\test\A2\A2.12.Uni-Edu_09_patch_1_3.jpg,A2,B2,0.777
processed_data_cleaned\test\A2\A2.12.Uni-Edu_09_patch_1_5.jpg,A2,A1,0.8116
processed_data_cleaned\test\A2\A2.12.Uni-Edu_09_patch_3_0.jpg,A2,B2,0.6402
processed_data_cleaned\test\A2\A2.12.Uni-Edu_09_patch_3_1.jpg,A2,B2,0.956
processed_data_cleaned\test\A2\A2.12.Uni-Edu_09_patch_3_2.jpg,A2,B2,0.9179
processed_data_cleaned\test\A2\A2.12.Uni-Edu_10_patch_0_2.jpg,A2,A1,0.6506
processed_data_cleaned\test\A2\A2.12.Uni-Edu_10_patch_0_4.jpg,A2,A1,0.5656
processed_data_cleaned\test\A2\A2.12.Uni-Edu_10_patch_2_0.jpg,A2,A1,0.6984
processed_data_cleaned\test\A2\A2.12.Uni-Edu_10_patch_3_4.jpg,A2,B2,0.8738
processed_data_cleaned\test\A2\A2.12.Uni-Edu_11_patch_1_1.jpg,A2,A1,0.8214
processed_data_cleaned\test\A2\A2.12.Uni-Edu_11_patch_2_0.jpg,A2,A1,0.8015
processed_data_cleaned\test\A2\A2.12.Uni-Edu_11_patch_2_1.jpg,A2,A1,0.9925
processed_data_cleaned\test\A2\A2.12.Uni-Edu_11_patch_2_2.jpg,A2,A1,0.587
processed_data_cleaned\test\A2\A2.12.Uni-Edu_11_patch_2_3.jpg,A2,A1,0.9652
processed_data_cleaned\test\A2\A2.12.Uni-Edu_11_patch_3_2.jpg,A2,A1,0.6208
processed_data_cleaned\test\A2\A2.12.Uni-Edu_12_patch_3_0.jpg,A2,B2,0.6814
processed_data_cleaned\test\A2\A2.12.Uni-Edu_13_patch_1_1.jpg,A2,B1,0.4144
processed_data_cleaned\test\A2\A2.12.Uni-Edu_13_patch_2_2.jpg,A2,A1,0.7388
processed_data_cleaned\test\A2\A2.12.Uni-Edu_13_patch_2_4.jpg,A2,A1,0.6614
processed_data_cleaned\test\A2\A2.12.Uni-Edu_13_patch_2_5.jpg,A2,B2,0.5127
processed_data_cleaned\test\A2\A2.12.Uni-Edu_13_patch_3_0.jpg,A2,B1,0.718
processed_data_cleaned\test\A2\A2.12.Uni-Edu_13_patch_3_1.jpg,A2,B1,0.4561
processed_data_cleaned\test\A2\A2.12.Uni-Edu_13_patch_3_2.jpg,A2,B1,0.6623
processed_data_cleaned\test\A2\A2.12.Uni-Edu_13_patch_3_3.jpg,A2,B2,0.7145
processed_data_cleaned\test\A2\A2.12.Uni-Edu_14_patch_1_0.jpg,A2,A1,0.5468
processed_data_cleaned\test\A2\A2.12.Uni-Edu_14_patch_1_1.jpg,A2,A1,0.5217
processed_data_cleaned\test\A2\A2.12.Uni-Edu_14_patch_2_2.jpg,A2,A1,0.9755
processed_data_cleaned\test\A2\A2.12.Uni-Edu_14_patch_2_3.jpg,A2,A1,0.9845
processed_data_cleaned\test\A2\A2.12.Uni-Edu_14_patch_2_4.jpg,A2,A1,0.7187
processed_data_cleaned\test\A2\A2.12.Uni-Edu_14_patch_3_4.jpg,A2,A1,0.9883
processed_data_cleaned\test\A2\A2.12.Uni-Edu_14_patch_3_5.jpg,A2,A1,0.9121
processed_data_cleaned\test\A2\A2.12.Uni-Edu_15_patch_0_3.jpg,A2,A1,0.6952
processed_data_cleaned\test\A2\A2.12.Uni-Edu_15_patch_1_1.jpg,A2,A1,0.7155
processed_data_cleaned\test\A2\A2.12.Uni-Edu_15_patch_1_2.jpg,A2,B1,0.5978
processed_data_cleaned\test\A2\A2.12.Uni-Edu_15_patch_1_3.jpg,A2,A1,0.8379
processed_data_cleaned\test\A2\A2.12.Uni-Edu_15_patch_1_4.jpg,A2,B2,0.9
processed_data_cleaned\test\A2\A2.12.Uni-Edu_15_patch_2_1.jpg,A2,A1,0.7072
processed_data_cleaned\test\A2\A2.12.Uni-Edu_15_patch_2_2.jpg,A2,A1,0.7651
processed_data_cleaned\test\A2\A2.12.Uni-Edu_15_patch_2_4.jpg,A2,B2,0.5634
processed_data_cleaned\test\A2\A2.12.Uni-Edu_15_patch_3_1.jpg,A2,A1,0.748
processed_data_cleaned\test\A2\A2.12.Uni-Edu_16_patch_0_1.jpg,A2,A1,0.3194
processed_data_cleaned\test\A2\A2.12.Uni-Edu_16_patch_1_1.jpg,A2,A1,0.975
processed_data_cleaned\test\A2\A2.12.Uni-Edu_16_patch_1_2.jpg,A2,A1,0.9398
processed_data_cleaned\test\A2\A2.12.Uni-Edu_16_patch_1_3.jpg,A2,A1,0.5271
processed_data_cleaned\test\A2\A2.12.Uni-Edu_16_patch_1_5.jpg,A2,B2,0.5806
processed_data_cleaned\test\A2\A2.12.Uni-Edu_16_patch_2_0.jpg,A2,B2,0.971
processed_data_cleaned\test\A2\A2.12.Uni-Edu_16_patch_2_1.jpg,A2,B2,0.4924
processed_data_cleaned\test\A2\A2.12.Uni-Edu_16_patch_2_3.jpg,A2,A1,0.7425
processed_data_cleaned\test\A2\A2.12.Uni-Edu_16_patch_3_1.jpg,A2,B1,0.3889
processed_data_cleaned\test\A2\A2.12.Uni-Edu_16_patch_3_3.jpg,A2,A1,0.4379
processed_data_cleaned\test\A2\A2.12.Uni-Edu_16_patch_3_4.jpg,A2,A1,0.6285
processed_data_cleaned\test\A2\A2.12.Uni-Edu_17_patch_0_0.jpg,A2,B2,0.4092
processed_data_cleaned\test\A2\A2.12.Uni-Edu_17_patch_1_0.jpg,A2,B1,0.8666
processed_data_cleaned\test\A2\A2.12.Uni-Edu_17_patch_2_0.jpg,A2,A1,0.9828
processed_data_cleaned\test\A2\A2.12.Uni-Edu_18_patch_0_2.jpg,A2,A1,0.9572
processed_data_cleaned\test\A2\A2.12.Uni-Edu_18_patch_0_3.jpg,A2,B1,0.5089
processed_data_cleaned\test\A2\A2.12.Uni-Edu_18_patch_0_4.jpg,A2,B2,0.4368
processed_data_cleaned\test\A2\A2.12.Uni-Edu_18_patch_0_5.jpg,A2,B2,0.5544
processed_data_cleaned\test\A2\A2.12.Uni-Edu_18_patch_1_2.jpg,A2,A1,0.8819
processed_data_cleaned\test\A2\A2.12.Uni-Edu_18_patch_1_3.jpg,A2,A1,0.6376
processed_data_cleaned\test\A2\A2.12.Uni-Edu_18_patch_1_5.jpg,A2,B2,0.9564
processed_data_cleaned\test\A2\A2.12.Uni-Edu_18_patch_2_5.jpg,A2,A1,0.8969
processed_data_cleaned\test\A2\A2.12.Uni-Edu_18_patch_3_3.jpg,A2,A1,0.7171
processed_data_cleaned\test\A2\A2.12.Uni-Edu_18_patch_3_4.jpg,A2,A1,0.9254
processed_data_cleaned\test\A2\A2.12.Uni-Edu_19_patch_1_2.jpg,A2,A1,0.4894
processed_data_cleaned\test\A2\A2.12.Uni-Edu_19_patch_1_5.jpg,A2,A1,0.9374
processed_data_cleaned\test\A2\A2.12.Uni-Edu_19_patch_2_3.jpg,A2,A1,0.5877
processed_data_cleaned\test\A2\A2.12.Uni-Edu_19_patch_3_0.jpg,A2,B2,0.5082
processed_data_cleaned\test\A2\A2.12.Uni-Edu_19_patch_3_3.jpg,A2,A1,0.6334
processed_data_cleaned\test\A2\A2.12.Uni-Edu_20_patch_1_5.jpg,A2,A1,0.7431
processed_data_cleaned\test\A2\A2.12.Uni-Edu_21_patch_2_3.jpg,A2,A1,0.9396
processed_data_cleaned\test\A2\A2.12.Uni-Edu_21_patch_2_4.jpg,A2,A1,0.9823
processed_data_cleaned\test\A2\A2.12.Uni-Edu_21_patch_3_4.jpg,A2,A1,0.7142
processed_data_cleaned\test\A2\A2.12.Uni-Edu_21_patch_3_5.jpg,A2,A1,0.8786
processed_data_cleaned\test\A2\A2.12.Uni-Edu_22_patch_0_5.jpg,A2,A1,0.9876
processed_data_cleaned\test\A2\A2.12.Uni-Edu_22_patch_2_2.jpg,A2,A1,0.9398
processed_data_cleaned\test\A2\A2.12.Uni-Edu_22_patch_2_5.jpg,A2,A1,0.8635
processed_data_cleaned\test\A2\A2.12.Uni-Edu_22_patch_3_0.jpg,A2,A1,0.9372
processed_data_cleaned\test\A2\A2.12.Uni-Edu_23_patch_0_4.jpg,A2,B1,0.3856
processed_data_cleaned\test\A2\A2.12.Uni-Edu_23_patch_3_5.jpg,A2,A1,0.4685
processed_data_cleaned\test\A2\A2.12.Uni-Edu_24_patch_3_5.jpg,A2,A1,0.4946
processed_data_cleaned\test\A2\A2.12.Uni-Edu_25_patch_0_0.jpg,A2,B1,0.5169
processed_data_cleaned\test\A2\A2.12.Uni-Edu_25_patch_2_0.jpg,A2,B1,0.4659
processed_data_cleaned\test\A2\A2.12.Uni-Edu_25_patch_2_3.jpg,A2,A1,0.9749
processed_data_cleaned\test\A2\A2.12.Uni-Edu_26_patch_0_2.jpg,A2,A1,0.5866
processed_data_cleaned\test\A2\A2.12.Uni-Edu_26_patch_1_1.jpg,A2,A1,0.5952
processed_data_cleaned\test\A2\A2.12.Uni-Edu_26_patch_1_3.jpg,A2,A1,0.7415
processed_data_cleaned\test\A2\A2.12.Uni-Edu_26_patch_1_4.jpg,A2,A1,0.7732
processed_data_cleaned\test\A2\A2.12.Uni-Edu_26_patch_1_5.jpg,A2,A1,0.9002
processed_data_cleaned\test\A2\A2.12.Uni-Edu_26_patch_2_2.jpg,A2,A1,0.545
processed_data_cleaned\test\A2\A2.12.Uni-Edu_26_patch_2_3.jpg,A2,A1,0.5318
processed_data_cleaned\test\A2\A2.12.Uni-Edu_26_patch_3_2.jpg,A2,B1,0.4206
processed_data_cleaned\test\A2\A2.12.Uni-Edu_26_patch_3_3.jpg,A2,B1,0.8404
processed_data_cleaned\test\A2\A2.12.Uni-Edu_26_patch_3_5.jpg,A2,B1,0.629
processed_data_cleaned\test\A2\A2.12.Uni-Edu_27_patch_0_3.jpg,A2,A1,0.4918
processed_data_cleaned\test\A2\A2.12.Uni-Edu_27_patch_1_2.jpg,A2,B2,0.4088
processed_data_cleaned\test\A2\A2.12.Uni-Edu_27_patch_2_3.jpg,A2,B2,0.7109
processed_data_cleaned\test\A2\A2.12.Uni-Edu_28_patch_1_3.jpg,A2,B2,0.4265
processed_data_cleaned\test\A2\A2.12.Uni-Edu_28_patch_1_4.jpg,A2,A1,0.3583
processed_data_cleaned\test\A2\A2.12.Uni-Edu_29_patch_0_0.jpg,A2,A1,0.7549
processed_data_cleaned\test\A2\A2.12.Uni-Edu_29_patch_1_1.jpg,A2,A1,0.9841
processed_data_cleaned\test\A2\A2.12.Uni-Edu_29_patch_1_2.jpg,A2,A1,0.8664
processed_data_cleaned\test\A2\A2.12.Uni-Edu_29_patch_2_2.jpg,A2,A1,0.9686
processed_data_cleaned\test\A2\A2.12.Uni-Edu_29_patch_2_4.jpg,A2,A1,0.9732
processed_data_cleaned\test\A2\A2.12.Uni-Edu_29_patch_3_2.jpg,A2,B1,0.4665
processed_data_cleaned\test\A2\A2.12.Uni-Edu_29_patch_3_4.jpg,A2,A1,0.7063
processed_data_cleaned\test\A2\A2.12.Uni-Edu_29_patch_3_5.jpg,A2,A1,0.9522
processed_data_cleaned\test\A2\A2.12.Uni-Edu_30_patch_0_1.jpg,A2,A1,0.6119
processed_data_cleaned\test\A2\A2.12.Uni-Edu_30_patch_0_2.jpg,A2,A1,0.5231
processed_data_cleaned\test\A2\A2.12.Uni-Edu_30_patch_0_3.jpg,A2,A1,0.4803
processed_data_cleaned\test\A2\A2.12.Uni-Edu_30_patch_1_2.jpg,A2,B1,0.5811
processed_data_cleaned\test\A2\A2.12.Uni-Edu_30_patch_1_5.jpg,A2,A1,0.4772
processed_data_cleaned\test\A2\A2.12.Uni-Edu_30_patch_2_2.jpg,A2,A1,0.6489
processed_data_cleaned\test\A2\A2.12.Uni-Edu_30_patch_2_3.jpg,A2,A1,0.7678
processed_data_cleaned\test\A2\A2.12.Uni-Edu_30_patch_2_4.jpg,A2,A1,0.585
processed_data_cleaned\test\A2\A2.12.Uni-Edu_30_patch_3_2.jpg,A2,A1,0.3395
processed_data_cleaned\test\A2\A2.12.Uni-Edu_30_patch_3_4.jpg,A2,A1,0.5583
processed_data_cleaned\test\A2\A2.12.Uni-Edu_30_patch_3_5.jpg,A2,A1,0.9309
processed_data_cleaned\test\A2\A2.12.Uni-Edu_31_patch_0_5.jpg,A2,A1,0.72
processed_data_cleaned\test\A2\A2.12.Uni-Edu_32_patch_0_0.jpg,A2,B1,0.8971
processed_data_cleaned\test\A2\A2.12.Uni-Edu_32_patch_0_1.jpg,A2,B2,0.9622
processed_data_cleaned\test\A2\A2.12.Uni-Edu_32_patch_1_1.jpg,A2,A1,0.8637
processed_data_cleaned\test\A2\A2.12.Uni-Edu_32_patch_3_1.jpg,A2,B1,0.4957
processed_data_cleaned\test\A2\A2.12.Uni-Edu_32_patch_3_5.jpg,A2,B2,0.3122
processed_data_cleaned\test\A2\A2.12.Uni-Edu_33_patch_0_2.jpg,A2,A1,0.9493
processed_data_cleaned\test\A2\A2.12.Uni-Edu_33_patch_0_3.jpg,A2,A1,0.9213
processed_data_cleaned\test\A2\A2.12.Uni-Edu_33_patch_0_4.jpg,A2,B1,0.7249
processed_data_cleaned\test\A2\A2.12.Uni-Edu_33_patch_1_4.jpg,A2,A1,0.602
processed_data_cleaned\test\A2\A2.12.Uni-Edu_33_patch_1_5.jpg,A2,B2,0.6479
processed_data_cleaned\test\A2\A2.12.Uni-Edu_33_patch_2_2.jpg,A2,B2,0.2791
processed_data_cleaned\test\A2\A2.12.Uni-Edu_33_patch_2_5.jpg,A2,A1,0.7988
processed_data_cleaned\test\A2\A2.12.Uni-Edu_33_patch_3_5.jpg,A2,A1,0.6438
processed_data_cleaned\test\A2\A2.12.Uni-Edu_34_patch_1_5.jpg,A2,A1,0.5502
processed_data_cleaned\test\A2\A2.12.Uni-Edu_34_patch_2_1.jpg,A2,B2,0.4826
processed_data_cleaned\test\A2\A2.12.Uni-Edu_34_patch_3_5.jpg,A2,A1,0.7681
processed_data_cleaned\test\A2\A2.12.Uni-Edu_35_patch_1_3.jpg,A2,A1,0.98
processed_data_cleaned\test\A2\A2.12.Uni-Edu_35_patch_1_5.jpg,A2,A1,0.8066
processed_data_cleaned\test\A2\A2.12.Uni-Edu_35_patch_2_1.jpg,A2,A1,0.5037
processed_data_cleaned\test\A2\A2.12.Uni-Edu_35_patch_2_4.jpg,A2,A1,0.6147
processed_data_cleaned\test\A2\A2.12.Uni-Edu_35_patch_3_3.jpg,A2,B2,0.6997
processed_data_cleaned\test\A2\A2.12.Uni-Edu_35_patch_3_5.jpg,A2,B2,0.6564
processed_data_cleaned\test\A2\A2.12.Uni-Edu_36_patch_1_3.jpg,A2,B1,0.3383
processed_data_cleaned\test\A2\A2.12.Uni-Edu_36_patch_2_3.jpg,A2,A1,0.4855
processed_data_cleaned\test\A2\A2.12.Uni-Edu_36_patch_2_5.jpg,A2,A1,0.7273
processed_data_cleaned\test\A2\A2.12.Uni-Edu_36_patch_3_3.jpg,A2,B1,0.6044
processed_data_cleaned\test\A2\A2.12.Uni-Edu_37_patch_0_5.jpg,A2,B2,0.5012
processed_data_cleaned\test\A2\A2.12.Uni-Edu_37_patch_1_0.jpg,A2,A1,0.682
processed_data_cleaned\test\A2\A2.12.Uni-Edu_37_patch_1_1.jpg,A2,A1,0.7792
processed_data_cleaned\test\A2\A2.12.Uni-Edu_37_patch_1_2.jpg,A2,A1,0.9707
processed_data_cleaned\test\A2\A2.12.Uni-Edu_37_patch_1_3.jpg,A2,A1,0.8602
processed_data_cleaned\test\A2\A2.12.Uni-Edu_37_patch_1_4.jpg,A2,A1,0.8959
processed_data_cleaned\test\A2\A2.12.Uni-Edu_37_patch_1_5.jpg,A2,A1,0.9355
processed_data_cleaned\test\A2\A2.12.Uni-Edu_37_patch_2_0.jpg,A2,A1,0.7212
processed_data_cleaned\test\A2\A2.12.Uni-Edu_37_patch_2_1.jpg,A2,A1,0.9602
processed_data_cleaned\test\A2\A2.12.Uni-Edu_37_patch_2_3.jpg,A2,A1,0.9944
processed_data_cleaned\test\A2\A2.12.Uni-Edu_37_patch_2_4.jpg,A2,A1,0.9163
processed_data_cleaned\test\A2\A2.12.Uni-Edu_37_patch_2_5.jpg,A2,A1,0.6791
processed_data_cleaned\test\A2\A2.12.Uni-Edu_37_patch_3_3.jpg,A2,B2,0.8454
processed_data_cleaned\test\A2\A2.12.Uni-Edu_37_patch_3_4.jpg,A2,B2,0.641
processed_data_cleaned\test\A2\A2.12.Uni-Edu_38_patch_0_1.jpg,A2,B2,0.7849
processed_data_cleaned\test\A2\A2.12.Uni-Edu_38_patch_0_3.jpg,A2,A1,0.685
processed_data_cleaned\test\A2\A2.12.Uni-Edu_38_patch_2_0.jpg,A2,B2,0.9095
processed_data_cleaned\test\A2\A2.12.Uni-Edu_38_patch_2_1.jpg,A2,B2,0.6455
processed_data_cleaned\test\A2\A2.12.Uni-Edu_38_patch_2_2.jpg,A2,B2,0.5712
processed_data_cleaned\test\A2\A2.12.Uni-Edu_38_patch_2_4.jpg,A2,B2,0.5292
processed_data_cleaned\test\A2\A2.12.Uni-Edu_38_patch_3_3.jpg,A2,A1,0.5549
processed_data_cleaned\test\A2\A2.12.Uni-Edu_38_patch_3_4.jpg,A2,A1,0.8976
processed_data_cleaned\test\A2\A2.12.Uni-Edu_39_patch_0_2.jpg,A2,A1,0.8113
processed_data_cleaned\test\A2\A2.12.Uni-Edu_39_patch_2_2.jpg,A2,A1,0.7808
processed_data_cleaned\test\A2\A2.12.Uni-Edu_39_patch_2_3.jpg,A2,A1,0.8832
processed_data_cleaned\test\A2\A2.12.Uni-Edu_39_patch_2_4.jpg,A2,B2,0.5999
processed_data_cleaned\test\A2\A2.12.Uni-Edu_39_patch_3_0.jpg,A2,B1,0.408
processed_data_cleaned\test\A2\A2.12.Uni-Edu_39_patch_3_2.jpg,A2,A1,0.5951
processed_data_cleaned\test\A2\A2.12.Uni-Edu_40_patch_1_5.jpg,A2,A1,0.9414
processed_data_cleaned\test\A2\A2.12.Uni-Edu_40_patch_2_0.jpg,A2,B2,0.3438
processed_data_cleaned\test\A2\A2.12.Uni-Edu_40_patch_3_0.jpg,A2,A1,0.5405
processed_data_cleaned\test\A2\A2.12.Uni-Edu_41_patch_1_3.jpg,A2,A1,0.9238
processed_data_cleaned\test\A2\A2.12.Uni-Edu_41_patch_2_0.jpg,A2,B1,0.4102
processed_data_cleaned\test\A2\A2.12.Uni-Edu_42_patch_0_1.jpg,A2,A1,0.8736
processed_data_cleaned\test\A2\A2.12.Uni-Edu_42_patch_0_4.jpg,A2,A1,0.8744
processed_data_cleaned\test\A2\A2.12.Uni-Edu_42_patch_0_5.jpg,A2,A1,0.8904
processed_data_cleaned\test\A2\A2.12.Uni-Edu_42_patch_1_1.jpg,A2,A1,0.8033
processed_data_cleaned\test\A2\A2.12.Uni-Edu_42_patch_1_2.jpg,A2,A1,0.9724
processed_data_cleaned\test\A2\A2.12.Uni-Edu_42_patch_1_3.jpg,A2,A1,0.9975
processed_data_cleaned\test\A2\A2.12.Uni-Edu_42_patch_1_5.jpg,A2,A1,0.9939
processed_data_cleaned\test\A2\A2.12.Uni-Edu_42_patch_2_0.jpg,A2,B2,0.837
processed_data_cleaned\test\A2\A2.12.Uni-Edu_42_patch_2_1.jpg,A2,B2,0.7172
processed_data_cleaned\test\A2\A2.12.Uni-Edu_42_patch_2_2.jpg,A2,A1,0.4352
processed_data_cleaned\test\A2\A2.12.Uni-Edu_42_patch_2_3.jpg,A2,B2,0.8782
processed_data_cleaned\test\A2\A2.12.Uni-Edu_42_patch_2_4.jpg,A2,B2,0.509
processed_data_cleaned\test\A2\A2.12.Uni-Edu_42_patch_3_0.jpg,A2,A1,0.8404
processed_data_cleaned\test\A2\A2.12.Uni-Edu_42_patch_3_1.jpg,A2,A1,0.942
processed_data_cleaned\test\A2\A2.12.Uni-Edu_42_patch_3_2.jpg,A2,A1,0.9893
processed_data_cleaned\test\A2\A2.12.Uni-Edu_42_patch_3_3.jpg,A2,B2,0.8698
processed_data_cleaned\test\A2\A2.12.Uni-Edu_42_patch_3_4.jpg,A2,A1,0.9318
processed_data_cleaned\test\A2\A2.12.Uni-Edu_42_patch_3_5.jpg,A2,A1,0.8959
processed_data_cleaned\test\A2\A2.12.Uni-Edu_43_patch_0_1.jpg,A2,A1,0.6012
processed_data_cleaned\test\A2\A2.12.Uni-Edu_43_patch_0_2.jpg,A2,A1,0.9729
processed_data_cleaned\test\A2\A2.12.Uni-Edu_43_patch_0_3.jpg,A2,B2,0.8437
processed_data_cleaned\test\A2\A2.12.Uni-Edu_43_patch_0_4.jpg,A2,B2,0.7267
processed_data_cleaned\test\A2\A2.12.Uni-Edu_43_patch_0_5.jpg,A2,B2,0.551
processed_data_cleaned\test\A2\A2.12.Uni-Edu_43_patch_1_2.jpg,A2,A1,0.5665
processed_data_cleaned\test\A2\A2.12.Uni-Edu_43_patch_1_5.jpg,A2,A1,0.6217
processed_data_cleaned\test\A2\A2.12.Uni-Edu_43_patch_2_3.jpg,A2,A1,0.9792
processed_data_cleaned\test\A2\A2.12.Uni-Edu_43_patch_3_3.jpg,A2,A1,0.4175
processed_data_cleaned\test\A2\A2.12.Uni-Edu_44_patch_0_0.jpg,A2,B2,0.75
processed_data_cleaned\test\A2\A2.12.Uni-Edu_44_patch_0_1.jpg,A2,B2,0.8871
processed_data_cleaned\test\A2\A2.12.Uni-Edu_44_patch_0_5.jpg,A2,B2,0.9835
processed_data_cleaned\test\A2\A2.12.Uni-Edu_44_patch_1_3.jpg,A2,A1,0.6563
processed_data_cleaned\test\A2\A2.12.Uni-Edu_44_patch_1_4.jpg,A2,A1,0.5267
processed_data_cleaned\test\A2\A2.12.Uni-Edu_44_patch_1_5.jpg,A2,A1,0.5024
processed_data_cleaned\test\A2\A2.12.Uni-Edu_44_patch_3_0.jpg,A2,B2,0.4823
processed_data_cleaned\test\A2\A2.12.Uni-Edu_45_patch_1_4.jpg,A2,A1,0.6847
processed_data_cleaned\test\A2\A2.12.Uni-Edu_45_patch_2_0.jpg,A2,A1,0.8833
processed_data_cleaned\test\A2\A2.12.Uni-Edu_45_patch_2_1.jpg,A2,A1,0.9277
processed_data_cleaned\test\A2\A2.12.Uni-Edu_45_patch_2_4.jpg,A2,A1,0.797
processed_data_cleaned\test\A2\A2.12.Uni-Edu_45_patch_3_0.jpg,A2,A1,0.9209
processed_data_cleaned\test\A2\A2.12.Uni-Edu_45_patch_3_1.jpg,A2,A1,0.7916
processed_data_cleaned\test\A2\A2.12.Uni-Edu_45_patch_3_2.jpg,A2,A1,0.5471
processed_data_cleaned\test\A2\A2.12.Uni-Edu_45_patch_3_5.jpg,A2,B2,0.5151
processed_data_cleaned\test\A2\A2.12.Uni-Edu_46_patch_0_0.jpg,A2,B2,0.8709
processed_data_cleaned\test\A2\A2.12.Uni-Edu_46_patch_1_4.jpg,A2,A1,0.8698
processed_data_cleaned\test\A2\A2.12.Uni-Edu_46_patch_2_4.jpg,A2,A1,0.8404
processed_data_cleaned\test\A2\A2.12.Uni-Edu_46_patch_3_0.jpg,A2,B2,0.7262
processed_data_cleaned\test\A2\A2.12.Uni-Edu_46_patch_3_2.jpg,A2,B2,0.8073
processed_data_cleaned\test\A2\A2.12.Uni-Edu_46_patch_3_3.jpg,A2,B2,0.9649
processed_data_cleaned\test\A2\A2.17.Dia-Pla_01_patch_0_5.jpg,A2,A1,0.5183
processed_data_cleaned\test\A2\A2.17.Dia-Pla_01_patch_1_2.jpg,A2,A1,0.6038
processed_data_cleaned\test\A2\A2.17.Dia-Pla_01_patch_2_0.jpg,A2,A1,0.6017
processed_data_cleaned\test\A2\A2.17.Dia-Pla_01_patch_2_3.jpg,A2,B1,0.5667
processed_data_cleaned\test\A2\A2.17.Dia-Pla_01_patch_2_4.jpg,A2,B1,0.581
processed_data_cleaned\test\A2\A2.17.Dia-Pla_01_patch_3_1.jpg,A2,A1,0.6599
processed_data_cleaned\test\A2\A2.17.Dia-Pla_01_patch_3_2.jpg,A2,A1,0.6846
processed_data_cleaned\test\A2\A2.17.Dia-Pla_02_patch_2_3.jpg,A2,A1,0.6464
processed_data_cleaned\test\A2\A2.17.Dia-Pla_03_patch_0_0.jpg,A2,B1,0.6863
processed_data_cleaned\test\A2\A2.17.Dia-Pla_03_patch_0_1.jpg,A2,A1,0.5556
processed_data_cleaned\test\A2\A2.17.Dia-Pla_03_patch_0_2.jpg,A2,A1,0.8302
processed_data_cleaned\test\A2\A2.17.Dia-Pla_03_patch_1_0.jpg,A2,A1,0.5734
processed_data_cleaned\test\A2\A2.17.Dia-Pla_03_patch_1_4.jpg,A2,B1,0.4341
processed_data_cleaned\test\A2\A2.17.Dia-Pla_03_patch_2_0.jpg,A2,B1,0.7229
processed_data_cleaned\test\A2\A2.17.Dia-Pla_04_patch_0_4.jpg,A2,A1,0.8459
processed_data_cleaned\test\A2\A2.17.Dia-Pla_04_patch_1_1.jpg,A2,A1,0.5135
processed_data_cleaned\test\A2\A2.17.Dia-Pla_04_patch_1_5.jpg,A2,B1,0.8715
processed_data_cleaned\test\A2\A2.17.Dia-Pla_04_patch_3_5.jpg,A2,A1,0.4137
processed_data_cleaned\test\A2\A2.17.Dia-Pla_05_patch_2_4.jpg,A2,B1,0.8857
processed_data_cleaned\test\A2\A2.17.Dia-Pla_05_patch_3_0.jpg,A2,B2,0.8829
processed_data_cleaned\test\A2\A2.17.Dia-Pla_06_patch_0_0.jpg,A2,B1,0.4687
processed_data_cleaned\test\A2\A2.17.Dia-Pla_06_patch_0_1.jpg,A2,B1,0.6626
processed_data_cleaned\test\A2\A2.17.Dia-Pla_06_patch_0_2.jpg,A2,B1,0.87
processed_data_cleaned\test\A2\A2.17.Dia-Pla_06_patch_1_0.jpg,A2,A1,0.8398
processed_data_cleaned\test\A2\A2.17.Dia-Pla_06_patch_1_2.jpg,A2,B1,0.7544
processed_data_cleaned\test\A2\A2.17.Dia-Pla_06_patch_1_3.jpg,A2,B2,0.6536
processed_data_cleaned\test\A2\A2.17.Dia-Pla_06_patch_2_2.jpg,A2,A1,0.4349
processed_data_cleaned\test\A2\A2.17.Dia-Pla_06_patch_3_0.jpg,A2,B1,0.9507
processed_data_cleaned\test\A2\A2.17.Dia-Pla_07_patch_0_2.jpg,A2,A1,0.4523
processed_data_cleaned\test\A2\A2.17.Dia-Pla_07_patch_1_3.jpg,A2,A1,0.6409
processed_data_cleaned\test\A2\A2.17.Dia-Pla_07_patch_3_2.jpg,A2,B1,0.6718
processed_data_cleaned\test\A2\A2.17.Dia-Pla_07_patch_3_3.jpg,A2,B1,0.4433
processed_data_cleaned\test\A2\A2.17.Dia-Pla_08_patch_0_5.jpg,A2,B2,0.5544
processed_data_cleaned\test\A2\A2.17.Dia-Pla_08_patch_1_0.jpg,A2,B1,0.5316
processed_data_cleaned\test\A2\A2.17.Dia-Pla_08_patch_3_2.jpg,A2,B1,0.7083
processed_data_cleaned\test\A2\A2.17.Dia-Pla_09_patch_1_1.jpg,A2,B1,0.9538
processed_data_cleaned\test\A2\A2.17.Dia-Pla_09_patch_1_3.jpg,A2,B1,0.5946
processed_data_cleaned\test\A2\A2.17.Dia-Pla_09_patch_1_5.jpg,A2,B1,0.8868
processed_data_cleaned\test\A2\A2.17.Dia-Pla_09_patch_3_5.jpg,A2,B1,0.6663
processed_data_cleaned\test\A2\A2.17.Dia-Pla_11_patch_0_1.jpg,A2,B1,0.4612
processed_data_cleaned\test\A2\A2.17.Dia-Pla_11_patch_0_2.jpg,A2,B1,0.3808
processed_data_cleaned\test\A2\A2.17.Dia-Pla_11_patch_2_4.jpg,A2,B1,0.8974
processed_data_cleaned\test\A2\A2.17.Dia-Pla_11_patch_2_5.jpg,A2,B1,0.5045
processed_data_cleaned\test\A2\A2.17.Dia-Pla_11_patch_3_0.jpg,A2,B2,0.7683
processed_data_cleaned\test\A2\A2.17.Dia-Pla_11_patch_3_4.jpg,A2,B1,0.3891
processed_data_cleaned\test\A2\A2.17.Dia-Pla_12_patch_0_3.jpg,A2,B1,0.4385
processed_data_cleaned\test\A2\A2.17.Dia-Pla_12_patch_2_1.jpg,A2,A1,0.7504
processed_data_cleaned\test\A2\A2.17.Dia-Pla_12_patch_3_1.jpg,A2,B1,0.6257
processed_data_cleaned\test\A2\A2.17.Dia-Pla_13_patch_1_4.jpg,A2,B2,0.4114
processed_data_cleaned\test\A2\A2.17.Dia-Pla_13_patch_2_4.jpg,A2,B1,0.908
processed_data_cleaned\test\A2\A2.17.Dia-Pla_13_patch_3_0.jpg,A2,B1,0.6796
processed_data_cleaned\test\A2\A2.17.Dia-Pla_13_patch_3_1.jpg,A2,B2,0.4883
processed_data_cleaned\test\A2\A2.17.Dia-Pla_14_patch_1_0.jpg,A2,B1,0.9922
processed_data_cleaned\test\A2\A2.17.Dia-Pla_15_patch_1_4.jpg,A2,B2,0.5353
processed_data_cleaned\test\A2\A2.17.Dia-Pla_15_patch_2_4.jpg,A2,B1,0.4718
processed_data_cleaned\test\A2\A2.17.Dia-Pla_15_patch_2_5.jpg,A2,B1,0.8389
processed_data_cleaned\test\A2\A2.17.Dia-Pla_15_patch_3_3.jpg,A2,B1,0.7066
processed_data_cleaned\test\A2\A2.17.Dia-Pla_15_patch_3_4.jpg,A2,A1,0.9934
processed_data_cleaned\test\A2\A2.17.Dia-Pla_16_patch_0_3.jpg,A2,B1,0.7679
processed_data_cleaned\test\A2\A2.17.Dia-Pla_16_patch_0_4.jpg,A2,A1,0.3478
processed_data_cleaned\test\A2\A2.17.Dia-Pla_16_patch_0_5.jpg,A2,B1,0.9072
processed_data_cleaned\test\A2\A2.17.Dia-Pla_16_patch_1_1.jpg,A2,B1,0.5775
processed_data_cleaned\test\A2\A2.17.Dia-Pla_16_patch_1_3.jpg,A2,A1,0.9573
processed_data_cleaned\test\A2\A2.17.Dia-Pla_16_patch_1_4.jpg,A2,A1,0.9479
processed_data_cleaned\test\A2\A2.17.Dia-Pla_16_patch_2_0.jpg,A2,A1,0.6781
processed_data_cleaned\test\A2\A2.17.Dia-Pla_16_patch_3_0.jpg,A2,A1,0.6493
processed_data_cleaned\test\A2\A2.17.Dia-Pla_16_patch_3_2.jpg,A2,A1,0.7096
processed_data_cleaned\test\A2\A2.17.Dia-Pla_19_patch_1_5.jpg,A2,B1,0.8209
processed_data_cleaned\test\A2\A2.17.Dia-Pla_19_patch_2_1.jpg,A2,B1,0.4951
processed_data_cleaned\test\A2\A2.17.Dia-Pla_19_patch_3_3.jpg,A2,B2,0.8172
processed_data_cleaned\test\A2\A2.17.Dia-Pla_20_patch_0_2.jpg,A2,B2,0.7284
processed_data_cleaned\test\A2\A2.17.Dia-Pla_21_patch_0_0.jpg,A2,B1,0.9455
processed_data_cleaned\test\A2\A2.17.Dia-Pla_21_patch_3_0.jpg,A2,B1,0.9316
processed_data_cleaned\test\A2\A2.17.Dia-Pla_22_patch_0_2.jpg,A2,B1,0.8598
processed_data_cleaned\test\A2\A2.17.Dia-Pla_22_patch_0_3.jpg,A2,B1,0.6534
processed_data_cleaned\test\A2\A2.17.Dia-Pla_22_patch_0_5.jpg,A2,B1,0.3212
processed_data_cleaned\test\A2\A2.17.Dia-Pla_22_patch_2_0.jpg,A2,B1,0.7859
processed_data_cleaned\test\A2\A2.17.Dia-Pla_22_patch_3_0.jpg,A2,B1,0.8853
processed_data_cleaned\test\A2\A2.17.Dia-Pla_22_patch_3_1.jpg,A2,B1,0.6479
processed_data_cleaned\test\A2\A2.17.Dia-Pla_23_patch_1_5.jpg,A2,B1,0.503
processed_data_cleaned\test\A2\A2.17.Dia-Pla_24_patch_1_0.jpg,A2,B1,0.3965
processed_data_cleaned\test\A2\A2.17.Dia-Pla_24_patch_3_0.jpg,A2,B1,0.6626
processed_data_cleaned\test\A2\A2.17.Dia-Pla_25_patch_1_2.jpg,A2,B1,0.5125
processed_data_cleaned\test\A2\A2.17.Dia-Pla_25_patch_1_4.jpg,A2,B1,0.8763
processed_data_cleaned\test\A2\A2.17.Dia-Pla_25_patch_1_5.jpg,A2,B1,0.9312
processed_data_cleaned\test\A2\A2.17.Dia-Pla_25_patch_2_4.jpg,A2,A1,0.7166
processed_data_cleaned\test\A2\A2.17.Dia-Pla_25_patch_3_3.jpg,A2,B1,0.4879
processed_data_cleaned\test\A2\A2.17.Dia-Pla_26_patch_0_1.jpg,A2,A1,0.614
processed_data_cleaned\test\A2\A2.17.Dia-Pla_26_patch_0_2.jpg,A2,B1,0.3896
processed_data_cleaned\test\A2\A2.17.Dia-Pla_26_patch_0_5.jpg,A2,B2,0.5041
processed_data_cleaned\test\A2\A2.17.Dia-Pla_26_patch_2_1.jpg,A2,B1,0.6653
processed_data_cleaned\test\A2\A2.17.Dia-Pla_26_patch_2_5.jpg,A2,B1,0.3555
processed_data_cleaned\test\A2\A2.17.Dia-Pla_27_patch_1_1.jpg,A2,A1,0.6572
processed_data_cleaned\test\A2\A2.17.Dia-Pla_27_patch_2_1.jpg,A2,A1,0.7677
processed_data_cleaned\test\A2\A2.17.Dia-Pla_27_patch_2_3.jpg,A2,B1,0.6178
processed_data_cleaned\test\A2\A2.17.Dia-Pla_28_patch_1_4.jpg,A2,B1,0.5042
processed_data_cleaned\test\A2\A2.17.Dia-Pla_28_patch_1_5.jpg,A2,B1,0.4058
processed_data_cleaned\test\A2\A2.17.Dia-Pla_28_patch_2_1.jpg,A2,B1,0.8094
processed_data_cleaned\test\A2\A2.17.Dia-Pla_28_patch_3_4.jpg,A2,B1,0.3428
processed_data_cleaned\test\A2\A2.17.Dia-Pla_29_patch_0_3.jpg,A2,B1,0.6101
processed_data_cleaned\test\A2\A2.17.Dia-Pla_29_patch_1_2.jpg,A2,B1,0.5738
processed_data_cleaned\test\A2\A2.17.Dia-Pla_29_patch_3_0.jpg,A2,B1,0.5694
processed_data_cleaned\test\A2\A2.17.Dia-Pla_29_patch_3_2.jpg,A2,B1,0.4526
processed_data_cleaned\test\A2\A2.17.Dia-Pla_30_patch_0_0.jpg,A2,A1,0.4411
processed_data_cleaned\test\A2\A2.17.Dia-Pla_30_patch_1_0.jpg,A2,B1,0.5517
processed_data_cleaned\test\A2\A2.17.Dia-Pla_30_patch_1_2.jpg,A2,B1,0.5971
processed_data_cleaned\test\A2\A2.17.Dia-Pla_30_patch_2_1.jpg,A2,A1,0.6134
processed_data_cleaned\test\A2\A2.17.Dia-Pla_31_patch_1_3.jpg,A2,B1,0.4292
processed_data_cleaned\test\A2\A2.17.Dia-Pla_31_patch_2_4.jpg,A2,B1,0.3458
processed_data_cleaned\test\A2\A2.17.Dia-Pla_31_patch_2_5.jpg,A2,B1,0.3009
processed_data_cleaned\test\A2\A2.17.Dia-Pla_31_patch_3_5.jpg,A2,B2,0.388
processed_data_cleaned\test\A2\A2.17.Dia-Pla_32_patch_0_1.jpg,A2,B1,0.9663
processed_data_cleaned\test\A2\A2.17.Dia-Pla_32_patch_0_3.jpg,A2,B1,0.7209
processed_data_cleaned\test\A2\A2.17.Dia-Pla_32_patch_2_4.jpg,A2,B1,0.7698
processed_data_cleaned\test\A2\A2.17.Dia-Pla_32_patch_2_5.jpg,A2,B1,0.5228
processed_data_cleaned\test\A2\A2.17.Dia-Pla_32_patch_3_1.jpg,A2,B1,0.7054
processed_data_cleaned\test\A2\A2.17.Dia-Pla_32_patch_3_3.jpg,A2,B1,0.3212
processed_data_cleaned\test\A2\A2.17.Dia-Pla_32_patch_3_5.jpg,A2,A1,0.3773
processed_data_cleaned\test\A2\A2.17.Dia-Pla_33_patch_0_2.jpg,A2,B2,0.3116
processed_data_cleaned\test\A2\A2.17.Dia-Pla_33_patch_1_4.jpg,A2,B1,0.5073
processed_data_cleaned\test\A2\A2.17.Dia-Pla_33_patch_2_1.jpg,A2,B2,0.5989
processed_data_cleaned\test\A2\A2.17.Dia-Pla_33_patch_2_2.jpg,A2,A1,0.6679
processed_data_cleaned\test\A2\A2.17.Dia-Pla_33_patch_3_1.jpg,A2,B2,0.9213
processed_data_cleaned\test\A2\A2.17.Dia-Pla_33_patch_3_2.jpg,A2,A1,0.3379
processed_data_cleaned\test\A2\A2.17.Dia-Pla_33_patch_3_3.jpg,A2,B2,0.3912
processed_data_cleaned\test\A2\A2.17.Dia-Pla_34_patch_0_2.jpg,A2,B1,0.549
processed_data_cleaned\test\A2\A2.17.Dia-Pla_34_patch_1_1.jpg,A2,A1,0.496
processed_data_cleaned\test\A2\A2.17.Dia-Pla_34_patch_1_2.jpg,A2,A1,0.9116
processed_data_cleaned\test\A2\A2.17.Dia-Pla_34_patch_2_1.jpg,A2,B1,0.7549
processed_data_cleaned\test\A2\A2.17.Dia-Pla_35_patch_2_0.jpg,A2,B1,0.9451
processed_data_cleaned\test\A2\A2.17.Dia-Pla_35_patch_2_2.jpg,A2,B1,0.6013
processed_data_cleaned\test\A2\A2.17.Dia-Pla_37_patch_2_1.jpg,A2,B1,0.928
processed_data_cleaned\test\A2\A2.17.Dia-Pla_37_patch_2_3.jpg,A2,B1,0.5341
processed_data_cleaned\test\A2\A2.17.Dia-Pla_37_patch_3_1.jpg,A2,B1,0.6274
processed_data_cleaned\test\A2\A2.17.Dia-Pla_37_patch_3_2.jpg,A2,B1,0.7594
processed_data_cleaned\test\A2\A2.17.Dia-Pla_37_patch_3_3.jpg,A2,B1,0.3838
processed_data_cleaned\test\A2\A2.17.Dia-Pla_38_patch_1_0.jpg,A2,B1,0.6411
processed_data_cleaned\test\A2\A2.17.Dia-Pla_38_patch_2_0.jpg,A2,A1,0.7464
processed_data_cleaned\test\A2\A2.17.Dia-Pla_40_patch_0_1.jpg,A2,B2,0.4955
processed_data_cleaned\test\A2\A2.17.Dia-Pla_40_patch_1_0.jpg,A2,B2,0.503
processed_data_cleaned\test\A2\A2.17.Dia-Pla_40_patch_2_1.jpg,A2,A1,0.7309
processed_data_cleaned\test\A2\A2.17.Dia-Pla_41_patch_2_0.jpg,A2,A1,0.3765
processed_data_cleaned\test\A2\A2.17.Dia-Pla_41_patch_3_0.jpg,A2,B2,0.4944
processed_data_cleaned\test\A2\A2.17.Dia-Pla_41_patch_3_2.jpg,A2,B1,0.7183
processed_data_cleaned\test\A2\A2.17.Dia-Pla_43_patch_2_0.jpg,A2,B1,0.8451
processed_data_cleaned\test\A2\A2.17.Dia-Pla_43_patch_3_1.jpg,A2,B1,0.8498
processed_data_cleaned\test\A2\A2.21.Cons-Mus_01_patch_0_0.jpg,A2,A1,0.5505
processed_data_cleaned\test\A2\A2.21.Cons-Mus_01_patch_0_1.jpg,A2,A1,0.9261
processed_data_cleaned\test\A2\A2.21.Cons-Mus_01_patch_1_4.jpg,A2,B1,0.7342
processed_data_cleaned\test\A2\A2.21.Cons-Mus_01_patch_2_0.jpg,A2,A1,0.9936
processed_data_cleaned\test\A2\A2.21.Cons-Mus_01_patch_3_0.jpg,A2,A1,0.8457
processed_data_cleaned\test\A2\A2.21.Cons-Mus_01_patch_3_3.jpg,A2,A1,0.9993
processed_data_cleaned\test\A2\A2.21.Cons-Mus_01_patch_3_4.jpg,A2,A1,0.831
processed_data_cleaned\test\A2\A2.21.Cons-Mus_01_patch_3_5.jpg,A2,A1,0.9517
processed_data_cleaned\test\A2\A2.21.Cons-Mus_02_patch_0_0.jpg,A2,A1,0.9542
processed_data_cleaned\test\A2\A2.21.Cons-Mus_02_patch_1_0.jpg,A2,A1,0.9522
processed_data_cleaned\test\A2\A2.21.Cons-Mus_02_patch_2_4.jpg,A2,A1,0.9837
processed_data_cleaned\test\A2\A2.21.Cons-Mus_02_patch_2_5.jpg,A2,A1,0.7926
processed_data_cleaned\test\A2\A2.21.Cons-Mus_02_patch_3_0.jpg,A2,A1,0.8531
processed_data_cleaned\test\A2\A2.21.Cons-Mus_02_patch_3_1.jpg,A2,A1,0.9528
processed_data_cleaned\test\A2\A2.21.Cons-Mus_02_patch_3_3.jpg,A2,A1,0.523
processed_data_cleaned\test\A2\A2.21.Cons-Mus_02_patch_3_4.jpg,A2,A1,0.8802
processed_data_cleaned\test\A2\A2.21.Cons-Mus_02_patch_3_5.jpg,A2,A1,0.8764
processed_data_cleaned\test\A2\A2.21.Cons-Mus_03_patch_1_0.jpg,A2,A1,0.6254
processed_data_cleaned\test\A2\A2.21.Cons-Mus_03_patch_1_3.jpg,A2,A1,0.9671
processed_data_cleaned\test\A2\A2.21.Cons-Mus_03_patch_1_5.jpg,A2,A1,0.8979
processed_data_cleaned\test\A2\A2.21.Cons-Mus_04_patch_0_0.jpg,A2,A1,0.5553
processed_data_cleaned\test\A2\A2.21.Cons-Mus_04_patch_1_0.jpg,A2,A1,0.8965
processed_data_cleaned\test\A2\A2.21.Cons-Mus_04_patch_1_2.jpg,A2,A1,0.827
processed_data_cleaned\test\A2\A2.21.Cons-Mus_04_patch_1_3.jpg,A2,A1,0.7089
processed_data_cleaned\test\A2\A2.21.Cons-Mus_04_patch_1_5.jpg,A2,A1,0.5864
processed_data_cleaned\test\A2\A2.21.Cons-Mus_04_patch_2_4.jpg,A2,A1,0.9935
processed_data_cleaned\test\A2\A2.21.Cons-Mus_05_patch_1_1.jpg,A2,A1,0.9932
processed_data_cleaned\test\A2\A2.21.Cons-Mus_05_patch_1_2.jpg,A2,A1,0.9726
processed_data_cleaned\test\A2\A2.21.Cons-Mus_05_patch_2_3.jpg,A2,A1,0.7793
processed_data_cleaned\test\A2\A2.21.Cons-Mus_05_patch_2_4.jpg,A2,A1,0.6699
processed_data_cleaned\test\A2\A2.21.Cons-Mus_05_patch_3_0.jpg,A2,A1,0.9147
processed_data_cleaned\test\A2\A2.21.Cons-Mus_05_patch_3_1.jpg,A2,A1,0.9988
processed_data_cleaned\test\A2\A2.21.Cons-Mus_05_patch_3_2.jpg,A2,A1,0.9965
processed_data_cleaned\test\A2\A2.21.Cons-Mus_05_patch_3_3.jpg,A2,A1,0.5024
processed_data_cleaned\test\A2\A2.21.Cons-Mus_05_patch_3_4.jpg,A2,A1,0.9627
processed_data_cleaned\test\A2\A2.21.Cons-Mus_05_patch_3_5.jpg,A2,A1,0.7403
processed_data_cleaned\test\A2\A2.21.Cons-Mus_06_patch_0_1.jpg,A2,A1,0.5539
processed_data_cleaned\test\A2\A2.21.Cons-Mus_06_patch_2_0.jpg,A2,A1,0.9796
processed_data_cleaned\test\A2\A2.21.Cons-Mus_06_patch_2_1.jpg,A2,A1,0.7613
processed_data_cleaned\test\A2\A2.21.Cons-Mus_06_patch_2_5.jpg,A2,A1,0.9894
processed_data_cleaned\test\A2\A2.21.Cons-Mus_06_patch_3_0.jpg,A2,A1,0.9698
processed_data_cleaned\test\A2\A2.21.Cons-Mus_06_patch_3_1.jpg,A2,A1,0.9996
processed_data_cleaned\test\A2\A2.21.Cons-Mus_06_patch_3_2.jpg,A2,A1,0.8699
processed_data_cleaned\test\A2\A2.21.Cons-Mus_07_patch_0_0.jpg,A2,B1,0.7074
processed_data_cleaned\test\A2\A2.21.Cons-Mus_07_patch_0_1.jpg,A2,B2,0.4615
processed_data_cleaned\test\A2\A2.21.Cons-Mus_07_patch_0_2.jpg,A2,A1,0.7614
processed_data_cleaned\test\A2\A2.21.Cons-Mus_07_patch_0_3.jpg,A2,B1,0.4006
processed_data_cleaned\test\A2\A2.21.Cons-Mus_07_patch_0_4.jpg,A2,A1,0.4587
processed_data_cleaned\test\A2\A2.21.Cons-Mus_07_patch_0_5.jpg,A2,B2,0.6454
processed_data_cleaned\test\A2\A2.21.Cons-Mus_07_patch_1_2.jpg,A2,A1,0.9168
processed_data_cleaned\test\A2\A2.21.Cons-Mus_07_patch_1_3.jpg,A2,A1,0.7903
processed_data_cleaned\test\A2\A2.21.Cons-Mus_07_patch_2_2.jpg,A2,B1,0.4779
processed_data_cleaned\test\A2\A2.21.Cons-Mus_07_patch_2_3.jpg,A2,B1,0.7047
processed_data_cleaned\test\A2\A2.21.Cons-Mus_07_patch_2_4.jpg,A2,A1,0.9913
processed_data_cleaned\test\A2\A2.21.Cons-Mus_07_patch_3_1.jpg,A2,A1,0.5435
processed_data_cleaned\test\A2\A2.21.Cons-Mus_07_patch_3_2.jpg,A2,A1,0.6801
processed_data_cleaned\test\A2\A2.21.Cons-Mus_07_patch_3_3.jpg,A2,A1,0.987
processed_data_cleaned\test\A2\A2.21.Cons-Mus_09_patch_0_1.jpg,A2,A1,0.9498
processed_data_cleaned\test\A2\A2.21.Cons-Mus_09_patch_0_3.jpg,A2,A1,0.9994
processed_data_cleaned\test\A2\A2.21.Cons-Mus_09_patch_1_1.jpg,A2,A1,0.9999
processed_data_cleaned\test\A2\A2.21.Cons-Mus_09_patch_1_2.jpg,A2,A1,0.939
processed_data_cleaned\test\A2\A2.21.Cons-Mus_09_patch_1_3.jpg,A2,A1,0.9137
processed_data_cleaned\test\A2\A2.21.Cons-Mus_09_patch_1_4.jpg,A2,A1,0.9935
processed_data_cleaned\test\A2\A2.21.Cons-Mus_09_patch_2_0.jpg,A2,A1,0.7903
processed_data_cleaned\test\A2\A2.21.Cons-Mus_09_patch_3_0.jpg,A2,A1,0.9808
processed_data_cleaned\test\A2\A2.21.Cons-Mus_09_patch_3_3.jpg,A2,A1,0.9943
processed_data_cleaned\test\A2\A2.21.Cons-Mus_09_patch_3_4.jpg,A2,A1,0.9901
processed_data_cleaned\test\A2\A2.21.Cons-Mus_10_patch_1_1.jpg,A2,A1,0.8305
processed_data_cleaned\test\A2\A2.21.Cons-Mus_10_patch_2_0.jpg,A2,A1,0.5001
processed_data_cleaned\test\A2\A2.21.Cons-Mus_10_patch_2_4.jpg,A2,A1,0.9686
processed_data_cleaned\test\A2\A2.21.Cons-Mus_10_patch_3_0.jpg,A2,A1,0.854
processed_data_cleaned\test\A2\A2.21.Cons-Mus_11_patch_0_1.jpg,A2,B2,0.4517
processed_data_cleaned\test\A2\A2.21.Cons-Mus_11_patch_0_3.jpg,A2,A1,0.9998
processed_data_cleaned\test\A2\A2.21.Cons-Mus_11_patch_0_5.jpg,A2,A1,0.889
processed_data_cleaned\test\A2\A2.21.Cons-Mus_11_patch_1_2.jpg,A2,A1,1.0
processed_data_cleaned\test\A2\A2.21.Cons-Mus_11_patch_1_3.jpg,A2,A1,0.9934
processed_data_cleaned\test\A2\A2.21.Cons-Mus_11_patch_2_2.jpg,A2,A1,0.9869
processed_data_cleaned\test\A2\A2.21.Cons-Mus_11_patch_3_0.jpg,A2,A1,0.8907
processed_data_cleaned\test\A2\A2.21.Cons-Mus_11_patch_3_1.jpg,A2,A1,0.9685
processed_data_cleaned\test\A2\A2.21.Cons-Mus_11_patch_3_5.jpg,A2,A1,0.9351
processed_data_cleaned\test\A2\A2.21.Cons-Mus_12_patch_1_5.jpg,A2,A1,0.9877
processed_data_cleaned\test\A2\A2.21.Cons-Mus_12_patch_3_3.jpg,A2,A1,0.8098
processed_data_cleaned\test\A2\A2.21.Cons-Mus_12_patch_3_4.jpg,A2,A1,0.5936
processed_data_cleaned\test\A2\A2.21.Cons-Mus_12_patch_3_5.jpg,A2,A1,0.7181
processed_data_cleaned\test\A2\A2.21.Cons-Mus_13_patch_0_0.jpg,A2,B2,0.5276
processed_data_cleaned\test\A2\A2.21.Cons-Mus_13_patch_0_4.jpg,A2,A1,0.9898
processed_data_cleaned\test\A2\A2.21.Cons-Mus_13_patch_0_5.jpg,A2,A1,0.9708
processed_data_cleaned\test\A2\A2.21.Cons-Mus_13_patch_1_5.jpg,A2,A1,0.7208
processed_data_cleaned\test\A2\A2.21.Cons-Mus_13_patch_2_2.jpg,A2,A1,0.9985
processed_data_cleaned\test\A2\A2.21.Cons-Mus_13_patch_2_4.jpg,A2,A1,0.639
processed_data_cleaned\test\A2\A2.21.Cons-Mus_13_patch_3_1.jpg,A2,A1,0.9973
processed_data_cleaned\test\A2\A2.21.Cons-Mus_13_patch_3_2.jpg,A2,A1,0.9977
processed_data_cleaned\test\A2\A2.21.Cons-Mus_13_patch_3_3.jpg,A2,A1,0.9936
processed_data_cleaned\test\A2\A2.21.Cons-Mus_13_patch_3_5.jpg,A2,A1,0.9769
processed_data_cleaned\test\A2\A2.21.Cons-Mus_14_patch_0_0.jpg,A2,A1,0.8615
processed_data_cleaned\test\A2\A2.21.Cons-Mus_14_patch_0_2.jpg,A2,A1,0.9852
processed_data_cleaned\test\A2\A2.21.Cons-Mus_14_patch_0_3.jpg,A2,A1,0.9034
processed_data_cleaned\test\A2\A2.21.Cons-Mus_14_patch_1_1.jpg,A2,A1,0.9999
processed_data_cleaned\test\A2\A2.21.Cons-Mus_14_patch_1_2.jpg,A2,A1,0.7564
processed_data_cleaned\test\A2\A2.21.Cons-Mus_14_patch_1_3.jpg,A2,A1,0.9592
processed_data_cleaned\test\A2\A2.21.Cons-Mus_14_patch_3_0.jpg,A2,A1,0.9911
processed_data_cleaned\test\A2\A2.21.Cons-Mus_14_patch_3_4.jpg,A2,A1,0.987
processed_data_cleaned\test\A2\A2.21.Cons-Mus_14_patch_3_5.jpg,A2,A1,0.9957
processed_data_cleaned\test\A2\A2.21.Cons-Mus_15_patch_0_4.jpg,A2,A1,0.6013
processed_data_cleaned\test\A2\A2.21.Cons-Mus_15_patch_2_5.jpg,A2,A1,0.7742
processed_data_cleaned\test\A2\A2.21.Cons-Mus_15_patch_3_4.jpg,A2,A1,0.5995
processed_data_cleaned\test\A2\A2.21.Cons-Mus_17_patch_0_1.jpg,A2,A1,0.5657
processed_data_cleaned\test\A2\A2.21.Cons-Mus_17_patch_0_5.jpg,A2,B1,0.7592
processed_data_cleaned\test\A2\A2.21.Cons-Mus_17_patch_1_1.jpg,A2,A1,0.9188
processed_data_cleaned\test\A2\A2.21.Cons-Mus_17_patch_1_4.jpg,A2,B1,0.5497
processed_data_cleaned\test\A2\A2.21.Cons-Mus_17_patch_2_0.jpg,A2,B2,0.5357
processed_data_cleaned\test\A2\A2.21.Cons-Mus_17_patch_2_1.jpg,A2,A1,0.6591
processed_data_cleaned\test\A2\A2.21.Cons-Mus_17_patch_2_3.jpg,A2,B1,0.7269
processed_data_cleaned\test\A2\A2.21.Cons-Mus_17_patch_2_5.jpg,A2,B1,0.5372
processed_data_cleaned\test\A2\A2.21.Cons-Mus_17_patch_3_0.jpg,A2,A1,0.5433
processed_data_cleaned\test\A2\A2.21.Cons-Mus_17_patch_3_2.jpg,A2,A1,0.9877
processed_data_cleaned\test\A2\A2.21.Cons-Mus_18_patch_0_2.jpg,A2,A1,0.9747
processed_data_cleaned\test\A2\A2.21.Cons-Mus_18_patch_0_4.jpg,A2,A1,0.9857
processed_data_cleaned\test\A2\A2.21.Cons-Mus_18_patch_1_1.jpg,A2,A1,0.9877
processed_data_cleaned\test\A2\A2.21.Cons-Mus_18_patch_1_2.jpg,A2,A1,0.9914
processed_data_cleaned\test\A2\A2.21.Cons-Mus_18_patch_1_4.jpg,A2,A1,0.9969
processed_data_cleaned\test\A2\A2.21.Cons-Mus_18_patch_2_2.jpg,A2,B2,0.623
processed_data_cleaned\test\A2\A2.21.Cons-Mus_18_patch_2_3.jpg,A2,A1,0.8281
processed_data_cleaned\test\A2\A2.21.Cons-Mus_18_patch_2_4.jpg,A2,B1,0.3926
processed_data_cleaned\test\A2\A2.21.Cons-Mus_18_patch_2_5.jpg,A2,A1,0.6801
processed_data_cleaned\test\A2\A2.21.Cons-Mus_18_patch_3_1.jpg,A2,A1,0.9758
processed_data_cleaned\test\A2\A2.21.Cons-Mus_18_patch_3_2.jpg,A2,A1,0.9886
processed_data_cleaned\test\A2\A2.21.Cons-Mus_18_patch_3_3.jpg,A2,A1,0.9767
processed_data_cleaned\test\A2\A2.21.Cons-Mus_18_patch_3_5.jpg,A2,A1,0.9943
processed_data_cleaned\test\A2\A2.21.Cons-Mus_20_patch_0_0.jpg,A2,B2,0.8717
processed_data_cleaned\test\A2\A2.21.Cons-Mus_20_patch_0_1.jpg,A2,B1,0.6245
processed_data_cleaned\test\A2\A2.21.Cons-Mus_20_patch_0_2.jpg,A2,B1,0.6668
processed_data_cleaned\test\A2\A2.21.Cons-Mus_20_patch_0_3.jpg,A2,B2,0.5457
processed_data_cleaned\test\A2\A2.21.Cons-Mus_20_patch_0_4.jpg,A2,A1,0.9556
processed_data_cleaned\test\A2\A2.21.Cons-Mus_20_patch_0_5.jpg,A2,A1,0.9908
processed_data_cleaned\test\A2\A2.21.Cons-Mus_20_patch_1_2.jpg,A2,B2,0.9795
processed_data_cleaned\test\A2\A2.21.Cons-Mus_20_patch_1_3.jpg,A2,A1,0.9533
processed_data_cleaned\test\A2\A2.21.Cons-Mus_20_patch_2_1.jpg,A2,A1,0.9669
processed_data_cleaned\test\A2\A2.21.Cons-Mus_20_patch_2_2.jpg,A2,A1,0.5969
processed_data_cleaned\test\A2\A2.21.Cons-Mus_20_patch_2_3.jpg,A2,A1,0.7926
processed_data_cleaned\test\A2\A2.21.Cons-Mus_20_patch_2_4.jpg,A2,A1,0.7514
processed_data_cleaned\test\A2\A2.21.Cons-Mus_20_patch_3_0.jpg,A2,A1,0.5068
processed_data_cleaned\test\A2\A2.21.Cons-Mus_20_patch_3_2.jpg,A2,A1,0.7089
processed_data_cleaned\test\A2\A2.21.Cons-Mus_22_patch_0_0.jpg,A2,A1,0.4053
processed_data_cleaned\test\A2\A2.21.Cons-Mus_22_patch_0_1.jpg,A2,B1,0.7733
processed_data_cleaned\test\A2\A2.21.Cons-Mus_22_patch_1_1.jpg,A2,B1,0.8813
processed_data_cleaned\test\A2\A2.21.Cons-Mus_22_patch_1_2.jpg,A2,A1,0.6948
processed_data_cleaned\test\A2\A2.21.Cons-Mus_22_patch_1_5.jpg,A2,A1,0.6283
processed_data_cleaned\test\A2\A2.21.Cons-Mus_22_patch_2_2.jpg,A2,B1,0.7525
processed_data_cleaned\test\A2\A2.21.Cons-Mus_22_patch_3_4.jpg,A2,A1,0.8751
processed_data_cleaned\test\A2\A2.21.Cons-Mus_23_patch_0_0.jpg,A2,A1,0.7589
processed_data_cleaned\test\A2\A2.21.Cons-Mus_23_patch_0_5.jpg,A2,A1,0.8479
processed_data_cleaned\test\A2\A2.21.Cons-Mus_23_patch_1_0.jpg,A2,A1,0.9797
processed_data_cleaned\test\A2\A2.21.Cons-Mus_23_patch_1_1.jpg,A2,B1,0.3803
processed_data_cleaned\test\A2\A2.21.Cons-Mus_23_patch_2_0.jpg,A2,A1,0.7993
processed_data_cleaned\test\A2\A2.21.Cons-Mus_23_patch_2_1.jpg,A2,B1,0.7579
processed_data_cleaned\test\A2\A2.21.Cons-Mus_23_patch_2_2.jpg,A2,B1,0.3531
processed_data_cleaned\test\A2\A2.21.Cons-Mus_23_patch_2_3.jpg,A2,A1,0.4745
processed_data_cleaned\test\A2\A2.21.Cons-Mus_23_patch_2_4.jpg,A2,A1,0.9756
processed_data_cleaned\test\A2\A2.21.Cons-Mus_23_patch_3_2.jpg,A2,A1,0.8602
processed_data_cleaned\test\A2\A2.21.Cons-Mus_23_patch_3_5.jpg,A2,A1,0.9551
processed_data_cleaned\test\A2\A2.21.Cons-Mus_24_patch_0_0.jpg,A2,A1,0.7629
processed_data_cleaned\test\A2\A2.21.Cons-Mus_24_patch_0_3.jpg,A2,A1,0.9268
processed_data_cleaned\test\A2\A2.21.Cons-Mus_24_patch_0_4.jpg,A2,A1,0.8172
processed_data_cleaned\test\A2\A2.21.Cons-Mus_24_patch_1_0.jpg,A2,B1,0.4773
processed_data_cleaned\test\A2\A2.21.Cons-Mus_24_patch_3_0.jpg,A2,A1,0.7002
processed_data_cleaned\test\A2\A2.21.Cons-Mus_24_patch_3_2.jpg,A2,A1,0.959
processed_data_cleaned\test\A2\A2.21.Cons-Mus_24_patch_3_4.jpg,A2,A1,0.785
processed_data_cleaned\test\A2\A2.21.Cons-Mus_25_patch_0_1.jpg,A2,A1,0.9763
processed_data_cleaned\test\A2\A2.21.Cons-Mus_25_patch_0_2.jpg,A2,A1,0.9433
processed_data_cleaned\test\A2\A2.21.Cons-Mus_25_patch_3_4.jpg,A2,A1,0.8327
processed_data_cleaned\test\A2\A2.21.Cons-Mus_26_patch_1_3.jpg,A2,A1,0.9945
processed_data_cleaned\test\A2\A2.21.Cons-Mus_26_patch_3_0.jpg,A2,A1,0.9913
processed_data_cleaned\test\A2\A2.21.Cons-Mus_26_patch_3_2.jpg,A2,A1,0.905
processed_data_cleaned\test\A2\A2.21.Cons-Mus_26_patch_3_3.jpg,A2,A1,0.524
processed_data_cleaned\test\A2\A2.21.Cons-Mus_26_patch_3_4.jpg,A2,A1,0.9441
processed_data_cleaned\test\A2\A2.21.Cons-Mus_26_patch_3_5.jpg,A2,A1,0.9864
processed_data_cleaned\test\A2\A2.21.Cons-Mus_27_patch_0_3.jpg,A2,A1,0.9867
processed_data_cleaned\test\A2\A2.21.Cons-Mus_27_patch_1_3.jpg,A2,A1,0.5223
processed_data_cleaned\test\A2\A2.21.Cons-Mus_27_patch_2_1.jpg,A2,A1,0.9369
processed_data_cleaned\test\A2\A2.21.Cons-Mus_27_patch_2_3.jpg,A2,A1,0.9074
processed_data_cleaned\test\A2\A2.21.Cons-Mus_27_patch_3_2.jpg,A2,A1,0.8915
processed_data_cleaned\test\A2\A2.21.Cons-Mus_27_patch_3_4.jpg,A2,B1,0.4629
processed_data_cleaned\test\A2\A2.21.Cons-Mus_27_patch_3_5.jpg,A2,A1,0.8167
processed_data_cleaned\test\A2\A2.21.Cons-Mus_29_patch_1_2.jpg,A2,A1,0.9826
processed_data_cleaned\test\A2\A2.21.Cons-Mus_29_patch_3_5.jpg,A2,A1,0.7545
processed_data_cleaned\test\A2\A2.21.Cons-Mus_30_patch_0_3.jpg,A2,B2,0.5698
processed_data_cleaned\test\A2\A2.21.Cons-Mus_30_patch_2_0.jpg,A2,B1,0.6673
processed_data_cleaned\test\A2\A2.21.Cons-Mus_30_patch_2_1.jpg,A2,A1,0.981
processed_data_cleaned\test\A2\A2.21.Cons-Mus_30_patch_3_3.jpg,A2,A1,0.8237
processed_data_cleaned\test\A2\A2.21.Cons-Mus_31_patch_0_3.jpg,A2,A1,0.4277
processed_data_cleaned\test\A2\A2.21.Cons-Mus_31_patch_1_0.jpg,A2,B1,0.6962
processed_data_cleaned\test\A2\A2.21.Cons-Mus_31_patch_2_1.jpg,A2,A1,0.9804
processed_data_cleaned\test\A2\A2.21.Cons-Mus_31_patch_3_3.jpg,A2,A1,0.5738
processed_data_cleaned\test\A2\A2.21.Cons-Mus_33_patch_0_3.jpg,A2,A1,0.5384
processed_data_cleaned\test\A2\A2.21.Cons-Mus_33_patch_1_2.jpg,A2,A1,0.7571
processed_data_cleaned\test\A2\A2.21.Cons-Mus_33_patch_3_0.jpg,A2,B2,0.4968
processed_data_cleaned\test\A2\A2.21.Cons-Mus_33_patch_3_5.jpg,A2,A1,0.3945
processed_data_cleaned\test\A2\A2.21.Cons-Mus_34_patch_0_0.jpg,A2,A1,0.7457
processed_data_cleaned\test\A2\A2.21.Cons-Mus_34_patch_0_1.jpg,A2,B1,0.6808
processed_data_cleaned\test\A2\A2.21.Cons-Mus_34_patch_0_4.jpg,A2,A1,0.6191
processed_data_cleaned\test\A2\A2.21.Cons-Mus_34_patch_1_0.jpg,A2,B1,0.787
processed_data_cleaned\test\A2\A2.21.Cons-Mus_34_patch_1_1.jpg,A2,A1,0.6145
processed_data_cleaned\test\A2\A2.21.Cons-Mus_34_patch_2_2.jpg,A2,A1,0.7275
processed_data_cleaned\test\A2\A2.21.Cons-Mus_34_patch_3_0.jpg,A2,B2,0.6508
processed_data_cleaned\test\A2\A2.21.Cons-Mus_34_patch_3_1.jpg,A2,B1,0.5039
processed_data_cleaned\test\A2\A2.21.Cons-Mus_34_patch_3_2.jpg,A2,B2,0.9463
processed_data_cleaned\test\A2\A2.21.Cons-Mus_34_patch_3_5.jpg,A2,A1,0.9174
processed_data_cleaned\test\A2\A2.21.Cons-Mus_35_patch_0_0.jpg,A2,A1,0.9979
processed_data_cleaned\test\A2\A2.21.Cons-Mus_35_patch_0_2.jpg,A2,A1,0.9109
processed_data_cleaned\test\A2\A2.21.Cons-Mus_35_patch_1_4.jpg,A2,A1,0.9958
processed_data_cleaned\test\A2\A2.21.Cons-Mus_35_patch_1_5.jpg,A2,A1,0.6694
processed_data_cleaned\test\A2\A2.21.Cons-Mus_35_patch_2_3.jpg,A2,A1,0.9995
processed_data_cleaned\test\A2\A2.21.Cons-Mus_35_patch_3_1.jpg,A2,A1,0.8362
processed_data_cleaned\test\A2\A2.21.Cons-Mus_36_patch_0_4.jpg,A2,A1,0.5719
processed_data_cleaned\test\A2\A2.21.Cons-Mus_36_patch_1_4.jpg,A2,A1,0.4442
processed_data_cleaned\test\A2\A2.21.Cons-Mus_36_patch_2_1.jpg,A2,A1,0.6374
processed_data_cleaned\test\A2\A2.21.Cons-Mus_36_patch_2_4.jpg,A2,A1,0.5228
processed_data_cleaned\test\A2\A2.21.Cons-Mus_36_patch_2_5.jpg,A2,B1,0.3652
processed_data_cleaned\test\A2\A2.21.Cons-Mus_36_patch_3_4.jpg,A2,B2,0.4008
processed_data_cleaned\test\A2\A2.21.Cons-Mus_37_patch_1_2.jpg,A2,B2,0.5546
processed_data_cleaned\test\A2\A2.21.Cons-Mus_37_patch_2_2.jpg,A2,A1,0.755
processed_data_cleaned\test\A2\A2.21.Cons-Mus_38_patch_1_2.jpg,A2,B2,0.9667
processed_data_cleaned\test\A2\A2.21.Cons-Mus_39_patch_0_0.jpg,A2,B2,0.4599
processed_data_cleaned\test\A2\A2.21.Cons-Mus_39_patch_0_5.jpg,A2,B2,0.4148
processed_data_cleaned\test\A2\A2.21.Cons-Mus_39_patch_1_0.jpg,A2,B2,0.9553
processed_data_cleaned\test\A2\A2.21.Cons-Mus_39_patch_1_5.jpg,A2,A1,0.6907
processed_data_cleaned\test\A2\A2.21.Cons-Mus_39_patch_2_0.jpg,A2,B2,0.902
processed_data_cleaned\test\A2\A2.21.Cons-Mus_39_patch_2_1.jpg,A2,B2,0.4574
processed_data_cleaned\test\A2\A2.21.Cons-Mus_39_patch_2_2.jpg,A2,A1,0.984
processed_data_cleaned\test\A2\A2.21.Cons-Mus_39_patch_2_3.jpg,A2,B1,0.9209
processed_data_cleaned\test\A2\A2.21.Cons-Mus_39_patch_3_1.jpg,A2,A1,0.6769
processed_data_cleaned\test\A2\A2.21.Cons-Mus_39_patch_3_2.jpg,A2,A1,0.8792
processed_data_cleaned\test\A2\A2.21.Cons-Mus_39_patch_3_3.jpg,A2,A1,0.8427
processed_data_cleaned\test\A2\A2.21.Cons-Mus_39_patch_3_4.jpg,A2,A1,0.9856
processed_data_cleaned\test\A2\A2.21.Cons-Mus_40_patch_0_0.jpg,A2,A1,0.4712
processed_data_cleaned\test\A2\A2.21.Cons-Mus_40_patch_0_4.jpg,A2,B1,0.4471
processed_data_cleaned\test\A2\A2.21.Cons-Mus_40_patch_0_5.jpg,A2,B1,0.4508
processed_data_cleaned\test\A2\A2.21.Cons-Mus_40_patch_1_3.jpg,A2,B2,0.655
processed_data_cleaned\test\A2\A2.21.Cons-Mus_40_patch_2_1.jpg,A2,A1,0.8504
processed_data_cleaned\test\A2\A2.21.Cons-Mus_40_patch_2_2.jpg,A2,A1,0.9752
processed_data_cleaned\test\A2\A2.21.Cons-Mus_40_patch_2_3.jpg,A2,A1,0.5461
processed_data_cleaned\test\A2\A2.21.Cons-Mus_41_patch_1_1.jpg,A2,B2,0.8718
processed_data_cleaned\test\A2\A2.21.Cons-Mus_41_patch_1_2.jpg,A2,B1,0.776
processed_data_cleaned\test\A2\A2.21.Cons-Mus_41_patch_1_5.jpg,A2,A1,0.7791
processed_data_cleaned\test\A2\A2.21.Cons-Mus_41_patch_2_0.jpg,A2,B2,0.4632
processed_data_cleaned\test\A2\A2.21.Cons-Mus_41_patch_2_1.jpg,A2,B2,0.5906
processed_data_cleaned\test\A2\A2.21.Cons-Mus_41_patch_3_4.jpg,A2,A1,0.6278
processed_data_cleaned\test\A2\A2.21.Cons-Mus_42_patch_0_4.jpg,A2,B1,0.4809
processed_data_cleaned\test\A2\A2.21.Cons-Mus_42_patch_0_5.jpg,A2,B2,0.3895
processed_data_cleaned\test\A2\A2.21.Cons-Mus_42_patch_1_5.jpg,A2,A1,0.7074
processed_data_cleaned\test\A2\A2.21.Cons-Mus_42_patch_2_1.jpg,A2,A1,0.939
processed_data_cleaned\test\A2\A2.21.Cons-Mus_42_patch_2_2.jpg,A2,B2,0.4949
processed_data_cleaned\test\A2\A2.21.Cons-Mus_42_patch_2_4.jpg,A2,B1,0.8208
processed_data_cleaned\test\A2\A2.21.Cons-Mus_44_patch_0_3.jpg,A2,A1,0.7413
processed_data_cleaned\test\A2\A2.21.Cons-Mus_44_patch_1_2.jpg,A2,A1,0.7747
processed_data_cleaned\test\A2\A2.21.Cons-Mus_44_patch_2_1.jpg,A2,A1,0.9943
processed_data_cleaned\test\A2\A2.21.Cons-Mus_44_patch_2_4.jpg,A2,A1,0.9576
processed_data_cleaned\test\A2\A2.21.Cons-Mus_44_patch_3_2.jpg,A2,B2,0.4845
processed_data_cleaned\test\A2\A2.21.Cons-Mus_45_patch_0_4.jpg,A2,A1,0.9947
processed_data_cleaned\test\A2\A2.21.Cons-Mus_45_patch_1_5.jpg,A2,A1,0.7885
processed_data_cleaned\test\A2\A2.21.Cons-Mus_45_patch_3_1.jpg,A2,B1,0.8616
processed_data_cleaned\test\A2\A2.21.Cons-Mus_46_patch_0_4.jpg,A2,A1,0.6927
processed_data_cleaned\test\A2\A2.21.Cons-Mus_46_patch_1_0.jpg,A2,A1,0.9982
processed_data_cleaned\test\A2\A2.21.Cons-Mus_46_patch_1_4.jpg,A2,A1,0.9848
processed_data_cleaned\test\A2\A2.21.Cons-Mus_46_patch_2_2.jpg,A2,A1,0.9934
processed_data_cleaned\test\A2\A2.21.Cons-Mus_46_patch_2_3.jpg,A2,A1,0.9982
processed_data_cleaned\test\A2\A2.21.Cons-Mus_46_patch_2_4.jpg,A2,A1,0.9737
processed_data_cleaned\test\A2\A2.21.Cons-Mus_46_patch_3_2.jpg,A2,B1,0.4616
processed_data_cleaned\test\A2\A2.21.Cons-Mus_46_patch_3_3.jpg,A2,B1,0.5217
processed_data_cleaned\test\A2\A2.21.Cons-Mus_47_patch_0_0.jpg,A2,B2,0.6537
processed_data_cleaned\test\A2\A2.21.Cons-Mus_47_patch_0_5.jpg,A2,A1,0.7854
processed_data_cleaned\test\A2\A2.21.Cons-Mus_47_patch_2_5.jpg,A2,A1,0.9975
processed_data_cleaned\test\A2\A2.21.Cons-Mus_47_patch_3_0.jpg,A2,B1,0.8182
processed_data_cleaned\test\A2\A2.21.Cons-Mus_47_patch_3_5.jpg,A2,A1,0.7115
processed_data_cleaned\test\A2\A2.21.Cons-Mus_48_patch_2_2.jpg,A2,A1,0.861
processed_data_cleaned\test\A2\A2.21.Cons-Mus_48_patch_2_3.jpg,A2,A1,0.7819
processed_data_cleaned\test\A2\A2.21.Cons-Mus_48_patch_3_0.jpg,A2,A1,0.6771
processed_data_cleaned\test\A2\A2.21.Cons-Mus_48_patch_3_1.jpg,A2,A1,0.6279
processed_data_cleaned\test\A2\A2.21.Cons-Mus_48_patch_3_2.jpg,A2,B2,0.5183
processed_data_cleaned\test\A2\A2.21.Cons-Mus_48_patch_3_4.jpg,A2,A1,0.7254
processed_data_cleaned\test\A2\A2.21.Cons-Mus_49_patch_0_0.jpg,A2,A1,0.9975
processed_data_cleaned\test\A2\A2.21.Cons-Mus_49_patch_0_1.jpg,A2,A1,0.9984
processed_data_cleaned\test\A2\A2.21.Cons-Mus_49_patch_0_2.jpg,A2,A1,0.9508
processed_data_cleaned\test\A2\A2.21.Cons-Mus_49_patch_0_5.jpg,A2,A1,0.7901
processed_data_cleaned\test\A2\A2.21.Cons-Mus_49_patch_1_1.jpg,A2,B2,0.8224
processed_data_cleaned\test\A2\A2.21.Cons-Mus_49_patch_2_0.jpg,A2,A1,0.9481
processed_data_cleaned\test\A2\A2.21.Cons-Mus_49_patch_3_0.jpg,A2,A1,0.9883
processed_data_cleaned\test\A2\A2.21.Cons-Mus_50_patch_0_1.jpg,A2,B2,0.7909
processed_data_cleaned\test\A2\A2.21.Cons-Mus_50_patch_0_2.jpg,A2,A1,0.5016
processed_data_cleaned\test\A2\A2.21.Cons-Mus_50_patch_0_3.jpg,A2,A1,0.9705
processed_data_cleaned\test\A2\A2.21.Cons-Mus_50_patch_0_4.jpg,A2,A1,0.9462
processed_data_cleaned\test\A2\A2.21.Cons-Mus_50_patch_1_3.jpg,A2,A1,0.885
processed_data_cleaned\test\A2\A2.21.Cons-Mus_50_patch_1_4.jpg,A2,A1,0.7668
processed_data_cleaned\test\A2\A2.21.Cons-Mus_50_patch_2_1.jpg,A2,A1,0.8532
processed_data_cleaned\test\A2\A2.21.Cons-Mus_50_patch_2_2.jpg,A2,A1,0.7979
processed_data_cleaned\test\A2\A2.21.Cons-Mus_50_patch_2_3.jpg,A2,A1,0.8041
processed_data_cleaned\test\A2\A2.21.Cons-Mus_50_patch_2_4.jpg,A2,A1,0.867
processed_data_cleaned\test\A2\A2.21.Cons-Mus_50_patch_3_1.jpg,A2,A1,0.885
processed_data_cleaned\test\A2\A2.21.Cons-Mus_50_patch_3_2.jpg,A2,B1,0.8083
processed_data_cleaned\test\A2\A2.21.Cons-Mus_50_patch_3_4.jpg,A2,A1,0.9941
processed_data_cleaned\test\A2\A2.21.Cons-Mus_51_patch_1_1.jpg,A2,A1,0.6674
processed_data_cleaned\test\A2\A2.21.Cons-Mus_51_patch_1_4.jpg,A2,A1,0.5419
processed_data_cleaned\test\A2\A2.21.Cons-Mus_51_patch_2_1.jpg,A2,A1,0.9406
processed_data_cleaned\test\A2\A2.21.Cons-Mus_51_patch_2_2.jpg,A2,A1,0.705
processed_data_cleaned\test\A2\A2.21.Cons-Mus_51_patch_3_2.jpg,A2,A1,0.6945
processed_data_cleaned\test\A2\A2.21.Cons-Mus_51_patch_3_3.jpg,A2,A1,0.9726
processed_data_cleaned\test\A2\A2.21.Cons-Mus_52_patch_0_1.jpg,A2,B2,0.966
processed_data_cleaned\test\A2\A2.21.Cons-Mus_52_patch_1_0.jpg,A2,B2,0.8161
processed_data_cleaned\test\A2\A2.21.Cons-Mus_52_patch_1_3.jpg,A2,A1,0.4327
processed_data_cleaned\test\A2\A2.21.Cons-Mus_52_patch_1_5.jpg,A2,A1,0.5611
processed_data_cleaned\test\A2\A2.21.Cons-Mus_52_patch_2_0.jpg,A2,B2,0.9309
processed_data_cleaned\test\A2\A2.21.Cons-Mus_52_patch_2_4.jpg,A2,A1,0.8078
processed_data_cleaned\test\A2\A2.21.Cons-Mus_52_patch_2_5.jpg,A2,B1,0.4607
processed_data_cleaned\test\A2\A2.21.Cons-Mus_52_patch_3_0.jpg,A2,B2,0.8157
processed_data_cleaned\test\A2\A2.21.Cons-Mus_53_patch_0_4.jpg,A2,B2,0.6811
processed_data_cleaned\test\A2\A2.21.Cons-Mus_53_patch_3_1.jpg,A2,B2,0.5063
processed_data_cleaned\test\A2\A2.21.Cons-Mus_55_patch_0_1.jpg,A2,A1,0.8668
processed_data_cleaned\test\A2\A2.21.Cons-Mus_55_patch_1_0.jpg,A2,B1,0.8435
processed_data_cleaned\test\A2\A2.21.Cons-Mus_55_patch_1_1.jpg,A2,A1,0.98
processed_data_cleaned\test\A2\A2.21.Cons-Mus_55_patch_1_4.jpg,A2,A1,0.9862
processed_data_cleaned\test\A2\A2.21.Cons-Mus_55_patch_2_3.jpg,A2,A1,0.6359
processed_data_cleaned\test\A2\A2.21.Cons-Mus_55_patch_3_2.jpg,A2,B2,0.6847
processed_data_cleaned\test\A2\A2.21.Cons-Mus_55_patch_3_3.jpg,A2,B2,0.8567
processed_data_cleaned\test\A2\A2.21.Cons-Mus_56_patch_0_1.jpg,A2,B2,0.4902
processed_data_cleaned\test\A2\A2.21.Cons-Mus_56_patch_1_0.jpg,A2,B1,0.5543
processed_data_cleaned\test\A2\A2.21.Cons-Mus_56_patch_2_0.jpg,A2,A1,0.4237
processed_data_cleaned\test\A2\A2.21.Cons-Mus_56_patch_2_1.jpg,A2,A1,0.8519
processed_data_cleaned\test\A2\A2.21.Cons-Mus_56_patch_2_2.jpg,A2,A1,0.6827
processed_data_cleaned\test\A2\A2.21.Cons-Mus_56_patch_2_3.jpg,A2,A1,0.8427
processed_data_cleaned\test\A2\A2.21.Cons-Mus_56_patch_2_5.jpg,A2,A1,0.9994
processed_data_cleaned\test\A2\A2.21.Cons-Mus_56_patch_3_1.jpg,A2,B1,0.7239
processed_data_cleaned\test\A2\A2.21.Cons-Mus_57_patch_1_2.jpg,A2,A1,0.9768
processed_data_cleaned\test\A2\A2.21.Cons-Mus_57_patch_1_3.jpg,A2,A1,0.5443
processed_data_cleaned\test\A2\A2.21.Cons-Mus_57_patch_2_2.jpg,A2,A1,0.6789
processed_data_cleaned\test\A2\A2.21.Cons-Mus_57_patch_2_3.jpg,A2,A1,0.7175
processed_data_cleaned\test\A2\A2.21.Cons-Mus_57_patch_3_1.jpg,A2,A1,0.5517
processed_data_cleaned\test\A2\A2.21.Cons-Mus_57_patch_3_2.jpg,A2,B1,0.5064
processed_data_cleaned\test\A2\A2.21.Cons-Mus_57_patch_3_3.jpg,A2,A1,0.8525
processed_data_cleaned\test\A2\A2.21.Cons-Mus_57_patch_3_4.jpg,A2,A1,0.5529
processed_data_cleaned\test\A2\A2.21.Cons-Mus_58_patch_0_3.jpg,A2,B2,0.6541
processed_data_cleaned\test\A2\A2.21.Cons-Mus_58_patch_1_3.jpg,A2,B2,0.8181
processed_data_cleaned\test\A2\A2.21.Cons-Mus_58_patch_2_2.jpg,A2,A1,0.8458
processed_data_cleaned\test\A2\A2.21.Cons-Mus_58_patch_2_3.jpg,A2,A1,0.6279
processed_data_cleaned\test\A2\A2.21.Cons-Mus_58_patch_3_2.jpg,A2,A1,0.9219
processed_data_cleaned\test\A2\A2.21.Cons-Mus_58_patch_3_3.jpg,A2,A1,0.8996
processed_data_cleaned\test\A2\A2.21.Cons-Mus_59_patch_0_3.jpg,A2,B2,0.7949
processed_data_cleaned\test\A2\A2.21.Cons-Mus_59_patch_1_1.jpg,A2,B1,0.6313
processed_data_cleaned\test\A2\A2.21.Cons-Mus_59_patch_1_3.jpg,A2,B2,0.5023
processed_data_cleaned\test\A2\A2.21.Cons-Mus_59_patch_2_2.jpg,A2,A1,0.7705
processed_data_cleaned\test\A2\A2.21.Cons-Mus_59_patch_2_3.jpg,A2,A1,0.8328
processed_data_cleaned\test\A2\A2.21.Cons-Mus_59_patch_3_2.jpg,A2,A1,0.8271
processed_data_cleaned\test\A2\A2.21.Cons-Mus_59_patch_3_3.jpg,A2,A1,0.5971
processed_data_cleaned\test\A2\A2.21.Cons-Mus_60_patch_0_2.jpg,A2,B1,0.5662
processed_data_cleaned\test\A2\A2.21.Cons-Mus_60_patch_0_3.jpg,A2,B1,0.5762
processed_data_cleaned\test\A2\A2.21.Cons-Mus_60_patch_0_4.jpg,A2,A1,0.9168
processed_data_cleaned\test\A2\A2.21.Cons-Mus_60_patch_1_2.jpg,A2,A1,0.5587
processed_data_cleaned\test\A2\A2.21.Cons-Mus_60_patch_1_4.jpg,A2,A1,0.533
processed_data_cleaned\test\A2\A2.21.Cons-Mus_60_patch_1_5.jpg,A2,B2,0.7787
processed_data_cleaned\test\A2\A2.21.Cons-Mus_60_patch_2_0.jpg,A2,B1,0.9499
processed_data_cleaned\test\A2\A2.21.Cons-Mus_60_patch_2_2.jpg,A2,B2,0.7424
processed_data_cleaned\test\A2\A2.21.Cons-Mus_60_patch_2_3.jpg,A2,B1,0.8196
processed_data_cleaned\test\A2\A2.21.Cons-Mus_60_patch_2_5.jpg,A2,B2,0.5655
processed_data_cleaned\test\A2\A2.21.Cons-Mus_60_patch_3_5.jpg,A2,A1,0.4946
processed_data_cleaned\test\A2\A2.21.Cons-Mus_61_patch_0_2.jpg,A2,A1,0.9013
processed_data_cleaned\test\A2\A2.21.Cons-Mus_61_patch_0_3.jpg,A2,A1,0.9971
processed_data_cleaned\test\A2\A2.21.Cons-Mus_62_patch_0_0.jpg,A2,A1,0.5889
processed_data_cleaned\test\A2\A2.21.Cons-Mus_62_patch_0_2.jpg,A2,A1,0.7337
processed_data_cleaned\test\A2\A2.21.Cons-Mus_62_patch_0_4.jpg,A2,A1,0.9891
processed_data_cleaned\test\A2\A2.21.Cons-Mus_62_patch_1_0.jpg,A2,B1,0.7449
processed_data_cleaned\test\A2\A2.21.Cons-Mus_62_patch_1_1.jpg,A2,B2,0.5398
processed_data_cleaned\test\A2\A2.21.Cons-Mus_62_patch_1_2.jpg,A2,A1,0.6118
processed_data_cleaned\test\A2\A2.21.Cons-Mus_62_patch_1_4.jpg,A2,A1,0.9945
processed_data_cleaned\test\A2\A2.21.Cons-Mus_62_patch_3_0.jpg,A2,B1,0.6662
processed_data_cleaned\test\A2\A2.21.Cons-Mus_63_patch_1_2.jpg,A2,A1,1.0
processed_data_cleaned\test\A2\A2.21.Cons-Mus_63_patch_1_3.jpg,A2,A1,1.0
processed_data_cleaned\test\A2\A2.21.Cons-Mus_63_patch_2_2.jpg,A2,A1,0.9923
processed_data_cleaned\test\A2\A2.21.Cons-Mus_63_patch_2_3.jpg,A2,A1,0.9132
processed_data_cleaned\test\A2\A2.21.Cons-Mus_63_patch_3_1.jpg,A2,A1,0.6527
processed_data_cleaned\test\A2\A2.21.Cons-Mus_63_patch_3_4.jpg,A2,B1,0.7351
processed_data_cleaned\test\A2\A2.21.Cons-Mus_64_patch_0_1.jpg,A2,A1,0.6828
processed_data_cleaned\test\A2\A2.21.Cons-Mus_64_patch_1_1.jpg,A2,A1,0.7752
processed_data_cleaned\test\A2\A2.21.Cons-Mus_64_patch_1_3.jpg,A2,A1,0.9979
processed_data_cleaned\test\A2\A2.21.Cons-Mus_64_patch_1_4.jpg,A2,A1,0.9149
processed_data_cleaned\test\A2\A2.21.Cons-Mus_64_patch_2_1.jpg,A2,A1,0.6584
processed_data_cleaned\test\A2\A2.21.Cons-Mus_64_patch_2_2.jpg,A2,A1,0.9862
processed_data_cleaned\test\A2\A2.21.Cons-Mus_64_patch_2_3.jpg,A2,A1,0.9011
processed_data_cleaned\test\A2\A2.21.Cons-Mus_64_patch_3_1.jpg,A2,B1,0.6081
processed_data_cleaned\test\A2\A2.21.Cons-Mus_64_patch_3_2.jpg,A2,B1,0.7436
processed_data_cleaned\test\A2\A2.21.Cons-Mus_64_patch_3_3.jpg,A2,A1,0.9818
processed_data_cleaned\test\B1\B1.13.VOH-Rad_01_patch_1_1.jpg,B1,B2,0.8899
processed_data_cleaned\test\B1\B1.13.VOH-Rad_01_patch_2_1.jpg,B1,A1,0.9401
processed_data_cleaned\test\B1\B1.13.VOH-Rad_01_patch_2_2.jpg,B1,B2,0.3892
processed_data_cleaned\test\B1\B1.13.VOH-Rad_01_patch_2_3.jpg,B1,B2,0.734
processed_data_cleaned\test\B1\B1.13.VOH-Rad_01_patch_2_4.jpg,B1,B2,0.9973
processed_data_cleaned\test\B1\B1.13.VOH-Rad_01_patch_3_3.jpg,B1,A1,0.8584
processed_data_cleaned\test\B1\B1.13.VOH-Rad_02_patch_2_0.jpg,B1,A1,0.603
processed_data_cleaned\test\B1\B1.13.VOH-Rad_02_patch_2_1.jpg,B1,A1,0.636
processed_data_cleaned\test\B1\B1.13.VOH-Rad_02_patch_2_4.jpg,B1,B2,0.9746
processed_data_cleaned\test\B1\B1.13.VOH-Rad_02_patch_3_3.jpg,B1,A1,0.4829
processed_data_cleaned\test\B1\B1.13.VOH-Rad_02_patch_3_4.jpg,B1,B2,0.6001
processed_data_cleaned\test\B1\B1.13.VOH-Rad_03_patch_1_0.jpg,B1,B2,0.4912
processed_data_cleaned\test\B1\B1.13.VOH-Rad_03_patch_1_4.jpg,B1,A2,0.4719
processed_data_cleaned\test\B1\B1.13.VOH-Rad_03_patch_2_4.jpg,B1,A1,0.6059
processed_data_cleaned\test\B1\B1.13.VOH-Rad_03_patch_3_0.jpg,B1,A2,0.9803
processed_data_cleaned\test\B1\B1.13.VOH-Rad_03_patch_3_1.jpg,B1,A2,0.9693
processed_data_cleaned\test\B1\B1.13.VOH-Rad_03_patch_3_2.jpg,B1,B2,0.8881
processed_data_cleaned\test\B1\B1.13.VOH-Rad_03_patch_3_3.jpg,B1,B2,0.5496
processed_data_cleaned\test\B1\B1.13.VOH-Rad_04_patch_0_5.jpg,B1,A2,0.6386
processed_data_cleaned\test\B1\B1.13.VOH-Rad_04_patch_1_0.jpg,B1,B2,0.4956
processed_data_cleaned\test\B1\B1.13.VOH-Rad_04_patch_1_4.jpg,B1,A2,0.673
processed_data_cleaned\test\B1\B1.13.VOH-Rad_04_patch_2_3.jpg,B1,B2,0.7248
processed_data_cleaned\test\B1\B1.13.VOH-Rad_04_patch_3_0.jpg,B1,A2,0.8051
processed_data_cleaned\test\B1\B1.13.VOH-Rad_04_patch_3_1.jpg,B1,A2,0.5206
processed_data_cleaned\test\B1\B1.13.VOH-Rad_04_patch_3_4.jpg,B1,B2,0.7807
processed_data_cleaned\test\B1\B1.13.VOH-Rad_05_patch_0_1.jpg,B1,A1,0.8114
processed_data_cleaned\test\B1\B1.13.VOH-Rad_05_patch_0_2.jpg,B1,A1,0.6138
processed_data_cleaned\test\B1\B1.13.VOH-Rad_05_patch_2_5.jpg,B1,B2,0.5791
processed_data_cleaned\test\B1\B1.13.VOH-Rad_05_patch_3_1.jpg,B1,A2,0.5954
processed_data_cleaned\test\B1\B1.13.VOH-Rad_05_patch_3_2.jpg,B1,B2,0.4415
processed_data_cleaned\test\B1\B1.13.VOH-Rad_05_patch_3_5.jpg,B1,B2,0.9634
processed_data_cleaned\test\B1\B1.13.VOH-Rad_06_patch_0_3.jpg,B1,A1,0.4051
processed_data_cleaned\test\B1\B1.13.VOH-Rad_06_patch_1_2.jpg,B1,B2,0.5603
processed_data_cleaned\test\B1\B1.13.VOH-Rad_06_patch_1_3.jpg,B1,B2,0.4569
processed_data_cleaned\test\B1\B1.13.VOH-Rad_06_patch_1_4.jpg,B1,B2,0.7301
processed_data_cleaned\test\B1\B1.13.VOH-Rad_06_patch_2_2.jpg,B1,A1,0.6312
processed_data_cleaned\test\B1\B1.13.VOH-Rad_06_patch_3_0.jpg,B1,A1,0.4533
processed_data_cleaned\test\B1\B1.13.VOH-Rad_06_patch_3_1.jpg,B1,A1,0.813
processed_data_cleaned\test\B1\B1.13.VOH-Rad_06_patch_3_3.jpg,B1,B2,0.5756
processed_data_cleaned\test\B1\B1.13.VOH-Rad_07_patch_0_2.jpg,B1,A1,0.7188
processed_data_cleaned\test\B1\B1.13.VOH-Rad_07_patch_0_3.jpg,B1,A1,0.6064
processed_data_cleaned\test\B1\B1.13.VOH-Rad_07_patch_0_4.jpg,B1,B2,0.4535
processed_data_cleaned\test\B1\B1.13.VOH-Rad_07_patch_1_2.jpg,B1,B2,0.7096
processed_data_cleaned\test\B1\B1.13.VOH-Rad_07_patch_1_3.jpg,B1,B2,0.625
processed_data_cleaned\test\B1\B1.13.VOH-Rad_07_patch_2_0.jpg,B1,A2,0.3841
processed_data_cleaned\test\B1\B1.13.VOH-Rad_07_patch_2_1.jpg,B1,B2,0.502
processed_data_cleaned\test\B1\B1.13.VOH-Rad_07_patch_2_2.jpg,B1,B2,0.9295
processed_data_cleaned\test\B1\B1.13.VOH-Rad_07_patch_3_0.jpg,B1,A1,0.836
processed_data_cleaned\test\B1\B1.13.VOH-Rad_07_patch_3_1.jpg,B1,A1,0.7309
processed_data_cleaned\test\B1\B1.13.VOH-Rad_07_patch_3_2.jpg,B1,B2,0.9039
processed_data_cleaned\test\B1\B1.13.VOH-Rad_08_patch_1_2.jpg,B1,B2,0.9695
processed_data_cleaned\test\B1\B1.13.VOH-Rad_08_patch_2_1.jpg,B1,B2,0.8576
processed_data_cleaned\test\B1\B1.13.VOH-Rad_08_patch_2_2.jpg,B1,B2,0.5923
processed_data_cleaned\test\B1\B1.13.VOH-Rad_08_patch_2_3.jpg,B1,B2,0.6011
processed_data_cleaned\test\B1\B1.13.VOH-Rad_08_patch_2_4.jpg,B1,B2,0.9942
processed_data_cleaned\test\B1\B1.13.VOH-Rad_08_patch_3_1.jpg,B1,A1,0.4234
processed_data_cleaned\test\B1\B1.13.VOH-Rad_08_patch_3_2.jpg,B1,A2,0.4431
processed_data_cleaned\test\B1\B1.13.VOH-Rad_08_patch_3_3.jpg,B1,A1,0.8059
processed_data_cleaned\test\B1\B1.13.VOH-Rad_09_patch_0_1.jpg,B1,A1,0.5037
processed_data_cleaned\test\B1\B1.13.VOH-Rad_09_patch_2_2.jpg,B1,B2,0.8542
processed_data_cleaned\test\B1\B1.13.VOH-Rad_09_patch_2_4.jpg,B1,B2,0.9964
processed_data_cleaned\test\B1\B1.13.VOH-Rad_09_patch_3_1.jpg,B1,A1,0.4987
processed_data_cleaned\test\B1\B1.13.VOH-Rad_09_patch_3_3.jpg,B1,A1,0.6254
processed_data_cleaned\test\B1\B1.13.VOH-Rad_09_patch_3_5.jpg,B1,A2,0.4503
processed_data_cleaned\test\B1\B1.13.VOH-Rad_100_patch_0_1.jpg,B1,B2,0.5671
processed_data_cleaned\test\B1\B1.13.VOH-Rad_100_patch_0_2.jpg,B1,A1,0.6137
processed_data_cleaned\test\B1\B1.13.VOH-Rad_100_patch_1_3.jpg,B1,A1,0.5366
processed_data_cleaned\test\B1\B1.13.VOH-Rad_101_patch_0_0.jpg,B1,B2,0.76
processed_data_cleaned\test\B1\B1.13.VOH-Rad_101_patch_0_2.jpg,B1,A1,0.4843
processed_data_cleaned\test\B1\B1.13.VOH-Rad_101_patch_0_3.jpg,B1,A2,0.4849
processed_data_cleaned\test\B1\B1.13.VOH-Rad_101_patch_1_1.jpg,B1,B2,0.4581
processed_data_cleaned\test\B1\B1.13.VOH-Rad_101_patch_1_3.jpg,B1,A1,0.7924
processed_data_cleaned\test\B1\B1.13.VOH-Rad_101_patch_2_3.jpg,B1,A1,0.7879
processed_data_cleaned\test\B1\B1.13.VOH-Rad_102_patch_1_3.jpg,B1,A1,0.7402
processed_data_cleaned\test\B1\B1.13.VOH-Rad_103_patch_0_5.jpg,B1,B2,0.6509
processed_data_cleaned\test\B1\B1.13.VOH-Rad_103_patch_3_1.jpg,B1,B2,0.6809
processed_data_cleaned\test\B1\B1.13.VOH-Rad_103_patch_3_5.jpg,B1,A1,0.44
processed_data_cleaned\test\B1\B1.13.VOH-Rad_104_patch_3_1.jpg,B1,B2,0.7808
processed_data_cleaned\test\B1\B1.13.VOH-Rad_104_patch_3_3.jpg,B1,B2,0.7449
processed_data_cleaned\test\B1\B1.13.VOH-Rad_104_patch_3_5.jpg,B1,B2,0.6928
processed_data_cleaned\test\B1\B1.13.VOH-Rad_105_patch_0_0.jpg,B1,B2,0.788
processed_data_cleaned\test\B1\B1.13.VOH-Rad_106_patch_0_2.jpg,B1,B2,0.8463
processed_data_cleaned\test\B1\B1.13.VOH-Rad_106_patch_0_3.jpg,B1,B2,0.8359
processed_data_cleaned\test\B1\B1.13.VOH-Rad_106_patch_0_5.jpg,B1,B2,0.4443
processed_data_cleaned\test\B1\B1.13.VOH-Rad_106_patch_1_3.jpg,B1,A1,0.8688
processed_data_cleaned\test\B1\B1.13.VOH-Rad_106_patch_2_1.jpg,B1,A1,0.9075
processed_data_cleaned\test\B1\B1.13.VOH-Rad_106_patch_2_2.jpg,B1,A1,0.663
processed_data_cleaned\test\B1\B1.13.VOH-Rad_106_patch_2_3.jpg,B1,B2,0.8457
processed_data_cleaned\test\B1\B1.13.VOH-Rad_106_patch_2_4.jpg,B1,B2,0.7653
processed_data_cleaned\test\B1\B1.13.VOH-Rad_106_patch_3_0.jpg,B1,B2,0.8512
processed_data_cleaned\test\B1\B1.13.VOH-Rad_106_patch_3_3.jpg,B1,B2,0.6578
processed_data_cleaned\test\B1\B1.13.VOH-Rad_107_patch_0_2.jpg,B1,B2,0.8854
processed_data_cleaned\test\B1\B1.13.VOH-Rad_107_patch_0_5.jpg,B1,A1,0.3203
processed_data_cleaned\test\B1\B1.13.VOH-Rad_107_patch_1_3.jpg,B1,A1,0.8914
processed_data_cleaned\test\B1\B1.13.VOH-Rad_107_patch_1_4.jpg,B1,A1,0.7158
processed_data_cleaned\test\B1\B1.13.VOH-Rad_107_patch_2_1.jpg,B1,A1,0.5803
processed_data_cleaned\test\B1\B1.13.VOH-Rad_107_patch_2_3.jpg,B1,A1,0.6556
processed_data_cleaned\test\B1\B1.13.VOH-Rad_107_patch_2_4.jpg,B1,B2,0.9296
processed_data_cleaned\test\B1\B1.13.VOH-Rad_108_patch_2_1.jpg,B1,A1,0.9395
processed_data_cleaned\test\B1\B1.13.VOH-Rad_108_patch_2_3.jpg,B1,B2,0.8976
processed_data_cleaned\test\B1\B1.13.VOH-Rad_108_patch_2_4.jpg,B1,B2,0.9981
processed_data_cleaned\test\B1\B1.13.VOH-Rad_108_patch_3_2.jpg,B1,A1,0.5324
processed_data_cleaned\test\B1\B1.13.VOH-Rad_108_patch_3_3.jpg,B1,B2,0.9675
processed_data_cleaned\test\B1\B1.13.VOH-Rad_108_patch_3_4.jpg,B1,B2,0.6918
processed_data_cleaned\test\B1\B1.13.VOH-Rad_109_patch_0_2.jpg,B1,A1,0.8657
processed_data_cleaned\test\B1\B1.13.VOH-Rad_109_patch_1_0.jpg,B1,B2,0.9491
processed_data_cleaned\test\B1\B1.13.VOH-Rad_109_patch_1_1.jpg,B1,B2,0.6405
processed_data_cleaned\test\B1\B1.13.VOH-Rad_109_patch_1_2.jpg,B1,A2,0.7586
processed_data_cleaned\test\B1\B1.13.VOH-Rad_109_patch_1_3.jpg,B1,A2,0.5174
processed_data_cleaned\test\B1\B1.13.VOH-Rad_109_patch_1_4.jpg,B1,A1,0.9625
processed_data_cleaned\test\B1\B1.13.VOH-Rad_109_patch_1_5.jpg,B1,B2,0.8928
processed_data_cleaned\test\B1\B1.13.VOH-Rad_109_patch_2_2.jpg,B1,A1,0.9955
processed_data_cleaned\test\B1\B1.13.VOH-Rad_109_patch_2_3.jpg,B1,A1,0.9982
processed_data_cleaned\test\B1\B1.13.VOH-Rad_109_patch_2_4.jpg,B1,A1,0.6142
processed_data_cleaned\test\B1\B1.13.VOH-Rad_109_patch_2_5.jpg,B1,A1,0.8461
processed_data_cleaned\test\B1\B1.13.VOH-Rad_109_patch_3_0.jpg,B1,B2,0.9666
processed_data_cleaned\test\B1\B1.13.VOH-Rad_109_patch_3_1.jpg,B1,B2,0.4461
processed_data_cleaned\test\B1\B1.13.VOH-Rad_109_patch_3_3.jpg,B1,B2,0.8539
processed_data_cleaned\test\B1\B1.13.VOH-Rad_109_patch_3_5.jpg,B1,B2,0.9239
processed_data_cleaned\test\B1\B1.13.VOH-Rad_10_patch_2_0.jpg,B1,A1,0.51
processed_data_cleaned\test\B1\B1.13.VOH-Rad_10_patch_2_1.jpg,B1,A1,0.4835
processed_data_cleaned\test\B1\B1.13.VOH-Rad_10_patch_2_2.jpg,B1,B2,0.6883
processed_data_cleaned\test\B1\B1.13.VOH-Rad_10_patch_2_3.jpg,B1,B2,0.6213
processed_data_cleaned\test\B1\B1.13.VOH-Rad_10_patch_2_5.jpg,B1,B2,0.93
processed_data_cleaned\test\B1\B1.13.VOH-Rad_10_patch_3_2.jpg,B1,B2,0.504
processed_data_cleaned\test\B1\B1.13.VOH-Rad_10_patch_3_3.jpg,B1,A1,0.7307
processed_data_cleaned\test\B1\B1.13.VOH-Rad_110_patch_0_0.jpg,B1,B2,0.7285
processed_data_cleaned\test\B1\B1.13.VOH-Rad_110_patch_0_1.jpg,B1,B2,0.9675
processed_data_cleaned\test\B1\B1.13.VOH-Rad_110_patch_0_2.jpg,B1,B2,0.7933
processed_data_cleaned\test\B1\B1.13.VOH-Rad_110_patch_0_3.jpg,B1,B2,0.529
processed_data_cleaned\test\B1\B1.13.VOH-Rad_110_patch_0_4.jpg,B1,B2,0.849
processed_data_cleaned\test\B1\B1.13.VOH-Rad_110_patch_1_0.jpg,B1,B2,0.9478
processed_data_cleaned\test\B1\B1.13.VOH-Rad_110_patch_1_2.jpg,B1,A1,0.6993
processed_data_cleaned\test\B1\B1.13.VOH-Rad_110_patch_1_4.jpg,B1,A1,0.6393
processed_data_cleaned\test\B1\B1.13.VOH-Rad_110_patch_1_5.jpg,B1,A1,0.9079
processed_data_cleaned\test\B1\B1.13.VOH-Rad_110_patch_2_0.jpg,B1,B2,0.5359
processed_data_cleaned\test\B1\B1.13.VOH-Rad_110_patch_2_1.jpg,B1,B2,0.9987
processed_data_cleaned\test\B1\B1.13.VOH-Rad_111_patch_0_0.jpg,B1,B2,0.7059
processed_data_cleaned\test\B1\B1.13.VOH-Rad_111_patch_0_1.jpg,B1,B2,0.7919
processed_data_cleaned\test\B1\B1.13.VOH-Rad_111_patch_0_5.jpg,B1,A1,0.7122
processed_data_cleaned\test\B1\B1.13.VOH-Rad_111_patch_1_0.jpg,B1,B2,0.9767
processed_data_cleaned\test\B1\B1.13.VOH-Rad_111_patch_1_2.jpg,B1,A1,0.5577
processed_data_cleaned\test\B1\B1.13.VOH-Rad_111_patch_1_3.jpg,B1,A2,0.7381
processed_data_cleaned\test\B1\B1.13.VOH-Rad_111_patch_1_4.jpg,B1,B2,0.4634
processed_data_cleaned\test\B1\B1.13.VOH-Rad_111_patch_1_5.jpg,B1,A1,0.9078
processed_data_cleaned\test\B1\B1.13.VOH-Rad_111_patch_2_1.jpg,B1,B2,0.9856
processed_data_cleaned\test\B1\B1.13.VOH-Rad_111_patch_2_3.jpg,B1,A1,0.8472
processed_data_cleaned\test\B1\B1.13.VOH-Rad_111_patch_3_0.jpg,B1,A1,0.5734
processed_data_cleaned\test\B1\B1.13.VOH-Rad_111_patch_3_1.jpg,B1,B2,0.4482
processed_data_cleaned\test\B1\B1.13.VOH-Rad_112_patch_0_3.jpg,B1,B2,0.9958
processed_data_cleaned\test\B1\B1.13.VOH-Rad_112_patch_0_4.jpg,B1,B2,0.9363
processed_data_cleaned\test\B1\B1.13.VOH-Rad_112_patch_1_4.jpg,B1,A1,0.5064
processed_data_cleaned\test\B1\B1.13.VOH-Rad_112_patch_2_1.jpg,B1,A1,0.7711
processed_data_cleaned\test\B1\B1.13.VOH-Rad_112_patch_2_2.jpg,B1,A1,0.5427
processed_data_cleaned\test\B1\B1.13.VOH-Rad_112_patch_2_4.jpg,B1,A1,0.4582
processed_data_cleaned\test\B1\B1.13.VOH-Rad_112_patch_3_4.jpg,B1,A1,0.4216
processed_data_cleaned\test\B1\B1.13.VOH-Rad_113_patch_0_3.jpg,B1,B2,0.6559
processed_data_cleaned\test\B1\B1.13.VOH-Rad_113_patch_1_4.jpg,B1,A1,0.8055
processed_data_cleaned\test\B1\B1.13.VOH-Rad_113_patch_1_5.jpg,B1,B2,0.5826
processed_data_cleaned\test\B1\B1.13.VOH-Rad_113_patch_2_4.jpg,B1,B2,0.8805
processed_data_cleaned\test\B1\B1.13.VOH-Rad_113_patch_2_5.jpg,B1,B2,0.8027
processed_data_cleaned\test\B1\B1.13.VOH-Rad_113_patch_3_5.jpg,B1,B2,0.8399
processed_data_cleaned\test\B1\B1.13.VOH-Rad_114_patch_2_4.jpg,B1,B2,0.998
processed_data_cleaned\test\B1\B1.13.VOH-Rad_115_patch_2_4.jpg,B1,B2,0.9982
processed_data_cleaned\test\B1\B1.13.VOH-Rad_116_patch_2_2.jpg,B1,B2,0.4216
processed_data_cleaned\test\B1\B1.13.VOH-Rad_116_patch_3_3.jpg,B1,A1,0.4479
processed_data_cleaned\test\B1\B1.13.VOH-Rad_117_patch_0_2.jpg,B1,A2,0.5613
processed_data_cleaned\test\B1\B1.13.VOH-Rad_117_patch_2_0.jpg,B1,A1,0.7055
processed_data_cleaned\test\B1\B1.13.VOH-Rad_117_patch_2_2.jpg,B1,B2,0.4239
processed_data_cleaned\test\B1\B1.13.VOH-Rad_117_patch_2_4.jpg,B1,B2,0.9856
processed_data_cleaned\test\B1\B1.13.VOH-Rad_117_patch_3_1.jpg,B1,B2,0.4438
processed_data_cleaned\test\B1\B1.13.VOH-Rad_118_patch_0_0.jpg,B1,A1,0.6696
processed_data_cleaned\test\B1\B1.13.VOH-Rad_118_patch_1_2.jpg,B1,B2,0.9908
processed_data_cleaned\test\B1\B1.13.VOH-Rad_118_patch_2_0.jpg,B1,A2,0.5974
processed_data_cleaned\test\B1\B1.13.VOH-Rad_118_patch_2_2.jpg,B1,A1,0.6454
processed_data_cleaned\test\B1\B1.13.VOH-Rad_118_patch_2_3.jpg,B1,B2,0.7902
processed_data_cleaned\test\B1\B1.13.VOH-Rad_118_patch_2_4.jpg,B1,A1,0.6913
processed_data_cleaned\test\B1\B1.13.VOH-Rad_118_patch_3_0.jpg,B1,A1,0.7235
processed_data_cleaned\test\B1\B1.13.VOH-Rad_118_patch_3_1.jpg,B1,A1,0.7724
processed_data_cleaned\test\B1\B1.13.VOH-Rad_118_patch_3_2.jpg,B1,A1,0.61
processed_data_cleaned\test\B1\B1.13.VOH-Rad_118_patch_3_3.jpg,B1,B2,0.8238
processed_data_cleaned\test\B1\B1.13.VOH-Rad_118_patch_3_4.jpg,B1,B2,0.9725
processed_data_cleaned\test\B1\B1.13.VOH-Rad_119_patch_1_2.jpg,B1,B2,0.6449
processed_data_cleaned\test\B1\B1.13.VOH-Rad_119_patch_2_2.jpg,B1,A1,0.5685
processed_data_cleaned\test\B1\B1.13.VOH-Rad_119_patch_2_3.jpg,B1,B2,0.7642
processed_data_cleaned\test\B1\B1.13.VOH-Rad_119_patch_2_4.jpg,B1,B2,0.6129
processed_data_cleaned\test\B1\B1.13.VOH-Rad_119_patch_3_0.jpg,B1,A1,0.5905
processed_data_cleaned\test\B1\B1.13.VOH-Rad_119_patch_3_2.jpg,B1,B2,0.7759
processed_data_cleaned\test\B1\B1.13.VOH-Rad_119_patch_3_3.jpg,B1,B2,0.9464
processed_data_cleaned\test\B1\B1.13.VOH-Rad_119_patch_3_4.jpg,B1,B2,0.9491
processed_data_cleaned\test\B1\B1.13.VOH-Rad_11_patch_1_2.jpg,B1,B2,0.9522
processed_data_cleaned\test\B1\B1.13.VOH-Rad_11_patch_1_3.jpg,B1,B2,0.859
processed_data_cleaned\test\B1\B1.13.VOH-Rad_11_patch_2_1.jpg,B1,A1,0.6109
processed_data_cleaned\test\B1\B1.13.VOH-Rad_11_patch_2_3.jpg,B1,B2,0.9041
processed_data_cleaned\test\B1\B1.13.VOH-Rad_11_patch_3_2.jpg,B1,A2,0.4685
processed_data_cleaned\test\B1\B1.13.VOH-Rad_11_patch_3_3.jpg,B1,A1,0.7904
processed_data_cleaned\test\B1\B1.13.VOH-Rad_120_patch_2_2.jpg,B1,A1,0.6167
processed_data_cleaned\test\B1\B1.13.VOH-Rad_120_patch_2_3.jpg,B1,B2,0.7952
processed_data_cleaned\test\B1\B1.13.VOH-Rad_120_patch_2_4.jpg,B1,B2,0.5444
processed_data_cleaned\test\B1\B1.13.VOH-Rad_120_patch_3_0.jpg,B1,A1,0.5217
processed_data_cleaned\test\B1\B1.13.VOH-Rad_120_patch_3_1.jpg,B1,A1,0.5012
processed_data_cleaned\test\B1\B1.13.VOH-Rad_120_patch_3_3.jpg,B1,B2,0.9577
processed_data_cleaned\test\B1\B1.13.VOH-Rad_120_patch_3_4.jpg,B1,B2,0.9398
processed_data_cleaned\test\B1\B1.13.VOH-Rad_121_patch_1_2.jpg,B1,B2,0.7704
processed_data_cleaned\test\B1\B1.13.VOH-Rad_121_patch_2_0.jpg,B1,A1,0.4651
processed_data_cleaned\test\B1\B1.13.VOH-Rad_121_patch_2_2.jpg,B1,A1,0.7404
processed_data_cleaned\test\B1\B1.13.VOH-Rad_121_patch_2_3.jpg,B1,A1,0.4929
processed_data_cleaned\test\B1\B1.13.VOH-Rad_121_patch_2_4.jpg,B1,B2,0.8374
processed_data_cleaned\test\B1\B1.13.VOH-Rad_121_patch_3_0.jpg,B1,A1,0.544
processed_data_cleaned\test\B1\B1.13.VOH-Rad_121_patch_3_1.jpg,B1,A1,0.5621
processed_data_cleaned\test\B1\B1.13.VOH-Rad_121_patch_3_3.jpg,B1,B2,0.9199
processed_data_cleaned\test\B1\B1.13.VOH-Rad_121_patch_3_4.jpg,B1,B2,0.6892
processed_data_cleaned\test\B1\B1.13.VOH-Rad_122_patch_0_1.jpg,B1,B2,0.496
processed_data_cleaned\test\B1\B1.13.VOH-Rad_122_patch_1_0.jpg,B1,A2,0.4616
processed_data_cleaned\test\B1\B1.13.VOH-Rad_122_patch_1_2.jpg,B1,B2,0.9906
processed_data_cleaned\test\B1\B1.13.VOH-Rad_122_patch_2_2.jpg,B1,A1,0.4963
processed_data_cleaned\test\B1\B1.13.VOH-Rad_122_patch_2_3.jpg,B1,B2,0.8422
processed_data_cleaned\test\B1\B1.13.VOH-Rad_122_patch_2_4.jpg,B1,A1,0.7384
processed_data_cleaned\test\B1\B1.13.VOH-Rad_122_patch_3_0.jpg,B1,B2,0.9211
processed_data_cleaned\test\B1\B1.13.VOH-Rad_122_patch_3_3.jpg,B1,B2,0.9423
processed_data_cleaned\test\B1\B1.13.VOH-Rad_122_patch_3_4.jpg,B1,B2,0.983
processed_data_cleaned\test\B1\B1.13.VOH-Rad_123_patch_0_2.jpg,B1,A1,0.5535
processed_data_cleaned\test\B1\B1.13.VOH-Rad_123_patch_0_5.jpg,B1,A1,0.5121
processed_data_cleaned\test\B1\B1.13.VOH-Rad_123_patch_1_1.jpg,B1,A1,0.9241
processed_data_cleaned\test\B1\B1.13.VOH-Rad_123_patch_1_2.jpg,B1,A1,0.942
processed_data_cleaned\test\B1\B1.13.VOH-Rad_123_patch_1_3.jpg,B1,B2,0.5223
processed_data_cleaned\test\B1\B1.13.VOH-Rad_123_patch_1_4.jpg,B1,B2,0.5477
processed_data_cleaned\test\B1\B1.13.VOH-Rad_123_patch_2_0.jpg,B1,B2,0.974
processed_data_cleaned\test\B1\B1.13.VOH-Rad_123_patch_3_0.jpg,B1,B2,0.684
processed_data_cleaned\test\B1\B1.13.VOH-Rad_123_patch_3_2.jpg,B1,B2,0.9966
processed_data_cleaned\test\B1\B1.13.VOH-Rad_123_patch_3_3.jpg,B1,B2,0.9378
processed_data_cleaned\test\B1\B1.13.VOH-Rad_124_patch_0_2.jpg,B1,A1,0.7261
processed_data_cleaned\test\B1\B1.13.VOH-Rad_124_patch_1_1.jpg,B1,A1,0.9455
processed_data_cleaned\test\B1\B1.13.VOH-Rad_124_patch_1_3.jpg,B1,A1,0.6548
processed_data_cleaned\test\B1\B1.13.VOH-Rad_124_patch_3_1.jpg,B1,B2,0.676
processed_data_cleaned\test\B1\B1.13.VOH-Rad_124_patch_3_2.jpg,B1,B2,0.9616
processed_data_cleaned\test\B1\B1.13.VOH-Rad_124_patch_3_3.jpg,B1,A1,0.7961
processed_data_cleaned\test\B1\B1.13.VOH-Rad_125_patch_0_2.jpg,B1,A1,0.8673
processed_data_cleaned\test\B1\B1.13.VOH-Rad_125_patch_1_1.jpg,B1,A1,0.9255
processed_data_cleaned\test\B1\B1.13.VOH-Rad_125_patch_1_2.jpg,B1,A1,0.5555
processed_data_cleaned\test\B1\B1.13.VOH-Rad_125_patch_1_3.jpg,B1,A1,0.4979
processed_data_cleaned\test\B1\B1.13.VOH-Rad_125_patch_1_4.jpg,B1,B2,0.7088
processed_data_cleaned\test\B1\B1.13.VOH-Rad_125_patch_2_0.jpg,B1,B2,0.6089
processed_data_cleaned\test\B1\B1.13.VOH-Rad_125_patch_3_0.jpg,B1,B2,0.6542
processed_data_cleaned\test\B1\B1.13.VOH-Rad_125_patch_3_2.jpg,B1,A1,0.491
processed_data_cleaned\test\B1\B1.13.VOH-Rad_125_patch_3_3.jpg,B1,B2,0.6186
processed_data_cleaned\test\B1\B1.13.VOH-Rad_126_patch_0_3.jpg,B1,A1,0.5917
processed_data_cleaned\test\B1\B1.13.VOH-Rad_126_patch_1_2.jpg,B1,A1,0.5558
processed_data_cleaned\test\B1\B1.13.VOH-Rad_126_patch_2_3.jpg,B1,A2,0.7923
processed_data_cleaned\test\B1\B1.13.VOH-Rad_126_patch_2_5.jpg,B1,A1,0.4026
processed_data_cleaned\test\B1\B1.13.VOH-Rad_126_patch_3_0.jpg,B1,B2,0.6288
processed_data_cleaned\test\B1\B1.13.VOH-Rad_126_patch_3_1.jpg,B1,A1,0.4042
processed_data_cleaned\test\B1\B1.13.VOH-Rad_126_patch_3_2.jpg,B1,A1,0.9036
processed_data_cleaned\test\B1\B1.13.VOH-Rad_126_patch_3_3.jpg,B1,A1,0.5575
processed_data_cleaned\test\B1\B1.13.VOH-Rad_126_patch_3_4.jpg,B1,A1,0.4187
processed_data_cleaned\test\B1\B1.13.VOH-Rad_126_patch_3_5.jpg,B1,A1,0.4721
processed_data_cleaned\test\B1\B1.13.VOH-Rad_127_patch_0_2.jpg,B1,B2,0.4433
processed_data_cleaned\test\B1\B1.13.VOH-Rad_127_patch_0_3.jpg,B1,A1,0.4878
processed_data_cleaned\test\B1\B1.13.VOH-Rad_127_patch_1_1.jpg,B1,A2,0.6946
processed_data_cleaned\test\B1\B1.13.VOH-Rad_127_patch_2_3.jpg,B1,B2,0.3511
processed_data_cleaned\test\B1\B1.13.VOH-Rad_127_patch_2_4.jpg,B1,A1,0.4515
processed_data_cleaned\test\B1\B1.13.VOH-Rad_127_patch_2_5.jpg,B1,A1,0.6194
processed_data_cleaned\test\B1\B1.13.VOH-Rad_127_patch_3_0.jpg,B1,B2,0.5155
processed_data_cleaned\test\B1\B1.13.VOH-Rad_127_patch_3_2.jpg,B1,A1,0.4449
processed_data_cleaned\test\B1\B1.13.VOH-Rad_127_patch_3_4.jpg,B1,A2,0.4854
processed_data_cleaned\test\B1\B1.13.VOH-Rad_127_patch_3_5.jpg,B1,A1,0.3737
processed_data_cleaned\test\B1\B1.13.VOH-Rad_128_patch_0_2.jpg,B1,B2,0.595
processed_data_cleaned\test\B1\B1.13.VOH-Rad_128_patch_0_3.jpg,B1,B2,0.3992
processed_data_cleaned\test\B1\B1.13.VOH-Rad_128_patch_1_2.jpg,B1,A1,0.4983
processed_data_cleaned\test\B1\B1.13.VOH-Rad_128_patch_1_3.jpg,B1,A1,0.7687
processed_data_cleaned\test\B1\B1.13.VOH-Rad_128_patch_2_4.jpg,B1,A2,0.5428
processed_data_cleaned\test\B1\B1.13.VOH-Rad_128_patch_2_5.jpg,B1,A1,0.5927
processed_data_cleaned\test\B1\B1.13.VOH-Rad_128_patch_3_0.jpg,B1,A1,0.5043
processed_data_cleaned\test\B1\B1.13.VOH-Rad_128_patch_3_2.jpg,B1,A1,0.6701
processed_data_cleaned\test\B1\B1.13.VOH-Rad_128_patch_3_3.jpg,B1,A1,0.7453
processed_data_cleaned\test\B1\B1.13.VOH-Rad_128_patch_3_4.jpg,B1,A1,0.5006
processed_data_cleaned\test\B1\B1.13.VOH-Rad_128_patch_3_5.jpg,B1,A1,0.621
processed_data_cleaned\test\B1\B1.13.VOH-Rad_129_patch_0_3.jpg,B1,A1,0.5613
processed_data_cleaned\test\B1\B1.13.VOH-Rad_129_patch_2_4.jpg,B1,A1,0.9377
processed_data_cleaned\test\B1\B1.13.VOH-Rad_129_patch_3_1.jpg,B1,A1,0.8273
processed_data_cleaned\test\B1\B1.13.VOH-Rad_129_patch_3_2.jpg,B1,A1,0.3624
processed_data_cleaned\test\B1\B1.13.VOH-Rad_129_patch_3_3.jpg,B1,A2,0.7091
processed_data_cleaned\test\B1\B1.13.VOH-Rad_129_patch_3_4.jpg,B1,A2,0.5135
processed_data_cleaned\test\B1\B1.13.VOH-Rad_129_patch_3_5.jpg,B1,A2,0.4018
processed_data_cleaned\test\B1\B1.13.VOH-Rad_12_patch_1_0.jpg,B1,A1,0.3672
processed_data_cleaned\test\B1\B1.13.VOH-Rad_12_patch_1_3.jpg,B1,B2,0.6003
processed_data_cleaned\test\B1\B1.13.VOH-Rad_12_patch_2_0.jpg,B1,A1,0.5866
processed_data_cleaned\test\B1\B1.13.VOH-Rad_12_patch_2_1.jpg,B1,A1,0.625
processed_data_cleaned\test\B1\B1.13.VOH-Rad_12_patch_2_3.jpg,B1,B2,0.8584
processed_data_cleaned\test\B1\B1.13.VOH-Rad_12_patch_2_4.jpg,B1,B2,0.9988
processed_data_cleaned\test\B1\B1.13.VOH-Rad_12_patch_3_2.jpg,B1,B2,0.6512
processed_data_cleaned\test\B1\B1.13.VOH-Rad_12_patch_3_3.jpg,B1,A1,0.3631
processed_data_cleaned\test\B1\B1.13.VOH-Rad_130_patch_1_2.jpg,B1,A1,0.7618
processed_data_cleaned\test\B1\B1.13.VOH-Rad_130_patch_2_1.jpg,B1,A1,0.7004
processed_data_cleaned\test\B1\B1.13.VOH-Rad_130_patch_3_2.jpg,B1,A2,0.4588
processed_data_cleaned\test\B1\B1.13.VOH-Rad_130_patch_3_3.jpg,B1,A1,0.4537
processed_data_cleaned\test\B1\B1.13.VOH-Rad_130_patch_3_5.jpg,B1,B2,0.3577
processed_data_cleaned\test\B1\B1.13.VOH-Rad_131_patch_1_2.jpg,B1,A1,0.7867
processed_data_cleaned\test\B1\B1.13.VOH-Rad_131_patch_2_0.jpg,B1,A1,0.8075
processed_data_cleaned\test\B1\B1.13.VOH-Rad_131_patch_2_1.jpg,B1,A1,0.8369
processed_data_cleaned\test\B1\B1.13.VOH-Rad_131_patch_2_5.jpg,B1,A1,0.7462
processed_data_cleaned\test\B1\B1.13.VOH-Rad_131_patch_3_1.jpg,B1,A1,0.4572
processed_data_cleaned\test\B1\B1.13.VOH-Rad_131_patch_3_2.jpg,B1,A2,0.3358
processed_data_cleaned\test\B1\B1.13.VOH-Rad_132_patch_0_0.jpg,B1,A1,0.589
processed_data_cleaned\test\B1\B1.13.VOH-Rad_132_patch_1_2.jpg,B1,A1,0.4074
processed_data_cleaned\test\B1\B1.13.VOH-Rad_132_patch_3_3.jpg,B1,A1,0.5534
processed_data_cleaned\test\B1\B1.13.VOH-Rad_133_patch_0_0.jpg,B1,A1,0.7695
processed_data_cleaned\test\B1\B1.13.VOH-Rad_133_patch_1_2.jpg,B1,B2,0.514
processed_data_cleaned\test\B1\B1.13.VOH-Rad_133_patch_3_4.jpg,B1,A2,0.5372
processed_data_cleaned\test\B1\B1.13.VOH-Rad_134_patch_1_2.jpg,B1,B2,0.4951
processed_data_cleaned\test\B1\B1.13.VOH-Rad_135_patch_0_3.jpg,B1,B2,0.5443
processed_data_cleaned\test\B1\B1.13.VOH-Rad_135_patch_1_3.jpg,B1,A1,0.8154
processed_data_cleaned\test\B1\B1.13.VOH-Rad_135_patch_1_5.jpg,B1,B2,0.8482
processed_data_cleaned\test\B1\B1.13.VOH-Rad_135_patch_2_4.jpg,B1,B2,0.6086
processed_data_cleaned\test\B1\B1.13.VOH-Rad_135_patch_2_5.jpg,B1,A1,0.6913
processed_data_cleaned\test\B1\B1.13.VOH-Rad_136_patch_0_3.jpg,B1,B2,0.9409
processed_data_cleaned\test\B1\B1.13.VOH-Rad_136_patch_1_3.jpg,B1,A1,0.6059
processed_data_cleaned\test\B1\B1.13.VOH-Rad_136_patch_1_5.jpg,B1,B2,0.5851
processed_data_cleaned\test\B1\B1.13.VOH-Rad_136_patch_2_0.jpg,B1,B2,0.817
processed_data_cleaned\test\B1\B1.13.VOH-Rad_136_patch_2_4.jpg,B1,A1,0.764
processed_data_cleaned\test\B1\B1.13.VOH-Rad_136_patch_3_5.jpg,B1,A1,0.8256
processed_data_cleaned\test\B1\B1.13.VOH-Rad_137_patch_1_4.jpg,B1,B2,0.9853
processed_data_cleaned\test\B1\B1.13.VOH-Rad_137_patch_2_1.jpg,B1,B2,0.5962
processed_data_cleaned\test\B1\B1.13.VOH-Rad_137_patch_2_5.jpg,B1,A1,0.3585
processed_data_cleaned\test\B1\B1.13.VOH-Rad_137_patch_3_1.jpg,B1,B2,0.6257
processed_data_cleaned\test\B1\B1.13.VOH-Rad_137_patch_3_3.jpg,B1,A1,0.4977
processed_data_cleaned\test\B1\B1.13.VOH-Rad_137_patch_3_4.jpg,B1,A1,0.5706
processed_data_cleaned\test\B1\B1.13.VOH-Rad_137_patch_3_5.jpg,B1,A1,0.6084
processed_data_cleaned\test\B1\B1.13.VOH-Rad_138_patch_1_3.jpg,B1,B2,0.9701
processed_data_cleaned\test\B1\B1.13.VOH-Rad_138_patch_2_1.jpg,B1,B2,0.6249
processed_data_cleaned\test\B1\B1.13.VOH-Rad_138_patch_2_5.jpg,B1,A2,0.4548
processed_data_cleaned\test\B1\B1.13.VOH-Rad_138_patch_3_4.jpg,B1,A1,0.7669
processed_data_cleaned\test\B1\B1.13.VOH-Rad_138_patch_3_5.jpg,B1,B2,0.4016
processed_data_cleaned\test\B1\B1.13.VOH-Rad_139_patch_0_1.jpg,B1,A1,0.5311
processed_data_cleaned\test\B1\B1.13.VOH-Rad_139_patch_0_5.jpg,B1,A1,0.5088
processed_data_cleaned\test\B1\B1.13.VOH-Rad_139_patch_1_3.jpg,B1,A1,0.791
processed_data_cleaned\test\B1\B1.13.VOH-Rad_139_patch_1_4.jpg,B1,B2,0.5488
processed_data_cleaned\test\B1\B1.13.VOH-Rad_139_patch_3_3.jpg,B1,B2,0.6874
processed_data_cleaned\test\B1\B1.13.VOH-Rad_13_patch_0_1.jpg,B1,B2,0.735
processed_data_cleaned\test\B1\B1.13.VOH-Rad_13_patch_2_2.jpg,B1,A1,0.4793
processed_data_cleaned\test\B1\B1.13.VOH-Rad_13_patch_2_3.jpg,B1,A1,0.5728
processed_data_cleaned\test\B1\B1.13.VOH-Rad_13_patch_2_4.jpg,B1,A1,0.7081
processed_data_cleaned\test\B1\B1.13.VOH-Rad_13_patch_2_5.jpg,B1,B2,0.4325
processed_data_cleaned\test\B1\B1.13.VOH-Rad_13_patch_3_0.jpg,B1,A1,0.7078
processed_data_cleaned\test\B1\B1.13.VOH-Rad_13_patch_3_2.jpg,B1,A1,0.518
processed_data_cleaned\test\B1\B1.13.VOH-Rad_13_patch_3_3.jpg,B1,A1,0.5877
processed_data_cleaned\test\B1\B1.13.VOH-Rad_13_patch_3_4.jpg,B1,A1,0.6671
processed_data_cleaned\test\B1\B1.13.VOH-Rad_140_patch_0_1.jpg,B1,A1,0.6389
processed_data_cleaned\test\B1\B1.13.VOH-Rad_140_patch_0_2.jpg,B1,B2,0.5715
processed_data_cleaned\test\B1\B1.13.VOH-Rad_140_patch_0_4.jpg,B1,A1,0.6113
processed_data_cleaned\test\B1\B1.13.VOH-Rad_140_patch_0_5.jpg,B1,A1,0.3315
processed_data_cleaned\test\B1\B1.13.VOH-Rad_140_patch_1_3.jpg,B1,A1,0.83
processed_data_cleaned\test\B1\B1.13.VOH-Rad_140_patch_3_0.jpg,B1,B2,0.9121
processed_data_cleaned\test\B1\B1.13.VOH-Rad_141_patch_0_0.jpg,B1,A2,0.8519
processed_data_cleaned\test\B1\B1.13.VOH-Rad_141_patch_0_2.jpg,B1,A2,0.4829
processed_data_cleaned\test\B1\B1.13.VOH-Rad_142_patch_0_5.jpg,B1,B2,0.5337
processed_data_cleaned\test\B1\B1.13.VOH-Rad_142_patch_2_4.jpg,B1,B2,0.5683
processed_data_cleaned\test\B1\B1.13.VOH-Rad_143_patch_0_4.jpg,B1,A2,0.5274
processed_data_cleaned\test\B1\B1.13.VOH-Rad_143_patch_0_5.jpg,B1,B2,0.6178
processed_data_cleaned\test\B1\B1.13.VOH-Rad_143_patch_1_3.jpg,B1,B2,0.5341
processed_data_cleaned\test\B1\B1.13.VOH-Rad_143_patch_2_1.jpg,B1,A2,0.6762
processed_data_cleaned\test\B1\B1.13.VOH-Rad_143_patch_2_3.jpg,B1,A2,0.6634
processed_data_cleaned\test\B1\B1.13.VOH-Rad_143_patch_2_5.jpg,B1,A2,0.3617
processed_data_cleaned\test\B1\B1.13.VOH-Rad_144_patch_0_4.jpg,B1,A2,0.5338
processed_data_cleaned\test\B1\B1.13.VOH-Rad_144_patch_0_5.jpg,B1,B2,0.718
processed_data_cleaned\test\B1\B1.13.VOH-Rad_145_patch_0_4.jpg,B1,A2,0.6087
processed_data_cleaned\test\B1\B1.13.VOH-Rad_145_patch_0_5.jpg,B1,B2,0.7233
processed_data_cleaned\test\B1\B1.13.VOH-Rad_145_patch_1_3.jpg,B1,B2,0.7545
processed_data_cleaned\test\B1\B1.13.VOH-Rad_145_patch_2_3.jpg,B1,A2,0.5729
processed_data_cleaned\test\B1\B1.13.VOH-Rad_145_patch_2_5.jpg,B1,A1,0.6343
processed_data_cleaned\test\B1\B1.13.VOH-Rad_145_patch_3_2.jpg,B1,B2,0.608
processed_data_cleaned\test\B1\B1.13.VOH-Rad_146_patch_0_2.jpg,B1,B2,0.5382
processed_data_cleaned\test\B1\B1.13.VOH-Rad_146_patch_1_2.jpg,B1,B2,0.628
processed_data_cleaned\test\B1\B1.13.VOH-Rad_147_patch_0_2.jpg,B1,B2,0.6304
processed_data_cleaned\test\B1\B1.13.VOH-Rad_147_patch_1_1.jpg,B1,A2,0.6771
processed_data_cleaned\test\B1\B1.13.VOH-Rad_147_patch_1_2.jpg,B1,B2,0.5971
processed_data_cleaned\test\B1\B1.13.VOH-Rad_148_patch_0_5.jpg,B1,A2,0.5422
processed_data_cleaned\test\B1\B1.13.VOH-Rad_148_patch_2_5.jpg,B1,A1,0.7883
processed_data_cleaned\test\B1\B1.13.VOH-Rad_148_patch_3_2.jpg,B1,B2,0.4758
processed_data_cleaned\test\B1\B1.13.VOH-Rad_148_patch_3_3.jpg,B1,A1,0.8548
processed_data_cleaned\test\B1\B1.13.VOH-Rad_149_patch_0_0.jpg,B1,A2,0.4013
processed_data_cleaned\test\B1\B1.13.VOH-Rad_149_patch_0_1.jpg,B1,A2,0.6241
processed_data_cleaned\test\B1\B1.13.VOH-Rad_149_patch_0_2.jpg,B1,A2,0.8087
processed_data_cleaned\test\B1\B1.13.VOH-Rad_14_patch_0_0.jpg,B1,A2,0.502
processed_data_cleaned\test\B1\B1.13.VOH-Rad_14_patch_0_1.jpg,B1,B2,0.3388
processed_data_cleaned\test\B1\B1.13.VOH-Rad_14_patch_2_2.jpg,B1,A1,0.7277
processed_data_cleaned\test\B1\B1.13.VOH-Rad_14_patch_2_3.jpg,B1,A1,0.585
processed_data_cleaned\test\B1\B1.13.VOH-Rad_14_patch_2_4.jpg,B1,A1,0.4825
processed_data_cleaned\test\B1\B1.13.VOH-Rad_14_patch_3_0.jpg,B1,A1,0.3496
processed_data_cleaned\test\B1\B1.13.VOH-Rad_14_patch_3_2.jpg,B1,A1,0.5163
processed_data_cleaned\test\B1\B1.13.VOH-Rad_14_patch_3_3.jpg,B1,A1,0.6992
processed_data_cleaned\test\B1\B1.13.VOH-Rad_150_patch_0_1.jpg,B1,A2,0.9527
processed_data_cleaned\test\B1\B1.13.VOH-Rad_150_patch_0_2.jpg,B1,A2,0.3562
processed_data_cleaned\test\B1\B1.13.VOH-Rad_150_patch_1_1.jpg,B1,A1,0.549
processed_data_cleaned\test\B1\B1.13.VOH-Rad_150_patch_1_2.jpg,B1,B2,0.6159
processed_data_cleaned\test\B1\B1.13.VOH-Rad_150_patch_3_0.jpg,B1,A1,0.8779
processed_data_cleaned\test\B1\B1.13.VOH-Rad_150_patch_3_2.jpg,B1,A1,0.7205
processed_data_cleaned\test\B1\B1.13.VOH-Rad_153_patch_2_4.jpg,B1,A1,0.8191
processed_data_cleaned\test\B1\B1.13.VOH-Rad_153_patch_3_3.jpg,B1,A1,0.5618
processed_data_cleaned\test\B1\B1.13.VOH-Rad_154_patch_2_4.jpg,B1,A1,0.499
processed_data_cleaned\test\B1\B1.13.VOH-Rad_154_patch_3_2.jpg,B1,A2,0.4409
processed_data_cleaned\test\B1\B1.13.VOH-Rad_155_patch_1_3.jpg,B1,B2,0.6648
processed_data_cleaned\test\B1\B1.13.VOH-Rad_155_patch_1_4.jpg,B1,B2,0.8145
processed_data_cleaned\test\B1\B1.13.VOH-Rad_156_patch_1_3.jpg,B1,B2,0.8226
processed_data_cleaned\test\B1\B1.13.VOH-Rad_157_patch_0_4.jpg,B1,B2,0.5697
processed_data_cleaned\test\B1\B1.13.VOH-Rad_157_patch_3_1.jpg,B1,A2,0.4384
processed_data_cleaned\test\B1\B1.13.VOH-Rad_158_patch_1_3.jpg,B1,B2,0.4184
processed_data_cleaned\test\B1\B1.13.VOH-Rad_159_patch_1_0.jpg,B1,B2,0.4979
processed_data_cleaned\test\B1\B1.13.VOH-Rad_159_patch_1_3.jpg,B1,A1,0.444
processed_data_cleaned\test\B1\B1.13.VOH-Rad_159_patch_2_4.jpg,B1,A1,0.6504
processed_data_cleaned\test\B1\B1.13.VOH-Rad_159_patch_3_4.jpg,B1,A1,0.6197
processed_data_cleaned\test\B1\B1.13.VOH-Rad_15_patch_2_2.jpg,B1,A1,0.565
processed_data_cleaned\test\B1\B1.13.VOH-Rad_15_patch_2_3.jpg,B1,A1,0.4142
processed_data_cleaned\test\B1\B1.13.VOH-Rad_15_patch_3_2.jpg,B1,A1,0.4643
processed_data_cleaned\test\B1\B1.13.VOH-Rad_15_patch_3_3.jpg,B1,A1,0.7564
processed_data_cleaned\test\B1\B1.13.VOH-Rad_15_patch_3_5.jpg,B1,B2,0.983
processed_data_cleaned\test\B1\B1.13.VOH-Rad_161_patch_0_1.jpg,B1,B2,0.8303
processed_data_cleaned\test\B1\B1.13.VOH-Rad_161_patch_1_3.jpg,B1,B2,0.8803
processed_data_cleaned\test\B1\B1.13.VOH-Rad_161_patch_3_5.jpg,B1,A1,0.4539
processed_data_cleaned\test\B1\B1.13.VOH-Rad_162_patch_0_2.jpg,B1,A1,0.443
processed_data_cleaned\test\B1\B1.13.VOH-Rad_162_patch_0_5.jpg,B1,A1,0.8089
processed_data_cleaned\test\B1\B1.13.VOH-Rad_162_patch_1_3.jpg,B1,B2,0.4501
processed_data_cleaned\test\B1\B1.13.VOH-Rad_162_patch_2_0.jpg,B1,B2,0.5711
processed_data_cleaned\test\B1\B1.13.VOH-Rad_163_patch_2_2.jpg,B1,A1,0.3662
processed_data_cleaned\test\B1\B1.13.VOH-Rad_164_patch_0_0.jpg,B1,A2,0.8507
processed_data_cleaned\test\B1\B1.13.VOH-Rad_164_patch_0_1.jpg,B1,A2,0.7696
processed_data_cleaned\test\B1\B1.13.VOH-Rad_164_patch_0_2.jpg,B1,A1,0.5936
processed_data_cleaned\test\B1\B1.13.VOH-Rad_164_patch_1_0.jpg,B1,B2,0.3892
processed_data_cleaned\test\B1\B1.13.VOH-Rad_164_patch_2_3.jpg,B1,B2,0.4103
processed_data_cleaned\test\B1\B1.13.VOH-Rad_164_patch_3_1.jpg,B1,A1,0.9097
processed_data_cleaned\test\B1\B1.13.VOH-Rad_164_patch_3_2.jpg,B1,A1,0.3994
processed_data_cleaned\test\B1\B1.13.VOH-Rad_165_patch_0_0.jpg,B1,A2,0.9192
processed_data_cleaned\test\B1\B1.13.VOH-Rad_165_patch_0_1.jpg,B1,A2,0.8859
processed_data_cleaned\test\B1\B1.13.VOH-Rad_165_patch_0_2.jpg,B1,A2,0.5914
processed_data_cleaned\test\B1\B1.13.VOH-Rad_165_patch_1_0.jpg,B1,A1,0.4559
processed_data_cleaned\test\B1\B1.13.VOH-Rad_165_patch_3_1.jpg,B1,A1,0.8133
processed_data_cleaned\test\B1\B1.13.VOH-Rad_166_patch_0_1.jpg,B1,A2,0.7916
processed_data_cleaned\test\B1\B1.13.VOH-Rad_166_patch_0_2.jpg,B1,A2,0.7825
processed_data_cleaned\test\B1\B1.13.VOH-Rad_166_patch_1_0.jpg,B1,A1,0.3647
processed_data_cleaned\test\B1\B1.13.VOH-Rad_166_patch_1_1.jpg,B1,A1,0.4408
processed_data_cleaned\test\B1\B1.13.VOH-Rad_167_patch_0_5.jpg,B1,A1,0.6223
processed_data_cleaned\test\B1\B1.13.VOH-Rad_167_patch_2_1.jpg,B1,A2,0.9865
processed_data_cleaned\test\B1\B1.13.VOH-Rad_167_patch_3_0.jpg,B1,A1,0.717
processed_data_cleaned\test\B1\B1.13.VOH-Rad_167_patch_3_2.jpg,B1,A1,0.5292
processed_data_cleaned\test\B1\B1.13.VOH-Rad_167_patch_3_5.jpg,B1,B2,0.5092
processed_data_cleaned\test\B1\B1.13.VOH-Rad_169_patch_1_4.jpg,B1,A1,0.6556
processed_data_cleaned\test\B1\B1.13.VOH-Rad_169_patch_2_3.jpg,B1,B2,0.4836
processed_data_cleaned\test\B1\B1.13.VOH-Rad_169_patch_3_2.jpg,B1,A2,0.5253
processed_data_cleaned\test\B1\B1.13.VOH-Rad_16_patch_0_1.jpg,B1,B2,0.7745
processed_data_cleaned\test\B1\B1.13.VOH-Rad_16_patch_1_0.jpg,B1,A1,0.9572
processed_data_cleaned\test\B1\B1.13.VOH-Rad_16_patch_1_1.jpg,B1,A1,0.7641
processed_data_cleaned\test\B1\B1.13.VOH-Rad_16_patch_1_2.jpg,B1,A1,0.9644
processed_data_cleaned\test\B1\B1.13.VOH-Rad_16_patch_2_0.jpg,B1,A1,0.7735
processed_data_cleaned\test\B1\B1.13.VOH-Rad_16_patch_3_0.jpg,B1,A1,0.5307
processed_data_cleaned\test\B1\B1.13.VOH-Rad_16_patch_3_5.jpg,B1,B2,0.6832
processed_data_cleaned\test\B1\B1.13.VOH-Rad_172_patch_2_1.jpg,B1,B2,0.555
processed_data_cleaned\test\B1\B1.13.VOH-Rad_173_patch_2_1.jpg,B1,B2,0.7651
processed_data_cleaned\test\B1\B1.13.VOH-Rad_173_patch_2_4.jpg,B1,A1,0.6171
processed_data_cleaned\test\B1\B1.13.VOH-Rad_173_patch_3_0.jpg,B1,B2,0.5162
processed_data_cleaned\test\B1\B1.13.VOH-Rad_174_patch_0_4.jpg,B1,B2,0.6855
processed_data_cleaned\test\B1\B1.13.VOH-Rad_174_patch_0_5.jpg,B1,B2,0.6816
processed_data_cleaned\test\B1\B1.13.VOH-Rad_174_patch_1_0.jpg,B1,A1,0.5769
processed_data_cleaned\test\B1\B1.13.VOH-Rad_174_patch_1_2.jpg,B1,B2,0.802
processed_data_cleaned\test\B1\B1.13.VOH-Rad_174_patch_1_5.jpg,B1,A2,0.5144
processed_data_cleaned\test\B1\B1.13.VOH-Rad_174_patch_2_5.jpg,B1,A1,0.6065
processed_data_cleaned\test\B1\B1.13.VOH-Rad_175_patch_0_2.jpg,B1,B2,0.7394
processed_data_cleaned\test\B1\B1.13.VOH-Rad_175_patch_0_5.jpg,B1,B2,0.9622
processed_data_cleaned\test\B1\B1.13.VOH-Rad_175_patch_1_3.jpg,B1,B2,0.7141
processed_data_cleaned\test\B1\B1.13.VOH-Rad_175_patch_1_5.jpg,B1,A2,0.7552
processed_data_cleaned\test\B1\B1.13.VOH-Rad_175_patch_3_4.jpg,B1,A1,0.4267
processed_data_cleaned\test\B1\B1.13.VOH-Rad_176_patch_1_3.jpg,B1,A2,0.7657
processed_data_cleaned\test\B1\B1.13.VOH-Rad_177_patch_1_0.jpg,B1,A1,0.6453
processed_data_cleaned\test\B1\B1.13.VOH-Rad_177_patch_1_1.jpg,B1,B2,0.8459
processed_data_cleaned\test\B1\B1.13.VOH-Rad_178_patch_0_2.jpg,B1,B2,0.5423
processed_data_cleaned\test\B1\B1.13.VOH-Rad_178_patch_1_3.jpg,B1,B2,0.5324
processed_data_cleaned\test\B1\B1.13.VOH-Rad_178_patch_1_4.jpg,B1,B2,0.7033
processed_data_cleaned\test\B1\B1.13.VOH-Rad_179_patch_1_3.jpg,B1,B2,0.4987
processed_data_cleaned\test\B1\B1.13.VOH-Rad_179_patch_1_4.jpg,B1,A1,0.4978
processed_data_cleaned\test\B1\B1.13.VOH-Rad_17_patch_0_0.jpg,B1,B2,0.9897
processed_data_cleaned\test\B1\B1.13.VOH-Rad_17_patch_0_1.jpg,B1,B2,0.971
processed_data_cleaned\test\B1\B1.13.VOH-Rad_17_patch_1_0.jpg,B1,B2,0.3636
processed_data_cleaned\test\B1\B1.13.VOH-Rad_17_patch_1_1.jpg,B1,A2,0.313
processed_data_cleaned\test\B1\B1.13.VOH-Rad_17_patch_1_2.jpg,B1,A1,0.4994
processed_data_cleaned\test\B1\B1.13.VOH-Rad_17_patch_2_1.jpg,B1,A2,0.3333
processed_data_cleaned\test\B1\B1.13.VOH-Rad_17_patch_2_3.jpg,B1,A2,0.6486
processed_data_cleaned\test\B1\B1.13.VOH-Rad_17_patch_2_4.jpg,B1,A1,0.7713
processed_data_cleaned\test\B1\B1.13.VOH-Rad_17_patch_3_1.jpg,B1,A1,0.3578
processed_data_cleaned\test\B1\B1.13.VOH-Rad_17_patch_3_4.jpg,B1,A1,0.8575
processed_data_cleaned\test\B1\B1.13.VOH-Rad_17_patch_3_5.jpg,B1,B2,0.8279
processed_data_cleaned\test\B1\B1.13.VOH-Rad_180_patch_0_4.jpg,B1,B2,0.9868
processed_data_cleaned\test\B1\B1.13.VOH-Rad_180_patch_0_5.jpg,B1,B2,0.5033
processed_data_cleaned\test\B1\B1.13.VOH-Rad_180_patch_2_5.jpg,B1,B2,0.4416
processed_data_cleaned\test\B1\B1.13.VOH-Rad_180_patch_3_0.jpg,B1,A1,0.3755
processed_data_cleaned\test\B1\B1.13.VOH-Rad_181_patch_0_4.jpg,B1,B2,0.9409
processed_data_cleaned\test\B1\B1.13.VOH-Rad_181_patch_2_0.jpg,B1,A2,0.6724
processed_data_cleaned\test\B1\B1.13.VOH-Rad_183_patch_0_1.jpg,B1,A1,0.7332
processed_data_cleaned\test\B1\B1.13.VOH-Rad_183_patch_0_2.jpg,B1,A1,0.4513
processed_data_cleaned\test\B1\B1.13.VOH-Rad_183_patch_0_4.jpg,B1,B2,0.4633
processed_data_cleaned\test\B1\B1.13.VOH-Rad_183_patch_0_5.jpg,B1,A1,0.5597
processed_data_cleaned\test\B1\B1.13.VOH-Rad_183_patch_1_3.jpg,B1,A1,0.4554
processed_data_cleaned\test\B1\B1.13.VOH-Rad_183_patch_1_4.jpg,B1,B2,0.6765
processed_data_cleaned\test\B1\B1.13.VOH-Rad_183_patch_3_4.jpg,B1,B2,0.6956
processed_data_cleaned\test\B1\B1.13.VOH-Rad_183_patch_3_5.jpg,B1,B2,0.7009
processed_data_cleaned\test\B1\B1.13.VOH-Rad_184_patch_0_1.jpg,B1,A1,0.8227
processed_data_cleaned\test\B1\B1.13.VOH-Rad_184_patch_0_2.jpg,B1,A1,0.4963
processed_data_cleaned\test\B1\B1.13.VOH-Rad_184_patch_0_4.jpg,B1,B2,0.5451
processed_data_cleaned\test\B1\B1.13.VOH-Rad_184_patch_1_4.jpg,B1,B2,0.5059
processed_data_cleaned\test\B1\B1.13.VOH-Rad_184_patch_3_0.jpg,B1,B2,0.6335
processed_data_cleaned\test\B1\B1.13.VOH-Rad_184_patch_3_4.jpg,B1,B2,0.9049
processed_data_cleaned\test\B1\B1.13.VOH-Rad_185_patch_0_3.jpg,B1,A1,0.5011
processed_data_cleaned\test\B1\B1.13.VOH-Rad_185_patch_1_1.jpg,B1,A1,0.4886
processed_data_cleaned\test\B1\B1.13.VOH-Rad_185_patch_1_4.jpg,B1,B2,0.7295
processed_data_cleaned\test\B1\B1.13.VOH-Rad_185_patch_2_2.jpg,B1,A1,0.8464
processed_data_cleaned\test\B1\B1.13.VOH-Rad_185_patch_2_3.jpg,B1,A1,0.4746
processed_data_cleaned\test\B1\B1.13.VOH-Rad_185_patch_2_4.jpg,B1,B2,0.5846
processed_data_cleaned\test\B1\B1.13.VOH-Rad_185_patch_3_5.jpg,B1,A1,0.3295
processed_data_cleaned\test\B1\B1.13.VOH-Rad_186_patch_0_0.jpg,B1,B2,0.4523
processed_data_cleaned\test\B1\B1.13.VOH-Rad_186_patch_0_1.jpg,B1,A2,0.5268
processed_data_cleaned\test\B1\B1.13.VOH-Rad_186_patch_0_2.jpg,B1,A2,0.4127
processed_data_cleaned\test\B1\B1.13.VOH-Rad_186_patch_1_0.jpg,B1,A1,0.7535
processed_data_cleaned\test\B1\B1.13.VOH-Rad_186_patch_1_1.jpg,B1,B2,0.3908
processed_data_cleaned\test\B1\B1.13.VOH-Rad_186_patch_1_2.jpg,B1,A2,0.4462
processed_data_cleaned\test\B1\B1.13.VOH-Rad_186_patch_1_3.jpg,B1,A2,0.6292
processed_data_cleaned\test\B1\B1.13.VOH-Rad_186_patch_1_4.jpg,B1,A1,0.4865
processed_data_cleaned\test\B1\B1.13.VOH-Rad_186_patch_2_0.jpg,B1,A1,0.6819
processed_data_cleaned\test\B1\B1.13.VOH-Rad_186_patch_2_1.jpg,B1,A1,0.4743
processed_data_cleaned\test\B1\B1.13.VOH-Rad_186_patch_2_3.jpg,B1,A2,0.8138
processed_data_cleaned\test\B1\B1.13.VOH-Rad_186_patch_2_4.jpg,B1,B2,0.6402
processed_data_cleaned\test\B1\B1.13.VOH-Rad_186_patch_3_1.jpg,B1,A1,0.4756
processed_data_cleaned\test\B1\B1.13.VOH-Rad_186_patch_3_3.jpg,B1,B2,0.4806
processed_data_cleaned\test\B1\B1.13.VOH-Rad_186_patch_3_4.jpg,B1,B2,0.4916
processed_data_cleaned\test\B1\B1.13.VOH-Rad_188_patch_0_3.jpg,B1,A1,0.6364
processed_data_cleaned\test\B1\B1.13.VOH-Rad_188_patch_0_4.jpg,B1,A1,0.3513
processed_data_cleaned\test\B1\B1.13.VOH-Rad_188_patch_0_5.jpg,B1,A1,0.4613
processed_data_cleaned\test\B1\B1.13.VOH-Rad_188_patch_1_3.jpg,B1,A1,0.6581
processed_data_cleaned\test\B1\B1.13.VOH-Rad_188_patch_1_5.jpg,B1,A1,0.3222
processed_data_cleaned\test\B1\B1.13.VOH-Rad_188_patch_2_0.jpg,B1,A1,0.6836
processed_data_cleaned\test\B1\B1.13.VOH-Rad_188_patch_2_1.jpg,B1,A1,0.967
processed_data_cleaned\test\B1\B1.13.VOH-Rad_188_patch_2_3.jpg,B1,A1,0.6826
processed_data_cleaned\test\B1\B1.13.VOH-Rad_188_patch_2_4.jpg,B1,A1,0.9861
processed_data_cleaned\test\B1\B1.13.VOH-Rad_188_patch_2_5.jpg,B1,A1,0.6202
processed_data_cleaned\test\B1\B1.13.VOH-Rad_188_patch_3_0.jpg,B1,A1,0.4126
processed_data_cleaned\test\B1\B1.13.VOH-Rad_188_patch_3_1.jpg,B1,A1,0.9787
processed_data_cleaned\test\B1\B1.13.VOH-Rad_188_patch_3_2.jpg,B1,A1,0.9888
processed_data_cleaned\test\B1\B1.13.VOH-Rad_188_patch_3_3.jpg,B1,A1,0.5568
processed_data_cleaned\test\B1\B1.13.VOH-Rad_188_patch_3_4.jpg,B1,A1,0.9472
processed_data_cleaned\test\B1\B1.13.VOH-Rad_188_patch_3_5.jpg,B1,A1,0.9233
processed_data_cleaned\test\B1\B1.13.VOH-Rad_189_patch_1_1.jpg,B1,A1,0.5948
processed_data_cleaned\test\B1\B1.13.VOH-Rad_189_patch_1_4.jpg,B1,A1,0.8306
processed_data_cleaned\test\B1\B1.13.VOH-Rad_189_patch_1_5.jpg,B1,A2,0.4109
processed_data_cleaned\test\B1\B1.13.VOH-Rad_189_patch_3_1.jpg,B1,A1,0.6483
processed_data_cleaned\test\B1\B1.13.VOH-Rad_189_patch_3_2.jpg,B1,A1,0.6345
processed_data_cleaned\test\B1\B1.13.VOH-Rad_18_patch_0_0.jpg,B1,B2,0.9445
processed_data_cleaned\test\B1\B1.13.VOH-Rad_18_patch_0_1.jpg,B1,B2,0.9652
processed_data_cleaned\test\B1\B1.13.VOH-Rad_18_patch_1_0.jpg,B1,A1,0.5556
processed_data_cleaned\test\B1\B1.13.VOH-Rad_18_patch_1_1.jpg,B1,A1,0.3745
processed_data_cleaned\test\B1\B1.13.VOH-Rad_18_patch_1_2.jpg,B1,A1,0.362
processed_data_cleaned\test\B1\B1.13.VOH-Rad_18_patch_2_0.jpg,B1,B2,0.4666
processed_data_cleaned\test\B1\B1.13.VOH-Rad_18_patch_2_4.jpg,B1,A1,0.7668
processed_data_cleaned\test\B1\B1.13.VOH-Rad_18_patch_3_3.jpg,B1,B2,0.3276
processed_data_cleaned\test\B1\B1.13.VOH-Rad_18_patch_3_4.jpg,B1,A1,0.7232
processed_data_cleaned\test\B1\B1.13.VOH-Rad_18_patch_3_5.jpg,B1,B2,0.4097
processed_data_cleaned\test\B1\B1.13.VOH-Rad_190_patch_0_1.jpg,B1,B2,0.5787
processed_data_cleaned\test\B1\B1.13.VOH-Rad_190_patch_0_2.jpg,B1,B2,0.9483
processed_data_cleaned\test\B1\B1.13.VOH-Rad_190_patch_0_3.jpg,B1,B2,0.932
processed_data_cleaned\test\B1\B1.13.VOH-Rad_190_patch_1_2.jpg,B1,A1,0.6797
processed_data_cleaned\test\B1\B1.13.VOH-Rad_190_patch_1_3.jpg,B1,A1,0.5634
processed_data_cleaned\test\B1\B1.13.VOH-Rad_190_patch_1_4.jpg,B1,B2,0.9087
processed_data_cleaned\test\B1\B1.13.VOH-Rad_190_patch_2_4.jpg,B1,A1,0.8243
processed_data_cleaned\test\B1\B1.13.VOH-Rad_190_patch_2_5.jpg,B1,A2,0.531
processed_data_cleaned\test\B1\B1.13.VOH-Rad_190_patch_3_0.jpg,B1,A1,0.7973
processed_data_cleaned\test\B1\B1.13.VOH-Rad_190_patch_3_5.jpg,B1,B2,0.4542
processed_data_cleaned\test\B1\B1.13.VOH-Rad_191_patch_0_0.jpg,B1,A1,0.876
processed_data_cleaned\test\B1\B1.13.VOH-Rad_191_patch_0_2.jpg,B1,B2,0.9884
processed_data_cleaned\test\B1\B1.13.VOH-Rad_191_patch_0_3.jpg,B1,B2,0.9365
processed_data_cleaned\test\B1\B1.13.VOH-Rad_191_patch_1_2.jpg,B1,A1,0.5443
processed_data_cleaned\test\B1\B1.13.VOH-Rad_191_patch_1_3.jpg,B1,A1,0.5886
processed_data_cleaned\test\B1\B1.13.VOH-Rad_191_patch_1_4.jpg,B1,B2,0.7418
processed_data_cleaned\test\B1\B1.13.VOH-Rad_191_patch_2_5.jpg,B1,A2,0.4346
processed_data_cleaned\test\B1\B1.13.VOH-Rad_191_patch_3_4.jpg,B1,A1,0.4695
processed_data_cleaned\test\B1\B1.13.VOH-Rad_192_patch_0_1.jpg,B1,B2,0.984
processed_data_cleaned\test\B1\B1.13.VOH-Rad_192_patch_0_2.jpg,B1,B2,0.901
processed_data_cleaned\test\B1\B1.13.VOH-Rad_192_patch_1_1.jpg,B1,A1,0.7022
processed_data_cleaned\test\B1\B1.13.VOH-Rad_192_patch_1_2.jpg,B1,B2,0.9514
processed_data_cleaned\test\B1\B1.13.VOH-Rad_192_patch_1_3.jpg,B1,B2,0.8322
processed_data_cleaned\test\B1\B1.13.VOH-Rad_192_patch_1_4.jpg,B1,B2,0.7891
processed_data_cleaned\test\B1\B1.13.VOH-Rad_192_patch_1_5.jpg,B1,A1,0.6431
processed_data_cleaned\test\B1\B1.13.VOH-Rad_192_patch_2_2.jpg,B1,A1,0.9809
processed_data_cleaned\test\B1\B1.13.VOH-Rad_192_patch_2_3.jpg,B1,A1,0.541
processed_data_cleaned\test\B1\B1.13.VOH-Rad_192_patch_2_4.jpg,B1,A1,0.5804
processed_data_cleaned\test\B1\B1.13.VOH-Rad_192_patch_2_5.jpg,B1,A1,0.8477
processed_data_cleaned\test\B1\B1.13.VOH-Rad_192_patch_3_1.jpg,B1,A1,0.6664
processed_data_cleaned\test\B1\B1.13.VOH-Rad_192_patch_3_2.jpg,B1,A1,0.9812
processed_data_cleaned\test\B1\B1.13.VOH-Rad_192_patch_3_3.jpg,B1,A1,0.7532
processed_data_cleaned\test\B1\B1.13.VOH-Rad_192_patch_3_5.jpg,B1,A1,0.6979
processed_data_cleaned\test\B1\B1.13.VOH-Rad_193_patch_0_3.jpg,B1,A1,0.4546
processed_data_cleaned\test\B1\B1.13.VOH-Rad_193_patch_0_4.jpg,B1,A1,0.5409
processed_data_cleaned\test\B1\B1.13.VOH-Rad_193_patch_0_5.jpg,B1,A1,0.9129
processed_data_cleaned\test\B1\B1.13.VOH-Rad_193_patch_1_4.jpg,B1,A1,0.9442
processed_data_cleaned\test\B1\B1.13.VOH-Rad_193_patch_1_5.jpg,B1,A1,0.4471
processed_data_cleaned\test\B1\B1.13.VOH-Rad_193_patch_2_4.jpg,B1,A1,0.6007
processed_data_cleaned\test\B1\B1.13.VOH-Rad_193_patch_2_5.jpg,B1,A1,0.8116
processed_data_cleaned\test\B1\B1.13.VOH-Rad_193_patch_3_0.jpg,B1,A2,0.3276
processed_data_cleaned\test\B1\B1.13.VOH-Rad_193_patch_3_3.jpg,B1,A1,0.7233
processed_data_cleaned\test\B1\B1.13.VOH-Rad_193_patch_3_4.jpg,B1,A1,0.8428
processed_data_cleaned\test\B1\B1.13.VOH-Rad_195_patch_1_3.jpg,B1,A1,0.5594
processed_data_cleaned\test\B1\B1.13.VOH-Rad_195_patch_2_0.jpg,B1,B2,0.4811
processed_data_cleaned\test\B1\B1.13.VOH-Rad_195_patch_2_3.jpg,B1,A2,0.54
processed_data_cleaned\test\B1\B1.13.VOH-Rad_195_patch_3_3.jpg,B1,A2,0.525
processed_data_cleaned\test\B1\B1.13.VOH-Rad_195_patch_3_4.jpg,B1,A2,0.5358
processed_data_cleaned\test\B1\B1.13.VOH-Rad_196_patch_0_1.jpg,B1,B2,0.9703
processed_data_cleaned\test\B1\B1.13.VOH-Rad_196_patch_0_2.jpg,B1,B2,0.8234
processed_data_cleaned\test\B1\B1.13.VOH-Rad_196_patch_0_4.jpg,B1,B2,0.6372
processed_data_cleaned\test\B1\B1.13.VOH-Rad_196_patch_0_5.jpg,B1,B2,0.3985
processed_data_cleaned\test\B1\B1.13.VOH-Rad_196_patch_1_0.jpg,B1,A1,0.7163
processed_data_cleaned\test\B1\B1.13.VOH-Rad_196_patch_1_1.jpg,B1,A1,0.562
processed_data_cleaned\test\B1\B1.13.VOH-Rad_196_patch_1_3.jpg,B1,A1,0.5973
processed_data_cleaned\test\B1\B1.13.VOH-Rad_196_patch_1_4.jpg,B1,B2,0.5934
processed_data_cleaned\test\B1\B1.13.VOH-Rad_196_patch_2_0.jpg,B1,A1,0.5388
processed_data_cleaned\test\B1\B1.13.VOH-Rad_196_patch_2_4.jpg,B1,A1,0.471
processed_data_cleaned\test\B1\B1.13.VOH-Rad_196_patch_3_2.jpg,B1,B2,0.834
processed_data_cleaned\test\B1\B1.13.VOH-Rad_196_patch_3_4.jpg,B1,B2,0.5413
processed_data_cleaned\test\B1\B1.13.VOH-Rad_196_patch_3_5.jpg,B1,A1,0.4959
processed_data_cleaned\test\B1\B1.13.VOH-Rad_197_patch_2_5.jpg,B1,B2,0.4941
processed_data_cleaned\test\B1\B1.13.VOH-Rad_197_patch_3_0.jpg,B1,A1,0.7001
processed_data_cleaned\test\B1\B1.13.VOH-Rad_198_patch_0_0.jpg,B1,B2,0.512
processed_data_cleaned\test\B1\B1.13.VOH-Rad_198_patch_0_1.jpg,B1,B2,0.7769
processed_data_cleaned\test\B1\B1.13.VOH-Rad_198_patch_0_2.jpg,B1,B2,0.5063
processed_data_cleaned\test\B1\B1.13.VOH-Rad_198_patch_1_0.jpg,B1,A1,0.7861
processed_data_cleaned\test\B1\B1.13.VOH-Rad_198_patch_1_1.jpg,B1,A1,0.779
processed_data_cleaned\test\B1\B1.13.VOH-Rad_198_patch_1_3.jpg,B1,A1,0.4861
processed_data_cleaned\test\B1\B1.13.VOH-Rad_198_patch_1_5.jpg,B1,A1,0.6182
processed_data_cleaned\test\B1\B1.13.VOH-Rad_198_patch_2_0.jpg,B1,A1,0.5349
processed_data_cleaned\test\B1\B1.13.VOH-Rad_198_patch_2_1.jpg,B1,A1,0.732
processed_data_cleaned\test\B1\B1.13.VOH-Rad_198_patch_2_2.jpg,B1,A1,0.5939
processed_data_cleaned\test\B1\B1.13.VOH-Rad_198_patch_2_5.jpg,B1,A1,0.7823
processed_data_cleaned\test\B1\B1.13.VOH-Rad_198_patch_3_0.jpg,B1,B2,0.4928
processed_data_cleaned\test\B1\B1.13.VOH-Rad_198_patch_3_2.jpg,B1,B2,0.4076
processed_data_cleaned\test\B1\B1.13.VOH-Rad_199_patch_0_1.jpg,B1,A2,0.4487
processed_data_cleaned\test\B1\B1.13.VOH-Rad_199_patch_0_2.jpg,B1,B2,0.6601
processed_data_cleaned\test\B1\B1.13.VOH-Rad_199_patch_0_3.jpg,B1,B2,0.9701
processed_data_cleaned\test\B1\B1.13.VOH-Rad_199_patch_0_4.jpg,B1,B2,0.7875
processed_data_cleaned\test\B1\B1.13.VOH-Rad_199_patch_0_5.jpg,B1,A1,0.4548
processed_data_cleaned\test\B1\B1.13.VOH-Rad_199_patch_2_2.jpg,B1,A1,0.3563
processed_data_cleaned\test\B1\B1.13.VOH-Rad_199_patch_2_4.jpg,B1,B2,0.3899
processed_data_cleaned\test\B1\B1.13.VOH-Rad_199_patch_2_5.jpg,B1,A1,0.5167
processed_data_cleaned\test\B1\B1.13.VOH-Rad_199_patch_3_1.jpg,B1,B2,0.7311
processed_data_cleaned\test\B1\B1.13.VOH-Rad_199_patch_3_2.jpg,B1,B2,0.4508
processed_data_cleaned\test\B1\B1.13.VOH-Rad_199_patch_3_3.jpg,B1,B2,0.6259
processed_data_cleaned\test\B1\B1.13.VOH-Rad_199_patch_3_5.jpg,B1,A1,0.4816
processed_data_cleaned\test\B1\B1.13.VOH-Rad_19_patch_0_0.jpg,B1,A1,0.73
processed_data_cleaned\test\B1\B1.13.VOH-Rad_19_patch_0_1.jpg,B1,A1,0.4271
processed_data_cleaned\test\B1\B1.13.VOH-Rad_19_patch_0_2.jpg,B1,B2,0.4756
processed_data_cleaned\test\B1\B1.13.VOH-Rad_19_patch_0_3.jpg,B1,A1,0.5009
processed_data_cleaned\test\B1\B1.13.VOH-Rad_19_patch_1_0.jpg,B1,A1,0.7122
processed_data_cleaned\test\B1\B1.13.VOH-Rad_19_patch_1_1.jpg,B1,A1,0.7588
processed_data_cleaned\test\B1\B1.13.VOH-Rad_19_patch_1_2.jpg,B1,A1,0.4118
processed_data_cleaned\test\B1\B1.13.VOH-Rad_19_patch_1_3.jpg,B1,A1,0.5381
processed_data_cleaned\test\B1\B1.13.VOH-Rad_19_patch_2_0.jpg,B1,A1,0.4745
processed_data_cleaned\test\B1\B1.13.VOH-Rad_19_patch_3_0.jpg,B1,A1,0.5722
processed_data_cleaned\test\B1\B1.13.VOH-Rad_19_patch_3_2.jpg,B1,B2,0.5763
processed_data_cleaned\test\B1\B1.13.VOH-Rad_200_patch_0_0.jpg,B1,A2,0.8098
processed_data_cleaned\test\B1\B1.13.VOH-Rad_200_patch_0_1.jpg,B1,A2,0.5198
processed_data_cleaned\test\B1\B1.13.VOH-Rad_200_patch_0_2.jpg,B1,A1,0.6468
processed_data_cleaned\test\B1\B1.13.VOH-Rad_200_patch_0_3.jpg,B1,A1,0.6891
processed_data_cleaned\test\B1\B1.13.VOH-Rad_200_patch_0_4.jpg,B1,B2,0.7449
processed_data_cleaned\test\B1\B1.13.VOH-Rad_200_patch_0_5.jpg,B1,B2,0.3105
processed_data_cleaned\test\B1\B1.13.VOH-Rad_200_patch_1_0.jpg,B1,B2,0.5934
processed_data_cleaned\test\B1\B1.13.VOH-Rad_200_patch_1_1.jpg,B1,B2,0.664
processed_data_cleaned\test\B1\B1.13.VOH-Rad_200_patch_1_2.jpg,B1,B2,0.459
processed_data_cleaned\test\B1\B1.13.VOH-Rad_200_patch_1_3.jpg,B1,A1,0.479
processed_data_cleaned\test\B1\B1.13.VOH-Rad_200_patch_2_0.jpg,B1,B2,0.8296
processed_data_cleaned\test\B1\B1.13.VOH-Rad_200_patch_2_1.jpg,B1,A1,0.4035
processed_data_cleaned\test\B1\B1.13.VOH-Rad_200_patch_2_2.jpg,B1,B2,0.4048
processed_data_cleaned\test\B1\B1.13.VOH-Rad_200_patch_2_3.jpg,B1,A1,0.3566
processed_data_cleaned\test\B1\B1.13.VOH-Rad_200_patch_3_0.jpg,B1,A1,0.4227
processed_data_cleaned\test\B1\B1.13.VOH-Rad_200_patch_3_1.jpg,B1,A1,0.4698
processed_data_cleaned\test\B1\B1.13.VOH-Rad_201_patch_2_2.jpg,B1,A1,0.5074
processed_data_cleaned\test\B1\B1.13.VOH-Rad_201_patch_3_1.jpg,B1,B2,0.7778
processed_data_cleaned\test\B1\B1.13.VOH-Rad_202_patch_0_5.jpg,B1,A1,0.4515
processed_data_cleaned\test\B1\B1.13.VOH-Rad_202_patch_1_3.jpg,B1,B2,0.7363
processed_data_cleaned\test\B1\B1.13.VOH-Rad_202_patch_2_2.jpg,B1,A1,0.7894
processed_data_cleaned\test\B1\B1.13.VOH-Rad_202_patch_3_1.jpg,B1,B2,0.9487
processed_data_cleaned\test\B1\B1.13.VOH-Rad_203_patch_0_3.jpg,B1,A1,0.8983
processed_data_cleaned\test\B1\B1.13.VOH-Rad_203_patch_2_0.jpg,B1,A1,0.4969
processed_data_cleaned\test\B1\B1.13.VOH-Rad_203_patch_2_3.jpg,B1,B2,0.8213
processed_data_cleaned\test\B1\B1.13.VOH-Rad_203_patch_3_4.jpg,B1,B2,0.8165
processed_data_cleaned\test\B1\B1.13.VOH-Rad_203_patch_3_5.jpg,B1,B2,0.7294
processed_data_cleaned\test\B1\B1.13.VOH-Rad_204_patch_0_0.jpg,B1,B2,0.3671
processed_data_cleaned\test\B1\B1.13.VOH-Rad_204_patch_0_2.jpg,B1,B2,0.6388
processed_data_cleaned\test\B1\B1.13.VOH-Rad_204_patch_0_4.jpg,B1,A1,0.4457
processed_data_cleaned\test\B1\B1.13.VOH-Rad_204_patch_1_3.jpg,B1,A1,0.4929
processed_data_cleaned\test\B1\B1.13.VOH-Rad_204_patch_1_4.jpg,B1,A1,0.5692
processed_data_cleaned\test\B1\B1.13.VOH-Rad_204_patch_2_3.jpg,B1,A1,0.7598
processed_data_cleaned\test\B1\B1.13.VOH-Rad_204_patch_2_4.jpg,B1,A1,0.4361
processed_data_cleaned\test\B1\B1.13.VOH-Rad_204_patch_2_5.jpg,B1,A1,0.6861
processed_data_cleaned\test\B1\B1.13.VOH-Rad_204_patch_3_2.jpg,B1,A1,0.7164
processed_data_cleaned\test\B1\B1.13.VOH-Rad_204_patch_3_3.jpg,B1,B2,0.4986
processed_data_cleaned\test\B1\B1.13.VOH-Rad_204_patch_3_5.jpg,B1,A1,0.6167
processed_data_cleaned\test\B1\B1.13.VOH-Rad_205_patch_0_0.jpg,B1,A2,0.4824
processed_data_cleaned\test\B1\B1.13.VOH-Rad_205_patch_0_2.jpg,B1,B2,0.5522
processed_data_cleaned\test\B1\B1.13.VOH-Rad_205_patch_0_3.jpg,B1,B2,0.5547
processed_data_cleaned\test\B1\B1.13.VOH-Rad_205_patch_1_0.jpg,B1,B2,0.7746
processed_data_cleaned\test\B1\B1.13.VOH-Rad_205_patch_1_1.jpg,B1,B2,0.6033
processed_data_cleaned\test\B1\B1.13.VOH-Rad_205_patch_1_2.jpg,B1,A1,0.6756
processed_data_cleaned\test\B1\B1.13.VOH-Rad_205_patch_1_3.jpg,B1,A1,0.3989
processed_data_cleaned\test\B1\B1.13.VOH-Rad_205_patch_1_4.jpg,B1,A1,0.4169
processed_data_cleaned\test\B1\B1.13.VOH-Rad_205_patch_2_3.jpg,B1,A1,0.7564
processed_data_cleaned\test\B1\B1.13.VOH-Rad_205_patch_2_5.jpg,B1,B2,0.6298
processed_data_cleaned\test\B1\B1.13.VOH-Rad_205_patch_3_3.jpg,B1,A1,0.4512
processed_data_cleaned\test\B1\B1.13.VOH-Rad_206_patch_0_0.jpg,B1,A2,0.5574
processed_data_cleaned\test\B1\B1.13.VOH-Rad_206_patch_0_2.jpg,B1,B2,0.5577
processed_data_cleaned\test\B1\B1.13.VOH-Rad_206_patch_0_3.jpg,B1,B2,0.9324
processed_data_cleaned\test\B1\B1.13.VOH-Rad_206_patch_1_0.jpg,B1,B2,0.6225
processed_data_cleaned\test\B1\B1.13.VOH-Rad_206_patch_1_4.jpg,B1,B2,0.6222
processed_data_cleaned\test\B1\B1.13.VOH-Rad_206_patch_2_3.jpg,B1,A1,0.5967
processed_data_cleaned\test\B1\B1.13.VOH-Rad_206_patch_2_4.jpg,B1,A1,0.7165
processed_data_cleaned\test\B1\B1.13.VOH-Rad_206_patch_2_5.jpg,B1,B2,0.478
processed_data_cleaned\test\B1\B1.13.VOH-Rad_206_patch_3_3.jpg,B1,A1,0.5917
processed_data_cleaned\test\B1\B1.13.VOH-Rad_207_patch_0_0.jpg,B1,B2,0.487
processed_data_cleaned\test\B1\B1.13.VOH-Rad_207_patch_0_4.jpg,B1,A1,0.8737
processed_data_cleaned\test\B1\B1.13.VOH-Rad_207_patch_0_5.jpg,B1,A1,0.5999
processed_data_cleaned\test\B1\B1.13.VOH-Rad_207_patch_1_1.jpg,B1,B2,0.6913
processed_data_cleaned\test\B1\B1.13.VOH-Rad_207_patch_1_2.jpg,B1,A1,0.8493
processed_data_cleaned\test\B1\B1.13.VOH-Rad_207_patch_1_3.jpg,B1,A1,0.3659
processed_data_cleaned\test\B1\B1.13.VOH-Rad_207_patch_1_4.jpg,B1,B2,0.5852
processed_data_cleaned\test\B1\B1.13.VOH-Rad_207_patch_3_0.jpg,B1,A2,0.9574
processed_data_cleaned\test\B1\B1.13.VOH-Rad_207_patch_3_1.jpg,B1,B2,0.5932
processed_data_cleaned\test\B1\B1.13.VOH-Rad_207_patch_3_3.jpg,B1,B2,0.5516
processed_data_cleaned\test\B1\B1.13.VOH-Rad_208_patch_0_0.jpg,B1,B2,0.711
processed_data_cleaned\test\B1\B1.13.VOH-Rad_208_patch_1_0.jpg,B1,A2,0.5162
processed_data_cleaned\test\B1\B1.13.VOH-Rad_208_patch_1_2.jpg,B1,B2,0.8681
processed_data_cleaned\test\B1\B1.13.VOH-Rad_208_patch_3_3.jpg,B1,A1,0.4338
processed_data_cleaned\test\B1\B1.13.VOH-Rad_20_patch_0_0.jpg,B1,A1,0.4978
processed_data_cleaned\test\B1\B1.13.VOH-Rad_20_patch_0_1.jpg,B1,B2,0.4686
processed_data_cleaned\test\B1\B1.13.VOH-Rad_20_patch_0_2.jpg,B1,B2,0.3972
processed_data_cleaned\test\B1\B1.13.VOH-Rad_20_patch_1_0.jpg,B1,A1,0.7035
processed_data_cleaned\test\B1\B1.13.VOH-Rad_20_patch_1_4.jpg,B1,B2,0.6381
processed_data_cleaned\test\B1\B1.13.VOH-Rad_20_patch_2_0.jpg,B1,A1,0.472
processed_data_cleaned\test\B1\B1.13.VOH-Rad_20_patch_2_1.jpg,B1,A1,0.8285
processed_data_cleaned\test\B1\B1.13.VOH-Rad_20_patch_2_2.jpg,B1,B2,0.6145
processed_data_cleaned\test\B1\B1.13.VOH-Rad_20_patch_2_5.jpg,B1,B2,0.6183
processed_data_cleaned\test\B1\B1.13.VOH-Rad_20_patch_3_1.jpg,B1,A1,0.5045
processed_data_cleaned\test\B1\B1.13.VOH-Rad_20_patch_3_2.jpg,B1,B2,0.432
processed_data_cleaned\test\B1\B1.13.VOH-Rad_21_patch_0_0.jpg,B1,A1,0.5863
processed_data_cleaned\test\B1\B1.13.VOH-Rad_21_patch_0_2.jpg,B1,B2,0.3481
processed_data_cleaned\test\B1\B1.13.VOH-Rad_21_patch_1_0.jpg,B1,A1,0.5181
processed_data_cleaned\test\B1\B1.13.VOH-Rad_21_patch_1_3.jpg,B1,A1,0.6047
processed_data_cleaned\test\B1\B1.13.VOH-Rad_21_patch_1_4.jpg,B1,B2,0.5429
processed_data_cleaned\test\B1\B1.13.VOH-Rad_21_patch_2_1.jpg,B1,A1,0.4849
processed_data_cleaned\test\B1\B1.13.VOH-Rad_21_patch_2_2.jpg,B1,B2,0.6483
processed_data_cleaned\test\B1\B1.13.VOH-Rad_21_patch_2_3.jpg,B1,A1,0.4721
processed_data_cleaned\test\B1\B1.13.VOH-Rad_21_patch_2_5.jpg,B1,A1,0.542
processed_data_cleaned\test\B1\B1.13.VOH-Rad_21_patch_3_0.jpg,B1,B2,0.5686
processed_data_cleaned\test\B1\B1.13.VOH-Rad_21_patch_3_1.jpg,B1,A1,0.5999
processed_data_cleaned\test\B1\B1.13.VOH-Rad_21_patch_3_3.jpg,B1,A1,0.6166
processed_data_cleaned\test\B1\B1.13.VOH-Rad_22_patch_0_0.jpg,B1,A2,0.8161
processed_data_cleaned\test\B1\B1.13.VOH-Rad_22_patch_1_0.jpg,B1,A2,0.4722
processed_data_cleaned\test\B1\B1.13.VOH-Rad_22_patch_1_1.jpg,B1,A1,0.3872
processed_data_cleaned\test\B1\B1.13.VOH-Rad_22_patch_1_2.jpg,B1,A1,0.545
processed_data_cleaned\test\B1\B1.13.VOH-Rad_22_patch_3_0.jpg,B1,A1,0.4889
processed_data_cleaned\test\B1\B1.13.VOH-Rad_23_patch_0_2.jpg,B1,A1,0.4247
processed_data_cleaned\test\B1\B1.13.VOH-Rad_23_patch_1_0.jpg,B1,B2,0.7863
processed_data_cleaned\test\B1\B1.13.VOH-Rad_23_patch_1_1.jpg,B1,B2,0.4919
processed_data_cleaned\test\B1\B1.13.VOH-Rad_23_patch_1_3.jpg,B1,A1,0.3661
processed_data_cleaned\test\B1\B1.13.VOH-Rad_23_patch_2_0.jpg,B1,B2,0.8089
processed_data_cleaned\test\B1\B1.13.VOH-Rad_23_patch_3_1.jpg,B1,B2,0.4677
processed_data_cleaned\test\B1\B1.13.VOH-Rad_24_patch_0_0.jpg,B1,A1,0.6138
processed_data_cleaned\test\B1\B1.13.VOH-Rad_24_patch_1_1.jpg,B1,A1,0.5002
processed_data_cleaned\test\B1\B1.13.VOH-Rad_24_patch_1_2.jpg,B1,A1,0.584
processed_data_cleaned\test\B1\B1.13.VOH-Rad_24_patch_2_1.jpg,B1,A1,0.5137
processed_data_cleaned\test\B1\B1.13.VOH-Rad_24_patch_3_0.jpg,B1,A2,0.4769
processed_data_cleaned\test\B1\B1.13.VOH-Rad_24_patch_3_1.jpg,B1,A2,0.5462
processed_data_cleaned\test\B1\B1.13.VOH-Rad_24_patch_3_3.jpg,B1,B2,0.6976
processed_data_cleaned\test\B1\B1.13.VOH-Rad_25_patch_0_0.jpg,B1,A1,0.4644
processed_data_cleaned\test\B1\B1.13.VOH-Rad_25_patch_0_2.jpg,B1,A1,0.4993
processed_data_cleaned\test\B1\B1.13.VOH-Rad_25_patch_1_1.jpg,B1,A1,0.5363
processed_data_cleaned\test\B1\B1.13.VOH-Rad_25_patch_1_2.jpg,B1,A1,0.7123
processed_data_cleaned\test\B1\B1.13.VOH-Rad_25_patch_2_0.jpg,B1,A1,0.5459
processed_data_cleaned\test\B1\B1.13.VOH-Rad_25_patch_2_1.jpg,B1,A1,0.6215
processed_data_cleaned\test\B1\B1.13.VOH-Rad_25_patch_3_0.jpg,B1,A1,0.3876
processed_data_cleaned\test\B1\B1.13.VOH-Rad_25_patch_3_1.jpg,B1,A1,0.4339
processed_data_cleaned\test\B1\B1.13.VOH-Rad_26_patch_1_2.jpg,B1,A1,0.6309
processed_data_cleaned\test\B1\B1.13.VOH-Rad_26_patch_1_3.jpg,B1,B2,0.4261
processed_data_cleaned\test\B1\B1.13.VOH-Rad_26_patch_2_0.jpg,B1,A1,0.4914
processed_data_cleaned\test\B1\B1.13.VOH-Rad_26_patch_2_2.jpg,B1,B2,0.7513
processed_data_cleaned\test\B1\B1.13.VOH-Rad_26_patch_2_3.jpg,B1,A1,0.5149
processed_data_cleaned\test\B1\B1.13.VOH-Rad_26_patch_3_1.jpg,B1,A1,0.763
processed_data_cleaned\test\B1\B1.13.VOH-Rad_26_patch_3_2.jpg,B1,A1,0.5102
processed_data_cleaned\test\B1\B1.13.VOH-Rad_26_patch_3_3.jpg,B1,A1,0.9223
processed_data_cleaned\test\B1\B1.13.VOH-Rad_26_patch_3_4.jpg,B1,A1,0.4999
processed_data_cleaned\test\B1\B1.13.VOH-Rad_26_patch_3_5.jpg,B1,B2,0.5104
processed_data_cleaned\test\B1\B1.13.VOH-Rad_27_patch_0_3.jpg,B1,B2,0.9469
processed_data_cleaned\test\B1\B1.13.VOH-Rad_28_patch_2_3.jpg,B1,B2,0.9573
processed_data_cleaned\test\B1\B1.13.VOH-Rad_29_patch_0_5.jpg,B1,B2,0.8027
processed_data_cleaned\test\B1\B1.13.VOH-Rad_30_patch_2_4.jpg,B1,A1,0.6491
processed_data_cleaned\test\B1\B1.13.VOH-Rad_31_patch_0_1.jpg,B1,B2,0.8464
processed_data_cleaned\test\B1\B1.13.VOH-Rad_31_patch_0_2.jpg,B1,A1,0.8622
processed_data_cleaned\test\B1\B1.13.VOH-Rad_31_patch_0_4.jpg,B1,A1,0.4379
processed_data_cleaned\test\B1\B1.13.VOH-Rad_31_patch_0_5.jpg,B1,B2,0.5263
processed_data_cleaned\test\B1\B1.13.VOH-Rad_31_patch_1_1.jpg,B1,A1,0.5662
processed_data_cleaned\test\B1\B1.13.VOH-Rad_31_patch_1_2.jpg,B1,B2,0.8322
processed_data_cleaned\test\B1\B1.13.VOH-Rad_31_patch_1_3.jpg,B1,A1,0.731
processed_data_cleaned\test\B1\B1.13.VOH-Rad_31_patch_1_4.jpg,B1,B2,0.5956
processed_data_cleaned\test\B1\B1.13.VOH-Rad_31_patch_1_5.jpg,B1,B2,0.8002
processed_data_cleaned\test\B1\B1.13.VOH-Rad_31_patch_2_0.jpg,B1,A1,0.5702
processed_data_cleaned\test\B1\B1.13.VOH-Rad_31_patch_2_1.jpg,B1,A1,0.8437
processed_data_cleaned\test\B1\B1.13.VOH-Rad_31_patch_2_2.jpg,B1,A1,0.8959
processed_data_cleaned\test\B1\B1.13.VOH-Rad_31_patch_2_3.jpg,B1,A1,0.7111
processed_data_cleaned\test\B1\B1.13.VOH-Rad_31_patch_2_4.jpg,B1,B2,0.6346
processed_data_cleaned\test\B1\B1.13.VOH-Rad_31_patch_2_5.jpg,B1,B2,0.4548
processed_data_cleaned\test\B1\B1.13.VOH-Rad_31_patch_3_0.jpg,B1,B2,0.7839
processed_data_cleaned\test\B1\B1.13.VOH-Rad_31_patch_3_1.jpg,B1,A1,0.5807
processed_data_cleaned\test\B1\B1.13.VOH-Rad_31_patch_3_2.jpg,B1,B2,0.6617
processed_data_cleaned\test\B1\B1.13.VOH-Rad_31_patch_3_3.jpg,B1,A1,0.7995
processed_data_cleaned\test\B1\B1.13.VOH-Rad_31_patch_3_4.jpg,B1,B2,0.5139
processed_data_cleaned\test\B1\B1.13.VOH-Rad_32_patch_0_0.jpg,B1,B2,0.7183
processed_data_cleaned\test\B1\B1.13.VOH-Rad_32_patch_2_2.jpg,B1,A1,0.9817
processed_data_cleaned\test\B1\B1.13.VOH-Rad_32_patch_3_1.jpg,B1,B2,0.6159
processed_data_cleaned\test\B1\B1.13.VOH-Rad_32_patch_3_3.jpg,B1,A1,0.9435
processed_data_cleaned\test\B1\B1.13.VOH-Rad_32_patch_3_5.jpg,B1,B2,0.8922
processed_data_cleaned\test\B1\B1.13.VOH-Rad_33_patch_0_5.jpg,B1,A1,0.4785
processed_data_cleaned\test\B1\B1.13.VOH-Rad_33_patch_1_5.jpg,B1,A1,0.638
processed_data_cleaned\test\B1\B1.13.VOH-Rad_33_patch_2_5.jpg,B1,A1,0.5405
processed_data_cleaned\test\B1\B1.13.VOH-Rad_33_patch_3_5.jpg,B1,B2,0.5216
processed_data_cleaned\test\B1\B1.13.VOH-Rad_34_patch_0_5.jpg,B1,A1,0.9159
processed_data_cleaned\test\B1\B1.13.VOH-Rad_34_patch_1_3.jpg,B1,A1,0.7738
processed_data_cleaned\test\B1\B1.13.VOH-Rad_34_patch_1_4.jpg,B1,A1,0.711
processed_data_cleaned\test\B1\B1.13.VOH-Rad_34_patch_1_5.jpg,B1,A1,0.865
processed_data_cleaned\test\B1\B1.13.VOH-Rad_34_patch_2_4.jpg,B1,A1,0.947
processed_data_cleaned\test\B1\B1.13.VOH-Rad_34_patch_2_5.jpg,B1,A1,0.9128
processed_data_cleaned\test\B1\B1.13.VOH-Rad_34_patch_3_4.jpg,B1,B2,0.5415
processed_data_cleaned\test\B1\B1.13.VOH-Rad_34_patch_3_5.jpg,B1,B2,0.5609
processed_data_cleaned\test\B1\B1.13.VOH-Rad_35_patch_1_5.jpg,B1,A2,0.6072
processed_data_cleaned\test\B1\B1.13.VOH-Rad_35_patch_2_5.jpg,B1,A1,0.5512
processed_data_cleaned\test\B1\B1.13.VOH-Rad_35_patch_3_5.jpg,B1,A1,0.7261
processed_data_cleaned\test\B1\B1.13.VOH-Rad_36_patch_2_5.jpg,B1,A1,0.6963
processed_data_cleaned\test\B1\B1.13.VOH-Rad_36_patch_3_0.jpg,B1,B2,0.783
processed_data_cleaned\test\B1\B1.13.VOH-Rad_36_patch_3_1.jpg,B1,A1,0.3943
processed_data_cleaned\test\B1\B1.13.VOH-Rad_36_patch_3_5.jpg,B1,B2,0.4777
processed_data_cleaned\test\B1\B1.13.VOH-Rad_37_patch_0_5.jpg,B1,A1,0.489
processed_data_cleaned\test\B1\B1.13.VOH-Rad_37_patch_2_5.jpg,B1,A1,0.3281
processed_data_cleaned\test\B1\B1.13.VOH-Rad_37_patch_3_1.jpg,B1,A1,0.6618
processed_data_cleaned\test\B1\B1.13.VOH-Rad_37_patch_3_5.jpg,B1,A1,0.5963
processed_data_cleaned\test\B1\B1.13.VOH-Rad_38_patch_0_5.jpg,B1,A1,0.4273
processed_data_cleaned\test\B1\B1.13.VOH-Rad_38_patch_3_0.jpg,B1,B2,0.4101
processed_data_cleaned\test\B1\B1.13.VOH-Rad_38_patch_3_1.jpg,B1,A1,0.4445
processed_data_cleaned\test\B1\B1.13.VOH-Rad_38_patch_3_5.jpg,B1,A1,0.4838
processed_data_cleaned\test\B1\B1.13.VOH-Rad_39_patch_1_5.jpg,B1,A1,0.9736
processed_data_cleaned\test\B1\B1.13.VOH-Rad_39_patch_2_5.jpg,B1,A1,0.7282
processed_data_cleaned\test\B1\B1.13.VOH-Rad_39_patch_3_3.jpg,B1,A1,0.4049
processed_data_cleaned\test\B1\B1.13.VOH-Rad_39_patch_3_4.jpg,B1,A1,0.5359
processed_data_cleaned\test\B1\B1.13.VOH-Rad_39_patch_3_5.jpg,B1,A1,0.5577
processed_data_cleaned\test\B1\B1.13.VOH-Rad_40_patch_1_5.jpg,B1,A1,0.6365
processed_data_cleaned\test\B1\B1.13.VOH-Rad_40_patch_2_5.jpg,B1,A1,0.5908
processed_data_cleaned\test\B1\B1.13.VOH-Rad_40_patch_3_0.jpg,B1,B2,0.3454
processed_data_cleaned\test\B1\B1.13.VOH-Rad_40_patch_3_5.jpg,B1,A1,0.6462
processed_data_cleaned\test\B1\B1.13.VOH-Rad_41_patch_0_5.jpg,B1,A1,0.5851
processed_data_cleaned\test\B1\B1.13.VOH-Rad_41_patch_2_5.jpg,B1,B2,0.9251
processed_data_cleaned\test\B1\B1.13.VOH-Rad_41_patch_3_4.jpg,B1,B2,0.891
processed_data_cleaned\test\B1\B1.13.VOH-Rad_41_patch_3_5.jpg,B1,B2,0.8766
processed_data_cleaned\test\B1\B1.13.VOH-Rad_42_patch_0_4.jpg,B1,A1,0.4544
processed_data_cleaned\test\B1\B1.13.VOH-Rad_42_patch_0_5.jpg,B1,A1,0.5665
processed_data_cleaned\test\B1\B1.13.VOH-Rad_42_patch_1_2.jpg,B1,B2,0.6112
processed_data_cleaned\test\B1\B1.13.VOH-Rad_42_patch_2_3.jpg,B1,B2,0.9451
processed_data_cleaned\test\B1\B1.13.VOH-Rad_42_patch_2_4.jpg,B1,B2,0.7627
processed_data_cleaned\test\B1\B1.13.VOH-Rad_42_patch_2_5.jpg,B1,B2,0.7724
processed_data_cleaned\test\B1\B1.13.VOH-Rad_42_patch_3_1.jpg,B1,A1,0.5351
processed_data_cleaned\test\B1\B1.13.VOH-Rad_42_patch_3_3.jpg,B1,B2,0.9265
processed_data_cleaned\test\B1\B1.13.VOH-Rad_42_patch_3_5.jpg,B1,A1,0.6793
processed_data_cleaned\test\B1\B1.13.VOH-Rad_43_patch_0_5.jpg,B1,A1,0.5255
processed_data_cleaned\test\B1\B1.13.VOH-Rad_43_patch_1_2.jpg,B1,B2,0.3484
processed_data_cleaned\test\B1\B1.13.VOH-Rad_43_patch_2_3.jpg,B1,B2,0.9963
processed_data_cleaned\test\B1\B1.13.VOH-Rad_43_patch_2_4.jpg,B1,B2,0.6955
processed_data_cleaned\test\B1\B1.13.VOH-Rad_43_patch_2_5.jpg,B1,B2,0.8829
processed_data_cleaned\test\B1\B1.13.VOH-Rad_43_patch_3_3.jpg,B1,B2,0.6618
processed_data_cleaned\test\B1\B1.13.VOH-Rad_43_patch_3_4.jpg,B1,B2,0.6935
processed_data_cleaned\test\B1\B1.13.VOH-Rad_43_patch_3_5.jpg,B1,A1,0.7304
processed_data_cleaned\test\B1\B1.13.VOH-Rad_44_patch_0_1.jpg,B1,B2,0.4982
processed_data_cleaned\test\B1\B1.13.VOH-Rad_44_patch_0_2.jpg,B1,B2,0.5661
processed_data_cleaned\test\B1\B1.13.VOH-Rad_44_patch_1_1.jpg,B1,B2,0.8309
processed_data_cleaned\test\B1\B1.13.VOH-Rad_44_patch_2_4.jpg,B1,A2,0.9193
processed_data_cleaned\test\B1\B1.13.VOH-Rad_44_patch_3_2.jpg,B1,A1,0.7708
processed_data_cleaned\test\B1\B1.13.VOH-Rad_45_patch_1_1.jpg,B1,B2,0.4426
processed_data_cleaned\test\B1\B1.13.VOH-Rad_45_patch_2_4.jpg,B1,A2,0.7494
processed_data_cleaned\test\B1\B1.13.VOH-Rad_45_patch_3_1.jpg,B1,B2,0.6586
processed_data_cleaned\test\B1\B1.13.VOH-Rad_45_patch_3_2.jpg,B1,A1,0.8633
processed_data_cleaned\test\B1\B1.13.VOH-Rad_46_patch_0_4.jpg,B1,A1,0.9266
processed_data_cleaned\test\B1\B1.13.VOH-Rad_46_patch_0_5.jpg,B1,A1,0.9864
processed_data_cleaned\test\B1\B1.13.VOH-Rad_46_patch_1_4.jpg,B1,A1,0.9837
processed_data_cleaned\test\B1\B1.13.VOH-Rad_46_patch_1_5.jpg,B1,A1,0.9297
processed_data_cleaned\test\B1\B1.13.VOH-Rad_46_patch_2_3.jpg,B1,A1,0.7002
processed_data_cleaned\test\B1\B1.13.VOH-Rad_46_patch_2_4.jpg,B1,A1,0.8312
processed_data_cleaned\test\B1\B1.13.VOH-Rad_46_patch_2_5.jpg,B1,B2,0.5525
processed_data_cleaned\test\B1\B1.13.VOH-Rad_46_patch_3_3.jpg,B1,A1,0.7345
processed_data_cleaned\test\B1\B1.13.VOH-Rad_46_patch_3_4.jpg,B1,A1,0.5479
processed_data_cleaned\test\B1\B1.13.VOH-Rad_46_patch_3_5.jpg,B1,A1,0.9264
processed_data_cleaned\test\B1\B1.13.VOH-Rad_47_patch_0_4.jpg,B1,A1,0.8713
processed_data_cleaned\test\B1\B1.13.VOH-Rad_47_patch_0_5.jpg,B1,A1,0.9099
processed_data_cleaned\test\B1\B1.13.VOH-Rad_47_patch_1_3.jpg,B1,A1,0.7907
processed_data_cleaned\test\B1\B1.13.VOH-Rad_47_patch_1_4.jpg,B1,A1,0.7336
processed_data_cleaned\test\B1\B1.13.VOH-Rad_47_patch_1_5.jpg,B1,A1,0.9596
processed_data_cleaned\test\B1\B1.13.VOH-Rad_47_patch_2_4.jpg,B1,A1,0.6725
processed_data_cleaned\test\B1\B1.13.VOH-Rad_47_patch_2_5.jpg,B1,B2,0.5343
processed_data_cleaned\test\B1\B1.13.VOH-Rad_47_patch_3_3.jpg,B1,B2,0.3827
processed_data_cleaned\test\B1\B1.13.VOH-Rad_47_patch_3_4.jpg,B1,A1,0.908
processed_data_cleaned\test\B1\B1.13.VOH-Rad_47_patch_3_5.jpg,B1,A1,0.9434
processed_data_cleaned\test\B1\B1.13.VOH-Rad_48_patch_0_3.jpg,B1,A1,0.8009
processed_data_cleaned\test\B1\B1.13.VOH-Rad_48_patch_0_4.jpg,B1,A1,0.9531
processed_data_cleaned\test\B1\B1.13.VOH-Rad_48_patch_0_5.jpg,B1,A1,0.9917
processed_data_cleaned\test\B1\B1.13.VOH-Rad_48_patch_1_3.jpg,B1,A1,0.8145
processed_data_cleaned\test\B1\B1.13.VOH-Rad_48_patch_1_4.jpg,B1,A1,0.8487
processed_data_cleaned\test\B1\B1.13.VOH-Rad_48_patch_1_5.jpg,B1,A1,0.8267
processed_data_cleaned\test\B1\B1.13.VOH-Rad_48_patch_2_2.jpg,B1,A2,0.4643
processed_data_cleaned\test\B1\B1.13.VOH-Rad_48_patch_2_3.jpg,B1,A1,0.8885
processed_data_cleaned\test\B1\B1.13.VOH-Rad_48_patch_2_4.jpg,B1,A1,0.8514
processed_data_cleaned\test\B1\B1.13.VOH-Rad_48_patch_2_5.jpg,B1,A1,0.9742
processed_data_cleaned\test\B1\B1.13.VOH-Rad_48_patch_3_3.jpg,B1,A1,0.5723
processed_data_cleaned\test\B1\B1.13.VOH-Rad_48_patch_3_4.jpg,B1,A1,0.6571
processed_data_cleaned\test\B1\B1.13.VOH-Rad_48_patch_3_5.jpg,B1,A1,0.8102
processed_data_cleaned\test\B1\B1.13.VOH-Rad_49_patch_0_1.jpg,B1,A1,0.5693
processed_data_cleaned\test\B1\B1.13.VOH-Rad_49_patch_0_3.jpg,B1,A2,0.584
processed_data_cleaned\test\B1\B1.13.VOH-Rad_49_patch_0_4.jpg,B1,A1,0.3874
processed_data_cleaned\test\B1\B1.13.VOH-Rad_49_patch_1_1.jpg,B1,A2,0.7724
processed_data_cleaned\test\B1\B1.13.VOH-Rad_49_patch_2_5.jpg,B1,B2,0.9947
processed_data_cleaned\test\B1\B1.13.VOH-Rad_49_patch_3_5.jpg,B1,A1,0.6894
processed_data_cleaned\test\B1\B1.13.VOH-Rad_50_patch_0_1.jpg,B1,A1,0.8009
processed_data_cleaned\test\B1\B1.13.VOH-Rad_50_patch_0_3.jpg,B1,A1,0.6776
processed_data_cleaned\test\B1\B1.13.VOH-Rad_50_patch_0_4.jpg,B1,A1,0.4079
processed_data_cleaned\test\B1\B1.13.VOH-Rad_50_patch_1_1.jpg,B1,A2,0.549
processed_data_cleaned\test\B1\B1.13.VOH-Rad_50_patch_1_5.jpg,B1,B2,0.9555
processed_data_cleaned\test\B1\B1.13.VOH-Rad_50_patch_2_4.jpg,B1,B2,0.9692
processed_data_cleaned\test\B1\B1.13.VOH-Rad_50_patch_2_5.jpg,B1,B2,0.9853
processed_data_cleaned\test\B1\B1.13.VOH-Rad_50_patch_3_5.jpg,B1,A1,0.4042
processed_data_cleaned\test\B1\B1.13.VOH-Rad_51_patch_0_1.jpg,B1,A1,0.6869
processed_data_cleaned\test\B1\B1.13.VOH-Rad_51_patch_1_1.jpg,B1,B2,0.6292
processed_data_cleaned\test\B1\B1.13.VOH-Rad_51_patch_2_2.jpg,B1,A1,0.6487
processed_data_cleaned\test\B1\B1.13.VOH-Rad_51_patch_2_4.jpg,B1,B2,0.8925
processed_data_cleaned\test\B1\B1.13.VOH-Rad_51_patch_2_5.jpg,B1,B2,0.8995
processed_data_cleaned\test\B1\B1.13.VOH-Rad_51_patch_3_5.jpg,B1,A1,0.6688
processed_data_cleaned\test\B1\B1.13.VOH-Rad_52_patch_0_0.jpg,B1,B2,0.6614
processed_data_cleaned\test\B1\B1.13.VOH-Rad_52_patch_1_1.jpg,B1,A2,0.5842
processed_data_cleaned\test\B1\B1.13.VOH-Rad_52_patch_2_4.jpg,B1,B2,0.8924
processed_data_cleaned\test\B1\B1.13.VOH-Rad_52_patch_2_5.jpg,B1,B2,0.9629
processed_data_cleaned\test\B1\B1.13.VOH-Rad_52_patch_3_4.jpg,B1,A1,0.6179
processed_data_cleaned\test\B1\B1.13.VOH-Rad_52_patch_3_5.jpg,B1,A2,0.5808
processed_data_cleaned\test\B1\B1.13.VOH-Rad_53_patch_2_2.jpg,B1,B2,0.9151
processed_data_cleaned\test\B1\B1.13.VOH-Rad_53_patch_2_3.jpg,B1,B2,0.9189
processed_data_cleaned\test\B1\B1.13.VOH-Rad_53_patch_2_4.jpg,B1,B2,0.9267
processed_data_cleaned\test\B1\B1.13.VOH-Rad_53_patch_3_3.jpg,B1,A1,0.4522
processed_data_cleaned\test\B1\B1.13.VOH-Rad_53_patch_3_4.jpg,B1,A1,0.6899
processed_data_cleaned\test\B1\B1.13.VOH-Rad_53_patch_3_5.jpg,B1,B2,0.5568
processed_data_cleaned\test\B1\B1.13.VOH-Rad_54_patch_0_1.jpg,B1,A1,0.3635
processed_data_cleaned\test\B1\B1.13.VOH-Rad_54_patch_1_0.jpg,B1,A1,0.5063
processed_data_cleaned\test\B1\B1.13.VOH-Rad_54_patch_1_1.jpg,B1,A1,0.7025
processed_data_cleaned\test\B1\B1.13.VOH-Rad_54_patch_1_3.jpg,B1,B2,0.9852
processed_data_cleaned\test\B1\B1.13.VOH-Rad_54_patch_2_1.jpg,B1,B2,0.9802
processed_data_cleaned\test\B1\B1.13.VOH-Rad_54_patch_2_2.jpg,B1,B2,0.9579
processed_data_cleaned\test\B1\B1.13.VOH-Rad_54_patch_2_3.jpg,B1,B2,0.985
processed_data_cleaned\test\B1\B1.13.VOH-Rad_54_patch_2_4.jpg,B1,B2,0.9917
processed_data_cleaned\test\B1\B1.13.VOH-Rad_54_patch_3_1.jpg,B1,A1,0.4205
processed_data_cleaned\test\B1\B1.13.VOH-Rad_54_patch_3_3.jpg,B1,B2,0.4672
processed_data_cleaned\test\B1\B1.13.VOH-Rad_54_patch_3_4.jpg,B1,A1,0.8526
processed_data_cleaned\test\B1\B1.13.VOH-Rad_54_patch_3_5.jpg,B1,A1,0.6279
processed_data_cleaned\test\B1\B1.13.VOH-Rad_55_patch_0_0.jpg,B1,B2,0.5452
processed_data_cleaned\test\B1\B1.13.VOH-Rad_55_patch_0_1.jpg,B1,A1,0.5161
processed_data_cleaned\test\B1\B1.13.VOH-Rad_55_patch_1_1.jpg,B1,B2,0.9691
processed_data_cleaned\test\B1\B1.13.VOH-Rad_55_patch_1_2.jpg,B1,B2,0.9765
processed_data_cleaned\test\B1\B1.13.VOH-Rad_55_patch_1_3.jpg,B1,B2,0.9994
processed_data_cleaned\test\B1\B1.13.VOH-Rad_55_patch_2_0.jpg,B1,A1,0.5001
processed_data_cleaned\test\B1\B1.13.VOH-Rad_55_patch_2_2.jpg,B1,B2,0.7006
processed_data_cleaned\test\B1\B1.13.VOH-Rad_55_patch_2_3.jpg,B1,B2,0.9135
processed_data_cleaned\test\B1\B1.13.VOH-Rad_55_patch_2_4.jpg,B1,B2,0.8308
processed_data_cleaned\test\B1\B1.13.VOH-Rad_55_patch_2_5.jpg,B1,B2,0.7384
processed_data_cleaned\test\B1\B1.13.VOH-Rad_55_patch_3_3.jpg,B1,B2,0.3353
processed_data_cleaned\test\B1\B1.13.VOH-Rad_55_patch_3_4.jpg,B1,A1,0.5989
processed_data_cleaned\test\B1\B1.13.VOH-Rad_55_patch_3_5.jpg,B1,A1,0.594
processed_data_cleaned\test\B1\B1.13.VOH-Rad_56_patch_0_0.jpg,B1,A1,0.9832
processed_data_cleaned\test\B1\B1.13.VOH-Rad_56_patch_0_1.jpg,B1,A1,0.9759
processed_data_cleaned\test\B1\B1.13.VOH-Rad_56_patch_0_2.jpg,B1,A1,0.9376
processed_data_cleaned\test\B1\B1.13.VOH-Rad_56_patch_0_3.jpg,B1,A1,0.9588
processed_data_cleaned\test\B1\B1.13.VOH-Rad_56_patch_1_0.jpg,B1,A1,0.9916
processed_data_cleaned\test\B1\B1.13.VOH-Rad_56_patch_1_1.jpg,B1,A1,0.9903
processed_data_cleaned\test\B1\B1.13.VOH-Rad_56_patch_1_2.jpg,B1,A1,0.9894
processed_data_cleaned\test\B1\B1.13.VOH-Rad_56_patch_1_3.jpg,B1,A1,0.987
processed_data_cleaned\test\B1\B1.13.VOH-Rad_56_patch_1_4.jpg,B1,A1,0.8551
processed_data_cleaned\test\B1\B1.13.VOH-Rad_56_patch_2_0.jpg,B1,A1,0.9975
processed_data_cleaned\test\B1\B1.13.VOH-Rad_56_patch_2_1.jpg,B1,A1,0.9938
processed_data_cleaned\test\B1\B1.13.VOH-Rad_56_patch_2_2.jpg,B1,A1,0.9945
processed_data_cleaned\test\B1\B1.13.VOH-Rad_56_patch_2_3.jpg,B1,A1,0.9963
processed_data_cleaned\test\B1\B1.13.VOH-Rad_57_patch_0_0.jpg,B1,A1,0.8977
processed_data_cleaned\test\B1\B1.13.VOH-Rad_57_patch_0_1.jpg,B1,A1,0.9314
processed_data_cleaned\test\B1\B1.13.VOH-Rad_57_patch_0_2.jpg,B1,A1,0.382
processed_data_cleaned\test\B1\B1.13.VOH-Rad_57_patch_0_3.jpg,B1,A1,0.9298
processed_data_cleaned\test\B1\B1.13.VOH-Rad_57_patch_0_4.jpg,B1,A1,0.7846
processed_data_cleaned\test\B1\B1.13.VOH-Rad_57_patch_1_0.jpg,B1,A1,0.9794
processed_data_cleaned\test\B1\B1.13.VOH-Rad_57_patch_1_1.jpg,B1,A1,0.9971
processed_data_cleaned\test\B1\B1.13.VOH-Rad_57_patch_1_2.jpg,B1,A1,0.9161
processed_data_cleaned\test\B1\B1.13.VOH-Rad_57_patch_1_3.jpg,B1,A1,0.9789
processed_data_cleaned\test\B1\B1.13.VOH-Rad_57_patch_1_4.jpg,B1,A1,0.7961
processed_data_cleaned\test\B1\B1.13.VOH-Rad_57_patch_2_0.jpg,B1,A1,0.9764
processed_data_cleaned\test\B1\B1.13.VOH-Rad_57_patch_2_1.jpg,B1,A1,0.9923
processed_data_cleaned\test\B1\B1.13.VOH-Rad_57_patch_2_2.jpg,B1,A1,0.9917
processed_data_cleaned\test\B1\B1.13.VOH-Rad_57_patch_2_3.jpg,B1,A1,0.9903
processed_data_cleaned\test\B1\B1.13.VOH-Rad_58_patch_0_2.jpg,B1,B2,0.5478
processed_data_cleaned\test\B1\B1.13.VOH-Rad_58_patch_0_4.jpg,B1,A1,0.4712
processed_data_cleaned\test\B1\B1.13.VOH-Rad_58_patch_0_5.jpg,B1,B2,0.5495
processed_data_cleaned\test\B1\B1.13.VOH-Rad_58_patch_1_3.jpg,B1,B2,0.5474
processed_data_cleaned\test\B1\B1.13.VOH-Rad_58_patch_1_4.jpg,B1,A1,0.7266
processed_data_cleaned\test\B1\B1.13.VOH-Rad_58_patch_2_2.jpg,B1,B2,0.6823
processed_data_cleaned\test\B1\B1.13.VOH-Rad_58_patch_2_3.jpg,B1,B2,0.4974
processed_data_cleaned\test\B1\B1.13.VOH-Rad_58_patch_2_4.jpg,B1,A1,0.734
processed_data_cleaned\test\B1\B1.13.VOH-Rad_58_patch_2_5.jpg,B1,A1,0.5167
processed_data_cleaned\test\B1\B1.13.VOH-Rad_58_patch_3_1.jpg,B1,B2,0.9489
processed_data_cleaned\test\B1\B1.13.VOH-Rad_58_patch_3_2.jpg,B1,B2,0.9156
processed_data_cleaned\test\B1\B1.13.VOH-Rad_58_patch_3_3.jpg,B1,B2,0.599
processed_data_cleaned\test\B1\B1.13.VOH-Rad_58_patch_3_4.jpg,B1,A1,0.9591
processed_data_cleaned\test\B1\B1.13.VOH-Rad_58_patch_3_5.jpg,B1,A1,0.6704
processed_data_cleaned\test\B1\B1.13.VOH-Rad_59_patch_0_2.jpg,B1,B2,0.4861
processed_data_cleaned\test\B1\B1.13.VOH-Rad_59_patch_0_4.jpg,B1,A1,0.7731
processed_data_cleaned\test\B1\B1.13.VOH-Rad_59_patch_1_3.jpg,B1,B2,0.9835
processed_data_cleaned\test\B1\B1.13.VOH-Rad_59_patch_1_4.jpg,B1,B2,0.9871
processed_data_cleaned\test\B1\B1.13.VOH-Rad_59_patch_2_1.jpg,B1,B2,0.3962
processed_data_cleaned\test\B1\B1.13.VOH-Rad_59_patch_2_2.jpg,B1,B2,0.4655
processed_data_cleaned\test\B1\B1.13.VOH-Rad_59_patch_2_3.jpg,B1,A2,0.3946
processed_data_cleaned\test\B1\B1.13.VOH-Rad_59_patch_2_4.jpg,B1,B2,0.5584
processed_data_cleaned\test\B1\B1.13.VOH-Rad_59_patch_3_3.jpg,B1,B2,0.6065
processed_data_cleaned\test\B1\B1.13.VOH-Rad_59_patch_3_4.jpg,B1,B2,0.4432
processed_data_cleaned\test\B1\B1.13.VOH-Rad_59_patch_3_5.jpg,B1,A1,0.5682
processed_data_cleaned\test\B1\B1.13.VOH-Rad_61_patch_1_4.jpg,B1,B2,0.995
processed_data_cleaned\test\B1\B1.13.VOH-Rad_61_patch_2_1.jpg,B1,B2,0.4315
processed_data_cleaned\test\B1\B1.13.VOH-Rad_61_patch_2_2.jpg,B1,B2,0.4892
processed_data_cleaned\test\B1\B1.13.VOH-Rad_61_patch_2_3.jpg,B1,B2,0.6603
processed_data_cleaned\test\B1\B1.13.VOH-Rad_61_patch_2_4.jpg,B1,B2,0.6736
processed_data_cleaned\test\B1\B1.13.VOH-Rad_61_patch_2_5.jpg,B1,B2,0.4245
processed_data_cleaned\test\B1\B1.13.VOH-Rad_61_patch_3_5.jpg,B1,A1,0.4519
processed_data_cleaned\test\B1\B1.13.VOH-Rad_62_patch_0_2.jpg,B1,A1,0.8025
processed_data_cleaned\test\B1\B1.13.VOH-Rad_62_patch_1_2.jpg,B1,B2,0.5055
processed_data_cleaned\test\B1\B1.13.VOH-Rad_62_patch_1_3.jpg,B1,B2,0.482
processed_data_cleaned\test\B1\B1.13.VOH-Rad_63_patch_0_2.jpg,B1,A1,0.5286
processed_data_cleaned\test\B1\B1.13.VOH-Rad_63_patch_1_3.jpg,B1,B2,0.7221
processed_data_cleaned\test\B1\B1.13.VOH-Rad_63_patch_1_5.jpg,B1,B2,0.4096
processed_data_cleaned\test\B1\B1.13.VOH-Rad_64_patch_0_3.jpg,B1,A1,0.8983
processed_data_cleaned\test\B1\B1.13.VOH-Rad_64_patch_0_4.jpg,B1,A1,0.9365
processed_data_cleaned\test\B1\B1.13.VOH-Rad_64_patch_0_5.jpg,B1,A1,0.8923
processed_data_cleaned\test\B1\B1.13.VOH-Rad_64_patch_1_2.jpg,B1,A1,0.6689
processed_data_cleaned\test\B1\B1.13.VOH-Rad_64_patch_1_4.jpg,B1,A1,0.8685
processed_data_cleaned\test\B1\B1.13.VOH-Rad_64_patch_1_5.jpg,B1,A1,0.432
processed_data_cleaned\test\B1\B1.13.VOH-Rad_64_patch_2_2.jpg,B1,A1,0.8801
processed_data_cleaned\test\B1\B1.13.VOH-Rad_64_patch_2_3.jpg,B1,A1,0.7412
processed_data_cleaned\test\B1\B1.13.VOH-Rad_64_patch_2_4.jpg,B1,A1,0.7644
processed_data_cleaned\test\B1\B1.13.VOH-Rad_64_patch_2_5.jpg,B1,B2,0.9595
processed_data_cleaned\test\B1\B1.13.VOH-Rad_64_patch_3_3.jpg,B1,A1,0.8019
processed_data_cleaned\test\B1\B1.13.VOH-Rad_64_patch_3_4.jpg,B1,B2,0.824
processed_data_cleaned\test\B1\B1.13.VOH-Rad_64_patch_3_5.jpg,B1,B2,0.9963
processed_data_cleaned\test\B1\B1.13.VOH-Rad_65_patch_0_2.jpg,B1,B2,0.8999
processed_data_cleaned\test\B1\B1.13.VOH-Rad_65_patch_0_3.jpg,B1,A1,0.7866
processed_data_cleaned\test\B1\B1.13.VOH-Rad_65_patch_0_4.jpg,B1,A1,0.9022
processed_data_cleaned\test\B1\B1.13.VOH-Rad_65_patch_0_5.jpg,B1,A1,0.9415
processed_data_cleaned\test\B1\B1.13.VOH-Rad_65_patch_1_2.jpg,B1,A1,0.7335
processed_data_cleaned\test\B1\B1.13.VOH-Rad_65_patch_1_3.jpg,B1,A1,0.9125
processed_data_cleaned\test\B1\B1.13.VOH-Rad_65_patch_1_4.jpg,B1,A1,0.8833
processed_data_cleaned\test\B1\B1.13.VOH-Rad_65_patch_2_2.jpg,B1,A1,0.6059
processed_data_cleaned\test\B1\B1.13.VOH-Rad_65_patch_2_3.jpg,B1,A2,0.7567
processed_data_cleaned\test\B1\B1.13.VOH-Rad_65_patch_2_4.jpg,B1,A1,0.7304
processed_data_cleaned\test\B1\B1.13.VOH-Rad_65_patch_2_5.jpg,B1,B2,0.9023
processed_data_cleaned\test\B1\B1.13.VOH-Rad_65_patch_3_2.jpg,B1,B2,0.8124
processed_data_cleaned\test\B1\B1.13.VOH-Rad_65_patch_3_3.jpg,B1,B2,0.8805
processed_data_cleaned\test\B1\B1.13.VOH-Rad_65_patch_3_4.jpg,B1,B2,0.8576
processed_data_cleaned\test\B1\B1.13.VOH-Rad_65_patch_3_5.jpg,B1,B2,0.9725
processed_data_cleaned\test\B1\B1.13.VOH-Rad_66_patch_0_0.jpg,B1,A1,0.9896
processed_data_cleaned\test\B1\B1.13.VOH-Rad_66_patch_0_1.jpg,B1,A1,0.9715
processed_data_cleaned\test\B1\B1.13.VOH-Rad_66_patch_0_2.jpg,B1,A1,0.9666
processed_data_cleaned\test\B1\B1.13.VOH-Rad_66_patch_0_3.jpg,B1,A1,0.9889
processed_data_cleaned\test\B1\B1.13.VOH-Rad_66_patch_0_4.jpg,B1,A1,0.9926
processed_data_cleaned\test\B1\B1.13.VOH-Rad_66_patch_0_5.jpg,B1,A1,0.9354
processed_data_cleaned\test\B1\B1.13.VOH-Rad_66_patch_1_0.jpg,B1,A1,0.9377
processed_data_cleaned\test\B1\B1.13.VOH-Rad_66_patch_1_1.jpg,B1,A1,0.9834
processed_data_cleaned\test\B1\B1.13.VOH-Rad_66_patch_1_2.jpg,B1,A1,0.978
processed_data_cleaned\test\B1\B1.13.VOH-Rad_66_patch_1_3.jpg,B1,A1,0.9594
processed_data_cleaned\test\B1\B1.13.VOH-Rad_66_patch_1_4.jpg,B1,A1,0.9836
processed_data_cleaned\test\B1\B1.13.VOH-Rad_66_patch_1_5.jpg,B1,A1,0.889
processed_data_cleaned\test\B1\B1.13.VOH-Rad_66_patch_2_0.jpg,B1,A1,0.9772
processed_data_cleaned\test\B1\B1.13.VOH-Rad_66_patch_2_1.jpg,B1,A1,0.5223
processed_data_cleaned\test\B1\B1.13.VOH-Rad_66_patch_2_2.jpg,B1,A1,0.9305
processed_data_cleaned\test\B1\B1.13.VOH-Rad_66_patch_2_3.jpg,B1,A1,0.8942
processed_data_cleaned\test\B1\B1.13.VOH-Rad_66_patch_2_4.jpg,B1,A1,0.7022
processed_data_cleaned\test\B1\B1.13.VOH-Rad_66_patch_3_0.jpg,B1,A1,0.6636
processed_data_cleaned\test\B1\B1.13.VOH-Rad_66_patch_3_1.jpg,B1,A2,0.7922
processed_data_cleaned\test\B1\B1.13.VOH-Rad_66_patch_3_4.jpg,B1,A1,0.616
processed_data_cleaned\test\B1\B1.13.VOH-Rad_67_patch_0_0.jpg,B1,A1,0.94
processed_data_cleaned\test\B1\B1.13.VOH-Rad_67_patch_0_1.jpg,B1,A1,0.9762
processed_data_cleaned\test\B1\B1.13.VOH-Rad_67_patch_0_2.jpg,B1,A1,0.9866
processed_data_cleaned\test\B1\B1.13.VOH-Rad_67_patch_0_3.jpg,B1,A1,0.9254
processed_data_cleaned\test\B1\B1.13.VOH-Rad_67_patch_0_4.jpg,B1,A1,0.9789
processed_data_cleaned\test\B1\B1.13.VOH-Rad_67_patch_0_5.jpg,B1,A1,0.7342
processed_data_cleaned\test\B1\B1.13.VOH-Rad_67_patch_1_0.jpg,B1,A1,0.8169
processed_data_cleaned\test\B1\B1.13.VOH-Rad_67_patch_1_1.jpg,B1,A1,0.4706
processed_data_cleaned\test\B1\B1.13.VOH-Rad_67_patch_1_2.jpg,B1,A1,0.7724
processed_data_cleaned\test\B1\B1.13.VOH-Rad_67_patch_1_3.jpg,B1,A1,0.9177
processed_data_cleaned\test\B1\B1.13.VOH-Rad_67_patch_1_4.jpg,B1,A1,0.6257
processed_data_cleaned\test\B1\B1.13.VOH-Rad_67_patch_1_5.jpg,B1,A1,0.945
processed_data_cleaned\test\B1\B1.13.VOH-Rad_67_patch_2_0.jpg,B1,A1,0.521
processed_data_cleaned\test\B1\B1.13.VOH-Rad_67_patch_2_1.jpg,B1,A1,0.6364
processed_data_cleaned\test\B1\B1.13.VOH-Rad_67_patch_2_2.jpg,B1,A1,0.9712
processed_data_cleaned\test\B1\B1.13.VOH-Rad_67_patch_2_3.jpg,B1,A1,0.6928
processed_data_cleaned\test\B1\B1.13.VOH-Rad_67_patch_2_4.jpg,B1,A1,0.7745
processed_data_cleaned\test\B1\B1.13.VOH-Rad_67_patch_2_5.jpg,B1,A1,0.7922
processed_data_cleaned\test\B1\B1.13.VOH-Rad_67_patch_3_0.jpg,B1,A1,0.8857
processed_data_cleaned\test\B1\B1.13.VOH-Rad_67_patch_3_1.jpg,B1,A1,0.821
processed_data_cleaned\test\B1\B1.13.VOH-Rad_67_patch_3_2.jpg,B1,A1,0.9642
processed_data_cleaned\test\B1\B1.13.VOH-Rad_67_patch_3_4.jpg,B1,A1,0.7191
processed_data_cleaned\test\B1\B1.13.VOH-Rad_67_patch_3_5.jpg,B1,A1,0.8103
processed_data_cleaned\test\B1\B1.13.VOH-Rad_68_patch_0_1.jpg,B1,A1,0.8847
processed_data_cleaned\test\B1\B1.13.VOH-Rad_68_patch_0_2.jpg,B1,A1,0.9359
processed_data_cleaned\test\B1\B1.13.VOH-Rad_68_patch_0_3.jpg,B1,A1,0.8491
processed_data_cleaned\test\B1\B1.13.VOH-Rad_68_patch_0_4.jpg,B1,A1,0.9347
processed_data_cleaned\test\B1\B1.13.VOH-Rad_68_patch_0_5.jpg,B1,A1,0.9116
processed_data_cleaned\test\B1\B1.13.VOH-Rad_68_patch_1_1.jpg,B1,A1,0.944
processed_data_cleaned\test\B1\B1.13.VOH-Rad_68_patch_1_2.jpg,B1,A1,0.9531
processed_data_cleaned\test\B1\B1.13.VOH-Rad_68_patch_1_3.jpg,B1,A1,0.9371
processed_data_cleaned\test\B1\B1.13.VOH-Rad_68_patch_1_4.jpg,B1,A1,0.9127
processed_data_cleaned\test\B1\B1.13.VOH-Rad_68_patch_1_5.jpg,B1,A1,0.935
processed_data_cleaned\test\B1\B1.13.VOH-Rad_68_patch_2_0.jpg,B1,A1,0.5108
processed_data_cleaned\test\B1\B1.13.VOH-Rad_68_patch_2_1.jpg,B1,A1,0.8178
processed_data_cleaned\test\B1\B1.13.VOH-Rad_68_patch_2_2.jpg,B1,A1,0.8798
processed_data_cleaned\test\B1\B1.13.VOH-Rad_68_patch_2_3.jpg,B1,A1,0.9893
processed_data_cleaned\test\B1\B1.13.VOH-Rad_68_patch_2_4.jpg,B1,A1,0.9632
processed_data_cleaned\test\B1\B1.13.VOH-Rad_68_patch_2_5.jpg,B1,A1,0.8549
processed_data_cleaned\test\B1\B1.13.VOH-Rad_68_patch_3_1.jpg,B1,A1,0.8658
processed_data_cleaned\test\B1\B1.13.VOH-Rad_68_patch_3_2.jpg,B1,A1,0.9109
processed_data_cleaned\test\B1\B1.13.VOH-Rad_68_patch_3_3.jpg,B1,A1,0.7823
processed_data_cleaned\test\B1\B1.13.VOH-Rad_68_patch_3_4.jpg,B1,A1,0.8815
processed_data_cleaned\test\B1\B1.13.VOH-Rad_70_patch_0_0.jpg,B1,A1,0.6394
processed_data_cleaned\test\B1\B1.13.VOH-Rad_70_patch_0_1.jpg,B1,A1,0.5215
processed_data_cleaned\test\B1\B1.13.VOH-Rad_70_patch_0_2.jpg,B1,A1,0.6279
processed_data_cleaned\test\B1\B1.13.VOH-Rad_70_patch_0_3.jpg,B1,B2,0.6114
processed_data_cleaned\test\B1\B1.13.VOH-Rad_70_patch_0_4.jpg,B1,B2,0.8762
processed_data_cleaned\test\B1\B1.13.VOH-Rad_70_patch_1_0.jpg,B1,A1,0.5184
processed_data_cleaned\test\B1\B1.13.VOH-Rad_70_patch_1_1.jpg,B1,B2,0.4171
processed_data_cleaned\test\B1\B1.13.VOH-Rad_70_patch_1_2.jpg,B1,B2,0.338
processed_data_cleaned\test\B1\B1.13.VOH-Rad_70_patch_1_3.jpg,B1,A2,0.5341
processed_data_cleaned\test\B1\B1.13.VOH-Rad_70_patch_1_4.jpg,B1,A1,0.5431
processed_data_cleaned\test\B1\B1.13.VOH-Rad_70_patch_2_1.jpg,B1,A1,0.6442
processed_data_cleaned\test\B1\B1.13.VOH-Rad_70_patch_2_2.jpg,B1,A1,0.8179
processed_data_cleaned\test\B1\B1.13.VOH-Rad_71_patch_0_1.jpg,B1,A1,0.9793
processed_data_cleaned\test\B1\B1.13.VOH-Rad_71_patch_0_2.jpg,B1,A1,0.9337
processed_data_cleaned\test\B1\B1.13.VOH-Rad_71_patch_0_3.jpg,B1,A1,0.9285
processed_data_cleaned\test\B1\B1.13.VOH-Rad_71_patch_0_4.jpg,B1,A1,0.9857
processed_data_cleaned\test\B1\B1.13.VOH-Rad_71_patch_1_1.jpg,B1,A1,0.9796
processed_data_cleaned\test\B1\B1.13.VOH-Rad_71_patch_1_2.jpg,B1,A1,0.8304
processed_data_cleaned\test\B1\B1.13.VOH-Rad_71_patch_1_3.jpg,B1,A1,0.8027
processed_data_cleaned\test\B1\B1.13.VOH-Rad_71_patch_1_4.jpg,B1,A1,0.7601
processed_data_cleaned\test\B1\B1.13.VOH-Rad_71_patch_1_5.jpg,B1,A1,0.5781
processed_data_cleaned\test\B1\B1.13.VOH-Rad_71_patch_2_0.jpg,B1,A1,0.8939
processed_data_cleaned\test\B1\B1.13.VOH-Rad_71_patch_2_1.jpg,B1,A1,0.9932
processed_data_cleaned\test\B1\B1.13.VOH-Rad_71_patch_2_3.jpg,B1,A1,0.9448
processed_data_cleaned\test\B1\B1.13.VOH-Rad_71_patch_2_4.jpg,B1,A2,0.4426
processed_data_cleaned\test\B1\B1.13.VOH-Rad_71_patch_2_5.jpg,B1,A1,0.6068
processed_data_cleaned\test\B1\B1.13.VOH-Rad_71_patch_3_3.jpg,B1,A1,0.9216
processed_data_cleaned\test\B1\B1.13.VOH-Rad_71_patch_3_4.jpg,B1,A1,0.9856
processed_data_cleaned\test\B1\B1.13.VOH-Rad_71_patch_3_5.jpg,B1,A1,0.883
processed_data_cleaned\test\B1\B1.13.VOH-Rad_72_patch_0_1.jpg,B1,A1,0.8264
processed_data_cleaned\test\B1\B1.13.VOH-Rad_72_patch_0_2.jpg,B1,A1,0.9239
processed_data_cleaned\test\B1\B1.13.VOH-Rad_72_patch_0_3.jpg,B1,A1,0.8883
processed_data_cleaned\test\B1\B1.13.VOH-Rad_72_patch_0_4.jpg,B1,A1,0.7488
processed_data_cleaned\test\B1\B1.13.VOH-Rad_72_patch_0_5.jpg,B1,A1,0.4413
processed_data_cleaned\test\B1\B1.13.VOH-Rad_72_patch_1_0.jpg,B1,A1,0.4083
processed_data_cleaned\test\B1\B1.13.VOH-Rad_72_patch_1_1.jpg,B1,A1,0.9546
processed_data_cleaned\test\B1\B1.13.VOH-Rad_72_patch_1_2.jpg,B1,A1,0.5637
processed_data_cleaned\test\B1\B1.13.VOH-Rad_72_patch_1_3.jpg,B1,A1,0.5371
processed_data_cleaned\test\B1\B1.13.VOH-Rad_72_patch_1_4.jpg,B1,A1,0.8759
processed_data_cleaned\test\B1\B1.13.VOH-Rad_72_patch_1_5.jpg,B1,A1,0.4055
processed_data_cleaned\test\B1\B1.13.VOH-Rad_72_patch_2_0.jpg,B1,A1,0.5686
processed_data_cleaned\test\B1\B1.13.VOH-Rad_72_patch_2_2.jpg,B1,A1,0.777
processed_data_cleaned\test\B1\B1.13.VOH-Rad_72_patch_2_3.jpg,B1,A1,0.7812
processed_data_cleaned\test\B1\B1.13.VOH-Rad_72_patch_2_5.jpg,B1,A1,0.5572
processed_data_cleaned\test\B1\B1.13.VOH-Rad_72_patch_3_2.jpg,B1,A1,0.4958
processed_data_cleaned\test\B1\B1.13.VOH-Rad_72_patch_3_3.jpg,B1,A1,0.9346
processed_data_cleaned\test\B1\B1.13.VOH-Rad_72_patch_3_4.jpg,B1,A1,0.7152
processed_data_cleaned\test\B1\B1.13.VOH-Rad_73_patch_0_1.jpg,B1,A1,0.7186
processed_data_cleaned\test\B1\B1.13.VOH-Rad_73_patch_0_2.jpg,B1,A1,0.9307
processed_data_cleaned\test\B1\B1.13.VOH-Rad_73_patch_1_2.jpg,B1,A1,0.7137
processed_data_cleaned\test\B1\B1.13.VOH-Rad_73_patch_1_3.jpg,B1,A1,0.6469
processed_data_cleaned\test\B1\B1.13.VOH-Rad_73_patch_1_4.jpg,B1,A1,0.8292
processed_data_cleaned\test\B1\B1.13.VOH-Rad_73_patch_2_2.jpg,B1,A1,0.68
processed_data_cleaned\test\B1\B1.13.VOH-Rad_73_patch_2_3.jpg,B1,A1,0.6941
processed_data_cleaned\test\B1\B1.13.VOH-Rad_73_patch_2_4.jpg,B1,A1,0.6944
processed_data_cleaned\test\B1\B1.13.VOH-Rad_73_patch_3_3.jpg,B1,A1,0.4743
processed_data_cleaned\test\B1\B1.13.VOH-Rad_73_patch_3_4.jpg,B1,A1,0.6208
processed_data_cleaned\test\B1\B1.13.VOH-Rad_75_patch_1_3.jpg,B1,A1,0.5116
processed_data_cleaned\test\B1\B1.13.VOH-Rad_75_patch_2_3.jpg,B1,A1,0.7825
processed_data_cleaned\test\B1\B1.13.VOH-Rad_75_patch_2_4.jpg,B1,A1,0.7983
processed_data_cleaned\test\B1\B1.13.VOH-Rad_75_patch_3_3.jpg,B1,A1,0.6679
processed_data_cleaned\test\B1\B1.13.VOH-Rad_75_patch_3_4.jpg,B1,A1,0.7061
processed_data_cleaned\test\B1\B1.13.VOH-Rad_75_patch_3_5.jpg,B1,A1,0.4605
processed_data_cleaned\test\B1\B1.13.VOH-Rad_76_patch_0_3.jpg,B1,A1,0.5043
processed_data_cleaned\test\B1\B1.13.VOH-Rad_76_patch_1_1.jpg,B1,A2,0.5767
processed_data_cleaned\test\B1\B1.13.VOH-Rad_76_patch_1_3.jpg,B1,A1,0.8569
processed_data_cleaned\test\B1\B1.13.VOH-Rad_76_patch_2_3.jpg,B1,A1,0.6343
processed_data_cleaned\test\B1\B1.13.VOH-Rad_76_patch_2_4.jpg,B1,A1,0.7847
processed_data_cleaned\test\B1\B1.13.VOH-Rad_76_patch_2_5.jpg,B1,A1,0.8058
processed_data_cleaned\test\B1\B1.13.VOH-Rad_76_patch_3_4.jpg,B1,A1,0.6221
processed_data_cleaned\test\B1\B1.13.VOH-Rad_76_patch_3_5.jpg,B1,A1,0.65
processed_data_cleaned\test\B1\B1.13.VOH-Rad_77_patch_3_4.jpg,B1,A1,0.7879
processed_data_cleaned\test\B1\B1.13.VOH-Rad_78_patch_3_4.jpg,B1,A1,0.8746
processed_data_cleaned\test\B1\B1.13.VOH-Rad_78_patch_3_5.jpg,B1,A1,0.8861
processed_data_cleaned\test\B1\B1.13.VOH-Rad_79_patch_0_2.jpg,B1,A1,0.79
processed_data_cleaned\test\B1\B1.13.VOH-Rad_79_patch_0_4.jpg,B1,A1,0.5664
processed_data_cleaned\test\B1\B1.13.VOH-Rad_79_patch_1_0.jpg,B1,A1,0.73
processed_data_cleaned\test\B1\B1.13.VOH-Rad_79_patch_1_1.jpg,B1,A1,0.5705
processed_data_cleaned\test\B1\B1.13.VOH-Rad_79_patch_2_2.jpg,B1,B2,0.5587
processed_data_cleaned\test\B1\B1.13.VOH-Rad_79_patch_3_2.jpg,B1,A1,0.536
processed_data_cleaned\test\B1\B1.13.VOH-Rad_79_patch_3_3.jpg,B1,A1,0.7923
processed_data_cleaned\test\B1\B1.13.VOH-Rad_80_patch_0_1.jpg,B1,A1,0.7531
processed_data_cleaned\test\B1\B1.13.VOH-Rad_80_patch_0_2.jpg,B1,A1,0.8837
processed_data_cleaned\test\B1\B1.13.VOH-Rad_80_patch_1_0.jpg,B1,A1,0.8268
processed_data_cleaned\test\B1\B1.13.VOH-Rad_80_patch_1_1.jpg,B1,A1,0.6195
processed_data_cleaned\test\B1\B1.13.VOH-Rad_80_patch_3_2.jpg,B1,A1,0.7274
processed_data_cleaned\test\B1\B1.13.VOH-Rad_82_patch_0_4.jpg,B1,B2,0.8854
processed_data_cleaned\test\B1\B1.13.VOH-Rad_82_patch_0_5.jpg,B1,B2,0.8501
processed_data_cleaned\test\B1\B1.13.VOH-Rad_82_patch_1_1.jpg,B1,A1,0.4489
processed_data_cleaned\test\B1\B1.13.VOH-Rad_82_patch_1_2.jpg,B1,A1,0.8463
processed_data_cleaned\test\B1\B1.13.VOH-Rad_82_patch_1_3.jpg,B1,A1,0.8846
processed_data_cleaned\test\B1\B1.13.VOH-Rad_82_patch_2_0.jpg,B1,A1,0.4321
processed_data_cleaned\test\B1\B1.13.VOH-Rad_82_patch_2_1.jpg,B1,B2,0.3743
processed_data_cleaned\test\B1\B1.13.VOH-Rad_83_patch_0_3.jpg,B1,A1,0.5026
processed_data_cleaned\test\B1\B1.13.VOH-Rad_83_patch_1_3.jpg,B1,B2,0.9684
processed_data_cleaned\test\B1\B1.13.VOH-Rad_83_patch_2_2.jpg,B1,B2,0.6648
processed_data_cleaned\test\B1\B1.13.VOH-Rad_83_patch_2_4.jpg,B1,A1,0.6918
processed_data_cleaned\test\B1\B1.13.VOH-Rad_84_patch_0_0.jpg,B1,A1,0.9787
processed_data_cleaned\test\B1\B1.13.VOH-Rad_84_patch_0_2.jpg,B1,A1,0.4863
processed_data_cleaned\test\B1\B1.13.VOH-Rad_84_patch_0_3.jpg,B1,A1,0.9544
processed_data_cleaned\test\B1\B1.13.VOH-Rad_84_patch_1_3.jpg,B1,A1,0.402
processed_data_cleaned\test\B1\B1.13.VOH-Rad_84_patch_2_3.jpg,B1,B2,0.9721
processed_data_cleaned\test\B1\B1.13.VOH-Rad_84_patch_3_3.jpg,B1,B2,0.6597
processed_data_cleaned\test\B1\B1.13.VOH-Rad_85_patch_0_0.jpg,B1,A1,0.9796
processed_data_cleaned\test\B1\B1.13.VOH-Rad_85_patch_0_1.jpg,B1,B2,0.6916
processed_data_cleaned\test\B1\B1.13.VOH-Rad_85_patch_0_2.jpg,B1,A1,0.5105
processed_data_cleaned\test\B1\B1.13.VOH-Rad_85_patch_0_3.jpg,B1,A1,0.9295
processed_data_cleaned\test\B1\B1.13.VOH-Rad_85_patch_1_3.jpg,B1,A1,0.5952
processed_data_cleaned\test\B1\B1.13.VOH-Rad_85_patch_2_3.jpg,B1,B2,0.9871
processed_data_cleaned\test\B1\B1.13.VOH-Rad_85_patch_2_4.jpg,B1,A1,0.8921
processed_data_cleaned\test\B1\B1.13.VOH-Rad_86_patch_0_2.jpg,B1,A1,0.8558
processed_data_cleaned\test\B1\B1.13.VOH-Rad_86_patch_1_0.jpg,B1,A1,0.7815
processed_data_cleaned\test\B1\B1.13.VOH-Rad_86_patch_1_2.jpg,B1,A1,0.6359
processed_data_cleaned\test\B1\B1.13.VOH-Rad_86_patch_1_3.jpg,B1,A1,0.6151
processed_data_cleaned\test\B1\B1.13.VOH-Rad_86_patch_1_5.jpg,B1,A1,0.6693
processed_data_cleaned\test\B1\B1.13.VOH-Rad_86_patch_2_5.jpg,B1,A1,0.9894
processed_data_cleaned\test\B1\B1.13.VOH-Rad_89_patch_0_0.jpg,B1,B2,0.6006
processed_data_cleaned\test\B1\B1.13.VOH-Rad_89_patch_1_0.jpg,B1,B2,0.7195
processed_data_cleaned\test\B1\B1.13.VOH-Rad_89_patch_1_1.jpg,B1,A1,0.6281
processed_data_cleaned\test\B1\B1.13.VOH-Rad_89_patch_2_2.jpg,B1,A1,0.5807
processed_data_cleaned\test\B1\B1.13.VOH-Rad_89_patch_3_4.jpg,B1,A1,0.865
processed_data_cleaned\test\B1\B1.13.VOH-Rad_90_patch_0_3.jpg,B1,A1,0.7122
processed_data_cleaned\test\B1\B1.13.VOH-Rad_90_patch_2_1.jpg,B1,A1,0.7778
processed_data_cleaned\test\B1\B1.13.VOH-Rad_90_patch_2_2.jpg,B1,A1,0.5248
processed_data_cleaned\test\B1\B1.13.VOH-Rad_90_patch_3_4.jpg,B1,A1,0.8397
processed_data_cleaned\test\B1\B1.13.VOH-Rad_93_patch_0_3.jpg,B1,A1,0.7769
processed_data_cleaned\test\B1\B1.13.VOH-Rad_93_patch_2_1.jpg,B1,A1,0.8603
processed_data_cleaned\test\B1\B1.13.VOH-Rad_93_patch_2_2.jpg,B1,A1,0.7452
processed_data_cleaned\test\B1\B1.13.VOH-Rad_93_patch_3_4.jpg,B1,A1,0.9146
processed_data_cleaned\test\B1\B1.13.VOH-Rad_94_patch_0_1.jpg,B1,A1,0.5616
processed_data_cleaned\test\B1\B1.13.VOH-Rad_94_patch_0_2.jpg,B1,A1,0.6693
processed_data_cleaned\test\B1\B1.13.VOH-Rad_94_patch_0_3.jpg,B1,A1,0.6472
processed_data_cleaned\test\B1\B1.13.VOH-Rad_94_patch_1_2.jpg,B1,A1,0.5912
processed_data_cleaned\test\B1\B1.13.VOH-Rad_94_patch_2_1.jpg,B1,A1,0.6275
processed_data_cleaned\test\B1\B1.13.VOH-Rad_94_patch_2_2.jpg,B1,B2,0.7345
processed_data_cleaned\test\B1\B1.13.VOH-Rad_94_patch_3_0.jpg,B1,B2,0.9046
processed_data_cleaned\test\B1\B1.13.VOH-Rad_95_patch_0_2.jpg,B1,A1,0.8848
processed_data_cleaned\test\B1\B1.13.VOH-Rad_95_patch_1_2.jpg,B1,A1,0.4214
processed_data_cleaned\test\B1\B1.13.VOH-Rad_95_patch_1_5.jpg,B1,A1,0.6719
processed_data_cleaned\test\B1\B1.13.VOH-Rad_95_patch_2_1.jpg,B1,A1,0.6438
processed_data_cleaned\test\B1\B1.13.VOH-Rad_95_patch_2_2.jpg,B1,B2,0.5976
processed_data_cleaned\test\B1\B1.13.VOH-Rad_95_patch_3_0.jpg,B1,B2,0.5733
processed_data_cleaned\test\B1\B1.13.VOH-Rad_96_patch_0_2.jpg,B1,A1,0.5454
processed_data_cleaned\test\B1\B1.13.VOH-Rad_96_patch_0_3.jpg,B1,A1,0.7317
processed_data_cleaned\test\B1\B1.13.VOH-Rad_96_patch_0_4.jpg,B1,A1,0.5359
processed_data_cleaned\test\B1\B1.13.VOH-Rad_96_patch_1_3.jpg,B1,A1,0.5849
processed_data_cleaned\test\B1\B1.13.VOH-Rad_96_patch_2_1.jpg,B1,A1,0.7225
processed_data_cleaned\test\B1\B1.13.VOH-Rad_96_patch_2_3.jpg,B1,A1,0.583
processed_data_cleaned\test\B1\B1.13.VOH-Rad_96_patch_3_0.jpg,B1,A1,0.523
processed_data_cleaned\test\B1\B1.13.VOH-Rad_96_patch_3_1.jpg,B1,B2,0.8896
processed_data_cleaned\test\B1\B1.13.VOH-Rad_97_patch_0_2.jpg,B1,A1,0.3601
processed_data_cleaned\test\B1\B1.13.VOH-Rad_97_patch_0_3.jpg,B1,A1,0.7228
processed_data_cleaned\test\B1\B1.13.VOH-Rad_97_patch_1_3.jpg,B1,A1,0.5849
processed_data_cleaned\test\B1\B1.13.VOH-Rad_97_patch_2_1.jpg,B1,A1,0.673
processed_data_cleaned\test\B1\B1.13.VOH-Rad_97_patch_2_2.jpg,B1,A1,0.8532
processed_data_cleaned\test\B1\B1.13.VOH-Rad_97_patch_2_3.jpg,B1,A1,0.3875
processed_data_cleaned\test\B1\B1.13.VOH-Rad_97_patch_3_0.jpg,B1,B2,0.4822
processed_data_cleaned\test\B1\B1.13.VOH-Rad_97_patch_3_1.jpg,B1,B2,0.5463
processed_data_cleaned\test\B1\B1.13.VOH-Rad_98_patch_0_2.jpg,B1,A1,0.9425
processed_data_cleaned\test\B1\B1.13.VOH-Rad_98_patch_0_3.jpg,B1,A1,0.6831
processed_data_cleaned\test\B1\B1.13.VOH-Rad_98_patch_1_1.jpg,B1,A1,0.8249
processed_data_cleaned\test\B1\B1.13.VOH-Rad_98_patch_1_3.jpg,B1,A1,0.5193
processed_data_cleaned\test\B1\B1.13.VOH-Rad_98_patch_1_4.jpg,B1,A1,0.7238
processed_data_cleaned\test\B1\B1.13.VOH-Rad_98_patch_3_3.jpg,B1,B2,0.6533
processed_data_cleaned\test\B1\B1.13.VOH-Rad_98_patch_3_4.jpg,B1,B2,0.5367
processed_data_cleaned\test\B1\B1.13.VOH-Rad_99_patch_0_3.jpg,B1,A1,0.6304
processed_data_cleaned\test\B1\B1.13.VOH-Rad_99_patch_1_0.jpg,B1,A1,0.6946
processed_data_cleaned\test\B1\B1.13.VOH-Rad_99_patch_1_3.jpg,B1,A1,0.9531
processed_data_cleaned\test\B1\B1.13.VOH-Rad_99_patch_2_4.jpg,B1,A1,0.6221
processed_data_cleaned\test\B1\B1.13.VOH-Rad_99_patch_3_3.jpg,B1,B2,0.7928
processed_data_cleaned\test\B1\B1.19.Apar-Bui_01_patch_1_1.jpg,B1,A1,0.8126
processed_data_cleaned\test\B1\B1.19.Apar-Bui_01_patch_3_0.jpg,B1,B2,0.8925
processed_data_cleaned\test\B1\B1.19.Apar-Bui_01_patch_3_2.jpg,B1,A1,0.6391
processed_data_cleaned\test\B1\B1.19.Apar-Bui_03_patch_3_0.jpg,B1,A1,0.5017
processed_data_cleaned\test\B1\B1.19.Apar-Bui_04_patch_0_4.jpg,B1,A1,0.5267
processed_data_cleaned\test\B1\B1.19.Apar-Bui_04_patch_0_5.jpg,B1,A2,0.3858
processed_data_cleaned\test\B1\B1.19.Apar-Bui_04_patch_1_5.jpg,B1,B2,0.5513
processed_data_cleaned\test\B1\B1.19.Apar-Bui_04_patch_2_0.jpg,B1,A1,0.3315
processed_data_cleaned\test\B1\B1.19.Apar-Bui_04_patch_3_2.jpg,B1,B2,0.8373
processed_data_cleaned\test\B1\B1.19.Apar-Bui_04_patch_3_5.jpg,B1,A2,0.769
processed_data_cleaned\test\B1\B1.19.Apar-Bui_05_patch_0_1.jpg,B1,A1,0.8224
processed_data_cleaned\test\B1\B1.19.Apar-Bui_05_patch_2_0.jpg,B1,B2,0.62
processed_data_cleaned\test\B1\B1.19.Apar-Bui_05_patch_2_1.jpg,B1,B2,0.5324
processed_data_cleaned\test\B1\B1.19.Apar-Bui_05_patch_2_3.jpg,B1,B2,0.348
processed_data_cleaned\test\B1\B1.19.Apar-Bui_05_patch_3_1.jpg,B1,B2,0.7415
processed_data_cleaned\test\B1\B1.19.Apar-Bui_05_patch_3_4.jpg,B1,A2,0.4742
processed_data_cleaned\test\B1\B1.19.Apar-Bui_06_patch_1_2.jpg,B1,A1,0.5184
processed_data_cleaned\test\B1\B1.19.Apar-Bui_07_patch_2_0.jpg,B1,A1,0.7465
processed_data_cleaned\test\B1\B1.19.Apar-Bui_07_patch_3_3.jpg,B1,A1,0.4524
processed_data_cleaned\test\B1\B1.19.Apar-Bui_07_patch_3_4.jpg,B1,A1,0.5286
processed_data_cleaned\test\B1\B1.19.Apar-Bui_08_patch_3_2.jpg,B1,B2,0.4356
processed_data_cleaned\test\B1\B1.19.Apar-Bui_08_patch_3_3.jpg,B1,A1,0.6415
processed_data_cleaned\test\B1\B1.19.Apar-Bui_08_patch_3_4.jpg,B1,A1,0.5291
processed_data_cleaned\test\B1\B1.19.Apar-Bui_08_patch_3_5.jpg,B1,A1,0.5931
processed_data_cleaned\test\B1\B1.19.Apar-Bui_09_patch_0_0.jpg,B1,A1,0.4102
processed_data_cleaned\test\B1\B1.19.Apar-Bui_09_patch_1_0.jpg,B1,B2,0.7693
processed_data_cleaned\test\B1\B1.19.Apar-Bui_09_patch_3_0.jpg,B1,A1,0.5013
processed_data_cleaned\test\B1\B1.19.Apar-Bui_09_patch_3_5.jpg,B1,A1,0.5057
processed_data_cleaned\test\B1\B1.19.Apar-Bui_10_patch_0_4.jpg,B1,B2,0.4775
processed_data_cleaned\test\B1\B1.19.Apar-Bui_10_patch_1_1.jpg,B1,A1,0.4125
processed_data_cleaned\test\B1\B1.19.Apar-Bui_10_patch_3_0.jpg,B1,B2,0.6066
processed_data_cleaned\test\B1\B1.19.Apar-Bui_10_patch_3_1.jpg,B1,B2,0.8324
processed_data_cleaned\test\B1\B1.19.Apar-Bui_11_patch_1_3.jpg,B1,B2,0.6449
processed_data_cleaned\test\B1\B1.19.Apar-Bui_11_patch_2_1.jpg,B1,A1,0.4931
processed_data_cleaned\test\B1\B1.19.Apar-Bui_12_patch_0_3.jpg,B1,B2,0.3521
processed_data_cleaned\test\B1\B1.19.Apar-Bui_12_patch_1_4.jpg,B1,A1,0.9493
processed_data_cleaned\test\B1\B1.19.Apar-Bui_12_patch_2_2.jpg,B1,A2,0.5553
processed_data_cleaned\test\B1\B1.19.Apar-Bui_12_patch_2_4.jpg,B1,A1,0.6444
processed_data_cleaned\test\B1\B1.19.Apar-Bui_13_patch_1_0.jpg,B1,B2,0.7865
processed_data_cleaned\test\B1\B1.19.Apar-Bui_13_patch_1_1.jpg,B1,B2,0.9362
processed_data_cleaned\test\B1\B1.19.Apar-Bui_13_patch_2_0.jpg,B1,B2,0.8714
processed_data_cleaned\test\B1\B1.19.Apar-Bui_13_patch_2_1.jpg,B1,B2,0.8256
processed_data_cleaned\test\B1\B1.19.Apar-Bui_14_patch_0_0.jpg,B1,B2,0.4072
processed_data_cleaned\test\B1\B1.19.Apar-Bui_14_patch_1_1.jpg,B1,B2,0.7324
processed_data_cleaned\test\B1\B1.19.Apar-Bui_14_patch_3_1.jpg,B1,B2,0.6081
processed_data_cleaned\test\B1\B1.19.Apar-Bui_14_patch_3_3.jpg,B1,B2,0.5202
processed_data_cleaned\test\B1\B1.19.Apar-Bui_15_patch_0_0.jpg,B1,B2,0.8885
processed_data_cleaned\test\B1\B1.19.Apar-Bui_15_patch_0_4.jpg,B1,A1,0.5675
processed_data_cleaned\test\B1\B1.19.Apar-Bui_15_patch_0_5.jpg,B1,B2,0.6207
processed_data_cleaned\test\B1\B1.19.Apar-Bui_16_patch_1_0.jpg,B1,A1,0.4265
processed_data_cleaned\test\B1\B1.19.Apar-Bui_16_patch_1_1.jpg,B1,B2,0.4541
processed_data_cleaned\test\B1\B1.19.Apar-Bui_16_patch_1_2.jpg,B1,B2,0.715
processed_data_cleaned\test\B1\B1.19.Apar-Bui_16_patch_3_1.jpg,B1,A1,0.4471
processed_data_cleaned\test\B1\B1.19.Apar-Bui_17_patch_0_0.jpg,B1,A1,0.8106
processed_data_cleaned\test\B1\B1.19.Apar-Bui_17_patch_1_1.jpg,B1,B2,0.537
processed_data_cleaned\test\B1\B1.19.Apar-Bui_18_patch_0_0.jpg,B1,B2,0.7874
processed_data_cleaned\test\B1\B1.19.Apar-Bui_18_patch_1_5.jpg,B1,A1,0.301
processed_data_cleaned\test\B1\B1.19.Apar-Bui_18_patch_3_4.jpg,B1,B2,0.9172
processed_data_cleaned\test\B1\B1.19.Apar-Bui_19_patch_2_0.jpg,B1,A2,0.452
processed_data_cleaned\test\B1\B1.19.Apar-Bui_20_patch_1_0.jpg,B1,B2,0.6922
processed_data_cleaned\test\B1\B1.19.Apar-Bui_20_patch_1_5.jpg,B1,A1,0.3737
processed_data_cleaned\test\B1\B1.19.Apar-Bui_20_patch_3_1.jpg,B1,B2,0.387
processed_data_cleaned\test\B1\B1.19.Apar-Bui_20_patch_3_2.jpg,B1,B2,0.4647
processed_data_cleaned\test\B1\B1.19.Apar-Bui_21_patch_1_0.jpg,B1,B2,0.7806
processed_data_cleaned\test\B1\B1.19.Apar-Bui_22_patch_0_2.jpg,B1,A1,0.5151
processed_data_cleaned\test\B1\B1.19.Apar-Bui_22_patch_0_5.jpg,B1,B2,0.6258
processed_data_cleaned\test\B1\B1.19.Apar-Bui_22_patch_3_3.jpg,B1,B2,0.6479
processed_data_cleaned\test\B1\B1.19.Apar-Bui_23_patch_0_1.jpg,B1,A1,0.7809
processed_data_cleaned\test\B1\B1.19.Apar-Bui_23_patch_1_5.jpg,B1,A2,0.8508
processed_data_cleaned\test\B1\B1.19.Apar-Bui_24_patch_1_4.jpg,B1,A1,0.7047
processed_data_cleaned\test\B1\B1.19.Apar-Bui_24_patch_1_5.jpg,B1,A1,0.7907
processed_data_cleaned\test\B1\B1.19.Apar-Bui_24_patch_3_2.jpg,B1,B2,0.9262
processed_data_cleaned\test\B1\B1.19.Apar-Bui_25_patch_0_5.jpg,B1,A1,0.3952
processed_data_cleaned\test\B1\B1.19.Apar-Bui_25_patch_2_5.jpg,B1,B2,0.8264
processed_data_cleaned\test\B1\B1.19.Apar-Bui_26_patch_1_2.jpg,B1,A1,0.495
processed_data_cleaned\test\B1\B1.19.Apar-Bui_26_patch_1_3.jpg,B1,A1,0.5175
processed_data_cleaned\test\B1\B1.19.Apar-Bui_26_patch_1_4.jpg,B1,B2,0.4557
processed_data_cleaned\test\B1\B1.19.Apar-Bui_26_patch_2_4.jpg,B1,B2,0.4664
processed_data_cleaned\test\B1\B1.19.Apar-Bui_27_patch_1_2.jpg,B1,A1,0.5185
processed_data_cleaned\test\B1\B1.19.Apar-Bui_28_patch_1_1.jpg,B1,B2,0.8281
processed_data_cleaned\test\B1\B1.19.Apar-Bui_28_patch_1_3.jpg,B1,B2,0.4534
processed_data_cleaned\test\B1\B1.19.Apar-Bui_28_patch_2_1.jpg,B1,A1,0.9688
processed_data_cleaned\test\B1\B1.19.Apar-Bui_29_patch_0_1.jpg,B1,A1,0.6944
processed_data_cleaned\test\B1\B1.19.Apar-Bui_30_patch_0_5.jpg,B1,A2,0.7483
processed_data_cleaned\test\B1\B1.19.Apar-Bui_30_patch_3_0.jpg,B1,A1,0.3552
processed_data_cleaned\test\B1\B1.19.Apar-Bui_31_patch_3_1.jpg,B1,A1,0.3469
processed_data_cleaned\test\B1\B1.19.Apar-Bui_31_patch_3_2.jpg,B1,A2,0.2811
processed_data_cleaned\test\B1\B1.19.Apar-Bui_31_patch_3_4.jpg,B1,B2,0.7734
processed_data_cleaned\test\B1\B1.19.Apar-Bui_33_patch_0_4.jpg,B1,B2,0.7625
processed_data_cleaned\test\B1\B1.19.Apar-Bui_33_patch_3_0.jpg,B1,A2,0.6094
processed_data_cleaned\test\B1\B1.19.Apar-Bui_33_patch_3_2.jpg,B1,A2,0.9214
processed_data_cleaned\test\B1\B1.19.Apar-Bui_33_patch_3_3.jpg,B1,A2,0.7106
processed_data_cleaned\test\B1\B1.19.Apar-Bui_34_patch_0_0.jpg,B1,A1,0.6008
processed_data_cleaned\test\B1\B1.19.Apar-Bui_34_patch_2_0.jpg,B1,A1,0.619
processed_data_cleaned\test\B1\B1.19.Apar-Bui_34_patch_2_1.jpg,B1,B2,0.3555
processed_data_cleaned\test\B1\B1.19.Apar-Bui_34_patch_2_2.jpg,B1,A2,0.5859
processed_data_cleaned\test\B1\B1.19.Apar-Bui_34_patch_3_0.jpg,B1,B2,0.8443
processed_data_cleaned\test\B1\B1.19.Apar-Bui_34_patch_3_1.jpg,B1,B2,0.6948
processed_data_cleaned\test\B1\B1.19.Apar-Bui_35_patch_0_0.jpg,B1,A1,0.698
processed_data_cleaned\test\B1\B1.19.Apar-Bui_35_patch_0_1.jpg,B1,A1,0.5143
processed_data_cleaned\test\B1\B1.19.Apar-Bui_35_patch_1_2.jpg,B1,B2,0.63
processed_data_cleaned\test\B1\B1.19.Apar-Bui_35_patch_2_5.jpg,B1,A1,0.4941
processed_data_cleaned\test\B1\B1.19.Apar-Bui_35_patch_3_1.jpg,B1,A2,0.7438
processed_data_cleaned\test\B1\B1.19.Apar-Bui_35_patch_3_4.jpg,B1,A1,0.4836
processed_data_cleaned\test\B1\B1.19.Apar-Bui_35_patch_3_5.jpg,B1,A2,0.552
processed_data_cleaned\test\B1\B1.19.Apar-Bui_36_patch_0_0.jpg,B1,A1,0.9094
processed_data_cleaned\test\B1\B1.19.Apar-Bui_36_patch_0_3.jpg,B1,B2,0.6563
processed_data_cleaned\test\B1\B1.19.Apar-Bui_36_patch_2_1.jpg,B1,A2,0.4976
processed_data_cleaned\test\B1\B1.19.Apar-Bui_36_patch_2_2.jpg,B1,A2,0.6804
processed_data_cleaned\test\B1\B1.19.Apar-Bui_36_patch_2_5.jpg,B1,A2,0.6076
processed_data_cleaned\test\B1\B1.19.Apar-Bui_37_patch_2_4.jpg,B1,B2,0.7528
processed_data_cleaned\test\B1\B1.19.Apar-Bui_37_patch_3_0.jpg,B1,A2,0.5342
processed_data_cleaned\test\B1\B1.19.Apar-Bui_37_patch_3_1.jpg,B1,B2,0.5744
processed_data_cleaned\test\B1\B1.19.Apar-Bui_37_patch_3_3.jpg,B1,A1,0.5738
processed_data_cleaned\test\B1\B1.19.Apar-Bui_38_patch_0_0.jpg,B1,A2,0.5686
processed_data_cleaned\test\B1\B1.19.Apar-Bui_38_patch_1_1.jpg,B1,A2,0.5912
processed_data_cleaned\test\B1\B1.19.Apar-Bui_38_patch_1_2.jpg,B1,A2,0.9176
processed_data_cleaned\test\B1\B1.19.Apar-Bui_38_patch_3_2.jpg,B1,B2,0.5097
processed_data_cleaned\test\B1\B1.19.Apar-Bui_38_patch_3_5.jpg,B1,A1,0.6797
processed_data_cleaned\test\B1\B1.19.Apar-Bui_39_patch_0_3.jpg,B1,B2,0.476
processed_data_cleaned\test\B1\B1.19.Apar-Bui_39_patch_2_0.jpg,B1,A1,0.7799
processed_data_cleaned\test\B1\B1.19.Apar-Bui_39_patch_2_2.jpg,B1,B2,0.4322
processed_data_cleaned\test\B1\B1.19.Apar-Bui_39_patch_2_5.jpg,B1,B2,0.5624
processed_data_cleaned\test\B1\B1.19.Apar-Bui_40_patch_0_3.jpg,B1,A1,0.4043
processed_data_cleaned\test\B1\B1.19.Apar-Bui_40_patch_1_4.jpg,B1,A2,0.5062
processed_data_cleaned\test\B1\B1.19.Apar-Bui_41_patch_1_3.jpg,B1,B2,0.9873
processed_data_cleaned\test\B1\B1.19.Apar-Bui_41_patch_2_5.jpg,B1,B2,0.5579
processed_data_cleaned\test\B1\B1.19.Apar-Bui_42_patch_2_2.jpg,B1,B2,0.8789
processed_data_cleaned\test\B1\B1.19.Apar-Bui_42_patch_3_2.jpg,B1,B2,0.678
processed_data_cleaned\test\B1\B1.19.Apar-Bui_42_patch_3_3.jpg,B1,B2,0.852
processed_data_cleaned\test\B1\B1.19.Apar-Bui_43_patch_0_0.jpg,B1,B2,0.9432
processed_data_cleaned\test\B1\B1.19.Apar-Bui_43_patch_0_5.jpg,B1,B2,0.7388
processed_data_cleaned\test\B1\B1.19.Apar-Bui_43_patch_1_1.jpg,B1,B2,0.8268
processed_data_cleaned\test\B1\B1.19.Apar-Bui_43_patch_2_0.jpg,B1,A1,0.5579
processed_data_cleaned\test\B1\B1.19.Apar-Bui_43_patch_2_1.jpg,B1,B2,0.9799
processed_data_cleaned\test\B1\B1.19.Apar-Bui_43_patch_2_5.jpg,B1,B2,0.6417
processed_data_cleaned\test\B1\B1.19.Apar-Bui_43_patch_3_1.jpg,B1,B2,0.43
processed_data_cleaned\test\B1\B1.19.Apar-Bui_43_patch_3_2.jpg,B1,B2,0.6534
processed_data_cleaned\test\B1\B1.19.Apar-Bui_43_patch_3_5.jpg,B1,B2,0.9774
processed_data_cleaned\test\B1\B1.19.Apar-Bui_44_patch_0_5.jpg,B1,A2,0.8313
processed_data_cleaned\test\B1\B1.19.Apar-Bui_45_patch_0_4.jpg,B1,B2,0.5561
processed_data_cleaned\test\B1\B1.19.Apar-Bui_45_patch_2_4.jpg,B1,B2,0.4746
processed_data_cleaned\test\B1\B1.19.Apar-Bui_45_patch_2_5.jpg,B1,B2,0.5235
processed_data_cleaned\test\B1\B1.19.Apar-Bui_46_patch_1_1.jpg,B1,B2,0.5494
processed_data_cleaned\test\B1\B1.19.Apar-Bui_47_patch_0_0.jpg,B1,B2,0.5262
processed_data_cleaned\test\B1\B1.19.Apar-Bui_47_patch_0_5.jpg,B1,B2,0.9323
processed_data_cleaned\test\B1\B1.19.Apar-Bui_47_patch_1_0.jpg,B1,B2,0.6631
processed_data_cleaned\test\B1\B1.19.Apar-Bui_47_patch_3_0.jpg,B1,B2,0.9528
processed_data_cleaned\test\B1\B1.19.Apar-Bui_47_patch_3_5.jpg,B1,B2,0.9403
processed_data_cleaned\test\B1\B1.19.Apar-Bui_48_patch_2_4.jpg,B1,B2,0.4317
processed_data_cleaned\test\B1\B1.19.Apar-Bui_48_patch_3_1.jpg,B1,B2,0.644
processed_data_cleaned\test\B1\B1.19.Apar-Bui_48_patch_3_2.jpg,B1,B2,0.7017
processed_data_cleaned\test\B1\B1.19.Apar-Bui_49_patch_0_1.jpg,B1,B2,0.9171
processed_data_cleaned\test\B1\B1.19.Apar-Bui_49_patch_0_3.jpg,B1,B2,0.4562
processed_data_cleaned\test\B1\B1.19.Apar-Bui_49_patch_3_5.jpg,B1,B2,0.5687
processed_data_cleaned\test\B1\B1.19.Apar-Bui_50_patch_0_1.jpg,B1,B2,0.526
processed_data_cleaned\test\B1\B1.19.Apar-Bui_50_patch_1_0.jpg,B1,B2,0.9874
processed_data_cleaned\test\B1\B1.19.Apar-Bui_50_patch_1_2.jpg,B1,A2,0.9014
processed_data_cleaned\test\B1\B1.19.Apar-Bui_50_patch_2_0.jpg,B1,B2,0.987
processed_data_cleaned\test\B1\B1.19.Apar-Bui_50_patch_2_1.jpg,B1,B2,0.8796
processed_data_cleaned\test\B1\B1.19.Apar-Bui_50_patch_3_0.jpg,B1,B2,0.9453
processed_data_cleaned\test\B1\B1.19.Apar-Bui_50_patch_3_1.jpg,B1,B2,0.5244
processed_data_cleaned\test\B1\B1.19.Apar-Bui_50_patch_3_2.jpg,B1,A1,0.4801
processed_data_cleaned\test\B1\B1.19.Apar-Bui_51_patch_0_0.jpg,B1,A1,0.4175
processed_data_cleaned\test\B1\B1.19.Apar-Bui_51_patch_0_2.jpg,B1,A1,0.4643
processed_data_cleaned\test\B1\B1.19.Apar-Bui_51_patch_0_4.jpg,B1,A2,0.6104
processed_data_cleaned\test\B1\B1.19.Apar-Bui_51_patch_0_5.jpg,B1,A1,0.465
processed_data_cleaned\test\B1\B1.19.Apar-Bui_51_patch_1_1.jpg,B1,B2,0.8639
processed_data_cleaned\test\B1\B1.19.Apar-Bui_51_patch_1_4.jpg,B1,B2,0.5555
processed_data_cleaned\test\B1\B1.19.Apar-Bui_51_patch_2_4.jpg,B1,B2,0.8003
processed_data_cleaned\test\B1\B1.19.Apar-Bui_51_patch_3_2.jpg,B1,A2,0.9617
processed_data_cleaned\test\B1\B1.19.Apar-Bui_51_patch_3_4.jpg,B1,B2,0.6684
processed_data_cleaned\test\B1\B1.19.Apar-Bui_52_patch_0_0.jpg,B1,A2,0.5619
processed_data_cleaned\test\B1\B1.19.Apar-Bui_52_patch_0_1.jpg,B1,B2,0.5315
processed_data_cleaned\test\B1\B1.19.Apar-Bui_52_patch_2_0.jpg,B1,A1,0.6964
processed_data_cleaned\test\B1\B1.19.Apar-Bui_52_patch_2_1.jpg,B1,B2,0.9483
processed_data_cleaned\test\B1\B1.19.Apar-Bui_52_patch_3_0.jpg,B1,B2,0.5102
processed_data_cleaned\test\B1\B1.19.Apar-Bui_54_patch_1_4.jpg,B1,B2,0.8554
processed_data_cleaned\test\B1\B1.19.Apar-Bui_54_patch_1_5.jpg,B1,A1,0.4354
processed_data_cleaned\test\B1\B1.19.Apar-Bui_54_patch_3_5.jpg,B1,B2,0.8161
processed_data_cleaned\test\B1\B1.19.Apar-Bui_55_patch_1_0.jpg,B1,A1,0.6395
processed_data_cleaned\test\B1\B1.19.Apar-Bui_55_patch_3_1.jpg,B1,A2,0.5345
processed_data_cleaned\test\B1\B1.19.Apar-Bui_55_patch_3_5.jpg,B1,A2,0.649
processed_data_cleaned\test\B1\B1.19.Apar-Bui_56_patch_0_0.jpg,B1,A1,0.6293
processed_data_cleaned\test\B1\B1.19.Apar-Bui_57_patch_0_3.jpg,B1,A2,0.5765
processed_data_cleaned\test\B1\B1.19.Apar-Bui_57_patch_1_4.jpg,B1,B2,0.4648
processed_data_cleaned\test\B1\B1.19.Apar-Bui_57_patch_2_1.jpg,B1,A1,0.7605
processed_data_cleaned\test\B1\B1.19.Apar-Bui_58_patch_0_1.jpg,B1,B2,0.5121
processed_data_cleaned\test\B1\B1.19.Apar-Bui_58_patch_1_0.jpg,B1,B2,0.4116
processed_data_cleaned\test\B1\B1.19.Apar-Bui_58_patch_1_1.jpg,B1,A1,0.4725
processed_data_cleaned\test\B1\B1.19.Apar-Bui_58_patch_2_5.jpg,B1,B2,0.3779
processed_data_cleaned\test\B1\B1.19.Apar-Bui_58_patch_3_1.jpg,B1,B2,0.8736
processed_data_cleaned\test\B1\B1.19.Apar-Bui_59_patch_2_2.jpg,B1,B2,0.5509
processed_data_cleaned\test\B1\B1.19.Apar-Bui_59_patch_3_1.jpg,B1,B2,0.5934
processed_data_cleaned\test\B1\B1.19.Apar-Bui_60_patch_0_0.jpg,B1,A1,0.9745
processed_data_cleaned\test\B1\B1.19.Apar-Bui_60_patch_0_2.jpg,B1,A1,0.5256
processed_data_cleaned\test\B1\B1.19.Apar-Bui_60_patch_0_3.jpg,B1,A1,0.481
processed_data_cleaned\test\B1\B1.19.Apar-Bui_60_patch_3_3.jpg,B1,B2,0.5061
processed_data_cleaned\test\B1\B1.19.Apar-Bui_61_patch_0_2.jpg,B1,B2,0.9068
processed_data_cleaned\test\B1\B1.19.Apar-Bui_61_patch_2_2.jpg,B1,A1,0.5002
processed_data_cleaned\test\B1\B1.19.Apar-Bui_61_patch_3_4.jpg,B1,A1,0.7679
processed_data_cleaned\test\B1\B1.19.Apar-Bui_62_patch_0_4.jpg,B1,A1,0.4641
processed_data_cleaned\test\B1\B1.19.Apar-Bui_62_patch_1_2.jpg,B1,B2,0.7162
processed_data_cleaned\test\B1\B1.19.Apar-Bui_62_patch_2_2.jpg,B1,B2,0.5006
processed_data_cleaned\test\B1\B1.19.Apar-Bui_62_patch_3_2.jpg,B1,B2,0.7482
processed_data_cleaned\test\B1\B1.19.Apar-Bui_63_patch_3_5.jpg,B1,A1,0.4083
processed_data_cleaned\test\B1\B1.19.Apar-Bui_64_patch_0_1.jpg,B1,B2,0.8569
processed_data_cleaned\test\B1\B1.19.Apar-Bui_64_patch_1_1.jpg,B1,B2,0.9093
processed_data_cleaned\test\B1\B1.19.Apar-Bui_64_patch_1_4.jpg,B1,B2,0.4774
processed_data_cleaned\test\B1\B1.19.Apar-Bui_65_patch_0_2.jpg,B1,B2,0.835
processed_data_cleaned\test\B1\B1.19.Apar-Bui_65_patch_3_1.jpg,B1,A2,0.8793
processed_data_cleaned\test\B1\B1.19.Apar-Bui_66_patch_0_0.jpg,B1,B2,0.8238
processed_data_cleaned\test\B1\B1.19.Apar-Bui_66_patch_0_4.jpg,B1,B2,0.7476
processed_data_cleaned\test\B1\B1.19.Apar-Bui_66_patch_1_1.jpg,B1,A2,0.6359
processed_data_cleaned\test\B1\B1.19.Apar-Bui_66_patch_1_2.jpg,B1,A2,0.8137
processed_data_cleaned\test\B1\B1.19.Apar-Bui_66_patch_1_4.jpg,B1,A1,0.6107
processed_data_cleaned\test\B1\B1.19.Apar-Bui_66_patch_1_5.jpg,B1,A1,0.637
processed_data_cleaned\test\B1\B1.19.Apar-Bui_66_patch_2_0.jpg,B1,B2,0.4682
processed_data_cleaned\test\B1\B1.19.Apar-Bui_66_patch_2_5.jpg,B1,A1,0.6688
processed_data_cleaned\test\B1\B1.19.Apar-Bui_66_patch_3_0.jpg,B1,A1,0.5421
processed_data_cleaned\test\B1\B1.19.Apar-Bui_66_patch_3_2.jpg,B1,A1,0.5628
processed_data_cleaned\test\B1\B1.19.Apar-Bui_66_patch_3_3.jpg,B1,A1,0.5939
processed_data_cleaned\test\B1\B1.19.Apar-Bui_66_patch_3_4.jpg,B1,B2,0.5503
processed_data_cleaned\test\B1\B1.19.Apar-Bui_67_patch_0_0.jpg,B1,B2,0.9165
processed_data_cleaned\test\B1\B1.19.Apar-Bui_67_patch_0_4.jpg,B1,B2,0.74
processed_data_cleaned\test\B1\B1.19.Apar-Bui_67_patch_1_1.jpg,B1,A2,0.5482
processed_data_cleaned\test\B1\B1.19.Apar-Bui_67_patch_1_2.jpg,B1,A2,0.633
processed_data_cleaned\test\B1\B1.19.Apar-Bui_67_patch_1_4.jpg,B1,A1,0.6645
processed_data_cleaned\test\B1\B1.19.Apar-Bui_67_patch_2_3.jpg,B1,B2,0.5502
processed_data_cleaned\test\B1\B1.19.Apar-Bui_67_patch_2_4.jpg,B1,B2,0.5196
processed_data_cleaned\test\B1\B1.19.Apar-Bui_67_patch_2_5.jpg,B1,A1,0.4596
processed_data_cleaned\test\B1\B1.19.Apar-Bui_67_patch_3_0.jpg,B1,A1,0.7515
processed_data_cleaned\test\B1\B1.19.Apar-Bui_67_patch_3_3.jpg,B1,A1,0.7193
processed_data_cleaned\test\B1\B1.19.Apar-Bui_68_patch_1_1.jpg,B1,B2,0.7185
processed_data_cleaned\test\B1\B1.19.Apar-Bui_68_patch_1_4.jpg,B1,B2,0.608
processed_data_cleaned\test\B1\B1.19.Apar-Bui_68_patch_2_3.jpg,B1,A1,0.8205
processed_data_cleaned\test\B1\B1.19.Apar-Bui_68_patch_2_4.jpg,B1,A1,0.5434
processed_data_cleaned\test\B1\B1.19.Apar-Bui_68_patch_3_2.jpg,B1,B2,0.5961
processed_data_cleaned\test\B1\B1.19.Apar-Bui_68_patch_3_4.jpg,B1,B2,0.5511
processed_data_cleaned\test\B1\B1.19.Apar-Bui_69_patch_0_0.jpg,B1,A1,0.5038
processed_data_cleaned\test\B1\B1.19.Apar-Bui_69_patch_1_5.jpg,B1,A1,0.9415
processed_data_cleaned\test\B1\B1.19.Apar-Bui_69_patch_2_1.jpg,B1,B2,0.6709
processed_data_cleaned\test\B1\B1.19.Apar-Bui_69_patch_3_1.jpg,B1,B2,0.4451
processed_data_cleaned\test\B1\B1.19.Apar-Bui_69_patch_3_3.jpg,B1,B2,0.656
processed_data_cleaned\test\B1\B1.19.Apar-Bui_70_patch_2_4.jpg,B1,A1,0.5233
processed_data_cleaned\test\B1\B1.19.Apar-Bui_70_patch_2_5.jpg,B1,A2,0.4998
processed_data_cleaned\test\B1\B1.19.Apar-Bui_70_patch_3_0.jpg,B1,A2,0.4445
processed_data_cleaned\test\B1\B1.19.Apar-Bui_70_patch_3_4.jpg,B1,A1,0.937
processed_data_cleaned\test\B1\B1.19.Apar-Bui_71_patch_0_0.jpg,B1,B2,0.9996
processed_data_cleaned\test\B1\B1.19.Apar-Bui_71_patch_0_4.jpg,B1,A1,0.7047
processed_data_cleaned\test\B1\B1.19.Apar-Bui_71_patch_1_0.jpg,B1,B2,0.7369
processed_data_cleaned\test\B1\B1.19.Apar-Bui_71_patch_2_2.jpg,B1,A1,0.7053
processed_data_cleaned\test\B1\B1.19.Apar-Bui_71_patch_2_4.jpg,B1,B2,0.6431
processed_data_cleaned\test\B1\B1.19.Apar-Bui_72_patch_0_0.jpg,B1,A1,0.3394
processed_data_cleaned\test\B1\B1.19.Apar-Bui_72_patch_0_5.jpg,B1,B2,0.8563
processed_data_cleaned\test\B1\B1.19.Apar-Bui_72_patch_1_0.jpg,B1,A1,0.4669
processed_data_cleaned\test\B1\B1.19.Apar-Bui_72_patch_1_2.jpg,B1,B2,0.6816
processed_data_cleaned\test\B1\B1.19.Apar-Bui_72_patch_2_0.jpg,B1,A1,0.5252
processed_data_cleaned\test\B1\B1.19.Apar-Bui_72_patch_3_0.jpg,B1,B2,0.6369
processed_data_cleaned\test\B1\B1.19.Apar-Bui_72_patch_3_2.jpg,B1,B2,0.7742
processed_data_cleaned\test\B1\B1.19.Apar-Bui_73_patch_2_0.jpg,B1,A1,0.4244
processed_data_cleaned\test\B1\B1.19.Apar-Bui_73_patch_2_1.jpg,B1,B2,0.587
processed_data_cleaned\test\B1\B1.19.Apar-Bui_73_patch_2_2.jpg,B1,B2,0.5089
processed_data_cleaned\test\B1\B1.19.Apar-Bui_73_patch_3_2.jpg,B1,B2,0.486
processed_data_cleaned\test\B1\B1.19.Apar-Bui_74_patch_1_1.jpg,B1,B2,0.9515
processed_data_cleaned\test\B1\B1.19.Apar-Bui_74_patch_1_2.jpg,B1,A2,0.902
processed_data_cleaned\test\B1\B1.19.Apar-Bui_75_patch_0_1.jpg,B1,A1,0.7227
processed_data_cleaned\test\B1\B1.19.Apar-Bui_78_patch_3_0.jpg,B1,B2,0.7712
processed_data_cleaned\test\B1\B1.19.Apar-Bui_79_patch_1_2.jpg,B1,A1,0.8615
processed_data_cleaned\test\B1\B1.19.Apar-Bui_79_patch_1_3.jpg,B1,A1,0.6794
processed_data_cleaned\test\B1\B1.19.Apar-Bui_79_patch_1_4.jpg,B1,A1,0.8628
processed_data_cleaned\test\B1\B1.19.Apar-Bui_79_patch_2_2.jpg,B1,A1,0.5864
processed_data_cleaned\test\B1\B1.19.Apar-Bui_79_patch_2_3.jpg,B1,A1,0.4929
processed_data_cleaned\test\B1\B1.19.Apar-Bui_79_patch_2_4.jpg,B1,A1,0.4243
processed_data_cleaned\test\B1\B1.19.Apar-Bui_79_patch_3_0.jpg,B1,A1,0.8931
processed_data_cleaned\test\B1\B1.19.Apar-Bui_79_patch_3_2.jpg,B1,A1,0.6061
processed_data_cleaned\test\B1\B1.19.Apar-Bui_79_patch_3_5.jpg,B1,A1,0.7897
processed_data_cleaned\test\B1\B1.19.Apar-Bui_81_patch_2_3.jpg,B1,A1,0.6616
processed_data_cleaned\test\B1\B1.19.Apar-Bui_81_patch_2_4.jpg,B1,B2,0.7256
processed_data_cleaned\test\B1\B1.19.Apar-Bui_81_patch_3_1.jpg,B1,B2,0.67
processed_data_cleaned\test\B1\B1.19.Apar-Bui_82_patch_0_4.jpg,B1,A1,0.5842
processed_data_cleaned\test\B1\B1.19.Apar-Bui_82_patch_1_0.jpg,B1,A1,0.9443
processed_data_cleaned\test\B1\B1.19.Apar-Bui_83_patch_0_4.jpg,B1,B2,0.7173
processed_data_cleaned\test\B1\B1.19.Apar-Bui_83_patch_0_5.jpg,B1,A2,0.9985
processed_data_cleaned\test\B1\B1.19.Apar-Bui_86_patch_3_0.jpg,B1,A2,0.4572
processed_data_cleaned\test\B1\B1.19.Apar-Bui_87_patch_2_0.jpg,B1,B2,0.665
processed_data_cleaned\test\B1\B1.19.Apar-Bui_88_patch_0_1.jpg,B1,A2,0.365
processed_data_cleaned\test\B1\B1.19.Apar-Bui_88_patch_1_4.jpg,B1,B2,0.6878
processed_data_cleaned\test\B1\B1.19.Apar-Bui_89_patch_2_0.jpg,B1,B2,0.7145
processed_data_cleaned\test\B1\B1.19.Apar-Bui_89_patch_3_5.jpg,B1,B2,0.426
processed_data_cleaned\test\B1\B1.19.Apar-Bui_90_patch_0_2.jpg,B1,A1,0.371
processed_data_cleaned\test\B1\B1.19.Apar-Bui_91_patch_1_0.jpg,B1,B2,0.5774
processed_data_cleaned\test\B1\B1.19.Apar-Bui_91_patch_2_0.jpg,B1,B2,0.923
processed_data_cleaned\test\B1\B1.19.Apar-Bui_92_patch_0_1.jpg,B1,A2,0.5882
processed_data_cleaned\test\B1\B1.19.Apar-Bui_92_patch_1_1.jpg,B1,A2,0.5786
processed_data_cleaned\test\B1\B1.19.Apar-Bui_92_patch_2_1.jpg,B1,A2,0.5105
processed_data_cleaned\test\B1\B1.19.Apar-Bui_92_patch_3_2.jpg,B1,A2,0.6387
processed_data_cleaned\test\B1\B1.19.Apar-Bui_92_patch_3_3.jpg,B1,A2,0.6541
processed_data_cleaned\test\B1\B1.27.HB-The_01_patch_1_0.jpg,B1,A2,0.4441
processed_data_cleaned\test\B1\B1.27.HB-The_01_patch_2_0.jpg,B1,A2,0.4033
processed_data_cleaned\test\B1\B1.27.HB-The_01_patch_2_1.jpg,B1,B2,0.6103
processed_data_cleaned\test\B1\B1.27.HB-The_01_patch_2_2.jpg,B1,B2,0.7947
processed_data_cleaned\test\B1\B1.27.HB-The_01_patch_3_2.jpg,B1,B2,0.8347
processed_data_cleaned\test\B1\B1.27.HB-The_02_patch_0_0.jpg,B1,A2,0.9725
processed_data_cleaned\test\B1\B1.27.HB-The_02_patch_0_1.jpg,B1,A2,0.958
processed_data_cleaned\test\B1\B1.27.HB-The_02_patch_0_2.jpg,B1,A2,0.9793
processed_data_cleaned\test\B1\B1.27.HB-The_02_patch_0_3.jpg,B1,A2,0.8764
processed_data_cleaned\test\B1\B1.27.HB-The_02_patch_0_4.jpg,B1,A2,0.8864
processed_data_cleaned\test\B1\B1.27.HB-The_02_patch_0_5.jpg,B1,A2,0.9586
processed_data_cleaned\test\B1\B1.27.HB-The_02_patch_1_2.jpg,B1,A2,0.542
processed_data_cleaned\test\B1\B1.27.HB-The_02_patch_1_3.jpg,B1,A2,0.3979
processed_data_cleaned\test\B1\B1.27.HB-The_02_patch_2_4.jpg,B1,B2,0.6675
processed_data_cleaned\test\B1\B1.27.HB-The_03_patch_1_2.jpg,B1,A1,0.4164
processed_data_cleaned\test\B1\B1.27.HB-The_03_patch_1_3.jpg,B1,A1,0.6269
processed_data_cleaned\test\B1\B1.27.HB-The_03_patch_2_1.jpg,B1,A2,0.6228
processed_data_cleaned\test\B1\B1.27.HB-The_03_patch_2_4.jpg,B1,A1,0.4139
processed_data_cleaned\test\B1\B1.27.HB-The_03_patch_2_5.jpg,B1,A1,0.3792
processed_data_cleaned\test\B1\B1.27.HB-The_03_patch_3_4.jpg,B1,A2,0.6751
processed_data_cleaned\test\B1\B1.27.HB-The_03_patch_3_5.jpg,B1,A2,0.5648
processed_data_cleaned\test\B1\B1.27.HB-The_04_patch_0_2.jpg,B1,B2,0.8821
processed_data_cleaned\test\B1\B1.27.HB-The_04_patch_2_0.jpg,B1,B2,0.8303
processed_data_cleaned\test\B1\B1.27.HB-The_04_patch_2_2.jpg,B1,A1,0.6152
processed_data_cleaned\test\B1\B1.27.HB-The_04_patch_2_4.jpg,B1,A2,0.6603
processed_data_cleaned\test\B1\B1.27.HB-The_04_patch_3_0.jpg,B1,A1,0.5824
processed_data_cleaned\test\B1\B1.27.HB-The_04_patch_3_4.jpg,B1,A2,0.4384
processed_data_cleaned\test\B1\B1.27.HB-The_05_patch_0_1.jpg,B1,A2,0.5763
processed_data_cleaned\test\B1\B1.27.HB-The_06_patch_0_5.jpg,B1,A2,0.4094
processed_data_cleaned\test\B1\B1.27.HB-The_06_patch_1_2.jpg,B1,A2,0.5101
processed_data_cleaned\test\B1\B1.27.HB-The_06_patch_3_0.jpg,B1,B2,0.6531
processed_data_cleaned\test\B1\B1.27.HB-The_06_patch_3_1.jpg,B1,A1,0.5509
processed_data_cleaned\test\B1\B1.27.HB-The_06_patch_3_3.jpg,B1,B2,0.4454
processed_data_cleaned\test\B1\B1.27.HB-The_06_patch_3_4.jpg,B1,B2,0.5252
processed_data_cleaned\test\B1\B1.27.HB-The_07_patch_1_0.jpg,B1,B2,0.9309
processed_data_cleaned\test\B1\B1.27.HB-The_07_patch_1_2.jpg,B1,A2,0.5361
processed_data_cleaned\test\B1\B1.27.HB-The_07_patch_1_5.jpg,B1,A1,0.4768
processed_data_cleaned\test\B1\B1.27.HB-The_07_patch_2_0.jpg,B1,A1,0.7285
processed_data_cleaned\test\B1\B1.27.HB-The_07_patch_3_5.jpg,B1,B2,0.7726
processed_data_cleaned\test\B1\B1.27.HB-The_08_patch_1_1.jpg,B1,B2,0.4818
processed_data_cleaned\test\B1\B1.27.HB-The_08_patch_2_0.jpg,B1,B2,0.8705
processed_data_cleaned\test\B1\B1.27.HB-The_08_patch_2_2.jpg,B1,B2,0.6864
processed_data_cleaned\test\B1\B1.27.HB-The_08_patch_3_0.jpg,B1,B2,0.9279
processed_data_cleaned\test\B1\B1.27.HB-The_09_patch_1_5.jpg,B1,A2,0.5709
processed_data_cleaned\test\B1\B1.27.HB-The_09_patch_3_3.jpg,B1,A2,0.3696
processed_data_cleaned\test\B1\B1.27.HB-The_09_patch_3_5.jpg,B1,A2,0.6631
processed_data_cleaned\test\B1\B1.27.HB-The_10_patch_0_0.jpg,B1,B2,0.9113
processed_data_cleaned\test\B1\B1.27.HB-The_10_patch_1_5.jpg,B1,B2,0.5027
processed_data_cleaned\test\B1\B1.27.HB-The_10_patch_2_4.jpg,B1,B2,0.8743
processed_data_cleaned\test\B1\B1.27.HB-The_10_patch_2_5.jpg,B1,B2,0.7954
processed_data_cleaned\test\B1\B1.27.HB-The_10_patch_3_5.jpg,B1,B2,0.616
processed_data_cleaned\test\B1\B1.27.HB-The_11_patch_0_1.jpg,B1,B2,0.5628
processed_data_cleaned\test\B1\B1.27.HB-The_12_patch_0_2.jpg,B1,A2,0.8281
processed_data_cleaned\test\B1\B1.27.HB-The_12_patch_1_0.jpg,B1,A1,0.4646
processed_data_cleaned\test\B1\B1.27.HB-The_12_patch_1_1.jpg,B1,B2,0.7002
processed_data_cleaned\test\B1\B1.27.HB-The_12_patch_1_4.jpg,B1,B2,0.738
processed_data_cleaned\test\B1\B1.27.HB-The_12_patch_2_1.jpg,B1,A1,0.8508
processed_data_cleaned\test\B1\B1.27.HB-The_12_patch_3_1.jpg,B1,A2,0.6606
processed_data_cleaned\test\B1\B1.27.HB-The_12_patch_3_3.jpg,B1,A2,0.7291
processed_data_cleaned\test\B1\B1.27.HB-The_13_patch_0_1.jpg,B1,B2,0.6614
processed_data_cleaned\test\B1\B1.27.HB-The_13_patch_2_2.jpg,B1,A2,0.6568
processed_data_cleaned\test\B1\B1.27.HB-The_13_patch_2_3.jpg,B1,A2,0.5133
processed_data_cleaned\test\B1\B1.27.HB-The_14_patch_0_0.jpg,B1,B2,0.3317
processed_data_cleaned\test\B1\B1.27.HB-The_14_patch_0_1.jpg,B1,B2,0.5715
processed_data_cleaned\test\B1\B1.27.HB-The_14_patch_0_3.jpg,B1,B2,0.8403
processed_data_cleaned\test\B1\B1.27.HB-The_14_patch_0_4.jpg,B1,A1,0.5113
processed_data_cleaned\test\B1\B1.27.HB-The_14_patch_0_5.jpg,B1,A1,0.4851
processed_data_cleaned\test\B1\B1.27.HB-The_14_patch_1_2.jpg,B1,A1,0.677
processed_data_cleaned\test\B1\B1.27.HB-The_14_patch_1_3.jpg,B1,A1,0.8572
processed_data_cleaned\test\B1\B1.27.HB-The_14_patch_1_4.jpg,B1,A1,0.9377
processed_data_cleaned\test\B1\B1.27.HB-The_14_patch_1_5.jpg,B1,B2,0.4967
processed_data_cleaned\test\B1\B1.27.HB-The_14_patch_2_0.jpg,B1,B2,0.7922
processed_data_cleaned\test\B1\B1.27.HB-The_14_patch_2_1.jpg,B1,A2,0.3973
processed_data_cleaned\test\B1\B1.27.HB-The_14_patch_2_2.jpg,B1,B2,0.6271
processed_data_cleaned\test\B1\B1.27.HB-The_14_patch_2_4.jpg,B1,A1,0.7065
processed_data_cleaned\test\B1\B1.27.HB-The_14_patch_2_5.jpg,B1,A1,0.527
processed_data_cleaned\test\B1\B1.27.HB-The_14_patch_3_3.jpg,B1,B2,0.9333
processed_data_cleaned\test\B1\B1.27.HB-The_14_patch_3_4.jpg,B1,B2,0.7246
processed_data_cleaned\test\B1\B1.27.HB-The_15_patch_0_2.jpg,B1,A2,0.5119
processed_data_cleaned\test\B1\B1.27.HB-The_15_patch_0_4.jpg,B1,A1,0.4824
processed_data_cleaned\test\B1\B1.27.HB-The_15_patch_0_5.jpg,B1,A1,0.53
processed_data_cleaned\test\B1\B1.27.HB-The_15_patch_1_0.jpg,B1,A1,0.6998
processed_data_cleaned\test\B1\B1.27.HB-The_15_patch_2_0.jpg,B1,B2,0.7771
processed_data_cleaned\test\B1\B1.27.HB-The_15_patch_2_1.jpg,B1,A1,0.874
processed_data_cleaned\test\B1\B1.27.HB-The_16_patch_1_4.jpg,B1,B2,0.5589
processed_data_cleaned\test\B1\B1.27.HB-The_16_patch_2_2.jpg,B1,B2,0.848
processed_data_cleaned\test\B1\B1.27.HB-The_16_patch_2_3.jpg,B1,B2,0.6505
processed_data_cleaned\test\B1\B1.27.HB-The_16_patch_2_4.jpg,B1,B2,0.4349
processed_data_cleaned\test\B1\B1.27.HB-The_16_patch_3_3.jpg,B1,B2,0.5705
processed_data_cleaned\test\B1\B1.27.HB-The_16_patch_3_4.jpg,B1,B2,0.5099
processed_data_cleaned\test\B1\B1.27.HB-The_16_patch_3_5.jpg,B1,B2,0.7455
processed_data_cleaned\test\B1\B1.27.HB-The_17_patch_1_5.jpg,B1,B2,0.6043
processed_data_cleaned\test\B1\B1.27.HB-The_17_patch_2_4.jpg,B1,B2,0.5855
processed_data_cleaned\test\B1\B1.27.HB-The_17_patch_2_5.jpg,B1,B2,0.7425
processed_data_cleaned\test\B1\B1.27.HB-The_17_patch_3_4.jpg,B1,B2,0.6355
processed_data_cleaned\test\B1\B1.27.HB-The_17_patch_3_5.jpg,B1,B2,0.6338
processed_data_cleaned\test\B1\B1.27.HB-The_18_patch_2_2.jpg,B1,B2,0.7045
processed_data_cleaned\test\B1\B1.27.HB-The_18_patch_3_4.jpg,B1,B2,0.6527
processed_data_cleaned\test\B1\B1.27.HB-The_19_patch_0_5.jpg,B1,B2,0.5327
processed_data_cleaned\test\B1\B1.27.HB-The_19_patch_1_4.jpg,B1,A1,0.4514
processed_data_cleaned\test\B1\B1.27.HB-The_19_patch_3_0.jpg,B1,B2,0.9642
processed_data_cleaned\test\B1\B1.27.HB-The_20_patch_0_3.jpg,B1,A1,0.3348
processed_data_cleaned\test\B1\B1.27.HB-The_20_patch_1_0.jpg,B1,A2,0.5733
processed_data_cleaned\test\B1\B1.27.HB-The_20_patch_1_2.jpg,B1,A2,0.6397
processed_data_cleaned\test\B1\B1.27.HB-The_20_patch_1_3.jpg,B1,A2,0.9769
processed_data_cleaned\test\B1\B1.27.HB-The_20_patch_1_4.jpg,B1,B2,0.6291
processed_data_cleaned\test\B1\B1.27.HB-The_20_patch_1_5.jpg,B1,A1,0.4032
processed_data_cleaned\test\B1\B1.27.HB-The_20_patch_2_1.jpg,B1,A2,0.7202
processed_data_cleaned\test\B1\B1.27.HB-The_20_patch_2_2.jpg,B1,A2,0.8245
processed_data_cleaned\test\B1\B1.27.HB-The_20_patch_2_3.jpg,B1,A2,0.565
processed_data_cleaned\test\B1\B1.27.HB-The_20_patch_2_4.jpg,B1,A2,0.6335
processed_data_cleaned\test\B1\B1.27.HB-The_20_patch_2_5.jpg,B1,A2,0.5672
processed_data_cleaned\test\B1\B1.27.HB-The_20_patch_3_0.jpg,B1,A2,0.4459
processed_data_cleaned\test\B1\B1.27.HB-The_20_patch_3_1.jpg,B1,A2,0.8988
processed_data_cleaned\test\B1\B1.27.HB-The_20_patch_3_2.jpg,B1,A2,0.9441
processed_data_cleaned\test\B1\B1.27.HB-The_20_patch_3_5.jpg,B1,A2,0.469
processed_data_cleaned\test\B1\B1.27.HB-The_21_patch_0_4.jpg,B1,A2,0.8419
processed_data_cleaned\test\B1\B1.27.HB-The_21_patch_1_4.jpg,B1,A1,0.6177
processed_data_cleaned\test\B1\B1.27.HB-The_21_patch_2_5.jpg,B1,A1,0.4453
processed_data_cleaned\test\B1\B1.27.HB-The_21_patch_3_1.jpg,B1,A1,0.5305
processed_data_cleaned\test\B1\B1.27.HB-The_21_patch_3_2.jpg,B1,A2,0.4373
processed_data_cleaned\test\B1\B1.27.HB-The_21_patch_3_3.jpg,B1,A1,0.5714
processed_data_cleaned\test\B1\B1.27.HB-The_21_patch_3_5.jpg,B1,A2,0.5688
processed_data_cleaned\test\B1\B1.27.HB-The_22_patch_0_0.jpg,B1,A2,0.3228
processed_data_cleaned\test\B1\B1.27.HB-The_22_patch_2_0.jpg,B1,B2,0.5522
processed_data_cleaned\test\B1\B1.27.HB-The_22_patch_2_2.jpg,B1,A2,0.4531
processed_data_cleaned\test\B1\B1.27.HB-The_22_patch_2_4.jpg,B1,A2,0.5645
processed_data_cleaned\test\B1\B1.27.HB-The_22_patch_3_3.jpg,B1,A2,0.5775
processed_data_cleaned\test\B1\B1.27.HB-The_23_patch_0_2.jpg,B1,A2,0.5015
processed_data_cleaned\test\B1\B1.27.HB-The_23_patch_0_5.jpg,B1,A2,0.9937
processed_data_cleaned\test\B1\B1.27.HB-The_23_patch_1_0.jpg,B1,A2,0.4131
processed_data_cleaned\test\B1\B1.27.HB-The_23_patch_1_3.jpg,B1,A2,0.9136
processed_data_cleaned\test\B1\B1.27.HB-The_23_patch_1_4.jpg,B1,A2,0.9503
processed_data_cleaned\test\B1\B1.27.HB-The_23_patch_1_5.jpg,B1,A2,0.8758
processed_data_cleaned\test\B1\B1.27.HB-The_23_patch_2_3.jpg,B1,A2,0.9309
processed_data_cleaned\test\B1\B1.27.HB-The_23_patch_2_4.jpg,B1,A2,0.9037
processed_data_cleaned\test\B1\B1.27.HB-The_23_patch_2_5.jpg,B1,A2,0.7688
processed_data_cleaned\test\B1\B1.27.HB-The_23_patch_3_2.jpg,B1,A2,0.8928
processed_data_cleaned\test\B1\B1.27.HB-The_23_patch_3_3.jpg,B1,A2,0.692
processed_data_cleaned\test\B1\B1.27.HB-The_23_patch_3_4.jpg,B1,A2,0.5538
processed_data_cleaned\test\B1\B1.27.HB-The_23_patch_3_5.jpg,B1,A2,0.5958
processed_data_cleaned\test\B1\B1.27.HB-The_24_patch_0_5.jpg,B1,A2,0.8276
processed_data_cleaned\test\B1\B1.27.HB-The_24_patch_1_1.jpg,B1,A2,0.9435
processed_data_cleaned\test\B1\B1.27.HB-The_24_patch_1_2.jpg,B1,A2,0.9101
processed_data_cleaned\test\B1\B1.27.HB-The_24_patch_1_3.jpg,B1,A2,0.5013
processed_data_cleaned\test\B1\B1.27.HB-The_24_patch_2_0.jpg,B1,A2,0.6846
processed_data_cleaned\test\B1\B1.27.HB-The_24_patch_2_1.jpg,B1,A2,0.6187
processed_data_cleaned\test\B1\B1.27.HB-The_24_patch_2_4.jpg,B1,A2,0.4296
processed_data_cleaned\test\B1\B1.27.HB-The_24_patch_3_0.jpg,B1,A2,0.7355
processed_data_cleaned\test\B1\B1.27.HB-The_24_patch_3_1.jpg,B1,A2,0.7299
processed_data_cleaned\test\B1\B1.27.HB-The_24_patch_3_5.jpg,B1,A1,0.407
processed_data_cleaned\test\B1\B1.27.HB-The_25_patch_0_0.jpg,B1,B2,0.5602
processed_data_cleaned\test\B1\B1.27.HB-The_25_patch_0_1.jpg,B1,A1,0.4441
processed_data_cleaned\test\B1\B1.27.HB-The_25_patch_0_3.jpg,B1,A1,0.5362
processed_data_cleaned\test\B1\B1.27.HB-The_25_patch_0_4.jpg,B1,B2,0.8712
processed_data_cleaned\test\B1\B1.27.HB-The_25_patch_1_0.jpg,B1,B2,0.7895
processed_data_cleaned\test\B1\B1.27.HB-The_25_patch_1_2.jpg,B1,A2,0.6246
processed_data_cleaned\test\B1\B1.27.HB-The_25_patch_1_3.jpg,B1,B2,0.5793
processed_data_cleaned\test\B1\B1.27.HB-The_25_patch_2_3.jpg,B1,B2,0.9751
processed_data_cleaned\test\B1\B1.27.HB-The_25_patch_3_0.jpg,B1,B2,0.461
processed_data_cleaned\test\B1\B1.27.HB-The_25_patch_3_1.jpg,B1,B2,0.4332
processed_data_cleaned\test\B1\B1.27.HB-The_25_patch_3_4.jpg,B1,B2,0.3852
processed_data_cleaned\test\B1\B1.27.HB-The_26_patch_0_1.jpg,B1,A2,0.5491
processed_data_cleaned\test\B1\B1.27.HB-The_26_patch_1_3.jpg,B1,A1,0.4226
processed_data_cleaned\test\B1\B1.27.HB-The_26_patch_2_2.jpg,B1,B2,0.6554
processed_data_cleaned\test\B1\B1.27.HB-The_26_patch_3_0.jpg,B1,B2,0.3588
processed_data_cleaned\test\B1\B1.27.HB-The_26_patch_3_2.jpg,B1,A2,0.7563
processed_data_cleaned\test\B1\B1.27.HB-The_26_patch_3_3.jpg,B1,A2,0.4886
processed_data_cleaned\test\B1\B1.27.HB-The_26_patch_3_5.jpg,B1,A1,0.6474
processed_data_cleaned\test\B1\B1.27.HB-The_27_patch_0_0.jpg,B1,A1,0.4786
processed_data_cleaned\test\B1\B1.27.HB-The_27_patch_0_1.jpg,B1,A1,0.4474
processed_data_cleaned\test\B1\B1.27.HB-The_27_patch_0_4.jpg,B1,A2,0.9122
processed_data_cleaned\test\B1\B1.27.HB-The_27_patch_0_5.jpg,B1,A2,0.9047
processed_data_cleaned\test\B1\B1.27.HB-The_27_patch_1_5.jpg,B1,A2,0.917
processed_data_cleaned\test\B1\B1.27.HB-The_27_patch_2_0.jpg,B1,A1,0.5921
processed_data_cleaned\test\B1\B1.27.HB-The_27_patch_2_2.jpg,B1,B2,0.7149
processed_data_cleaned\test\B1\B1.27.HB-The_27_patch_2_3.jpg,B1,B2,0.5251
processed_data_cleaned\test\B1\B1.27.HB-The_27_patch_2_5.jpg,B1,A2,0.7941
processed_data_cleaned\test\B1\B1.27.HB-The_27_patch_3_0.jpg,B1,B2,0.7746
processed_data_cleaned\test\B1\B1.27.HB-The_27_patch_3_1.jpg,B1,A2,0.3232
processed_data_cleaned\test\B1\B1.27.HB-The_28_patch_0_3.jpg,B1,A2,0.9913
processed_data_cleaned\test\B1\B1.27.HB-The_28_patch_1_3.jpg,B1,A2,0.8807
processed_data_cleaned\test\B1\B1.27.HB-The_28_patch_2_3.jpg,B1,B2,0.402
processed_data_cleaned\test\B1\B1.27.HB-The_28_patch_3_1.jpg,B1,A2,0.7204
processed_data_cleaned\test\B1\B1.27.HB-The_29_patch_0_2.jpg,B1,A2,0.9301
processed_data_cleaned\test\B1\B1.27.HB-The_29_patch_0_4.jpg,B1,B2,0.9045
processed_data_cleaned\test\B1\B1.27.HB-The_29_patch_2_0.jpg,B1,A1,0.9019
processed_data_cleaned\test\B1\B1.27.HB-The_29_patch_2_2.jpg,B1,B2,0.6218
processed_data_cleaned\test\B1\B1.27.HB-The_29_patch_3_0.jpg,B1,B2,0.7554
processed_data_cleaned\test\B1\B1.27.HB-The_30_patch_0_1.jpg,B1,B2,0.3375
processed_data_cleaned\test\B1\B1.27.HB-The_30_patch_0_2.jpg,B1,B2,0.5699
processed_data_cleaned\test\B1\B1.27.HB-The_30_patch_1_2.jpg,B1,A1,0.7758
processed_data_cleaned\test\B1\B1.27.HB-The_30_patch_1_3.jpg,B1,A1,0.9071
processed_data_cleaned\test\B1\B1.27.HB-The_30_patch_2_1.jpg,B1,B2,0.5754
processed_data_cleaned\test\B1\B1.27.HB-The_30_patch_2_2.jpg,B1,A1,0.7537
processed_data_cleaned\test\B1\B1.27.HB-The_30_patch_2_5.jpg,B1,B2,0.4356
processed_data_cleaned\test\B1\B1.27.HB-The_30_patch_3_0.jpg,B1,B2,0.5661
processed_data_cleaned\test\B1\B1.27.HB-The_30_patch_3_1.jpg,B1,A1,0.7337
processed_data_cleaned\test\B1\B1.27.HB-The_30_patch_3_2.jpg,B1,A2,0.4118
processed_data_cleaned\test\B1\B1.27.HB-The_31_patch_0_1.jpg,B1,B2,0.38
processed_data_cleaned\test\B1\B1.27.HB-The_31_patch_0_4.jpg,B1,B2,0.5953
processed_data_cleaned\test\B1\B1.27.HB-The_31_patch_0_5.jpg,B1,B2,0.616
processed_data_cleaned\test\B1\B1.27.HB-The_31_patch_1_2.jpg,B1,A1,0.8513
processed_data_cleaned\test\B1\B1.27.HB-The_31_patch_1_3.jpg,B1,A1,0.8677
processed_data_cleaned\test\B1\B1.27.HB-The_31_patch_2_1.jpg,B1,B2,0.9285
processed_data_cleaned\test\B1\B1.27.HB-The_31_patch_2_2.jpg,B1,A1,0.8508
processed_data_cleaned\test\B1\B1.27.HB-The_31_patch_3_0.jpg,B1,B2,0.4917
processed_data_cleaned\test\B1\B1.27.HB-The_31_patch_3_1.jpg,B1,A1,0.8165
processed_data_cleaned\test\B1\B1.27.HB-The_31_patch_3_4.jpg,B1,B2,0.4714
processed_data_cleaned\test\B1\B1.27.HB-The_32_patch_0_0.jpg,B1,B2,0.3373
processed_data_cleaned\test\B1\B1.27.HB-The_32_patch_0_4.jpg,B1,B2,0.4217
processed_data_cleaned\test\B1\B1.27.HB-The_32_patch_1_2.jpg,B1,A1,0.8464
processed_data_cleaned\test\B1\B1.27.HB-The_32_patch_1_3.jpg,B1,A1,0.9262
processed_data_cleaned\test\B1\B1.27.HB-The_32_patch_2_2.jpg,B1,A1,0.7919
processed_data_cleaned\test\B1\B1.27.HB-The_32_patch_2_3.jpg,B1,A1,0.5528
processed_data_cleaned\test\B1\B1.27.HB-The_32_patch_3_0.jpg,B1,A1,0.669
processed_data_cleaned\test\B1\B1.27.HB-The_32_patch_3_1.jpg,B1,B2,0.6422
processed_data_cleaned\test\B1\B1.27.HB-The_32_patch_3_4.jpg,B1,B2,0.4097
processed_data_cleaned\test\B1\B1.27.HB-The_33_patch_0_1.jpg,B1,B2,0.6642
processed_data_cleaned\test\B1\B1.27.HB-The_33_patch_0_2.jpg,B1,A2,0.4774
processed_data_cleaned\test\B1\B1.27.HB-The_33_patch_1_1.jpg,B1,A2,0.4665
processed_data_cleaned\test\B1\B1.27.HB-The_33_patch_2_1.jpg,B1,B2,0.2863
processed_data_cleaned\test\B1\B1.27.HB-The_33_patch_2_2.jpg,B1,B2,0.9681
processed_data_cleaned\test\B1\B1.27.HB-The_33_patch_2_5.jpg,B1,B2,0.6685
processed_data_cleaned\test\B1\B1.27.HB-The_33_patch_3_0.jpg,B1,A2,0.4776
processed_data_cleaned\test\B1\B1.27.HB-The_33_patch_3_1.jpg,B1,A2,0.406
processed_data_cleaned\test\B1\B1.27.HB-The_33_patch_3_2.jpg,B1,B2,0.342
processed_data_cleaned\test\B1\B1.27.HB-The_34_patch_0_0.jpg,B1,A2,0.4559
processed_data_cleaned\test\B1\B1.27.HB-The_34_patch_0_1.jpg,B1,A1,0.4589
processed_data_cleaned\test\B1\B1.27.HB-The_34_patch_0_2.jpg,B1,A2,0.3708
processed_data_cleaned\test\B1\B1.27.HB-The_34_patch_3_4.jpg,B1,B2,0.5456
processed_data_cleaned\test\B1\B1.27.HB-The_34_patch_3_5.jpg,B1,A1,0.4342
processed_data_cleaned\test\B1\B1.27.HB-The_35_patch_0_5.jpg,B1,B2,0.9109
processed_data_cleaned\test\B1\B1.27.HB-The_35_patch_1_0.jpg,B1,A1,0.5309
processed_data_cleaned\test\B1\B1.27.HB-The_35_patch_3_1.jpg,B1,A1,0.7032
processed_data_cleaned\test\B1\B1.27.HB-The_35_patch_3_2.jpg,B1,A1,0.5819
processed_data_cleaned\test\B1\B1.27.HB-The_36_patch_0_0.jpg,B1,A2,0.5975
processed_data_cleaned\test\B1\B1.27.HB-The_36_patch_0_2.jpg,B1,B2,0.3438
processed_data_cleaned\test\B1\B1.27.HB-The_36_patch_0_3.jpg,B1,B2,0.3987
processed_data_cleaned\test\B1\B1.27.HB-The_36_patch_0_5.jpg,B1,A2,0.3632
processed_data_cleaned\test\B1\B1.27.HB-The_36_patch_1_0.jpg,B1,B2,0.7329
processed_data_cleaned\test\B1\B1.27.HB-The_36_patch_1_2.jpg,B1,A1,0.4554
processed_data_cleaned\test\B1\B1.27.HB-The_36_patch_2_3.jpg,B1,A1,0.4305
processed_data_cleaned\test\B1\B1.27.HB-The_36_patch_3_0.jpg,B1,B2,0.9746
processed_data_cleaned\test\B1\B1.27.HB-The_36_patch_3_1.jpg,B1,A1,0.4465
processed_data_cleaned\test\B1\B1.27.HB-The_38_patch_0_0.jpg,B1,A2,0.6543
processed_data_cleaned\test\B1\B1.27.HB-The_38_patch_1_5.jpg,B1,A2,0.5644
processed_data_cleaned\test\B1\B1.27.HB-The_38_patch_3_5.jpg,B1,B2,0.4105
processed_data_cleaned\test\B1\B1.27.HB-The_39_patch_1_2.jpg,B1,A2,0.4013
processed_data_cleaned\test\B1\B1.27.HB-The_39_patch_1_4.jpg,B1,A2,0.5398
processed_data_cleaned\test\B1\B1.27.HB-The_39_patch_1_5.jpg,B1,A2,0.3656
processed_data_cleaned\test\B1\B1.27.HB-The_40_patch_2_4.jpg,B1,A1,0.5175
processed_data_cleaned\test\B1\B1.27.HB-The_40_patch_3_4.jpg,B1,A1,0.7191
processed_data_cleaned\test\B1\B1.27.HB-The_41_patch_0_0.jpg,B1,A1,0.5886
processed_data_cleaned\test\B1\B1.27.HB-The_41_patch_1_0.jpg,B1,A1,0.4377
processed_data_cleaned\test\B1\B1.27.HB-The_41_patch_2_1.jpg,B1,A1,0.9859
processed_data_cleaned\test\B1\B1.27.HB-The_41_patch_3_0.jpg,B1,A1,0.4872
processed_data_cleaned\test\B1\B1.27.HB-The_41_patch_3_1.jpg,B1,A1,0.6362
processed_data_cleaned\test\B1\B1.27.HB-The_41_patch_3_2.jpg,B1,A1,0.6592
processed_data_cleaned\test\B1\B1.27.HB-The_42_patch_0_0.jpg,B1,A1,0.7242
processed_data_cleaned\test\B1\B1.27.HB-The_43_patch_0_2.jpg,B1,A1,0.4975
processed_data_cleaned\test\B1\B1.27.HB-The_44_patch_1_0.jpg,B1,A1,0.5097
processed_data_cleaned\test\B1\B1.27.HB-The_44_patch_1_3.jpg,B1,A1,0.3684
processed_data_cleaned\test\B1\B1.27.HB-The_44_patch_2_0.jpg,B1,A1,0.6979
processed_data_cleaned\test\B1\B1.27.HB-The_44_patch_2_1.jpg,B1,A2,0.3833
processed_data_cleaned\test\B1\B1.27.HB-The_44_patch_3_1.jpg,B1,A2,0.6333
processed_data_cleaned\test\B1\B1.27.HB-The_44_patch_3_2.jpg,B1,A1,0.5087
processed_data_cleaned\test\B1\B1.27.HB-The_45_patch_0_5.jpg,B1,A2,0.6784
processed_data_cleaned\test\B1\B1.27.HB-The_45_patch_1_1.jpg,B1,A2,0.5185
processed_data_cleaned\test\B1\B1.27.HB-The_45_patch_1_2.jpg,B1,A2,0.339
processed_data_cleaned\test\B1\B1.27.HB-The_45_patch_1_5.jpg,B1,B2,0.7619
processed_data_cleaned\test\B1\B1.27.HB-The_45_patch_2_2.jpg,B1,A1,0.7766
processed_data_cleaned\test\B1\B1.27.HB-The_45_patch_2_3.jpg,B1,A1,0.8196
processed_data_cleaned\test\B1\B1.27.HB-The_45_patch_2_4.jpg,B1,A1,0.6862
processed_data_cleaned\test\B1\B1.27.HB-The_45_patch_3_0.jpg,B1,B2,0.4151
processed_data_cleaned\test\B1\B1.27.HB-The_45_patch_3_1.jpg,B1,B2,0.9292
processed_data_cleaned\test\B1\B1.27.HB-The_45_patch_3_2.jpg,B1,A1,0.9362
processed_data_cleaned\test\B1\B1.27.HB-The_45_patch_3_3.jpg,B1,A1,0.5807
processed_data_cleaned\test\B1\B1.27.HB-The_46_patch_0_3.jpg,B1,A2,0.4101
processed_data_cleaned\test\B1\B1.27.HB-The_46_patch_1_4.jpg,B1,A2,0.8588
processed_data_cleaned\test\B1\B1.27.HB-The_46_patch_2_1.jpg,B1,B2,0.9734
processed_data_cleaned\test\B1\B1.27.HB-The_46_patch_2_4.jpg,B1,A1,0.9185
processed_data_cleaned\test\B1\B1.27.HB-The_46_patch_3_3.jpg,B1,A1,0.584
processed_data_cleaned\test\B1\DSC02161_patch_0_4.jpg,B1,A1,0.4815
processed_data_cleaned\test\B1\DSC02161_patch_2_3.jpg,B1,A1,0.5728
processed_data_cleaned\test\B1\DSC02161_patch_3_4.jpg,B1,A1,0.6445
processed_data_cleaned\test\B1\DSC02161_patch_3_5.jpg,B1,A1,0.4175
processed_data_cleaned\test\B1\DSC02162_patch_0_5.jpg,B1,A1,0.9397
processed_data_cleaned\test\B1\DSC02162_patch_1_5.jpg,B1,A1,0.9169
processed_data_cleaned\test\B1\DSC02162_patch_3_1.jpg,B1,A1,0.7618
processed_data_cleaned\test\B1\DSC02162_patch_3_2.jpg,B1,A1,0.9059
processed_data_cleaned\test\B1\DSC02162_patch_3_4.jpg,B1,A1,0.8894
processed_data_cleaned\test\B1\DSC02162_patch_3_5.jpg,B1,A1,0.9615
processed_data_cleaned\test\B1\DSC02163_patch_0_1.jpg,B1,B2,0.6527
processed_data_cleaned\test\B1\DSC02163_patch_0_2.jpg,B1,A2,0.5961
processed_data_cleaned\test\B1\DSC02163_patch_1_3.jpg,B1,A1,0.6689
processed_data_cleaned\test\B1\DSC02163_patch_1_4.jpg,B1,A1,0.5289
processed_data_cleaned\test\B1\DSC02163_patch_2_0.jpg,B1,A1,0.4946
processed_data_cleaned\test\B1\DSC02163_patch_2_2.jpg,B1,A1,0.5089
processed_data_cleaned\test\B1\DSC02163_patch_2_4.jpg,B1,A1,0.534
processed_data_cleaned\test\B1\DSC02163_patch_3_0.jpg,B1,A1,0.5122
processed_data_cleaned\test\B1\DSC02163_patch_3_3.jpg,B1,A1,0.746
processed_data_cleaned\test\B1\DSC02163_patch_3_5.jpg,B1,A1,0.5827
processed_data_cleaned\test\B1\DSC02164_patch_1_1.jpg,B1,A1,0.6069
processed_data_cleaned\test\B1\DSC02164_patch_1_3.jpg,B1,A1,0.5443
processed_data_cleaned\test\B1\DSC02164_patch_2_0.jpg,B1,A1,0.8782
processed_data_cleaned\test\B1\DSC02164_patch_2_1.jpg,B1,A1,0.5583
processed_data_cleaned\test\B1\DSC02164_patch_2_5.jpg,B1,A2,0.4302
processed_data_cleaned\test\B1\DSC02164_patch_3_0.jpg,B1,A1,0.4362
processed_data_cleaned\test\B1\DSC02164_patch_3_1.jpg,B1,B2,0.6179
processed_data_cleaned\test\B1\DSC02165_patch_0_0.jpg,B1,A1,0.9286
processed_data_cleaned\test\B1\DSC02165_patch_0_1.jpg,B1,A1,0.7961
processed_data_cleaned\test\B1\DSC02165_patch_1_0.jpg,B1,A1,0.7351
processed_data_cleaned\test\B1\DSC02165_patch_1_1.jpg,B1,A1,0.9269
processed_data_cleaned\test\B1\DSC02165_patch_1_2.jpg,B1,A1,0.9705
processed_data_cleaned\test\B1\DSC02165_patch_1_3.jpg,B1,A1,0.8197
processed_data_cleaned\test\B1\DSC02165_patch_1_4.jpg,B1,A1,0.8311
processed_data_cleaned\test\B1\DSC02165_patch_2_0.jpg,B1,A1,0.8105
processed_data_cleaned\test\B1\DSC02165_patch_2_1.jpg,B1,A1,0.6196
processed_data_cleaned\test\B1\DSC02165_patch_2_2.jpg,B1,A1,0.5399
processed_data_cleaned\test\B1\DSC02166_patch_0_3.jpg,B1,A1,0.4829
processed_data_cleaned\test\B1\DSC02166_patch_1_0.jpg,B1,A1,0.8048
processed_data_cleaned\test\B1\DSC02166_patch_1_2.jpg,B1,A1,0.5837
processed_data_cleaned\test\B1\DSC02166_patch_2_0.jpg,B1,A1,0.4137
processed_data_cleaned\test\B1\DSC02166_patch_2_1.jpg,B1,A1,0.4183
processed_data_cleaned\test\B1\DSC02166_patch_2_2.jpg,B1,A1,0.6881
processed_data_cleaned\test\B1\DSC02166_patch_3_1.jpg,B1,A1,0.6923
processed_data_cleaned\test\B1\DSC02166_patch_3_2.jpg,B1,A1,0.9146
processed_data_cleaned\test\B1\DSC02166_patch_3_5.jpg,B1,A1,0.3687
processed_data_cleaned\test\B1\DSC02169_patch_2_1.jpg,B1,A1,0.5069
processed_data_cleaned\test\B1\DSC02170_patch_0_3.jpg,B1,B2,0.6897
processed_data_cleaned\test\B1\DSC02171_patch_0_5.jpg,B1,A1,0.6283
processed_data_cleaned\test\B1\DSC02171_patch_2_0.jpg,B1,A1,0.8673
processed_data_cleaned\test\B1\DSC02171_patch_2_3.jpg,B1,A1,0.6633
processed_data_cleaned\test\B1\DSC02171_patch_2_5.jpg,B1,A1,0.9428
processed_data_cleaned\test\B1\DSC02171_patch_3_5.jpg,B1,A1,0.3609
processed_data_cleaned\test\B1\DSC02172_patch_0_0.jpg,B1,B2,0.7119
processed_data_cleaned\test\B1\DSC02172_patch_1_1.jpg,B1,A1,0.5733
processed_data_cleaned\test\B1\DSC02172_patch_1_2.jpg,B1,A1,0.9053
processed_data_cleaned\test\B1\DSC02172_patch_2_0.jpg,B1,A1,0.5958
processed_data_cleaned\test\B1\DSC02172_patch_2_2.jpg,B1,A1,0.5711
processed_data_cleaned\test\B1\DSC02172_patch_3_0.jpg,B1,B2,0.8508
processed_data_cleaned\test\B1\DSC02173_patch_0_1.jpg,B1,A1,0.5352
processed_data_cleaned\test\B1\DSC02173_patch_1_0.jpg,B1,A1,0.8759
processed_data_cleaned\test\B1\DSC02173_patch_2_2.jpg,B1,A1,0.9214
processed_data_cleaned\test\B1\DSC02173_patch_2_5.jpg,B1,A1,0.9354
processed_data_cleaned\test\B1\DSC02173_patch_3_4.jpg,B1,A1,0.9271
processed_data_cleaned\test\B1\DSC02174_patch_1_0.jpg,B1,A1,0.6973
processed_data_cleaned\test\B1\DSC02176_patch_0_5.jpg,B1,A1,0.8196
processed_data_cleaned\test\B1\DSC02176_patch_3_3.jpg,B1,A1,0.7347
processed_data_cleaned\test\B1\DSC02177_patch_2_2.jpg,B1,A1,0.8656
processed_data_cleaned\test\B1\DSC02177_patch_2_5.jpg,B1,A1,0.7607
processed_data_cleaned\test\B1\DSC02177_patch_3_0.jpg,B1,A1,0.7869
processed_data_cleaned\test\B1\DSC02177_patch_3_1.jpg,B1,A1,0.7682
processed_data_cleaned\test\B1\DSC02177_patch_3_2.jpg,B1,A1,0.9248
processed_data_cleaned\test\B1\DSC02177_patch_3_3.jpg,B1,A1,0.9713
processed_data_cleaned\test\B1\DSC02177_patch_3_5.jpg,B1,A1,0.6875
processed_data_cleaned\test\B1\DSC02178_patch_2_0.jpg,B1,A1,0.9164
processed_data_cleaned\test\B1\DSC02178_patch_2_1.jpg,B1,A1,0.6323
processed_data_cleaned\test\B1\DSC02178_patch_2_3.jpg,B1,A1,0.7854
processed_data_cleaned\test\B1\DSC02178_patch_2_4.jpg,B1,A1,0.9164
processed_data_cleaned\test\B1\DSC02178_patch_2_5.jpg,B1,A1,0.9256
processed_data_cleaned\test\B1\DSC02178_patch_3_0.jpg,B1,A1,0.9743
processed_data_cleaned\test\B1\DSC02178_patch_3_1.jpg,B1,A1,0.5241
processed_data_cleaned\test\B1\DSC02178_patch_3_2.jpg,B1,A1,0.6374
processed_data_cleaned\test\B1\DSC02179_patch_2_2.jpg,B1,B2,0.3333
processed_data_cleaned\test\B1\DSC02180_patch_2_0.jpg,B1,B2,0.5585
processed_data_cleaned\test\B1\DSC02180_patch_2_1.jpg,B1,A1,0.4812
processed_data_cleaned\test\B1\DSC02181_patch_0_3.jpg,B1,A1,0.7718
processed_data_cleaned\test\B1\DSC02181_patch_0_4.jpg,B1,A1,0.6659
processed_data_cleaned\test\B1\DSC02181_patch_1_0.jpg,B1,A1,0.8268
processed_data_cleaned\test\B1\DSC02181_patch_1_1.jpg,B1,A1,0.6573
processed_data_cleaned\test\B1\DSC02181_patch_2_1.jpg,B1,A1,0.5912
processed_data_cleaned\test\B1\DSC02181_patch_3_1.jpg,B1,A1,0.8416
processed_data_cleaned\test\B1\DSC02182_patch_0_4.jpg,B1,A1,0.6071
processed_data_cleaned\test\B1\DSC02182_patch_0_5.jpg,B1,A1,0.8063
processed_data_cleaned\test\B1\DSC02182_patch_1_4.jpg,B1,A1,0.5798
processed_data_cleaned\test\B1\DSC02182_patch_1_5.jpg,B1,A1,0.5624
processed_data_cleaned\test\B1\DSC02182_patch_2_0.jpg,B1,A1,0.8734
processed_data_cleaned\test\B1\DSC02182_patch_3_5.jpg,B1,A1,0.4826
processed_data_cleaned\test\B1\DSC02183_patch_0_5.jpg,B1,A2,0.4158
processed_data_cleaned\test\B1\DSC02183_patch_1_1.jpg,B1,A1,0.7122
processed_data_cleaned\test\B1\DSC02183_patch_1_3.jpg,B1,A1,0.636
processed_data_cleaned\test\B1\DSC02183_patch_2_1.jpg,B1,A1,0.5266
processed_data_cleaned\test\B1\DSC02183_patch_2_2.jpg,B1,A1,0.5611
processed_data_cleaned\test\B1\DSC02183_patch_2_3.jpg,B1,A1,0.742
processed_data_cleaned\test\B1\DSC02183_patch_3_0.jpg,B1,A1,0.7956
processed_data_cleaned\test\B1\DSC02183_patch_3_1.jpg,B1,A1,0.9584
processed_data_cleaned\test\B1\DSC02183_patch_3_2.jpg,B1,A1,0.6567
processed_data_cleaned\test\B1\DSC02184_patch_0_4.jpg,B1,A1,0.8695
processed_data_cleaned\test\B1\DSC02184_patch_1_2.jpg,B1,B2,0.5436
processed_data_cleaned\test\B1\DSC02184_patch_3_0.jpg,B1,A1,0.8629
processed_data_cleaned\test\B1\DSC02184_patch_3_4.jpg,B1,A1,0.737
processed_data_cleaned\test\B1\DSC02207_patch_0_5.jpg,B1,B2,0.9256
processed_data_cleaned\test\B1\DSC02207_patch_1_2.jpg,B1,A1,0.668
processed_data_cleaned\test\B1\DSC02207_patch_1_5.jpg,B1,A1,0.5158
processed_data_cleaned\test\B1\DSC02207_patch_2_0.jpg,B1,A1,0.614
processed_data_cleaned\test\B1\DSC02207_patch_2_1.jpg,B1,A1,0.7849
processed_data_cleaned\test\B1\DSC02207_patch_2_2.jpg,B1,A1,0.6071
processed_data_cleaned\test\B1\DSC02207_patch_3_2.jpg,B1,A1,0.9568
processed_data_cleaned\test\B1\DSC02207_patch_3_3.jpg,B1,B2,0.4237
processed_data_cleaned\test\B1\DSC02208_patch_2_3.jpg,B1,A1,0.5602
processed_data_cleaned\test\B1\DSC02208_patch_2_5.jpg,B1,A1,0.7376
processed_data_cleaned\test\B1\DSC02208_patch_3_0.jpg,B1,A1,0.5018
processed_data_cleaned\test\B1\DSC02209_patch_0_1.jpg,B1,A1,0.8665
processed_data_cleaned\test\B1\DSC02210_patch_1_0.jpg,B1,A1,0.7601
processed_data_cleaned\test\B1\DSC02210_patch_3_0.jpg,B1,B2,0.6353
processed_data_cleaned\test\B1\DSC02210_patch_3_3.jpg,B1,A1,0.7763
processed_data_cleaned\test\B1\DSC02210_patch_3_5.jpg,B1,A1,0.804
processed_data_cleaned\test\B1\DSC02211_patch_0_4.jpg,B1,A1,0.8791
processed_data_cleaned\test\B1\DSC02211_patch_2_4.jpg,B1,A2,0.7649
processed_data_cleaned\test\B1\DSC02211_patch_2_5.jpg,B1,A2,0.7802
processed_data_cleaned\test\B1\DSC02211_patch_3_0.jpg,B1,A1,0.7886
processed_data_cleaned\test\B1\DSC02211_patch_3_1.jpg,B1,A1,0.9065
processed_data_cleaned\test\B1\DSC02211_patch_3_2.jpg,B1,B2,0.687
processed_data_cleaned\test\B1\DSC02211_patch_3_3.jpg,B1,A1,0.5328
processed_data_cleaned\test\B1\DSC02212_patch_0_5.jpg,B1,A1,0.6912
processed_data_cleaned\test\B1\DSC02212_patch_1_2.jpg,B1,A1,0.9656
processed_data_cleaned\test\B1\DSC02212_patch_1_4.jpg,B1,A1,0.6987
processed_data_cleaned\test\B1\DSC02213_patch_0_3.jpg,B1,B2,0.4625
processed_data_cleaned\test\B1\DSC02213_patch_1_3.jpg,B1,A1,0.9092
processed_data_cleaned\test\B1\DSC02213_patch_3_5.jpg,B1,B2,0.6551
processed_data_cleaned\test\B1\DSC02214_patch_0_3.jpg,B1,A1,0.4962
processed_data_cleaned\test\B1\DSC02214_patch_1_0.jpg,B1,B2,0.6589
processed_data_cleaned\test\B1\DSC02214_patch_3_5.jpg,B1,A1,0.7324
processed_data_cleaned\test\B1\DSC02215_patch_1_1.jpg,B1,B2,0.8536
processed_data_cleaned\test\B1\DSC02215_patch_2_0.jpg,B1,A1,0.7074
processed_data_cleaned\test\B1\DSC02215_patch_2_2.jpg,B1,A1,0.6274
processed_data_cleaned\test\B1\DSC02215_patch_2_3.jpg,B1,A2,0.5996
processed_data_cleaned\test\B1\DSC02215_patch_3_0.jpg,B1,A1,0.8254
processed_data_cleaned\test\B1\DSC02215_patch_3_5.jpg,B1,B2,0.5461
processed_data_cleaned\test\B1\DSC02217_patch_2_0.jpg,B1,A1,0.7868
processed_data_cleaned\test\B2\B2.01.Sai-Cen_01_patch_0_0.jpg,B2,A2,0.7936
processed_data_cleaned\test\B2\B2.01.Sai-Cen_01_patch_0_1.jpg,B2,A2,0.9708
processed_data_cleaned\test\B2\B2.01.Sai-Cen_01_patch_0_2.jpg,B2,A2,0.917
processed_data_cleaned\test\B2\B2.01.Sai-Cen_01_patch_0_3.jpg,B2,B1,0.5601
processed_data_cleaned\test\B2\B2.01.Sai-Cen_01_patch_1_3.jpg,B2,B1,0.9439
processed_data_cleaned\test\B2\B2.01.Sai-Cen_01_patch_2_3.jpg,B2,B1,0.9252
processed_data_cleaned\test\B2\B2.01.Sai-Cen_02_patch_0_0.jpg,B2,B1,0.7618
processed_data_cleaned\test\B2\B2.01.Sai-Cen_02_patch_0_1.jpg,B2,A2,0.9806
processed_data_cleaned\test\B2\B2.01.Sai-Cen_02_patch_0_2.jpg,B2,A2,0.8198
processed_data_cleaned\test\B2\B2.01.Sai-Cen_02_patch_1_1.jpg,B2,B1,0.9594
processed_data_cleaned\test\B2\B2.01.Sai-Cen_02_patch_2_0.jpg,B2,B1,0.9788
processed_data_cleaned\test\B2\B2.01.Sai-Cen_02_patch_2_1.jpg,B2,B1,0.965
processed_data_cleaned\test\B2\B2.01.Sai-Cen_03_patch_1_1.jpg,B2,B1,0.3719
processed_data_cleaned\test\B2\B2.01.Sai-Cen_03_patch_1_2.jpg,B2,B1,0.9811
processed_data_cleaned\test\B2\B2.01.Sai-Cen_03_patch_1_3.jpg,B2,B1,0.4978
processed_data_cleaned\test\B2\B2.01.Sai-Cen_03_patch_2_1.jpg,B2,B1,0.4859
processed_data_cleaned\test\B2\B2.01.Sai-Cen_04_patch_0_2.jpg,B2,B1,0.8937
processed_data_cleaned\test\B2\B2.01.Sai-Cen_04_patch_1_0.jpg,B2,B1,0.6204
processed_data_cleaned\test\B2\B2.01.Sai-Cen_04_patch_1_1.jpg,B2,A2,0.3453
processed_data_cleaned\test\B2\B2.01.Sai-Cen_05_patch_0_1.jpg,B2,A2,0.8133
processed_data_cleaned\test\B2\B2.01.Sai-Cen_05_patch_1_0.jpg,B2,A2,0.5267
processed_data_cleaned\test\B2\B2.01.Sai-Cen_05_patch_1_2.jpg,B2,A2,0.7575
processed_data_cleaned\test\B2\B2.01.Sai-Cen_05_patch_1_3.jpg,B2,A2,0.9637
processed_data_cleaned\test\B2\B2.01.Sai-Cen_05_patch_2_1.jpg,B2,A2,0.744
processed_data_cleaned\test\B2\B2.01.Sai-Cen_05_patch_2_2.jpg,B2,B1,0.6734
processed_data_cleaned\test\B2\B2.01.Sai-Cen_05_patch_2_3.jpg,B2,A2,0.6058
processed_data_cleaned\test\B2\B2.01.Sai-Cen_06_patch_0_2.jpg,B2,B1,0.661
processed_data_cleaned\test\B2\B2.01.Sai-Cen_06_patch_1_1.jpg,B2,A1,0.3687
processed_data_cleaned\test\B2\B2.01.Sai-Cen_06_patch_1_2.jpg,B2,A1,0.6557
processed_data_cleaned\test\B2\B2.01.Sai-Cen_06_patch_1_3.jpg,B2,B1,0.9835
processed_data_cleaned\test\B2\B2.01.Sai-Cen_06_patch_2_2.jpg,B2,B1,0.7581
processed_data_cleaned\test\B2\B2.01.Sai-Cen_07_patch_1_0.jpg,B2,A1,0.4379
processed_data_cleaned\test\B2\B2.01.Sai-Cen_07_patch_1_1.jpg,B2,A1,0.4886
processed_data_cleaned\test\B2\B2.01.Sai-Cen_07_patch_1_2.jpg,B2,A1,0.4034
processed_data_cleaned\test\B2\B2.01.Sai-Cen_07_patch_1_3.jpg,B2,B1,0.5058
processed_data_cleaned\test\B2\B2.01.Sai-Cen_07_patch_2_0.jpg,B2,A2,0.7207
processed_data_cleaned\test\B2\B2.01.Sai-Cen_07_patch_2_2.jpg,B2,A2,0.4542
processed_data_cleaned\test\B2\B2.01.Sai-Cen_08_patch_0_2.jpg,B2,A2,0.9095
processed_data_cleaned\test\B2\B2.01.Sai-Cen_08_patch_0_3.jpg,B2,A2,0.9001
processed_data_cleaned\test\B2\B2.01.Sai-Cen_08_patch_1_0.jpg,B2,A2,0.6979
processed_data_cleaned\test\B2\B2.01.Sai-Cen_08_patch_1_1.jpg,B2,B1,0.5604
processed_data_cleaned\test\B2\B2.01.Sai-Cen_08_patch_1_2.jpg,B2,A2,0.7329
processed_data_cleaned\test\B2\B2.01.Sai-Cen_08_patch_1_3.jpg,B2,B1,0.8279
processed_data_cleaned\test\B2\B2.01.Sai-Cen_08_patch_2_2.jpg,B2,B1,0.7692
processed_data_cleaned\test\B2\B2.01.Sai-Cen_08_patch_2_3.jpg,B2,B1,0.5055
processed_data_cleaned\test\B2\B2.01.Sai-Cen_09_patch_0_1.jpg,B2,A2,0.63
processed_data_cleaned\test\B2\B2.01.Sai-Cen_09_patch_0_2.jpg,B2,B1,0.5205
processed_data_cleaned\test\B2\B2.01.Sai-Cen_09_patch_0_3.jpg,B2,B1,0.9326
processed_data_cleaned\test\B2\B2.01.Sai-Cen_09_patch_1_0.jpg,B2,A2,0.4083
processed_data_cleaned\test\B2\B2.01.Sai-Cen_09_patch_1_1.jpg,B2,A2,0.6558
processed_data_cleaned\test\B2\B2.01.Sai-Cen_09_patch_1_3.jpg,B2,A2,0.8903
processed_data_cleaned\test\B2\B2.01.Sai-Cen_09_patch_2_0.jpg,B2,B1,0.5383
processed_data_cleaned\test\B2\B2.01.Sai-Cen_09_patch_2_1.jpg,B2,B1,0.7856
processed_data_cleaned\test\B2\B2.01.Sai-Cen_09_patch_2_2.jpg,B2,B1,0.7926
processed_data_cleaned\test\B2\B2.01.Sai-Cen_10_patch_0_0.jpg,B2,B1,0.6611
processed_data_cleaned\test\B2\B2.01.Sai-Cen_10_patch_1_1.jpg,B2,A2,0.4985
processed_data_cleaned\test\B2\B2.01.Sai-Cen_11_patch_0_1.jpg,B2,A2,0.5645
processed_data_cleaned\test\B2\B2.01.Sai-Cen_11_patch_0_3.jpg,B2,A1,0.5372
processed_data_cleaned\test\B2\B2.01.Sai-Cen_11_patch_1_3.jpg,B2,A1,0.5039
processed_data_cleaned\test\B2\B2.01.Sai-Cen_12_patch_1_2.jpg,B2,B1,0.7054
processed_data_cleaned\test\B2\B2.01.Sai-Cen_12_patch_1_3.jpg,B2,B1,0.5273
processed_data_cleaned\test\B2\B2.01.Sai-Cen_12_patch_2_0.jpg,B2,A1,0.3688
processed_data_cleaned\test\B2\B2.01.Sai-Cen_14_patch_0_0.jpg,B2,B1,0.8562
processed_data_cleaned\test\B2\B2.01.Sai-Cen_14_patch_0_1.jpg,B2,B1,0.6259
processed_data_cleaned\test\B2\B2.01.Sai-Cen_14_patch_1_0.jpg,B2,B1,0.8226
processed_data_cleaned\test\B2\B2.01.Sai-Cen_14_patch_1_1.jpg,B2,A2,0.5368
processed_data_cleaned\test\B2\B2.01.Sai-Cen_14_patch_2_0.jpg,B2,B1,0.9463
processed_data_cleaned\test\B2\B2.01.Sai-Cen_14_patch_2_1.jpg,B2,B1,0.9921
processed_data_cleaned\test\B2\B2.01.Sai-Cen_16_patch_0_0.jpg,B2,A2,0.3296
processed_data_cleaned\test\B2\B2.01.Sai-Cen_16_patch_0_1.jpg,B2,B1,0.3998
processed_data_cleaned\test\B2\B2.01.Sai-Cen_16_patch_0_2.jpg,B2,A1,0.5222
processed_data_cleaned\test\B2\B2.01.Sai-Cen_16_patch_1_1.jpg,B2,B1,0.9648
processed_data_cleaned\test\B2\B2.01.Sai-Cen_16_patch_1_2.jpg,B2,B1,0.8988
processed_data_cleaned\test\B2\B2.01.Sai-Cen_17_patch_0_2.jpg,B2,A1,0.5214
processed_data_cleaned\test\B2\B2.01.Sai-Cen_17_patch_1_0.jpg,B2,B1,0.5358
processed_data_cleaned\test\B2\B2.01.Sai-Cen_17_patch_1_1.jpg,B2,B1,0.7087
processed_data_cleaned\test\B2\B2.01.Sai-Cen_17_patch_2_3.jpg,B2,B1,0.7812
processed_data_cleaned\test\B2\B2.01.Sai-Cen_19_patch_0_0.jpg,B2,B1,0.651
processed_data_cleaned\test\B2\B2.01.Sai-Cen_19_patch_1_2.jpg,B2,A2,0.3901
processed_data_cleaned\test\B2\B2.01.Sai-Cen_19_patch_2_0.jpg,B2,B1,0.9181
processed_data_cleaned\test\B2\B2.01.Sai-Cen_20_patch_1_1.jpg,B2,A2,0.5093
processed_data_cleaned\test\B2\B2.01.Sai-Cen_20_patch_2_3.jpg,B2,A2,0.6613
processed_data_cleaned\test\B2\B2.01.Sai-Cen_22_patch_1_0.jpg,B2,B1,0.9118
processed_data_cleaned\test\B2\B2.01.Sai-Cen_22_patch_1_2.jpg,B2,A1,0.3734
processed_data_cleaned\test\B2\B2.01.Sai-Cen_22_patch_1_3.jpg,B2,B1,0.9134
processed_data_cleaned\test\B2\B2.01.Sai-Cen_24_patch_0_2.jpg,B2,B1,0.9808
processed_data_cleaned\test\B2\B2.01.Sai-Cen_24_patch_0_3.jpg,B2,B1,0.8916
processed_data_cleaned\test\B2\B2.01.Sai-Cen_24_patch_1_2.jpg,B2,B1,0.6997
processed_data_cleaned\test\B2\B2.01.Sai-Cen_24_patch_1_3.jpg,B2,B1,0.6055
processed_data_cleaned\test\B2\B2.01.Sai-Cen_24_patch_2_1.jpg,B2,A2,0.7957
processed_data_cleaned\test\B2\B2.01.Sai-Cen_24_patch_2_2.jpg,B2,B1,0.9883
processed_data_cleaned\test\B2\B2.01.Sai-Cen_24_patch_2_3.jpg,B2,B1,0.7326
processed_data_cleaned\test\B2\B2.01.Sai-Cen_25_patch_1_2.jpg,B2,A2,0.9464
processed_data_cleaned\test\B2\B2.01.Sai-Cen_25_patch_1_3.jpg,B2,A2,0.8149
processed_data_cleaned\test\B2\B2.01.Sai-Cen_25_patch_2_3.jpg,B2,B1,0.5249
processed_data_cleaned\test\B2\B2.01.Sai-Cen_26_patch_0_1.jpg,B2,A2,0.5255
processed_data_cleaned\test\B2\B2.01.Sai-Cen_26_patch_0_2.jpg,B2,A2,0.9199
processed_data_cleaned\test\B2\B2.01.Sai-Cen_26_patch_0_3.jpg,B2,A2,0.9856
processed_data_cleaned\test\B2\B2.01.Sai-Cen_26_patch_1_1.jpg,B2,A2,0.9463
processed_data_cleaned\test\B2\B2.01.Sai-Cen_26_patch_1_2.jpg,B2,A2,0.6552
processed_data_cleaned\test\B2\B2.01.Sai-Cen_26_patch_1_3.jpg,B2,A2,0.8907
processed_data_cleaned\test\B2\B2.01.Sai-Cen_26_patch_2_0.jpg,B2,B1,0.7536
processed_data_cleaned\test\B2\B2.01.Sai-Cen_26_patch_2_3.jpg,B2,A2,0.5056
processed_data_cleaned\test\B2\B2.01.Sai-Cen_27_patch_1_1.jpg,B2,B1,0.7755
processed_data_cleaned\test\B2\B2.01.Sai-Cen_27_patch_1_2.jpg,B2,B1,0.8969
processed_data_cleaned\test\B2\B2.01.Sai-Cen_27_patch_1_3.jpg,B2,B1,0.8082
processed_data_cleaned\test\B2\B2.01.Sai-Cen_27_patch_2_3.jpg,B2,B1,0.6515
processed_data_cleaned\test\B2\B2.01.Sai-Cen_28_patch_1_0.jpg,B2,B1,0.5193
processed_data_cleaned\test\B2\B2.01.Sai-Cen_28_patch_1_2.jpg,B2,B1,0.5201
processed_data_cleaned\test\B2\B2.01.Sai-Cen_28_patch_2_2.jpg,B2,B1,0.5324
processed_data_cleaned\test\B2\B2.01.Sai-Cen_28_patch_2_3.jpg,B2,B1,0.8359
processed_data_cleaned\test\B2\B2.01.Sai-Cen_29_patch_0_0.jpg,B2,B1,0.7934
processed_data_cleaned\test\B2\B2.01.Sai-Cen_29_patch_1_1.jpg,B2,A2,0.4625
processed_data_cleaned\test\B2\B2.01.Sai-Cen_29_patch_1_2.jpg,B2,A2,0.8772
processed_data_cleaned\test\B2\B2.01.Sai-Cen_29_patch_2_1.jpg,B2,B1,0.667
processed_data_cleaned\test\B2\B2.01.Sai-Cen_29_patch_2_2.jpg,B2,A2,0.5634
processed_data_cleaned\test\B2\B2.01.Sai-Cen_30_patch_0_0.jpg,B2,A1,0.4683
processed_data_cleaned\test\B2\B2.01.Sai-Cen_30_patch_0_1.jpg,B2,A1,0.7694
processed_data_cleaned\test\B2\B2.01.Sai-Cen_30_patch_0_3.jpg,B2,B1,0.8764
processed_data_cleaned\test\B2\B2.01.Sai-Cen_30_patch_1_1.jpg,B2,A2,0.4997
processed_data_cleaned\test\B2\B2.01.Sai-Cen_30_patch_1_2.jpg,B2,B1,0.3727
processed_data_cleaned\test\B2\B2.01.Sai-Cen_30_patch_1_3.jpg,B2,B1,0.8623
processed_data_cleaned\test\B2\B2.01.Sai-Cen_30_patch_2_1.jpg,B2,A1,0.743
processed_data_cleaned\test\B2\B2.01.Sai-Cen_30_patch_2_3.jpg,B2,B1,0.7711
processed_data_cleaned\test\B2\B2.01.Sai-Cen_31_patch_1_1.jpg,B2,A2,0.7933
processed_data_cleaned\test\B2\B2.01.Sai-Cen_31_patch_1_2.jpg,B2,A2,0.9288
processed_data_cleaned\test\B2\B2.01.Sai-Cen_31_patch_2_0.jpg,B2,B1,0.9051
processed_data_cleaned\test\B2\B2.01.Sai-Cen_31_patch_2_1.jpg,B2,A2,0.6826
processed_data_cleaned\test\B2\B2.01.Sai-Cen_31_patch_2_3.jpg,B2,B1,0.565
processed_data_cleaned\test\B2\B2.01.Sai-Cen_32_patch_0_2.jpg,B2,A2,0.473
processed_data_cleaned\test\B2\B2.01.Sai-Cen_32_patch_0_3.jpg,B2,B1,0.6516
processed_data_cleaned\test\B2\B2.01.Sai-Cen_32_patch_1_0.jpg,B2,A2,0.3981
processed_data_cleaned\test\B2\B2.01.Sai-Cen_32_patch_1_2.jpg,B2,A2,0.7573
processed_data_cleaned\test\B2\B2.01.Sai-Cen_32_patch_1_3.jpg,B2,B1,0.7376
processed_data_cleaned\test\B2\B2.01.Sai-Cen_32_patch_2_2.jpg,B2,B1,0.4834
processed_data_cleaned\test\B2\B2.01.Sai-Cen_32_patch_2_3.jpg,B2,A2,0.8691
processed_data_cleaned\test\B2\B2.01.Sai-Cen_33_patch_0_1.jpg,B2,A2,0.867
processed_data_cleaned\test\B2\B2.01.Sai-Cen_33_patch_0_2.jpg,B2,A2,0.9119
processed_data_cleaned\test\B2\B2.01.Sai-Cen_33_patch_1_0.jpg,B2,A2,0.5588
processed_data_cleaned\test\B2\B2.01.Sai-Cen_33_patch_1_1.jpg,B2,A2,0.9092
processed_data_cleaned\test\B2\B2.01.Sai-Cen_33_patch_2_0.jpg,B2,A1,0.6142
processed_data_cleaned\test\B2\B2.01.Sai-Cen_33_patch_2_2.jpg,B2,A1,0.4772
processed_data_cleaned\test\B2\B2.01.Sai-Cen_34_patch_0_0.jpg,B2,A2,0.5616
processed_data_cleaned\test\B2\B2.01.Sai-Cen_34_patch_1_0.jpg,B2,A1,0.4344
processed_data_cleaned\test\B2\B2.01.Sai-Cen_34_patch_1_2.jpg,B2,A2,0.698
processed_data_cleaned\test\B2\B2.01.Sai-Cen_34_patch_2_0.jpg,B2,A2,0.6239
processed_data_cleaned\test\B2\B2.01.Sai-Cen_34_patch_2_2.jpg,B2,A2,0.4359
processed_data_cleaned\test\B2\B2.01.Sai-Cen_34_patch_2_3.jpg,B2,A2,0.7077
processed_data_cleaned\test\B2\B2.01.Sai-Cen_36_patch_0_2.jpg,B2,B1,0.5327
processed_data_cleaned\test\B2\B2.01.Sai-Cen_36_patch_0_3.jpg,B2,B1,0.9212
processed_data_cleaned\test\B2\B2.01.Sai-Cen_40_patch_0_0.jpg,B2,B1,0.5647
processed_data_cleaned\test\B2\B2.01.Sai-Cen_40_patch_1_0.jpg,B2,A2,0.6209
processed_data_cleaned\test\B2\B2.01.Sai-Cen_40_patch_1_3.jpg,B2,B1,0.9897
processed_data_cleaned\test\B2\B2.01.Sai-Cen_40_patch_2_2.jpg,B2,B1,0.5886
processed_data_cleaned\test\B2\B2.01.Sai-Cen_40_patch_2_3.jpg,B2,A2,0.5452
processed_data_cleaned\test\B2\B2.01.Sai-Cen_41_patch_0_0.jpg,B2,B1,0.3404
processed_data_cleaned\test\B2\B2.01.Sai-Cen_41_patch_0_1.jpg,B2,B1,0.6994
processed_data_cleaned\test\B2\B2.01.Sai-Cen_41_patch_1_0.jpg,B2,B1,0.4286
processed_data_cleaned\test\B2\B2.01.Sai-Cen_41_patch_1_1.jpg,B2,A2,0.7147
processed_data_cleaned\test\B2\B2.01.Sai-Cen_41_patch_1_2.jpg,B2,B1,0.8342
processed_data_cleaned\test\B2\B2.01.Sai-Cen_41_patch_2_1.jpg,B2,B1,0.5677
processed_data_cleaned\test\B2\B2.01.Sai-Cen_41_patch_2_2.jpg,B2,B1,0.4802
processed_data_cleaned\test\B2\B2.01.Sai-Cen_42_patch_1_1.jpg,B2,A2,0.5572
processed_data_cleaned\test\B2\B2.01.Sai-Cen_42_patch_2_0.jpg,B2,B1,0.804
processed_data_cleaned\test\B2\B2.01.Sai-Cen_42_patch_2_1.jpg,B2,A2,0.5348
processed_data_cleaned\test\B2\B2.01.Sai-Cen_44_patch_0_3.jpg,B2,B1,0.8512
processed_data_cleaned\test\B2\B2.01.Sai-Cen_44_patch_1_2.jpg,B2,A2,0.8677
processed_data_cleaned\test\B2\B2.01.Sai-Cen_44_patch_2_2.jpg,B2,B1,0.9044
processed_data_cleaned\test\B2\B2.01.Sai-Cen_45_patch_1_0.jpg,B2,A1,0.4231
processed_data_cleaned\test\B2\B2.01.Sai-Cen_45_patch_1_1.jpg,B2,A2,0.5257
processed_data_cleaned\test\B2\B2.01.Sai-Cen_45_patch_1_2.jpg,B2,B1,0.6718
processed_data_cleaned\test\B2\B2.01.Sai-Cen_45_patch_1_3.jpg,B2,A2,0.5233
processed_data_cleaned\test\B2\B2.01.Sai-Cen_45_patch_2_0.jpg,B2,B1,0.9667
processed_data_cleaned\test\B2\B2.01.Sai-Cen_47_patch_2_0.jpg,B2,A2,0.8737
processed_data_cleaned\test\B2\B2.01.Sai-Cen_47_patch_2_3.jpg,B2,B1,0.4418
processed_data_cleaned\test\B2\B2.01.Sai-Cen_49_patch_0_2.jpg,B2,B1,0.5729
processed_data_cleaned\test\B2\B2.01.Sai-Cen_49_patch_1_3.jpg,B2,B1,0.9937
processed_data_cleaned\test\B2\B2.01.Sai-Cen_50_patch_1_2.jpg,B2,A1,0.8099
processed_data_cleaned\test\B2\B2.01.Sai-Cen_50_patch_2_0.jpg,B2,B1,0.8231
processed_data_cleaned\test\B2\B2.01.Sai-Cen_50_patch_2_1.jpg,B2,B1,0.9134
processed_data_cleaned\test\B2\B2.01.Sai-Cen_50_patch_2_2.jpg,B2,B1,0.6575
processed_data_cleaned\test\B2\B2.01.Sai-Cen_50_patch_2_3.jpg,B2,B1,0.8422
processed_data_cleaned\test\B2\B2.01.Sai-Cen_51_patch_1_0.jpg,B2,B1,0.5206
processed_data_cleaned\test\B2\B2.01.Sai-Cen_52_patch_0_1.jpg,B2,A2,0.7551
processed_data_cleaned\test\B2\B2.01.Sai-Cen_52_patch_0_2.jpg,B2,A1,0.9077
processed_data_cleaned\test\B2\B2.01.Sai-Cen_52_patch_0_3.jpg,B2,A1,0.4998
processed_data_cleaned\test\B2\B2.01.Sai-Cen_52_patch_1_0.jpg,B2,A2,0.8471
processed_data_cleaned\test\B2\B2.01.Sai-Cen_52_patch_1_1.jpg,B2,B1,0.9555
processed_data_cleaned\test\B2\B2.01.Sai-Cen_52_patch_1_2.jpg,B2,B1,0.4761
processed_data_cleaned\test\B2\B2.01.Sai-Cen_52_patch_1_3.jpg,B2,A2,0.7582
processed_data_cleaned\test\B2\B2.01.Sai-Cen_52_patch_2_0.jpg,B2,A2,0.78
processed_data_cleaned\test\B2\B2.01.Sai-Cen_52_patch_2_1.jpg,B2,B1,0.969
processed_data_cleaned\test\B2\B2.01.Sai-Cen_52_patch_2_2.jpg,B2,B1,0.4994
processed_data_cleaned\test\B2\B2.01.Sai-Cen_52_patch_2_3.jpg,B2,A2,0.5447
processed_data_cleaned\test\B2\B2.01.Sai-Cen_53_patch_0_3.jpg,B2,B1,0.4751
processed_data_cleaned\test\B2\B2.01.Sai-Cen_53_patch_1_0.jpg,B2,B1,0.8341
processed_data_cleaned\test\B2\B2.01.Sai-Cen_53_patch_1_2.jpg,B2,B1,0.7359
processed_data_cleaned\test\B2\B2.01.Sai-Cen_53_patch_1_3.jpg,B2,A1,0.5709
processed_data_cleaned\test\B2\B2.01.Sai-Cen_53_patch_2_0.jpg,B2,B1,0.5175
processed_data_cleaned\test\B2\B2.01.Sai-Cen_53_patch_2_1.jpg,B2,B1,0.9425
processed_data_cleaned\test\B2\B2.01.Sai-Cen_53_patch_2_2.jpg,B2,B1,0.9733
processed_data_cleaned\test\B2\B2.01.Sai-Cen_54_patch_0_3.jpg,B2,B1,0.5114
processed_data_cleaned\test\B2\B2.01.Sai-Cen_54_patch_1_0.jpg,B2,B1,0.8621
processed_data_cleaned\test\B2\B2.01.Sai-Cen_54_patch_1_1.jpg,B2,B1,0.5514
processed_data_cleaned\test\B2\B2.01.Sai-Cen_54_patch_1_2.jpg,B2,B1,0.8851
processed_data_cleaned\test\B2\B2.01.Sai-Cen_54_patch_1_3.jpg,B2,B1,0.9625
processed_data_cleaned\test\B2\B2.01.Sai-Cen_54_patch_2_1.jpg,B2,A2,0.6967
processed_data_cleaned\test\B2\B2.01.Sai-Cen_54_patch_2_2.jpg,B2,B1,0.6139
processed_data_cleaned\test\B2\B2.01.Sai-Cen_54_patch_2_3.jpg,B2,B1,0.957
processed_data_cleaned\test\B2\B2.01.Sai-Cen_55_patch_0_0.jpg,B2,B1,0.5351
processed_data_cleaned\test\B2\B2.01.Sai-Cen_55_patch_0_1.jpg,B2,B1,0.7456
processed_data_cleaned\test\B2\B2.01.Sai-Cen_55_patch_1_0.jpg,B2,B1,0.84
processed_data_cleaned\test\B2\B2.01.Sai-Cen_55_patch_1_2.jpg,B2,B1,0.5787
processed_data_cleaned\test\B2\B2.01.Sai-Cen_55_patch_1_3.jpg,B2,B1,0.903
processed_data_cleaned\test\B2\B2.01.Sai-Cen_56_patch_2_1.jpg,B2,B1,0.851
processed_data_cleaned\test\B2\B2.01.Sai-Cen_56_patch_2_2.jpg,B2,A1,0.322
processed_data_cleaned\test\B2\B2.01.Sai-Cen_56_patch_2_3.jpg,B2,A1,0.4192
processed_data_cleaned\test\B2\B2.01.Sai-Cen_57_patch_0_0.jpg,B2,A2,0.5268
processed_data_cleaned\test\B2\B2.01.Sai-Cen_57_patch_0_1.jpg,B2,B1,0.4915
processed_data_cleaned\test\B2\B2.01.Sai-Cen_57_patch_0_3.jpg,B2,B1,0.7072
processed_data_cleaned\test\B2\B2.01.Sai-Cen_57_patch_1_0.jpg,B2,A2,0.9389
processed_data_cleaned\test\B2\B2.01.Sai-Cen_57_patch_1_1.jpg,B2,A2,0.8001
processed_data_cleaned\test\B2\B2.01.Sai-Cen_57_patch_1_2.jpg,B2,A2,0.6741
processed_data_cleaned\test\B2\B2.01.Sai-Cen_57_patch_2_1.jpg,B2,B1,0.4768
processed_data_cleaned\test\B2\B2.01.Sai-Cen_57_patch_2_2.jpg,B2,A2,0.925
processed_data_cleaned\test\B2\B2.01.Sai-Cen_57_patch_2_3.jpg,B2,B1,0.989
processed_data_cleaned\test\B2\B2.01.Sai-Cen_58_patch_1_0.jpg,B2,B1,0.9048
processed_data_cleaned\test\B2\B2.01.Sai-Cen_58_patch_1_1.jpg,B2,A1,0.6886
processed_data_cleaned\test\B2\B2.01.Sai-Cen_58_patch_1_2.jpg,B2,A1,0.8184
processed_data_cleaned\test\B2\B2.01.Sai-Cen_58_patch_1_3.jpg,B2,A1,0.9372
processed_data_cleaned\test\B2\B2.01.Sai-Cen_58_patch_2_2.jpg,B2,B1,0.9322
processed_data_cleaned\test\B2\B2.01.Sai-Cen_59_patch_0_0.jpg,B2,B1,0.8901
processed_data_cleaned\test\B2\B2.01.Sai-Cen_59_patch_0_1.jpg,B2,A2,0.5605
processed_data_cleaned\test\B2\B2.01.Sai-Cen_59_patch_0_2.jpg,B2,A2,0.4991
processed_data_cleaned\test\B2\B2.01.Sai-Cen_59_patch_0_3.jpg,B2,B1,0.4061
processed_data_cleaned\test\B2\B2.01.Sai-Cen_59_patch_1_0.jpg,B2,B1,0.9195
processed_data_cleaned\test\B2\B2.01.Sai-Cen_59_patch_1_1.jpg,B2,B1,0.4274
processed_data_cleaned\test\B2\B2.01.Sai-Cen_59_patch_1_2.jpg,B2,A2,0.5309
processed_data_cleaned\test\B2\B2.01.Sai-Cen_59_patch_1_3.jpg,B2,B1,0.5113
processed_data_cleaned\test\B2\B2.01.Sai-Cen_59_patch_2_1.jpg,B2,B1,0.6031
processed_data_cleaned\test\B2\B2.01.Sai-Cen_59_patch_2_2.jpg,B2,B1,0.6432
processed_data_cleaned\test\B2\B2.01.Sai-Cen_59_patch_2_3.jpg,B2,B1,0.9534
processed_data_cleaned\test\B2\B2.01.Sai-Cen_60_patch_0_0.jpg,B2,B1,0.4726
processed_data_cleaned\test\B2\B2.01.Sai-Cen_60_patch_0_2.jpg,B2,A1,0.7673
processed_data_cleaned\test\B2\B2.01.Sai-Cen_60_patch_0_3.jpg,B2,B1,0.8792
processed_data_cleaned\test\B2\B2.01.Sai-Cen_60_patch_1_1.jpg,B2,A1,0.9845
processed_data_cleaned\test\B2\B2.01.Sai-Cen_60_patch_1_3.jpg,B2,B1,0.5461
processed_data_cleaned\test\B2\B2.01.Sai-Cen_60_patch_2_0.jpg,B2,B1,0.8705
processed_data_cleaned\test\B2\B2.01.Sai-Cen_60_patch_2_1.jpg,B2,A1,0.6515
processed_data_cleaned\test\B2\B2.01.Sai-Cen_61_patch_0_1.jpg,B2,B1,0.8368
processed_data_cleaned\test\B2\B2.01.Sai-Cen_61_patch_1_0.jpg,B2,A1,0.7593
processed_data_cleaned\test\B2\B2.01.Sai-Cen_61_patch_1_1.jpg,B2,A2,0.4761
processed_data_cleaned\test\B2\B2.01.Sai-Cen_61_patch_1_3.jpg,B2,A1,0.4189
processed_data_cleaned\test\B2\B2.01.Sai-Cen_62_patch_0_2.jpg,B2,A1,0.7527
processed_data_cleaned\test\B2\B2.01.Sai-Cen_62_patch_1_0.jpg,B2,A2,0.516
processed_data_cleaned\test\B2\B2.01.Sai-Cen_62_patch_1_1.jpg,B2,A1,0.442
processed_data_cleaned\test\B2\B2.01.Sai-Cen_62_patch_1_2.jpg,B2,A2,0.5108
processed_data_cleaned\test\B2\B2.01.Sai-Cen_62_patch_1_3.jpg,B2,A1,0.7519
processed_data_cleaned\test\B2\B2.01.Sai-Cen_62_patch_2_0.jpg,B2,A2,0.6383
processed_data_cleaned\test\B2\B2.01.Sai-Cen_62_patch_2_1.jpg,B2,A2,0.7641
processed_data_cleaned\test\B2\B2.01.Sai-Cen_62_patch_2_2.jpg,B2,A2,0.5689
processed_data_cleaned\test\B2\B2.01.Sai-Cen_62_patch_2_3.jpg,B2,A1,0.4869
processed_data_cleaned\test\B2\B2.01.Sai-Cen_63_patch_0_0.jpg,B2,A2,0.9591
processed_data_cleaned\test\B2\B2.01.Sai-Cen_63_patch_0_1.jpg,B2,B1,0.8061
processed_data_cleaned\test\B2\B2.01.Sai-Cen_63_patch_0_2.jpg,B2,B1,0.8838
processed_data_cleaned\test\B2\B2.01.Sai-Cen_63_patch_0_3.jpg,B2,A2,0.6801
processed_data_cleaned\test\B2\B2.01.Sai-Cen_63_patch_1_0.jpg,B2,A2,0.9367
processed_data_cleaned\test\B2\B2.01.Sai-Cen_63_patch_1_2.jpg,B2,A1,0.5655
processed_data_cleaned\test\B2\B2.01.Sai-Cen_63_patch_1_3.jpg,B2,A2,0.958
processed_data_cleaned\test\B2\B2.01.Sai-Cen_63_patch_2_0.jpg,B2,A2,0.8995
processed_data_cleaned\test\B2\B2.01.Sai-Cen_63_patch_2_1.jpg,B2,A2,0.8677
processed_data_cleaned\test\B2\B2.01.Sai-Cen_63_patch_2_2.jpg,B2,A2,0.861
processed_data_cleaned\test\B2\B2.01.Sai-Cen_63_patch_2_3.jpg,B2,A2,0.8595
processed_data_cleaned\test\B2\B2.01.Sai-Cen_65_patch_0_3.jpg,B2,B1,0.5709
processed_data_cleaned\test\B2\B2.01.Sai-Cen_66_patch_0_1.jpg,B2,A2,0.7856
processed_data_cleaned\test\B2\B2.01.Sai-Cen_66_patch_0_2.jpg,B2,A2,0.8263
processed_data_cleaned\test\B2\B2.01.Sai-Cen_66_patch_0_3.jpg,B2,A2,0.3667
processed_data_cleaned\test\B2\B2.01.Sai-Cen_66_patch_1_0.jpg,B2,B1,0.8299
processed_data_cleaned\test\B2\B2.01.Sai-Cen_67_patch_0_0.jpg,B2,A1,0.6973
processed_data_cleaned\test\B2\B2.01.Sai-Cen_67_patch_0_1.jpg,B2,B1,0.4933
processed_data_cleaned\test\B2\B2.01.Sai-Cen_67_patch_1_1.jpg,B2,A2,0.549
processed_data_cleaned\test\B2\B2.01.Sai-Cen_67_patch_1_2.jpg,B2,B1,0.5875
processed_data_cleaned\test\B2\B2.01.Sai-Cen_67_patch_2_0.jpg,B2,B1,0.9642
processed_data_cleaned\test\B2\B2.01.Sai-Cen_68_patch_2_0.jpg,B2,A1,0.4904
processed_data_cleaned\test\B2\B2.01.Sai-Cen_69_patch_1_1.jpg,B2,A2,0.8437
processed_data_cleaned\test\B2\B2.01.Sai-Cen_70_patch_0_1.jpg,B2,A2,0.5955
processed_data_cleaned\test\B2\B2.01.Sai-Cen_70_patch_1_1.jpg,B2,A2,0.7505
processed_data_cleaned\test\B2\B2.01.Sai-Cen_70_patch_1_3.jpg,B2,B1,0.466
processed_data_cleaned\test\B2\B2.01.Sai-Cen_70_patch_2_1.jpg,B2,A2,0.5529
processed_data_cleaned\test\B2\B2.01.Sai-Cen_70_patch_2_2.jpg,B2,A2,0.4659
processed_data_cleaned\test\B2\B2.01.Sai-Cen_71_patch_0_3.jpg,B2,A2,0.9739
processed_data_cleaned\test\B2\B2.01.Sai-Cen_71_patch_1_2.jpg,B2,A1,0.7155
processed_data_cleaned\test\B2\B2.01.Sai-Cen_71_patch_2_1.jpg,B2,B1,0.6197
processed_data_cleaned\test\B2\B2.01.Sai-Cen_71_patch_2_2.jpg,B2,A1,0.8211
processed_data_cleaned\test\B2\B2.01.Sai-Cen_73_patch_0_0.jpg,B2,A1,0.5458
processed_data_cleaned\test\B2\B2.01.Sai-Cen_73_patch_2_1.jpg,B2,B1,0.5669
processed_data_cleaned\test\B2\B2.01.Sai-Cen_73_patch_2_3.jpg,B2,A2,0.7121
processed_data_cleaned\test\B2\B2.01.Sai-Cen_74_patch_0_1.jpg,B2,A2,0.634
processed_data_cleaned\test\B2\B2.01.Sai-Cen_74_patch_0_2.jpg,B2,A2,0.5743
processed_data_cleaned\test\B2\B2.01.Sai-Cen_74_patch_0_3.jpg,B2,A2,0.9505
processed_data_cleaned\test\B2\B2.01.Sai-Cen_74_patch_1_0.jpg,B2,A1,0.7269
processed_data_cleaned\test\B2\B2.01.Sai-Cen_74_patch_1_3.jpg,B2,A2,0.6805
processed_data_cleaned\test\B2\B2.01.Sai-Cen_74_patch_2_0.jpg,B2,B1,0.9597
processed_data_cleaned\test\B2\B2.01.Sai-Cen_74_patch_2_3.jpg,B2,A1,0.4143
processed_data_cleaned\test\B2\B2.01.Sai-Cen_75_patch_0_0.jpg,B2,A2,0.6777
processed_data_cleaned\test\B2\B2.01.Sai-Cen_75_patch_0_1.jpg,B2,B1,0.4852
processed_data_cleaned\test\B2\B2.01.Sai-Cen_75_patch_0_2.jpg,B2,A1,0.5901
processed_data_cleaned\test\B2\B2.01.Sai-Cen_75_patch_0_3.jpg,B2,A2,0.6025
processed_data_cleaned\test\B2\B2.01.Sai-Cen_75_patch_1_1.jpg,B2,B1,0.4321
processed_data_cleaned\test\B2\B2.01.Sai-Cen_75_patch_1_2.jpg,B2,A2,0.5291
processed_data_cleaned\test\B2\B2.01.Sai-Cen_75_patch_2_0.jpg,B2,A2,0.8193
processed_data_cleaned\test\B2\B2.01.Sai-Cen_75_patch_2_1.jpg,B2,A2,0.848
processed_data_cleaned\test\B2\B2.01.Sai-Cen_75_patch_2_2.jpg,B2,B1,0.6291
processed_data_cleaned\test\B2\B2.01.Sai-Cen_75_patch_2_3.jpg,B2,A2,0.9577
processed_data_cleaned\test\B2\B2.01.Sai-Cen_76_patch_0_0.jpg,B2,A2,0.6982
processed_data_cleaned\test\B2\B2.01.Sai-Cen_76_patch_0_1.jpg,B2,A2,0.8704
processed_data_cleaned\test\B2\B2.01.Sai-Cen_76_patch_0_2.jpg,B2,A2,0.6025
processed_data_cleaned\test\B2\B2.01.Sai-Cen_76_patch_0_3.jpg,B2,A1,0.6139
processed_data_cleaned\test\B2\B2.01.Sai-Cen_76_patch_1_0.jpg,B2,A2,0.6621
processed_data_cleaned\test\B2\B2.01.Sai-Cen_76_patch_1_1.jpg,B2,A1,0.5751
processed_data_cleaned\test\B2\B2.01.Sai-Cen_76_patch_1_2.jpg,B2,A1,0.7933
processed_data_cleaned\test\B2\B2.01.Sai-Cen_76_patch_1_3.jpg,B2,B1,0.5984
processed_data_cleaned\test\B2\B2.01.Sai-Cen_76_patch_2_0.jpg,B2,B1,0.6357
processed_data_cleaned\test\B2\B2.01.Sai-Cen_76_patch_2_1.jpg,B2,A2,0.5784
processed_data_cleaned\test\B2\B2.01.Sai-Cen_76_patch_2_2.jpg,B2,A1,0.4108
processed_data_cleaned\test\B2\B2.01.Sai-Cen_76_patch_2_3.jpg,B2,A2,0.6872
processed_data_cleaned\test\B2\B2.01.Sai-Cen_77_patch_0_1.jpg,B2,A2,0.4445
processed_data_cleaned\test\B2\B2.01.Sai-Cen_77_patch_0_2.jpg,B2,B1,0.4656
processed_data_cleaned\test\B2\B2.01.Sai-Cen_77_patch_0_3.jpg,B2,B1,0.5811
processed_data_cleaned\test\B2\B2.01.Sai-Cen_77_patch_1_1.jpg,B2,A1,0.8978
processed_data_cleaned\test\B2\B2.01.Sai-Cen_77_patch_1_3.jpg,B2,B1,0.8181
processed_data_cleaned\test\B2\B2.01.Sai-Cen_77_patch_2_0.jpg,B2,A2,0.7039
processed_data_cleaned\test\B2\B2.01.Sai-Cen_77_patch_2_1.jpg,B2,A2,0.6746
processed_data_cleaned\test\B2\B2.01.Sai-Cen_77_patch_2_2.jpg,B2,A2,0.4501
processed_data_cleaned\test\B2\B2.01.Sai-Cen_78_patch_0_0.jpg,B2,B1,0.8051
processed_data_cleaned\test\B2\B2.01.Sai-Cen_78_patch_0_1.jpg,B2,B1,0.6199
processed_data_cleaned\test\B2\B2.01.Sai-Cen_78_patch_0_2.jpg,B2,B1,0.8994
processed_data_cleaned\test\B2\B2.01.Sai-Cen_78_patch_0_3.jpg,B2,B1,0.9665
processed_data_cleaned\test\B2\B2.01.Sai-Cen_78_patch_1_0.jpg,B2,B1,0.4943
processed_data_cleaned\test\B2\B2.01.Sai-Cen_78_patch_1_1.jpg,B2,A2,0.7373
processed_data_cleaned\test\B2\B2.01.Sai-Cen_78_patch_1_3.jpg,B2,A2,0.6466
processed_data_cleaned\test\B2\B2.01.Sai-Cen_78_patch_2_1.jpg,B2,A2,0.7684
processed_data_cleaned\test\B2\B2.01.Sai-Cen_78_patch_2_2.jpg,B2,A2,0.4232
processed_data_cleaned\test\B2\B2.01.Sai-Cen_78_patch_2_3.jpg,B2,A1,0.8779
processed_data_cleaned\test\B2\B2.01.Sai-Cen_79_patch_2_2.jpg,B2,A2,0.6026
processed_data_cleaned\test\B2\B2.01.Sai-Cen_80_patch_0_1.jpg,B2,A2,0.6171
processed_data_cleaned\test\B2\B2.01.Sai-Cen_80_patch_0_3.jpg,B2,B1,0.6367
processed_data_cleaned\test\B2\B2.01.Sai-Cen_80_patch_1_0.jpg,B2,B1,0.5332
processed_data_cleaned\test\B2\B2.01.Sai-Cen_80_patch_1_1.jpg,B2,B1,0.4731
processed_data_cleaned\test\B2\B2.01.Sai-Cen_80_patch_1_2.jpg,B2,A1,0.4462
processed_data_cleaned\test\B2\B2.01.Sai-Cen_80_patch_2_0.jpg,B2,B1,0.6332
processed_data_cleaned\test\B2\B2.01.Sai-Cen_80_patch_2_1.jpg,B2,A2,0.6254
processed_data_cleaned\test\B2\B2.01.Sai-Cen_80_patch_2_2.jpg,B2,A1,0.4945
processed_data_cleaned\test\B2\B2.01.Sai-Cen_81_patch_0_0.jpg,B2,A2,0.5378
processed_data_cleaned\test\B2\B2.01.Sai-Cen_81_patch_0_1.jpg,B2,A2,0.4681
processed_data_cleaned\test\B2\B2.01.Sai-Cen_81_patch_1_2.jpg,B2,B1,0.657
processed_data_cleaned\test\B2\B2.01.Sai-Cen_81_patch_2_2.jpg,B2,B1,0.6988
processed_data_cleaned\test\B2\B2.01.Sai-Cen_81_patch_2_3.jpg,B2,A1,0.3394
processed_data_cleaned\test\B2\B2.01.Sai-Cen_83_patch_1_2.jpg,B2,B1,0.8508
processed_data_cleaned\test\B2\B2.01.Sai-Cen_83_patch_2_0.jpg,B2,B1,0.5424
processed_data_cleaned\test\B2\B2.01.Sai-Cen_84_patch_0_0.jpg,B2,B1,0.4528
processed_data_cleaned\test\B2\B2.01.Sai-Cen_84_patch_1_2.jpg,B2,A2,0.943
processed_data_cleaned\test\B2\B2.01.Sai-Cen_84_patch_2_0.jpg,B2,A2,0.6388
processed_data_cleaned\test\B2\B2.01.Sai-Cen_84_patch_2_1.jpg,B2,B1,0.9369
processed_data_cleaned\test\B2\B2.01.Sai-Cen_84_patch_2_3.jpg,B2,A2,0.7702
processed_data_cleaned\test\B2\B2.01.Sai-Cen_85_patch_0_0.jpg,B2,B1,0.4744
processed_data_cleaned\test\B2\B2.01.Sai-Cen_85_patch_0_1.jpg,B2,B1,0.6534
processed_data_cleaned\test\B2\B2.01.Sai-Cen_85_patch_1_1.jpg,B2,A2,0.7343
processed_data_cleaned\test\B2\B2.01.Sai-Cen_85_patch_1_2.jpg,B2,A1,0.7555
processed_data_cleaned\test\B2\B2.01.Sai-Cen_85_patch_1_3.jpg,B2,B1,0.8397
processed_data_cleaned\test\B2\B2.01.Sai-Cen_85_patch_2_0.jpg,B2,B1,0.715
processed_data_cleaned\test\B2\B2.01.Sai-Cen_85_patch_2_1.jpg,B2,B1,0.973
processed_data_cleaned\test\B2\B2.01.Sai-Cen_85_patch_2_2.jpg,B2,B1,0.8144
processed_data_cleaned\test\B2\B2.01.Sai-Cen_86_patch_0_0.jpg,B2,B1,0.2682
processed_data_cleaned\test\B2\B2.01.Sai-Cen_86_patch_2_0.jpg,B2,A1,0.3973
processed_data_cleaned\test\B2\B2.01.Sai-Cen_86_patch_2_2.jpg,B2,B1,0.8311
processed_data_cleaned\test\B2\B2.01.Sai-Cen_87_patch_2_0.jpg,B2,A2,0.5091
processed_data_cleaned\test\B2\B2.01.Sai-Cen_87_patch_2_3.jpg,B2,A2,0.7999
processed_data_cleaned\test\B2\B2.01.Sai-Cen_88_patch_0_0.jpg,B2,A1,0.399
processed_data_cleaned\test\B2\B2.01.Sai-Cen_88_patch_0_1.jpg,B2,B1,0.4838
processed_data_cleaned\test\B2\B2.01.Sai-Cen_88_patch_0_3.jpg,B2,B1,0.8825
processed_data_cleaned\test\B2\B2.01.Sai-Cen_88_patch_1_1.jpg,B2,B1,0.5415
processed_data_cleaned\test\B2\B2.01.Sai-Cen_88_patch_1_2.jpg,B2,B1,0.7949
processed_data_cleaned\test\B2\B2.01.Sai-Cen_88_patch_1_3.jpg,B2,B1,0.5852
processed_data_cleaned\test\B2\B2.01.Sai-Cen_88_patch_2_0.jpg,B2,A2,0.4806
processed_data_cleaned\test\B2\B2.01.Sai-Cen_88_patch_2_1.jpg,B2,B1,0.6785
processed_data_cleaned\test\B2\B2.01.Sai-Cen_88_patch_2_3.jpg,B2,B1,0.4128
processed_data_cleaned\test\B2\B2.01.Sai-Cen_89_patch_1_1.jpg,B2,A1,0.9573
processed_data_cleaned\test\B2\B2.01.Sai-Cen_89_patch_1_2.jpg,B2,A2,0.8569
processed_data_cleaned\test\B2\B2.01.Sai-Cen_89_patch_1_3.jpg,B2,A2,0.6671
processed_data_cleaned\test\B2\B2.01.Sai-Cen_89_patch_2_0.jpg,B2,B1,0.599
processed_data_cleaned\test\B2\B2.01.Sai-Cen_89_patch_2_1.jpg,B2,A1,0.5994
processed_data_cleaned\test\B2\B2.01.Sai-Cen_89_patch_2_2.jpg,B2,A2,0.8193
processed_data_cleaned\test\B2\B2.01.Sai-Cen_90_patch_0_0.jpg,B2,B1,0.9051
processed_data_cleaned\test\B2\B2.01.Sai-Cen_90_patch_0_1.jpg,B2,B1,0.7464
processed_data_cleaned\test\B2\B2.01.Sai-Cen_90_patch_0_2.jpg,B2,A2,0.7501
processed_data_cleaned\test\B2\B2.01.Sai-Cen_90_patch_0_3.jpg,B2,A2,0.9525
processed_data_cleaned\test\B2\B2.01.Sai-Cen_90_patch_1_0.jpg,B2,B1,0.9408
processed_data_cleaned\test\B2\B2.01.Sai-Cen_90_patch_1_2.jpg,B2,B1,0.9434
processed_data_cleaned\test\B2\B2.01.Sai-Cen_90_patch_1_3.jpg,B2,B1,0.884
processed_data_cleaned\test\B2\B2.01.Sai-Cen_90_patch_2_0.jpg,B2,B1,0.8954
processed_data_cleaned\test\B2\B2.01.Sai-Cen_90_patch_2_1.jpg,B2,B1,0.7894
processed_data_cleaned\test\B2\B2.01.Sai-Cen_90_patch_2_3.jpg,B2,B1,0.5274
processed_data_cleaned\test\B2\B2.01.Sai-Cen_91_patch_0_1.jpg,B2,A1,0.7115
processed_data_cleaned\test\B2\B2.01.Sai-Cen_91_patch_1_1.jpg,B2,A1,0.6731
processed_data_cleaned\test\B2\B2.01.Sai-Cen_91_patch_1_2.jpg,B2,A2,0.4065
processed_data_cleaned\test\B2\B2.01.Sai-Cen_91_patch_1_3.jpg,B2,A1,0.7359
processed_data_cleaned\test\B2\B2.01.Sai-Cen_91_patch_2_1.jpg,B2,A1,0.9706
processed_data_cleaned\test\B2\B2.01.Sai-Cen_91_patch_2_2.jpg,B2,A1,0.7974
processed_data_cleaned\test\B2\B2.01.Sai-Cen_91_patch_2_3.jpg,B2,A1,0.3606
processed_data_cleaned\test\B2\B2.01.Sai-Cen_92_patch_0_0.jpg,B2,A2,0.9835
processed_data_cleaned\test\B2\B2.01.Sai-Cen_92_patch_0_1.jpg,B2,A2,0.9172
processed_data_cleaned\test\B2\B2.01.Sai-Cen_92_patch_0_2.jpg,B2,A2,0.8543
processed_data_cleaned\test\B2\B2.01.Sai-Cen_92_patch_1_0.jpg,B2,A2,0.7951
processed_data_cleaned\test\B2\B2.01.Sai-Cen_92_patch_1_1.jpg,B2,A2,0.9899
processed_data_cleaned\test\B2\B2.01.Sai-Cen_92_patch_1_2.jpg,B2,A2,0.6117
processed_data_cleaned\test\B2\B2.01.Sai-Cen_92_patch_1_3.jpg,B2,B1,0.4647
processed_data_cleaned\test\B2\B2.01.Sai-Cen_92_patch_2_0.jpg,B2,A2,0.9805
processed_data_cleaned\test\B2\B2.01.Sai-Cen_92_patch_2_1.jpg,B2,A2,0.9589
processed_data_cleaned\test\B2\B2.01.Sai-Cen_92_patch_2_2.jpg,B2,A2,0.8177
processed_data_cleaned\test\B2\B2.01.Sai-Cen_92_patch_2_3.jpg,B2,B1,0.9435
processed_data_cleaned\test\B2\B2.01.Sai-Cen_93_patch_0_2.jpg,B2,B1,0.7474
processed_data_cleaned\test\B2\B2.01.Sai-Cen_93_patch_0_3.jpg,B2,B1,0.6078
processed_data_cleaned\test\B2\B2.01.Sai-Cen_93_patch_1_0.jpg,B2,A2,0.8531
processed_data_cleaned\test\B2\B2.01.Sai-Cen_93_patch_1_1.jpg,B2,A2,0.9538
processed_data_cleaned\test\B2\B2.01.Sai-Cen_93_patch_1_2.jpg,B2,A2,0.6303
processed_data_cleaned\test\B2\B2.01.Sai-Cen_93_patch_2_0.jpg,B2,A2,0.6609
processed_data_cleaned\test\B2\B2.01.Sai-Cen_93_patch_2_1.jpg,B2,A2,0.7549
processed_data_cleaned\test\B2\B2.01.Sai-Cen_93_patch_2_3.jpg,B2,A2,0.4967
processed_data_cleaned\test\B2\B2.01.Sai-Cen_94_patch_0_0.jpg,B2,A2,0.5508
processed_data_cleaned\test\B2\B2.01.Sai-Cen_94_patch_0_2.jpg,B2,A2,0.5829
processed_data_cleaned\test\B2\B2.01.Sai-Cen_94_patch_0_3.jpg,B2,B1,0.8704
processed_data_cleaned\test\B2\B2.01.Sai-Cen_94_patch_1_0.jpg,B2,A2,0.9544
processed_data_cleaned\test\B2\B2.01.Sai-Cen_94_patch_1_1.jpg,B2,A2,0.9909
processed_data_cleaned\test\B2\B2.01.Sai-Cen_94_patch_1_2.jpg,B2,A2,0.9258
processed_data_cleaned\test\B2\B2.01.Sai-Cen_94_patch_1_3.jpg,B2,B1,0.5253
processed_data_cleaned\test\B2\B2.01.Sai-Cen_94_patch_2_0.jpg,B2,A2,0.8808
processed_data_cleaned\test\B2\B2.01.Sai-Cen_94_patch_2_1.jpg,B2,A2,0.9445
processed_data_cleaned\test\B2\B2.01.Sai-Cen_94_patch_2_2.jpg,B2,B1,0.555
processed_data_cleaned\test\B2\B2.01.Sai-Cen_94_patch_2_3.jpg,B2,B1,0.5357
processed_data_cleaned\test\B2\B2.01.Sai-Cen_95_patch_0_1.jpg,B2,A1,0.5848
processed_data_cleaned\test\B2\B2.01.Sai-Cen_95_patch_0_2.jpg,B2,B1,0.7487
processed_data_cleaned\test\B2\B2.01.Sai-Cen_95_patch_0_3.jpg,B2,B1,0.9393
processed_data_cleaned\test\B2\B2.01.Sai-Cen_95_patch_1_0.jpg,B2,B1,0.8678
processed_data_cleaned\test\B2\B2.01.Sai-Cen_95_patch_1_1.jpg,B2,A2,0.5391
processed_data_cleaned\test\B2\B2.01.Sai-Cen_95_patch_1_2.jpg,B2,A2,0.9152
processed_data_cleaned\test\B2\B2.01.Sai-Cen_95_patch_1_3.jpg,B2,A2,0.6533
processed_data_cleaned\test\B2\B2.01.Sai-Cen_95_patch_2_0.jpg,B2,A2,0.7649
processed_data_cleaned\test\B2\B2.01.Sai-Cen_95_patch_2_1.jpg,B2,A2,0.8674
processed_data_cleaned\test\B2\B2.01.Sai-Cen_95_patch_2_2.jpg,B2,A2,0.867
processed_data_cleaned\test\B2\B2.01.Sai-Cen_95_patch_2_3.jpg,B2,A2,0.7513
processed_data_cleaned\test\B2\B2.01.Sai-Cen_96_patch_0_1.jpg,B2,B1,0.5306
processed_data_cleaned\test\B2\B2.01.Sai-Cen_96_patch_0_2.jpg,B2,B1,0.5754
processed_data_cleaned\test\B2\B2.01.Sai-Cen_96_patch_0_3.jpg,B2,B1,0.761
processed_data_cleaned\test\B2\B2.01.Sai-Cen_96_patch_1_0.jpg,B2,B1,0.7082
processed_data_cleaned\test\B2\B2.01.Sai-Cen_96_patch_1_1.jpg,B2,A1,0.7361
processed_data_cleaned\test\B2\B2.01.Sai-Cen_96_patch_1_2.jpg,B2,B1,0.6556
processed_data_cleaned\test\B2\B2.01.Sai-Cen_96_patch_1_3.jpg,B2,B1,0.9113
processed_data_cleaned\test\B2\B2.01.Sai-Cen_96_patch_2_0.jpg,B2,A1,0.4665
processed_data_cleaned\test\B2\B2.01.Sai-Cen_96_patch_2_1.jpg,B2,A2,0.5517
processed_data_cleaned\test\B2\B2.01.Sai-Cen_96_patch_2_2.jpg,B2,A2,0.6695
processed_data_cleaned\test\B2\B2.01.Sai-Cen_96_patch_2_3.jpg,B2,A2,0.9559
processed_data_cleaned\test\B2\B2.01.Sai-Cen_97_patch_0_1.jpg,B2,A1,0.6806
processed_data_cleaned\test\B2\B2.01.Sai-Cen_97_patch_0_2.jpg,B2,B1,0.9499
processed_data_cleaned\test\B2\B2.01.Sai-Cen_97_patch_0_3.jpg,B2,B1,0.924
processed_data_cleaned\test\B2\B2.01.Sai-Cen_97_patch_1_0.jpg,B2,A1,0.3911
processed_data_cleaned\test\B2\B2.01.Sai-Cen_97_patch_1_1.jpg,B2,A1,0.687
processed_data_cleaned\test\B2\B2.01.Sai-Cen_97_patch_1_2.jpg,B2,A2,0.5765
processed_data_cleaned\test\B2\B2.01.Sai-Cen_97_patch_1_3.jpg,B2,A2,0.9073
processed_data_cleaned\test\B2\B2.01.Sai-Cen_97_patch_2_1.jpg,B2,A2,0.9674
processed_data_cleaned\test\B2\B2.01.Sai-Cen_97_patch_2_2.jpg,B2,A2,0.9504
processed_data_cleaned\test\B2\B2.01.Sai-Cen_97_patch_2_3.jpg,B2,A2,0.6901
processed_data_cleaned\test\B2\B2.01.Sai-Cen_98_patch_0_0.jpg,B2,A2,0.6319
processed_data_cleaned\test\B2\B2.01.Sai-Cen_98_patch_0_2.jpg,B2,A1,0.7824
processed_data_cleaned\test\B2\B2.01.Sai-Cen_98_patch_0_3.jpg,B2,B1,0.7527
processed_data_cleaned\test\B2\B2.01.Sai-Cen_98_patch_1_0.jpg,B2,A2,0.3759
processed_data_cleaned\test\B2\B2.01.Sai-Cen_98_patch_1_1.jpg,B2,A1,0.6658
processed_data_cleaned\test\B2\B2.01.Sai-Cen_98_patch_1_2.jpg,B2,A2,0.9705
processed_data_cleaned\test\B2\B2.01.Sai-Cen_98_patch_1_3.jpg,B2,A2,0.7969
processed_data_cleaned\test\B2\B2.01.Sai-Cen_98_patch_2_0.jpg,B2,A1,0.4814
processed_data_cleaned\test\B2\B2.01.Sai-Cen_98_patch_2_2.jpg,B2,A2,0.4967
processed_data_cleaned\test\B2\B2.01.Sai-Cen_98_patch_2_3.jpg,B2,B1,0.5117
processed_data_cleaned\test\B2\B2.08.Tu-Du_01_patch_0_3.jpg,B2,B1,0.7117
processed_data_cleaned\test\B2\B2.08.Tu-Du_01_patch_0_4.jpg,B2,B1,0.6386
processed_data_cleaned\test\B2\B2.08.Tu-Du_01_patch_1_3.jpg,B2,B1,0.9226
processed_data_cleaned\test\B2\B2.08.Tu-Du_01_patch_1_4.jpg,B2,A1,0.5297
processed_data_cleaned\test\B2\B2.08.Tu-Du_01_patch_2_1.jpg,B2,B1,0.7494
processed_data_cleaned\test\B2\B2.08.Tu-Du_01_patch_2_2.jpg,B2,B1,0.5134
processed_data_cleaned\test\B2\B2.08.Tu-Du_01_patch_2_3.jpg,B2,B1,0.7366
processed_data_cleaned\test\B2\B2.08.Tu-Du_01_patch_2_4.jpg,B2,A1,0.5408
processed_data_cleaned\test\B2\B2.08.Tu-Du_01_patch_3_0.jpg,B2,A2,0.5544
processed_data_cleaned\test\B2\B2.08.Tu-Du_01_patch_3_2.jpg,B2,B1,0.8991
processed_data_cleaned\test\B2\B2.08.Tu-Du_01_patch_3_3.jpg,B2,B1,0.9044
processed_data_cleaned\test\B2\B2.08.Tu-Du_02_patch_0_1.jpg,B2,B1,0.7769
processed_data_cleaned\test\B2\B2.08.Tu-Du_02_patch_0_4.jpg,B2,B1,0.7602
processed_data_cleaned\test\B2\B2.08.Tu-Du_02_patch_1_1.jpg,B2,B1,0.7477
processed_data_cleaned\test\B2\B2.08.Tu-Du_02_patch_1_2.jpg,B2,B1,0.9844
processed_data_cleaned\test\B2\B2.08.Tu-Du_02_patch_1_3.jpg,B2,B1,0.9869
processed_data_cleaned\test\B2\B2.08.Tu-Du_02_patch_1_4.jpg,B2,B1,0.5605
processed_data_cleaned\test\B2\B2.08.Tu-Du_02_patch_1_5.jpg,B2,A1,0.7982
processed_data_cleaned\test\B2\B2.08.Tu-Du_02_patch_2_1.jpg,B2,B1,0.5106
processed_data_cleaned\test\B2\B2.08.Tu-Du_02_patch_2_2.jpg,B2,B1,0.6659
processed_data_cleaned\test\B2\B2.08.Tu-Du_02_patch_2_5.jpg,B2,B1,0.3555
processed_data_cleaned\test\B2\B2.08.Tu-Du_02_patch_3_1.jpg,B2,B1,0.7805
processed_data_cleaned\test\B2\B2.08.Tu-Du_03_patch_0_1.jpg,B2,A2,0.9427
processed_data_cleaned\test\B2\B2.08.Tu-Du_03_patch_0_2.jpg,B2,A2,0.9744
processed_data_cleaned\test\B2\B2.08.Tu-Du_03_patch_0_3.jpg,B2,A2,0.9608
processed_data_cleaned\test\B2\B2.08.Tu-Du_03_patch_0_4.jpg,B2,B1,0.6134
processed_data_cleaned\test\B2\B2.08.Tu-Du_03_patch_1_1.jpg,B2,A1,0.4472
processed_data_cleaned\test\B2\B2.08.Tu-Du_03_patch_1_2.jpg,B2,A2,0.6236
processed_data_cleaned\test\B2\B2.08.Tu-Du_03_patch_1_3.jpg,B2,A2,0.479
processed_data_cleaned\test\B2\B2.08.Tu-Du_03_patch_1_4.jpg,B2,A2,0.7505
processed_data_cleaned\test\B2\B2.08.Tu-Du_03_patch_2_1.jpg,B2,A1,0.6035
processed_data_cleaned\test\B2\B2.08.Tu-Du_03_patch_2_2.jpg,B2,A1,0.5309
processed_data_cleaned\test\B2\B2.08.Tu-Du_03_patch_3_0.jpg,B2,B1,0.8628
processed_data_cleaned\test\B2\B2.08.Tu-Du_03_patch_3_1.jpg,B2,A1,0.9839
processed_data_cleaned\test\B2\B2.08.Tu-Du_03_patch_3_2.jpg,B2,B1,0.4983
processed_data_cleaned\test\B2\B2.08.Tu-Du_03_patch_3_3.jpg,B2,B1,0.9158
processed_data_cleaned\test\B2\B2.08.Tu-Du_03_patch_3_4.jpg,B2,B1,0.7495
processed_data_cleaned\test\B2\B2.08.Tu-Du_04_patch_0_1.jpg,B2,A1,0.3429
processed_data_cleaned\test\B2\B2.08.Tu-Du_04_patch_0_3.jpg,B2,A2,0.6906
processed_data_cleaned\test\B2\B2.08.Tu-Du_04_patch_0_4.jpg,B2,A1,0.3737
processed_data_cleaned\test\B2\B2.08.Tu-Du_04_patch_0_5.jpg,B2,A2,0.3812
processed_data_cleaned\test\B2\B2.08.Tu-Du_04_patch_1_2.jpg,B2,B1,0.7213
processed_data_cleaned\test\B2\B2.08.Tu-Du_04_patch_1_3.jpg,B2,B1,0.5165
processed_data_cleaned\test\B2\B2.08.Tu-Du_04_patch_1_4.jpg,B2,A1,0.802
processed_data_cleaned\test\B2\B2.08.Tu-Du_04_patch_2_2.jpg,B2,B1,0.6609
processed_data_cleaned\test\B2\B2.08.Tu-Du_04_patch_2_3.jpg,B2,B1,0.6774
processed_data_cleaned\test\B2\B2.08.Tu-Du_04_patch_2_4.jpg,B2,A1,0.5075
processed_data_cleaned\test\B2\B2.08.Tu-Du_04_patch_3_2.jpg,B2,A1,0.9272
processed_data_cleaned\test\B2\B2.08.Tu-Du_04_patch_3_3.jpg,B2,B1,0.4544
processed_data_cleaned\test\B2\B2.08.Tu-Du_04_patch_3_4.jpg,B2,A1,0.7736
processed_data_cleaned\test\B2\B2.08.Tu-Du_05_patch_0_0.jpg,B2,A1,0.6344
processed_data_cleaned\test\B2\B2.08.Tu-Du_05_patch_0_1.jpg,B2,B1,0.5964
processed_data_cleaned\test\B2\B2.08.Tu-Du_05_patch_0_2.jpg,B2,B1,0.4629
processed_data_cleaned\test\B2\B2.08.Tu-Du_05_patch_0_5.jpg,B2,B1,0.4721
processed_data_cleaned\test\B2\B2.08.Tu-Du_05_patch_1_0.jpg,B2,A1,0.8288
processed_data_cleaned\test\B2\B2.08.Tu-Du_05_patch_1_1.jpg,B2,A2,0.9585
processed_data_cleaned\test\B2\B2.08.Tu-Du_05_patch_1_2.jpg,B2,A2,0.4932
processed_data_cleaned\test\B2\B2.08.Tu-Du_05_patch_2_1.jpg,B2,A2,0.7286
processed_data_cleaned\test\B2\B2.08.Tu-Du_05_patch_2_2.jpg,B2,B1,0.6721
processed_data_cleaned\test\B2\B2.08.Tu-Du_05_patch_2_3.jpg,B2,A2,0.8704
processed_data_cleaned\test\B2\B2.08.Tu-Du_05_patch_2_5.jpg,B2,B1,0.5515
processed_data_cleaned\test\B2\B2.08.Tu-Du_05_patch_3_0.jpg,B2,A1,0.6985
processed_data_cleaned\test\B2\B2.08.Tu-Du_05_patch_3_2.jpg,B2,B1,0.7346
processed_data_cleaned\test\B2\B2.08.Tu-Du_05_patch_3_3.jpg,B2,B1,0.5045
processed_data_cleaned\test\B2\B2.08.Tu-Du_05_patch_3_4.jpg,B2,B1,0.6878
processed_data_cleaned\test\B2\B2.08.Tu-Du_05_patch_3_5.jpg,B2,B1,0.5889
processed_data_cleaned\test\B2\B2.08.Tu-Du_06_patch_0_0.jpg,B2,B1,0.9014
processed_data_cleaned\test\B2\B2.08.Tu-Du_06_patch_0_1.jpg,B2,B1,0.5329
processed_data_cleaned\test\B2\B2.08.Tu-Du_06_patch_0_3.jpg,B2,B1,0.5087
processed_data_cleaned\test\B2\B2.08.Tu-Du_06_patch_0_4.jpg,B2,A2,0.7069
processed_data_cleaned\test\B2\B2.08.Tu-Du_06_patch_0_5.jpg,B2,B1,0.5393
processed_data_cleaned\test\B2\B2.08.Tu-Du_06_patch_1_0.jpg,B2,B1,0.8089
processed_data_cleaned\test\B2\B2.08.Tu-Du_06_patch_1_1.jpg,B2,A2,0.7227
processed_data_cleaned\test\B2\B2.08.Tu-Du_06_patch_1_2.jpg,B2,A2,0.593
processed_data_cleaned\test\B2\B2.08.Tu-Du_06_patch_1_4.jpg,B2,A2,0.6454
processed_data_cleaned\test\B2\B2.08.Tu-Du_06_patch_2_0.jpg,B2,A2,0.5133
processed_data_cleaned\test\B2\B2.08.Tu-Du_06_patch_2_2.jpg,B2,B1,0.6032
processed_data_cleaned\test\B2\B2.08.Tu-Du_06_patch_2_3.jpg,B2,A2,0.5796
processed_data_cleaned\test\B2\B2.08.Tu-Du_06_patch_2_4.jpg,B2,A2,0.573
processed_data_cleaned\test\B2\B2.08.Tu-Du_06_patch_2_5.jpg,B2,B1,0.587
processed_data_cleaned\test\B2\B2.08.Tu-Du_06_patch_3_1.jpg,B2,B1,0.5404
processed_data_cleaned\test\B2\B2.08.Tu-Du_06_patch_3_3.jpg,B2,B1,0.6791
processed_data_cleaned\test\B2\B2.08.Tu-Du_06_patch_3_5.jpg,B2,A1,0.5213
processed_data_cleaned\test\B2\B2.08.Tu-Du_07_patch_0_0.jpg,B2,B1,0.695
processed_data_cleaned\test\B2\B2.08.Tu-Du_07_patch_0_1.jpg,B2,B1,0.7571
processed_data_cleaned\test\B2\B2.08.Tu-Du_07_patch_1_0.jpg,B2,B1,0.9399
processed_data_cleaned\test\B2\B2.08.Tu-Du_07_patch_1_1.jpg,B2,B1,0.4917
processed_data_cleaned\test\B2\B2.08.Tu-Du_07_patch_1_4.jpg,B2,A1,0.3433
processed_data_cleaned\test\B2\B2.08.Tu-Du_07_patch_2_0.jpg,B2,A1,0.6128
processed_data_cleaned\test\B2\B2.08.Tu-Du_07_patch_2_1.jpg,B2,B1,0.49
processed_data_cleaned\test\B2\B2.08.Tu-Du_07_patch_2_2.jpg,B2,B1,0.6259
processed_data_cleaned\test\B2\B2.08.Tu-Du_07_patch_2_3.jpg,B2,B1,0.4158
processed_data_cleaned\test\B2\B2.08.Tu-Du_07_patch_3_0.jpg,B2,A1,0.4315
processed_data_cleaned\test\B2\B2.08.Tu-Du_07_patch_3_1.jpg,B2,A1,0.9492
processed_data_cleaned\test\B2\B2.08.Tu-Du_08_patch_0_0.jpg,B2,B1,0.6447
processed_data_cleaned\test\B2\B2.08.Tu-Du_08_patch_0_1.jpg,B2,B1,0.7957
processed_data_cleaned\test\B2\B2.08.Tu-Du_08_patch_0_4.jpg,B2,B1,0.465
processed_data_cleaned\test\B2\B2.08.Tu-Du_08_patch_1_0.jpg,B2,B1,0.8195
processed_data_cleaned\test\B2\B2.08.Tu-Du_08_patch_1_1.jpg,B2,B1,0.5643
processed_data_cleaned\test\B2\B2.08.Tu-Du_08_patch_1_2.jpg,B2,A1,0.5578
processed_data_cleaned\test\B2\B2.08.Tu-Du_08_patch_1_3.jpg,B2,A2,0.3445
processed_data_cleaned\test\B2\B2.08.Tu-Du_08_patch_1_4.jpg,B2,A1,0.5425
processed_data_cleaned\test\B2\B2.08.Tu-Du_08_patch_2_0.jpg,B2,A1,0.5489
processed_data_cleaned\test\B2\B2.08.Tu-Du_08_patch_2_1.jpg,B2,B1,0.6439
processed_data_cleaned\test\B2\B2.08.Tu-Du_08_patch_2_2.jpg,B2,B1,0.4396
processed_data_cleaned\test\B2\B2.08.Tu-Du_08_patch_3_1.jpg,B2,A1,0.6561
processed_data_cleaned\test\B2\B2.08.Tu-Du_09_patch_0_0.jpg,B2,B1,0.7937
processed_data_cleaned\test\B2\B2.08.Tu-Du_09_patch_0_1.jpg,B2,B1,0.4646
processed_data_cleaned\test\B2\B2.08.Tu-Du_09_patch_0_2.jpg,B2,B1,0.4146
processed_data_cleaned\test\B2\B2.08.Tu-Du_09_patch_0_3.jpg,B2,B1,0.3968
processed_data_cleaned\test\B2\B2.08.Tu-Du_09_patch_0_4.jpg,B2,A2,0.7411
processed_data_cleaned\test\B2\B2.08.Tu-Du_09_patch_0_5.jpg,B2,B1,0.4884
processed_data_cleaned\test\B2\B2.08.Tu-Du_09_patch_1_0.jpg,B2,B1,0.4726
processed_data_cleaned\test\B2\B2.08.Tu-Du_09_patch_1_1.jpg,B2,A1,0.5939
processed_data_cleaned\test\B2\B2.08.Tu-Du_09_patch_1_2.jpg,B2,A2,0.6155
processed_data_cleaned\test\B2\B2.08.Tu-Du_09_patch_1_4.jpg,B2,A2,0.8535
processed_data_cleaned\test\B2\B2.08.Tu-Du_09_patch_1_5.jpg,B2,A2,0.4942
processed_data_cleaned\test\B2\B2.08.Tu-Du_09_patch_2_0.jpg,B2,A1,0.4838
processed_data_cleaned\test\B2\B2.08.Tu-Du_09_patch_2_2.jpg,B2,A2,0.6486
processed_data_cleaned\test\B2\B2.08.Tu-Du_09_patch_2_3.jpg,B2,A2,0.9049
processed_data_cleaned\test\B2\B2.08.Tu-Du_09_patch_2_4.jpg,B2,A2,0.8849
processed_data_cleaned\test\B2\B2.08.Tu-Du_09_patch_2_5.jpg,B2,A2,0.3208
processed_data_cleaned\test\B2\B2.08.Tu-Du_09_patch_3_1.jpg,B2,A2,0.8422
processed_data_cleaned\test\B2\B2.08.Tu-Du_09_patch_3_2.jpg,B2,A2,0.4599
processed_data_cleaned\test\B2\B2.08.Tu-Du_09_patch_3_3.jpg,B2,B1,0.8596
processed_data_cleaned\test\B2\B2.08.Tu-Du_09_patch_3_4.jpg,B2,B1,0.796
processed_data_cleaned\test\B2\B2.08.Tu-Du_09_patch_3_5.jpg,B2,A1,0.51
processed_data_cleaned\test\B2\B2.08.Tu-Du_10_patch_2_0.jpg,B2,B1,0.69
processed_data_cleaned\test\B2\B2.08.Tu-Du_10_patch_3_3.jpg,B2,B1,0.4867
processed_data_cleaned\test\B2\B2.08.Tu-Du_11_patch_2_1.jpg,B2,B1,0.8484
processed_data_cleaned\test\B2\B2.08.Tu-Du_12_patch_0_3.jpg,B2,A2,0.3126
processed_data_cleaned\test\B2\B2.08.Tu-Du_12_patch_1_0.jpg,B2,A2,0.7353
processed_data_cleaned\test\B2\B2.08.Tu-Du_12_patch_1_2.jpg,B2,A2,0.5023
processed_data_cleaned\test\B2\B2.08.Tu-Du_12_patch_1_3.jpg,B2,A2,0.9221
processed_data_cleaned\test\B2\B2.08.Tu-Du_12_patch_1_4.jpg,B2,A2,0.5034
processed_data_cleaned\test\B2\B2.08.Tu-Du_12_patch_2_5.jpg,B2,B1,0.4639
processed_data_cleaned\test\B2\B2.08.Tu-Du_12_patch_3_1.jpg,B2,A2,0.3978
processed_data_cleaned\test\B2\B2.08.Tu-Du_12_patch_3_2.jpg,B2,B1,0.6801
processed_data_cleaned\test\B2\B2.08.Tu-Du_12_patch_3_3.jpg,B2,B1,0.6303
processed_data_cleaned\test\B2\B2.08.Tu-Du_12_patch_3_5.jpg,B2,B1,0.4045
processed_data_cleaned\test\B2\B2.08.Tu-Du_13_patch_0_1.jpg,B2,A2,0.8325
processed_data_cleaned\test\B2\B2.08.Tu-Du_13_patch_0_3.jpg,B2,A2,0.798
processed_data_cleaned\test\B2\B2.08.Tu-Du_13_patch_1_4.jpg,B2,A2,0.6149
processed_data_cleaned\test\B2\B2.08.Tu-Du_13_patch_3_1.jpg,B2,A2,0.8819
processed_data_cleaned\test\B2\B2.08.Tu-Du_13_patch_3_2.jpg,B2,A2,0.9457
processed_data_cleaned\test\B2\B2.08.Tu-Du_14_patch_0_3.jpg,B2,B1,0.5356
processed_data_cleaned\test\B2\B2.08.Tu-Du_14_patch_0_4.jpg,B2,A1,0.9037
processed_data_cleaned\test\B2\B2.08.Tu-Du_14_patch_0_5.jpg,B2,A1,0.5419
processed_data_cleaned\test\B2\B2.08.Tu-Du_14_patch_1_3.jpg,B2,A1,0.5215
processed_data_cleaned\test\B2\B2.08.Tu-Du_14_patch_1_4.jpg,B2,A1,0.8587
processed_data_cleaned\test\B2\B2.08.Tu-Du_14_patch_1_5.jpg,B2,A1,0.7721
processed_data_cleaned\test\B2\B2.08.Tu-Du_14_patch_2_1.jpg,B2,B1,0.6459
processed_data_cleaned\test\B2\B2.08.Tu-Du_14_patch_2_2.jpg,B2,B1,0.7202
processed_data_cleaned\test\B2\B2.08.Tu-Du_14_patch_2_3.jpg,B2,A1,0.665
processed_data_cleaned\test\B2\B2.08.Tu-Du_14_patch_2_4.jpg,B2,A1,0.5886
processed_data_cleaned\test\B2\B2.08.Tu-Du_14_patch_2_5.jpg,B2,A1,0.6095
processed_data_cleaned\test\B2\B2.08.Tu-Du_14_patch_3_4.jpg,B2,A1,0.8784
processed_data_cleaned\test\B2\B2.08.Tu-Du_15_patch_0_3.jpg,B2,A1,0.8639
processed_data_cleaned\test\B2\B2.08.Tu-Du_15_patch_0_5.jpg,B2,A1,0.7255
processed_data_cleaned\test\B2\B2.08.Tu-Du_15_patch_1_0.jpg,B2,A2,0.4741
processed_data_cleaned\test\B2\B2.08.Tu-Du_15_patch_1_1.jpg,B2,A2,0.5581
processed_data_cleaned\test\B2\B2.08.Tu-Du_15_patch_1_2.jpg,B2,B1,0.5955
processed_data_cleaned\test\B2\B2.08.Tu-Du_15_patch_2_2.jpg,B2,B1,0.4936
processed_data_cleaned\test\B2\B2.08.Tu-Du_15_patch_3_1.jpg,B2,A2,0.9222
processed_data_cleaned\test\B2\B2.08.Tu-Du_16_patch_0_4.jpg,B2,A1,0.7234
processed_data_cleaned\test\B2\B2.08.Tu-Du_16_patch_2_1.jpg,B2,A1,0.4333
processed_data_cleaned\test\B2\B2.08.Tu-Du_16_patch_2_2.jpg,B2,A1,0.435
processed_data_cleaned\test\B2\B2.08.Tu-Du_16_patch_2_3.jpg,B2,B1,0.5098
processed_data_cleaned\test\B2\B2.08.Tu-Du_16_patch_3_0.jpg,B2,A2,0.4271
processed_data_cleaned\test\B2\B2.08.Tu-Du_17_patch_0_0.jpg,B2,B1,0.54
processed_data_cleaned\test\B2\B2.08.Tu-Du_17_patch_0_1.jpg,B2,B1,0.4143
processed_data_cleaned\test\B2\B2.08.Tu-Du_17_patch_0_2.jpg,B2,B1,0.4913
processed_data_cleaned\test\B2\B2.08.Tu-Du_17_patch_0_3.jpg,B2,B1,0.4945
processed_data_cleaned\test\B2\B2.08.Tu-Du_17_patch_1_1.jpg,B2,A2,0.4194
processed_data_cleaned\test\B2\B2.08.Tu-Du_17_patch_1_2.jpg,B2,A2,0.8383
processed_data_cleaned\test\B2\B2.08.Tu-Du_17_patch_1_3.jpg,B2,B1,0.5637
processed_data_cleaned\test\B2\B2.08.Tu-Du_17_patch_1_4.jpg,B2,B1,0.5952
processed_data_cleaned\test\B2\B2.08.Tu-Du_17_patch_1_5.jpg,B2,A2,0.6945
processed_data_cleaned\test\B2\B2.08.Tu-Du_17_patch_2_0.jpg,B2,A2,0.5502
processed_data_cleaned\test\B2\B2.08.Tu-Du_17_patch_2_1.jpg,B2,B1,0.6378
processed_data_cleaned\test\B2\B2.08.Tu-Du_17_patch_2_2.jpg,B2,A2,0.5347
processed_data_cleaned\test\B2\B2.08.Tu-Du_17_patch_2_3.jpg,B2,B1,0.54
processed_data_cleaned\test\B2\B2.08.Tu-Du_17_patch_2_4.jpg,B2,B1,0.7426
processed_data_cleaned\test\B2\B2.08.Tu-Du_17_patch_2_5.jpg,B2,A1,0.7672
processed_data_cleaned\test\B2\B2.08.Tu-Du_17_patch_3_0.jpg,B2,B1,0.5636
processed_data_cleaned\test\B2\B2.08.Tu-Du_17_patch_3_4.jpg,B2,A1,0.7112
processed_data_cleaned\test\B2\B2.08.Tu-Du_18_patch_0_0.jpg,B2,A1,0.5935
processed_data_cleaned\test\B2\B2.08.Tu-Du_18_patch_0_1.jpg,B2,A2,0.4898
processed_data_cleaned\test\B2\B2.08.Tu-Du_18_patch_0_2.jpg,B2,B1,0.677
processed_data_cleaned\test\B2\B2.08.Tu-Du_18_patch_0_3.jpg,B2,A1,0.2786
processed_data_cleaned\test\B2\B2.08.Tu-Du_18_patch_1_0.jpg,B2,B1,0.6618
processed_data_cleaned\test\B2\B2.08.Tu-Du_18_patch_1_1.jpg,B2,A2,0.67
processed_data_cleaned\test\B2\B2.08.Tu-Du_18_patch_1_2.jpg,B2,A2,0.8613
processed_data_cleaned\test\B2\B2.08.Tu-Du_18_patch_1_3.jpg,B2,A2,0.592
processed_data_cleaned\test\B2\B2.08.Tu-Du_18_patch_1_4.jpg,B2,B1,0.6374
processed_data_cleaned\test\B2\B2.08.Tu-Du_18_patch_1_5.jpg,B2,A2,0.479
processed_data_cleaned\test\B2\B2.08.Tu-Du_18_patch_2_1.jpg,B2,A2,0.6875
processed_data_cleaned\test\B2\B2.08.Tu-Du_18_patch_2_2.jpg,B2,A2,0.7879
processed_data_cleaned\test\B2\B2.08.Tu-Du_18_patch_2_3.jpg,B2,A2,0.6426
processed_data_cleaned\test\B2\B2.08.Tu-Du_18_patch_2_4.jpg,B2,A2,0.6116
processed_data_cleaned\test\B2\B2.08.Tu-Du_18_patch_2_5.jpg,B2,A1,0.9178
processed_data_cleaned\test\B2\B2.08.Tu-Du_18_patch_3_0.jpg,B2,B1,0.6778
processed_data_cleaned\test\B2\B2.08.Tu-Du_18_patch_3_2.jpg,B2,A1,0.925
processed_data_cleaned\test\B2\B2.08.Tu-Du_19_patch_0_0.jpg,B2,A1,0.6447
processed_data_cleaned\test\B2\B2.08.Tu-Du_19_patch_0_1.jpg,B2,A1,0.4097
processed_data_cleaned\test\B2\B2.08.Tu-Du_19_patch_0_2.jpg,B2,B1,0.5762
processed_data_cleaned\test\B2\B2.08.Tu-Du_19_patch_0_3.jpg,B2,A1,0.4495
processed_data_cleaned\test\B2\B2.08.Tu-Du_19_patch_1_0.jpg,B2,B1,0.4673
processed_data_cleaned\test\B2\B2.08.Tu-Du_19_patch_1_1.jpg,B2,A2,0.9006
processed_data_cleaned\test\B2\B2.08.Tu-Du_19_patch_1_2.jpg,B2,A2,0.9583
processed_data_cleaned\test\B2\B2.08.Tu-Du_19_patch_1_3.jpg,B2,A2,0.7401
processed_data_cleaned\test\B2\B2.08.Tu-Du_19_patch_1_4.jpg,B2,B1,0.7985
processed_data_cleaned\test\B2\B2.08.Tu-Du_19_patch_1_5.jpg,B2,A2,0.8843
processed_data_cleaned\test\B2\B2.08.Tu-Du_19_patch_2_0.jpg,B2,A1,0.411
processed_data_cleaned\test\B2\B2.08.Tu-Du_19_patch_2_1.jpg,B2,A2,0.4789
processed_data_cleaned\test\B2\B2.08.Tu-Du_19_patch_2_2.jpg,B2,A2,0.8383
processed_data_cleaned\test\B2\B2.08.Tu-Du_19_patch_2_3.jpg,B2,B1,0.4441
processed_data_cleaned\test\B2\B2.08.Tu-Du_19_patch_2_4.jpg,B2,A1,0.4332
processed_data_cleaned\test\B2\B2.08.Tu-Du_19_patch_2_5.jpg,B2,A1,0.9403
processed_data_cleaned\test\B2\B2.08.Tu-Du_19_patch_3_0.jpg,B2,B1,0.5864
processed_data_cleaned\test\B2\B2.08.Tu-Du_19_patch_3_2.jpg,B2,A1,0.7451
processed_data_cleaned\test\B2\B2.08.Tu-Du_20_patch_0_1.jpg,B2,A1,0.5925
processed_data_cleaned\test\B2\B2.08.Tu-Du_20_patch_0_2.jpg,B2,A2,0.5194
processed_data_cleaned\test\B2\B2.08.Tu-Du_20_patch_0_3.jpg,B2,A2,0.9634
processed_data_cleaned\test\B2\B2.08.Tu-Du_20_patch_0_4.jpg,B2,A2,0.5072
processed_data_cleaned\test\B2\B2.08.Tu-Du_20_patch_0_5.jpg,B2,A2,0.8276
processed_data_cleaned\test\B2\B2.08.Tu-Du_20_patch_1_2.jpg,B2,A2,0.6639
processed_data_cleaned\test\B2\B2.08.Tu-Du_20_patch_1_3.jpg,B2,A2,0.7393
processed_data_cleaned\test\B2\B2.08.Tu-Du_20_patch_1_4.jpg,B2,A2,0.5895
processed_data_cleaned\test\B2\B2.08.Tu-Du_20_patch_1_5.jpg,B2,B1,0.5664
processed_data_cleaned\test\B2\B2.08.Tu-Du_20_patch_2_4.jpg,B2,A1,0.5542
processed_data_cleaned\test\B2\B2.08.Tu-Du_20_patch_3_1.jpg,B2,A1,0.5795
processed_data_cleaned\test\B2\B2.08.Tu-Du_21_patch_0_4.jpg,B2,A2,0.8461
processed_data_cleaned\test\B2\B2.08.Tu-Du_21_patch_1_0.jpg,B2,A2,0.7874
processed_data_cleaned\test\B2\B2.08.Tu-Du_21_patch_1_1.jpg,B2,A1,0.9611
processed_data_cleaned\test\B2\B2.08.Tu-Du_21_patch_1_3.jpg,B2,A1,0.6113
processed_data_cleaned\test\B2\B2.08.Tu-Du_21_patch_1_4.jpg,B2,A2,0.7502
processed_data_cleaned\test\B2\B2.08.Tu-Du_21_patch_1_5.jpg,B2,A2,0.6696
processed_data_cleaned\test\B2\B2.08.Tu-Du_21_patch_2_0.jpg,B2,A2,0.9562
processed_data_cleaned\test\B2\B2.08.Tu-Du_21_patch_3_1.jpg,B2,A1,0.9255
processed_data_cleaned\test\B2\B2.08.Tu-Du_21_patch_3_2.jpg,B2,A2,0.7822
processed_data_cleaned\test\B2\B2.08.Tu-Du_21_patch_3_4.jpg,B2,A2,0.5288
processed_data_cleaned\test\B2\B2.08.Tu-Du_22_patch_0_2.jpg,B2,A2,0.7687
processed_data_cleaned\test\B2\B2.08.Tu-Du_22_patch_0_3.jpg,B2,A2,0.5064
processed_data_cleaned\test\B2\B2.08.Tu-Du_22_patch_0_4.jpg,B2,A2,0.4981
processed_data_cleaned\test\B2\B2.08.Tu-Du_22_patch_0_5.jpg,B2,A2,0.6266
processed_data_cleaned\test\B2\B2.08.Tu-Du_22_patch_1_1.jpg,B2,A2,0.7003
processed_data_cleaned\test\B2\B2.08.Tu-Du_22_patch_1_2.jpg,B2,A2,0.7838
processed_data_cleaned\test\B2\B2.08.Tu-Du_22_patch_1_4.jpg,B2,A2,0.818
processed_data_cleaned\test\B2\B2.08.Tu-Du_22_patch_1_5.jpg,B2,A2,0.9138
processed_data_cleaned\test\B2\B2.08.Tu-Du_22_patch_2_5.jpg,B2,A2,0.7413
processed_data_cleaned\test\B2\B2.08.Tu-Du_22_patch_3_0.jpg,B2,A2,0.5014
processed_data_cleaned\test\B2\B2.08.Tu-Du_22_patch_3_1.jpg,B2,A2,0.7178
processed_data_cleaned\test\B2\B2.08.Tu-Du_22_patch_3_2.jpg,B2,A2,0.6943
processed_data_cleaned\test\B2\B2.08.Tu-Du_22_patch_3_5.jpg,B2,A1,0.7695
processed_data_cleaned\test\B2\B2.08.Tu-Du_23_patch_0_1.jpg,B2,A2,0.7025
processed_data_cleaned\test\B2\B2.08.Tu-Du_23_patch_0_2.jpg,B2,A2,0.6472
processed_data_cleaned\test\B2\B2.08.Tu-Du_23_patch_0_3.jpg,B2,A2,0.6033
processed_data_cleaned\test\B2\B2.08.Tu-Du_23_patch_0_4.jpg,B2,A2,0.7815
processed_data_cleaned\test\B2\B2.08.Tu-Du_23_patch_1_0.jpg,B2,B1,0.5251
processed_data_cleaned\test\B2\B2.08.Tu-Du_23_patch_1_1.jpg,B2,A2,0.4268
processed_data_cleaned\test\B2\B2.08.Tu-Du_23_patch_1_2.jpg,B2,A2,0.7583
processed_data_cleaned\test\B2\B2.08.Tu-Du_23_patch_1_3.jpg,B2,A2,0.9096
processed_data_cleaned\test\B2\B2.08.Tu-Du_23_patch_1_4.jpg,B2,A2,0.9543
processed_data_cleaned\test\B2\B2.08.Tu-Du_23_patch_2_1.jpg,B2,A1,0.8958
processed_data_cleaned\test\B2\B2.08.Tu-Du_23_patch_2_2.jpg,B2,B1,0.7449
processed_data_cleaned\test\B2\B2.08.Tu-Du_23_patch_2_3.jpg,B2,A2,0.7736
processed_data_cleaned\test\B2\B2.08.Tu-Du_23_patch_2_4.jpg,B2,A2,0.572
processed_data_cleaned\test\B2\B2.08.Tu-Du_23_patch_3_2.jpg,B2,A2,0.9915
processed_data_cleaned\test\B2\B2.08.Tu-Du_23_patch_3_3.jpg,B2,A2,0.8009
processed_data_cleaned\test\B2\B2.08.Tu-Du_24_patch_0_0.jpg,B2,A1,0.919
processed_data_cleaned\test\B2\B2.08.Tu-Du_24_patch_0_2.jpg,B2,B1,0.5797
processed_data_cleaned\test\B2\B2.08.Tu-Du_24_patch_0_3.jpg,B2,B1,0.5374
processed_data_cleaned\test\B2\B2.08.Tu-Du_24_patch_0_4.jpg,B2,B1,0.7794
processed_data_cleaned\test\B2\B2.08.Tu-Du_24_patch_1_2.jpg,B2,A1,0.6369
processed_data_cleaned\test\B2\B2.08.Tu-Du_24_patch_1_3.jpg,B2,A2,0.5486
processed_data_cleaned\test\B2\B2.08.Tu-Du_24_patch_1_4.jpg,B2,A1,0.5971
processed_data_cleaned\test\B2\B2.08.Tu-Du_24_patch_2_1.jpg,B2,A1,0.5035
processed_data_cleaned\test\B2\B2.08.Tu-Du_24_patch_2_2.jpg,B2,A2,0.5742
processed_data_cleaned\test\B2\B2.08.Tu-Du_24_patch_2_3.jpg,B2,A2,0.564
processed_data_cleaned\test\B2\B2.08.Tu-Du_24_patch_2_4.jpg,B2,A2,0.6822
processed_data_cleaned\test\B2\B2.08.Tu-Du_24_patch_3_2.jpg,B2,A2,0.4723
processed_data_cleaned\test\B2\B2.08.Tu-Du_24_patch_3_4.jpg,B2,A2,0.7391
processed_data_cleaned\test\B2\B2.08.Tu-Du_25_patch_0_2.jpg,B2,A1,0.4068
processed_data_cleaned\test\B2\B2.08.Tu-Du_25_patch_1_2.jpg,B2,B1,0.4671
processed_data_cleaned\test\B2\B2.08.Tu-Du_25_patch_1_4.jpg,B2,B1,0.5542
processed_data_cleaned\test\B2\B2.08.Tu-Du_25_patch_1_5.jpg,B2,B1,0.7063
processed_data_cleaned\test\B2\B2.08.Tu-Du_25_patch_2_0.jpg,B2,B1,0.3866
processed_data_cleaned\test\B2\B2.08.Tu-Du_25_patch_2_3.jpg,B2,B1,0.6292
processed_data_cleaned\test\B2\B2.08.Tu-Du_25_patch_2_4.jpg,B2,B1,0.8449
processed_data_cleaned\test\B2\B2.08.Tu-Du_25_patch_2_5.jpg,B2,B1,0.6431
processed_data_cleaned\test\B2\B2.08.Tu-Du_26_patch_0_3.jpg,B2,A2,0.8223
processed_data_cleaned\test\B2\B2.08.Tu-Du_26_patch_0_5.jpg,B2,B1,0.5801
processed_data_cleaned\test\B2\B2.08.Tu-Du_26_patch_1_2.jpg,B2,A2,0.5717
processed_data_cleaned\test\B2\B2.08.Tu-Du_26_patch_1_3.jpg,B2,B1,0.6443
processed_data_cleaned\test\B2\B2.08.Tu-Du_26_patch_1_4.jpg,B2,B1,0.6232
processed_data_cleaned\test\B2\B2.08.Tu-Du_26_patch_1_5.jpg,B2,B1,0.6821
processed_data_cleaned\test\B2\B2.08.Tu-Du_26_patch_2_0.jpg,B2,A1,0.3488
processed_data_cleaned\test\B2\B2.08.Tu-Du_26_patch_2_2.jpg,B2,B1,0.7129
processed_data_cleaned\test\B2\B2.08.Tu-Du_26_patch_2_3.jpg,B2,B1,0.6386
processed_data_cleaned\test\B2\B2.08.Tu-Du_26_patch_2_4.jpg,B2,B1,0.6478
processed_data_cleaned\test\B2\B2.08.Tu-Du_26_patch_3_2.jpg,B2,B1,0.9777
processed_data_cleaned\test\B2\B2.08.Tu-Du_27_patch_1_0.jpg,B2,B1,0.4823
processed_data_cleaned\test\B2\B2.08.Tu-Du_27_patch_1_5.jpg,B2,A2,0.6165
processed_data_cleaned\test\B2\B2.08.Tu-Du_27_patch_3_2.jpg,B2,B1,0.3407
processed_data_cleaned\test\B2\B2.08.Tu-Du_28_patch_0_0.jpg,B2,A1,0.5106
processed_data_cleaned\test\B2\B2.08.Tu-Du_28_patch_0_1.jpg,B2,B1,0.41
processed_data_cleaned\test\B2\B2.08.Tu-Du_28_patch_0_2.jpg,B2,A1,0.9789
processed_data_cleaned\test\B2\B2.08.Tu-Du_28_patch_0_3.jpg,B2,B1,0.9799
processed_data_cleaned\test\B2\B2.08.Tu-Du_28_patch_0_4.jpg,B2,A2,0.8576
processed_data_cleaned\test\B2\B2.08.Tu-Du_28_patch_1_2.jpg,B2,B1,0.3673
processed_data_cleaned\test\B2\B2.08.Tu-Du_28_patch_1_4.jpg,B2,A1,0.5946
processed_data_cleaned\test\B2\B2.08.Tu-Du_28_patch_1_5.jpg,B2,A2,0.7451
processed_data_cleaned\test\B2\B2.08.Tu-Du_28_patch_2_0.jpg,B2,B1,0.5381
processed_data_cleaned\test\B2\B2.08.Tu-Du_28_patch_2_3.jpg,B2,A1,0.6417
processed_data_cleaned\test\B2\B2.08.Tu-Du_28_patch_2_4.jpg,B2,A1,0.8594
processed_data_cleaned\test\B2\B2.08.Tu-Du_28_patch_2_5.jpg,B2,A2,0.9042
processed_data_cleaned\test\B2\B2.08.Tu-Du_28_patch_3_2.jpg,B2,A1,0.7774
processed_data_cleaned\test\B2\B2.08.Tu-Du_28_patch_3_3.jpg,B2,A2,0.4493
processed_data_cleaned\test\B2\B2.08.Tu-Du_28_patch_3_5.jpg,B2,A2,0.7736
processed_data_cleaned\test\B2\B2.08.Tu-Du_30_patch_0_0.jpg,B2,A1,0.5663
processed_data_cleaned\test\B2\B2.08.Tu-Du_30_patch_0_5.jpg,B2,A2,0.9195
processed_data_cleaned\test\B2\B2.08.Tu-Du_30_patch_1_0.jpg,B2,A2,0.6899
processed_data_cleaned\test\B2\B2.08.Tu-Du_30_patch_1_2.jpg,B2,B1,0.4301
processed_data_cleaned\test\B2\B2.08.Tu-Du_30_patch_1_3.jpg,B2,A2,0.8912
processed_data_cleaned\test\B2\B2.08.Tu-Du_30_patch_1_4.jpg,B2,A2,0.5182
processed_data_cleaned\test\B2\B2.08.Tu-Du_30_patch_1_5.jpg,B2,A2,0.5224
processed_data_cleaned\test\B2\B2.08.Tu-Du_30_patch_2_0.jpg,B2,A2,0.8154
processed_data_cleaned\test\B2\B2.08.Tu-Du_30_patch_2_3.jpg,B2,A1,0.5076
processed_data_cleaned\test\B2\B2.08.Tu-Du_30_patch_2_4.jpg,B2,A1,0.615
processed_data_cleaned\test\B2\B2.08.Tu-Du_30_patch_2_5.jpg,B2,A1,0.9604
processed_data_cleaned\test\B2\B2.08.Tu-Du_30_patch_3_0.jpg,B2,A2,0.6416
processed_data_cleaned\test\B2\B2.08.Tu-Du_30_patch_3_1.jpg,B2,A1,0.4306
processed_data_cleaned\test\B2\B2.08.Tu-Du_30_patch_3_3.jpg,B2,A1,0.9009
processed_data_cleaned\test\B2\B2.08.Tu-Du_30_patch_3_4.jpg,B2,A1,0.6237
processed_data_cleaned\test\B2\B2.08.Tu-Du_31_patch_0_1.jpg,B2,A1,0.7393
processed_data_cleaned\test\B2\B2.08.Tu-Du_31_patch_0_3.jpg,B2,B1,0.3727
processed_data_cleaned\test\B2\B2.08.Tu-Du_31_patch_0_4.jpg,B2,B1,0.7961
processed_data_cleaned\test\B2\B2.08.Tu-Du_31_patch_0_5.jpg,B2,A2,0.5781
processed_data_cleaned\test\B2\B2.08.Tu-Du_31_patch_1_0.jpg,B2,A2,0.6712
processed_data_cleaned\test\B2\B2.08.Tu-Du_31_patch_1_2.jpg,B2,A2,0.7086
processed_data_cleaned\test\B2\B2.08.Tu-Du_31_patch_1_3.jpg,B2,A2,0.7724
processed_data_cleaned\test\B2\B2.08.Tu-Du_31_patch_1_4.jpg,B2,A1,0.6006
processed_data_cleaned\test\B2\B2.08.Tu-Du_31_patch_1_5.jpg,B2,A1,0.5224
processed_data_cleaned\test\B2\B2.08.Tu-Du_31_patch_2_0.jpg,B2,A2,0.537
processed_data_cleaned\test\B2\B2.08.Tu-Du_31_patch_2_2.jpg,B2,A1,0.5436
processed_data_cleaned\test\B2\B2.08.Tu-Du_31_patch_2_3.jpg,B2,A2,0.5384
processed_data_cleaned\test\B2\B2.08.Tu-Du_31_patch_2_5.jpg,B2,A1,0.8994
processed_data_cleaned\test\B2\B2.08.Tu-Du_31_patch_3_0.jpg,B2,A1,0.6262
processed_data_cleaned\test\B2\B2.08.Tu-Du_31_patch_3_4.jpg,B2,A2,0.6199
processed_data_cleaned\test\B2\B2.08.Tu-Du_31_patch_3_5.jpg,B2,A1,0.6942
processed_data_cleaned\test\B2\B2.08.Tu-Du_32_patch_0_1.jpg,B2,A2,0.6711
processed_data_cleaned\test\B2\B2.08.Tu-Du_32_patch_2_0.jpg,B2,A2,0.9742
processed_data_cleaned\test\B2\B2.08.Tu-Du_32_patch_2_1.jpg,B2,A2,0.9409
processed_data_cleaned\test\B2\B2.08.Tu-Du_32_patch_2_2.jpg,B2,A2,0.713
processed_data_cleaned\test\B2\B2.08.Tu-Du_32_patch_3_0.jpg,B2,A2,0.7458
processed_data_cleaned\test\B2\B2.08.Tu-Du_32_patch_3_1.jpg,B2,A2,0.6963
processed_data_cleaned\test\B2\B2.08.Tu-Du_32_patch_3_2.jpg,B2,A1,0.8305
processed_data_cleaned\test\B2\B2.08.Tu-Du_32_patch_3_3.jpg,B2,A1,0.4673
processed_data_cleaned\test\B2\B2.08.Tu-Du_32_patch_3_4.jpg,B2,A1,0.6845
processed_data_cleaned\test\B2\B2.08.Tu-Du_33_patch_0_1.jpg,B2,A2,0.4999
processed_data_cleaned\test\B2\B2.08.Tu-Du_33_patch_0_4.jpg,B2,A1,0.5181
processed_data_cleaned\test\B2\B2.08.Tu-Du_33_patch_1_0.jpg,B2,B1,0.763
processed_data_cleaned\test\B2\B2.08.Tu-Du_33_patch_1_4.jpg,B2,A2,0.5664
processed_data_cleaned\test\B2\B2.08.Tu-Du_33_patch_2_0.jpg,B2,A2,0.8275
processed_data_cleaned\test\B2\B2.08.Tu-Du_33_patch_2_3.jpg,B2,A2,0.6112
processed_data_cleaned\test\B2\B2.08.Tu-Du_33_patch_2_4.jpg,B2,A2,0.8194
processed_data_cleaned\test\B2\B2.08.Tu-Du_33_patch_2_5.jpg,B2,A1,0.4902
processed_data_cleaned\test\B2\B2.08.Tu-Du_33_patch_3_2.jpg,B2,A1,0.6849
processed_data_cleaned\test\B2\B2.08.Tu-Du_34_patch_0_3.jpg,B2,A2,0.691
processed_data_cleaned\test\B2\B2.08.Tu-Du_34_patch_0_4.jpg,B2,A2,0.5448
processed_data_cleaned\test\B2\B2.08.Tu-Du_34_patch_1_0.jpg,B2,A2,0.597
processed_data_cleaned\test\B2\B2.08.Tu-Du_34_patch_1_2.jpg,B2,A2,0.6976
processed_data_cleaned\test\B2\B2.08.Tu-Du_34_patch_1_5.jpg,B2,B1,0.4877
processed_data_cleaned\test\B2\B2.08.Tu-Du_34_patch_2_0.jpg,B2,A2,0.6292
processed_data_cleaned\test\B2\B2.08.Tu-Du_34_patch_2_1.jpg,B2,B1,0.7371
processed_data_cleaned\test\B2\B2.08.Tu-Du_34_patch_2_2.jpg,B2,A2,0.8889
processed_data_cleaned\test\B2\B2.08.Tu-Du_34_patch_2_3.jpg,B2,A1,0.802
processed_data_cleaned\test\B2\B2.08.Tu-Du_34_patch_3_2.jpg,B2,A2,0.3389
processed_data_cleaned\test\B2\B2.08.Tu-Du_35_patch_0_2.jpg,B2,B1,0.4689
processed_data_cleaned\test\B2\B2.08.Tu-Du_35_patch_0_4.jpg,B2,A2,0.8834
processed_data_cleaned\test\B2\B2.08.Tu-Du_35_patch_1_0.jpg,B2,A2,0.4745
processed_data_cleaned\test\B2\B2.08.Tu-Du_35_patch_1_1.jpg,B2,A2,0.3591
processed_data_cleaned\test\B2\B2.08.Tu-Du_35_patch_1_2.jpg,B2,A2,0.858
processed_data_cleaned\test\B2\B2.08.Tu-Du_35_patch_1_3.jpg,B2,A2,0.7464
processed_data_cleaned\test\B2\B2.08.Tu-Du_35_patch_1_5.jpg,B2,B1,0.5267
processed_data_cleaned\test\B2\B2.08.Tu-Du_35_patch_2_0.jpg,B2,A2,0.6523
processed_data_cleaned\test\B2\B2.08.Tu-Du_36_patch_2_0.jpg,B2,A1,0.4174
processed_data_cleaned\test\B2\B2.08.Tu-Du_36_patch_2_1.jpg,B2,A1,0.3549
processed_data_cleaned\test\B2\B2.08.Tu-Du_36_patch_3_0.jpg,B2,A2,0.4608
processed_data_cleaned\test\B2\B2.08.Tu-Du_36_patch_3_1.jpg,B2,A1,0.531
processed_data_cleaned\test\B2\B2.08.Tu-Du_37_patch_3_1.jpg,B2,B1,0.4495
processed_data_cleaned\test\B2\B2.08.Tu-Du_38_patch_1_2.jpg,B2,B1,0.6513
processed_data_cleaned\test\B2\B2.08.Tu-Du_38_patch_3_1.jpg,B2,B1,0.3859
processed_data_cleaned\test\B2\B2.08.Tu-Du_38_patch_3_2.jpg,B2,A2,0.4963
processed_data_cleaned\test\B2\B2.08.Tu-Du_38_patch_3_4.jpg,B2,B1,0.5022
processed_data_cleaned\test\B2\B2.08.Tu-Du_38_patch_3_5.jpg,B2,A2,0.5633
processed_data_cleaned\test\B2\B2.08.Tu-Du_39_patch_0_2.jpg,B2,B1,0.9557
processed_data_cleaned\test\B2\B2.08.Tu-Du_39_patch_1_0.jpg,B2,B1,0.9289
processed_data_cleaned\test\B2\B2.08.Tu-Du_39_patch_1_1.jpg,B2,B1,0.685
processed_data_cleaned\test\B2\B2.08.Tu-Du_39_patch_1_3.jpg,B2,B1,0.8445
processed_data_cleaned\test\B2\B2.08.Tu-Du_39_patch_1_4.jpg,B2,B1,0.9577
processed_data_cleaned\test\B2\B2.08.Tu-Du_39_patch_2_0.jpg,B2,B1,0.5787
processed_data_cleaned\test\B2\B2.08.Tu-Du_39_patch_2_1.jpg,B2,B1,0.5262
processed_data_cleaned\test\B2\B2.08.Tu-Du_39_patch_2_2.jpg,B2,B1,0.8958
processed_data_cleaned\test\B2\B2.08.Tu-Du_39_patch_2_3.jpg,B2,B1,0.8169
processed_data_cleaned\test\B2\B2.08.Tu-Du_39_patch_2_4.jpg,B2,B1,0.6994
processed_data_cleaned\test\B2\B2.08.Tu-Du_39_patch_3_1.jpg,B2,B1,0.3865
processed_data_cleaned\test\B2\B2.08.Tu-Du_40_patch_0_3.jpg,B2,A2,0.7658
processed_data_cleaned\test\B2\B2.08.Tu-Du_40_patch_1_4.jpg,B2,B1,0.536
processed_data_cleaned\test\B2\B2.08.Tu-Du_41_patch_0_0.jpg,B2,A1,0.4996
processed_data_cleaned\test\B2\B2.08.Tu-Du_41_patch_0_5.jpg,B2,A2,0.522
processed_data_cleaned\test\B2\B2.08.Tu-Du_41_patch_1_3.jpg,B2,B1,0.6543
processed_data_cleaned\test\B2\B2.08.Tu-Du_41_patch_1_4.jpg,B2,B1,0.8149
processed_data_cleaned\test\B2\B2.08.Tu-Du_41_patch_3_2.jpg,B2,A1,0.5114
processed_data_cleaned\test\B2\B2.08.Tu-Du_41_patch_3_3.jpg,B2,B1,0.8887
processed_data_cleaned\test\B2\B2.08.Tu-Du_41_patch_3_4.jpg,B2,B1,0.831
processed_data_cleaned\test\B2\B2.08.Tu-Du_42_patch_0_2.jpg,B2,A1,0.5737
processed_data_cleaned\test\B2\B2.08.Tu-Du_42_patch_1_1.jpg,B2,A2,0.5321
processed_data_cleaned\test\B2\B2.08.Tu-Du_42_patch_1_2.jpg,B2,B1,0.4963
processed_data_cleaned\test\B2\B2.08.Tu-Du_42_patch_2_1.jpg,B2,B1,0.7352
processed_data_cleaned\test\B2\B2.08.Tu-Du_42_patch_2_2.jpg,B2,A1,0.5173
processed_data_cleaned\test\B2\B2.08.Tu-Du_42_patch_2_3.jpg,B2,A1,0.5608
processed_data_cleaned\test\B2\B2.08.Tu-Du_42_patch_3_1.jpg,B2,B1,0.4219
processed_data_cleaned\test\B2\B2.08.Tu-Du_42_patch_3_2.jpg,B2,B1,0.8192
processed_data_cleaned\test\B2\B2.08.Tu-Du_42_patch_3_3.jpg,B2,B1,0.4183
processed_data_cleaned\test\B2\B2.08.Tu-Du_42_patch_3_4.jpg,B2,A2,0.5959
processed_data_cleaned\test\B2\B2.08.Tu-Du_43_patch_0_0.jpg,B2,B1,0.648
processed_data_cleaned\test\B2\B2.08.Tu-Du_43_patch_1_0.jpg,B2,A1,0.5506
processed_data_cleaned\test\B2\B2.08.Tu-Du_43_patch_1_4.jpg,B2,B1,0.5537
processed_data_cleaned\test\B2\B2.08.Tu-Du_43_patch_1_5.jpg,B2,B1,0.5009
processed_data_cleaned\test\B2\B2.08.Tu-Du_43_patch_2_0.jpg,B2,B1,0.6132
processed_data_cleaned\test\B2\B2.08.Tu-Du_43_patch_2_5.jpg,B2,A1,0.4788
processed_data_cleaned\test\B2\B2.08.Tu-Du_43_patch_3_1.jpg,B2,B1,0.5691
processed_data_cleaned\test\B2\B2.08.Tu-Du_43_patch_3_2.jpg,B2,B1,0.815
processed_data_cleaned\test\B2\B2.08.Tu-Du_43_patch_3_4.jpg,B2,A1,0.3835
processed_data_cleaned\test\B2\B2.08.Tu-Du_44_patch_0_5.jpg,B2,A2,0.3327
processed_data_cleaned\test\B2\B2.08.Tu-Du_44_patch_1_4.jpg,B2,B1,0.5504
processed_data_cleaned\test\B2\B2.08.Tu-Du_44_patch_1_5.jpg,B2,A1,0.6528
processed_data_cleaned\test\B2\B2.08.Tu-Du_44_patch_2_1.jpg,B2,B1,0.4924
processed_data_cleaned\test\B2\B2.08.Tu-Du_44_patch_2_4.jpg,B2,A2,0.5552
processed_data_cleaned\test\B2\B2.08.Tu-Du_44_patch_2_5.jpg,B2,A1,0.6945
processed_data_cleaned\test\B2\B2.08.Tu-Du_44_patch_3_3.jpg,B2,B1,0.6166
processed_data_cleaned\test\B2\B2.08.Tu-Du_44_patch_3_5.jpg,B2,A1,0.7245
processed_data_cleaned\test\B2\DSC01893_patch_0_4.jpg,B2,B1,0.4769
processed_data_cleaned\test\B2\DSC01893_patch_1_1.jpg,B2,A2,0.4082
processed_data_cleaned\test\B2\DSC01893_patch_1_3.jpg,B2,B1,0.7576
processed_data_cleaned\test\B2\DSC01893_patch_2_3.jpg,B2,B1,0.7519
processed_data_cleaned\test\B2\DSC01893_patch_3_3.jpg,B2,B1,0.5668
processed_data_cleaned\test\B2\DSC01894_patch_0_0.jpg,B2,A1,0.3342
processed_data_cleaned\test\B2\DSC01894_patch_0_2.jpg,B2,B1,0.5167
processed_data_cleaned\test\B2\DSC01894_patch_1_1.jpg,B2,B1,0.6808
processed_data_cleaned\test\B2\DSC01894_patch_2_1.jpg,B2,B1,0.5209
processed_data_cleaned\test\B2\DSC01894_patch_2_4.jpg,B2,A1,0.9183
processed_data_cleaned\test\B2\DSC01894_patch_3_1.jpg,B2,B1,0.481
processed_data_cleaned\test\B2\DSC01894_patch_3_2.jpg,B2,B1,0.6407
processed_data_cleaned\test\B2\DSC01899_patch_0_2.jpg,B2,B1,0.9262
processed_data_cleaned\test\B2\DSC01899_patch_0_3.jpg,B2,A2,0.438
processed_data_cleaned\test\B2\DSC01899_patch_0_4.jpg,B2,A2,0.9423
processed_data_cleaned\test\B2\DSC01899_patch_0_5.jpg,B2,A1,0.9954
processed_data_cleaned\test\B2\DSC01899_patch_1_2.jpg,B2,A2,0.6129
processed_data_cleaned\test\B2\DSC01899_patch_1_3.jpg,B2,A2,0.5367
processed_data_cleaned\test\B2\DSC01899_patch_2_0.jpg,B2,A2,0.501
processed_data_cleaned\test\B2\DSC01899_patch_2_4.jpg,B2,A1,0.3762
processed_data_cleaned\test\B2\DSC01899_patch_3_0.jpg,B2,B1,0.8188
processed_data_cleaned\test\B2\DSC01899_patch_3_1.jpg,B2,A1,0.9377
processed_data_cleaned\test\B2\DSC01899_patch_3_2.jpg,B2,A1,0.6252
processed_data_cleaned\test\B2\DSC01900_patch_0_2.jpg,B2,A2,0.6357
processed_data_cleaned\test\B2\DSC01900_patch_0_3.jpg,B2,A2,0.3336
processed_data_cleaned\test\B2\DSC01900_patch_0_4.jpg,B2,A2,0.615
processed_data_cleaned\test\B2\DSC01900_patch_0_5.jpg,B2,A2,0.5858
processed_data_cleaned\test\B2\DSC01900_patch_1_1.jpg,B2,B1,0.4951
processed_data_cleaned\test\B2\DSC01900_patch_1_2.jpg,B2,A2,0.669
processed_data_cleaned\test\B2\DSC01900_patch_1_5.jpg,B2,A2,0.7767
processed_data_cleaned\test\B2\DSC01900_patch_2_0.jpg,B2,B1,0.6183
processed_data_cleaned\test\B2\DSC01900_patch_2_1.jpg,B2,B1,0.897
processed_data_cleaned\test\B2\DSC01900_patch_2_2.jpg,B2,B1,0.7018
processed_data_cleaned\test\B2\DSC01900_patch_2_3.jpg,B2,B1,0.9612
processed_data_cleaned\test\B2\DSC01900_patch_2_4.jpg,B2,A2,0.4242
processed_data_cleaned\test\B2\DSC01900_patch_2_5.jpg,B2,B1,0.5949
processed_data_cleaned\test\B2\DSC01901_patch_0_2.jpg,B2,A2,0.6816
processed_data_cleaned\test\B2\DSC01901_patch_0_4.jpg,B2,A2,0.5512
processed_data_cleaned\test\B2\DSC01901_patch_1_0.jpg,B2,A2,0.6572
processed_data_cleaned\test\B2\DSC01901_patch_1_2.jpg,B2,A2,0.4402
processed_data_cleaned\test\B2\DSC01901_patch_2_0.jpg,B2,B1,0.6444
processed_data_cleaned\test\B2\DSC01901_patch_2_1.jpg,B2,B1,0.8015
processed_data_cleaned\test\B2\DSC01901_patch_2_3.jpg,B2,B1,0.9933
processed_data_cleaned\test\B2\DSC01901_patch_2_4.jpg,B2,B1,0.4887
processed_data_cleaned\test\B2\DSC01901_patch_2_5.jpg,B2,B1,0.6601
processed_data_cleaned\test\B2\DSC01901_patch_3_2.jpg,B2,A1,0.6122
processed_data_cleaned\test\B2\DSC01901_patch_3_3.jpg,B2,A1,0.7115
processed_data_cleaned\test\B2\DSC01905_patch_0_0.jpg,B2,B1,0.5068
processed_data_cleaned\test\B2\DSC01905_patch_0_1.jpg,B2,B1,0.8932
processed_data_cleaned\test\B2\DSC01905_patch_0_3.jpg,B2,B1,0.9388
processed_data_cleaned\test\B2\DSC01905_patch_0_4.jpg,B2,B1,0.5587
processed_data_cleaned\test\B2\DSC01905_patch_1_3.jpg,B2,A1,0.7684
processed_data_cleaned\test\B2\DSC01905_patch_2_4.jpg,B2,A1,0.7595
processed_data_cleaned\test\B2\DSC01905_patch_3_0.jpg,B2,B1,0.5086
processed_data_cleaned\test\B2\DSC01905_patch_3_4.jpg,B2,B1,0.6593
processed_data_cleaned\test\B2\DSC01905_patch_3_5.jpg,B2,B1,0.6058
processed_data_cleaned\test\B2\DSC01906_patch_0_0.jpg,B2,A2,0.5324
processed_data_cleaned\test\B2\DSC01906_patch_0_1.jpg,B2,A2,0.7895
processed_data_cleaned\test\B2\DSC01906_patch_0_3.jpg,B2,A2,0.6309
processed_data_cleaned\test\B2\DSC01906_patch_1_1.jpg,B2,A1,0.755
processed_data_cleaned\test\B2\DSC01906_patch_1_4.jpg,B2,B1,0.5368
processed_data_cleaned\test\B2\DSC01906_patch_2_3.jpg,B2,B1,0.9547
processed_data_cleaned\test\B2\DSC01906_patch_2_4.jpg,B2,A1,0.959
processed_data_cleaned\test\B2\DSC01906_patch_3_1.jpg,B2,A1,0.5203
processed_data_cleaned\test\B2\DSC01906_patch_3_2.jpg,B2,A2,0.9883
processed_data_cleaned\test\B2\DSC01906_patch_3_3.jpg,B2,A2,0.5698
processed_data_cleaned\test\B2\DSC01906_patch_3_4.jpg,B2,A1,0.6211
processed_data_cleaned\test\B2\DSC01908_patch_0_0.jpg,B2,A1,0.3919
processed_data_cleaned\test\B2\DSC01908_patch_0_2.jpg,B2,B1,0.8339
processed_data_cleaned\test\B2\DSC01908_patch_0_3.jpg,B2,B1,0.6054
processed_data_cleaned\test\B2\DSC01908_patch_0_4.jpg,B2,A1,0.7344
processed_data_cleaned\test\B2\DSC01908_patch_1_0.jpg,B2,A2,0.6466
processed_data_cleaned\test\B2\DSC01908_patch_2_4.jpg,B2,A2,0.5534
processed_data_cleaned\test\B2\DSC01908_patch_2_5.jpg,B2,A2,0.8
processed_data_cleaned\test\B2\DSC01908_patch_3_1.jpg,B2,B1,0.7007
processed_data_cleaned\test\B2\DSC01908_patch_3_4.jpg,B2,A2,0.8118
processed_data_cleaned\test\B2\DSC01909_patch_0_4.jpg,B2,A1,0.8914
processed_data_cleaned\test\B2\DSC01909_patch_1_2.jpg,B2,B1,0.8616
processed_data_cleaned\test\B2\DSC01909_patch_1_3.jpg,B2,B1,0.7935
processed_data_cleaned\test\B2\DSC01909_patch_1_4.jpg,B2,A1,0.5094
processed_data_cleaned\test\B2\DSC01909_patch_1_5.jpg,B2,B1,0.3763
processed_data_cleaned\test\B2\DSC01909_patch_2_4.jpg,B2,A2,0.5247
processed_data_cleaned\test\B2\DSC01909_patch_3_4.jpg,B2,A2,0.8055
processed_data_cleaned\test\B2\DSC01910_patch_0_0.jpg,B2,B1,0.4217
processed_data_cleaned\test\B2\DSC01910_patch_0_1.jpg,B2,B1,0.5669
processed_data_cleaned\test\B2\DSC01910_patch_0_4.jpg,B2,A2,0.585
processed_data_cleaned\test\B2\DSC01910_patch_0_5.jpg,B2,A2,0.5914
processed_data_cleaned\test\B2\DSC01910_patch_1_3.jpg,B2,A2,0.5492
processed_data_cleaned\test\B2\DSC01910_patch_1_5.jpg,B2,A2,0.3957
processed_data_cleaned\test\B2\DSC01910_patch_2_0.jpg,B2,A1,0.5771
processed_data_cleaned\test\B2\DSC01910_patch_2_1.jpg,B2,B1,0.687
processed_data_cleaned\test\B2\DSC01910_patch_2_2.jpg,B2,B1,0.6291
processed_data_cleaned\test\B2\DSC01910_patch_2_3.jpg,B2,B1,0.8773
processed_data_cleaned\test\B2\DSC01910_patch_2_5.jpg,B2,B1,0.8376
processed_data_cleaned\test\B2\DSC01910_patch_3_0.jpg,B2,B1,0.5117
processed_data_cleaned\test\B2\DSC02087_patch_1_1.jpg,B2,B1,0.9115
processed_data_cleaned\test\B2\DSC02087_patch_1_4.jpg,B2,B1,0.9939
processed_data_cleaned\test\B2\DSC02087_patch_2_2.jpg,B2,B1,0.548
processed_data_cleaned\test\B2\DSC02087_patch_2_3.jpg,B2,B1,0.9168
processed_data_cleaned\test\B2\DSC02087_patch_2_5.jpg,B2,B1,0.5089
processed_data_cleaned\test\B2\DSC02087_patch_3_1.jpg,B2,B1,0.9136
processed_data_cleaned\test\B2\DSC02087_patch_3_3.jpg,B2,B1,0.9291
processed_data_cleaned\test\B2\DSC02088_patch_1_1.jpg,B2,B1,0.9604
processed_data_cleaned\test\B2\DSC02088_patch_1_2.jpg,B2,B1,0.3763
processed_data_cleaned\test\B2\DSC02088_patch_1_3.jpg,B2,B1,0.9645
processed_data_cleaned\test\B2\DSC02088_patch_1_4.jpg,B2,B1,0.9807
processed_data_cleaned\test\B2\DSC02088_patch_2_3.jpg,B2,B1,0.9388
processed_data_cleaned\test\B2\DSC02088_patch_3_1.jpg,B2,B1,0.7837
processed_data_cleaned\test\B2\DSC02088_patch_3_3.jpg,B2,B1,0.8176
processed_data_cleaned\test\B2\DSC02090_patch_0_0.jpg,B2,B1,0.7068
processed_data_cleaned\test\B2\DSC02090_patch_0_3.jpg,B2,B1,0.982
processed_data_cleaned\test\B2\DSC02090_patch_0_4.jpg,B2,B1,0.9697
processed_data_cleaned\test\B2\DSC02090_patch_1_1.jpg,B2,B1,0.9046
processed_data_cleaned\test\B2\DSC02090_patch_1_3.jpg,B2,B1,0.9918
processed_data_cleaned\test\B2\DSC02090_patch_1_4.jpg,B2,B1,0.9923
processed_data_cleaned\test\B2\DSC02090_patch_2_2.jpg,B2,B1,0.538
processed_data_cleaned\test\B2\DSC02090_patch_2_3.jpg,B2,B1,0.5202
processed_data_cleaned\test\B2\DSC02090_patch_3_2.jpg,B2,B1,0.9629
processed_data_cleaned\test\B2\DSC02090_patch_3_3.jpg,B2,B1,0.9822
processed_data_cleaned\test\B2\DSC02090_patch_3_4.jpg,B2,A1,0.462
processed_data_cleaned\test\B2\DSC02091_patch_0_0.jpg,B2,B1,0.8367
processed_data_cleaned\test\B2\DSC02091_patch_0_1.jpg,B2,B1,0.9846
processed_data_cleaned\test\B2\DSC02091_patch_0_3.jpg,B2,B1,0.8313
processed_data_cleaned\test\B2\DSC02091_patch_0_4.jpg,B2,B1,0.9116
processed_data_cleaned\test\B2\DSC02091_patch_1_1.jpg,B2,B1,0.8883
processed_data_cleaned\test\B2\DSC02091_patch_1_3.jpg,B2,B1,0.9736
processed_data_cleaned\test\B2\DSC02091_patch_3_2.jpg,B2,B1,0.9779
processed_data_cleaned\test\B2\DSC02091_patch_3_3.jpg,B2,B1,0.8552
processed_data_cleaned\test\B2\DSC02091_patch_3_4.jpg,B2,A1,0.4711
processed_data_cleaned\test\B2\DSC02092_patch_0_0.jpg,B2,A2,0.4982
processed_data_cleaned\test\B2\DSC02092_patch_1_0.jpg,B2,A1,0.5062
processed_data_cleaned\test\B2\DSC02092_patch_2_0.jpg,B2,A2,0.491
processed_data_cleaned\test\B2\DSC02092_patch_3_0.jpg,B2,A2,0.3184
processed_data_cleaned\test\B2\DSC02093_patch_0_0.jpg,B2,A2,0.5588
processed_data_cleaned\test\B2\DSC02093_patch_0_1.jpg,B2,B1,0.4773
processed_data_cleaned\test\B2\DSC02093_patch_0_2.jpg,B2,A2,0.7047
processed_data_cleaned\test\B2\DSC02093_patch_1_0.jpg,B2,A2,0.52
processed_data_cleaned\test\B2\DSC02093_patch_1_1.jpg,B2,A2,0.6708
processed_data_cleaned\test\B2\DSC02093_patch_1_2.jpg,B2,A2,0.566
processed_data_cleaned\test\B2\DSC02093_patch_2_0.jpg,B2,A2,0.4697
processed_data_cleaned\test\B2\DSC02093_patch_3_1.jpg,B2,A1,0.4251
processed_data_cleaned\test\B2\DSC02093_patch_3_2.jpg,B2,A2,0.6811
processed_data_cleaned\test\B2\DSC02094_patch_0_1.jpg,B2,A1,0.6346
processed_data_cleaned\test\B2\DSC02094_patch_2_0.jpg,B2,A1,0.3884
processed_data_cleaned\test\B2\DSC02094_patch_2_1.jpg,B2,B1,0.3272
processed_data_cleaned\test\B2\DSC02094_patch_2_2.jpg,B2,A1,0.4578
processed_data_cleaned\test\B2\DSC02094_patch_2_4.jpg,B2,A1,0.7121
processed_data_cleaned\test\B2\DSC02094_patch_3_1.jpg,B2,A2,0.4796
processed_data_cleaned\test\B2\DSC02094_patch_3_3.jpg,B2,A1,0.6819
processed_data_cleaned\test\B2\DSC02094_patch_3_4.jpg,B2,A1,0.7498
processed_data_cleaned\test\B2\DSC02096_patch_0_1.jpg,B2,B1,0.3667
processed_data_cleaned\test\B2\DSC02096_patch_1_1.jpg,B2,A1,0.5913
processed_data_cleaned\test\B2\DSC02096_patch_1_3.jpg,B2,B1,0.9064
processed_data_cleaned\test\B2\DSC02096_patch_2_1.jpg,B2,A2,0.4967
processed_data_cleaned\test\B2\DSC02096_patch_2_2.jpg,B2,B1,0.3919
processed_data_cleaned\test\B2\DSC02096_patch_3_3.jpg,B2,A2,0.3426
processed_data_cleaned\test\B2\DSC02098_patch_0_1.jpg,B2,A2,0.5338
processed_data_cleaned\test\B2\DSC02098_patch_0_3.jpg,B2,B1,0.5579
processed_data_cleaned\test\B2\DSC02098_patch_1_1.jpg,B2,A1,0.53
processed_data_cleaned\test\B2\DSC02098_patch_2_0.jpg,B2,B1,0.8411
processed_data_cleaned\test\B2\DSC02098_patch_2_1.jpg,B2,A2,0.3835
processed_data_cleaned\test\B2\DSC02098_patch_2_2.jpg,B2,B1,0.6915
processed_data_cleaned\test\B2\DSC02098_patch_2_3.jpg,B2,A1,0.3794
processed_data_cleaned\test\B2\DSC02099_patch_0_1.jpg,B2,B1,0.6302
processed_data_cleaned\test\B2\DSC02099_patch_0_3.jpg,B2,B1,0.5017
processed_data_cleaned\test\B2\DSC02099_patch_1_1.jpg,B2,A1,0.5506
processed_data_cleaned\test\B2\DSC02099_patch_1_2.jpg,B2,B1,0.7314
processed_data_cleaned\test\B2\DSC02099_patch_2_0.jpg,B2,B1,0.7352
processed_data_cleaned\test\B2\DSC02099_patch_2_2.jpg,B2,B1,0.7631
processed_data_cleaned\test\B2\DSC02100_patch_2_0.jpg,B2,B1,0.7728
processed_data_cleaned\test\B2\DSC02100_patch_2_3.jpg,B2,A1,0.5334
processed_data_cleaned\test\B2\DSC02100_patch_3_0.jpg,B2,B1,0.5316
processed_data_cleaned\test\B2\DSC02100_patch_3_1.jpg,B2,A1,0.4245
processed_data_cleaned\test\B2\DSC02100_patch_3_2.jpg,B2,A1,0.6718
processed_data_cleaned\test\B2\DSC02101_patch_0_4.jpg,B2,A1,0.3616
processed_data_cleaned\test\B2\DSC02101_patch_0_5.jpg,B2,A1,0.4939
processed_data_cleaned\test\B2\DSC02101_patch_2_1.jpg,B2,A2,0.488
processed_data_cleaned\test\B2\DSC02101_patch_2_3.jpg,B2,A1,0.5288
processed_data_cleaned\test\B2\DSC02101_patch_3_0.jpg,B2,A2,0.4904
processed_data_cleaned\test\B2\DSC02101_patch_3_1.jpg,B2,A2,0.5993
processed_data_cleaned\test\B2\DSC02101_patch_3_2.jpg,B2,A1,0.7937
processed_data_cleaned\test\B2\DSC02101_patch_3_3.jpg,B2,A1,0.5474
processed_data_cleaned\test\B2\DSC02102_patch_2_1.jpg,B2,A1,0.6194
processed_data_cleaned\test\B2\DSC02105_patch_0_0.jpg,B2,B1,0.8274
processed_data_cleaned\test\B2\DSC02105_patch_0_1.jpg,B2,B1,0.5316
processed_data_cleaned\test\B2\DSC02105_patch_0_3.jpg,B2,B1,0.6336
processed_data_cleaned\test\B2\DSC02105_patch_1_1.jpg,B2,B1,0.9965
processed_data_cleaned\test\B2\DSC02105_patch_1_2.jpg,B2,B1,0.7079
processed_data_cleaned\test\B2\DSC02105_patch_2_1.jpg,B2,B1,0.6135
processed_data_cleaned\test\B2\DSC02105_patch_3_0.jpg,B2,B1,0.5429
processed_data_cleaned\test\B2\DSC02105_patch_3_2.jpg,B2,B1,0.9354
processed_data_cleaned\test\B2\DSC02106_patch_0_2.jpg,B2,B1,0.769
processed_data_cleaned\test\B2\DSC02106_patch_0_3.jpg,B2,B1,0.5847
processed_data_cleaned\test\B2\DSC02106_patch_1_2.jpg,B2,B1,0.8818
processed_data_cleaned\test\B2\DSC02106_patch_1_3.jpg,B2,B1,0.7845
processed_data_cleaned\test\B2\DSC02106_patch_3_1.jpg,B2,B1,0.5377
processed_data_cleaned\test\B2\DSC02106_patch_3_2.jpg,B2,A1,0.7187
processed_data_cleaned\test\B2\DSC02107_patch_0_2.jpg,B2,B1,0.8502
processed_data_cleaned\test\B2\DSC02107_patch_0_4.jpg,B2,B1,0.7182
processed_data_cleaned\test\B2\DSC02107_patch_1_2.jpg,B2,B1,0.7576
processed_data_cleaned\test\B2\DSC02107_patch_1_3.jpg,B2,B1,0.8226
processed_data_cleaned\test\B2\DSC02107_patch_3_1.jpg,B2,B1,0.5442
processed_data_cleaned\test\B2\DSC02107_patch_3_2.jpg,B2,A1,0.5389
processed_data_cleaned\test\B2\DSC02108_patch_0_1.jpg,B2,B1,0.3904
processed_data_cleaned\test\B2\DSC02108_patch_0_2.jpg,B2,A2,0.6628
processed_data_cleaned\test\B2\DSC02108_patch_0_3.jpg,B2,B1,0.8724
processed_data_cleaned\test\B2\DSC02108_patch_1_1.jpg,B2,B1,0.9394
processed_data_cleaned\test\B2\DSC02108_patch_1_2.jpg,B2,A2,0.4791
processed_data_cleaned\test\B2\DSC02108_patch_1_3.jpg,B2,B1,0.859
processed_data_cleaned\test\B2\DSC02108_patch_2_2.jpg,B2,B1,0.5734
processed_data_cleaned\test\B2\DSC02108_patch_2_3.jpg,B2,B1,0.991
processed_data_cleaned\test\B2\DSC02108_patch_3_0.jpg,B2,B1,0.9419
processed_data_cleaned\test\B2\DSC02108_patch_3_1.jpg,B2,B1,0.988
processed_data_cleaned\test\B2\DSC02108_patch_3_2.jpg,B2,B1,0.6794
processed_data_cleaned\test\B2\DSC02108_patch_3_4.jpg,B2,B1,0.5662
processed_data_cleaned\test\B2\DSC02109_patch_0_2.jpg,B2,B1,0.5821
processed_data_cleaned\test\B2\DSC02109_patch_0_3.jpg,B2,B1,0.9424
processed_data_cleaned\test\B2\DSC02109_patch_1_2.jpg,B2,A2,0.3644
processed_data_cleaned\test\B2\DSC02109_patch_1_3.jpg,B2,B1,0.9825
processed_data_cleaned\test\B2\DSC02109_patch_2_3.jpg,B2,B1,0.8904
processed_data_cleaned\test\B2\DSC02109_patch_3_1.jpg,B2,B1,0.9909
processed_data_cleaned\test\B2\DSC02109_patch_3_3.jpg,B2,A2,0.3888
processed_data_cleaned\test\B2\DSC02109_patch_3_4.jpg,B2,B1,0.4447
processed_data_cleaned\test\B2\DSC02110_patch_0_2.jpg,B2,B1,0.6606
processed_data_cleaned\test\B2\DSC02110_patch_0_4.jpg,B2,B1,0.36
processed_data_cleaned\test\B2\DSC02110_patch_1_2.jpg,B2,A2,0.8777
processed_data_cleaned\test\B2\DSC02110_patch_2_1.jpg,B2,B1,0.996
processed_data_cleaned\test\B2\DSC02110_patch_2_2.jpg,B2,B1,0.3809
processed_data_cleaned\test\B2\DSC02110_patch_2_3.jpg,B2,B1,0.4486
processed_data_cleaned\test\B2\DSC02110_patch_2_4.jpg,B2,B1,0.6125
processed_data_cleaned\test\B2\DSC02110_patch_3_0.jpg,B2,B1,0.9626
processed_data_cleaned\test\B2\DSC02110_patch_3_1.jpg,B2,B1,0.6302
processed_data_cleaned\test\B2\DSC02110_patch_3_2.jpg,B2,A1,0.9678
processed_data_cleaned\test\B2\DSC02111_patch_0_2.jpg,B2,B1,0.8991
processed_data_cleaned\test\B2\DSC02111_patch_1_2.jpg,B2,B1,0.508
processed_data_cleaned\test\B2\DSC02111_patch_2_1.jpg,B2,B1,0.995
processed_data_cleaned\test\B2\DSC02111_patch_2_2.jpg,B2,B1,0.6011
processed_data_cleaned\test\B2\DSC02111_patch_2_3.jpg,B2,B1,0.4642
processed_data_cleaned\test\B2\DSC02111_patch_3_0.jpg,B2,B1,0.8411
processed_data_cleaned\test\B2\DSC02111_patch_3_1.jpg,B2,B1,0.8703
processed_data_cleaned\test\B2\DSC02111_patch_3_2.jpg,B2,A1,0.9754
processed_data_cleaned\test\B2\DSC02112_patch_0_2.jpg,B2,B1,0.9202
processed_data_cleaned\test\B2\DSC02112_patch_0_3.jpg,B2,B1,0.8459
processed_data_cleaned\test\B2\DSC02112_patch_1_2.jpg,B2,A2,0.5048
processed_data_cleaned\test\B2\DSC02112_patch_2_0.jpg,B2,B1,0.6045
processed_data_cleaned\test\B2\DSC02112_patch_2_2.jpg,B2,B1,0.6671
processed_data_cleaned\test\B2\DSC02112_patch_2_3.jpg,B2,B1,0.4923
processed_data_cleaned\test\B2\DSC02112_patch_3_0.jpg,B2,B1,0.8771
processed_data_cleaned\test\B2\DSC02112_patch_3_1.jpg,B2,B1,0.5153
processed_data_cleaned\test\B2\DSC02112_patch_3_3.jpg,B2,A1,0.6583
processed_data_cleaned\test\B2\DSC02113_patch_0_2.jpg,B2,B1,0.9397
processed_data_cleaned\test\B2\DSC02113_patch_1_2.jpg,B2,B1,0.5992
processed_data_cleaned\test\B2\DSC02113_patch_2_1.jpg,B2,B1,0.4668
processed_data_cleaned\test\B2\DSC02113_patch_2_2.jpg,B2,B1,0.5346
processed_data_cleaned\test\B2\DSC02113_patch_3_3.jpg,B2,A1,0.7556
processed_data_cleaned\test\B2\DSC02114_patch_0_1.jpg,B2,B1,0.5374
processed_data_cleaned\test\B2\DSC02114_patch_0_2.jpg,B2,B1,0.7546
processed_data_cleaned\test\B2\DSC02114_patch_0_3.jpg,B2,B1,0.8632
processed_data_cleaned\test\B2\DSC02114_patch_1_2.jpg,B2,A2,0.5771
processed_data_cleaned\test\B2\DSC02114_patch_2_1.jpg,B2,B1,0.7843
processed_data_cleaned\test\B2\DSC02114_patch_2_2.jpg,B2,A2,0.7902
processed_data_cleaned\test\B2\DSC02114_patch_2_3.jpg,B2,B1,0.7616
processed_data_cleaned\test\B2\DSC02114_patch_3_0.jpg,B2,B1,0.9005
processed_data_cleaned\test\B2\DSC02114_patch_3_1.jpg,B2,B1,0.8624
processed_data_cleaned\test\B2\DSC02114_patch_3_3.jpg,B2,A1,0.5948
processed_data_cleaned\test\B2\DSC02115_patch_0_2.jpg,B2,B1,0.9602
processed_data_cleaned\test\B2\DSC02115_patch_1_2.jpg,B2,A1,0.6365
processed_data_cleaned\test\B2\DSC02115_patch_1_3.jpg,B2,A1,0.9292
processed_data_cleaned\test\B2\DSC02115_patch_1_4.jpg,B2,B1,0.9621
processed_data_cleaned\test\B2\DSC02115_patch_2_4.jpg,B2,B1,0.7988
processed_data_cleaned\test\B2\DSC02116_patch_0_2.jpg,B2,B1,0.9756
processed_data_cleaned\test\B2\DSC02116_patch_1_2.jpg,B2,B1,0.6414
processed_data_cleaned\test\B2\DSC02116_patch_1_3.jpg,B2,A1,0.8519
processed_data_cleaned\test\B2\DSC02116_patch_1_4.jpg,B2,B1,0.9484
processed_data_cleaned\test\B2\DSC02116_patch_2_4.jpg,B2,B1,0.8332
processed_data_cleaned\test\B2\DSC02117_patch_1_1.jpg,B2,B1,0.8338
processed_data_cleaned\test\B2\DSC02118_patch_1_4.jpg,B2,B1,0.4662
processed_data_cleaned\test\B2\DSC02118_patch_2_3.jpg,B2,B1,0.9662
processed_data_cleaned\test\B2\DSC02118_patch_3_2.jpg,B2,B1,0.9808
processed_data_cleaned\test\B2\DSC02118_patch_3_3.jpg,B2,A1,0.4893
processed_data_cleaned\test\B2\DSC02119_patch_0_4.jpg,B2,B1,0.5039
processed_data_cleaned\test\B2\DSC02119_patch_1_4.jpg,B2,B1,0.5951
processed_data_cleaned\test\B2\DSC02119_patch_2_1.jpg,B2,B1,0.7363
processed_data_cleaned\test\B2\DSC02119_patch_3_2.jpg,B2,B1,0.9782
processed_data_cleaned\test\B2\DSC02120_patch_0_1.jpg,B2,B1,0.4961
processed_data_cleaned\test\B2\DSC02120_patch_1_4.jpg,B2,A1,0.468
processed_data_cleaned\test\B2\DSC02120_patch_2_0.jpg,B2,A1,0.4104
processed_data_cleaned\test\B2\DSC02120_patch_3_2.jpg,B2,B1,0.617
processed_data_cleaned\test\B2\DSC02121_patch_0_2.jpg,B2,A1,0.6859
processed_data_cleaned\test\B2\DSC02121_patch_1_2.jpg,B2,A1,0.6981
processed_data_cleaned\test\B2\DSC02121_patch_1_4.jpg,B2,A1,0.8112
processed_data_cleaned\test\B2\DSC02121_patch_3_0.jpg,B2,A1,0.8231
processed_data_cleaned\test\B2\DSC02121_patch_3_2.jpg,B2,B1,0.6807
processed_data_cleaned\test\B2\DSC02123_patch_2_0.jpg,B2,A2,0.8602
processed_data_cleaned\test\B2\DSC02123_patch_2_1.jpg,B2,B1,0.9273
processed_data_cleaned\test\B2\DSC02123_patch_2_2.jpg,B2,B1,0.626
processed_data_cleaned\test\B2\DSC02123_patch_2_3.jpg,B2,A1,0.4229
processed_data_cleaned\test\B2\DSC02123_patch_2_5.jpg,B2,B1,0.49
processed_data_cleaned\test\B2\DSC02123_patch_3_0.jpg,B2,A2,0.5018
processed_data_cleaned\test\B2\DSC02124_patch_1_4.jpg,B2,A1,0.4938
processed_data_cleaned\test\B2\DSC02124_patch_2_1.jpg,B2,B1,0.6782
processed_data_cleaned\test\B2\DSC02124_patch_2_3.jpg,B2,B1,0.4904
processed_data_cleaned\test\B2\DSC02124_patch_2_5.jpg,B2,A1,0.6802
processed_data_cleaned\test\B2\DSC02125_patch_0_2.jpg,B2,A1,0.5636
processed_data_cleaned\test\B2\DSC02125_patch_0_3.jpg,B2,B1,0.4159
processed_data_cleaned\test\B2\DSC02125_patch_0_4.jpg,B2,B1,0.6428
processed_data_cleaned\test\B2\DSC02125_patch_2_4.jpg,B2,A1,0.4009
processed_data_cleaned\test\B2\DSC02125_patch_3_2.jpg,B2,B1,0.7149
processed_data_cleaned\test\B2\DSC02129_patch_1_0.jpg,B2,A2,0.4288
processed_data_cleaned\test\B2\DSC02130_patch_0_4.jpg,B2,A1,0.5152
processed_data_cleaned\test\B2\DSC02130_patch_1_1.jpg,B2,B1,0.7331
processed_data_cleaned\test\B2\DSC02130_patch_3_4.jpg,B2,B1,0.5576
processed_data_cleaned\test\B2\DSC02131_patch_1_0.jpg,B2,B1,0.7549
processed_data_cleaned\test\B2\DSC02131_patch_2_4.jpg,B2,B1,0.6528
processed_data_cleaned\test\B2\DSC02131_patch_3_2.jpg,B2,B1,0.4402
processed_data_cleaned\test\B2\DSC02132_patch_0_5.jpg,B2,A2,0.5547
processed_data_cleaned\test\B2\DSC02132_patch_1_0.jpg,B2,B1,0.5189
processed_data_cleaned\test\B2\DSC02136_patch_3_2.jpg,B2,B1,0.7124
processed_data_cleaned\test\B2\DSC02137_patch_0_1.jpg,B2,A2,0.4234
processed_data_cleaned\test\B2\DSC02137_patch_0_3.jpg,B2,B1,0.4783
processed_data_cleaned\test\B2\DSC02137_patch_3_1.jpg,B2,B1,0.3953
processed_data_cleaned\test\B2\DSC02138_patch_0_0.jpg,B2,B1,0.3563
processed_data_cleaned\test\B2\DSC02138_patch_0_1.jpg,B2,B1,0.4264
processed_data_cleaned\test\B2\DSC02138_patch_1_1.jpg,B2,B1,0.5527
processed_data_cleaned\test\B2\DSC02138_patch_2_1.jpg,B2,B1,0.632
processed_data_cleaned\test\B2\DSC02138_patch_2_3.jpg,B2,B1,0.6471
processed_data_cleaned\test\B2\DSC02138_patch_3_1.jpg,B2,A2,0.4694
processed_data_cleaned\test\B2\DSC02138_patch_3_2.jpg,B2,A2,0.3599
processed_data_cleaned\test\B2\DSC02138_patch_3_4.jpg,B2,A1,0.7455
processed_data_cleaned\test\B2\DSC02139_patch_0_2.jpg,B2,A1,0.8906
processed_data_cleaned\test\B2\DSC02139_patch_1_1.jpg,B2,B1,0.7947
processed_data_cleaned\test\B2\DSC02139_patch_3_0.jpg,B2,A2,0.4321
processed_data_cleaned\test\B2\DSC02139_patch_3_1.jpg,B2,A2,0.482
processed_data_cleaned\test\B2\DSC02140_patch_0_0.jpg,B2,B1,0.5114
processed_data_cleaned\test\B2\DSC02140_patch_1_0.jpg,B2,A2,0.9119
processed_data_cleaned\test\B2\DSC02140_patch_1_1.jpg,B2,B1,0.4717
processed_data_cleaned\test\B2\DSC02140_patch_2_2.jpg,B2,B1,0.5235
processed_data_cleaned\test\B2\DSC02140_patch_2_3.jpg,B2,A2,0.4783
processed_data_cleaned\test\B2\DSC02140_patch_3_0.jpg,B2,B1,0.6482
processed_data_cleaned\test\B2\DSC02140_patch_3_1.jpg,B2,A1,0.7109
processed_data_cleaned\test\B2\DSC02141_patch_0_2.jpg,B2,A1,0.6998
processed_data_cleaned\test\B2\DSC02141_patch_1_1.jpg,B2,B1,0.7337
processed_data_cleaned\test\B2\DSC02141_patch_2_0.jpg,B2,A2,0.8326
processed_data_cleaned\test\B2\DSC02141_patch_2_1.jpg,B2,A2,0.5336
processed_data_cleaned\test\B2\DSC02141_patch_2_2.jpg,B2,A1,0.6284
processed_data_cleaned\test\B2\DSC02141_patch_2_3.jpg,B2,B1,0.4967
processed_data_cleaned\test\B2\DSC02141_patch_3_0.jpg,B2,A2,0.6702
processed_data_cleaned\test\B2\DSC02141_patch_3_1.jpg,B2,A1,0.5794
processed_data_cleaned\test\B2\DSC02142_patch_0_1.jpg,B2,B1,0.7119
processed_data_cleaned\test\B2\DSC02142_patch_2_0.jpg,B2,B1,0.6892
processed_data_cleaned\test\B2\DSC02143_patch_0_4.jpg,B2,A1,0.5529
processed_data_cleaned\test\B2\DSC02143_patch_1_2.jpg,B2,B1,0.619
processed_data_cleaned\test\B2\DSC02143_patch_1_3.jpg,B2,A1,0.5551
processed_data_cleaned\test\B2\DSC02144_patch_0_0.jpg,B2,A2,0.6425
processed_data_cleaned\test\B2\DSC02144_patch_0_1.jpg,B2,A2,0.4198
processed_data_cleaned\test\B2\DSC02144_patch_1_1.jpg,B2,A2,0.8717
processed_data_cleaned\test\B2\DSC02144_patch_1_2.jpg,B2,A2,0.5501
processed_data_cleaned\test\B2\DSC02144_patch_2_1.jpg,B2,B1,0.5547
processed_data_cleaned\test\B2\DSC02144_patch_3_0.jpg,B2,B1,0.9862
processed_data_cleaned\test\B2\DSC02144_patch_3_3.jpg,B2,B1,0.5643
processed_data_cleaned\test\B2\DSC02144_patch_3_4.jpg,B2,B1,0.7498
processed_data_cleaned\test\B2\DSC02145_patch_0_0.jpg,B2,A1,0.3862
processed_data_cleaned\test\B2\DSC02145_patch_1_0.jpg,B2,A2,0.3942
processed_data_cleaned\test\B2\DSC02145_patch_1_1.jpg,B2,A2,0.8433
processed_data_cleaned\test\B2\DSC02145_patch_2_0.jpg,B2,B1,0.4871
processed_data_cleaned\test\B2\DSC02145_patch_3_0.jpg,B2,B1,0.9947
processed_data_cleaned\test\B2\DSC02145_patch_3_2.jpg,B2,B1,0.5012
processed_data_cleaned\test\B2\DSC02145_patch_3_3.jpg,B2,B1,0.7116
processed_data_cleaned\test\B2\DSC02146_patch_0_1.jpg,B2,B1,0.4624
processed_data_cleaned\test\B2\DSC02146_patch_0_3.jpg,B2,B1,0.7042
processed_data_cleaned\test\B2\DSC02146_patch_1_1.jpg,B2,B1,0.8073
processed_data_cleaned\test\B2\DSC02146_patch_1_5.jpg,B2,A1,0.57
processed_data_cleaned\test\B2\DSC02146_patch_2_0.jpg,B2,B1,0.6337
processed_data_cleaned\test\B2\DSC02146_patch_2_1.jpg,B2,B1,0.9084
processed_data_cleaned\test\B2\DSC02146_patch_3_0.jpg,B2,B1,0.8669
processed_data_cleaned\test\B2\DSC02146_patch_3_1.jpg,B2,B1,0.9811
processed_data_cleaned\test\B2\DSC02146_patch_3_3.jpg,B2,B1,0.8542
processed_data_cleaned\test\B2\DSC02147_patch_0_1.jpg,B2,A2,0.5719
processed_data_cleaned\test\B2\DSC02147_patch_0_2.jpg,B2,A2,0.6117
processed_data_cleaned\test\B2\DSC02147_patch_1_1.jpg,B2,B1,0.8287
processed_data_cleaned\test\B2\DSC02147_patch_1_3.jpg,B2,A2,0.5406
processed_data_cleaned\test\B2\DSC02147_patch_1_5.jpg,B2,B1,0.6418
processed_data_cleaned\test\B2\DSC02147_patch_2_0.jpg,B2,B1,0.4715
processed_data_cleaned\test\B2\DSC02147_patch_2_1.jpg,B2,B1,0.7231
processed_data_cleaned\test\B2\DSC02147_patch_3_0.jpg,B2,B1,0.7883
processed_data_cleaned\test\B2\DSC02147_patch_3_1.jpg,B2,B1,0.9796
processed_data_cleaned\test\B2\DSC02148_patch_0_3.jpg,B2,A2,0.9795
processed_data_cleaned\test\B2\DSC02148_patch_0_5.jpg,B2,A2,0.9404
processed_data_cleaned\test\B2\DSC02148_patch_1_1.jpg,B2,A2,0.6816
processed_data_cleaned\test\B2\DSC02148_patch_1_4.jpg,B2,A2,0.4302
processed_data_cleaned\test\B2\DSC02148_patch_1_5.jpg,B2,B1,0.458
processed_data_cleaned\test\B2\DSC02148_patch_2_0.jpg,B2,A2,0.398
processed_data_cleaned\test\B2\DSC02148_patch_2_1.jpg,B2,B1,0.6619
processed_data_cleaned\test\B2\DSC02148_patch_2_4.jpg,B2,A2,0.5256
processed_data_cleaned\test\B2\DSC02148_patch_3_0.jpg,B2,B1,0.3651
processed_data_cleaned\test\B2\DSC02148_patch_3_1.jpg,B2,B1,0.9854
processed_data_cleaned\test\B2\DSC02148_patch_3_2.jpg,B2,B1,0.8694
processed_data_cleaned\test\B2\DSC02151_patch_1_5.jpg,B2,B1,0.5877
processed_data_cleaned\test\B2\DSC02151_patch_2_0.jpg,B2,B1,0.6143
processed_data_cleaned\test\B2\DSC02151_patch_2_2.jpg,B2,B1,0.3344
processed_data_cleaned\test\B2\DSC02151_patch_3_0.jpg,B2,B1,0.8364
processed_data_cleaned\test\B2\DSC02151_patch_3_1.jpg,B2,B1,0.776
processed_data_cleaned\test\B2\DSC02151_patch_3_4.jpg,B2,B1,0.2895
processed_data_cleaned\test\B2\DSC02152_patch_0_2.jpg,B2,A1,0.2903
processed_data_cleaned\test\B2\DSC02152_patch_0_5.jpg,B2,B1,0.8484
processed_data_cleaned\test\B2\DSC02152_patch_2_1.jpg,B2,B1,0.9183
processed_data_cleaned\test\B2\DSC02152_patch_2_3.jpg,B2,B1,0.7176
processed_data_cleaned\test\B2\DSC02152_patch_2_4.jpg,B2,A1,0.7802
processed_data_cleaned\test\B2\DSC02152_patch_3_2.jpg,B2,B1,0.7091
processed_data_cleaned\test\B2\DSC02154_patch_1_0.jpg,B2,B1,0.515
processed_data_cleaned\test\B2\DSC02154_patch_2_0.jpg,B2,B1,0.893
processed_data_cleaned\test\B2\DSC02155_patch_0_1.jpg,B2,B1,0.5769
processed_data_cleaned\test\B2\DSC02155_patch_0_2.jpg,B2,B1,0.37
processed_data_cleaned\test\B2\DSC02155_patch_1_0.jpg,B2,B1,0.5442
processed_data_cleaned\test\B2\DSC02155_patch_2_0.jpg,B2,B1,0.7121
processed_data_cleaned\test\B2\DSC02156_patch_2_1.jpg,B2,B1,0.8064
processed_data_cleaned\test\B2\DSC02156_patch_2_2.jpg,B2,A1,0.473
processed_data_cleaned\test\B2\DSC02156_patch_2_3.jpg,B2,A1,0.9305
processed_data_cleaned\test\B2\DSC02157_patch_2_1.jpg,B2,B1,0.9443
processed_data_cleaned\test\B2\DSC02157_patch_2_3.jpg,B2,A1,0.9371
processed_data_cleaned\test\B2\DSC02157_patch_3_3.jpg,B2,A1,0.9383
processed_data_cleaned\test\B2\DSC02158_patch_0_2.jpg,B2,B1,0.7668
processed_data_cleaned\test\B2\DSC02158_patch_2_1.jpg,B2,B1,0.7607
processed_data_cleaned\test\B2\DSC02158_patch_2_3.jpg,B2,A1,0.7341
processed_data_cleaned\test\B2\DSC02170_patch_0_0.jpg,B2,B1,0.5798
processed_data_cleaned\test\B2\DSC02170_patch_0_1.jpg,B2,B1,0.785
processed_data_cleaned\test\B2\DSC02170_patch_0_2.jpg,B2,A1,0.4464
processed_data_cleaned\test\B2\DSC02170_patch_3_0.jpg,B2,A1,0.7346
processed_data_cleaned\test\B2\DSC02170_patch_3_2.jpg,B2,A1,0.7194
processed_data_cleaned\test\B2\DSC02171_patch_1_0.jpg,B2,A1,0.7255
processed_data_cleaned\test\B2\DSC02171_patch_1_2.jpg,B2,A1,0.9766
processed_data_cleaned\test\B2\DSC02171_patch_1_3.jpg,B2,A1,0.705
processed_data_cleaned\test\B2\DSC02171_patch_1_5.jpg,B2,A1,0.8367
processed_data_cleaned\test\B2\DSC02171_patch_2_0.jpg,B2,A1,0.5365
processed_data_cleaned\test\B2\DSC02171_patch_2_1.jpg,B2,A1,0.8342
processed_data_cleaned\test\B2\DSC02171_patch_2_3.jpg,B2,A1,0.5815
processed_data_cleaned\test\B2\DSC02171_patch_2_4.jpg,B2,A1,0.752
processed_data_cleaned\test\B2\DSC02176_patch_0_2.jpg,B2,A1,0.6572
processed_data_cleaned\test\B2\DSC02176_patch_0_3.jpg,B2,A1,0.6486
processed_data_cleaned\test\B2\DSC02178_patch_1_0.jpg,B2,B1,0.7401
processed_data_cleaned\test\B2\DSC02178_patch_1_1.jpg,B2,A1,0.599
processed_data_cleaned\test\B2\DSC02178_patch_1_2.jpg,B2,A1,0.7921
processed_data_cleaned\test\B2\DSC02178_patch_1_3.jpg,B2,A1,0.587
processed_data_cleaned\test\B2\DSC02178_patch_1_4.jpg,B2,A1,0.8988
processed_data_cleaned\test\B2\DSC02178_patch_2_1.jpg,B2,A1,0.697
processed_data_cleaned\test\B2\DSC02178_patch_2_2.jpg,B2,A1,0.5872
processed_data_cleaned\test\B2\DSC02178_patch_2_4.jpg,B2,A2,0.5696
processed_data_cleaned\test\B2\DSC02178_patch_3_4.jpg,B2,B1,0.6461
processed_data_cleaned\test\B2\DSC02179_patch_1_0.jpg,B2,B1,0.8487
processed_data_cleaned\test\B2\DSC02179_patch_1_1.jpg,B2,A1,0.6352
processed_data_cleaned\test\B2\DSC02179_patch_1_2.jpg,B2,A1,0.8076
processed_data_cleaned\test\B2\DSC02179_patch_1_3.jpg,B2,A1,0.7352
processed_data_cleaned\test\B2\DSC02179_patch_1_4.jpg,B2,A1,0.5786
processed_data_cleaned\test\B2\DSC02179_patch_2_1.jpg,B2,A1,0.4936
processed_data_cleaned\test\B2\DSC02179_patch_2_2.jpg,B2,A1,0.6475
processed_data_cleaned\test\B2\DSC02179_patch_2_4.jpg,B2,A2,0.6657
processed_data_cleaned\test\B2\DSC02180_patch_1_0.jpg,B2,B1,0.9135
processed_data_cleaned\test\B2\DSC02180_patch_1_1.jpg,B2,A1,0.7613
processed_data_cleaned\test\B2\DSC02180_patch_1_2.jpg,B2,A1,0.9184
processed_data_cleaned\test\B2\DSC02180_patch_1_3.jpg,B2,A1,0.9267
processed_data_cleaned\test\B2\DSC02180_patch_1_4.jpg,B2,A1,0.8924
processed_data_cleaned\test\B2\DSC02180_patch_2_1.jpg,B2,A1,0.5386
processed_data_cleaned\test\B2\DSC02180_patch_2_2.jpg,B2,A1,0.5317
processed_data_cleaned\test\B2\DSC02180_patch_2_3.jpg,B2,A1,0.4997
processed_data_cleaned\test\B2\DSC02180_patch_2_4.jpg,B2,A1,0.5524
processed_data_cleaned\test\B2\DSC02181_patch_0_2.jpg,B2,A1,0.4319
processed_data_cleaned\test\B2\DSC02181_patch_0_3.jpg,B2,A1,0.6226
processed_data_cleaned\test\B2\DSC02181_patch_1_2.jpg,B2,A1,0.4997
processed_data_cleaned\test\B2\DSC02181_patch_1_3.jpg,B2,A1,0.5528
processed_data_cleaned\test\B2\DSC02182_patch_1_2.jpg,B2,A1,0.4868
processed_data_cleaned\test\B2\DSC02182_patch_1_3.jpg,B2,A1,0.606
processed_data_cleaned\test\B2\DSC02184_patch_0_4.jpg,B2,B1,0.9983
processed_data_cleaned\test\B2\DSC02184_patch_1_2.jpg,B2,A1,0.9274
processed_data_cleaned\test\B2\DSC02184_patch_1_3.jpg,B2,B1,0.9414
processed_data_cleaned\test\B2\DSC02184_patch_1_4.jpg,B2,B1,0.946
processed_data_cleaned\test\B2\DSC02184_patch_2_2.jpg,B2,A1,0.7474
processed_data_cleaned\test\B2\DSC02187_patch_0_1.jpg,B2,A1,0.4388
processed_data_cleaned\test\B2\DSC02187_patch_2_1.jpg,B2,A1,0.8516
processed_data_cleaned\test\B2\DSC02187_patch_2_3.jpg,B2,A1,0.6041
processed_data_cleaned\test\B2\DSC02187_patch_3_1.jpg,B2,A1,0.6907
processed_data_cleaned\test\B2\DSC02187_patch_3_2.jpg,B2,A1,0.7316
processed_data_cleaned\test\B2\DSC02188_patch_0_1.jpg,B2,B1,0.4612
processed_data_cleaned\test\B2\DSC02188_patch_1_1.jpg,B2,A1,0.3696
processed_data_cleaned\test\B2\DSC02188_patch_2_0.jpg,B2,A2,0.6701
processed_data_cleaned\test\B2\DSC02188_patch_2_1.jpg,B2,A1,0.8623
processed_data_cleaned\test\B2\DSC02188_patch_2_2.jpg,B2,A1,0.7249
processed_data_cleaned\test\B2\DSC02188_patch_2_3.jpg,B2,A1,0.5432
processed_data_cleaned\test\B2\DSC02188_patch_3_1.jpg,B2,A1,0.6574
processed_data_cleaned\test\B2\DSC02188_patch_3_2.jpg,B2,A1,0.4637
processed_data_cleaned\test\B2\DSC02189_patch_1_2.jpg,B2,A1,0.553
processed_data_cleaned\test\B2\DSC02189_patch_2_3.jpg,B2,B1,0.5075
processed_data_cleaned\test\B2\DSC02189_patch_2_4.jpg,B2,A1,0.5205
processed_data_cleaned\test\B2\DSC02190_patch_2_2.jpg,B2,A1,0.569
processed_data_cleaned\test\B2\DSC02190_patch_2_3.jpg,B2,A1,0.6072
processed_data_cleaned\test\B2\DSC02190_patch_2_4.jpg,B2,B1,0.5999
processed_data_cleaned\test\B2\DSC02191_patch_0_2.jpg,B2,A1,0.9463
processed_data_cleaned\test\B2\DSC02193_patch_1_0.jpg,B2,B1,0.8555
processed_data_cleaned\test\B2\DSC02193_patch_1_2.jpg,B2,A1,0.704
processed_data_cleaned\test\B2\DSC02193_patch_2_2.jpg,B2,A1,0.6971
processed_data_cleaned\test\B2\DSC02193_patch_2_3.jpg,B2,A1,0.5243
processed_data_cleaned\test\B2\DSC02198_patch_0_0.jpg,B2,B1,0.6843
processed_data_cleaned\test\B2\DSC02198_patch_0_1.jpg,B2,B1,0.7503
processed_data_cleaned\test\B2\DSC02198_patch_0_4.jpg,B2,A2,0.5291
processed_data_cleaned\test\B2\DSC02198_patch_1_1.jpg,B2,A1,0.5693
processed_data_cleaned\test\B2\DSC02198_patch_3_0.jpg,B2,B1,0.5377
processed_data_cleaned\test\B2\DSC02198_patch_3_1.jpg,B2,B1,0.5503
processed_data_cleaned\test\B2\DSC02198_patch_3_5.jpg,B2,A1,0.3665
processed_data_cleaned\test\B2\DSC02203_patch_0_0.jpg,B2,A2,0.5865
processed_data_cleaned\test\B2\DSC02203_patch_0_1.jpg,B2,B1,0.6742
processed_data_cleaned\test\B2\DSC02203_patch_1_1.jpg,B2,B1,0.4465
processed_data_cleaned\test\B2\DSC02203_patch_1_2.jpg,B2,B1,0.892
processed_data_cleaned\test\B2\DSC02203_patch_1_4.jpg,B2,A1,0.4603
processed_data_cleaned\test\B2\DSC02203_patch_2_1.jpg,B2,B1,0.3101
processed_data_cleaned\test\B2\DSC02206_patch_0_5.jpg,B2,A1,0.5495
processed_data_cleaned\test\B2\DSC02206_patch_1_0.jpg,B2,A2,0.6645
processed_data_cleaned\test\B2\DSC02206_patch_1_1.jpg,B2,A1,0.4108
processed_data_cleaned\test\B2\DSC02206_patch_2_0.jpg,B2,B1,0.8772
processed_data_cleaned\test\B2\DSC02206_patch_2_2.jpg,B2,B1,0.622
processed_data_cleaned\test\B2\DSC02206_patch_2_4.jpg,B2,B1,0.5161
processed_data_cleaned\test\B2\DSC02206_patch_3_1.jpg,B2,B1,0.4064
processed_data_cleaned\test\B2\DSC02209_patch_0_2.jpg,B2,B1,0.7035
processed_data_cleaned\test\B2\DSC02209_patch_1_0.jpg,B2,B1,0.8126
processed_data_cleaned\test\B2\DSC02209_patch_1_4.jpg,B2,A2,0.4197
processed_data_cleaned\test\B2\DSC02209_patch_3_2.jpg,B2,B1,0.8172
processed_data_cleaned\test\B2\DSC02210_patch_0_2.jpg,B2,B1,0.4069
processed_data_cleaned\test\B2\DSC02210_patch_0_4.jpg,B2,A2,0.6096
processed_data_cleaned\test\B2\DSC02210_patch_1_0.jpg,B2,B1,0.9314
processed_data_cleaned\test\B2\DSC02210_patch_1_4.jpg,B2,B1,0.4436
processed_data_cleaned\test\B2\DSC02210_patch_3_1.jpg,B2,B1,0.4688
processed_data_cleaned\test\B2\DSC02211_patch_0_1.jpg,B2,B1,0.5332
processed_data_cleaned\test\B2\DSC02211_patch_0_2.jpg,B2,A2,0.4568
processed_data_cleaned\test\B2\DSC02211_patch_1_2.jpg,B2,A2,0.7899
processed_data_cleaned\test\B2\DSC02211_patch_1_3.jpg,B2,B1,0.5458
processed_data_cleaned\test\B2\DSC02211_patch_2_0.jpg,B2,B1,0.5024
processed_data_cleaned\test\B2\DSC02211_patch_2_4.jpg,B2,A2,0.7113
processed_data_cleaned\test\B2\DSC02211_patch_3_2.jpg,B2,B1,0.4347
processed_data_cleaned\test\B2\DSC02211_patch_3_3.jpg,B2,B1,0.3949
processed_data_cleaned\test\B2\DSC02212_patch_0_0.jpg,B2,A1,0.818
processed_data_cleaned\test\B2\DSC02212_patch_0_3.jpg,B2,A1,0.8713
processed_data_cleaned\test\B2\DSC02212_patch_2_0.jpg,B2,B1,0.4772
processed_data_cleaned\test\B2\DSC02212_patch_2_3.jpg,B2,B1,0.4057
processed_data_cleaned\test\B2\DSC02212_patch_3_5.jpg,B2,B1,0.353
processed_data_cleaned\test\B2\DSC02213_patch_0_3.jpg,B2,A1,0.7187
processed_data_cleaned\test\B2\DSC02213_patch_0_5.jpg,B2,A1,0.82
processed_data_cleaned\test\B2\DSC02213_patch_1_0.jpg,B2,A2,0.4466
processed_data_cleaned\test\B2\DSC02213_patch_1_2.jpg,B2,B1,0.4785
processed_data_cleaned\test\B2\DSC02213_patch_2_3.jpg,B2,A2,0.3495
processed_data_cleaned\test\B2\DSC02214_patch_1_0.jpg,B2,A1,0.4378
processed_data_cleaned\test\B2\DSC02214_patch_2_0.jpg,B2,A2,0.4246
processed_data_cleaned\test\B2\DSC02214_patch_3_5.jpg,B2,A2,0.6031
processed_data_cleaned\test\B2\DSC02215_patch_1_4.jpg,B2,A1,0.3931
processed_data_cleaned\test\B2\DSC02215_patch_2_0.jpg,B2,A2,0.6938
processed_data_cleaned\test\B2\DSC02215_patch_2_2.jpg,B2,B1,0.6069
processed_data_cleaned\test\B2\DSC02215_patch_2_4.jpg,B2,B1,0.5188
processed_data_cleaned\test\B2\DSC02215_patch_2_5.jpg,B2,A2,0.8166
processed_data_cleaned\test\B2\DSC02215_patch_3_5.jpg,B2,A2,0.5795
processed_data_cleaned\test\B2\DSC02216_patch_0_1.jpg,B2,A1,0.3531
processed_data_cleaned\test\B2\DSC02216_patch_1_0.jpg,B2,A1,0.3202
processed_data_cleaned\test\B2\DSC02216_patch_1_1.jpg,B2,A2,0.6029
processed_data_cleaned\test\B2\DSC02216_patch_1_5.jpg,B2,B1,0.4391
processed_data_cleaned\test\B2\DSC02216_patch_3_1.jpg,B2,A2,0.3728
processed_data_cleaned\test\B2\DSC02216_patch_3_2.jpg,B2,A2,0.3676
processed_data_cleaned\test\B2\DSC02216_patch_3_5.jpg,B2,A2,0.7104
processed_data_cleaned\test\B2\DSC02217_patch_0_0.jpg,B2,B1,0.7326
processed_data_cleaned\test\B2\DSC02217_patch_0_2.jpg,B2,B1,0.6599
processed_data_cleaned\test\B2\DSC02217_patch_0_5.jpg,B2,A1,0.2954
processed_data_cleaned\test\B2\DSC02217_patch_1_0.jpg,B2,B1,0.6713
processed_data_cleaned\test\B2\DSC02217_patch_2_0.jpg,B2,B1,0.3438
processed_data_cleaned\test\B2\DSC02217_patch_2_4.jpg,B2,A2,0.5215
processed_data_cleaned\test\B2\DSC02217_patch_3_4.jpg,B2,A2,0.8972
processed_data_cleaned\test\B2\DSC02218_patch_0_0.jpg,B2,B1,0.6961
processed_data_cleaned\test\B2\DSC02218_patch_1_4.jpg,B2,A1,0.6037
processed_data_cleaned\test\B2\DSC02218_patch_2_0.jpg,B2,A2,0.525
processed_data_cleaned\test\B2\DSC02218_patch_2_3.jpg,B2,A1,0.5048
processed_data_cleaned\test\B2\DSC02218_patch_2_4.jpg,B2,B1,0.5081
processed_data_cleaned\test\B2\DSC02218_patch_3_0.jpg,B2,B1,0.4488
processed_data_cleaned\test\B2\DSC02220_patch_0_0.jpg,B2,B1,0.8576
processed_data_cleaned\test\B2\DSC02220_patch_1_2.jpg,B2,A1,0.4311
processed_data_cleaned\test\B2\DSC02220_patch_1_4.jpg,B2,A1,0.7
processed_data_cleaned\test\B2\DSC02220_patch_2_0.jpg,B2,A2,0.4917
processed_data_cleaned\test\B2\DSC02220_patch_2_4.jpg,B2,A2,0.5205
processed_data_cleaned\test\B2\DSC02220_patch_3_4.jpg,B2,A2,0.6367
processed_data_cleaned\test\B2\DSC02221_patch_0_3.jpg,B2,A1,0.3465
processed_data_cleaned\test\B2\DSC02221_patch_0_5.jpg,B2,B1,0.3717
processed_data_cleaned\test\B2\DSC02221_patch_1_2.jpg,B2,A1,0.5635
processed_data_cleaned\test\B2\DSC02221_patch_1_5.jpg,B2,A1,0.7869
processed_data_cleaned\test\B2\DSC02221_patch_2_4.jpg,B2,B1,0.3758
processed_data_cleaned\test\B2\DSC02222_patch_0_0.jpg,B2,A2,0.5621
processed_data_cleaned\test\B2\DSC02222_patch_1_0.jpg,B2,B1,0.4464
processed_data_cleaned\test\B2\DSC02222_patch_1_3.jpg,B2,A1,0.3778
processed_data_cleaned\test\B2\DSC02222_patch_1_4.jpg,B2,A1,0.4912
processed_data_cleaned\test\B2\DSC02222_patch_2_1.jpg,B2,A2,0.3466
processed_data_cleaned\test\B2\DSC02222_patch_2_4.jpg,B2,A2,0.5145
processed_data_cleaned\test\B2\DSC02222_patch_2_5.jpg,B2,A2,0.6513
processed_data_cleaned\test\B2\DSC02222_patch_3_1.jpg,B2,A2,0.5632
processed_data_cleaned\test\B2\DSC02222_patch_3_4.jpg,B2,A2,0.6184
processed_data_cleaned\test\B2\DSC02223_patch_0_2.jpg,B2,A1,0.827
processed_data_cleaned\test\B2\DSC02223_patch_2_3.jpg,B2,A1,0.5247
processed_data_cleaned\test\B2\DSC02223_patch_3_3.jpg,B2,A1,0.6223
processed_data_cleaned\test\B2\DSC02224_patch_0_2.jpg,B2,A1,0.8504
processed_data_cleaned\test\B2\DSC02224_patch_0_3.jpg,B2,A1,0.6772
processed_data_cleaned\test\B2\DSC02224_patch_2_0.jpg,B2,B1,0.6676
processed_data_cleaned\test\B2\DSC02224_patch_2_1.jpg,B2,A1,0.4374
processed_data_cleaned\test\B2\DSC02224_patch_3_0.jpg,B2,B1,0.9595
processed_data_cleaned\test\B2\DSC02224_patch_3_1.jpg,B2,B1,0.8166
processed_data_cleaned\test\B2\DSC02224_patch_3_4.jpg,B2,B1,0.4657
processed_data_cleaned\test\B2\DSC02228_patch_1_0.jpg,B2,A1,0.3819
processed_data_cleaned\test\B2\DSC02228_patch_2_1.jpg,B2,B1,0.9329
processed_data_cleaned\test\B2\DSC02228_patch_3_0.jpg,B2,A2,0.352
processed_data_cleaned\test\B2\DSC02228_patch_3_1.jpg,B2,A2,0.4544
processed_data_cleaned\test\B2\DSC02228_patch_3_2.jpg,B2,B1,0.7656
processed_data_cleaned\test\B2\DSC02228_patch_3_3.jpg,B2,B1,0.5101
processed_data_cleaned\test\B2\DSC02228_patch_3_4.jpg,B2,A1,0.5052
processed_data_cleaned\test\B2\DSC02232_patch_0_0.jpg,B2,A2,0.7977
processed_data_cleaned\test\B2\DSC02232_patch_0_1.jpg,B2,A2,0.5936
processed_data_cleaned\test\B2\DSC02232_patch_1_0.jpg,B2,A1,0.5418
processed_data_cleaned\test\B2\DSC02232_patch_1_1.jpg,B2,A1,0.4615
processed_data_cleaned\test\B2\DSC02232_patch_1_2.jpg,B2,A1,0.873
processed_data_cleaned\test\B2\DSC02239_patch_0_0.jpg,B2,B1,0.8993
processed_data_cleaned\test\B2\DSC02239_patch_0_3.jpg,B2,B1,0.6652
processed_data_cleaned\test\B2\DSC02239_patch_1_0.jpg,B2,B1,0.6378
processed_data_cleaned\test\B2\DSC02239_patch_1_1.jpg,B2,B1,0.9644
processed_data_cleaned\test\B2\DSC02239_patch_2_1.jpg,B2,B1,0.8885
processed_data_cleaned\test\B2\DSC02239_patch_2_5.jpg,B2,B1,0.617
processed_data_cleaned\test\B2\DSC02239_patch_3_2.jpg,B2,A1,0.398
processed_data_cleaned\test\B2\DSC02240_patch_0_0.jpg,B2,B1,0.6991
processed_data_cleaned\test\B2\DSC02240_patch_1_0.jpg,B2,B1,0.4856
processed_data_cleaned\test\B2\DSC02240_patch_1_1.jpg,B2,B1,0.9178
processed_data_cleaned\test\B2\DSC02240_patch_2_1.jpg,B2,B1,0.8476
processed_data_cleaned\test\B2\DSC02240_patch_2_5.jpg,B2,B1,0.64
processed_data_cleaned\test\B2\DSC02240_patch_3_2.jpg,B2,B1,0.7222
processed_data_cleaned\test\B2\DSC02241_patch_0_0.jpg,B2,B1,0.4613
processed_data_cleaned\test\B2\DSC02241_patch_1_1.jpg,B2,B1,0.8606
processed_data_cleaned\test\B2\DSC02241_patch_2_5.jpg,B2,B1,0.6354
processed_data_cleaned\test\B2\DSC02241_patch_3_0.jpg,B2,B1,0.6812
processed_data_cleaned\test\B2\DSC02241_patch_3_2.jpg,B2,B1,0.5497
processed_data_cleaned\test\B2\DSC02242_patch_0_0.jpg,B2,B1,0.6707
processed_data_cleaned\test\B2\DSC02242_patch_0_1.jpg,B2,B1,0.5383
processed_data_cleaned\test\B2\DSC02242_patch_1_1.jpg,B2,B1,0.8925
processed_data_cleaned\test\B2\DSC02242_patch_3_0.jpg,B2,B1,0.7197
processed_data_cleaned\test\B2\DSC02242_patch_3_2.jpg,B2,B1,0.4385
processed_data_cleaned\test\B2\DSC02243_patch_2_1.jpg,B2,B1,0.5719
processed_data_cleaned\test\B2\DSC02243_patch_2_2.jpg,B2,B1,0.6424
processed_data_cleaned\test\B2\DSC02243_patch_3_0.jpg,B2,B1,0.6589
processed_data_cleaned\test\B2\DSC02244_patch_0_0.jpg,B2,B1,0.3735
processed_data_cleaned\test\B2\DSC02244_patch_2_1.jpg,B2,B1,0.4276
processed_data_cleaned\test\B2\DSC02244_patch_3_0.jpg,B2,A1,0.3194
processed_data_cleaned\test\B2\DSC02245_patch_0_1.jpg,B2,A1,0.5659
processed_data_cleaned\test\B2\DSC02245_patch_0_2.jpg,B2,B1,0.6304
processed_data_cleaned\test\B2\DSC02245_patch_1_2.jpg,B2,B1,0.979
processed_data_cleaned\test\B2\DSC02245_patch_1_3.jpg,B2,A1,0.4227
processed_data_cleaned\test\B2\DSC02245_patch_2_2.jpg,B2,A1,0.7203
processed_data_cleaned\test\B2\DSC02245_patch_3_2.jpg,B2,A2,0.5997
processed_data_cleaned\test\B2\DSC02245_patch_3_4.jpg,B2,B1,0.7375
processed_data_cleaned\test\B2\DSC02245_patch_3_5.jpg,B2,A1,0.557
processed_data_cleaned\test\B2\DSC02246_patch_0_0.jpg,B2,A2,0.456
processed_data_cleaned\test\B2\DSC02246_patch_0_1.jpg,B2,B1,0.5068
processed_data_cleaned\test\B2\DSC02246_patch_0_2.jpg,B2,A2,0.4994
processed_data_cleaned\test\B2\DSC02246_patch_1_2.jpg,B2,B1,0.8657
processed_data_cleaned\test\B2\DSC02246_patch_1_3.jpg,B2,A1,0.494
processed_data_cleaned\test\B2\DSC02246_patch_2_2.jpg,B2,A1,0.5476
processed_data_cleaned\test\B2\DSC02246_patch_3_1.jpg,B2,A1,0.9734
processed_data_cleaned\test\B2\DSC02246_patch_3_4.jpg,B2,A1,0.5227
processed_data_cleaned\test\B2\DSC02247_patch_0_1.jpg,B2,B1,0.4883
processed_data_cleaned\test\B2\DSC02247_patch_1_0.jpg,B2,B1,0.5186
processed_data_cleaned\test\B2\DSC02247_patch_1_2.jpg,B2,B1,0.6856
processed_data_cleaned\test\B2\DSC02247_patch_1_3.jpg,B2,A2,0.693
processed_data_cleaned\test\B2\DSC02247_patch_1_4.jpg,B2,A1,0.4048
processed_data_cleaned\test\B2\DSC02247_patch_1_5.jpg,B2,A1,0.3638
processed_data_cleaned\test\B2\DSC02247_patch_2_2.jpg,B2,B1,0.6821
processed_data_cleaned\test\B2\DSC02247_patch_2_3.jpg,B2,A2,0.503
processed_data_cleaned\test\B2\DSC02247_patch_2_4.jpg,B2,A1,0.853
processed_data_cleaned\test\B2\DSC02247_patch_2_5.jpg,B2,A2,0.8515
processed_data_cleaned\test\B2\DSC02248_patch_0_1.jpg,B2,A1,0.4885
processed_data_cleaned\test\B2\DSC02248_patch_1_0.jpg,B2,B1,0.5163
processed_data_cleaned\test\B2\DSC02248_patch_1_1.jpg,B2,B1,0.8085
processed_data_cleaned\test\B2\DSC02248_patch_1_3.jpg,B2,A2,0.643
processed_data_cleaned\test\B2\DSC02248_patch_1_4.jpg,B2,A1,0.8507
processed_data_cleaned\test\B2\DSC02248_patch_1_5.jpg,B2,A1,0.4024
processed_data_cleaned\test\B2\DSC02248_patch_2_0.jpg,B2,A2,0.4622
processed_data_cleaned\test\B2\DSC02248_patch_2_4.jpg,B2,A1,0.5521
processed_data_cleaned\test\B2\DSC02248_patch_2_5.jpg,B2,A2,0.9294
processed_data_cleaned\test\B2\DSC02249_patch_0_1.jpg,B2,B1,0.5299
processed_data_cleaned\test\B2\DSC02249_patch_0_3.jpg,B2,B1,0.9465
processed_data_cleaned\test\B2\DSC02249_patch_1_0.jpg,B2,B1,0.805
processed_data_cleaned\test\B2\DSC02249_patch_1_2.jpg,B2,B1,0.7169
processed_data_cleaned\test\B2\DSC02249_patch_1_3.jpg,B2,B1,0.5058
processed_data_cleaned\test\B2\DSC02249_patch_1_4.jpg,B2,A1,0.7171
processed_data_cleaned\test\B2\DSC02249_patch_1_5.jpg,B2,A2,0.4364
processed_data_cleaned\test\B2\DSC02249_patch_2_0.jpg,B2,A2,0.4637
processed_data_cleaned\test\B2\DSC02249_patch_2_2.jpg,B2,B1,0.7766
processed_data_cleaned\test\B2\DSC02249_patch_2_4.jpg,B2,A1,0.4764
processed_data_cleaned\test\B2\DSC02250_patch_0_3.jpg,B2,B1,0.8818
processed_data_cleaned\test\B2\DSC02250_patch_0_5.jpg,B2,B1,0.9414
processed_data_cleaned\test\B2\DSC02250_patch_1_5.jpg,B2,B1,0.9993
processed_data_cleaned\test\B2\DSC02250_patch_3_0.jpg,B2,B1,0.6944
processed_data_cleaned\test\B2\DSC02250_patch_3_5.jpg,B2,B1,0.9998
processed_data_cleaned\test\B2\DSC02251_patch_0_3.jpg,B2,B1,0.5164
processed_data_cleaned\test\B2\DSC02251_patch_0_5.jpg,B2,B1,0.9825
processed_data_cleaned\test\B2\DSC02251_patch_3_0.jpg,B2,B1,0.8453
processed_data_cleaned\test\B2\DSC02251_patch_3_2.jpg,B2,B1,0.993
processed_data_cleaned\test\B2\DSC02253_patch_1_4.jpg,B2,B1,0.8121
processed_data_cleaned\test\B2\DSC02253_patch_1_5.jpg,B2,B1,0.6843
processed_data_cleaned\test\B2\DSC02253_patch_3_4.jpg,B2,B1,0.784
processed_data_cleaned\test\B2\DSC02254_patch_1_1.jpg,B2,B1,0.9939
processed_data_cleaned\test\B2\DSC02254_patch_1_3.jpg,B2,B1,0.9687
processed_data_cleaned\test\B2\DSC02254_patch_1_5.jpg,B2,B1,0.6308
processed_data_cleaned\test\B2\DSC02254_patch_2_0.jpg,B2,A1,0.5024
processed_data_cleaned\test\B2\DSC02254_patch_2_5.jpg,B2,A1,0.4329
processed_data_cleaned\test\B2\DSC02256_patch_1_1.jpg,B2,B1,0.8295
processed_data_cleaned\test\B2\DSC02256_patch_1_3.jpg,B2,B1,0.6664
processed_data_cleaned\test\B2\DSC02256_patch_1_4.jpg,B2,B1,0.9437
processed_data_cleaned\test\B2\DSC02256_patch_2_0.jpg,B2,B1,0.6269
processed_data_cleaned\test\B2\DSC02256_patch_2_1.jpg,B2,A1,0.9528
processed_data_cleaned\test\B2\DSC02256_patch_2_4.jpg,B2,B1,0.5719
processed_data_cleaned\test\B2\DSC02256_patch_3_1.jpg,B2,A1,0.5031
processed_data_cleaned\test\B2\DSC02256_patch_3_2.jpg,B2,B1,0.6618
processed_data_cleaned\test\B2\DSC02257_patch_1_1.jpg,B2,B1,0.6202
processed_data_cleaned\test\B2\DSC02257_patch_1_3.jpg,B2,B1,0.8667
processed_data_cleaned\test\B2\DSC02257_patch_2_0.jpg,B2,B1,0.5249
processed_data_cleaned\test\B2\DSC02257_patch_2_4.jpg,B2,B1,0.6874
processed_data_cleaned\test\B2\DSC02257_patch_3_1.jpg,B2,B1,0.585
processed_data_cleaned\test\B2\DSC02257_patch_3_2.jpg,B2,B1,0.7514
processed_data_cleaned\test\B2\DSC02257_patch_3_4.jpg,B2,A1,0.6784
processed_data_cleaned\test\B2\DSC02258_patch_1_1.jpg,B2,B1,0.78
processed_data_cleaned\test\B2\DSC02258_patch_1_3.jpg,B2,B1,0.7354
processed_data_cleaned\test\B2\DSC02258_patch_1_4.jpg,B2,B1,0.9986
processed_data_cleaned\test\B2\DSC02258_patch_2_0.jpg,B2,A2,0.4699
processed_data_cleaned\test\B2\DSC02258_patch_2_1.jpg,B2,A1,0.9263
processed_data_cleaned\test\B2\DSC02258_patch_3_1.jpg,B2,B1,0.6056
processed_data_cleaned\test\B2\DSC02258_patch_3_4.jpg,B2,A1,0.7613
processed_data_cleaned\test\B2\DSC02260_patch_0_1.jpg,B2,A1,0.4113
processed_data_cleaned\test\B2\DSC02260_patch_0_3.jpg,B2,A1,0.4164
processed_data_cleaned\test\B2\DSC02260_patch_0_4.jpg,B2,A1,0.783
processed_data_cleaned\test\B2\DSC02260_patch_1_1.jpg,B2,A1,0.551
processed_data_cleaned\test\B2\DSC02260_patch_1_2.jpg,B2,B1,0.5412
processed_data_cleaned\test\B2\DSC02260_patch_1_3.jpg,B2,A1,0.5352
processed_data_cleaned\test\B2\DSC02260_patch_2_0.jpg,B2,A1,0.8821
processed_data_cleaned\test\B2\DSC02260_patch_2_1.jpg,B2,A1,0.4056
processed_data_cleaned\test\B2\DSC02260_patch_2_3.jpg,B2,A1,0.4625
processed_data_cleaned\test\B2\DSC02260_patch_2_5.jpg,B2,A1,0.3117
processed_data_cleaned\test\B2\DSC02260_patch_3_0.jpg,B2,B1,0.6301
processed_data_cleaned\test\B2\DSC02260_patch_3_1.jpg,B2,B1,0.666
processed_data_cleaned\test\B2\DSC02262_patch_1_4.jpg,B2,B1,0.3923
processed_data_cleaned\test\B2\DSC02262_patch_2_4.jpg,B2,B1,0.4956
processed_data_cleaned\test\B2\DSC02262_patch_2_5.jpg,B2,B1,0.8956
processed_data_cleaned\test\B2\DSC02262_patch_3_5.jpg,B2,B1,0.6086
processed_data_cleaned\test\B2\DSC02263_patch_1_5.jpg,B2,A1,0.4975
processed_data_cleaned\test\B2\DSC02263_patch_2_5.jpg,B2,B1,0.9706
processed_data_cleaned\test\B2\DSC02263_patch_3_2.jpg,B2,B1,0.9743
processed_data_cleaned\test\B2\DSC02263_patch_3_5.jpg,B2,B1,0.976
processed_data_cleaned\test\B2\DSC02264_patch_0_2.jpg,B2,B1,0.8819
processed_data_cleaned\test\B2\DSC02264_patch_1_3.jpg,B2,B1,0.9133
processed_data_cleaned\test\B2\DSC02264_patch_2_3.jpg,B2,B1,0.8458
processed_data_cleaned\test\B2\DSC02264_patch_3_3.jpg,B2,A1,0.5488
processed_data_cleaned\test\B2\DSC02264_patch_3_4.jpg,B2,B1,0.8175
processed_data_cleaned\test\B2\DSC02267_patch_0_2.jpg,B2,B1,0.5016
processed_data_cleaned\test\B2\DSC02267_patch_1_4.jpg,B2,A1,0.7203
processed_data_cleaned\test\B2\DSC02267_patch_2_2.jpg,B2,B1,0.7167
processed_data_cleaned\test\B2\DSC02267_patch_2_3.jpg,B2,B1,0.4898
processed_data_cleaned\test\B2\DSC02267_patch_3_1.jpg,B2,B1,0.979
processed_data_cleaned\test\B2\DSC02267_patch_3_2.jpg,B2,B1,0.7907
processed_data_cleaned\test\B2\DSC02267_patch_3_3.jpg,B2,B1,0.9781
processed_data_cleaned\test\B2\DSC02268_patch_0_3.jpg,B2,A1,0.3852
processed_data_cleaned\test\B2\DSC02268_patch_1_0.jpg,B2,B1,0.6309
processed_data_cleaned\test\B2\DSC02268_patch_1_1.jpg,B2,A2,0.7938
processed_data_cleaned\test\B2\DSC02268_patch_1_3.jpg,B2,A2,0.5061
processed_data_cleaned\test\B2\DSC02268_patch_2_2.jpg,B2,B1,0.9746
processed_data_cleaned\test\B2\DSC02268_patch_2_3.jpg,B2,B1,0.8123
processed_data_cleaned\test\B2\DSC02268_patch_3_1.jpg,B2,B1,0.9299
processed_data_cleaned\test\B2\DSC02268_patch_3_2.jpg,B2,B1,0.5934
processed_data_cleaned\test\B2\DSC02269_patch_1_0.jpg,B2,B1,0.471
processed_data_cleaned\test\B2\DSC02269_patch_1_3.jpg,B2,A1,0.745
processed_data_cleaned\test\B2\DSC02269_patch_2_2.jpg,B2,B1,0.9138
processed_data_cleaned\test\B2\DSC02269_patch_2_3.jpg,B2,B1,0.97
processed_data_cleaned\test\B2\DSC02269_patch_3_1.jpg,B2,B1,0.8595
processed_data_cleaned\test\B2\DSC02269_patch_3_2.jpg,B2,B1,0.8716
processed_data_cleaned\test\B2\DSC02269_patch_3_3.jpg,B2,B1,0.6922
processed_data_cleaned\test\B2\DSC02270_patch_0_3.jpg,B2,A1,0.6729
processed_data_cleaned\test\B2\DSC02270_patch_0_4.jpg,B2,B1,0.6765
processed_data_cleaned\test\B2\DSC02270_patch_1_0.jpg,B2,B1,0.4013
processed_data_cleaned\test\B2\DSC02270_patch_1_3.jpg,B2,A2,0.4615
processed_data_cleaned\test\B2\DSC02270_patch_2_1.jpg,B2,B1,0.8994
processed_data_cleaned\test\B2\DSC02270_patch_2_2.jpg,B2,B1,0.8812
processed_data_cleaned\test\B2\DSC02270_patch_2_3.jpg,B2,B1,0.985
processed_data_cleaned\test\B2\DSC02270_patch_3_0.jpg,B2,B1,0.8729
processed_data_cleaned\test\B2\DSC02270_patch_3_1.jpg,B2,B1,0.8009
processed_data_cleaned\test\B2\DSC02270_patch_3_2.jpg,B2,B1,0.9108
processed_data_cleaned\test\B2\DSC02271_patch_0_1.jpg,B2,A2,0.5301
processed_data_cleaned\test\B2\DSC02271_patch_0_3.jpg,B2,B1,0.5577
processed_data_cleaned\test\B2\DSC02271_patch_1_0.jpg,B2,A1,0.6138
processed_data_cleaned\test\B2\DSC02271_patch_1_3.jpg,B2,A1,0.4898
processed_data_cleaned\test\B2\DSC02271_patch_2_2.jpg,B2,B1,0.9642
processed_data_cleaned\test\B2\DSC02271_patch_2_3.jpg,B2,B1,0.9768
processed_data_cleaned\test\B2\DSC02271_patch_3_0.jpg,B2,B1,0.8454
processed_data_cleaned\test\B2\DSC02271_patch_3_1.jpg,B2,B1,0.9694
processed_data_cleaned\test\B2\DSC02272_patch_0_2.jpg,B2,A1,0.9506
processed_data_cleaned\test\B2\DSC02272_patch_0_3.jpg,B2,A1,0.7976
processed_data_cleaned\test\B2\DSC02272_patch_0_4.jpg,B2,A1,0.7461
processed_data_cleaned\test\B2\DSC02272_patch_1_3.jpg,B2,B1,0.739
processed_data_cleaned\test\B2\DSC02272_patch_1_4.jpg,B2,B1,0.3959
processed_data_cleaned\test\B2\DSC02272_patch_3_0.jpg,B2,B1,0.9184
processed_data_cleaned\test\B2\DSC02272_patch_3_2.jpg,B2,B1,0.8645
processed_data_cleaned\test\B2\DSC02272_patch_3_3.jpg,B2,B1,0.8952
processed_data_cleaned\test\B2\DSC02273_patch_0_2.jpg,B2,A1,0.9959
processed_data_cleaned\test\B2\DSC02273_patch_0_3.jpg,B2,B1,0.5134
processed_data_cleaned\test\B2\DSC02273_patch_0_4.jpg,B2,A1,0.9563
processed_data_cleaned\test\B2\DSC02273_patch_1_3.jpg,B2,B1,0.7333
processed_data_cleaned\test\B2\DSC02273_patch_1_4.jpg,B2,A1,0.4314
processed_data_cleaned\test\B2\DSC02273_patch_2_1.jpg,B2,B1,0.9392
processed_data_cleaned\test\B2\DSC02273_patch_2_2.jpg,B2,B1,0.8613
processed_data_cleaned\test\B2\DSC02273_patch_3_0.jpg,B2,B1,0.9946
processed_data_cleaned\test\B2\DSC02273_patch_3_1.jpg,B2,B1,0.9481
processed_data_cleaned\test\B2\DSC02273_patch_3_3.jpg,B2,B1,0.9975
processed_data_cleaned\test\B2\DSC02274_patch_0_3.jpg,B2,B1,0.7542
processed_data_cleaned\test\B2\DSC02274_patch_0_4.jpg,B2,A1,0.9452
processed_data_cleaned\test\B2\DSC02274_patch_1_3.jpg,B2,B1,0.5055
processed_data_cleaned\test\B2\DSC02274_patch_2_1.jpg,B2,B1,0.86
processed_data_cleaned\test\B2\DSC02274_patch_2_2.jpg,B2,B1,0.7739
processed_data_cleaned\test\B2\DSC02274_patch_3_0.jpg,B2,B1,0.991
processed_data_cleaned\test\B2\DSC02274_patch_3_1.jpg,B2,B1,0.7774
processed_data_cleaned\test\B2\DSC02274_patch_3_3.jpg,B2,B1,0.9988
processed_data_cleaned\test\B2\DSC02275_patch_0_2.jpg,B2,B1,0.6403
processed_data_cleaned\test\B2\DSC02275_patch_0_3.jpg,B2,A2,0.6092
processed_data_cleaned\test\B2\DSC02275_patch_2_1.jpg,B2,B1,0.6567
processed_data_cleaned\test\B2\DSC02275_patch_2_2.jpg,B2,B1,0.9058
processed_data_cleaned\test\B2\DSC02275_patch_2_3.jpg,B2,B1,0.5955
processed_data_cleaned\test\B2\DSC02275_patch_3_2.jpg,B2,B1,0.4992
processed_data_cleaned\test\B2\DSC02275_patch_3_3.jpg,B2,B1,0.5304
processed_data_cleaned\test\B2\DSC02276_patch_0_3.jpg,B2,B1,0.7111
processed_data_cleaned\test\B2\DSC02276_patch_2_1.jpg,B2,B1,0.6106
processed_data_cleaned\test\B2\DSC02276_patch_2_2.jpg,B2,B1,0.8092
processed_data_cleaned\test\B2\DSC02276_patch_3_1.jpg,B2,A2,0.4025
processed_data_cleaned\test\B2\DSC02277_patch_0_3.jpg,B2,B1,0.46
processed_data_cleaned\test\B2\DSC02277_patch_1_2.jpg,B2,B1,0.605
processed_data_cleaned\test\B2\DSC02277_patch_1_3.jpg,B2,B1,0.7833
processed_data_cleaned\test\B2\DSC02277_patch_2_2.jpg,B2,B1,0.8679
processed_data_cleaned\test\B2\DSC02277_patch_3_1.jpg,B2,B1,0.8893
processed_data_cleaned\test\B2\DSC02277_patch_3_2.jpg,B2,A1,0.5817
processed_data_cleaned\test\B2\DSC02279_patch_0_3.jpg,B2,A2,0.5423
processed_data_cleaned\test\B2\DSC02279_patch_1_2.jpg,B2,B1,0.7301
processed_data_cleaned\test\B2\DSC02279_patch_1_3.jpg,B2,B1,0.9156
processed_data_cleaned\test\B2\DSC02279_patch_2_2.jpg,B2,B1,0.9258
processed_data_cleaned\test\B2\DSC02279_patch_3_1.jpg,B2,B1,0.801
processed_data_cleaned\test\B2\DSC02280_patch_0_1.jpg,B2,B1,0.9636
processed_data_cleaned\test\B2\DSC02280_patch_0_2.jpg,B2,B1,0.8315
processed_data_cleaned\test\B2\DSC02280_patch_0_3.jpg,B2,A2,0.8398
processed_data_cleaned\test\B2\DSC02280_patch_0_4.jpg,B2,B1,0.5538
processed_data_cleaned\test\B2\DSC02280_patch_1_1.jpg,B2,B1,0.8185
processed_data_cleaned\test\B2\DSC02280_patch_1_2.jpg,B2,A1,0.693
processed_data_cleaned\test\B2\DSC02280_patch_1_3.jpg,B2,B1,0.7036
processed_data_cleaned\test\B2\DSC02280_patch_2_2.jpg,B2,B1,0.9166
processed_data_cleaned\test\B2\DSC02280_patch_3_1.jpg,B2,B1,0.7106
processed_data_cleaned\test\B2\DSC02280_patch_3_2.jpg,B2,A1,0.5935
processed_data_cleaned\test\B2\DSC02283_patch_0_4.jpg,B2,B1,0.8907
processed_data_cleaned\test\B2\DSC02283_patch_0_5.jpg,B2,B1,0.5422
processed_data_cleaned\test\B2\DSC02283_patch_1_4.jpg,B2,B1,0.9353
processed_data_cleaned\test\B2\DSC02283_patch_1_5.jpg,B2,B1,0.8207
processed_data_cleaned\test\B2\DSC02283_patch_2_3.jpg,B2,A2,0.4
processed_data_cleaned\test\B2\DSC02283_patch_2_4.jpg,B2,B1,0.4931
processed_data_cleaned\test\B2\DSC02283_patch_2_5.jpg,B2,B1,0.8564
processed_data_cleaned\test\B2\DSC02283_patch_3_2.jpg,B2,A2,0.7764
processed_data_cleaned\test\B2\DSC02283_patch_3_3.jpg,B2,A2,0.4267
processed_data_cleaned\test\B2\DSC02283_patch_3_5.jpg,B2,A2,0.5447
processed_data_cleaned\test\B2\DSC02284_patch_0_2.jpg,B2,B1,0.5315
processed_data_cleaned\test\B2\DSC02284_patch_0_4.jpg,B2,B1,0.758
processed_data_cleaned\test\B2\DSC02284_patch_1_5.jpg,B2,B1,0.871
processed_data_cleaned\test\B2\DSC02284_patch_2_4.jpg,B2,A2,0.805
processed_data_cleaned\test\B2\DSC02284_patch_2_5.jpg,B2,B1,0.6903
processed_data_cleaned\test\B2\DSC02285_patch_0_0.jpg,B2,B1,0.775
processed_data_cleaned\test\B2\DSC02285_patch_0_1.jpg,B2,B1,0.4614
processed_data_cleaned\test\B2\DSC02285_patch_0_3.jpg,B2,B1,0.9032
processed_data_cleaned\test\B2\DSC02285_patch_0_4.jpg,B2,B1,0.784
processed_data_cleaned\test\B2\DSC02285_patch_1_1.jpg,B2,B1,0.3819
processed_data_cleaned\test\B2\DSC02285_patch_1_2.jpg,B2,A2,0.8354
processed_data_cleaned\test\B2\DSC02285_patch_1_4.jpg,B2,B1,0.8839
processed_data_cleaned\test\B2\DSC02285_patch_2_0.jpg,B2,A2,0.4745
processed_data_cleaned\test\B2\DSC02285_patch_3_0.jpg,B2,B1,0.3496
processed_data_cleaned\test\B2\DSC02286_patch_0_0.jpg,B2,B1,0.873
processed_data_cleaned\test\B2\DSC02286_patch_0_1.jpg,B2,B1,0.7399
processed_data_cleaned\test\B2\DSC02286_patch_0_2.jpg,B2,B1,0.7252
processed_data_cleaned\test\B2\DSC02286_patch_0_3.jpg,B2,B1,0.7653
processed_data_cleaned\test\B2\DSC02286_patch_1_0.jpg,B2,B1,0.8815
processed_data_cleaned\test\B2\DSC02286_patch_1_1.jpg,B2,A2,0.5917
processed_data_cleaned\test\B2\DSC02286_patch_1_3.jpg,B2,B1,0.494
processed_data_cleaned\test\B2\DSC02286_patch_1_4.jpg,B2,B1,0.4733
processed_data_cleaned\test\B2\DSC02286_patch_1_5.jpg,B2,B1,0.7382
processed_data_cleaned\test\B2\DSC02286_patch_2_0.jpg,B2,A1,0.4013
processed_data_cleaned\test\B2\DSC02286_patch_2_1.jpg,B2,A1,0.3929
processed_data_cleaned\test\B2\DSC02286_patch_2_3.jpg,B2,B1,0.9235
processed_data_cleaned\test\B2\DSC02286_patch_3_0.jpg,B2,A2,0.3451
processed_data_cleaned\test\B2\DSC02287_patch_0_0.jpg,B2,A1,0.331
processed_data_cleaned\test\B2\DSC02287_patch_0_1.jpg,B2,B1,0.9513
processed_data_cleaned\test\B2\DSC02287_patch_0_2.jpg,B2,B1,0.9332
processed_data_cleaned\test\B2\DSC02287_patch_0_3.jpg,B2,B1,0.5509
processed_data_cleaned\test\B2\DSC02287_patch_0_4.jpg,B2,B1,0.4124
processed_data_cleaned\test\B2\DSC02287_patch_1_0.jpg,B2,B1,0.8361
processed_data_cleaned\test\B2\DSC02287_patch_1_1.jpg,B2,B1,0.3771
processed_data_cleaned\test\B2\DSC02287_patch_1_4.jpg,B2,B1,0.4238
processed_data_cleaned\test\B2\DSC02287_patch_2_1.jpg,B2,A1,0.4344
processed_data_cleaned\test\B2\DSC02287_patch_2_2.jpg,B2,B1,0.5871
processed_data_cleaned\test\B2\DSC02287_patch_2_5.jpg,B2,B1,0.4886
processed_data_cleaned\test\B2\DSC02287_patch_3_0.jpg,B2,A2,0.5979
processed_data_cleaned\test\B2\DSC02287_patch_3_2.jpg,B2,A1,0.3788
processed_data_cleaned\test\B2\DSC02290_patch_0_1.jpg,B2,B1,0.8
processed_data_cleaned\test\B2\DSC02290_patch_1_4.jpg,B2,B1,0.8188
processed_data_cleaned\test\B2\DSC02290_patch_1_5.jpg,B2,B1,0.6333
processed_data_cleaned\test\B2\DSC02290_patch_2_2.jpg,B2,A2,0.8396
processed_data_cleaned\test\B2\DSC02290_patch_2_3.jpg,B2,B1,0.6388
processed_data_cleaned\test\B2\DSC02290_patch_3_1.jpg,B2,B1,0.4804
processed_data_cleaned\test\B2\DSC02295_patch_0_1.jpg,B2,B1,0.4904
processed_data_cleaned\test\B2\DSC02295_patch_0_3.jpg,B2,B1,0.8854
processed_data_cleaned\test\B2\DSC02295_patch_1_1.jpg,B2,B1,0.8766
processed_data_cleaned\test\B2\DSC02295_patch_1_2.jpg,B2,A2,0.8981
processed_data_cleaned\test\B2\DSC02295_patch_1_3.jpg,B2,B1,0.6629
processed_data_cleaned\test\B2\DSC02295_patch_1_4.jpg,B2,B1,0.8315
processed_data_cleaned\test\B2\DSC02295_patch_2_2.jpg,B2,B1,0.9655
processed_data_cleaned\test\B2\DSC02295_patch_2_3.jpg,B2,A1,0.488
processed_data_cleaned\test\B2\DSC02295_patch_2_4.jpg,B2,B1,0.9367
processed_data_cleaned\test\B2\DSC02295_patch_2_5.jpg,B2,B1,0.6193
processed_data_cleaned\test\B2\DSC02295_patch_3_1.jpg,B2,A2,0.3773
processed_data_cleaned\test\B2\DSC02295_patch_3_3.jpg,B2,B1,0.9311
processed_data_cleaned\test\B2\DSC02295_patch_3_4.jpg,B2,B1,0.5074
processed_data_cleaned\test\B2\DSC02295_patch_3_5.jpg,B2,B1,0.8508
processed_data_cleaned\test\B2\DSC02296_patch_0_1.jpg,B2,B1,0.7079
processed_data_cleaned\test\B2\DSC02296_patch_1_1.jpg,B2,B1,0.6864
processed_data_cleaned\test\B2\DSC02296_patch_1_3.jpg,B2,B1,0.9936
processed_data_cleaned\test\B2\DSC02296_patch_2_2.jpg,B2,B1,0.7762
processed_data_cleaned\test\B2\DSC02296_patch_2_3.jpg,B2,B1,0.8584
processed_data_cleaned\test\B2\DSC02296_patch_2_4.jpg,B2,B1,0.8653
processed_data_cleaned\test\B2\DSC02296_patch_3_0.jpg,B2,B1,0.4937
processed_data_cleaned\test\B2\DSC02296_patch_3_3.jpg,B2,B1,0.8412
processed_data_cleaned\test\B2\DSC02296_patch_3_4.jpg,B2,B1,0.9406
processed_data_cleaned\test\B2\DSC02296_patch_3_5.jpg,B2,B1,0.779
processed_data_cleaned\test\B2\DSC02297_patch_0_1.jpg,B2,A2,0.4891
processed_data_cleaned\test\B2\DSC02297_patch_1_1.jpg,B2,B1,0.8814
processed_data_cleaned\test\B2\DSC02297_patch_1_2.jpg,B2,A2,0.6003
processed_data_cleaned\test\B2\DSC02297_patch_1_3.jpg,B2,B1,0.7358
processed_data_cleaned\test\B2\DSC02297_patch_1_4.jpg,B2,B1,0.9898
processed_data_cleaned\test\B2\DSC02297_patch_2_1.jpg,B2,A2,0.702
processed_data_cleaned\test\B2\DSC02297_patch_2_2.jpg,B2,B1,0.846
processed_data_cleaned\test\B2\DSC02297_patch_2_3.jpg,B2,A1,0.5527
processed_data_cleaned\test\B2\DSC02297_patch_2_4.jpg,B2,B1,0.9684
processed_data_cleaned\test\B2\DSC02297_patch_2_5.jpg,B2,B1,0.8623
processed_data_cleaned\test\B2\DSC02297_patch_3_1.jpg,B2,A1,0.44
processed_data_cleaned\test\B2\DSC02297_patch_3_3.jpg,B2,B1,0.7992
processed_data_cleaned\test\B2\DSC02297_patch_3_4.jpg,B2,A2,0.5749
processed_data_cleaned\test\B2\DSC02301_patch_0_4.jpg,B2,A2,0.6821
processed_data_cleaned\test\B2\DSC02301_patch_2_3.jpg,B2,B1,0.93
processed_data_cleaned\test\B2\DSC02301_patch_3_1.jpg,B2,B1,0.4005
processed_data_cleaned\test\B2\DSC02301_patch_3_2.jpg,B2,B1,0.7919
processed_data_cleaned\test\B2\DSC02301_patch_3_3.jpg,B2,B1,0.4108
processed_data_cleaned\test\B2\DSC02301_patch_3_4.jpg,B2,A1,0.5984
processed_data_cleaned\test\B2\DSC02306_patch_0_4.jpg,B2,A2,0.3924
processed_data_cleaned\test\B2\DSC02306_patch_1_1.jpg,B2,B1,0.4736
processed_data_cleaned\test\B2\DSC02306_patch_1_4.jpg,B2,A2,0.576
processed_data_cleaned\test\B2\DSC02306_patch_1_5.jpg,B2,A1,0.5405
processed_data_cleaned\test\B2\DSC02306_patch_2_3.jpg,B2,B1,0.7699
processed_data_cleaned\test\B2\DSC02306_patch_3_1.jpg,B2,B1,0.419
processed_data_cleaned\test\B2\DSC02306_patch_3_2.jpg,B2,B1,0.6174
processed_data_cleaned\test\B2\DSC02306_patch_3_3.jpg,B2,B1,0.7718
processed_data_cleaned\test\B2\DSC02306_patch_3_4.jpg,B2,B1,0.4218
processed_data_cleaned\test\B2\DSC02307_patch_0_2.jpg,B2,B1,0.8248
processed_data_cleaned\test\B2\DSC02307_patch_1_2.jpg,B2,B1,0.7124
processed_data_cleaned\test\B2\DSC02307_patch_2_2.jpg,B2,B1,0.675
processed_data_cleaned\test\B2\DSC02307_patch_2_3.jpg,B2,A1,0.4954
processed_data_cleaned\test\B2\DSC02307_patch_2_5.jpg,B2,A2,0.6888
processed_data_cleaned\test\B2\DSC02307_patch_3_2.jpg,B2,A2,0.4745
processed_data_cleaned\test\B2\DSC02308_patch_0_2.jpg,B2,B1,0.8009
processed_data_cleaned\test\B2\DSC02308_patch_1_2.jpg,B2,B1,0.9268
processed_data_cleaned\test\B2\DSC02308_patch_2_1.jpg,B2,B1,0.5366
processed_data_cleaned\test\B2\DSC02308_patch_2_2.jpg,B2,B1,0.561
processed_data_cleaned\test\B2\DSC02308_patch_2_5.jpg,B2,A2,0.5581
processed_data_cleaned\test\B2\DSC02308_patch_3_2.jpg,B2,B1,0.3877
processed_data_cleaned\test\B2\DSC02309_patch_0_3.jpg,B2,A2,0.5553
processed_data_cleaned\test\B2\DSC02309_patch_1_2.jpg,B2,B1,0.8577
processed_data_cleaned\test\B2\DSC02309_patch_2_1.jpg,B2,B1,0.7204
processed_data_cleaned\test\B2\DSC02309_patch_2_2.jpg,B2,B1,0.577
processed_data_cleaned\test\B2\DSC02309_patch_2_3.jpg,B2,B1,0.6109
processed_data_cleaned\test\B2\DSC02309_patch_3_0.jpg,B2,B1,0.6833
processed_data_cleaned\test\B2\DSC02309_patch_3_1.jpg,B2,B1,0.9131
processed_data_cleaned\test\B2\DSC02309_patch_3_2.jpg,B2,A2,0.6875
processed_data_cleaned\test\B2\DSC02310_patch_1_4.jpg,B2,A1,0.7727
processed_data_cleaned\test\B2\DSC02311_patch_0_0.jpg,B2,B1,0.9551
processed_data_cleaned\test\B2\DSC02311_patch_0_1.jpg,B2,A1,0.4783
processed_data_cleaned\test\B2\DSC02311_patch_2_4.jpg,B2,B1,0.5281
processed_data_cleaned\test\B2\DSC02311_patch_3_1.jpg,B2,B1,0.8561
processed_data_cleaned\test\B2\DSC02460_patch_0_0.jpg,B2,B1,0.9382
processed_data_cleaned\test\B2\DSC02460_patch_0_2.jpg,B2,B1,0.4943
processed_data_cleaned\test\B2\DSC02460_patch_1_0.jpg,B2,B1,0.9645
processed_data_cleaned\test\B2\DSC02460_patch_2_0.jpg,B2,B1,0.9551
processed_data_cleaned\test\B2\DSC02460_patch_2_2.jpg,B2,B1,0.7496
processed_data_cleaned\test\B2\DSC02460_patch_2_3.jpg,B2,B1,0.3909
processed_data_cleaned\test\B2\DSC02460_patch_2_4.jpg,B2,B1,0.8897
processed_data_cleaned\test\B2\DSC02460_patch_3_0.jpg,B2,B1,0.9428
processed_data_cleaned\test\B2\DSC07432_patch_0_3.jpg,B2,A1,0.7817
processed_data_cleaned\test\B2\DSC07432_patch_0_4.jpg,B2,A1,0.635
processed_data_cleaned\test\B2\DSC07432_patch_1_4.jpg,B2,B1,0.9138
processed_data_cleaned\test\B2\DSC07432_patch_2_4.jpg,B2,B1,0.9913
processed_data_cleaned\test\B2\DSC07432_patch_2_5.jpg,B2,B1,0.8756
processed_data_cleaned\test\B2\DSC07432_patch_3_4.jpg,B2,B1,0.6187
processed_data_cleaned\test\B2\DSC07432_patch_3_5.jpg,B2,B1,0.6525
processed_data_cleaned\test\B2\DSC07433_patch_0_2.jpg,B2,B1,0.7278
processed_data_cleaned\test\B2\DSC07433_patch_0_3.jpg,B2,B1,0.9548
processed_data_cleaned\test\B2\DSC07433_patch_1_1.jpg,B2,B1,0.9957
processed_data_cleaned\test\B2\DSC07433_patch_1_2.jpg,B2,B1,0.9664
processed_data_cleaned\test\B2\DSC07433_patch_2_5.jpg,B2,B1,0.4361
processed_data_cleaned\test\B2\DSC07433_patch_3_2.jpg,B2,B1,0.5475
processed_data_cleaned\test\B2\DSC07433_patch_3_3.jpg,B2,B1,0.7711
processed_data_cleaned\test\B2\DSC07433_patch_3_4.jpg,B2,A1,0.497
processed_data_cleaned\test\B2\DSC07434_patch_1_0.jpg,B2,B1,0.7902
processed_data_cleaned\test\B2\DSC07434_patch_1_1.jpg,B2,B1,0.4933
processed_data_cleaned\test\B2\DSC07434_patch_1_2.jpg,B2,B1,0.5383
processed_data_cleaned\test\B2\DSC07434_patch_2_1.jpg,B2,A1,0.3987
processed_data_cleaned\test\B2\DSC07434_patch_2_3.jpg,B2,B1,0.4539
processed_data_cleaned\test\B2\DSC07434_patch_3_0.jpg,B2,B1,0.8149
processed_data_cleaned\test\B2\DSC07434_patch_3_1.jpg,B2,B1,0.9488
processed_data_cleaned\test\B2\DSC07434_patch_3_2.jpg,B2,B1,0.7359
processed_data_cleaned\test\B2\DSC07434_patch_3_3.jpg,B2,B1,0.6225
processed_data_cleaned\test\B2\DSC07435_patch_1_5.jpg,B2,B1,0.7981
processed_data_cleaned\test\B2\DSC07435_patch_2_3.jpg,B2,B1,0.4346
processed_data_cleaned\test\B2\DSC07435_patch_2_4.jpg,B2,A1,0.9622
processed_data_cleaned\test\B2\DSC07435_patch_2_5.jpg,B2,B1,0.5008
processed_data_cleaned\test\B2\DSC07435_patch_3_1.jpg,B2,B1,0.4961
processed_data_cleaned\test\B2\DSC07435_patch_3_2.jpg,B2,A1,0.3635
processed_data_cleaned\test\B2\DSC07435_patch_3_3.jpg,B2,B1,0.6083
processed_data_cleaned\test\B2\DSC07436_patch_1_4.jpg,B2,B1,0.5395
processed_data_cleaned\test\B2\DSC07436_patch_2_3.jpg,B2,A1,0.693
processed_data_cleaned\test\B2\DSC07436_patch_2_5.jpg,B2,A2,0.3859
processed_data_cleaned\test\B2\DSC07436_patch_3_2.jpg,B2,A1,0.8196
processed_data_cleaned\test\B2\DSC07436_patch_3_3.jpg,B2,A1,0.7976
processed_data_cleaned\test\B2\DSC07437_patch_1_1.jpg,B2,A2,0.5737
processed_data_cleaned\test\B2\DSC07437_patch_2_0.jpg,B2,B1,0.6529
processed_data_cleaned\test\B2\DSC07437_patch_2_1.jpg,B2,A1,0.4668
processed_data_cleaned\test\B2\DSC07437_patch_2_2.jpg,B2,B1,0.9468
processed_data_cleaned\test\B2\DSC07437_patch_3_0.jpg,B2,B1,0.9132
processed_data_cleaned\test\B2\DSC07438_patch_0_2.jpg,B2,A1,0.6826
processed_data_cleaned\test\B2\DSC07438_patch_2_1.jpg,B2,B1,0.9646
processed_data_cleaned\test\B2\DSC07438_patch_2_3.jpg,B2,B1,0.9695
processed_data_cleaned\test\B2\DSC07438_patch_3_1.jpg,B2,B1,0.8613
processed_data_cleaned\test\B2\DSC07438_patch_3_3.jpg,B2,B1,0.5629
processed_data_cleaned\test\B2\DSC07439_patch_1_1.jpg,B2,A1,0.8986
processed_data_cleaned\test\B2\DSC07439_patch_1_2.jpg,B2,A2,0.5919
processed_data_cleaned\test\B2\DSC07439_patch_2_1.jpg,B2,B1,0.7617
processed_data_cleaned\test\B2\DSC07439_patch_2_2.jpg,B2,B1,0.6544
processed_data_cleaned\test\B2\DSC07439_patch_2_3.jpg,B2,B1,0.6782
processed_data_cleaned\test\B2\DSC07439_patch_3_5.jpg,B2,B1,0.5456
processed_data_cleaned\test\B2\DSC07440_patch_0_1.jpg,B2,A1,0.667
processed_data_cleaned\test\B2\DSC07440_patch_0_2.jpg,B2,A2,0.8061
processed_data_cleaned\test\B2\DSC07440_patch_0_3.jpg,B2,A2,0.7783
processed_data_cleaned\test\B2\DSC07440_patch_1_3.jpg,B2,B1,0.8458
processed_data_cleaned\test\B2\DSC07440_patch_1_4.jpg,B2,B1,0.6199
processed_data_cleaned\test\B2\DSC07441_patch_0_3.jpg,B2,A1,0.4388
processed_data_cleaned\test\B2\DSC07441_patch_0_4.jpg,B2,B1,0.6527
processed_data_cleaned\test\B2\DSC07441_patch_1_2.jpg,B2,A2,0.4606
processed_data_cleaned\test\B2\DSC07441_patch_1_4.jpg,B2,B1,0.8747
processed_data_cleaned\test\B2\DSC07441_patch_2_3.jpg,B2,B1,0.5622
processed_data_cleaned\test\B2\DSC07441_patch_3_0.jpg,B2,B1,0.6618
processed_data_cleaned\test\B2\DSC07441_patch_3_1.jpg,B2,A1,0.6553
processed_data_cleaned\test\B2\DSC07442_patch_0_0.jpg,B2,B1,0.5355
processed_data_cleaned\test\B2\DSC07442_patch_0_1.jpg,B2,A1,0.4417
processed_data_cleaned\test\B2\DSC07442_patch_1_0.jpg,B2,B1,0.7342
processed_data_cleaned\test\B2\DSC07442_patch_2_0.jpg,B2,B1,0.5518
processed_data_cleaned\test\B2\DSC07442_patch_2_2.jpg,B2,B1,0.7146
processed_data_cleaned\test\B2\DSC07442_patch_3_0.jpg,B2,B1,0.5226
processed_data_cleaned\test\B2\DSC07443_patch_0_3.jpg,B2,A2,0.9539
processed_data_cleaned\test\B2\DSC07443_patch_2_3.jpg,B2,B1,0.7901
processed_data_cleaned\test\B2\DSC07443_patch_3_3.jpg,B2,A1,0.5811
processed_data_cleaned\test\B2\DSC07444_patch_1_4.jpg,B2,A2,0.4626
processed_data_cleaned\test\B2\DSC07444_patch_2_3.jpg,B2,B1,0.6341
processed_data_cleaned\test\B2\DSC07445_patch_1_4.jpg,B2,A2,0.3384
processed_data_cleaned\test\B2\DSC07445_patch_1_5.jpg,B2,A1,0.5826
processed_data_cleaned\test\B2\DSC07445_patch_3_3.jpg,B2,B1,0.6365
processed_data_cleaned\test\B2\DSC07445_patch_3_5.jpg,B2,B1,0.6282
processed_data_cleaned\test\B2\DSC07446_patch_1_0.jpg,B2,A1,0.5001
processed_data_cleaned\test\B2\DSC07446_patch_1_1.jpg,B2,A2,0.5322
processed_data_cleaned\test\B2\DSC07446_patch_1_2.jpg,B2,B1,0.4121
processed_data_cleaned\test\B2\DSC07446_patch_2_1.jpg,B2,A2,0.8727
processed_data_cleaned\test\B2\DSC07446_patch_2_3.jpg,B2,B1,0.7734
processed_data_cleaned\test\B2\DSC07446_patch_2_4.jpg,B2,B1,0.6695
processed_data_cleaned\test\B2\DSC07446_patch_3_0.jpg,B2,A2,0.713
processed_data_cleaned\test\B2\DSC07446_patch_3_1.jpg,B2,B1,0.5422
processed_data_cleaned\test\B2\DSC07449_patch_1_0.jpg,B2,A1,0.73
processed_data_cleaned\test\B2\DSC07449_patch_2_3.jpg,B2,B1,0.5205
processed_data_cleaned\test\B2\DSC07449_patch_2_5.jpg,B2,B1,0.3232
processed_data_cleaned\test\B2\DSC07449_patch_3_2.jpg,B2,B1,0.8499
processed_data_cleaned\test\B2\DSC07450_patch_0_2.jpg,B2,B1,0.4841
processed_data_cleaned\test\B2\DSC07450_patch_0_5.jpg,B2,A1,0.602
processed_data_cleaned\test\B2\DSC07450_patch_1_2.jpg,B2,A2,0.7308
processed_data_cleaned\test\B2\DSC07450_patch_2_2.jpg,B2,A1,0.9471
processed_data_cleaned\test\B2\DSC07450_patch_2_3.jpg,B2,A1,0.94
processed_data_cleaned\test\B2\DSC07450_patch_3_1.jpg,B2,A2,0.6916
processed_data_cleaned\test\B2\DSC07450_patch_3_2.jpg,B2,A1,0.4991
processed_data_cleaned\test\B2\DSC07451_patch_0_0.jpg,B2,B1,0.7852
processed_data_cleaned\test\B2\DSC07451_patch_0_2.jpg,B2,A2,0.586
processed_data_cleaned\test\B2\DSC07451_patch_0_3.jpg,B2,B1,0.5749
processed_data_cleaned\test\B2\DSC07451_patch_1_1.jpg,B2,B1,0.72
processed_data_cleaned\test\B2\DSC07451_patch_1_2.jpg,B2,B1,0.8463
processed_data_cleaned\test\B2\DSC07451_patch_1_3.jpg,B2,B1,0.7658
processed_data_cleaned\test\B2\DSC07451_patch_2_5.jpg,B2,A2,0.676
processed_data_cleaned\test\B2\DSC07451_patch_3_0.jpg,B2,A1,0.4145
processed_data_cleaned\test\B2\DSC07451_patch_3_1.jpg,B2,A2,0.912
processed_data_cleaned\test\B2\DSC07451_patch_3_4.jpg,B2,B1,0.8634
processed_data_cleaned\test\B2\DSC07452_patch_1_0.jpg,B2,A2,0.5195
processed_data_cleaned\test\B2\DSC07452_patch_1_1.jpg,B2,A2,0.7908
processed_data_cleaned\test\B2\DSC07452_patch_1_2.jpg,B2,B1,0.4475
processed_data_cleaned\test\B2\DSC07452_patch_2_2.jpg,B2,A1,0.5861
processed_data_cleaned\test\B2\DSC07452_patch_2_3.jpg,B2,B1,0.5397
processed_data_cleaned\test\B2\DSC07452_patch_2_4.jpg,B2,B1,0.7435
processed_data_cleaned\test\B2\DSC07452_patch_2_5.jpg,B2,B1,0.6864
processed_data_cleaned\test\B2\DSC07452_patch_3_1.jpg,B2,B1,0.9839
processed_data_cleaned\test\B2\DSC07452_patch_3_2.jpg,B2,B1,0.8619
processed_data_cleaned\test\B2\DSC07452_patch_3_3.jpg,B2,B1,0.6154
processed_data_cleaned\test\B2\DSC07452_patch_3_4.jpg,B2,B1,0.5053
processed_data_cleaned\test\B2\DSC07452_patch_3_5.jpg,B2,A2,0.8857
processed_data_cleaned\test\B2\DSC07453_patch_0_0.jpg,B2,B1,0.5797
processed_data_cleaned\test\B2\DSC07453_patch_0_1.jpg,B2,B1,0.3798
processed_data_cleaned\test\B2\DSC07453_patch_0_3.jpg,B2,A2,0.8263
processed_data_cleaned\test\B2\DSC07453_patch_1_2.jpg,B2,A1,0.4372
processed_data_cleaned\test\B2\DSC07453_patch_1_3.jpg,B2,A1,0.515
processed_data_cleaned\test\B2\DSC07453_patch_1_4.jpg,B2,A1,0.7015
processed_data_cleaned\test\B2\DSC07453_patch_2_5.jpg,B2,B1,0.8182
processed_data_cleaned\test\B2\DSC07454_patch_2_1.jpg,B2,B1,0.9034
processed_data_cleaned\test\B2\DSC07454_patch_2_2.jpg,B2,B1,0.8916
processed_data_cleaned\test\B2\DSC07455_patch_0_0.jpg,B2,B1,0.3627
processed_data_cleaned\test\B2\DSC07455_patch_0_1.jpg,B2,B1,0.8403
processed_data_cleaned\test\B2\DSC07455_patch_1_1.jpg,B2,B1,0.984
processed_data_cleaned\test\B2\DSC07455_patch_2_2.jpg,B2,A1,0.6305
processed_data_cleaned\test\B2\DSC07456_patch_0_2.jpg,B2,A1,0.4876
processed_data_cleaned\test\B2\DSC07458_patch_0_2.jpg,B2,B1,0.8383
processed_data_cleaned\test\B2\DSC07458_patch_1_3.jpg,B2,B1,0.3873
processed_data_cleaned\test\B2\DSC07458_patch_2_0.jpg,B2,B1,0.6582
processed_data_cleaned\test\B2\DSC07458_patch_2_4.jpg,B2,B1,0.595
processed_data_cleaned\test\B2\DSC07458_patch_2_5.jpg,B2,A2,0.9084
processed_data_cleaned\test\B2\DSC07458_patch_3_0.jpg,B2,B1,0.4449
processed_data_cleaned\test\B2\DSC07459_patch_3_2.jpg,B2,B1,0.5957
processed_data_cleaned\test\B2\DSC07460_patch_0_0.jpg,B2,B1,0.4896
processed_data_cleaned\test\B2\DSC07460_patch_0_1.jpg,B2,A1,0.8749
processed_data_cleaned\test\B2\DSC07460_patch_0_4.jpg,B2,A1,0.879
processed_data_cleaned\test\B2\DSC07460_patch_1_0.jpg,B2,B1,0.7279
processed_data_cleaned\test\B2\DSC07460_patch_1_1.jpg,B2,B1,0.3631
processed_data_cleaned\test\B2\DSC07460_patch_1_2.jpg,B2,B1,0.5113
processed_data_cleaned\test\B2\DSC07460_patch_1_3.jpg,B2,A1,0.3965
processed_data_cleaned\test\B2\DSC07460_patch_2_0.jpg,B2,B1,0.9147
processed_data_cleaned\test\B2\DSC07460_patch_2_1.jpg,B2,B1,0.5798
processed_data_cleaned\test\B2\DSC07460_patch_2_4.jpg,B2,B1,0.7315
processed_data_cleaned\test\B2\DSC07460_patch_3_0.jpg,B2,B1,0.7203
processed_data_cleaned\test\B2\DSC07460_patch_3_1.jpg,B2,B1,0.7084
processed_data_cleaned\test\B2\DSC07460_patch_3_2.jpg,B2,B1,0.8971
processed_data_cleaned\test\B2\DSC07460_patch_3_4.jpg,B2,B1,0.7344
processed_data_cleaned\test\B2\DSC07461_patch_0_0.jpg,B2,A1,0.7287
processed_data_cleaned\test\B2\DSC07461_patch_0_3.jpg,B2,A1,0.7133
processed_data_cleaned\test\B2\DSC07461_patch_1_0.jpg,B2,A1,0.8842
processed_data_cleaned\test\B2\DSC07461_patch_1_3.jpg,B2,A2,0.4284
processed_data_cleaned\test\B2\DSC07461_patch_2_3.jpg,B2,B1,0.5154
processed_data_cleaned\test\B2\DSC07461_patch_2_4.jpg,B2,B1,0.4913
processed_data_cleaned\test\B2\DSC07461_patch_2_5.jpg,B2,B1,0.6901
processed_data_cleaned\test\B2\DSC07461_patch_3_0.jpg,B2,B1,0.9598
processed_data_cleaned\test\B2\DSC07463_patch_1_2.jpg,B2,B1,0.6201
processed_data_cleaned\test\B2\DSC07464_patch_0_0.jpg,B2,A1,0.5127
processed_data_cleaned\test\B2\DSC07464_patch_0_3.jpg,B2,B1,0.8257
processed_data_cleaned\test\B2\DSC07464_patch_2_4.jpg,B2,B1,0.5924
processed_data_cleaned\test\B2\DSC07464_patch_2_5.jpg,B2,A1,0.5356
processed_data_cleaned\test\B2\DSC07464_patch_3_1.jpg,B2,A2,0.6304
processed_data_cleaned\test\B2\DSC07466_patch_0_3.jpg,B2,A1,0.4858
processed_data_cleaned\test\B2\DSC07466_patch_1_3.jpg,B2,A2,0.4551
processed_data_cleaned\test\B2\DSC07466_patch_3_2.jpg,B2,A1,0.9105
processed_data_cleaned\test\B2\DSC07467_patch_0_3.jpg,B2,A1,0.4109
processed_data_cleaned\test\B2\DSC07467_patch_0_4.jpg,B2,A1,0.8048
processed_data_cleaned\test\B2\DSC07467_patch_0_5.jpg,B2,A1,0.6952
processed_data_cleaned\test\B2\DSC07467_patch_1_0.jpg,B2,A2,0.4781
processed_data_cleaned\test\B2\DSC07467_patch_2_0.jpg,B2,B1,0.6481
processed_data_cleaned\test\B2\DSC07467_patch_2_3.jpg,B2,A1,0.4119
processed_data_cleaned\test\B2\DSC07468_patch_1_0.jpg,B2,B1,0.5098
processed_data_cleaned\test\B2\DSC07468_patch_1_2.jpg,B2,B1,0.899
processed_data_cleaned\test\B2\DSC07468_patch_1_5.jpg,B2,A1,0.6605
processed_data_cleaned\test\B2\DSC07468_patch_3_1.jpg,B2,B1,0.7312
processed_data_cleaned\test\B2\DSC07468_patch_3_5.jpg,B2,A1,0.6271
processed_data_cleaned\test\B2\DSC07469_patch_0_0.jpg,B2,A1,0.6271
processed_data_cleaned\test\B2\DSC07469_patch_0_4.jpg,B2,A1,0.5222
processed_data_cleaned\test\B2\DSC07469_patch_1_3.jpg,B2,A1,0.8249
processed_data_cleaned\test\B2\DSC07469_patch_1_5.jpg,B2,A2,0.5526
processed_data_cleaned\test\B2\DSC07469_patch_2_3.jpg,B2,B1,0.6132
processed_data_cleaned\test\B2\DSC07470_patch_2_1.jpg,B2,A1,0.5212
processed_data_cleaned\test\B2\DSC07470_patch_2_4.jpg,B2,B1,0.6842
processed_data_cleaned\test\B2\DSC07470_patch_3_2.jpg,B2,A1,0.8409
processed_data_cleaned\test\B2\DSC07471_patch_1_4.jpg,B2,B1,0.5773
processed_data_cleaned\test\B2\DSC07471_patch_2_3.jpg,B2,A1,0.4395
processed_data_cleaned\test\B2\DSC07472_patch_0_0.jpg,B2,B1,0.4352
processed_data_cleaned\test\B2\DSC07472_patch_0_2.jpg,B2,A1,0.6643
processed_data_cleaned\test\B2\DSC07472_patch_2_0.jpg,B2,B1,0.6461
processed_data_cleaned\test\B2\DSC07472_patch_2_1.jpg,B2,A1,0.4358
processed_data_cleaned\test\B2\DSC07472_patch_3_1.jpg,B2,B1,0.5644
processed_data_cleaned\test\B2\DSC07473_patch_0_3.jpg,B2,A1,0.8468
processed_data_cleaned\test\B2\DSC07473_patch_0_5.jpg,B2,A1,0.6884
processed_data_cleaned\test\B2\DSC07474_patch_0_2.jpg,B2,A1,0.4994
processed_data_cleaned\test\B2\DSC07474_patch_1_0.jpg,B2,A1,0.8196
processed_data_cleaned\test\B2\DSC07474_patch_1_3.jpg,B2,B1,0.4484
processed_data_cleaned\test\B2\DSC07474_patch_2_3.jpg,B2,A1,0.6231
processed_data_cleaned\test\B2\DSC07474_patch_2_5.jpg,B2,A1,0.7221
processed_data_cleaned\test\B2\DSC07474_patch_3_0.jpg,B2,B1,0.7994
processed_data_cleaned\test\B2\DSC07475_patch_0_3.jpg,B2,B1,0.5225
processed_data_cleaned\test\B2\DSC07475_patch_0_4.jpg,B2,A1,0.3597
processed_data_cleaned\test\B2\DSC07475_patch_1_1.jpg,B2,B1,0.5334
processed_data_cleaned\test\B2\DSC07475_patch_1_3.jpg,B2,A1,0.5459
processed_data_cleaned\test\B2\DSC07475_patch_2_0.jpg,B2,B1,0.7997
processed_data_cleaned\test\B2\DSC07475_patch_2_1.jpg,B2,B1,0.3611
processed_data_cleaned\test\B2\DSC07475_patch_2_3.jpg,B2,B1,0.8225
processed_data_cleaned\test\B2\DSC07475_patch_3_0.jpg,B2,B1,0.9396
processed_data_cleaned\test\B2\DSC07475_patch_3_1.jpg,B2,B1,0.5241
processed_data_cleaned\test\B2\DSC07475_patch_3_2.jpg,B2,A1,0.921
processed_data_cleaned\test\B2\DSC07476_patch_0_2.jpg,B2,A1,0.3952
processed_data_cleaned\test\B2\DSC07476_patch_1_1.jpg,B2,A1,0.7809
processed_data_cleaned\test\B2\DSC07476_patch_3_1.jpg,B2,A1,0.8976
processed_data_cleaned\test\B2\DSC07477_patch_2_5.jpg,B2,B1,0.3842
processed_data_cleaned\test\B2\DSC07477_patch_3_5.jpg,B2,A1,0.74
processed_data_cleaned\test\B2\DSC07479_patch_0_0.jpg,B2,B1,0.7897
processed_data_cleaned\test\B2\DSC07479_patch_0_4.jpg,B2,B1,0.4902
processed_data_cleaned\test\B2\DSC07479_patch_0_5.jpg,B2,A1,0.4645
processed_data_cleaned\test\B2\DSC07479_patch_1_4.jpg,B2,A1,0.7653
processed_data_cleaned\test\B2\DSC07479_patch_1_5.jpg,B2,A1,0.6676
processed_data_cleaned\test\B2\DSC07479_patch_2_3.jpg,B2,A1,0.836
processed_data_cleaned\test\B2\DSC07479_patch_3_0.jpg,B2,B1,0.8914
processed_data_cleaned\test\B2\DSC07480_patch_0_0.jpg,B2,A2,0.5419
processed_data_cleaned\test\B2\DSC07480_patch_0_2.jpg,B2,A2,0.3829
processed_data_cleaned\test\B2\DSC07480_patch_1_0.jpg,B2,B1,0.9372
processed_data_cleaned\test\B2\DSC07480_patch_1_1.jpg,B2,A1,0.5052
processed_data_cleaned\test\B2\DSC07480_patch_1_2.jpg,B2,B1,0.426
processed_data_cleaned\test\B2\DSC07480_patch_2_0.jpg,B2,A1,0.6509
processed_data_cleaned\test\B2\DSC07480_patch_2_2.jpg,B2,A2,0.7108
processed_data_cleaned\test\B2\DSC07480_patch_2_4.jpg,B2,B1,0.4238
processed_data_cleaned\test\B2\DSC07480_patch_3_3.jpg,B2,B1,0.3664
processed_data_cleaned\test\B2\DSC07481_patch_0_0.jpg,B2,B1,0.7446
processed_data_cleaned\test\B2\DSC07481_patch_0_1.jpg,B2,B1,0.7235
processed_data_cleaned\test\B2\DSC07481_patch_1_0.jpg,B2,B1,0.9518
processed_data_cleaned\test\B2\DSC07481_patch_1_1.jpg,B2,A1,0.4881
processed_data_cleaned\test\B2\DSC07481_patch_2_0.jpg,B2,A1,0.7823
processed_data_cleaned\test\B2\DSC07481_patch_2_1.jpg,B2,B1,0.6429
processed_data_cleaned\test\B2\DSC07481_patch_2_2.jpg,B2,A2,0.4019
processed_data_cleaned\test\B2\DSC07481_patch_2_3.jpg,B2,A2,0.5143
processed_data_cleaned\test\B2\DSC07481_patch_2_4.jpg,B2,B1,0.406
processed_data_cleaned\test\B2\DSC07481_patch_3_2.jpg,B2,A1,0.4923
processed_data_cleaned\test\B2\DSC07482_patch_0_0.jpg,B2,B1,0.8309
processed_data_cleaned\test\B2\DSC07482_patch_0_2.jpg,B2,B1,0.8318
processed_data_cleaned\test\B2\DSC07482_patch_1_3.jpg,B2,A1,0.7832
processed_data_cleaned\test\B2\DSC07482_patch_1_4.jpg,B2,A1,0.4641
processed_data_cleaned\test\B2\DSC07482_patch_2_1.jpg,B2,A1,0.479
processed_data_cleaned\test\B2\DSC07482_patch_2_2.jpg,B2,A1,0.5401
processed_data_cleaned\test\B2\DSC07483_patch_0_1.jpg,B2,B1,0.5206
processed_data_cleaned\test\B2\DSC07483_patch_0_2.jpg,B2,B1,0.7856
processed_data_cleaned\test\B2\DSC07483_patch_0_3.jpg,B2,A1,0.6719
processed_data_cleaned\test\B2\DSC07483_patch_1_0.jpg,B2,B1,0.5017
processed_data_cleaned\test\B2\DSC07483_patch_1_1.jpg,B2,B1,0.9042
processed_data_cleaned\test\B2\DSC07483_patch_3_1.jpg,B2,B1,0.9105
processed_data_cleaned\test\B2\DSC07483_patch_3_2.jpg,B2,A1,0.5049
processed_data_cleaned\test\B2\DSC07484_patch_0_1.jpg,B2,B1,0.7084
processed_data_cleaned\test\B2\DSC07484_patch_2_0.jpg,B2,A1,0.6433
processed_data_cleaned\test\B2\DSC07484_patch_2_1.jpg,B2,B1,0.3624
processed_data_cleaned\test\B2\DSC07484_patch_2_2.jpg,B2,B1,0.8252
processed_data_cleaned\test\B2\DSC07485_patch_0_0.jpg,B2,A1,0.3575
processed_data_cleaned\test\B2\DSC07485_patch_0_2.jpg,B2,A1,0.3189
processed_data_cleaned\test\B2\DSC07485_patch_1_0.jpg,B2,A2,0.6015
processed_data_cleaned\test\B2\DSC07485_patch_1_1.jpg,B2,A1,0.4527
processed_data_cleaned\test\B2\DSC07485_patch_1_2.jpg,B2,A1,0.7438
processed_data_cleaned\test\B2\DSC07485_patch_1_3.jpg,B2,B1,0.4005
processed_data_cleaned\test\B2\DSC07485_patch_1_4.jpg,B2,A2,0.4937
processed_data_cleaned\test\B2\DSC07485_patch_1_5.jpg,B2,A1,0.3777
processed_data_cleaned\test\B2\DSC07485_patch_2_1.jpg,B2,A2,0.6991
processed_data_cleaned\test\B2\DSC07485_patch_2_4.jpg,B2,B1,0.465
processed_data_cleaned\test\B2\DSC07485_patch_2_5.jpg,B2,A2,0.6717
processed_data_cleaned\test\B2\DSC07485_patch_3_0.jpg,B2,A1,0.4941
processed_data_cleaned\test\B2\DSC07485_patch_3_5.jpg,B2,A1,0.6225
processed_data_cleaned\test\B2\DSC07486_patch_0_3.jpg,B2,B1,0.4315
processed_data_cleaned\test\B2\DSC07486_patch_0_5.jpg,B2,B1,0.5234
processed_data_cleaned\test\B2\DSC07486_patch_1_0.jpg,B2,A1,0.3036
processed_data_cleaned\test\B2\DSC07486_patch_1_2.jpg,B2,B1,0.6872
processed_data_cleaned\test\B2\DSC07486_patch_1_3.jpg,B2,A1,0.5151
processed_data_cleaned\test\B2\DSC07486_patch_2_0.jpg,B2,A1,0.4356
processed_data_cleaned\test\B2\DSC07486_patch_2_4.jpg,B2,A2,0.4386
processed_data_cleaned\test\B2\DSC07486_patch_3_2.jpg,B2,A1,0.8906
processed_data_cleaned\test\B2\DSC07487_patch_0_2.jpg,B2,A1,0.3785
processed_data_cleaned\test\B2\DSC07487_patch_1_0.jpg,B2,B1,0.9276
processed_data_cleaned\test\B2\DSC07487_patch_1_2.jpg,B2,B1,0.9414
processed_data_cleaned\test\B2\DSC07487_patch_2_0.jpg,B2,B1,0.6961
processed_data_cleaned\test\B2\DSC07487_patch_2_2.jpg,B2,B1,0.5708
processed_data_cleaned\test\B2\DSC07487_patch_2_4.jpg,B2,B1,0.8454
processed_data_cleaned\test\B2\DSC07487_patch_3_0.jpg,B2,B1,0.4165
processed_data_cleaned\test\B2\DSC07487_patch_3_3.jpg,B2,A1,0.5666
processed_data_cleaned\test\B2\DSC07487_patch_3_4.jpg,B2,A1,0.8143
processed_data_cleaned\test\B2\DSC07488_patch_1_2.jpg,B2,B1,0.9552
processed_data_cleaned\test\B2\DSC07488_patch_2_3.jpg,B2,B1,0.46
processed_data_cleaned\test\B2\DSC07488_patch_2_5.jpg,B2,A1,0.6855
processed_data_cleaned\test\B2\DSC07488_patch_3_0.jpg,B2,A1,0.9823
processed_data_cleaned\test\B2\DSC07488_patch_3_1.jpg,B2,A1,0.9352
processed_data_cleaned\test\B2\DSC07488_patch_3_2.jpg,B2,A1,0.8528
processed_data_cleaned\test\B2\DSC07489_patch_0_0.jpg,B2,A1,0.9413
processed_data_cleaned\test\B2\DSC07489_patch_0_2.jpg,B2,A1,0.9389
processed_data_cleaned\test\B2\DSC07489_patch_0_3.jpg,B2,A2,0.4531
processed_data_cleaned\test\B2\DSC07489_patch_1_2.jpg,B2,A1,0.6705
processed_data_cleaned\test\B2\DSC07489_patch_1_4.jpg,B2,A1,0.5195
processed_data_cleaned\test\B2\DSC07489_patch_2_3.jpg,B2,A1,0.7983
processed_data_cleaned\test\B2\DSC07489_patch_3_1.jpg,B2,A1,0.9731
processed_data_cleaned\test\B2\DSC07489_patch_3_2.jpg,B2,A1,0.7725
processed_data_cleaned\test\B2\DSC07489_patch_3_5.jpg,B2,A1,0.6746
processed_data_cleaned\test\B2\DSC07490_patch_0_3.jpg,B2,B1,0.5856
processed_data_cleaned\test\B2\DSC07490_patch_2_1.jpg,B2,B1,0.9056
processed_data_cleaned\test\B2\DSC07490_patch_3_3.jpg,B2,B1,0.7116
processed_data_cleaned\test\B2\DSC07491_patch_0_2.jpg,B2,A1,0.738
processed_data_cleaned\test\B2\DSC07491_patch_0_3.jpg,B2,B1,0.4722
processed_data_cleaned\test\B2\DSC07491_patch_1_0.jpg,B2,B1,0.6288
processed_data_cleaned\test\B2\DSC07491_patch_1_2.jpg,B2,A1,0.7806
processed_data_cleaned\test\B2\DSC07491_patch_2_0.jpg,B2,B1,0.9596
processed_data_cleaned\test\B2\DSC07491_patch_2_4.jpg,B2,A1,0.4577
processed_data_cleaned\test\B2\DSC07491_patch_3_2.jpg,B2,B1,0.665
processed_data_cleaned\test\B2\DSC07492_patch_0_0.jpg,B2,B1,0.9233
processed_data_cleaned\test\B2\DSC07492_patch_0_5.jpg,B2,B1,0.8323
processed_data_cleaned\test\B2\DSC07492_patch_1_1.jpg,B2,A1,0.4776
processed_data_cleaned\test\B2\DSC07492_patch_1_2.jpg,B2,A1,0.9238
processed_data_cleaned\test\B2\DSC07492_patch_3_0.jpg,B2,B1,0.8309
processed_data_cleaned\test\B2\DSC07492_patch_3_1.jpg,B2,A1,0.7103
processed_data_cleaned\test\B2\DSC07492_patch_3_2.jpg,B2,A1,0.7978
processed_data_cleaned\test\B2\DSC07494_patch_1_0.jpg,B2,B1,0.3615
processed_data_cleaned\test\B2\DSC07494_patch_1_2.jpg,B2,A1,0.5026
processed_data_cleaned\test\B2\DSC07494_patch_1_5.jpg,B2,B1,0.3886
processed_data_cleaned\test\B2\DSC07495_patch_0_2.jpg,B2,A2,0.758
processed_data_cleaned\test\B2\DSC07495_patch_1_4.jpg,B2,A2,0.704
processed_data_cleaned\test\B2\DSC07495_patch_1_5.jpg,B2,A1,0.5161
processed_data_cleaned\test\B2\DSC07495_patch_2_5.jpg,B2,A2,0.6574
processed_data_cleaned\test\B2\DSC07495_patch_3_0.jpg,B2,B1,0.6678
processed_data_cleaned\test\B2\DSC07496_patch_0_1.jpg,B2,B1,0.8776
processed_data_cleaned\test\B2\DSC07496_patch_0_4.jpg,B2,B1,0.4735
processed_data_cleaned\test\B2\DSC07496_patch_2_1.jpg,B2,B1,0.5422
processed_data_cleaned\test\B2\DSC07496_patch_2_3.jpg,B2,B1,0.4976
processed_data_cleaned\test\B2\DSC07496_patch_3_1.jpg,B2,A2,0.9096
processed_data_cleaned\test\B2\DSC07497_patch_0_5.jpg,B2,B1,0.7363
processed_data_cleaned\test\B2\DSC07497_patch_1_1.jpg,B2,A1,0.4648
processed_data_cleaned\test\B2\DSC07497_patch_1_4.jpg,B2,A1,0.5043
processed_data_cleaned\test\B2\DSC07497_patch_2_1.jpg,B2,A1,0.5924
processed_data_cleaned\test\B2\DSC07497_patch_2_4.jpg,B2,A1,0.9206
processed_data_cleaned\test\B2\DSC07497_patch_3_0.jpg,B2,A1,0.4794
processed_data_cleaned\test\B2\DSC07497_patch_3_1.jpg,B2,A2,0.8364
processed_data_cleaned\test\B2\DSC07497_patch_3_2.jpg,B2,A2,0.4849
processed_data_cleaned\test\B2\DSC07497_patch_3_3.jpg,B2,A2,0.7858
processed_data_cleaned\test\B2\DSC07497_patch_3_4.jpg,B2,A2,0.9344
processed_data_cleaned\test\B2\DSC07498_patch_1_0.jpg,B2,A2,0.9841
processed_data_cleaned\test\B2\DSC07498_patch_2_1.jpg,B2,A1,0.8373
processed_data_cleaned\test\B2\DSC07498_patch_2_4.jpg,B2,A1,0.6653
processed_data_cleaned\test\B2\DSC07498_patch_3_1.jpg,B2,A1,0.4244
processed_data_cleaned\test\B2\DSC07498_patch_3_2.jpg,B2,A2,0.4795
processed_data_cleaned\test\B2\DSC07498_patch_3_4.jpg,B2,A2,0.3817
processed_data_cleaned\test\B2\DSC07498_patch_3_5.jpg,B2,A1,0.3765
processed_data_cleaned\test\B2\DSC07499_patch_0_3.jpg,B2,A2,0.7155
processed_data_cleaned\test\B2\DSC07499_patch_2_0.jpg,B2,A1,0.509
processed_data_cleaned\test\B2\DSC07499_patch_2_3.jpg,B2,A2,0.781
processed_data_cleaned\test\B2\DSC07499_patch_2_5.jpg,B2,A2,0.9655
processed_data_cleaned\test\B2\DSC07499_patch_3_0.jpg,B2,A1,0.7559
processed_data_cleaned\test\B2\DSC07499_patch_3_1.jpg,B2,A2,0.5806
processed_data_cleaned\test\B2\DSC07499_patch_3_2.jpg,B2,A2,0.7872
processed_data_cleaned\test\B2\DSC07499_patch_3_5.jpg,B2,A1,0.6898
processed_data_cleaned\test\B2\DSC07500_patch_0_4.jpg,B2,B1,0.8769
processed_data_cleaned\test\B2\DSC07500_patch_1_3.jpg,B2,B1,0.9792
processed_data_cleaned\test\B2\DSC07500_patch_1_4.jpg,B2,B1,0.9364
processed_data_cleaned\test\B2\DSC07500_patch_1_5.jpg,B2,A1,0.3637
processed_data_cleaned\test\B2\DSC07500_patch_2_0.jpg,B2,A1,0.7855
processed_data_cleaned\test\B2\DSC07500_patch_2_3.jpg,B2,B1,0.9871
processed_data_cleaned\test\B2\DSC07500_patch_2_4.jpg,B2,B1,0.6334
processed_data_cleaned\test\B2\DSC07500_patch_2_5.jpg,B2,A1,0.6133
processed_data_cleaned\test\B2\DSC07500_patch_3_2.jpg,B2,B1,0.4146
processed_data_cleaned\test\B2\DSC07502_patch_0_1.jpg,B2,B1,0.9756
processed_data_cleaned\test\B2\DSC07502_patch_0_2.jpg,B2,B1,0.8465
processed_data_cleaned\test\B2\DSC07502_patch_0_3.jpg,B2,B1,0.7506
processed_data_cleaned\test\B2\DSC07502_patch_0_4.jpg,B2,B1,0.6026
processed_data_cleaned\test\B2\DSC07502_patch_1_1.jpg,B2,A1,0.4776
processed_data_cleaned\test\B2\DSC07502_patch_1_2.jpg,B2,B1,0.5919
processed_data_cleaned\test\B2\DSC07502_patch_1_3.jpg,B2,B1,0.6552
processed_data_cleaned\test\B2\DSC07502_patch_2_0.jpg,B2,A1,0.7012
processed_data_cleaned\test\B2\DSC07502_patch_2_1.jpg,B2,A1,0.5517
processed_data_cleaned\test\B2\DSC07502_patch_2_3.jpg,B2,A1,0.5563
processed_data_cleaned\test\B2\DSC07502_patch_2_4.jpg,B2,A1,0.5691
processed_data_cleaned\test\B2\DSC07502_patch_3_3.jpg,B2,A1,0.4763
processed_data_cleaned\test\B2\DSC07503_patch_0_2.jpg,B2,B1,0.5464
processed_data_cleaned\test\B2\DSC07503_patch_0_4.jpg,B2,B1,0.3793
processed_data_cleaned\test\B2\DSC07503_patch_0_5.jpg,B2,A1,0.8357
processed_data_cleaned\test\B2\DSC07503_patch_1_0.jpg,B2,B1,0.5362
processed_data_cleaned\test\B2\DSC07503_patch_1_2.jpg,B2,B1,0.9558
processed_data_cleaned\test\B2\DSC07503_patch_1_3.jpg,B2,B1,0.9111
processed_data_cleaned\test\B2\DSC07503_patch_1_4.jpg,B2,B1,0.9322
processed_data_cleaned\test\B2\DSC07503_patch_1_5.jpg,B2,B1,0.9612
processed_data_cleaned\test\B2\DSC07503_patch_2_0.jpg,B2,B1,0.8822
processed_data_cleaned\test\B2\DSC07503_patch_2_1.jpg,B2,B1,0.9827
processed_data_cleaned\test\B2\DSC07503_patch_2_2.jpg,B2,B1,0.9156
processed_data_cleaned\test\B2\DSC07503_patch_2_3.jpg,B2,B1,0.9348
processed_data_cleaned\test\B2\DSC07503_patch_3_0.jpg,B2,A1,0.6342
processed_data_cleaned\test\B2\DSC07503_patch_3_1.jpg,B2,B1,0.7076
processed_data_cleaned\test\B2\DSC07504_patch_0_1.jpg,B2,B1,0.618
processed_data_cleaned\test\B2\DSC07504_patch_0_2.jpg,B2,A1,0.6111
processed_data_cleaned\test\B2\DSC07504_patch_0_3.jpg,B2,A1,0.8658
processed_data_cleaned\test\B2\DSC07504_patch_0_4.jpg,B2,A1,0.7494
processed_data_cleaned\test\B2\DSC07504_patch_1_1.jpg,B2,B1,0.9036
processed_data_cleaned\test\B2\DSC07504_patch_1_2.jpg,B2,A1,0.7391
processed_data_cleaned\test\B2\DSC07504_patch_1_3.jpg,B2,A1,0.9153
processed_data_cleaned\test\B2\DSC07504_patch_1_4.jpg,B2,A1,0.9235
processed_data_cleaned\test\B2\DSC07504_patch_2_1.jpg,B2,B1,0.5322
processed_data_cleaned\test\B2\DSC07504_patch_2_2.jpg,B2,B1,0.4802
processed_data_cleaned\test\B2\DSC07504_patch_2_4.jpg,B2,A1,0.5658
processed_data_cleaned\test\B2\DSC07504_patch_2_5.jpg,B2,A1,0.747
processed_data_cleaned\test\B2\DSC07504_patch_3_0.jpg,B2,A1,0.7676
processed_data_cleaned\test\B2\DSC07504_patch_3_1.jpg,B2,A1,0.5023
processed_data_cleaned\test\B2\DSC07504_patch_3_2.jpg,B2,A1,0.8711
processed_data_cleaned\test\B2\DSC07504_patch_3_3.jpg,B2,A1,0.5444
processed_data_cleaned\test\B2\DSC07504_patch_3_4.jpg,B2,A1,0.918
processed_data_cleaned\test\B2\DSC07505_patch_2_3.jpg,B2,B1,0.455
processed_data_cleaned\test\B2\DSC07505_patch_3_1.jpg,B2,B1,0.5569
processed_data_cleaned\test\B2\DSC07505_patch_3_4.jpg,B2,A2,0.3819
processed_data_cleaned\test\B2\DSC07506_patch_0_1.jpg,B2,B1,0.5291
processed_data_cleaned\test\B2\DSC07506_patch_0_2.jpg,B2,A1,0.7132
processed_data_cleaned\test\B2\DSC07506_patch_0_5.jpg,B2,A1,0.5358
processed_data_cleaned\test\B2\DSC07506_patch_1_0.jpg,B2,B1,0.9091
processed_data_cleaned\test\B2\DSC07506_patch_1_5.jpg,B2,B1,0.48
processed_data_cleaned\test\B2\DSC07506_patch_2_0.jpg,B2,B1,0.5662
processed_data_cleaned\test\B2\DSC07506_patch_2_1.jpg,B2,B1,0.9955
processed_data_cleaned\test\B2\DSC07506_patch_3_0.jpg,B2,A1,0.5137
processed_data_cleaned\test\B2\DSC07506_patch_3_1.jpg,B2,B1,0.3853
processed_data_cleaned\test\B2\DSC07506_patch_3_2.jpg,B2,A1,0.3859
processed_data_cleaned\test\B2\DSC07506_patch_3_4.jpg,B2,A1,0.6057
processed_data_cleaned\test\B2\DSC07508_patch_0_1.jpg,B2,A1,0.6552
processed_data_cleaned\test\B2\DSC07508_patch_0_4.jpg,B2,A1,0.3516
processed_data_cleaned\test\B2\DSC07508_patch_1_0.jpg,B2,B1,0.7385
processed_data_cleaned\test\B2\DSC07508_patch_1_1.jpg,B2,A1,0.6586
processed_data_cleaned\test\B2\DSC07508_patch_1_4.jpg,B2,B1,0.4608
processed_data_cleaned\test\B2\DSC07508_patch_2_0.jpg,B2,A1,0.5747
processed_data_cleaned\test\B2\DSC07508_patch_3_0.jpg,B2,A1,0.9164
processed_data_cleaned\test\B2\DSC07508_patch_3_1.jpg,B2,B1,0.5208
processed_data_cleaned\test\B2\DSC07508_patch_3_3.jpg,B2,A1,0.3342
processed_data_cleaned\test\B2\DSC07509_patch_0_0.jpg,B2,B1,0.5647
processed_data_cleaned\test\B2\DSC07509_patch_0_1.jpg,B2,A1,0.5038
processed_data_cleaned\test\B2\DSC07509_patch_0_3.jpg,B2,B1,0.4214
processed_data_cleaned\test\B2\DSC07509_patch_0_5.jpg,B2,B1,0.5973
processed_data_cleaned\test\B2\DSC07509_patch_1_0.jpg,B2,B1,0.9103
processed_data_cleaned\test\B2\DSC07509_patch_1_2.jpg,B2,A1,0.5187
processed_data_cleaned\test\B2\DSC07509_patch_1_5.jpg,B2,A1,0.8981
processed_data_cleaned\test\B2\DSC07509_patch_2_1.jpg,B2,B1,0.9433
processed_data_cleaned\test\B2\DSC07509_patch_2_2.jpg,B2,B1,0.9397
processed_data_cleaned\test\B2\DSC07509_patch_2_4.jpg,B2,A1,0.5805
processed_data_cleaned\test\B2\DSC07509_patch_3_1.jpg,B2,B1,0.9356
processed_data_cleaned\test\B2\DSC07510_patch_0_0.jpg,B2,A1,0.6568
processed_data_cleaned\test\B2\DSC07510_patch_1_0.jpg,B2,A1,0.6266
processed_data_cleaned\test\B2\DSC07510_patch_1_1.jpg,B2,A1,0.9192
processed_data_cleaned\test\B2\DSC07510_patch_1_2.jpg,B2,A1,0.6371
processed_data_cleaned\test\B2\DSC07510_patch_1_3.jpg,B2,A1,0.8018
processed_data_cleaned\test\B2\DSC07510_patch_3_0.jpg,B2,B1,0.843
processed_data_cleaned\test\B2\DSC07510_patch_3_1.jpg,B2,B1,0.9036
processed_data_cleaned\test\B2\DSC07510_patch_3_2.jpg,B2,B1,0.7052
processed_data_cleaned\test\B2\DSC07512_patch_2_2.jpg,B2,B1,0.4878
processed_data_cleaned\test\B2\DSC07512_patch_3_1.jpg,B2,A1,0.8157
processed_data_cleaned\test\B2\DSC07512_patch_3_4.jpg,B2,B1,0.545
processed_data_cleaned\test\B2\DSC07513_patch_1_1.jpg,B2,A1,0.9293
processed_data_cleaned\test\B2\DSC07513_patch_2_1.jpg,B2,A1,0.9037
processed_data_cleaned\test\B2\DSC07513_patch_3_2.jpg,B2,A1,0.7082
processed_data_cleaned\test\B2\DSC07514_patch_0_1.jpg,B2,B1,0.3714
processed_data_cleaned\test\B2\DSC07514_patch_1_1.jpg,B2,A2,0.5647
processed_data_cleaned\test\B2\DSC07514_patch_2_1.jpg,B2,A2,0.3227
processed_data_cleaned\test\B2\DSC07514_patch_3_4.jpg,B2,A1,0.9246
processed_data_cleaned\test\B2\DSC07515_patch_0_0.jpg,B2,A1,0.9243
processed_data_cleaned\test\B2\DSC07515_patch_0_1.jpg,B2,A1,0.6211
processed_data_cleaned\test\B2\DSC07515_patch_0_4.jpg,B2,A1,0.5497
processed_data_cleaned\test\B2\DSC07515_patch_1_1.jpg,B2,A1,0.5973
processed_data_cleaned\test\B2\DSC07515_patch_2_0.jpg,B2,A1,0.9959
processed_data_cleaned\test\B2\DSC07515_patch_3_3.jpg,B2,B1,0.7166
processed_data_cleaned\test\B2\DSC07517_patch_0_0.jpg,B2,A1,0.361
processed_data_cleaned\test\B2\DSC07517_patch_0_5.jpg,B2,B1,0.3318
processed_data_cleaned\test\B2\DSC07517_patch_1_0.jpg,B2,B1,0.4988
processed_data_cleaned\test\B2\DSC07517_patch_1_1.jpg,B2,B1,0.4769
processed_data_cleaned\test\B2\DSC07517_patch_1_4.jpg,B2,A1,0.9886
processed_data_cleaned\test\B2\DSC07517_patch_2_4.jpg,B2,A1,0.7963
processed_data_cleaned\test\B2\DSC07517_patch_3_0.jpg,B2,B1,0.694
processed_data_cleaned\test\B2\DSC07517_patch_3_1.jpg,B2,B1,0.7462
processed_data_cleaned\test\B2\DSC07517_patch_3_2.jpg,B2,B1,0.4084
processed_data_cleaned\test\B2\DSC07517_patch_3_3.jpg,B2,B1,0.393
processed_data_cleaned\test\B2\DSC07518_patch_0_0.jpg,B2,A1,0.5547
processed_data_cleaned\test\B2\DSC07518_patch_0_2.jpg,B2,B1,0.9286
processed_data_cleaned\test\B2\DSC07518_patch_0_3.jpg,B2,B1,0.4965
processed_data_cleaned\test\B2\DSC07518_patch_0_4.jpg,B2,A1,0.7938
processed_data_cleaned\test\B2\DSC07518_patch_0_5.jpg,B2,A1,0.7329
processed_data_cleaned\test\B2\DSC07518_patch_2_2.jpg,B2,B1,0.566
processed_data_cleaned\test\B2\DSC07518_patch_3_4.jpg,B2,B1,0.559
processed_data_cleaned\test\B2\DSC07519_patch_0_0.jpg,B2,A1,0.4401
processed_data_cleaned\test\B2\DSC07519_patch_1_0.jpg,B2,B1,0.7954
processed_data_cleaned\test\B2\DSC07519_patch_1_2.jpg,B2,A1,0.4001
processed_data_cleaned\test\B2\DSC07519_patch_1_3.jpg,B2,B1,0.6815
processed_data_cleaned\test\B2\DSC07519_patch_1_4.jpg,B2,B1,0.8761
processed_data_cleaned\test\B2\DSC07519_patch_1_5.jpg,B2,B1,0.6671
processed_data_cleaned\test\B2\DSC07519_patch_2_3.jpg,B2,B1,0.6195
processed_data_cleaned\test\B2\DSC07519_patch_2_4.jpg,B2,B1,0.9847
processed_data_cleaned\test\B2\DSC07519_patch_3_3.jpg,B2,B1,0.9746
processed_data_cleaned\test\B2\DSC07520_patch_0_0.jpg,B2,B1,0.9623
processed_data_cleaned\test\B2\DSC07520_patch_1_0.jpg,B2,B1,0.9885
processed_data_cleaned\test\B2\DSC07520_patch_1_1.jpg,B2,B1,0.6273
processed_data_cleaned\test\B2\DSC07520_patch_1_2.jpg,B2,A1,0.9436
processed_data_cleaned\test\B2\DSC07520_patch_3_1.jpg,B2,B1,0.9086
processed_data_cleaned\test\B2\DSC07521_patch_0_2.jpg,B2,A1,0.4806
processed_data_cleaned\test\B2\DSC07521_patch_0_3.jpg,B2,A1,0.5063
processed_data_cleaned\test\B2\DSC07521_patch_1_0.jpg,B2,B1,0.5694
processed_data_cleaned\test\B2\DSC07521_patch_1_1.jpg,B2,B1,0.759
processed_data_cleaned\test\B2\DSC07521_patch_1_3.jpg,B2,B1,0.8022
processed_data_cleaned\test\B2\DSC07521_patch_1_4.jpg,B2,B1,0.8034
processed_data_cleaned\test\B2\DSC07521_patch_2_2.jpg,B2,B1,0.5996
processed_data_cleaned\test\B2\DSC07521_patch_2_4.jpg,B2,B1,0.3674
processed_data_cleaned\test\B2\DSC07522_patch_0_1.jpg,B2,B1,0.9007
processed_data_cleaned\test\B2\DSC07522_patch_2_0.jpg,B2,B1,0.8317
processed_data_cleaned\test\B2\DSC07522_patch_2_2.jpg,B2,B1,0.9747
processed_data_cleaned\test\B2\DSC07522_patch_3_2.jpg,B2,B1,0.9911
processed_data_cleaned\test\B2\DSC07522_patch_3_5.jpg,B2,B1,0.9338
processed_data_cleaned\test\B2\DSC07523_patch_0_5.jpg,B2,B1,0.6834
processed_data_cleaned\test\B2\DSC07523_patch_1_0.jpg,B2,B1,0.9557
processed_data_cleaned\test\B2\DSC07523_patch_1_1.jpg,B2,B1,0.9918
processed_data_cleaned\test\B2\DSC07523_patch_1_4.jpg,B2,B1,0.7537
processed_data_cleaned\test\B2\DSC07523_patch_2_0.jpg,B2,B1,0.9126
processed_data_cleaned\test\B2\DSC07523_patch_2_2.jpg,B2,B1,0.4691
processed_data_cleaned\test\B2\DSC07523_patch_2_3.jpg,B2,B1,0.9486
processed_data_cleaned\test\B2\DSC07523_patch_2_5.jpg,B2,B1,0.4776
processed_data_cleaned\test\B2\DSC07523_patch_3_0.jpg,B2,B1,0.9688
processed_data_cleaned\test\B2\DSC07523_patch_3_1.jpg,B2,A1,0.4584
processed_data_cleaned\test\B2\DSC07523_patch_3_4.jpg,B2,A1,0.4102
processed_data_cleaned\test\B2\DSC07524_patch_1_0.jpg,B2,B1,0.9478
processed_data_cleaned\test\B2\DSC07524_patch_1_1.jpg,B2,B1,0.7956
processed_data_cleaned\test\B2\DSC07524_patch_1_2.jpg,B2,A1,0.595
processed_data_cleaned\test\B2\DSC07524_patch_1_3.jpg,B2,B1,0.7543
processed_data_cleaned\test\B2\DSC07524_patch_1_4.jpg,B2,B1,0.5282
processed_data_cleaned\test\B2\DSC07524_patch_1_5.jpg,B2,A2,0.3566
processed_data_cleaned\test\B2\DSC07524_patch_2_0.jpg,B2,B1,0.8919
processed_data_cleaned\test\B2\DSC07524_patch_2_1.jpg,B2,B1,0.488
processed_data_cleaned\test\B2\DSC07524_patch_2_2.jpg,B2,B1,0.9599
processed_data_cleaned\test\B2\DSC07524_patch_2_3.jpg,B2,B1,0.9941
processed_data_cleaned\test\B2\DSC07524_patch_2_4.jpg,B2,B1,0.486
processed_data_cleaned\test\B2\DSC07524_patch_3_0.jpg,B2,B1,0.4989
processed_data_cleaned\test\B2\DSC07524_patch_3_1.jpg,B2,B1,0.4514
processed_data_cleaned\test\B2\DSC07524_patch_3_2.jpg,B2,A1,0.6306
processed_data_cleaned\test\B2\DSC07525_patch_0_4.jpg,B2,A1,0.3873
processed_data_cleaned\test\B2\DSC07525_patch_1_0.jpg,B2,B1,0.3601
processed_data_cleaned\test\B2\DSC07525_patch_1_4.jpg,B2,A2,0.3357
processed_data_cleaned\test\B2\DSC07525_patch_2_0.jpg,B2,B1,0.9143
processed_data_cleaned\test\B2\DSC07525_patch_2_1.jpg,B2,B1,0.9882
processed_data_cleaned\test\B2\DSC07525_patch_2_2.jpg,B2,B1,0.8845
processed_data_cleaned\test\B2\DSC07525_patch_2_3.jpg,B2,B1,0.9895
processed_data_cleaned\test\B2\DSC07525_patch_3_0.jpg,B2,B1,0.9236
processed_data_cleaned\test\B2\DSC07525_patch_3_1.jpg,B2,B1,0.9862
processed_data_cleaned\test\B2\DSC07525_patch_3_2.jpg,B2,A1,0.6135
processed_data_cleaned\test\B2\DSC07525_patch_3_3.jpg,B2,B1,0.5184
processed_data_cleaned\test\B2\DSC07526_patch_0_4.jpg,B2,A1,0.3353
processed_data_cleaned\test\B2\DSC07526_patch_0_5.jpg,B2,B1,0.4471
processed_data_cleaned\test\B2\DSC07526_patch_1_1.jpg,B2,A1,0.79
processed_data_cleaned\test\B2\DSC07526_patch_2_1.jpg,B2,B1,0.8231
processed_data_cleaned\test\B2\DSC07526_patch_3_1.jpg,B2,B1,0.4959
processed_data_cleaned\test\B2\DSC07526_patch_3_3.jpg,B2,B1,0.5506
processed_data_cleaned\test\B2\DSC07527_patch_0_3.jpg,B2,A2,0.4184
processed_data_cleaned\test\B2\DSC07527_patch_0_4.jpg,B2,A2,0.7161
processed_data_cleaned\test\B2\DSC07527_patch_1_0.jpg,B2,B1,0.8254
processed_data_cleaned\test\B2\DSC07527_patch_1_2.jpg,B2,B1,0.4264
processed_data_cleaned\test\B2\DSC07527_patch_1_4.jpg,B2,B1,0.9811
processed_data_cleaned\test\B2\DSC07527_patch_2_5.jpg,B2,B1,0.9772
processed_data_cleaned\test\B2\DSC07527_patch_3_0.jpg,B2,B1,0.5379
processed_data_cleaned\test\B2\DSC07527_patch_3_5.jpg,B2,B1,0.9952
processed_data_cleaned\test\B2\DSC07529_patch_0_0.jpg,B2,A1,0.3017
processed_data_cleaned\test\B2\DSC07529_patch_0_1.jpg,B2,A1,0.5872
processed_data_cleaned\test\B2\DSC07529_patch_1_2.jpg,B2,B1,0.9366
processed_data_cleaned\test\B2\DSC07529_patch_1_4.jpg,B2,B1,0.7623
processed_data_cleaned\test\B2\DSC07529_patch_1_5.jpg,B2,A2,0.4804
processed_data_cleaned\test\B2\DSC07529_patch_2_0.jpg,B2,B1,0.9851
processed_data_cleaned\test\B2\DSC07529_patch_2_1.jpg,B2,B1,0.9023
processed_data_cleaned\test\B2\DSC07529_patch_2_2.jpg,B2,B1,0.9291
processed_data_cleaned\test\B2\DSC07529_patch_2_4.jpg,B2,B1,0.9952
processed_data_cleaned\test\B2\DSC07529_patch_2_5.jpg,B2,A1,0.6742
processed_data_cleaned\test\B2\DSC07529_patch_3_0.jpg,B2,B1,0.9812
processed_data_cleaned\test\B2\DSC07529_patch_3_1.jpg,B2,A2,0.707
processed_data_cleaned\test\B2\DSC07529_patch_3_5.jpg,B2,B1,0.4873
processed_data_cleaned\test\B2\DSC07530_patch_0_0.jpg,B2,B1,0.9867
processed_data_cleaned\test\B2\DSC07530_patch_0_1.jpg,B2,B1,0.7834
processed_data_cleaned\test\B2\DSC07530_patch_0_2.jpg,B2,B1,0.8988
processed_data_cleaned\test\B2\DSC07530_patch_0_3.jpg,B2,A1,0.5912
processed_data_cleaned\test\B2\DSC07530_patch_0_5.jpg,B2,A1,0.4078
processed_data_cleaned\test\B2\DSC07530_patch_1_0.jpg,B2,B1,0.9881
processed_data_cleaned\test\B2\DSC07530_patch_1_1.jpg,B2,B1,0.7767
processed_data_cleaned\test\B2\DSC07530_patch_1_2.jpg,B2,B1,0.5142
processed_data_cleaned\test\B2\DSC07530_patch_1_3.jpg,B2,A1,0.6848
processed_data_cleaned\test\B2\DSC07530_patch_2_0.jpg,B2,B1,0.9847
processed_data_cleaned\test\B2\DSC07530_patch_2_1.jpg,B2,A2,0.4597
processed_data_cleaned\test\B2\DSC07530_patch_2_2.jpg,B2,B1,0.9369
processed_data_cleaned\test\B2\DSC07530_patch_3_2.jpg,B2,A1,0.6617
processed_data_cleaned\test\B2\DSC07531_patch_0_0.jpg,B2,B1,0.6933
processed_data_cleaned\test\B2\DSC07531_patch_0_1.jpg,B2,A2,0.5791
processed_data_cleaned\test\B2\DSC07531_patch_0_2.jpg,B2,B1,0.9838
processed_data_cleaned\test\B2\DSC07531_patch_0_3.jpg,B2,A1,0.5119
processed_data_cleaned\test\B2\DSC07531_patch_0_5.jpg,B2,A1,0.5984
processed_data_cleaned\test\B2\DSC07531_patch_1_1.jpg,B2,B1,0.7374
processed_data_cleaned\test\B2\DSC07531_patch_1_2.jpg,B2,A1,0.6793
processed_data_cleaned\test\B2\DSC07531_patch_1_3.jpg,B2,A1,0.5871
processed_data_cleaned\test\B2\DSC07531_patch_2_0.jpg,B2,B1,0.9299
processed_data_cleaned\test\B2\DSC07531_patch_2_2.jpg,B2,B1,0.7324
processed_data_cleaned\test\B2\DSC07531_patch_3_4.jpg,B2,B1,0.7396
processed_data_cleaned\test\B2\DSC07533_patch_1_3.jpg,B2,B1,0.6519
processed_data_cleaned\test\B2\DSC07533_patch_2_2.jpg,B2,B1,0.7456
processed_data_cleaned\test\B2\DSC07533_patch_2_5.jpg,B2,A1,0.4287
processed_data_cleaned\test\B2\DSC07533_patch_3_1.jpg,B2,B1,0.8873
processed_data_cleaned\test\B2\DSC07533_patch_3_2.jpg,B2,A1,0.5793
processed_data_cleaned\test\B2\DSC07533_patch_3_3.jpg,B2,B1,0.6301
processed_data_cleaned\test\B2\DSC07533_patch_3_4.jpg,B2,A1,0.6635
processed_data_cleaned\test\B2\DSC07534_patch_0_1.jpg,B2,B1,0.639
processed_data_cleaned\test\B2\DSC07534_patch_0_2.jpg,B2,B1,0.696
processed_data_cleaned\test\B2\DSC07534_patch_0_3.jpg,B2,B1,0.7169
processed_data_cleaned\test\B2\DSC07534_patch_0_4.jpg,B2,B1,0.4614
processed_data_cleaned\test\B2\DSC07534_patch_1_2.jpg,B2,A1,0.898
processed_data_cleaned\test\B2\DSC07534_patch_1_3.jpg,B2,B1,0.6498
processed_data_cleaned\test\B2\DSC07534_patch_1_4.jpg,B2,B1,0.6939
processed_data_cleaned\test\B2\DSC07534_patch_1_5.jpg,B2,B1,0.4979
processed_data_cleaned\test\B2\DSC07534_patch_2_0.jpg,B2,B1,0.4287
processed_data_cleaned\test\B2\DSC07534_patch_2_3.jpg,B2,B1,0.5499
processed_data_cleaned\test\B2\DSC07536_patch_0_3.jpg,B2,B1,0.602
processed_data_cleaned\test\B2\DSC07536_patch_1_3.jpg,B2,B1,0.9663
processed_data_cleaned\test\B2\DSC07536_patch_1_4.jpg,B2,B1,0.9951
processed_data_cleaned\test\B2\DSC07536_patch_1_5.jpg,B2,B1,0.9705
processed_data_cleaned\test\B2\DSC07536_patch_2_5.jpg,B2,B1,0.9652
processed_data_cleaned\test\B2\DSC07537_patch_0_3.jpg,B2,B1,0.6861
processed_data_cleaned\test\B2\DSC07537_patch_1_0.jpg,B2,B1,0.7096
processed_data_cleaned\test\B2\DSC07537_patch_1_2.jpg,B2,A1,0.8186
processed_data_cleaned\test\B2\DSC07537_patch_1_3.jpg,B2,A1,0.8954
processed_data_cleaned\test\B2\DSC07537_patch_2_3.jpg,B2,B1,0.5092
processed_data_cleaned\test\B2\DSC07537_patch_3_5.jpg,B2,B1,0.3661
processed_data_cleaned\test\B2\DSC07538_patch_0_5.jpg,B2,A1,0.9118
processed_data_cleaned\test\B2\DSC07538_patch_1_2.jpg,B2,A1,0.7258
processed_data_cleaned\test\B2\DSC07538_patch_1_5.jpg,B2,B1,0.5635
processed_data_cleaned\test\B2\DSC07538_patch_2_0.jpg,B2,B1,0.6727
processed_data_cleaned\test\B2\DSC07538_patch_3_2.jpg,B2,B1,0.6192
processed_data_cleaned\test\B2\DSC07538_patch_3_3.jpg,B2,A1,0.4603
processed_data_cleaned\test\B2\DSC07539_patch_0_1.jpg,B2,A1,0.619
processed_data_cleaned\test\B2\DSC07539_patch_0_2.jpg,B2,A1,0.3963
processed_data_cleaned\test\B2\DSC07539_patch_0_3.jpg,B2,A1,0.4137
processed_data_cleaned\test\B2\DSC07539_patch_1_2.jpg,B2,A1,0.6336
processed_data_cleaned\test\B2\DSC07539_patch_2_1.jpg,B2,A1,0.7189
processed_data_cleaned\test\B2\DSC07539_patch_2_2.jpg,B2,A1,0.6924
processed_data_cleaned\test\B2\DSC07539_patch_2_3.jpg,B2,A1,0.4691
processed_data_cleaned\test\B2\DSC07539_patch_2_5.jpg,B2,A1,0.8185
processed_data_cleaned\test\B2\DSC07539_patch_3_0.jpg,B2,A1,0.8773
processed_data_cleaned\test\B2\DSC07539_patch_3_1.jpg,B2,A1,0.886
processed_data_cleaned\test\B2\DSC07539_patch_3_2.jpg,B2,A1,0.8972
processed_data_cleaned\test\B2\DSC07539_patch_3_3.jpg,B2,A1,0.571
processed_data_cleaned\test\B2\DSC07540_patch_0_1.jpg,B2,A1,0.7313
processed_data_cleaned\test\B2\DSC07540_patch_0_4.jpg,B2,A1,0.7706
processed_data_cleaned\test\B2\DSC07540_patch_3_0.jpg,B2,A1,0.3082
processed_data_cleaned\test\B2\DSC07541_patch_1_0.jpg,B2,B1,0.5518
processed_data_cleaned\test\B2\DSC07541_patch_2_4.jpg,B2,B1,0.7733
processed_data_cleaned\test\B2\DSC07541_patch_2_5.jpg,B2,B1,0.7094
processed_data_cleaned\test\B2\DSC07541_patch_3_1.jpg,B2,A1,0.9029
processed_data_cleaned\test\B2\DSC07541_patch_3_3.jpg,B2,A1,0.9655
processed_data_cleaned\test\B2\DSC07541_patch_3_5.jpg,B2,B1,0.8508
processed_data_cleaned\test\B2\DSC07542_patch_0_0.jpg,B2,B1,0.495
processed_data_cleaned\test\B2\DSC07542_patch_0_1.jpg,B2,A1,0.7935
processed_data_cleaned\test\B2\DSC07542_patch_0_2.jpg,B2,A1,0.5472
processed_data_cleaned\test\B2\DSC07542_patch_0_4.jpg,B2,B1,0.4403
processed_data_cleaned\test\B2\DSC07542_patch_1_0.jpg,B2,B1,0.4437
processed_data_cleaned\test\B2\DSC07542_patch_3_1.jpg,B2,A1,0.5966
processed_data_cleaned\test\B2\DSC07542_patch_3_2.jpg,B2,B1,0.6296
processed_data_cleaned\test\B2\DSC07544_patch_0_1.jpg,B2,A1,0.5042
processed_data_cleaned\test\B2\DSC07544_patch_0_3.jpg,B2,A1,0.6627
processed_data_cleaned\test\B2\DSC07544_patch_0_4.jpg,B2,B1,0.8163
processed_data_cleaned\test\B2\DSC07544_patch_0_5.jpg,B2,A1,0.7559
processed_data_cleaned\test\B2\DSC07544_patch_2_0.jpg,B2,A1,0.9874
processed_data_cleaned\test\B2\DSC07544_patch_2_1.jpg,B2,A1,0.9332
processed_data_cleaned\test\B2\DSC07544_patch_2_3.jpg,B2,A1,0.841
processed_data_cleaned\test\B2\DSC07544_patch_2_4.jpg,B2,B1,0.5946
processed_data_cleaned\test\B2\DSC07544_patch_2_5.jpg,B2,A1,0.3958
processed_data_cleaned\test\B2\DSC07544_patch_3_0.jpg,B2,A1,0.8969
processed_data_cleaned\test\B2\DSC07544_patch_3_1.jpg,B2,A1,0.8976
processed_data_cleaned\test\B2\DSC07544_patch_3_3.jpg,B2,A1,0.9226
processed_data_cleaned\test\B2\DSC07544_patch_3_4.jpg,B2,A1,0.7755
processed_data_cleaned\test\B2\DSC07544_patch_3_5.jpg,B2,A1,0.5526
processed_data_cleaned\test\B2\DSC07545_patch_0_2.jpg,B2,A2,0.5664
processed_data_cleaned\test\B2\DSC07545_patch_0_3.jpg,B2,B1,0.5438
processed_data_cleaned\test\B2\DSC07545_patch_0_4.jpg,B2,B1,0.6779
processed_data_cleaned\test\B2\DSC07545_patch_0_5.jpg,B2,B1,0.7666
processed_data_cleaned\test\B2\DSC07545_patch_1_3.jpg,B2,B1,0.4996
processed_data_cleaned\test\B2\DSC07545_patch_2_4.jpg,B2,A1,0.9782
processed_data_cleaned\test\B2\DSC07545_patch_2_5.jpg,B2,A1,0.5736
processed_data_cleaned\test\B2\DSC07545_patch_3_1.jpg,B2,B1,0.9175
processed_data_cleaned\test\B2\DSC07545_patch_3_3.jpg,B2,B1,0.873
processed_data_cleaned\test\B2\DSC07545_patch_3_4.jpg,B2,A1,0.7624
processed_data_cleaned\test\B2\DSC07545_patch_3_5.jpg,B2,A1,0.8056
processed_data_cleaned\test\B2\DSC07548_patch_0_4.jpg,B2,B1,0.7573
processed_data_cleaned\test\B2\DSC07548_patch_0_5.jpg,B2,B1,0.7033
processed_data_cleaned\test\B2\DSC07548_patch_1_0.jpg,B2,B1,0.9439
processed_data_cleaned\test\B2\DSC07548_patch_1_1.jpg,B2,B1,0.929
processed_data_cleaned\test\B2\DSC07548_patch_1_4.jpg,B2,B1,0.6939
processed_data_cleaned\test\B2\DSC07548_patch_1_5.jpg,B2,B1,0.9569
processed_data_cleaned\test\B2\DSC07548_patch_2_1.jpg,B2,B1,0.7268
processed_data_cleaned\test\B2\DSC07548_patch_2_5.jpg,B2,B1,0.5274
processed_data_cleaned\test\B2\DSC07549_patch_0_3.jpg,B2,A1,0.9507
processed_data_cleaned\test\B2\DSC07549_patch_1_4.jpg,B2,A1,0.4349
processed_data_cleaned\test\B2\DSC07550_patch_0_1.jpg,B2,A1,0.9623
processed_data_cleaned\test\B2\DSC07550_patch_1_2.jpg,B2,B1,0.9008
processed_data_cleaned\test\B2\DSC07550_patch_1_3.jpg,B2,B1,0.8447
processed_data_cleaned\test\B2\DSC07550_patch_1_4.jpg,B2,B1,0.7082
processed_data_cleaned\test\B2\DSC07550_patch_2_2.jpg,B2,B1,0.8137
processed_data_cleaned\test\B2\DSC07550_patch_2_4.jpg,B2,A1,0.8025
processed_data_cleaned\test\B2\DSC07550_patch_3_2.jpg,B2,B1,0.5865
processed_data_cleaned\test\B2\DSC07550_patch_3_3.jpg,B2,B1,0.6424
processed_data_cleaned\test\B2\DSC07550_patch_3_4.jpg,B2,A1,0.5809
processed_data_cleaned\test\B2\DSC07551_patch_0_1.jpg,B2,B1,0.8335
processed_data_cleaned\test\B2\DSC07551_patch_0_2.jpg,B2,B1,0.5771
processed_data_cleaned\test\B2\DSC07551_patch_0_3.jpg,B2,B1,0.4745
processed_data_cleaned\test\B2\DSC07551_patch_0_4.jpg,B2,A1,0.8647
processed_data_cleaned\test\B2\DSC07551_patch_1_2.jpg,B2,B1,0.5974
processed_data_cleaned\test\B2\DSC07551_patch_1_3.jpg,B2,B1,0.689
processed_data_cleaned\test\B2\DSC07551_patch_1_4.jpg,B2,A1,0.7434
processed_data_cleaned\test\B2\DSC07551_patch_2_3.jpg,B2,B1,0.6645
processed_data_cleaned\test\B2\DSC07551_patch_2_4.jpg,B2,A2,0.5505
processed_data_cleaned\test\B2\DSC07552_patch_2_0.jpg,B2,A1,0.7517
processed_data_cleaned\test\B2\DSC07552_patch_2_1.jpg,B2,A1,0.5946
processed_data_cleaned\test\B2\DSC07552_patch_2_2.jpg,B2,B1,0.5548
processed_data_cleaned\test\B2\DSC07552_patch_3_0.jpg,B2,B1,0.766
processed_data_cleaned\test\B2\DSC07552_patch_3_1.jpg,B2,B1,0.9679
processed_data_cleaned\test\B2\DSC07552_patch_3_2.jpg,B2,B1,0.9799
processed_data_cleaned\test\B2\DSC07553_patch_2_1.jpg,B2,A2,0.3497
processed_data_cleaned\test\B2\DSC07553_patch_2_2.jpg,B2,B1,0.639
processed_data_cleaned\test\B2\DSC07553_patch_3_0.jpg,B2,A1,0.4935
processed_data_cleaned\test\B2\DSC07553_patch_3_1.jpg,B2,B1,0.7165
processed_data_cleaned\test\B2\DSC07553_patch_3_2.jpg,B2,B1,0.9255
processed_data_cleaned\test\B2\DSC07553_patch_3_3.jpg,B2,B1,0.9944
processed_data_cleaned\test\B2\DSC07553_patch_3_5.jpg,B2,B1,0.7305
processed_data_cleaned\test\B2\DSC07554_patch_0_0.jpg,B2,B1,0.836
processed_data_cleaned\test\B2\DSC07554_patch_0_1.jpg,B2,B1,0.9899
processed_data_cleaned\test\B2\DSC07554_patch_0_2.jpg,B2,B1,0.961
processed_data_cleaned\test\B2\DSC07554_patch_0_3.jpg,B2,A1,0.7028
processed_data_cleaned\test\B2\DSC07554_patch_0_4.jpg,B2,B1,0.9285
processed_data_cleaned\test\B2\DSC07554_patch_1_1.jpg,B2,B1,0.9688
processed_data_cleaned\test\B2\DSC07554_patch_1_2.jpg,B2,B1,0.9567
processed_data_cleaned\test\B2\DSC07554_patch_2_1.jpg,B2,A1,0.7435
processed_data_cleaned\test\B2\DSC07554_patch_2_2.jpg,B2,B1,0.9616
processed_data_cleaned\test\B2\DSC07554_patch_2_3.jpg,B2,B1,0.8699
processed_data_cleaned\test\B2\DSC07554_patch_2_4.jpg,B2,B1,0.7884
processed_data_cleaned\test\B2\DSC07554_patch_2_5.jpg,B2,A1,0.4972
processed_data_cleaned\test\B2\DSC07554_patch_3_0.jpg,B2,B1,0.5793
processed_data_cleaned\test\B2\DSC07554_patch_3_1.jpg,B2,A1,0.5209
processed_data_cleaned\test\B2\DSC07554_patch_3_4.jpg,B2,B1,0.5715
processed_data_cleaned\test\B2\DSC07555_patch_0_1.jpg,B2,A2,0.8571
processed_data_cleaned\test\B2\DSC07555_patch_0_2.jpg,B2,B1,0.6329
processed_data_cleaned\test\B2\DSC07561_patch_0_0.jpg,B2,B1,0.9356
processed_data_cleaned\test\B2\DSC07561_patch_0_1.jpg,B2,B1,0.9186
processed_data_cleaned\test\B2\DSC07561_patch_0_2.jpg,B2,B1,0.9962
processed_data_cleaned\test\B2\DSC07561_patch_0_3.jpg,B2,A1,0.7075
processed_data_cleaned\test\B2\DSC07561_patch_0_5.jpg,B2,B1,0.5908
processed_data_cleaned\test\B2\DSC07561_patch_1_0.jpg,B2,B1,0.996
processed_data_cleaned\test\B2\DSC07561_patch_1_1.jpg,B2,B1,0.9987
processed_data_cleaned\test\B2\DSC07561_patch_1_2.jpg,B2,B1,0.9072
processed_data_cleaned\test\B2\DSC07561_patch_1_3.jpg,B2,B1,0.9699
processed_data_cleaned\test\B2\DSC07561_patch_1_4.jpg,B2,B1,0.9707
processed_data_cleaned\test\B2\DSC07561_patch_2_0.jpg,B2,B1,0.9339
processed_data_cleaned\test\B2\DSC07561_patch_2_1.jpg,B2,B1,0.9697
processed_data_cleaned\test\B2\DSC07561_patch_2_2.jpg,B2,B1,0.9933
processed_data_cleaned\test\B2\DSC07561_patch_2_4.jpg,B2,B1,0.9175
processed_data_cleaned\test\B2\DSC07561_patch_2_5.jpg,B2,B1,0.4536
processed_data_cleaned\test\B2\DSC07561_patch_3_1.jpg,B2,B1,0.9827
processed_data_cleaned\test\B2\DSC07561_patch_3_2.jpg,B2,B1,0.9301
processed_data_cleaned\test\B2\DSC07561_patch_3_3.jpg,B2,B1,0.963
processed_data_cleaned\test\B2\DSC07561_patch_3_4.jpg,B2,B1,0.9358
processed_data_cleaned\test\B2\DSC07562_patch_0_0.jpg,B2,B1,0.7621
processed_data_cleaned\test\B2\DSC07562_patch_0_1.jpg,B2,B1,0.9942
processed_data_cleaned\test\B2\DSC07562_patch_0_4.jpg,B2,B1,0.8566
processed_data_cleaned\test\B2\DSC07562_patch_0_5.jpg,B2,A1,0.6936
processed_data_cleaned\test\B2\DSC07562_patch_1_0.jpg,B2,B1,0.9917
processed_data_cleaned\test\B2\DSC07562_patch_1_1.jpg,B2,B1,0.9721
processed_data_cleaned\test\B2\DSC07562_patch_1_2.jpg,B2,B1,0.9594
processed_data_cleaned\test\B2\DSC07562_patch_1_3.jpg,B2,B1,0.8962
processed_data_cleaned\test\B2\DSC07562_patch_1_4.jpg,B2,B1,0.9464
processed_data_cleaned\test\B2\DSC07562_patch_1_5.jpg,B2,B1,0.832
processed_data_cleaned\test\B2\DSC07562_patch_2_1.jpg,B2,B1,0.9745
processed_data_cleaned\test\B2\DSC07562_patch_2_2.jpg,B2,B1,0.9861
processed_data_cleaned\test\B2\DSC07562_patch_2_4.jpg,B2,B1,0.9715
processed_data_cleaned\test\B2\DSC07562_patch_2_5.jpg,B2,B1,0.5344
processed_data_cleaned\test\B2\DSC07562_patch_3_0.jpg,B2,B1,0.8015
processed_data_cleaned\test\B2\DSC07562_patch_3_1.jpg,B2,B1,0.5467
processed_data_cleaned\test\B2\DSC07562_patch_3_2.jpg,B2,A1,0.8424
processed_data_cleaned\test\B2\DSC07562_patch_3_3.jpg,B2,A1,0.6755
processed_data_cleaned\test\B2\DSC07562_patch_3_4.jpg,B2,A1,0.7832
processed_data_cleaned\test\B2\DSC07563_patch_0_1.jpg,B2,B1,0.9997
processed_data_cleaned\test\B2\DSC07563_patch_0_2.jpg,B2,B1,0.9959
processed_data_cleaned\test\B2\DSC07563_patch_1_2.jpg,B2,A1,0.6199
processed_data_cleaned\test\B2\DSC07563_patch_1_4.jpg,B2,B1,0.7335
processed_data_cleaned\test\B2\DSC07563_patch_1_5.jpg,B2,A1,0.6278
processed_data_cleaned\test\B2\DSC07563_patch_2_0.jpg,B2,B1,0.9896
processed_data_cleaned\test\B2\DSC07563_patch_2_3.jpg,B2,B1,0.9731
processed_data_cleaned\test\B2\DSC07563_patch_2_4.jpg,B2,B1,0.8291
processed_data_cleaned\test\B2\DSC07563_patch_2_5.jpg,B2,B1,0.8901
processed_data_cleaned\test\B2\DSC07563_patch_3_1.jpg,B2,B1,0.9897
processed_data_cleaned\test\B2\DSC07563_patch_3_2.jpg,B2,B1,0.979
processed_data_cleaned\test\B2\DSC07563_patch_3_3.jpg,B2,B1,0.8359
processed_data_cleaned\test\B2\DSC07563_patch_3_5.jpg,B2,B1,0.9691
processed_data_cleaned\test\B2\DSC07564_patch_0_0.jpg,B2,B1,0.9614
processed_data_cleaned\test\B2\DSC07564_patch_0_1.jpg,B2,B1,0.8373
processed_data_cleaned\test\B2\DSC07564_patch_0_2.jpg,B2,B1,0.724
processed_data_cleaned\test\B2\DSC07564_patch_0_3.jpg,B2,B1,0.9298
processed_data_cleaned\test\B2\DSC07564_patch_0_5.jpg,B2,B1,0.7835
processed_data_cleaned\test\B2\DSC07564_patch_1_5.jpg,B2,A1,0.637
processed_data_cleaned\test\B2\DSC07564_patch_2_1.jpg,B2,B1,0.9696
processed_data_cleaned\test\B2\DSC07564_patch_2_2.jpg,B2,A1,0.9635
processed_data_cleaned\test\B2\DSC07564_patch_2_3.jpg,B2,A1,0.9948
processed_data_cleaned\test\B2\DSC07564_patch_2_4.jpg,B2,A1,0.9491
processed_data_cleaned\test\B2\DSC07564_patch_2_5.jpg,B2,B1,0.4694
processed_data_cleaned\test\B2\DSC07564_patch_3_0.jpg,B2,B1,0.9252
processed_data_cleaned\test\B2\DSC07564_patch_3_1.jpg,B2,B1,0.9511
processed_data_cleaned\test\B2\DSC07564_patch_3_2.jpg,B2,B1,0.7403
processed_data_cleaned\test\B2\DSC07564_patch_3_3.jpg,B2,A1,0.3417
processed_data_cleaned\test\B2\DSC07564_patch_3_4.jpg,B2,B1,0.5438
processed_data_cleaned\test\B2\DSC07564_patch_3_5.jpg,B2,B1,0.9247
processed_data_cleaned\test\B2\DSC07565_patch_0_0.jpg,B2,A1,0.6404
processed_data_cleaned\test\B2\DSC07565_patch_0_1.jpg,B2,A1,0.6245
processed_data_cleaned\test\B2\DSC07565_patch_0_3.jpg,B2,A1,0.8064
processed_data_cleaned\test\B2\DSC07565_patch_0_4.jpg,B2,A1,0.9707
processed_data_cleaned\test\B2\DSC07565_patch_1_0.jpg,B2,A1,0.6966
processed_data_cleaned\test\B2\DSC07565_patch_1_1.jpg,B2,B1,0.643
processed_data_cleaned\test\B2\DSC07565_patch_1_2.jpg,B2,A1,0.8199
processed_data_cleaned\test\B2\DSC07565_patch_1_3.jpg,B2,A1,0.9706
processed_data_cleaned\test\B2\DSC07565_patch_1_4.jpg,B2,B1,0.5897
processed_data_cleaned\test\B2\DSC07565_patch_2_3.jpg,B2,A1,0.8985
processed_data_cleaned\test\B2\DSC07565_patch_2_4.jpg,B2,A1,0.8108
processed_data_cleaned\test\B2\DSC07566_patch_0_1.jpg,B2,B1,0.3437
processed_data_cleaned\test\B2\DSC07566_patch_0_5.jpg,B2,B1,0.6482
processed_data_cleaned\test\B2\DSC07566_patch_1_2.jpg,B2,B1,0.385
processed_data_cleaned\test\B2\DSC07566_patch_1_3.jpg,B2,A1,0.8126
processed_data_cleaned\test\B2\DSC07566_patch_1_4.jpg,B2,A2,0.4263
processed_data_cleaned\test\B2\DSC07566_patch_2_0.jpg,B2,A1,0.7095
processed_data_cleaned\test\B2\DSC07566_patch_2_1.jpg,B2,B1,0.6722
processed_data_cleaned\test\B2\DSC07566_patch_2_2.jpg,B2,A1,0.8023
processed_data_cleaned\test\B2\DSC07566_patch_3_0.jpg,B2,B1,0.5979
processed_data_cleaned\test\B2\DSC07566_patch_3_1.jpg,B2,A1,0.4112
processed_data_cleaned\test\B2\DSC07566_patch_3_3.jpg,B2,B1,0.7834
processed_data_cleaned\test\B2\DSC07569_patch_0_4.jpg,B2,B1,0.5549
processed_data_cleaned\test\B2\DSC07569_patch_1_2.jpg,B2,B1,0.8023
processed_data_cleaned\test\B2\DSC07569_patch_2_2.jpg,B2,B1,0.5119
processed_data_cleaned\test\B2\DSC07569_patch_2_3.jpg,B2,B1,0.9721
processed_data_cleaned\test\B2\DSC07569_patch_3_2.jpg,B2,B1,0.7421
processed_data_cleaned\test\B2\DSC07569_patch_3_3.jpg,B2,A2,0.6444
processed_data_cleaned\test\B2\DSC07570_patch_1_0.jpg,B2,B1,0.414
processed_data_cleaned\test\B2\DSC07570_patch_1_1.jpg,B2,B1,0.5258
processed_data_cleaned\test\B2\DSC07570_patch_2_1.jpg,B2,B1,0.9601
processed_data_cleaned\test\B2\DSC07570_patch_2_3.jpg,B2,A1,0.4654
processed_data_cleaned\test\B2\DSC07570_patch_3_2.jpg,B2,B1,0.8644
processed_data_cleaned\test\B2\DSC07571_patch_0_0.jpg,B2,B1,0.386
processed_data_cleaned\test\B2\DSC07571_patch_0_1.jpg,B2,B1,0.6934
processed_data_cleaned\test\B2\DSC07571_patch_0_2.jpg,B2,B1,0.9763
processed_data_cleaned\test\B2\DSC07571_patch_0_3.jpg,B2,A1,0.5168
processed_data_cleaned\test\B2\DSC07571_patch_0_5.jpg,B2,B1,0.5635
processed_data_cleaned\test\B2\DSC07571_patch_1_0.jpg,B2,A1,0.8095
processed_data_cleaned\test\B2\DSC07571_patch_2_0.jpg,B2,B1,0.4714
processed_data_cleaned\test\B2\DSC07571_patch_2_1.jpg,B2,A1,0.648
processed_data_cleaned\test\B2\DSC07571_patch_2_2.jpg,B2,B1,0.7726
processed_data_cleaned\test\B2\DSC07571_patch_2_4.jpg,B2,B1,0.8775
processed_data_cleaned\test\B2\DSC07571_patch_2_5.jpg,B2,B1,0.9484
processed_data_cleaned\test\B2\DSC07571_patch_3_0.jpg,B2,B1,0.5317
processed_data_cleaned\test\B2\DSC07571_patch_3_5.jpg,B2,B1,0.907
processed_data_cleaned\test\B2\DSC07572_patch_1_3.jpg,B2,B1,0.7716
processed_data_cleaned\test\B2\DSC07572_patch_1_4.jpg,B2,B1,0.8878
processed_data_cleaned\test\B2\DSC07572_patch_1_5.jpg,B2,A2,0.5242
processed_data_cleaned\test\B2\DSC07572_patch_2_2.jpg,B2,B1,0.5068
processed_data_cleaned\test\B2\DSC07572_patch_2_3.jpg,B2,B1,0.676
processed_data_cleaned\test\B2\DSC07572_patch_2_5.jpg,B2,A2,0.4985
processed_data_cleaned\test\B2\DSC07572_patch_3_0.jpg,B2,B1,0.5628
processed_data_cleaned\test\B2\DSC07572_patch_3_1.jpg,B2,B1,0.4427
processed_data_cleaned\test\B2\DSC07572_patch_3_4.jpg,B2,B1,0.6658
processed_data_cleaned\test\B2\DSC07572_patch_3_5.jpg,B2,B1,0.7152
processed_data_cleaned\test\B2\DSC07573_patch_0_2.jpg,B2,A2,0.4142
processed_data_cleaned\test\B2\DSC07573_patch_2_4.jpg,B2,A1,0.6397
processed_data_cleaned\test\B2\DSC07573_patch_3_0.jpg,B2,B1,0.9855
processed_data_cleaned\test\B2\DSC07573_patch_3_1.jpg,B2,B1,0.7857
processed_data_cleaned\test\B2\DSC07573_patch_3_2.jpg,B2,B1,0.96
processed_data_cleaned\test\B2\DSC07573_patch_3_3.jpg,B2,B1,0.456
processed_data_cleaned\test\B2\DSC07573_patch_3_5.jpg,B2,B1,0.5229
processed_data_cleaned\test\B2\DSC07574_patch_0_0.jpg,B2,B1,0.4018
processed_data_cleaned\test\B2\DSC07574_patch_1_2.jpg,B2,B1,0.5772
processed_data_cleaned\test\B2\DSC07574_patch_1_5.jpg,B2,A1,0.9131
processed_data_cleaned\test\B2\DSC07574_patch_2_1.jpg,B2,B1,0.7927
processed_data_cleaned\test\B2\DSC07574_patch_2_2.jpg,B2,A2,0.6022
processed_data_cleaned\test\B2\DSC07574_patch_3_0.jpg,B2,B1,0.9572
processed_data_cleaned\test\B2\DSC07574_patch_3_2.jpg,B2,B1,0.6298
processed_data_cleaned\test\B2\DSC07574_patch_3_3.jpg,B2,A1,0.4568
processed_data_cleaned\test\B2\DSC07574_patch_3_4.jpg,B2,B1,0.6104
processed_data_cleaned\test\B2\DSC07575_patch_0_1.jpg,B2,A1,0.4611
processed_data_cleaned\test\B2\DSC07575_patch_0_2.jpg,B2,B1,0.9115
processed_data_cleaned\test\B2\DSC07575_patch_0_3.jpg,B2,B1,0.7294
processed_data_cleaned\test\B2\DSC07575_patch_1_1.jpg,B2,B1,0.6193
processed_data_cleaned\test\B2\DSC07575_patch_1_3.jpg,B2,A1,0.6273
processed_data_cleaned\test\B2\DSC07575_patch_1_4.jpg,B2,A1,0.7117
processed_data_cleaned\test\B2\DSC07575_patch_1_5.jpg,B2,A2,0.3288
processed_data_cleaned\test\B2\DSC07575_patch_2_2.jpg,B2,A1,0.8313
processed_data_cleaned\test\B2\DSC07575_patch_2_3.jpg,B2,A1,0.4907
processed_data_cleaned\test\B2\DSC07575_patch_2_5.jpg,B2,A1,0.5846
processed_data_cleaned\test\B2\DSC07575_patch_3_2.jpg,B2,B1,0.5722
processed_data_cleaned\test\B2\DSC07575_patch_3_3.jpg,B2,A1,0.56
processed_data_cleaned\test\B2\DSC07576_patch_0_0.jpg,B2,A1,0.4379
processed_data_cleaned\test\B2\DSC07576_patch_0_1.jpg,B2,A1,0.6991
processed_data_cleaned\test\B2\DSC07576_patch_0_2.jpg,B2,A1,0.8072
processed_data_cleaned\test\B2\DSC07576_patch_0_4.jpg,B2,B1,0.4855
processed_data_cleaned\test\B2\DSC07576_patch_1_1.jpg,B2,A1,0.5855
processed_data_cleaned\test\B2\DSC07576_patch_1_4.jpg,B2,B1,0.695
processed_data_cleaned\test\B2\DSC07576_patch_2_0.jpg,B2,A1,0.8418
processed_data_cleaned\test\B2\DSC07576_patch_2_1.jpg,B2,A1,0.9608
processed_data_cleaned\test\B2\DSC07576_patch_2_3.jpg,B2,A1,0.8755
processed_data_cleaned\test\B2\DSC07576_patch_3_0.jpg,B2,A1,0.9322
processed_data_cleaned\test\B2\DSC07576_patch_3_1.jpg,B2,A1,0.8325
processed_data_cleaned\test\B2\DSC07576_patch_3_4.jpg,B2,A1,0.668
processed_data_cleaned\test\B2\DSC07577_patch_0_1.jpg,B2,A1,0.6323
processed_data_cleaned\test\B2\DSC07577_patch_0_2.jpg,B2,B1,0.5567
processed_data_cleaned\test\B2\DSC07577_patch_1_1.jpg,B2,A1,0.6624
processed_data_cleaned\test\B2\DSC07577_patch_2_5.jpg,B2,A1,0.6712
processed_data_cleaned\test\B2\DSC07577_patch_3_0.jpg,B2,B1,0.6915
processed_data_cleaned\test\B2\DSC08839_patch_0_1.jpg,B2,B1,0.9917
processed_data_cleaned\test\B2\DSC08839_patch_0_2.jpg,B2,B1,0.8259
processed_data_cleaned\test\B2\DSC08839_patch_0_3.jpg,B2,B1,0.5132
processed_data_cleaned\test\B2\DSC08839_patch_1_1.jpg,B2,B1,0.6365
processed_data_cleaned\test\B2\DSC08839_patch_2_0.jpg,B2,B1,0.4264
processed_data_cleaned\test\B2\DSC08839_patch_2_1.jpg,B2,B1,0.7926
processed_data_cleaned\test\B2\DSC08839_patch_2_4.jpg,B2,A1,0.6079
processed_data_cleaned\test\B2\DSC08839_patch_2_5.jpg,B2,B1,0.9799
processed_data_cleaned\test\B2\DSC08839_patch_3_5.jpg,B2,B1,0.9382
processed_data_cleaned\test\B2\DSC08840_patch_0_1.jpg,B2,B1,0.499
processed_data_cleaned\test\B2\DSC08840_patch_0_5.jpg,B2,A1,0.4519
processed_data_cleaned\test\B2\DSC08840_patch_1_1.jpg,B2,B1,0.8195
processed_data_cleaned\test\B2\DSC08840_patch_1_3.jpg,B2,B1,0.9814
processed_data_cleaned\test\B2\DSC08840_patch_1_4.jpg,B2,B1,0.9177
processed_data_cleaned\test\B2\DSC08840_patch_2_0.jpg,B2,B1,0.619
processed_data_cleaned\test\B2\DSC08840_patch_2_4.jpg,B2,B1,0.8573
processed_data_cleaned\test\B2\DSC08840_patch_3_3.jpg,B2,A1,0.7506
processed_data_cleaned\test\B2\DSC08840_patch_3_4.jpg,B2,B1,0.5635
processed_data_cleaned\test\B2\DSC08841_patch_0_0.jpg,B2,B1,0.61
processed_data_cleaned\test\B2\DSC08841_patch_0_1.jpg,B2,B1,0.9953
processed_data_cleaned\test\B2\DSC08841_patch_0_2.jpg,B2,B1,0.8236
processed_data_cleaned\test\B2\DSC08841_patch_0_3.jpg,B2,A1,0.7522
processed_data_cleaned\test\B2\DSC08841_patch_0_4.jpg,B2,A2,0.5904
processed_data_cleaned\test\B2\DSC08841_patch_1_1.jpg,B2,B1,0.9619
processed_data_cleaned\test\B2\DSC08841_patch_1_2.jpg,B2,B1,0.8188
processed_data_cleaned\test\B2\DSC08841_patch_1_3.jpg,B2,B1,0.9745
processed_data_cleaned\test\B2\DSC08841_patch_1_4.jpg,B2,B1,0.9462
processed_data_cleaned\test\B2\DSC08841_patch_1_5.jpg,B2,A1,0.7766
processed_data_cleaned\test\B2\DSC08841_patch_2_3.jpg,B2,B1,0.9737
processed_data_cleaned\test\B2\DSC08841_patch_3_1.jpg,B2,B1,0.3913
processed_data_cleaned\test\B2\DSC08841_patch_3_2.jpg,B2,A1,0.6714
processed_data_cleaned\test\B2\DSC08841_patch_3_3.jpg,B2,B1,0.6198
processed_data_cleaned\test\B2\DSC08841_patch_3_5.jpg,B2,B1,0.857
processed_data_cleaned\test\B2\DSC08842_patch_0_2.jpg,B2,B1,0.807
processed_data_cleaned\test\B2\DSC08842_patch_0_3.jpg,B2,B1,0.7417
processed_data_cleaned\test\B2\DSC08842_patch_1_0.jpg,B2,B1,0.9702
processed_data_cleaned\test\B2\DSC08842_patch_1_1.jpg,B2,B1,0.9782
processed_data_cleaned\test\B2\DSC08842_patch_1_2.jpg,B2,B1,0.9848
processed_data_cleaned\test\B2\DSC08842_patch_1_3.jpg,B2,B1,0.9903
processed_data_cleaned\test\B2\DSC08842_patch_2_1.jpg,B2,B1,0.8441
processed_data_cleaned\test\B2\DSC08842_patch_2_2.jpg,B2,B1,0.8878
processed_data_cleaned\test\B2\DSC08842_patch_2_3.jpg,B2,B1,0.5711
processed_data_cleaned\test\B2\DSC08842_patch_3_0.jpg,B2,B1,0.7186
processed_data_cleaned\test\B2\DSC08842_patch_3_4.jpg,B2,A1,0.5178
processed_data_cleaned\test\B2\DSC08843_patch_0_1.jpg,B2,B1,0.9257
processed_data_cleaned\test\B2\DSC08843_patch_0_3.jpg,B2,B1,0.4434
processed_data_cleaned\test\B2\DSC08843_patch_1_0.jpg,B2,B1,0.813
processed_data_cleaned\test\B2\DSC08843_patch_2_1.jpg,B2,B1,0.9435
processed_data_cleaned\test\B2\DSC08843_patch_2_2.jpg,B2,B1,0.9359
processed_data_cleaned\test\B2\DSC08843_patch_2_3.jpg,B2,B1,0.9854
processed_data_cleaned\test\B2\DSC08843_patch_3_2.jpg,B2,B1,0.8525
processed_data_cleaned\test\B2\DSC08843_patch_3_3.jpg,B2,B1,0.987
processed_data_cleaned\test\B2\DSC08844_patch_0_3.jpg,B2,B1,0.8006
processed_data_cleaned\test\B2\DSC08844_patch_1_1.jpg,B2,B1,0.9769
processed_data_cleaned\test\B2\DSC08844_patch_1_4.jpg,B2,B1,0.9055
processed_data_cleaned\test\B2\DSC08844_patch_2_4.jpg,B2,B1,0.8888
processed_data_cleaned\test\B2\DSC08844_patch_2_5.jpg,B2,B1,0.8112
processed_data_cleaned\test\B2\DSC08844_patch_3_2.jpg,B2,B1,0.9551
processed_data_cleaned\test\B2\DSC08844_patch_3_3.jpg,B2,B1,0.9794
processed_data_cleaned\test\B2\DSC08844_patch_3_5.jpg,B2,B1,0.8967
processed_data_cleaned\test\B2\DSC08845_patch_0_0.jpg,B2,B1,0.7742
processed_data_cleaned\test\B2\DSC08845_patch_0_3.jpg,B2,B1,0.997
processed_data_cleaned\test\B2\DSC08845_patch_0_4.jpg,B2,B1,0.9845
processed_data_cleaned\test\B2\DSC08845_patch_1_4.jpg,B2,B1,0.999
processed_data_cleaned\test\B2\DSC08845_patch_2_0.jpg,B2,B1,0.7404
processed_data_cleaned\test\B2\DSC08845_patch_2_1.jpg,B2,A1,0.6893
processed_data_cleaned\test\B2\DSC08845_patch_2_3.jpg,B2,B1,0.8845
processed_data_cleaned\test\B2\DSC08845_patch_2_5.jpg,B2,B1,0.7838
processed_data_cleaned\test\B2\DSC08845_patch_3_3.jpg,B2,B1,0.9956
processed_data_cleaned\test\B2\DSC08845_patch_3_4.jpg,B2,B1,0.9415
processed_data_cleaned\test\B2\DSC08845_patch_3_5.jpg,B2,A1,0.4825
processed_data_cleaned\test\B2\DSC08846_patch_0_1.jpg,B2,A2,0.6628
processed_data_cleaned\test\B2\DSC08846_patch_0_2.jpg,B2,B1,0.5549
processed_data_cleaned\test\B2\DSC08846_patch_0_4.jpg,B2,B1,0.9571
processed_data_cleaned\test\B2\DSC08846_patch_1_3.jpg,B2,A1,0.6688
processed_data_cleaned\test\B2\DSC08846_patch_1_4.jpg,B2,B1,0.9628
processed_data_cleaned\test\B2\DSC08846_patch_1_5.jpg,B2,B1,0.9629
processed_data_cleaned\test\B2\DSC08846_patch_2_1.jpg,B2,A2,0.9604
processed_data_cleaned\test\B2\DSC08846_patch_2_2.jpg,B2,B1,0.8593
processed_data_cleaned\test\B2\DSC08846_patch_2_3.jpg,B2,B1,0.7003
processed_data_cleaned\test\B2\DSC08846_patch_2_5.jpg,B2,B1,0.9965
processed_data_cleaned\test\B2\DSC08846_patch_3_0.jpg,B2,A1,0.5579
processed_data_cleaned\test\B2\DSC08846_patch_3_1.jpg,B2,A2,0.5157
processed_data_cleaned\test\B2\DSC08846_patch_3_4.jpg,B2,B1,0.7947
processed_data_cleaned\test\B2\DSC08847_patch_0_3.jpg,B2,B1,0.9117
processed_data_cleaned\test\B2\DSC08847_patch_0_4.jpg,B2,A1,0.5875
processed_data_cleaned\test\B2\DSC08847_patch_1_3.jpg,B2,A1,0.417
processed_data_cleaned\test\B2\DSC08847_patch_1_4.jpg,B2,B1,0.4802
processed_data_cleaned\test\B2\DSC08847_patch_1_5.jpg,B2,B1,0.5797
processed_data_cleaned\test\B2\DSC08847_patch_2_5.jpg,B2,B1,0.4652
processed_data_cleaned\test\B2\DSC08847_patch_3_4.jpg,B2,B1,0.8056
processed_data_cleaned\test\B2\DSC08847_patch_3_5.jpg,B2,B1,0.5659
processed_data_cleaned\test\B2\DSC08848_patch_0_0.jpg,B2,B1,0.9809
processed_data_cleaned\test\B2\DSC08848_patch_0_2.jpg,B2,B1,0.7477
processed_data_cleaned\test\B2\DSC08848_patch_0_3.jpg,B2,B1,0.9635
processed_data_cleaned\test\B2\DSC08848_patch_0_4.jpg,B2,B1,0.733
processed_data_cleaned\test\B2\DSC08848_patch_1_1.jpg,B2,A1,0.8496
processed_data_cleaned\test\B2\DSC08848_patch_1_3.jpg,B2,B1,0.9866
processed_data_cleaned\test\B2\DSC08848_patch_1_4.jpg,B2,B1,0.5516
processed_data_cleaned\test\B2\DSC08848_patch_1_5.jpg,B2,A2,0.6348
processed_data_cleaned\test\B2\DSC08848_patch_2_2.jpg,B2,A1,0.8556
processed_data_cleaned\test\B2\DSC08848_patch_2_3.jpg,B2,B1,0.9102
processed_data_cleaned\test\B2\DSC08848_patch_2_4.jpg,B2,B1,0.5499
processed_data_cleaned\test\B2\DSC08848_patch_3_0.jpg,B2,B1,0.7841
processed_data_cleaned\test\B2\DSC08848_patch_3_2.jpg,B2,B1,0.6152
processed_data_cleaned\test\B2\DSC08848_patch_3_4.jpg,B2,B1,0.5121
processed_data_cleaned\test\B2\DSC08848_patch_3_5.jpg,B2,B1,0.6262
processed_data_cleaned\test\B2\DSC08849_patch_0_2.jpg,B2,B1,0.9724
processed_data_cleaned\test\B2\DSC08849_patch_1_2.jpg,B2,A1,0.4002
processed_data_cleaned\test\B2\DSC08849_patch_2_3.jpg,B2,B1,0.9599
processed_data_cleaned\test\B2\DSC08849_patch_3_2.jpg,B2,B1,0.93
processed_data_cleaned\test\B2\DSC08849_patch_3_3.jpg,B2,B1,0.8011
processed_data_cleaned\test\B2\DSC08849_patch_3_4.jpg,B2,B1,0.9743
processed_data_cleaned\test\B2\DSC08849_patch_3_5.jpg,B2,B1,0.7506
processed_data_cleaned\test\B2\DSC08850_patch_0_1.jpg,B2,B1,0.467
processed_data_cleaned\test\B2\DSC08850_patch_0_2.jpg,B2,B1,0.5378
processed_data_cleaned\test\B2\DSC08850_patch_1_1.jpg,B2,B1,0.935
processed_data_cleaned\test\B2\DSC08850_patch_1_3.jpg,B2,B1,0.6819
processed_data_cleaned\test\B2\DSC08850_patch_2_0.jpg,B2,B1,0.8193
processed_data_cleaned\test\B2\DSC08850_patch_2_3.jpg,B2,B1,0.6286
processed_data_cleaned\test\B2\DSC08850_patch_2_4.jpg,B2,B1,0.5225
processed_data_cleaned\test\B2\DSC08850_patch_3_4.jpg,B2,A1,0.5215
processed_data_cleaned\test\B2\DSC08850_patch_3_5.jpg,B2,A2,0.5249
processed_data_cleaned\test\B2\DSC08851_patch_0_3.jpg,B2,B1,0.8882
processed_data_cleaned\test\B2\DSC08851_patch_0_4.jpg,B2,B1,0.6931
processed_data_cleaned\test\B2\DSC08851_patch_1_3.jpg,B2,A1,0.595
processed_data_cleaned\test\B2\DSC08851_patch_1_4.jpg,B2,B1,0.9619
processed_data_cleaned\test\B2\DSC08851_patch_1_5.jpg,B2,A2,0.4214
processed_data_cleaned\test\B2\DSC08851_patch_2_0.jpg,B2,B1,0.9858
processed_data_cleaned\test\B2\DSC08851_patch_2_1.jpg,B2,B1,0.7572
processed_data_cleaned\test\B2\DSC08851_patch_2_3.jpg,B2,B1,0.8772
processed_data_cleaned\test\B2\DSC08851_patch_2_4.jpg,B2,A1,0.7219
processed_data_cleaned\test\B2\DSC08851_patch_2_5.jpg,B2,B1,0.7811
processed_data_cleaned\test\B2\DSC08851_patch_3_0.jpg,B2,B1,0.9809
processed_data_cleaned\test\B2\DSC08851_patch_3_3.jpg,B2,B1,0.7556
processed_data_cleaned\test\B2\DSC08851_patch_3_5.jpg,B2,B1,0.5094
processed_data_cleaned\test\B2\DSC08852_patch_0_0.jpg,B2,B1,0.7111
processed_data_cleaned\test\B2\DSC08852_patch_1_3.jpg,B2,B1,0.997
processed_data_cleaned\test\B2\DSC08852_patch_1_4.jpg,B2,B1,0.8025
processed_data_cleaned\test\B2\DSC08852_patch_1_5.jpg,B2,A1,0.5682
processed_data_cleaned\test\B2\DSC08852_patch_2_4.jpg,B2,B1,0.9548
processed_data_cleaned\test\B2\DSC08852_patch_3_1.jpg,B2,B1,0.9909
processed_data_cleaned\test\B2\DSC08852_patch_3_2.jpg,B2,B1,0.8318
processed_data_cleaned\test\B2\DSC08852_patch_3_3.jpg,B2,B1,0.9703
processed_data_cleaned\test\B2\DSC08852_patch_3_4.jpg,B2,A1,0.8486
processed_data_cleaned\test\B2\DSC08853_patch_0_0.jpg,B2,B1,0.9541
processed_data_cleaned\test\B2\DSC08853_patch_0_4.jpg,B2,B1,0.4527
processed_data_cleaned\test\B2\DSC08853_patch_0_5.jpg,B2,B1,0.8026
processed_data_cleaned\test\B2\DSC08853_patch_1_0.jpg,B2,B1,0.9359
processed_data_cleaned\test\B2\DSC08853_patch_1_5.jpg,B2,B1,0.7571
processed_data_cleaned\test\B2\DSC08853_patch_2_2.jpg,B2,B1,0.9355
processed_data_cleaned\test\B2\DSC08853_patch_2_5.jpg,B2,B1,0.9325
processed_data_cleaned\test\B2\DSC08854_patch_1_2.jpg,B2,A2,0.5507
processed_data_cleaned\test\B2\DSC08854_patch_2_0.jpg,B2,B1,0.8202
processed_data_cleaned\test\B2\DSC08854_patch_2_4.jpg,B2,B1,0.9068
processed_data_cleaned\test\B2\DSC08854_patch_3_0.jpg,B2,B1,0.9927
processed_data_cleaned\test\B2\DSC08854_patch_3_4.jpg,B2,B1,0.899
processed_data_cleaned\test\B2\DSC08854_patch_3_5.jpg,B2,A1,0.5747
processed_data_cleaned\test\B2\DSC08855_patch_0_1.jpg,B2,A1,0.6778
processed_data_cleaned\test\B2\DSC08855_patch_1_1.jpg,B2,B1,0.6639
processed_data_cleaned\test\B2\DSC08855_patch_1_3.jpg,B2,B1,0.9418
processed_data_cleaned\test\B2\DSC08855_patch_1_5.jpg,B2,A1,0.7714
processed_data_cleaned\test\B2\DSC08855_patch_2_1.jpg,B2,B1,0.9966
processed_data_cleaned\test\B2\DSC08855_patch_2_2.jpg,B2,B1,0.9876
processed_data_cleaned\test\B2\DSC08855_patch_2_3.jpg,B2,B1,0.9726
processed_data_cleaned\test\B2\DSC08855_patch_2_4.jpg,B2,B1,0.9454
processed_data_cleaned\test\B2\DSC08855_patch_2_5.jpg,B2,B1,0.9707
processed_data_cleaned\test\B2\DSC08855_patch_3_1.jpg,B2,B1,0.9925
processed_data_cleaned\test\B2\DSC08855_patch_3_2.jpg,B2,B1,0.9909
processed_data_cleaned\test\B2\DSC08855_patch_3_4.jpg,B2,B1,0.9636
processed_data_cleaned\test\B2\DSC08855_patch_3_5.jpg,B2,B1,0.9308
processed_data_cleaned\test\B2\DSC08857_patch_1_2.jpg,B2,B1,0.8821
processed_data_cleaned\test\B2\DSC08857_patch_2_2.jpg,B2,B1,0.882
processed_data_cleaned\test\B2\DSC08857_patch_2_5.jpg,B2,B1,0.9375
processed_data_cleaned\test\B2\DSC08862_patch_0_0.jpg,B2,B1,0.8103
processed_data_cleaned\test\B2\DSC08862_patch_1_2.jpg,B2,B1,0.6169
processed_data_cleaned\test\B2\DSC08862_patch_1_3.jpg,B2,B1,0.4426
processed_data_cleaned\test\B2\DSC08862_patch_2_3.jpg,B2,B1,0.8373
processed_data_cleaned\test\B2\DSC08862_patch_2_4.jpg,B2,A2,0.8545
processed_data_cleaned\test\B2\DSC08862_patch_3_1.jpg,B2,B1,0.6124
processed_data_cleaned\test\B2\DSC08862_patch_3_3.jpg,B2,B1,0.7839
processed_data_cleaned\test\B2\DSC08862_patch_3_4.jpg,B2,B1,0.7504
processed_data_cleaned\test\B2\DSC08863_patch_0_5.jpg,B2,A1,0.4936
processed_data_cleaned\test\B2\DSC08863_patch_1_4.jpg,B2,B1,0.6887
processed_data_cleaned\test\B2\DSC08863_patch_1_5.jpg,B2,A2,0.6311
processed_data_cleaned\test\B2\DSC08863_patch_2_1.jpg,B2,B1,0.903
processed_data_cleaned\test\B2\DSC08863_patch_2_5.jpg,B2,B1,0.899
processed_data_cleaned\test\B2\DSC08863_patch_3_5.jpg,B2,B1,0.9579
processed_data_cleaned\test\B2\DSC08864_patch_0_2.jpg,B2,B1,0.8213
processed_data_cleaned\test\B2\DSC08864_patch_1_0.jpg,B2,B1,0.5019
processed_data_cleaned\test\B2\DSC08864_patch_1_3.jpg,B2,B1,0.982
processed_data_cleaned\test\B2\DSC08864_patch_2_1.jpg,B2,B1,0.6963
processed_data_cleaned\test\B2\DSC08864_patch_2_2.jpg,B2,B1,0.7969
processed_data_cleaned\test\B2\DSC08864_patch_2_3.jpg,B2,B1,0.9816
processed_data_cleaned\test\B2\DSC08864_patch_3_2.jpg,B2,B1,0.839
processed_data_cleaned\test\B2\DSC08864_patch_3_4.jpg,B2,B1,0.991
processed_data_cleaned\test\B2\DSC08864_patch_3_5.jpg,B2,B1,0.6888
processed_data_cleaned\test\B2\DSC08872_patch_0_0.jpg,B2,B1,0.9892
processed_data_cleaned\test\B2\DSC08872_patch_0_1.jpg,B2,B1,0.5017
processed_data_cleaned\test\B2\DSC08872_patch_0_2.jpg,B2,A1,0.4015
processed_data_cleaned\test\B2\DSC08872_patch_0_3.jpg,B2,A1,0.6946
processed_data_cleaned\test\B2\DSC08872_patch_0_4.jpg,B2,A1,0.7803
processed_data_cleaned\test\B2\DSC08872_patch_1_0.jpg,B2,B1,0.9255
processed_data_cleaned\test\B2\DSC08872_patch_1_1.jpg,B2,A1,0.7818
processed_data_cleaned\test\B2\DSC08872_patch_1_2.jpg,B2,A1,0.8123
processed_data_cleaned\test\B2\DSC08872_patch_1_3.jpg,B2,A1,0.4997
processed_data_cleaned\test\B2\DSC08872_patch_2_2.jpg,B2,B1,0.5
processed_data_cleaned\test\B2\DSC08872_patch_3_0.jpg,B2,B1,0.5068
processed_data_cleaned\test\B2\DSC08872_patch_3_1.jpg,B2,A1,0.9696
processed_data_cleaned\test\B2\DSC08872_patch_3_4.jpg,B2,A1,0.7549
processed_data_cleaned\test\B2\DSC08876_patch_0_5.jpg,B2,B1,0.8583
processed_data_cleaned\test\B2\DSC08876_patch_1_5.jpg,B2,B1,0.9957
processed_data_cleaned\test\B2\DSC08877_patch_0_1.jpg,B2,B1,0.8296
processed_data_cleaned\test\B2\DSC08877_patch_1_3.jpg,B2,A1,0.5078
processed_data_cleaned\test\B2\DSC08877_patch_1_5.jpg,B2,B1,0.9727
processed_data_cleaned\test\B2\DSC08877_patch_3_5.jpg,B2,B1,0.9514
processed_data_cleaned\test\B2\DSC08878_patch_2_0.jpg,B2,A1,0.6321
processed_data_cleaned\test\B2\DSC08878_patch_3_0.jpg,B2,A1,0.7669
processed_data_cleaned\test\B2\DSC08878_patch_3_5.jpg,B2,B1,0.6472
processed_data_cleaned\test\B2\DSC08881_patch_0_0.jpg,B2,A2,0.4277
processed_data_cleaned\test\B2\DSC08881_patch_0_1.jpg,B2,B1,0.6439
processed_data_cleaned\test\B2\DSC08881_patch_0_2.jpg,B2,B1,0.8021
processed_data_cleaned\test\B2\DSC08881_patch_0_5.jpg,B2,B1,0.5431
processed_data_cleaned\test\B2\DSC08881_patch_1_1.jpg,B2,B1,0.7078
processed_data_cleaned\test\B2\DSC08881_patch_1_2.jpg,B2,B1,0.495
processed_data_cleaned\test\B2\DSC08881_patch_2_3.jpg,B2,B1,0.7955
processed_data_cleaned\test\B2\DSC08881_patch_2_5.jpg,B2,B1,0.8346
processed_data_cleaned\test\B2\DSC08883_patch_0_3.jpg,B2,B1,0.4638
processed_data_cleaned\test\B2\DSC08883_patch_0_4.jpg,B2,A2,0.5298
processed_data_cleaned\test\B2\DSC08883_patch_1_3.jpg,B2,B1,0.7629
processed_data_cleaned\test\B2\DSC08883_patch_1_4.jpg,B2,B1,0.8282
processed_data_cleaned\test\B2\DSC08883_patch_2_1.jpg,B2,A1,0.4104
processed_data_cleaned\test\B2\DSC08883_patch_2_2.jpg,B2,B1,0.7183
processed_data_cleaned\test\B2\DSC08883_patch_2_3.jpg,B2,B1,0.9734
processed_data_cleaned\test\B2\DSC08883_patch_2_4.jpg,B2,B1,0.8731
processed_data_cleaned\test\B2\DSC08883_patch_3_1.jpg,B2,B1,0.5342
processed_data_cleaned\test\B2\DSC08883_patch_3_2.jpg,B2,A2,0.8916
processed_data_cleaned\test\B2\DSC08884_patch_0_3.jpg,B2,A1,0.7871
processed_data_cleaned\test\B2\DSC08884_patch_0_5.jpg,B2,A1,0.664
processed_data_cleaned\test\B2\DSC08884_patch_1_0.jpg,B2,B1,0.7461
processed_data_cleaned\test\B2\DSC08884_patch_1_1.jpg,B2,B1,0.9918
processed_data_cleaned\test\B2\DSC08884_patch_1_2.jpg,B2,B1,0.9774
processed_data_cleaned\test\B2\DSC08884_patch_1_5.jpg,B2,B1,0.9988
processed_data_cleaned\test\B2\DSC08884_patch_2_0.jpg,B2,B1,0.9917
processed_data_cleaned\test\B2\DSC08884_patch_2_1.jpg,B2,B1,0.9911
processed_data_cleaned\test\B2\DSC08884_patch_2_2.jpg,B2,B1,0.9566
processed_data_cleaned\test\B2\DSC08884_patch_2_3.jpg,B2,B1,0.996
processed_data_cleaned\test\B2\DSC08884_patch_2_5.jpg,B2,B1,0.989
processed_data_cleaned\test\B2\DSC08884_patch_3_0.jpg,B2,B1,0.7514
processed_data_cleaned\test\B2\DSC08885_patch_1_0.jpg,B2,B1,0.9782
processed_data_cleaned\test\B2\DSC08885_patch_1_1.jpg,B2,B1,0.9946
processed_data_cleaned\test\B2\DSC08885_patch_1_4.jpg,B2,B1,0.6003
processed_data_cleaned\test\B2\DSC08885_patch_2_1.jpg,B2,A1,0.4417
processed_data_cleaned\test\B2\DSC08885_patch_2_4.jpg,B2,B1,0.5053
processed_data_cleaned\test\B2\DSC08885_patch_3_2.jpg,B2,B1,0.6418
processed_data_cleaned\test\B2\DSC08885_patch_3_3.jpg,B2,B1,0.8003
processed_data_cleaned\test\B2\DSC08885_patch_3_4.jpg,B2,B1,0.7956
