path,true,pred,confidence
processed_data_cleaned\test\A1\A1.08.MCH-Sch_02_patch_2_1.jpg,A1,A2,0.4997
processed_data_cleaned\test\A1\A1.08.MCH-Sch_04_patch_0_1.jpg,A1,A2,0.8296
processed_data_cleaned\test\A1\A1.08.MCH-Sch_04_patch_1_1.jpg,A1,A2,0.8571
processed_data_cleaned\test\A1\A1.08.MCH-Sch_04_patch_1_4.jpg,A1,B1,0.9777
processed_data_cleaned\test\A1\A1.08.MCH-Sch_04_patch_2_4.jpg,A1,B1,0.5515
processed_data_cleaned\test\A1\A1.08.MCH-Sch_06_patch_0_0.jpg,A1,A2,0.5495
processed_data_cleaned\test\A1\A1.08.MCH-Sch_07_patch_0_0.jpg,A1,A2,0.6435
processed_data_cleaned\test\A1\A1.08.MCH-Sch_07_patch_0_5.jpg,A1,A2,0.5875
processed_data_cleaned\test\A1\A1.08.MCH-Sch_08_patch_3_3.jpg,A1,A2,0.8773
processed_data_cleaned\test\A1\A1.08.MCH-Sch_09_patch_0_3.jpg,A1,A2,0.9401
processed_data_cleaned\test\A1\A1.08.MCH-Sch_10_patch_3_5.jpg,A1,B2,0.6674
processed_data_cleaned\test\A1\A1.08.MCH-Sch_12_patch_2_0.jpg,A1,B1,0.8576
processed_data_cleaned\test\A1\A1.08.MCH-Sch_13_patch_3_4.jpg,A1,A2,0.685
processed_data_cleaned\test\A1\A1.08.MCH-Sch_15_patch_3_1.jpg,A1,B1,0.7099
processed_data_cleaned\test\A1\A1.08.MCH-Sch_18_patch_3_5.jpg,A1,A2,0.6141
processed_data_cleaned\test\A1\A1.08.MCH-Sch_22_patch_3_4.jpg,A1,B2,0.9018
processed_data_cleaned\test\A1\A1.08.MCH-Sch_23_patch_3_3.jpg,A1,B1,0.9611
processed_data_cleaned\test\A1\A1.08.MCH-Sch_24_patch_0_0.jpg,A1,B1,0.5414
processed_data_cleaned\test\A1\A1.08.MCH-Sch_25_patch_3_2.jpg,A1,B1,0.453
processed_data_cleaned\test\A1\A1.08.MCH-Sch_28_patch_3_4.jpg,A1,A2,0.5306
processed_data_cleaned\test\A1\A1.08.MCH-Sch_30_patch_1_0.jpg,A1,A2,0.7644
processed_data_cleaned\test\A1\A1.08.MCH-Sch_30_patch_1_1.jpg,A1,A2,0.941
processed_data_cleaned\test\A1\A1.08.MCH-Sch_35_patch_0_3.jpg,A1,A2,0.9125
processed_data_cleaned\test\A1\A1.08.MCH-Sch_37_patch_2_5.jpg,A1,B1,0.66
processed_data_cleaned\test\A1\A1.08.MCH-Sch_39_patch_1_3.jpg,A1,A2,0.9866
processed_data_cleaned\test\A1\A1.08.MCH-Sch_40_patch_2_5.jpg,A1,B1,0.5608
processed_data_cleaned\test\A1\A1.08.MCH-Sch_40_patch_3_5.jpg,A1,A2,0.9634
processed_data_cleaned\test\A1\A1.08.MCH-Sch_44_patch_3_0.jpg,A1,B2,0.6982
processed_data_cleaned\test\A1\A1.08.MCH-Sch_47_patch_0_0.jpg,A1,A2,0.6355
processed_data_cleaned\test\A1\A1.08.MCH-Sch_47_patch_0_1.jpg,A1,A2,0.9901
processed_data_cleaned\test\A1\A1.08.MCH-Sch_47_patch_3_1.jpg,A1,A2,0.8757
processed_data_cleaned\test\A1\A1.08.MCH-Sch_48_patch_1_3.jpg,A1,A2,0.643
processed_data_cleaned\test\A1\A1.08.MCH-Sch_51_patch_1_0.jpg,A1,B1,0.7928
processed_data_cleaned\test\A1\A1.08.MCH-Sch_53_patch_2_5.jpg,A1,A2,0.8786
processed_data_cleaned\test\A1\A1.08.MCH-Sch_53_patch_3_3.jpg,A1,A2,0.9921
processed_data_cleaned\test\A1\A1.08.MCH-Sch_53_patch_3_4.jpg,A1,A2,0.9616
processed_data_cleaned\test\A1\A1.08.MCH-Sch_54_patch_1_2.jpg,A1,B2,0.6032
processed_data_cleaned\test\A1\A1.08.MCH-Sch_55_patch_0_0.jpg,A1,A2,0.7192
processed_data_cleaned\test\A1\A1.08.MCH-Sch_55_patch_1_5.jpg,A1,A2,0.5281
processed_data_cleaned\test\A1\A1.08.MCH-Sch_55_patch_2_0.jpg,A1,A2,0.5392
processed_data_cleaned\test\A1\A1.08.MCH-Sch_55_patch_3_0.jpg,A1,A2,0.7488
processed_data_cleaned\test\A1\A1.08.MCH-Sch_60_patch_3_0.jpg,A1,B2,0.8192
processed_data_cleaned\test\A1\A1.08.MCH-Sch_63_patch_3_2.jpg,A1,B1,0.9842
processed_data_cleaned\test\A1\A1.08.MCH-Sch_63_patch_3_4.jpg,A1,B1,0.612
processed_data_cleaned\test\A1\A1.08.MCH-Sch_64_patch_3_0.jpg,A1,B1,0.9556
processed_data_cleaned\test\A1\A1.08.MCH-Sch_73_patch_2_0.jpg,A1,A2,0.9755
processed_data_cleaned\test\A1\A1.08.MCH-Sch_81_patch_0_0.jpg,A1,B2,0.7746
processed_data_cleaned\test\A1\A1.08.MCH-Sch_82_patch_1_2.jpg,A1,A2,0.9723
processed_data_cleaned\test\A1\A1.08.MCH-Sch_84_patch_2_1.jpg,A1,A2,0.5719
processed_data_cleaned\test\A1\A1.08.MCH-Sch_85_patch_2_0.jpg,A1,A2,0.753
processed_data_cleaned\test\A1\A1.08.MCH-Sch_85_patch_3_0.jpg,A1,A2,0.9195
processed_data_cleaned\test\A1\A1.15.VTT-Sch_15_patch_0_0.jpg,A1,B2,0.7974
processed_data_cleaned\test\A1\A1.15.VTT-Sch_16_patch_3_3.jpg,A1,B1,0.5602
processed_data_cleaned\test\A1\A1.15.VTT-Sch_17_patch_3_2.jpg,A1,B1,0.3994
processed_data_cleaned\test\A1\A1.15.VTT-Sch_17_patch_3_3.jpg,A1,B1,0.9558
processed_data_cleaned\test\A1\A1.15.VTT-Sch_17_patch_3_4.jpg,A1,A2,0.9841
processed_data_cleaned\test\A1\A1.15.VTT-Sch_18_patch_2_0.jpg,A1,B1,0.6919
processed_data_cleaned\test\A1\A1.15.VTT-Sch_20_patch_1_4.jpg,A1,B1,0.7136
processed_data_cleaned\test\A1\A1.15.VTT-Sch_20_patch_3_2.jpg,A1,B2,0.646
processed_data_cleaned\test\A1\A1.15.VTT-Sch_21_patch_2_5.jpg,A1,B1,0.9673
processed_data_cleaned\test\A1\A1.15.VTT-Sch_21_patch_3_5.jpg,A1,B1,0.9398
processed_data_cleaned\test\A1\A1.15.VTT-Sch_22_patch_0_1.jpg,A1,B1,0.9616
processed_data_cleaned\test\A1\A1.15.VTT-Sch_23_patch_2_2.jpg,A1,B1,0.9766
processed_data_cleaned\test\A1\A1.15.VTT-Sch_29_patch_2_2.jpg,A1,B1,0.8487
processed_data_cleaned\test\A1\A1.15.VTT-Sch_29_patch_2_3.jpg,A1,B1,0.7851
processed_data_cleaned\test\A1\A1.15.VTT-Sch_29_patch_2_4.jpg,A1,B1,0.5356
processed_data_cleaned\test\A1\A1.15.VTT-Sch_29_patch_2_5.jpg,A1,A2,0.7497
processed_data_cleaned\test\A1\A1.15.VTT-Sch_29_patch_3_4.jpg,A1,A2,0.6337
processed_data_cleaned\test\A1\A1.15.VTT-Sch_30_patch_0_3.jpg,A1,B1,0.9523
processed_data_cleaned\test\A1\A1.15.VTT-Sch_30_patch_2_2.jpg,A1,B1,0.9981
processed_data_cleaned\test\A1\A1.15.VTT-Sch_30_patch_3_3.jpg,A1,B1,0.624
processed_data_cleaned\test\A1\A1.15.VTT-Sch_32_patch_1_3.jpg,A1,B2,0.786
processed_data_cleaned\test\A1\A1.15.VTT-Sch_37_patch_2_1.jpg,A1,B1,0.6009
processed_data_cleaned\test\A1\A1.15.VTT-Sch_40_patch_3_3.jpg,A1,B1,0.9788
processed_data_cleaned\test\A1\A1.15.VTT-Sch_41_patch_1_1.jpg,A1,B2,0.9599
processed_data_cleaned\test\A1\A1.15.VTT-Sch_41_patch_2_0.jpg,A1,A2,0.7726
processed_data_cleaned\test\A1\A1.15.VTT-Sch_41_patch_3_3.jpg,A1,B1,0.636
processed_data_cleaned\test\A1\A1.21.Rai-Bui_17_patch_3_0.jpg,A1,B1,0.7927
processed_data_cleaned\test\A1\A1.21.Rai-Bui_17_patch_3_2.jpg,A1,B1,0.6227
processed_data_cleaned\test\A1\A1.21.Rai-Bui_17_patch_3_3.jpg,A1,B1,0.8458
processed_data_cleaned\test\A1\A1.21.Rai-Bui_19_patch_3_3.jpg,A1,B1,0.7267
processed_data_cleaned\test\A1\A1.21.Rai-Bui_19_patch_3_4.jpg,A1,A2,0.4433
processed_data_cleaned\test\A1\A1.21.Rai-Bui_19_patch_3_5.jpg,A1,A2,0.8622
processed_data_cleaned\test\A1\A1.21.Rai-Bui_24_patch_3_0.jpg,A1,B1,0.7514
processed_data_cleaned\test\A1\A1.21.Rai-Bui_24_patch_3_1.jpg,A1,B1,0.9328
processed_data_cleaned\test\A1\A1.21.Rai-Bui_24_patch_3_2.jpg,A1,B1,0.577
processed_data_cleaned\test\A1\A1.21.Rai-Bui_24_patch_3_3.jpg,A1,B1,0.9762
processed_data_cleaned\test\A1\A1.21.Rai-Bui_24_patch_3_4.jpg,A1,B1,0.5126
processed_data_cleaned\test\A1\A1.21.Rai-Bui_24_patch_3_5.jpg,A1,B1,0.543
processed_data_cleaned\test\A1\A1.21.Rai-Bui_26_patch_0_3.jpg,A1,B2,0.5154
processed_data_cleaned\test\A1\A1.21.Rai-Bui_26_patch_3_0.jpg,A1,B2,0.5103
processed_data_cleaned\test\A1\A1.21.Rai-Bui_26_patch_3_1.jpg,A1,B1,0.5776
processed_data_cleaned\test\A1\A1.21.Rai-Bui_26_patch_3_2.jpg,A1,B1,0.9821
processed_data_cleaned\test\A1\A1.21.Rai-Bui_26_patch_3_4.jpg,A1,A2,0.4627
processed_data_cleaned\test\A1\A1.21.Rai-Bui_33_patch_3_0.jpg,A1,B1,0.9685
processed_data_cleaned\test\A1\A1.21.Rai-Bui_33_patch_3_1.jpg,A1,B2,0.9402
processed_data_cleaned\test\A1\A1.21.Rai-Bui_34_patch_3_1.jpg,A1,A2,0.5694
processed_data_cleaned\test\A1\A1.21.Rai-Bui_45_patch_2_2.jpg,A1,A2,0.5856
processed_data_cleaned\test\A1\A1.21.Rai-Bui_46_patch_2_3.jpg,A1,B1,0.8422
processed_data_cleaned\test\A1\A1.21.Rai-Bui_46_patch_2_4.jpg,A1,B1,0.8667
processed_data_cleaned\test\A1\A1.21.Rai-Bui_47_patch_3_0.jpg,A1,A2,0.8012
processed_data_cleaned\test\A1\A1.21.Rai-Bui_50_patch_3_3.jpg,A1,A2,0.6173
processed_data_cleaned\test\A1\A1.29.Lab-Cul_04_patch_2_2.jpg,A1,B1,0.9899
processed_data_cleaned\test\A1\A1.29.Lab-Cul_04_patch_3_0.jpg,A1,B2,0.6411
processed_data_cleaned\test\A1\A1.29.Lab-Cul_04_patch_3_5.jpg,A1,A2,0.9492
processed_data_cleaned\test\A1\A1.29.Lab-Cul_05_patch_0_3.jpg,A1,A2,0.5411
processed_data_cleaned\test\A1\A1.29.Lab-Cul_05_patch_2_1.jpg,A1,B1,0.9435
processed_data_cleaned\test\A1\A1.29.Lab-Cul_05_patch_3_0.jpg,A1,B1,0.5224
processed_data_cleaned\test\A1\A1.29.Lab-Cul_05_patch_3_2.jpg,A1,B1,0.644
processed_data_cleaned\test\A1\A1.29.Lab-Cul_07_patch_1_2.jpg,A1,B2,0.9253
processed_data_cleaned\test\A1\A1.29.Lab-Cul_07_patch_1_3.jpg,A1,B1,0.7061
processed_data_cleaned\test\A1\A1.29.Lab-Cul_07_patch_2_0.jpg,A1,B1,0.9862
processed_data_cleaned\test\A1\A1.29.Lab-Cul_07_patch_2_1.jpg,A1,A2,0.7037
processed_data_cleaned\test\A1\A1.29.Lab-Cul_07_patch_2_2.jpg,A1,B1,0.5539
processed_data_cleaned\test\A1\A1.29.Lab-Cul_07_patch_2_3.jpg,A1,B1,0.9761
processed_data_cleaned\test\A1\A1.29.Lab-Cul_07_patch_3_2.jpg,A1,B1,0.9819
processed_data_cleaned\test\A1\A1.29.Lab-Cul_10_patch_3_0.jpg,A1,B1,0.6298
processed_data_cleaned\test\A1\A1.29.Lab-Cul_11_patch_0_0.jpg,A1,B2,0.9007
processed_data_cleaned\test\A1\A1.29.Lab-Cul_11_patch_1_2.jpg,A1,A2,0.7611
processed_data_cleaned\test\A1\A1.29.Lab-Cul_11_patch_1_4.jpg,A1,A2,0.532
processed_data_cleaned\test\A1\A1.29.Lab-Cul_11_patch_3_1.jpg,A1,A2,0.9762
processed_data_cleaned\test\A1\A1.29.Lab-Cul_11_patch_3_2.jpg,A1,A2,0.9998
processed_data_cleaned\test\A1\A1.29.Lab-Cul_11_patch_3_3.jpg,A1,A2,0.9971
processed_data_cleaned\test\A1\A1.29.Lab-Cul_11_patch_3_4.jpg,A1,B1,0.7259
processed_data_cleaned\test\A1\A1.29.Lab-Cul_14_patch_0_3.jpg,A1,A2,0.8734
processed_data_cleaned\test\A1\A1.29.Lab-Cul_14_patch_0_4.jpg,A1,A2,0.8678
processed_data_cleaned\test\A1\A1.29.Lab-Cul_14_patch_0_5.jpg,A1,B1,0.9539
processed_data_cleaned\test\A1\A1.29.Lab-Cul_14_patch_1_0.jpg,A1,B1,0.9917
processed_data_cleaned\test\A1\A1.29.Lab-Cul_14_patch_1_1.jpg,A1,B1,0.8319
processed_data_cleaned\test\A1\A1.29.Lab-Cul_14_patch_1_2.jpg,A1,B1,0.9498
processed_data_cleaned\test\A1\A1.29.Lab-Cul_14_patch_3_1.jpg,A1,B1,0.6962
processed_data_cleaned\test\A1\A1.29.Lab-Cul_15_patch_0_4.jpg,A1,A2,0.9993
processed_data_cleaned\test\A1\A1.29.Lab-Cul_15_patch_0_5.jpg,A1,A2,0.9984
processed_data_cleaned\test\A1\A1.29.Lab-Cul_15_patch_1_0.jpg,A1,A2,0.9773
processed_data_cleaned\test\A1\A1.29.Lab-Cul_15_patch_1_1.jpg,A1,A2,0.9998
processed_data_cleaned\test\A1\A1.29.Lab-Cul_15_patch_1_2.jpg,A1,A2,0.9999
processed_data_cleaned\test\A1\A1.29.Lab-Cul_15_patch_1_3.jpg,A1,A2,0.9979
processed_data_cleaned\test\A1\A1.29.Lab-Cul_15_patch_1_4.jpg,A1,A2,0.7063
processed_data_cleaned\test\A1\A1.29.Lab-Cul_15_patch_1_5.jpg,A1,B1,0.9282
processed_data_cleaned\test\A1\A1.29.Lab-Cul_15_patch_2_0.jpg,A1,B1,0.7322
processed_data_cleaned\test\A1\A1.29.Lab-Cul_15_patch_2_1.jpg,A1,A2,0.5652
processed_data_cleaned\test\A1\A1.29.Lab-Cul_15_patch_2_2.jpg,A1,A2,0.9975
processed_data_cleaned\test\A1\A1.29.Lab-Cul_15_patch_2_3.jpg,A1,A2,0.9999
processed_data_cleaned\test\A1\A1.29.Lab-Cul_15_patch_2_4.jpg,A1,B1,0.5494
processed_data_cleaned\test\A1\A1.29.Lab-Cul_15_patch_3_1.jpg,A1,B1,0.773
processed_data_cleaned\test\A1\A1.29.Lab-Cul_16_patch_1_1.jpg,A1,A2,0.7765
processed_data_cleaned\test\A1\A1.29.Lab-Cul_16_patch_1_2.jpg,A1,A2,0.7491
processed_data_cleaned\test\A1\A1.29.Lab-Cul_16_patch_1_3.jpg,A1,A2,1.0
processed_data_cleaned\test\A1\A1.29.Lab-Cul_16_patch_1_4.jpg,A1,A2,0.6457
processed_data_cleaned\test\A1\A1.29.Lab-Cul_16_patch_2_1.jpg,A1,A2,0.9972
processed_data_cleaned\test\A1\A1.29.Lab-Cul_16_patch_2_3.jpg,A1,A2,0.9996
processed_data_cleaned\test\A1\A1.29.Lab-Cul_16_patch_3_3.jpg,A1,A2,0.9974
processed_data_cleaned\test\A1\A1.29.Lab-Cul_16_patch_3_5.jpg,A1,A2,0.6112
processed_data_cleaned\test\A1\A1.29.Lab-Cul_17_patch_0_2.jpg,A1,A2,1.0
processed_data_cleaned\test\A1\A1.29.Lab-Cul_17_patch_0_3.jpg,A1,A2,0.7677
processed_data_cleaned\test\A1\A1.29.Lab-Cul_17_patch_1_0.jpg,A1,B2,0.9304
processed_data_cleaned\test\A1\A1.29.Lab-Cul_17_patch_1_2.jpg,A1,B1,0.8977
processed_data_cleaned\test\A1\A1.29.Lab-Cul_17_patch_1_3.jpg,A1,A2,0.9991
processed_data_cleaned\test\A1\A1.29.Lab-Cul_17_patch_2_0.jpg,A1,B1,0.9582
processed_data_cleaned\test\A1\A1.29.Lab-Cul_17_patch_2_2.jpg,A1,B1,0.9472
processed_data_cleaned\test\A1\A1.29.Lab-Cul_17_patch_2_3.jpg,A1,A2,0.9996
processed_data_cleaned\test\A1\A1.29.Lab-Cul_17_patch_2_4.jpg,A1,A2,0.8198
processed_data_cleaned\test\A1\A1.29.Lab-Cul_17_patch_2_5.jpg,A1,A2,0.5122
processed_data_cleaned\test\A1\A1.29.Lab-Cul_17_patch_3_2.jpg,A1,B1,0.8165
processed_data_cleaned\test\A1\A1.29.Lab-Cul_17_patch_3_3.jpg,A1,A2,0.6469
processed_data_cleaned\test\A1\A1.29.Lab-Cul_17_patch_3_4.jpg,A1,A2,0.994
processed_data_cleaned\test\A1\A1.29.Lab-Cul_17_patch_3_5.jpg,A1,A2,0.9869
processed_data_cleaned\test\A1\A1.29.Lab-Cul_18_patch_0_3.jpg,A1,B1,0.5193
processed_data_cleaned\test\A1\A1.29.Lab-Cul_18_patch_0_4.jpg,A1,A2,0.9926
processed_data_cleaned\test\A1\A1.29.Lab-Cul_18_patch_0_5.jpg,A1,A2,0.9704
processed_data_cleaned\test\A1\A1.29.Lab-Cul_18_patch_1_0.jpg,A1,A2,0.8496
processed_data_cleaned\test\A1\A1.29.Lab-Cul_18_patch_1_1.jpg,A1,A2,1.0
processed_data_cleaned\test\A1\A1.29.Lab-Cul_18_patch_1_2.jpg,A1,A2,0.9961
processed_data_cleaned\test\A1\A1.29.Lab-Cul_18_patch_1_3.jpg,A1,A2,0.5561
processed_data_cleaned\test\A1\A1.29.Lab-Cul_18_patch_1_4.jpg,A1,B1,0.9963
processed_data_cleaned\test\A1\A1.29.Lab-Cul_18_patch_1_5.jpg,A1,B1,0.9994
processed_data_cleaned\test\A1\A1.29.Lab-Cul_18_patch_2_0.jpg,A1,B1,0.4949
processed_data_cleaned\test\A1\A1.29.Lab-Cul_18_patch_2_1.jpg,A1,B1,0.9487
processed_data_cleaned\test\A1\A1.29.Lab-Cul_18_patch_2_2.jpg,A1,B1,0.5944
processed_data_cleaned\test\A1\A1.29.Lab-Cul_18_patch_2_3.jpg,A1,B1,0.8911
processed_data_cleaned\test\A1\A1.29.Lab-Cul_18_patch_2_4.jpg,A1,B1,0.9977
processed_data_cleaned\test\A1\A1.29.Lab-Cul_18_patch_3_0.jpg,A1,B1,0.8678
processed_data_cleaned\test\A1\A1.29.Lab-Cul_18_patch_3_3.jpg,A1,B2,0.6461
processed_data_cleaned\test\A1\A1.29.Lab-Cul_19_patch_0_0.jpg,A1,B1,0.7185
processed_data_cleaned\test\A1\A1.29.Lab-Cul_19_patch_0_1.jpg,A1,B1,0.8532
processed_data_cleaned\test\A1\A1.29.Lab-Cul_19_patch_0_2.jpg,A1,B2,0.9862
processed_data_cleaned\test\A1\A1.29.Lab-Cul_19_patch_0_4.jpg,A1,A2,0.9826
processed_data_cleaned\test\A1\A1.29.Lab-Cul_19_patch_1_1.jpg,A1,B2,0.9988
processed_data_cleaned\test\A1\A1.29.Lab-Cul_19_patch_1_2.jpg,A1,A2,0.8003
processed_data_cleaned\test\A1\A1.29.Lab-Cul_19_patch_1_3.jpg,A1,A2,0.5723
processed_data_cleaned\test\A1\A1.29.Lab-Cul_19_patch_1_4.jpg,A1,B1,0.9991
processed_data_cleaned\test\A1\A1.29.Lab-Cul_19_patch_2_1.jpg,A1,B1,0.8033
processed_data_cleaned\test\A1\A1.29.Lab-Cul_19_patch_2_3.jpg,A1,B1,0.5778
processed_data_cleaned\test\A1\A1.29.Lab-Cul_19_patch_2_4.jpg,A1,A2,0.9905
processed_data_cleaned\test\A1\A1.29.Lab-Cul_19_patch_2_5.jpg,A1,B2,0.7241
processed_data_cleaned\test\A1\A1.29.Lab-Cul_20_patch_2_0.jpg,A1,B1,0.7596
processed_data_cleaned\test\A1\A1.29.Lab-Cul_20_patch_3_0.jpg,A1,B1,0.9398
processed_data_cleaned\test\A1\A1.29.Lab-Cul_20_patch_3_2.jpg,A1,B1,0.5201
processed_data_cleaned\test\A1\A1.29.Lab-Cul_20_patch_3_3.jpg,A1,B1,0.7573
processed_data_cleaned\test\A1\A1.29.Lab-Cul_22_patch_0_3.jpg,A1,B2,0.9641
processed_data_cleaned\test\A1\A1.29.Lab-Cul_22_patch_0_4.jpg,A1,B2,0.667
processed_data_cleaned\test\A1\A1.29.Lab-Cul_22_patch_1_0.jpg,A1,B1,0.917
processed_data_cleaned\test\A1\A1.29.Lab-Cul_22_patch_1_1.jpg,A1,B2,0.6653
processed_data_cleaned\test\A1\A1.29.Lab-Cul_22_patch_1_2.jpg,A1,B1,0.7363
processed_data_cleaned\test\A1\A1.29.Lab-Cul_22_patch_1_5.jpg,A1,B1,0.942
processed_data_cleaned\test\A1\A1.29.Lab-Cul_22_patch_2_4.jpg,A1,B1,0.5054
processed_data_cleaned\test\A1\A1.29.Lab-Cul_23_patch_2_0.jpg,A1,B1,0.6249
processed_data_cleaned\test\A1\A1.29.Lab-Cul_24_patch_3_0.jpg,A1,B1,0.6814
processed_data_cleaned\test\A1\A1.29.Lab-Cul_25_patch_3_0.jpg,A1,A2,0.674
processed_data_cleaned\test\A1\A1.29.Lab-Cul_25_patch_3_2.jpg,A1,B1,0.7224
processed_data_cleaned\test\A1\A1.29.Lab-Cul_26_patch_2_1.jpg,A1,B1,0.5605
processed_data_cleaned\test\A1\A1.29.Lab-Cul_26_patch_2_4.jpg,A1,B1,0.9336
processed_data_cleaned\test\A1\A1.29.Lab-Cul_26_patch_2_5.jpg,A1,B1,0.8236
processed_data_cleaned\test\A1\A1.29.Lab-Cul_28_patch_3_0.jpg,A1,B1,0.6514
processed_data_cleaned\test\A1\A1.29.Lab-Cul_31_patch_2_2.jpg,A1,B1,0.8341
processed_data_cleaned\test\A1\A1.29.Lab-Cul_31_patch_3_2.jpg,A1,B1,0.8878
processed_data_cleaned\test\A1\A1.29.Lab-Cul_32_patch_0_0.jpg,A1,B1,0.9361
processed_data_cleaned\test\A1\A1.29.Lab-Cul_32_patch_0_1.jpg,A1,B1,0.9966
processed_data_cleaned\test\A1\A1.29.Lab-Cul_32_patch_0_4.jpg,A1,B1,0.9786
processed_data_cleaned\test\A1\A1.29.Lab-Cul_32_patch_1_1.jpg,A1,B1,0.8877
processed_data_cleaned\test\A1\A1.29.Lab-Cul_32_patch_2_4.jpg,A1,B1,0.9798
processed_data_cleaned\test\A1\A1.29.Lab-Cul_32_patch_3_0.jpg,A1,B1,0.9745
processed_data_cleaned\test\A1\A1.29.Lab-Cul_32_patch_3_1.jpg,A1,B1,0.8719
processed_data_cleaned\test\A1\A1.29.Lab-Cul_32_patch_3_2.jpg,A1,B1,0.8998
processed_data_cleaned\test\A1\A1.29.Lab-Cul_32_patch_3_3.jpg,A1,B2,0.9483
processed_data_cleaned\test\A1\A1.29.Lab-Cul_32_patch_3_4.jpg,A1,B2,0.5479
processed_data_cleaned\test\A1\A1.29.Lab-Cul_33_patch_3_1.jpg,A1,B1,0.7303
processed_data_cleaned\test\A1\A1.29.Lab-Cul_34_patch_3_5.jpg,A1,B1,0.9943
processed_data_cleaned\test\A1\A1.29.Lab-Cul_35_patch_0_5.jpg,A1,B1,0.6369
processed_data_cleaned\test\A1\A1.29.Lab-Cul_35_patch_2_1.jpg,A1,B1,0.7611
processed_data_cleaned\test\A1\A1.29.Lab-Cul_35_patch_3_2.jpg,A1,A2,0.7823
processed_data_cleaned\test\A1\A1.40.Veg-Oil_01_patch_1_4.jpg,A1,B1,0.9012
processed_data_cleaned\test\A1\A1.40.Veg-Oil_01_patch_3_0.jpg,A1,B1,0.9091
processed_data_cleaned\test\A1\A1.40.Veg-Oil_03_patch_1_0.jpg,A1,B1,0.9995
processed_data_cleaned\test\A1\A1.40.Veg-Oil_09_patch_2_5.jpg,A1,B1,0.7999
processed_data_cleaned\test\A1\A1.40.Veg-Oil_10_patch_2_3.jpg,A1,B1,0.7039
processed_data_cleaned\test\A1\A1.40.Veg-Oil_10_patch_3_2.jpg,A1,B1,0.9967
processed_data_cleaned\test\A1\A1.40.Veg-Oil_10_patch_3_3.jpg,A1,B1,0.7061
processed_data_cleaned\test\A1\A1.40.Veg-Oil_10_patch_3_4.jpg,A1,B1,0.9708
processed_data_cleaned\test\A1\A1.40.Veg-Oil_10_patch_3_5.jpg,A1,B1,0.6878
processed_data_cleaned\test\A1\A1.40.Veg-Oil_11_patch_0_5.jpg,A1,B1,0.6072
processed_data_cleaned\test\A1\A1.40.Veg-Oil_11_patch_1_3.jpg,A1,B1,0.7309
processed_data_cleaned\test\A1\A1.40.Veg-Oil_11_patch_2_1.jpg,A1,B1,0.8468
processed_data_cleaned\test\A1\A1.40.Veg-Oil_12_patch_1_5.jpg,A1,B1,0.8128
processed_data_cleaned\test\A1\A1.40.Veg-Oil_12_patch_2_4.jpg,A1,B1,0.8422
processed_data_cleaned\test\A1\A1.40.Veg-Oil_12_patch_2_5.jpg,A1,B1,0.9542
processed_data_cleaned\test\A1\A1.40.Veg-Oil_12_patch_3_1.jpg,A1,B1,0.907
processed_data_cleaned\test\A1\A1.40.Veg-Oil_12_patch_3_2.jpg,A1,B1,0.9971
processed_data_cleaned\test\A1\A1.40.Veg-Oil_12_patch_3_5.jpg,A1,B1,0.5856
processed_data_cleaned\test\A1\A1.40.Veg-Oil_13_patch_3_3.jpg,A1,B1,0.6826
processed_data_cleaned\test\A1\A1.40.Veg-Oil_14_patch_1_0.jpg,A1,B1,0.8026
processed_data_cleaned\test\A1\A1.40.Veg-Oil_21_patch_0_0.jpg,A1,B1,0.5661
processed_data_cleaned\test\A1\A1.40.Veg-Oil_21_patch_0_1.jpg,A1,B1,0.8748
processed_data_cleaned\test\A1\A1.40.Veg-Oil_21_patch_3_5.jpg,A1,B1,0.994
processed_data_cleaned\test\A1\A1.40.Veg-Oil_22_patch_1_1.jpg,A1,B1,0.7306
processed_data_cleaned\test\A1\A1.40.Veg-Oil_23_patch_2_0.jpg,A1,B1,0.6865
processed_data_cleaned\test\A1\A1.40.Veg-Oil_23_patch_2_1.jpg,A1,B1,0.841
processed_data_cleaned\test\A1\A1.40.Veg-Oil_23_patch_2_5.jpg,A1,B1,0.6258
processed_data_cleaned\test\A1\A1.40.Veg-Oil_23_patch_3_0.jpg,A1,B1,0.8588
processed_data_cleaned\test\A1\A1.40.Veg-Oil_23_patch_3_1.jpg,A1,B1,0.9998
processed_data_cleaned\test\A1\A1.40.Veg-Oil_24_patch_0_0.jpg,A1,B1,0.8294
processed_data_cleaned\test\A1\A1.40.Veg-Oil_24_patch_3_0.jpg,A1,B1,0.5219
processed_data_cleaned\test\A1\A1.40.Veg-Oil_28_patch_2_1.jpg,A1,B1,0.8681
processed_data_cleaned\test\A1\A1.40.Veg-Oil_29_patch_0_3.jpg,A1,B1,0.9454
processed_data_cleaned\test\A1\A1.40.Veg-Oil_30_patch_0_3.jpg,A1,B1,0.9983
processed_data_cleaned\test\A1\A1.40.Veg-Oil_31_patch_3_1.jpg,A1,B1,0.5168
processed_data_cleaned\test\A1\A1.40.Veg-Oil_33_patch_3_0.jpg,A1,B1,0.56
processed_data_cleaned\test\A1\A1.40.Veg-Oil_34_patch_0_4.jpg,A1,B1,0.7733
processed_data_cleaned\test\A1\A1.40.Veg-Oil_36_patch_2_3.jpg,A1,A2,0.5531
processed_data_cleaned\test\A1\A1.40.Veg-Oil_37_patch_1_3.jpg,A1,B1,0.9849
processed_data_cleaned\test\A1\A1.40.Veg-Oil_37_patch_3_2.jpg,A1,B1,0.7906
processed_data_cleaned\test\A1\A1.40.Veg-Oil_37_patch_3_3.jpg,A1,B1,0.8731
processed_data_cleaned\test\A1\A1.40.Veg-Oil_37_patch_3_5.jpg,A1,B1,0.7835
processed_data_cleaned\test\A1\A1.40.Veg-Oil_38_patch_3_1.jpg,A1,B1,0.5188
processed_data_cleaned\test\A1\A1.40.Veg-Oil_39_patch_0_0.jpg,A1,B1,0.8831
processed_data_cleaned\test\A1\A1.40.Veg-Oil_39_patch_1_0.jpg,A1,B1,0.7315
processed_data_cleaned\test\A1\A1.40.Veg-Oil_39_patch_2_0.jpg,A1,B1,0.5512
processed_data_cleaned\test\A1\A1.40.Veg-Oil_39_patch_3_1.jpg,A1,B1,0.5556
processed_data_cleaned\test\A1\A1.40.Veg-Oil_40_patch_1_3.jpg,A1,B1,0.9903
processed_data_cleaned\test\A1\A1.40.Veg-Oil_42_patch_0_2.jpg,A1,B1,0.9629
processed_data_cleaned\test\A1\A1.40.Veg-Oil_44_patch_3_4.jpg,A1,B1,0.5614
processed_data_cleaned\test\A1\A1.40.Veg-Oil_45_patch_0_1.jpg,A1,B1,0.5483
processed_data_cleaned\test\A1\A1.40.Veg-Oil_45_patch_1_5.jpg,A1,B1,0.5507
processed_data_cleaned\test\A1\A1.40.Veg-Oil_46_patch_1_1.jpg,A1,B1,0.6978
processed_data_cleaned\test\A1\A1.40.Veg-Oil_46_patch_1_2.jpg,A1,B1,0.4523
processed_data_cleaned\test\A1\A1.40.Veg-Oil_48_patch_2_2.jpg,A1,B1,0.6717
processed_data_cleaned\test\A1\A1.40.Veg-Oil_48_patch_3_0.jpg,A1,A2,0.6471
processed_data_cleaned\test\A1\A1.40.Veg-Oil_49_patch_3_1.jpg,A1,B1,0.895
processed_data_cleaned\test\A1\A1.40.Veg-Oil_49_patch_3_2.jpg,A1,B1,0.7598
processed_data_cleaned\test\A1\A1.40.Veg-Oil_53_patch_1_1.jpg,A1,B1,0.9649
processed_data_cleaned\test\A1\A1.40.Veg-Oil_53_patch_1_2.jpg,A1,B1,0.9896
processed_data_cleaned\test\A1\A1.40.Veg-Oil_53_patch_1_3.jpg,A1,B1,0.7341
processed_data_cleaned\test\A1\A1.40.Veg-Oil_54_patch_3_2.jpg,A1,B1,0.7417
processed_data_cleaned\test\A1\A1.40.Veg-Oil_54_patch_3_5.jpg,A1,B1,0.817
processed_data_cleaned\test\A1\A1.40.Veg-Oil_55_patch_0_0.jpg,A1,B1,0.8294
processed_data_cleaned\test\A1\A1.40.Veg-Oil_55_patch_0_2.jpg,A1,B1,0.6604
processed_data_cleaned\test\A1\A1.40.Veg-Oil_55_patch_0_4.jpg,A1,B1,0.6028
processed_data_cleaned\test\A1\A1.40.Veg-Oil_55_patch_3_4.jpg,A1,B1,0.915
processed_data_cleaned\test\A1\A1.40.Veg-Oil_55_patch_3_5.jpg,A1,B1,0.8798
processed_data_cleaned\test\A1\A1.40.Veg-Oil_56_patch_3_0.jpg,A1,B1,0.9861
processed_data_cleaned\test\A1\A1.40.Veg-Oil_56_patch_3_4.jpg,A1,B1,0.8289
processed_data_cleaned\test\A1\A1.40.Veg-Oil_56_patch_3_5.jpg,A1,B1,0.7334
processed_data_cleaned\test\A1\A1.40.Veg-Oil_57_patch_0_2.jpg,A1,B1,0.7401
processed_data_cleaned\test\A1\A1.40.Veg-Oil_57_patch_2_5.jpg,A1,B1,0.8167
processed_data_cleaned\test\A1\A1.40.Veg-Oil_57_patch_3_0.jpg,A1,B1,0.5608
processed_data_cleaned\test\A1\A1.44.Nor-Pal_15_patch_1_0.jpg,A1,B2,1.0
processed_data_cleaned\test\A1\A1.44.Nor-Pal_21_patch_0_0.jpg,A1,B2,0.4724
processed_data_cleaned\test\A1\A1.44.Nor-Pal_21_patch_1_1.jpg,A1,B2,0.9906
processed_data_cleaned\test\A1\A1.44.Nor-Pal_25_patch_1_0.jpg,A1,B2,0.9477
processed_data_cleaned\test\A1\A1.44.Nor-Pal_25_patch_1_1.jpg,A1,B1,0.5217
processed_data_cleaned\test\A1\A1.44.Nor-Pal_85_patch_1_0.jpg,A1,B1,0.7443
processed_data_cleaned\test\A1\DSC02547_patch_1_2.jpg,A1,A2,0.8424
processed_data_cleaned\test\A1\DSC02549_patch_1_3.jpg,A1,A2,0.8069
processed_data_cleaned\test\A2\A2.12.Uni-Edu_01_patch_0_0.jpg,A2,A1,1.0
processed_data_cleaned\test\A2\A2.12.Uni-Edu_01_patch_0_1.jpg,A2,A1,0.9993
processed_data_cleaned\test\A2\A2.12.Uni-Edu_01_patch_1_2.jpg,A2,A1,1.0
processed_data_cleaned\test\A2\A2.12.Uni-Edu_01_patch_1_3.jpg,A2,A1,0.991
processed_data_cleaned\test\A2\A2.12.Uni-Edu_01_patch_2_1.jpg,A2,A1,0.9997
processed_data_cleaned\test\A2\A2.12.Uni-Edu_01_patch_2_2.jpg,A2,A1,0.9999
processed_data_cleaned\test\A2\A2.12.Uni-Edu_01_patch_2_3.jpg,A2,A1,0.9421
processed_data_cleaned\test\A2\A2.12.Uni-Edu_01_patch_2_4.jpg,A2,A1,0.9998
processed_data_cleaned\test\A2\A2.12.Uni-Edu_01_patch_2_5.jpg,A2,A1,0.9997
processed_data_cleaned\test\A2\A2.12.Uni-Edu_01_patch_3_4.jpg,A2,A1,0.9857
processed_data_cleaned\test\A2\A2.12.Uni-Edu_01_patch_3_5.jpg,A2,A1,0.9951
processed_data_cleaned\test\A2\A2.12.Uni-Edu_02_patch_0_3.jpg,A2,A1,0.9729
processed_data_cleaned\test\A2\A2.12.Uni-Edu_02_patch_0_4.jpg,A2,A1,0.9817
processed_data_cleaned\test\A2\A2.12.Uni-Edu_02_patch_1_3.jpg,A2,A1,0.9207
processed_data_cleaned\test\A2\A2.12.Uni-Edu_02_patch_1_4.jpg,A2,A1,0.9893
processed_data_cleaned\test\A2\A2.12.Uni-Edu_02_patch_2_0.jpg,A2,A1,0.9436
processed_data_cleaned\test\A2\A2.12.Uni-Edu_02_patch_2_3.jpg,A2,A1,0.9993
processed_data_cleaned\test\A2\A2.12.Uni-Edu_02_patch_2_4.jpg,A2,A1,0.9905
processed_data_cleaned\test\A2\A2.12.Uni-Edu_02_patch_2_5.jpg,A2,A1,0.9928
processed_data_cleaned\test\A2\A2.12.Uni-Edu_02_patch_3_5.jpg,A2,A1,0.9955
processed_data_cleaned\test\A2\A2.12.Uni-Edu_03_patch_0_0.jpg,A2,A1,0.9596
processed_data_cleaned\test\A2\A2.12.Uni-Edu_03_patch_0_1.jpg,A2,A1,0.9861
processed_data_cleaned\test\A2\A2.12.Uni-Edu_03_patch_0_3.jpg,A2,A1,0.9997
processed_data_cleaned\test\A2\A2.12.Uni-Edu_03_patch_1_3.jpg,A2,A1,0.9989
processed_data_cleaned\test\A2\A2.12.Uni-Edu_03_patch_1_4.jpg,A2,A1,0.9997
processed_data_cleaned\test\A2\A2.12.Uni-Edu_03_patch_1_5.jpg,A2,A1,0.9997
processed_data_cleaned\test\A2\A2.12.Uni-Edu_03_patch_3_5.jpg,A2,A1,0.9993
processed_data_cleaned\test\A2\A2.12.Uni-Edu_04_patch_0_0.jpg,A2,A1,0.5739
processed_data_cleaned\test\A2\A2.12.Uni-Edu_04_patch_1_0.jpg,A2,A1,0.9996
processed_data_cleaned\test\A2\A2.12.Uni-Edu_04_patch_1_4.jpg,A2,A1,0.763
processed_data_cleaned\test\A2\A2.12.Uni-Edu_04_patch_2_3.jpg,A2,A1,0.7799
processed_data_cleaned\test\A2\A2.12.Uni-Edu_04_patch_3_3.jpg,A2,A1,0.8989
processed_data_cleaned\test\A2\A2.12.Uni-Edu_05_patch_0_4.jpg,A2,A1,0.9999
processed_data_cleaned\test\A2\A2.12.Uni-Edu_05_patch_1_2.jpg,A2,A1,0.9663
processed_data_cleaned\test\A2\A2.12.Uni-Edu_05_patch_3_3.jpg,A2,A1,0.9987
processed_data_cleaned\test\A2\A2.12.Uni-Edu_06_patch_0_4.jpg,A2,A1,0.9986
processed_data_cleaned\test\A2\A2.12.Uni-Edu_06_patch_0_5.jpg,A2,A1,1.0
processed_data_cleaned\test\A2\A2.12.Uni-Edu_06_patch_1_4.jpg,A2,A1,0.9991
processed_data_cleaned\test\A2\A2.12.Uni-Edu_06_patch_1_5.jpg,A2,A1,0.9641
processed_data_cleaned\test\A2\A2.12.Uni-Edu_06_patch_2_2.jpg,A2,B1,0.8512
processed_data_cleaned\test\A2\A2.12.Uni-Edu_06_patch_2_3.jpg,A2,A1,0.9936
processed_data_cleaned\test\A2\A2.12.Uni-Edu_06_patch_3_3.jpg,A2,A1,0.9911
processed_data_cleaned\test\A2\A2.12.Uni-Edu_06_patch_3_4.jpg,A2,A1,0.9658
processed_data_cleaned\test\A2\A2.12.Uni-Edu_06_patch_3_5.jpg,A2,A1,0.5523
processed_data_cleaned\test\A2\A2.12.Uni-Edu_07_patch_0_0.jpg,A2,B1,0.71
processed_data_cleaned\test\A2\A2.12.Uni-Edu_07_patch_1_0.jpg,A2,B1,0.3865
processed_data_cleaned\test\A2\A2.12.Uni-Edu_07_patch_3_0.jpg,A2,A1,0.8604
processed_data_cleaned\test\A2\A2.12.Uni-Edu_08_patch_0_4.jpg,A2,A1,0.9985
processed_data_cleaned\test\A2\A2.12.Uni-Edu_08_patch_0_5.jpg,A2,A1,0.9923
processed_data_cleaned\test\A2\A2.12.Uni-Edu_08_patch_2_4.jpg,A2,A1,0.9927
processed_data_cleaned\test\A2\A2.12.Uni-Edu_08_patch_3_3.jpg,A2,A1,0.973
processed_data_cleaned\test\A2\A2.12.Uni-Edu_09_patch_0_0.jpg,A2,A1,0.8304
processed_data_cleaned\test\A2\A2.12.Uni-Edu_09_patch_0_1.jpg,A2,A1,0.9881
processed_data_cleaned\test\A2\A2.12.Uni-Edu_09_patch_0_2.jpg,A2,A1,0.9996
processed_data_cleaned\test\A2\A2.12.Uni-Edu_09_patch_0_5.jpg,A2,A1,1.0
processed_data_cleaned\test\A2\A2.12.Uni-Edu_09_patch_1_3.jpg,A2,B1,0.9484
processed_data_cleaned\test\A2\A2.12.Uni-Edu_09_patch_1_5.jpg,A2,A1,0.8931
processed_data_cleaned\test\A2\A2.12.Uni-Edu_09_patch_3_0.jpg,A2,B2,0.6555
processed_data_cleaned\test\A2\A2.12.Uni-Edu_09_patch_3_1.jpg,A2,B1,0.3622
processed_data_cleaned\test\A2\A2.12.Uni-Edu_09_patch_3_2.jpg,A2,A1,0.7789
processed_data_cleaned\test\A2\A2.12.Uni-Edu_10_patch_0_2.jpg,A2,A1,0.9953
processed_data_cleaned\test\A2\A2.12.Uni-Edu_10_patch_0_4.jpg,A2,A1,0.8928
processed_data_cleaned\test\A2\A2.12.Uni-Edu_10_patch_0_5.jpg,A2,A1,0.9972
processed_data_cleaned\test\A2\A2.12.Uni-Edu_10_patch_2_0.jpg,A2,A1,0.9356
processed_data_cleaned\test\A2\A2.12.Uni-Edu_10_patch_2_5.jpg,A2,A1,0.9915
processed_data_cleaned\test\A2\A2.12.Uni-Edu_10_patch_3_3.jpg,A2,B1,0.6624
processed_data_cleaned\test\A2\A2.12.Uni-Edu_10_patch_3_4.jpg,A2,B1,0.5165
processed_data_cleaned\test\A2\A2.12.Uni-Edu_11_patch_1_1.jpg,A2,A1,0.9083
processed_data_cleaned\test\A2\A2.12.Uni-Edu_11_patch_1_2.jpg,A2,A1,0.9812
processed_data_cleaned\test\A2\A2.12.Uni-Edu_11_patch_2_0.jpg,A2,A1,0.9452
processed_data_cleaned\test\A2\A2.12.Uni-Edu_11_patch_2_1.jpg,A2,A1,0.9998
processed_data_cleaned\test\A2\A2.12.Uni-Edu_11_patch_2_2.jpg,A2,A1,0.8105
processed_data_cleaned\test\A2\A2.12.Uni-Edu_11_patch_2_3.jpg,A2,A1,0.9831
processed_data_cleaned\test\A2\A2.12.Uni-Edu_11_patch_3_0.jpg,A2,A1,0.993
processed_data_cleaned\test\A2\A2.12.Uni-Edu_11_patch_3_1.jpg,A2,A1,0.9997
processed_data_cleaned\test\A2\A2.12.Uni-Edu_11_patch_3_2.jpg,A2,A1,0.99
processed_data_cleaned\test\A2\A2.12.Uni-Edu_11_patch_3_3.jpg,A2,A1,0.9292
processed_data_cleaned\test\A2\A2.12.Uni-Edu_11_patch_3_5.jpg,A2,A1,0.9999
processed_data_cleaned\test\A2\A2.12.Uni-Edu_13_patch_1_0.jpg,A2,A1,0.9729
processed_data_cleaned\test\A2\A2.12.Uni-Edu_13_patch_1_2.jpg,A2,A1,0.9999
processed_data_cleaned\test\A2\A2.12.Uni-Edu_13_patch_1_3.jpg,A2,A1,0.8883
processed_data_cleaned\test\A2\A2.12.Uni-Edu_13_patch_2_0.jpg,A2,A1,0.9191
processed_data_cleaned\test\A2\A2.12.Uni-Edu_13_patch_2_1.jpg,A2,A1,0.9208
processed_data_cleaned\test\A2\A2.12.Uni-Edu_13_patch_2_2.jpg,A2,A1,0.9611
processed_data_cleaned\test\A2\A2.12.Uni-Edu_13_patch_2_4.jpg,A2,A1,0.9917
processed_data_cleaned\test\A2\A2.12.Uni-Edu_13_patch_3_0.jpg,A2,A1,0.4839
processed_data_cleaned\test\A2\A2.12.Uni-Edu_13_patch_3_2.jpg,A2,B1,0.9358
processed_data_cleaned\test\A2\A2.12.Uni-Edu_13_patch_3_4.jpg,A2,B2,0.8673
processed_data_cleaned\test\A2\A2.12.Uni-Edu_14_patch_0_0.jpg,A2,A1,0.9273
processed_data_cleaned\test\A2\A2.12.Uni-Edu_14_patch_1_0.jpg,A2,A1,0.8627
processed_data_cleaned\test\A2\A2.12.Uni-Edu_14_patch_1_1.jpg,A2,A1,0.9997
processed_data_cleaned\test\A2\A2.12.Uni-Edu_14_patch_2_2.jpg,A2,A1,1.0
processed_data_cleaned\test\A2\A2.12.Uni-Edu_14_patch_2_3.jpg,A2,A1,1.0
processed_data_cleaned\test\A2\A2.12.Uni-Edu_14_patch_2_4.jpg,A2,A1,0.9612
processed_data_cleaned\test\A2\A2.12.Uni-Edu_14_patch_2_5.jpg,A2,A1,0.6527
processed_data_cleaned\test\A2\A2.12.Uni-Edu_14_patch_3_4.jpg,A2,A1,1.0
processed_data_cleaned\test\A2\A2.12.Uni-Edu_14_patch_3_5.jpg,A2,A1,0.9823
processed_data_cleaned\test\A2\A2.12.Uni-Edu_15_patch_0_1.jpg,A2,A1,0.9965
processed_data_cleaned\test\A2\A2.12.Uni-Edu_15_patch_0_3.jpg,A2,A1,0.9685
processed_data_cleaned\test\A2\A2.12.Uni-Edu_15_patch_1_1.jpg,A2,A1,0.999
processed_data_cleaned\test\A2\A2.12.Uni-Edu_15_patch_1_2.jpg,A2,A1,0.9994
processed_data_cleaned\test\A2\A2.12.Uni-Edu_15_patch_1_3.jpg,A2,A1,0.8248
processed_data_cleaned\test\A2\A2.12.Uni-Edu_15_patch_1_4.jpg,A2,A1,0.9986
processed_data_cleaned\test\A2\A2.12.Uni-Edu_15_patch_2_1.jpg,A2,A1,0.9979
processed_data_cleaned\test\A2\A2.12.Uni-Edu_15_patch_2_2.jpg,A2,A1,0.9999
processed_data_cleaned\test\A2\A2.12.Uni-Edu_15_patch_2_3.jpg,A2,A1,0.8192
processed_data_cleaned\test\A2\A2.12.Uni-Edu_15_patch_2_4.jpg,A2,A1,0.967
processed_data_cleaned\test\A2\A2.12.Uni-Edu_15_patch_3_1.jpg,A2,A1,0.9989
processed_data_cleaned\test\A2\A2.12.Uni-Edu_16_patch_0_1.jpg,A2,B1,0.8872
processed_data_cleaned\test\A2\A2.12.Uni-Edu_16_patch_1_1.jpg,A2,A1,0.9954
processed_data_cleaned\test\A2\A2.12.Uni-Edu_16_patch_1_2.jpg,A2,A1,0.9958
processed_data_cleaned\test\A2\A2.12.Uni-Edu_16_patch_1_3.jpg,A2,A1,0.8506
processed_data_cleaned\test\A2\A2.12.Uni-Edu_16_patch_1_5.jpg,A2,A1,0.6701
processed_data_cleaned\test\A2\A2.12.Uni-Edu_16_patch_2_0.jpg,A2,B2,0.5337
processed_data_cleaned\test\A2\A2.12.Uni-Edu_16_patch_2_1.jpg,A2,B2,0.8582
processed_data_cleaned\test\A2\A2.12.Uni-Edu_16_patch_2_2.jpg,A2,B1,0.9952
processed_data_cleaned\test\A2\A2.12.Uni-Edu_16_patch_2_3.jpg,A2,A1,0.7307
processed_data_cleaned\test\A2\A2.12.Uni-Edu_16_patch_2_5.jpg,A2,A1,0.5772
processed_data_cleaned\test\A2\A2.12.Uni-Edu_16_patch_3_0.jpg,A2,B1,0.4251
processed_data_cleaned\test\A2\A2.12.Uni-Edu_16_patch_3_1.jpg,A2,A1,0.7594
processed_data_cleaned\test\A2\A2.12.Uni-Edu_16_patch_3_2.jpg,A2,A1,0.9894
processed_data_cleaned\test\A2\A2.12.Uni-Edu_16_patch_3_3.jpg,A2,A1,0.4657
processed_data_cleaned\test\A2\A2.12.Uni-Edu_16_patch_3_5.jpg,A2,B1,0.6375
processed_data_cleaned\test\A2\A2.12.Uni-Edu_17_patch_0_0.jpg,A2,A1,0.8562
processed_data_cleaned\test\A2\A2.12.Uni-Edu_17_patch_1_0.jpg,A2,A1,1.0
processed_data_cleaned\test\A2\A2.12.Uni-Edu_17_patch_1_3.jpg,A2,A1,0.7684
processed_data_cleaned\test\A2\A2.12.Uni-Edu_17_patch_2_0.jpg,A2,A1,0.9999
processed_data_cleaned\test\A2\A2.12.Uni-Edu_17_patch_2_1.jpg,A2,A1,0.9788
processed_data_cleaned\test\A2\A2.12.Uni-Edu_17_patch_3_0.jpg,A2,A1,0.9757
processed_data_cleaned\test\A2\A2.12.Uni-Edu_18_patch_0_1.jpg,A2,A1,0.8619
processed_data_cleaned\test\A2\A2.12.Uni-Edu_18_patch_0_2.jpg,A2,A1,1.0
processed_data_cleaned\test\A2\A2.12.Uni-Edu_18_patch_0_3.jpg,A2,A1,0.9996
processed_data_cleaned\test\A2\A2.12.Uni-Edu_18_patch_0_4.jpg,A2,A1,0.9987
processed_data_cleaned\test\A2\A2.12.Uni-Edu_18_patch_0_5.jpg,A2,A1,0.9972
processed_data_cleaned\test\A2\A2.12.Uni-Edu_18_patch_1_2.jpg,A2,A1,1.0
processed_data_cleaned\test\A2\A2.12.Uni-Edu_18_patch_1_3.jpg,A2,A1,1.0
processed_data_cleaned\test\A2\A2.12.Uni-Edu_18_patch_1_5.jpg,A2,A1,0.8023
processed_data_cleaned\test\A2\A2.12.Uni-Edu_18_patch_2_4.jpg,A2,A1,1.0
processed_data_cleaned\test\A2\A2.12.Uni-Edu_18_patch_2_5.jpg,A2,A1,1.0
processed_data_cleaned\test\A2\A2.12.Uni-Edu_18_patch_3_2.jpg,A2,A1,0.9954
processed_data_cleaned\test\A2\A2.12.Uni-Edu_18_patch_3_3.jpg,A2,A1,0.9997
processed_data_cleaned\test\A2\A2.12.Uni-Edu_18_patch_3_4.jpg,A2,A1,1.0
processed_data_cleaned\test\A2\A2.12.Uni-Edu_18_patch_3_5.jpg,A2,A1,0.9996
processed_data_cleaned\test\A2\A2.12.Uni-Edu_19_patch_0_2.jpg,A2,A1,0.5645
processed_data_cleaned\test\A2\A2.12.Uni-Edu_19_patch_1_0.jpg,A2,A1,0.9847
processed_data_cleaned\test\A2\A2.12.Uni-Edu_19_patch_1_1.jpg,A2,A1,0.9957
processed_data_cleaned\test\A2\A2.12.Uni-Edu_19_patch_1_2.jpg,A2,A1,0.8106
processed_data_cleaned\test\A2\A2.12.Uni-Edu_19_patch_1_4.jpg,A2,A1,0.9794
processed_data_cleaned\test\A2\A2.12.Uni-Edu_19_patch_1_5.jpg,A2,A1,0.9909
processed_data_cleaned\test\A2\A2.12.Uni-Edu_19_patch_2_3.jpg,A2,A1,0.9101
processed_data_cleaned\test\A2\A2.12.Uni-Edu_19_patch_2_5.jpg,A2,A1,0.8169
processed_data_cleaned\test\A2\A2.12.Uni-Edu_19_patch_3_0.jpg,A2,A1,0.649
processed_data_cleaned\test\A2\A2.12.Uni-Edu_20_patch_1_2.jpg,A2,A1,0.9995
processed_data_cleaned\test\A2\A2.12.Uni-Edu_20_patch_1_5.jpg,A2,A1,0.9655
processed_data_cleaned\test\A2\A2.12.Uni-Edu_21_patch_1_0.jpg,A2,A1,0.6899
processed_data_cleaned\test\A2\A2.12.Uni-Edu_21_patch_1_1.jpg,A2,A1,0.9924
processed_data_cleaned\test\A2\A2.12.Uni-Edu_21_patch_2_1.jpg,A2,B1,0.7143
processed_data_cleaned\test\A2\A2.12.Uni-Edu_21_patch_2_3.jpg,A2,A1,0.9999
processed_data_cleaned\test\A2\A2.12.Uni-Edu_21_patch_2_4.jpg,A2,A1,0.701
processed_data_cleaned\test\A2\A2.12.Uni-Edu_21_patch_3_5.jpg,A2,A1,0.8902
processed_data_cleaned\test\A2\A2.12.Uni-Edu_22_patch_0_5.jpg,A2,A1,1.0
processed_data_cleaned\test\A2\A2.12.Uni-Edu_22_patch_1_3.jpg,A2,A1,0.9995
processed_data_cleaned\test\A2\A2.12.Uni-Edu_22_patch_2_2.jpg,A2,A1,1.0
processed_data_cleaned\test\A2\A2.12.Uni-Edu_22_patch_2_5.jpg,A2,A1,0.9881
processed_data_cleaned\test\A2\A2.12.Uni-Edu_22_patch_3_0.jpg,A2,A1,0.9999
processed_data_cleaned\test\A2\A2.12.Uni-Edu_23_patch_0_4.jpg,A2,A1,0.5761
processed_data_cleaned\test\A2\A2.12.Uni-Edu_23_patch_1_5.jpg,A2,A1,0.9896
processed_data_cleaned\test\A2\A2.12.Uni-Edu_23_patch_3_5.jpg,A2,B1,0.6141
processed_data_cleaned\test\A2\A2.12.Uni-Edu_24_patch_0_0.jpg,A2,B2,0.7213
processed_data_cleaned\test\A2\A2.12.Uni-Edu_24_patch_0_2.jpg,A2,A1,0.9999
processed_data_cleaned\test\A2\A2.12.Uni-Edu_24_patch_1_4.jpg,A2,A1,0.8459
processed_data_cleaned\test\A2\A2.12.Uni-Edu_24_patch_3_5.jpg,A2,A1,0.9969
processed_data_cleaned\test\A2\A2.12.Uni-Edu_25_patch_0_0.jpg,A2,A1,0.9931
processed_data_cleaned\test\A2\A2.12.Uni-Edu_25_patch_1_0.jpg,A2,A1,0.9763
processed_data_cleaned\test\A2\A2.12.Uni-Edu_25_patch_2_0.jpg,A2,A1,0.9991
processed_data_cleaned\test\A2\A2.12.Uni-Edu_25_patch_2_3.jpg,A2,A1,0.8767
processed_data_cleaned\test\A2\A2.12.Uni-Edu_26_patch_0_2.jpg,A2,A1,0.9995
processed_data_cleaned\test\A2\A2.12.Uni-Edu_26_patch_1_1.jpg,A2,A1,0.9994
processed_data_cleaned\test\A2\A2.12.Uni-Edu_26_patch_1_2.jpg,A2,A1,0.9997
processed_data_cleaned\test\A2\A2.12.Uni-Edu_26_patch_1_3.jpg,A2,A1,0.9914
processed_data_cleaned\test\A2\A2.12.Uni-Edu_26_patch_1_4.jpg,A2,A1,0.4665
processed_data_cleaned\test\A2\A2.12.Uni-Edu_26_patch_1_5.jpg,A2,A1,0.9922
processed_data_cleaned\test\A2\A2.12.Uni-Edu_26_patch_2_2.jpg,A2,A1,0.9955
processed_data_cleaned\test\A2\A2.12.Uni-Edu_26_patch_2_3.jpg,A2,A1,0.9868
processed_data_cleaned\test\A2\A2.12.Uni-Edu_26_patch_3_2.jpg,A2,A1,0.9991
processed_data_cleaned\test\A2\A2.12.Uni-Edu_26_patch_3_3.jpg,A2,A1,0.9995
processed_data_cleaned\test\A2\A2.12.Uni-Edu_26_patch_3_5.jpg,A2,A1,0.9263
processed_data_cleaned\test\A2\A2.12.Uni-Edu_27_patch_0_2.jpg,A2,A1,0.9973
processed_data_cleaned\test\A2\A2.12.Uni-Edu_27_patch_0_3.jpg,A2,A1,0.9786
processed_data_cleaned\test\A2\A2.12.Uni-Edu_27_patch_1_0.jpg,A2,A1,0.9936
processed_data_cleaned\test\A2\A2.12.Uni-Edu_27_patch_1_2.jpg,A2,A1,0.7407
processed_data_cleaned\test\A2\A2.12.Uni-Edu_28_patch_0_5.jpg,A2,A1,0.8419
processed_data_cleaned\test\A2\A2.12.Uni-Edu_28_patch_1_3.jpg,A2,A1,0.9863
processed_data_cleaned\test\A2\A2.12.Uni-Edu_29_patch_0_0.jpg,A2,A1,0.5525
processed_data_cleaned\test\A2\A2.12.Uni-Edu_29_patch_1_1.jpg,A2,A1,0.9897
processed_data_cleaned\test\A2\A2.12.Uni-Edu_29_patch_2_4.jpg,A2,A1,0.6814
processed_data_cleaned\test\A2\A2.12.Uni-Edu_29_patch_3_2.jpg,A2,B1,0.8816
processed_data_cleaned\test\A2\A2.12.Uni-Edu_30_patch_0_0.jpg,A2,A1,1.0
processed_data_cleaned\test\A2\A2.12.Uni-Edu_30_patch_0_1.jpg,A2,A1,0.9975
processed_data_cleaned\test\A2\A2.12.Uni-Edu_30_patch_0_2.jpg,A2,A1,0.9987
processed_data_cleaned\test\A2\A2.12.Uni-Edu_30_patch_0_3.jpg,A2,A1,0.7323
processed_data_cleaned\test\A2\A2.12.Uni-Edu_30_patch_1_0.jpg,A2,A1,0.9678
processed_data_cleaned\test\A2\A2.12.Uni-Edu_30_patch_1_2.jpg,A2,A1,0.9992
processed_data_cleaned\test\A2\A2.12.Uni-Edu_30_patch_2_2.jpg,A2,A1,0.9997
processed_data_cleaned\test\A2\A2.12.Uni-Edu_30_patch_2_3.jpg,A2,A1,0.9991
processed_data_cleaned\test\A2\A2.12.Uni-Edu_30_patch_2_4.jpg,A2,A1,1.0
processed_data_cleaned\test\A2\A2.12.Uni-Edu_30_patch_3_4.jpg,A2,A1,0.9993
processed_data_cleaned\test\A2\A2.12.Uni-Edu_30_patch_3_5.jpg,A2,A1,0.9995
processed_data_cleaned\test\A2\A2.12.Uni-Edu_31_patch_0_2.jpg,A2,A1,0.9998
processed_data_cleaned\test\A2\A2.12.Uni-Edu_31_patch_0_5.jpg,A2,A1,0.9998
processed_data_cleaned\test\A2\A2.12.Uni-Edu_31_patch_2_1.jpg,A2,A1,0.9957
processed_data_cleaned\test\A2\A2.12.Uni-Edu_32_patch_0_0.jpg,A2,A1,0.7776
processed_data_cleaned\test\A2\A2.12.Uni-Edu_32_patch_0_1.jpg,A2,A1,0.6459
processed_data_cleaned\test\A2\A2.12.Uni-Edu_32_patch_0_2.jpg,A2,A1,0.9874
processed_data_cleaned\test\A2\A2.12.Uni-Edu_32_patch_1_0.jpg,A2,A1,0.9989
processed_data_cleaned\test\A2\A2.12.Uni-Edu_32_patch_1_1.jpg,A2,A1,0.9999
processed_data_cleaned\test\A2\A2.12.Uni-Edu_32_patch_2_0.jpg,A2,A1,0.9565
processed_data_cleaned\test\A2\A2.12.Uni-Edu_32_patch_3_1.jpg,A2,B1,0.5223
processed_data_cleaned\test\A2\A2.12.Uni-Edu_32_patch_3_5.jpg,A2,B2,0.5925
processed_data_cleaned\test\A2\A2.12.Uni-Edu_33_patch_0_2.jpg,A2,A1,0.9983
processed_data_cleaned\test\A2\A2.12.Uni-Edu_33_patch_0_3.jpg,A2,A1,1.0
processed_data_cleaned\test\A2\A2.12.Uni-Edu_33_patch_0_4.jpg,A2,A1,0.9969
processed_data_cleaned\test\A2\A2.12.Uni-Edu_33_patch_0_5.jpg,A2,A1,0.8195
processed_data_cleaned\test\A2\A2.12.Uni-Edu_33_patch_1_2.jpg,A2,A1,0.9999
processed_data_cleaned\test\A2\A2.12.Uni-Edu_33_patch_1_3.jpg,A2,A1,0.9967
processed_data_cleaned\test\A2\A2.12.Uni-Edu_33_patch_1_4.jpg,A2,A1,0.9985
processed_data_cleaned\test\A2\A2.12.Uni-Edu_33_patch_1_5.jpg,A2,A1,0.9933
processed_data_cleaned\test\A2\A2.12.Uni-Edu_33_patch_2_2.jpg,A2,B1,0.8635
processed_data_cleaned\test\A2\A2.12.Uni-Edu_33_patch_2_4.jpg,A2,A1,0.9999
processed_data_cleaned\test\A2\A2.12.Uni-Edu_33_patch_2_5.jpg,A2,A1,0.9997
processed_data_cleaned\test\A2\A2.12.Uni-Edu_33_patch_3_4.jpg,A2,A1,0.9983
processed_data_cleaned\test\A2\A2.12.Uni-Edu_33_patch_3_5.jpg,A2,A1,0.9651
processed_data_cleaned\test\A2\A2.12.Uni-Edu_34_patch_0_4.jpg,A2,A1,0.9763
processed_data_cleaned\test\A2\A2.12.Uni-Edu_34_patch_1_4.jpg,A2,A1,0.9965
processed_data_cleaned\test\A2\A2.12.Uni-Edu_34_patch_1_5.jpg,A2,A1,0.9999
processed_data_cleaned\test\A2\A2.12.Uni-Edu_34_patch_2_1.jpg,A2,A1,0.9438
processed_data_cleaned\test\A2\A2.12.Uni-Edu_34_patch_2_4.jpg,A2,A1,0.9994
processed_data_cleaned\test\A2\A2.12.Uni-Edu_34_patch_2_5.jpg,A2,A1,0.939
processed_data_cleaned\test\A2\A2.12.Uni-Edu_34_patch_3_5.jpg,A2,A1,0.9992
processed_data_cleaned\test\A2\A2.12.Uni-Edu_35_patch_1_5.jpg,A2,A1,0.58
processed_data_cleaned\test\A2\A2.12.Uni-Edu_35_patch_2_4.jpg,A2,A1,0.8507
processed_data_cleaned\test\A2\A2.12.Uni-Edu_35_patch_3_3.jpg,A2,B1,0.8871
processed_data_cleaned\test\A2\A2.12.Uni-Edu_36_patch_1_3.jpg,A2,A1,0.9266
processed_data_cleaned\test\A2\A2.12.Uni-Edu_36_patch_2_5.jpg,A2,A1,0.9913
processed_data_cleaned\test\A2\A2.12.Uni-Edu_36_patch_3_3.jpg,A2,A1,0.9548
processed_data_cleaned\test\A2\A2.12.Uni-Edu_36_patch_3_4.jpg,A2,A1,0.9643
processed_data_cleaned\test\A2\A2.12.Uni-Edu_36_patch_3_5.jpg,A2,A1,0.987
processed_data_cleaned\test\A2\A2.12.Uni-Edu_37_patch_0_5.jpg,A2,A1,0.9981
processed_data_cleaned\test\A2\A2.12.Uni-Edu_37_patch_1_0.jpg,A2,A1,1.0
processed_data_cleaned\test\A2\A2.12.Uni-Edu_37_patch_1_1.jpg,A2,A1,1.0
processed_data_cleaned\test\A2\A2.12.Uni-Edu_37_patch_1_2.jpg,A2,A1,0.9993
processed_data_cleaned\test\A2\A2.12.Uni-Edu_37_patch_1_3.jpg,A2,A1,0.9974
processed_data_cleaned\test\A2\A2.12.Uni-Edu_37_patch_1_4.jpg,A2,A1,0.9989
processed_data_cleaned\test\A2\A2.12.Uni-Edu_37_patch_1_5.jpg,A2,A1,0.9999
processed_data_cleaned\test\A2\A2.12.Uni-Edu_37_patch_2_0.jpg,A2,A1,0.9953
processed_data_cleaned\test\A2\A2.12.Uni-Edu_37_patch_2_1.jpg,A2,A1,0.9995
processed_data_cleaned\test\A2\A2.12.Uni-Edu_37_patch_2_3.jpg,A2,A1,0.9977
processed_data_cleaned\test\A2\A2.12.Uni-Edu_37_patch_2_4.jpg,A2,A1,0.9253
processed_data_cleaned\test\A2\A2.12.Uni-Edu_37_patch_2_5.jpg,A2,A1,0.9954
processed_data_cleaned\test\A2\A2.12.Uni-Edu_37_patch_3_3.jpg,A2,B2,0.5173
processed_data_cleaned\test\A2\A2.12.Uni-Edu_37_patch_3_4.jpg,A2,B1,0.6812
processed_data_cleaned\test\A2\A2.12.Uni-Edu_38_patch_0_3.jpg,A2,A1,0.9999
processed_data_cleaned\test\A2\A2.12.Uni-Edu_38_patch_2_0.jpg,A2,B2,0.7282
processed_data_cleaned\test\A2\A2.12.Uni-Edu_38_patch_2_1.jpg,A2,B2,0.7709
processed_data_cleaned\test\A2\A2.12.Uni-Edu_38_patch_2_2.jpg,A2,B1,0.6043
processed_data_cleaned\test\A2\A2.12.Uni-Edu_38_patch_2_4.jpg,A2,A1,0.6071
processed_data_cleaned\test\A2\A2.12.Uni-Edu_38_patch_3_3.jpg,A2,A1,0.8417
processed_data_cleaned\test\A2\A2.12.Uni-Edu_39_patch_0_2.jpg,A2,A1,0.9971
processed_data_cleaned\test\A2\A2.12.Uni-Edu_39_patch_2_1.jpg,A2,A1,0.9718
processed_data_cleaned\test\A2\A2.12.Uni-Edu_39_patch_2_2.jpg,A2,A1,0.9861
processed_data_cleaned\test\A2\A2.12.Uni-Edu_39_patch_2_3.jpg,A2,A1,0.9983
processed_data_cleaned\test\A2\A2.12.Uni-Edu_39_patch_2_4.jpg,A2,A1,0.7858
processed_data_cleaned\test\A2\A2.12.Uni-Edu_39_patch_3_0.jpg,A2,A1,0.9998
processed_data_cleaned\test\A2\A2.12.Uni-Edu_39_patch_3_2.jpg,A2,A1,0.9947
processed_data_cleaned\test\A2\A2.12.Uni-Edu_40_patch_0_4.jpg,A2,A1,0.9997
processed_data_cleaned\test\A2\A2.12.Uni-Edu_40_patch_1_4.jpg,A2,A1,0.7348
processed_data_cleaned\test\A2\A2.12.Uni-Edu_40_patch_1_5.jpg,A2,A1,0.9999
processed_data_cleaned\test\A2\A2.12.Uni-Edu_40_patch_2_0.jpg,A2,A1,0.9898
processed_data_cleaned\test\A2\A2.12.Uni-Edu_40_patch_2_5.jpg,A2,A1,0.931
processed_data_cleaned\test\A2\A2.12.Uni-Edu_40_patch_3_0.jpg,A2,A1,0.6623
processed_data_cleaned\test\A2\A2.12.Uni-Edu_41_patch_1_3.jpg,A2,A1,0.999
processed_data_cleaned\test\A2\A2.12.Uni-Edu_41_patch_2_0.jpg,A2,B1,0.4454
processed_data_cleaned\test\A2\A2.12.Uni-Edu_42_patch_0_1.jpg,A2,A1,0.9952
processed_data_cleaned\test\A2\A2.12.Uni-Edu_42_patch_0_4.jpg,A2,A1,0.9957
processed_data_cleaned\test\A2\A2.12.Uni-Edu_42_patch_0_5.jpg,A2,A1,0.9996
processed_data_cleaned\test\A2\A2.12.Uni-Edu_42_patch_1_1.jpg,A2,A1,0.9998
processed_data_cleaned\test\A2\A2.12.Uni-Edu_42_patch_1_2.jpg,A2,A1,0.9992
processed_data_cleaned\test\A2\A2.12.Uni-Edu_42_patch_1_3.jpg,A2,A1,0.9999
processed_data_cleaned\test\A2\A2.12.Uni-Edu_42_patch_1_5.jpg,A2,A1,0.9988
processed_data_cleaned\test\A2\A2.12.Uni-Edu_42_patch_2_0.jpg,A2,A1,0.993
processed_data_cleaned\test\A2\A2.12.Uni-Edu_42_patch_2_1.jpg,A2,A1,0.9901
processed_data_cleaned\test\A2\A2.12.Uni-Edu_42_patch_2_2.jpg,A2,A1,0.9923
processed_data_cleaned\test\A2\A2.12.Uni-Edu_42_patch_2_3.jpg,A2,A1,0.948
processed_data_cleaned\test\A2\A2.12.Uni-Edu_42_patch_2_4.jpg,A2,A1,0.9969
processed_data_cleaned\test\A2\A2.12.Uni-Edu_42_patch_3_0.jpg,A2,A1,0.8629
processed_data_cleaned\test\A2\A2.12.Uni-Edu_42_patch_3_1.jpg,A2,A1,0.9662
processed_data_cleaned\test\A2\A2.12.Uni-Edu_42_patch_3_2.jpg,A2,A1,0.9703
processed_data_cleaned\test\A2\A2.12.Uni-Edu_42_patch_3_3.jpg,A2,A1,0.6478
processed_data_cleaned\test\A2\A2.12.Uni-Edu_42_patch_3_4.jpg,A2,A1,0.9628
processed_data_cleaned\test\A2\A2.12.Uni-Edu_42_patch_3_5.jpg,A2,A1,0.9622
processed_data_cleaned\test\A2\A2.12.Uni-Edu_43_patch_0_1.jpg,A2,A1,0.9999
processed_data_cleaned\test\A2\A2.12.Uni-Edu_43_patch_0_2.jpg,A2,A1,0.9832
processed_data_cleaned\test\A2\A2.12.Uni-Edu_43_patch_0_3.jpg,A2,A1,0.9989
processed_data_cleaned\test\A2\A2.12.Uni-Edu_43_patch_0_4.jpg,A2,A1,0.9033
processed_data_cleaned\test\A2\A2.12.Uni-Edu_43_patch_0_5.jpg,A2,B1,0.9127
processed_data_cleaned\test\A2\A2.12.Uni-Edu_43_patch_1_1.jpg,A2,A1,0.9724
processed_data_cleaned\test\A2\A2.12.Uni-Edu_43_patch_1_2.jpg,A2,A1,0.9994
processed_data_cleaned\test\A2\A2.12.Uni-Edu_43_patch_1_4.jpg,A2,A1,1.0
processed_data_cleaned\test\A2\A2.12.Uni-Edu_43_patch_1_5.jpg,A2,B2,0.7399
processed_data_cleaned\test\A2\A2.12.Uni-Edu_43_patch_2_2.jpg,A2,A1,0.9962
processed_data_cleaned\test\A2\A2.12.Uni-Edu_43_patch_2_3.jpg,A2,A1,0.9825
processed_data_cleaned\test\A2\A2.12.Uni-Edu_43_patch_3_2.jpg,A2,A1,0.996
processed_data_cleaned\test\A2\A2.12.Uni-Edu_43_patch_3_3.jpg,A2,A1,0.9988
processed_data_cleaned\test\A2\A2.12.Uni-Edu_44_patch_0_0.jpg,A2,A1,0.9719
processed_data_cleaned\test\A2\A2.12.Uni-Edu_44_patch_0_2.jpg,A2,A1,0.5113
processed_data_cleaned\test\A2\A2.12.Uni-Edu_44_patch_0_3.jpg,A2,A1,0.9993
processed_data_cleaned\test\A2\A2.12.Uni-Edu_44_patch_0_5.jpg,A2,A1,0.9867
processed_data_cleaned\test\A2\A2.12.Uni-Edu_44_patch_1_3.jpg,A2,A1,0.9545
processed_data_cleaned\test\A2\A2.12.Uni-Edu_44_patch_1_4.jpg,A2,A1,0.9998
processed_data_cleaned\test\A2\A2.12.Uni-Edu_44_patch_1_5.jpg,A2,A1,0.9985
processed_data_cleaned\test\A2\A2.12.Uni-Edu_44_patch_3_0.jpg,A2,A1,0.9585
processed_data_cleaned\test\A2\A2.12.Uni-Edu_44_patch_3_5.jpg,A2,A1,0.9935
processed_data_cleaned\test\A2\A2.12.Uni-Edu_45_patch_1_4.jpg,A2,A1,0.8934
processed_data_cleaned\test\A2\A2.12.Uni-Edu_45_patch_2_0.jpg,A2,A1,0.8538
processed_data_cleaned\test\A2\A2.12.Uni-Edu_45_patch_2_1.jpg,A2,A1,0.9914
processed_data_cleaned\test\A2\A2.12.Uni-Edu_45_patch_2_4.jpg,A2,A1,0.9527
processed_data_cleaned\test\A2\A2.12.Uni-Edu_45_patch_3_0.jpg,A2,A1,0.9854
processed_data_cleaned\test\A2\A2.12.Uni-Edu_45_patch_3_1.jpg,A2,A1,0.7338
processed_data_cleaned\test\A2\A2.12.Uni-Edu_45_patch_3_2.jpg,A2,A1,0.994
processed_data_cleaned\test\A2\A2.12.Uni-Edu_45_patch_3_3.jpg,A2,A1,0.9984
processed_data_cleaned\test\A2\A2.12.Uni-Edu_45_patch_3_5.jpg,A2,B1,0.9806
processed_data_cleaned\test\A2\A2.12.Uni-Edu_46_patch_1_1.jpg,A2,B1,0.3548
processed_data_cleaned\test\A2\A2.12.Uni-Edu_46_patch_1_4.jpg,A2,A1,0.8879
processed_data_cleaned\test\A2\A2.12.Uni-Edu_46_patch_2_4.jpg,A2,A1,0.9925
processed_data_cleaned\test\A2\A2.12.Uni-Edu_46_patch_3_2.jpg,A2,B2,0.9689
processed_data_cleaned\test\A2\A2.12.Uni-Edu_46_patch_3_3.jpg,A2,B2,0.9048
processed_data_cleaned\test\A2\A2.12.Uni-Edu_46_patch_3_4.jpg,A2,A1,0.521
processed_data_cleaned\test\A2\A2.17.Dia-Pla_01_patch_0_5.jpg,A2,B1,0.469
processed_data_cleaned\test\A2\A2.17.Dia-Pla_01_patch_1_2.jpg,A2,A1,0.8157
processed_data_cleaned\test\A2\A2.17.Dia-Pla_01_patch_2_4.jpg,A2,B1,0.756
processed_data_cleaned\test\A2\A2.17.Dia-Pla_01_patch_3_2.jpg,A2,A1,0.5449
processed_data_cleaned\test\A2\A2.17.Dia-Pla_01_patch_3_3.jpg,A2,A1,0.5418
processed_data_cleaned\test\A2\A2.17.Dia-Pla_02_patch_2_3.jpg,A2,A1,0.6679
processed_data_cleaned\test\A2\A2.17.Dia-Pla_02_patch_3_2.jpg,A2,B1,0.6094
processed_data_cleaned\test\A2\A2.17.Dia-Pla_02_patch_3_4.jpg,A2,B1,0.742
processed_data_cleaned\test\A2\A2.17.Dia-Pla_03_patch_0_0.jpg,A2,B1,0.9846
processed_data_cleaned\test\A2\A2.17.Dia-Pla_03_patch_0_1.jpg,A2,B1,0.7346
processed_data_cleaned\test\A2\A2.17.Dia-Pla_03_patch_1_0.jpg,A2,B1,0.4644
processed_data_cleaned\test\A2\A2.17.Dia-Pla_03_patch_1_3.jpg,A2,B1,0.6468
processed_data_cleaned\test\A2\A2.17.Dia-Pla_03_patch_1_4.jpg,A2,A1,0.83
processed_data_cleaned\test\A2\A2.17.Dia-Pla_03_patch_2_0.jpg,A2,A1,0.5718
processed_data_cleaned\test\A2\A2.17.Dia-Pla_04_patch_0_4.jpg,A2,A1,0.9999
processed_data_cleaned\test\A2\A2.17.Dia-Pla_04_patch_2_3.jpg,A2,B1,0.7721
processed_data_cleaned\test\A2\A2.17.Dia-Pla_04_patch_3_1.jpg,A2,B1,0.6725
processed_data_cleaned\test\A2\A2.17.Dia-Pla_04_patch_3_3.jpg,A2,B1,0.5008
processed_data_cleaned\test\A2\A2.17.Dia-Pla_05_patch_2_0.jpg,A2,B1,0.814
processed_data_cleaned\test\A2\A2.17.Dia-Pla_06_patch_0_0.jpg,A2,A1,0.7452
processed_data_cleaned\test\A2\A2.17.Dia-Pla_06_patch_0_1.jpg,A2,B1,0.9971
processed_data_cleaned\test\A2\A2.17.Dia-Pla_06_patch_0_2.jpg,A2,B1,0.9543
processed_data_cleaned\test\A2\A2.17.Dia-Pla_06_patch_1_0.jpg,A2,A1,0.8226
processed_data_cleaned\test\A2\A2.17.Dia-Pla_06_patch_1_2.jpg,A2,A1,0.7515
processed_data_cleaned\test\A2\A2.17.Dia-Pla_06_patch_2_2.jpg,A2,A1,0.8148
processed_data_cleaned\test\A2\A2.17.Dia-Pla_06_patch_3_0.jpg,A2,B1,0.9218
processed_data_cleaned\test\A2\A2.17.Dia-Pla_06_patch_3_1.jpg,A2,B1,0.8159
processed_data_cleaned\test\A2\A2.17.Dia-Pla_06_patch_3_3.jpg,A2,B1,0.9994
processed_data_cleaned\test\A2\A2.17.Dia-Pla_06_patch_3_4.jpg,A2,B1,0.428
processed_data_cleaned\test\A2\A2.17.Dia-Pla_07_patch_0_2.jpg,A2,B1,0.7253
processed_data_cleaned\test\A2\A2.17.Dia-Pla_07_patch_1_0.jpg,A2,B1,0.6196
processed_data_cleaned\test\A2\A2.17.Dia-Pla_07_patch_1_3.jpg,A2,B1,0.9421
processed_data_cleaned\test\A2\A2.17.Dia-Pla_07_patch_1_4.jpg,A2,A1,0.4711
processed_data_cleaned\test\A2\A2.17.Dia-Pla_07_patch_2_4.jpg,A2,A1,0.7736
processed_data_cleaned\test\A2\A2.17.Dia-Pla_07_patch_3_3.jpg,A2,A1,0.8926
processed_data_cleaned\test\A2\A2.17.Dia-Pla_08_patch_2_0.jpg,A2,B1,0.5418
processed_data_cleaned\test\A2\A2.17.Dia-Pla_08_patch_3_2.jpg,A2,B1,0.9927
processed_data_cleaned\test\A2\A2.17.Dia-Pla_08_patch_3_5.jpg,A2,B1,0.9948
processed_data_cleaned\test\A2\A2.17.Dia-Pla_09_patch_1_2.jpg,A2,A1,0.8194
processed_data_cleaned\test\A2\A2.17.Dia-Pla_09_patch_1_3.jpg,A2,A1,0.9095
processed_data_cleaned\test\A2\A2.17.Dia-Pla_09_patch_2_4.jpg,A2,A1,0.8053
processed_data_cleaned\test\A2\A2.17.Dia-Pla_09_patch_3_4.jpg,A2,B1,0.5544
processed_data_cleaned\test\A2\A2.17.Dia-Pla_09_patch_3_5.jpg,A2,B1,0.8596
processed_data_cleaned\test\A2\A2.17.Dia-Pla_11_patch_0_1.jpg,A2,A1,0.5039
processed_data_cleaned\test\A2\A2.17.Dia-Pla_11_patch_0_3.jpg,A2,B1,0.9765
processed_data_cleaned\test\A2\A2.17.Dia-Pla_11_patch_0_4.jpg,A2,B1,0.7086
processed_data_cleaned\test\A2\A2.17.Dia-Pla_11_patch_0_5.jpg,A2,B1,0.952
processed_data_cleaned\test\A2\A2.17.Dia-Pla_11_patch_1_4.jpg,A2,B1,0.7207
processed_data_cleaned\test\A2\A2.17.Dia-Pla_11_patch_3_0.jpg,A2,B1,0.6524
processed_data_cleaned\test\A2\A2.17.Dia-Pla_11_patch_3_4.jpg,A2,B1,0.9699
processed_data_cleaned\test\A2\A2.17.Dia-Pla_12_patch_0_0.jpg,A2,A1,0.9676
processed_data_cleaned\test\A2\A2.17.Dia-Pla_12_patch_0_3.jpg,A2,A1,0.8312
processed_data_cleaned\test\A2\A2.17.Dia-Pla_12_patch_2_1.jpg,A2,A1,0.7334
processed_data_cleaned\test\A2\A2.17.Dia-Pla_12_patch_3_1.jpg,A2,A1,0.6783
processed_data_cleaned\test\A2\A2.17.Dia-Pla_13_patch_3_0.jpg,A2,A1,0.5674
processed_data_cleaned\test\A2\A2.17.Dia-Pla_13_patch_3_1.jpg,A2,B1,0.989
processed_data_cleaned\test\A2\A2.17.Dia-Pla_14_patch_1_0.jpg,A2,B1,0.9981
processed_data_cleaned\test\A2\A2.17.Dia-Pla_15_patch_2_4.jpg,A2,B1,0.9306
processed_data_cleaned\test\A2\A2.17.Dia-Pla_15_patch_2_5.jpg,A2,B1,0.9952
processed_data_cleaned\test\A2\A2.17.Dia-Pla_15_patch_3_2.jpg,A2,A1,0.8427
processed_data_cleaned\test\A2\A2.17.Dia-Pla_15_patch_3_3.jpg,A2,B1,0.9299
processed_data_cleaned\test\A2\A2.17.Dia-Pla_15_patch_3_4.jpg,A2,A1,0.9371
processed_data_cleaned\test\A2\A2.17.Dia-Pla_16_patch_0_4.jpg,A2,B1,0.5744
processed_data_cleaned\test\A2\A2.17.Dia-Pla_16_patch_0_5.jpg,A2,B1,0.6922
processed_data_cleaned\test\A2\A2.17.Dia-Pla_16_patch_1_1.jpg,A2,B1,0.6791
processed_data_cleaned\test\A2\A2.17.Dia-Pla_16_patch_1_3.jpg,A2,A1,0.8244
processed_data_cleaned\test\A2\A2.17.Dia-Pla_16_patch_1_4.jpg,A2,A1,0.5133
processed_data_cleaned\test\A2\A2.17.Dia-Pla_16_patch_2_0.jpg,A2,B1,0.9566
processed_data_cleaned\test\A2\A2.17.Dia-Pla_16_patch_3_2.jpg,A2,A1,0.9244
processed_data_cleaned\test\A2\A2.17.Dia-Pla_17_patch_2_4.jpg,A2,A1,0.6093
processed_data_cleaned\test\A2\A2.17.Dia-Pla_17_patch_3_4.jpg,A2,A1,0.5446
processed_data_cleaned\test\A2\A2.17.Dia-Pla_19_patch_1_1.jpg,A2,B1,0.8784
processed_data_cleaned\test\A2\A2.17.Dia-Pla_19_patch_2_1.jpg,A2,B1,0.4884
processed_data_cleaned\test\A2\A2.17.Dia-Pla_19_patch_2_2.jpg,A2,A1,0.9297
processed_data_cleaned\test\A2\A2.17.Dia-Pla_20_patch_0_0.jpg,A2,B1,0.512
processed_data_cleaned\test\A2\A2.17.Dia-Pla_20_patch_0_2.jpg,A2,A1,0.838
processed_data_cleaned\test\A2\A2.17.Dia-Pla_20_patch_0_3.jpg,A2,A1,0.6691
processed_data_cleaned\test\A2\A2.17.Dia-Pla_20_patch_1_5.jpg,A2,B1,0.5877
processed_data_cleaned\test\A2\A2.17.Dia-Pla_21_patch_0_0.jpg,A2,B1,0.8577
processed_data_cleaned\test\A2\A2.17.Dia-Pla_21_patch_1_1.jpg,A2,B1,0.8797
processed_data_cleaned\test\A2\A2.17.Dia-Pla_21_patch_3_0.jpg,A2,B1,0.6235
processed_data_cleaned\test\A2\A2.17.Dia-Pla_21_patch_3_5.jpg,A2,A1,0.9412
processed_data_cleaned\test\A2\A2.17.Dia-Pla_22_patch_0_2.jpg,A2,B1,0.8755
processed_data_cleaned\test\A2\A2.17.Dia-Pla_22_patch_0_5.jpg,A2,A1,0.3246
processed_data_cleaned\test\A2\A2.17.Dia-Pla_22_patch_1_0.jpg,A2,B1,0.5523
processed_data_cleaned\test\A2\A2.17.Dia-Pla_22_patch_1_2.jpg,A2,B1,0.9655
processed_data_cleaned\test\A2\A2.17.Dia-Pla_22_patch_2_0.jpg,A2,B1,0.9886
processed_data_cleaned\test\A2\A2.17.Dia-Pla_22_patch_3_0.jpg,A2,B1,0.9995
processed_data_cleaned\test\A2\A2.17.Dia-Pla_22_patch_3_1.jpg,A2,B2,0.4367
processed_data_cleaned\test\A2\A2.17.Dia-Pla_25_patch_1_1.jpg,A2,B1,0.6591
processed_data_cleaned\test\A2\A2.17.Dia-Pla_25_patch_2_1.jpg,A2,B1,0.5994
processed_data_cleaned\test\A2\A2.17.Dia-Pla_25_patch_2_2.jpg,A2,B1,0.7283
processed_data_cleaned\test\A2\A2.17.Dia-Pla_25_patch_2_4.jpg,A2,A1,0.8997
processed_data_cleaned\test\A2\A2.17.Dia-Pla_26_patch_0_1.jpg,A2,B2,0.4686
processed_data_cleaned\test\A2\A2.17.Dia-Pla_26_patch_1_1.jpg,A2,A1,0.8748
processed_data_cleaned\test\A2\A2.17.Dia-Pla_26_patch_2_1.jpg,A2,B1,0.8172
processed_data_cleaned\test\A2\A2.17.Dia-Pla_26_patch_2_3.jpg,A2,B1,0.8661
processed_data_cleaned\test\A2\A2.17.Dia-Pla_26_patch_2_5.jpg,A2,A1,0.8441
processed_data_cleaned\test\A2\A2.17.Dia-Pla_26_patch_3_1.jpg,A2,A1,0.9551
processed_data_cleaned\test\A2\A2.17.Dia-Pla_27_patch_1_1.jpg,A2,A1,0.6903
processed_data_cleaned\test\A2\A2.17.Dia-Pla_27_patch_2_0.jpg,A2,B1,0.9866
processed_data_cleaned\test\A2\A2.17.Dia-Pla_27_patch_2_1.jpg,A2,B2,0.9777
processed_data_cleaned\test\A2\A2.17.Dia-Pla_27_patch_2_2.jpg,A2,A1,0.8215
processed_data_cleaned\test\A2\A2.17.Dia-Pla_27_patch_2_3.jpg,A2,B1,0.9795
processed_data_cleaned\test\A2\A2.17.Dia-Pla_27_patch_2_4.jpg,A2,B1,0.9834
processed_data_cleaned\test\A2\A2.17.Dia-Pla_27_patch_2_5.jpg,A2,B1,0.991
processed_data_cleaned\test\A2\A2.17.Dia-Pla_28_patch_1_3.jpg,A2,B1,0.5593
processed_data_cleaned\test\A2\A2.17.Dia-Pla_28_patch_1_5.jpg,A2,A1,0.712
processed_data_cleaned\test\A2\A2.17.Dia-Pla_28_patch_2_1.jpg,A2,B1,0.9867
processed_data_cleaned\test\A2\A2.17.Dia-Pla_28_patch_3_1.jpg,A2,B1,0.9475
processed_data_cleaned\test\A2\A2.17.Dia-Pla_28_patch_3_2.jpg,A2,B1,0.924
processed_data_cleaned\test\A2\A2.17.Dia-Pla_28_patch_3_4.jpg,A2,A1,0.7218
processed_data_cleaned\test\A2\A2.17.Dia-Pla_29_patch_1_1.jpg,A2,B2,0.4009
processed_data_cleaned\test\A2\A2.17.Dia-Pla_29_patch_3_2.jpg,A2,A1,0.5045
processed_data_cleaned\test\A2\A2.17.Dia-Pla_30_patch_0_0.jpg,A2,A1,0.7838
processed_data_cleaned\test\A2\A2.17.Dia-Pla_30_patch_1_0.jpg,A2,B1,0.4969
processed_data_cleaned\test\A2\A2.17.Dia-Pla_30_patch_1_1.jpg,A2,B1,0.6057
processed_data_cleaned\test\A2\A2.17.Dia-Pla_30_patch_1_2.jpg,A2,A1,0.398
processed_data_cleaned\test\A2\A2.17.Dia-Pla_30_patch_2_0.jpg,A2,A1,0.7947
processed_data_cleaned\test\A2\A2.17.Dia-Pla_30_patch_2_3.jpg,A2,A1,0.8145
processed_data_cleaned\test\A2\A2.17.Dia-Pla_31_patch_1_3.jpg,A2,A1,0.6391
processed_data_cleaned\test\A2\A2.17.Dia-Pla_31_patch_2_5.jpg,A2,A1,0.8099
processed_data_cleaned\test\A2\A2.17.Dia-Pla_31_patch_3_0.jpg,A2,A1,0.8588
processed_data_cleaned\test\A2\A2.17.Dia-Pla_31_patch_3_3.jpg,A2,B1,0.8998
processed_data_cleaned\test\A2\A2.17.Dia-Pla_31_patch_3_4.jpg,A2,A1,0.4788
processed_data_cleaned\test\A2\A2.17.Dia-Pla_32_patch_0_1.jpg,A2,B1,0.7059
processed_data_cleaned\test\A2\A2.17.Dia-Pla_32_patch_0_3.jpg,A2,A1,0.5849
processed_data_cleaned\test\A2\A2.17.Dia-Pla_32_patch_1_5.jpg,A2,A1,0.6651
processed_data_cleaned\test\A2\A2.17.Dia-Pla_32_patch_2_5.jpg,A2,A1,0.455
processed_data_cleaned\test\A2\A2.17.Dia-Pla_32_patch_3_1.jpg,A2,A1,0.8055
processed_data_cleaned\test\A2\A2.17.Dia-Pla_32_patch_3_3.jpg,A2,A1,0.6928
processed_data_cleaned\test\A2\A2.17.Dia-Pla_32_patch_3_5.jpg,A2,A1,0.8951
processed_data_cleaned\test\A2\A2.17.Dia-Pla_33_patch_0_2.jpg,A2,A1,0.413
processed_data_cleaned\test\A2\A2.17.Dia-Pla_33_patch_1_1.jpg,A2,B1,0.8814
processed_data_cleaned\test\A2\A2.17.Dia-Pla_33_patch_2_1.jpg,A2,A1,0.6608
processed_data_cleaned\test\A2\A2.17.Dia-Pla_33_patch_2_2.jpg,A2,A1,0.8778
processed_data_cleaned\test\A2\A2.17.Dia-Pla_33_patch_3_1.jpg,A2,A1,0.8847
processed_data_cleaned\test\A2\A2.17.Dia-Pla_33_patch_3_2.jpg,A2,A1,0.9704
processed_data_cleaned\test\A2\A2.17.Dia-Pla_33_patch_3_3.jpg,A2,A1,0.9608
processed_data_cleaned\test\A2\A2.17.Dia-Pla_34_patch_1_1.jpg,A2,B1,0.8443
processed_data_cleaned\test\A2\A2.17.Dia-Pla_34_patch_1_2.jpg,A2,A1,0.9983
processed_data_cleaned\test\A2\A2.17.Dia-Pla_35_patch_1_1.jpg,A2,A1,0.9628
processed_data_cleaned\test\A2\A2.17.Dia-Pla_35_patch_1_2.jpg,A2,A1,0.388
processed_data_cleaned\test\A2\A2.17.Dia-Pla_35_patch_2_2.jpg,A2,B1,0.9701
processed_data_cleaned\test\A2\A2.17.Dia-Pla_36_patch_3_3.jpg,A2,A1,0.9983
processed_data_cleaned\test\A2\A2.17.Dia-Pla_37_patch_0_5.jpg,A2,A1,0.9289
processed_data_cleaned\test\A2\A2.17.Dia-Pla_37_patch_2_0.jpg,A2,A1,0.5231
processed_data_cleaned\test\A2\A2.17.Dia-Pla_37_patch_2_1.jpg,A2,A1,0.7075
processed_data_cleaned\test\A2\A2.17.Dia-Pla_37_patch_3_3.jpg,A2,B1,0.8896
processed_data_cleaned\test\A2\A2.17.Dia-Pla_37_patch_3_4.jpg,A2,A1,0.3901
processed_data_cleaned\test\A2\A2.17.Dia-Pla_38_patch_1_0.jpg,A2,A1,0.5224
processed_data_cleaned\test\A2\A2.17.Dia-Pla_38_patch_1_2.jpg,A2,A1,0.9228
processed_data_cleaned\test\A2\A2.17.Dia-Pla_38_patch_2_0.jpg,A2,A1,0.8606
processed_data_cleaned\test\A2\A2.17.Dia-Pla_38_patch_2_3.jpg,A2,A1,0.5101
processed_data_cleaned\test\A2\A2.17.Dia-Pla_38_patch_3_2.jpg,A2,B1,0.6551
processed_data_cleaned\test\A2\A2.17.Dia-Pla_40_patch_0_1.jpg,A2,A1,0.4496
processed_data_cleaned\test\A2\A2.17.Dia-Pla_40_patch_3_1.jpg,A2,A1,0.6152
processed_data_cleaned\test\A2\A2.17.Dia-Pla_41_patch_2_0.jpg,A2,A1,0.8055
processed_data_cleaned\test\A2\A2.17.Dia-Pla_41_patch_3_0.jpg,A2,B1,0.548
processed_data_cleaned\test\A2\A2.17.Dia-Pla_41_patch_3_1.jpg,A2,A1,0.3734
processed_data_cleaned\test\A2\A2.17.Dia-Pla_41_patch_3_2.jpg,A2,B1,0.8525
processed_data_cleaned\test\A2\A2.17.Dia-Pla_42_patch_1_2.jpg,A2,A1,0.5634
processed_data_cleaned\test\A2\A2.17.Dia-Pla_42_patch_2_0.jpg,A2,A1,0.8932
processed_data_cleaned\test\A2\A2.17.Dia-Pla_42_patch_3_1.jpg,A2,B1,0.5169
processed_data_cleaned\test\A2\A2.17.Dia-Pla_42_patch_3_2.jpg,A2,B1,0.7797
processed_data_cleaned\test\A2\A2.17.Dia-Pla_43_patch_1_2.jpg,A2,A1,0.8708
processed_data_cleaned\test\A2\A2.17.Dia-Pla_43_patch_2_0.jpg,A2,B1,0.4864
processed_data_cleaned\test\A2\A2.21.Cons-Mus_01_patch_0_0.jpg,A2,A1,0.9998
processed_data_cleaned\test\A2\A2.21.Cons-Mus_01_patch_0_1.jpg,A2,A1,1.0
processed_data_cleaned\test\A2\A2.21.Cons-Mus_01_patch_1_4.jpg,A2,A1,0.6841
processed_data_cleaned\test\A2\A2.21.Cons-Mus_01_patch_2_0.jpg,A2,A1,1.0
processed_data_cleaned\test\A2\A2.21.Cons-Mus_01_patch_2_5.jpg,A2,A1,0.8934
processed_data_cleaned\test\A2\A2.21.Cons-Mus_01_patch_3_0.jpg,A2,A1,0.9996
processed_data_cleaned\test\A2\A2.21.Cons-Mus_01_patch_3_3.jpg,A2,A1,1.0
processed_data_cleaned\test\A2\A2.21.Cons-Mus_01_patch_3_4.jpg,A2,A1,0.9998
processed_data_cleaned\test\A2\A2.21.Cons-Mus_01_patch_3_5.jpg,A2,A1,0.9999
processed_data_cleaned\test\A2\A2.21.Cons-Mus_02_patch_0_0.jpg,A2,A1,0.5447
processed_data_cleaned\test\A2\A2.21.Cons-Mus_02_patch_1_0.jpg,A2,A1,1.0
processed_data_cleaned\test\A2\A2.21.Cons-Mus_02_patch_2_4.jpg,A2,A1,1.0
processed_data_cleaned\test\A2\A2.21.Cons-Mus_02_patch_2_5.jpg,A2,A1,0.9969
processed_data_cleaned\test\A2\A2.21.Cons-Mus_02_patch_3_0.jpg,A2,A1,0.9995
processed_data_cleaned\test\A2\A2.21.Cons-Mus_02_patch_3_1.jpg,A2,A1,1.0
processed_data_cleaned\test\A2\A2.21.Cons-Mus_02_patch_3_3.jpg,A2,A1,0.9481
processed_data_cleaned\test\A2\A2.21.Cons-Mus_02_patch_3_4.jpg,A2,A1,0.9997
processed_data_cleaned\test\A2\A2.21.Cons-Mus_02_patch_3_5.jpg,A2,A1,0.998
processed_data_cleaned\test\A2\A2.21.Cons-Mus_03_patch_1_3.jpg,A2,A1,1.0
processed_data_cleaned\test\A2\A2.21.Cons-Mus_03_patch_1_5.jpg,A2,A1,1.0
processed_data_cleaned\test\A2\A2.21.Cons-Mus_04_patch_0_0.jpg,A2,A1,1.0
processed_data_cleaned\test\A2\A2.21.Cons-Mus_04_patch_0_1.jpg,A2,A1,0.9828
processed_data_cleaned\test\A2\A2.21.Cons-Mus_04_patch_0_3.jpg,A2,A1,0.8114
processed_data_cleaned\test\A2\A2.21.Cons-Mus_04_patch_1_0.jpg,A2,A1,0.9987
processed_data_cleaned\test\A2\A2.21.Cons-Mus_04_patch_1_2.jpg,A2,A1,0.9999
processed_data_cleaned\test\A2\A2.21.Cons-Mus_04_patch_1_3.jpg,A2,A1,0.9917
processed_data_cleaned\test\A2\A2.21.Cons-Mus_04_patch_1_5.jpg,A2,A1,0.997
processed_data_cleaned\test\A2\A2.21.Cons-Mus_04_patch_2_4.jpg,A2,A1,1.0
processed_data_cleaned\test\A2\A2.21.Cons-Mus_04_patch_3_1.jpg,A2,A1,0.8165
processed_data_cleaned\test\A2\A2.21.Cons-Mus_05_patch_1_1.jpg,A2,A1,0.8512
processed_data_cleaned\test\A2\A2.21.Cons-Mus_05_patch_1_2.jpg,A2,A1,0.9962
processed_data_cleaned\test\A2\A2.21.Cons-Mus_05_patch_2_3.jpg,A2,A1,1.0
processed_data_cleaned\test\A2\A2.21.Cons-Mus_05_patch_2_4.jpg,A2,A1,1.0
processed_data_cleaned\test\A2\A2.21.Cons-Mus_05_patch_3_0.jpg,A2,A1,0.9996
processed_data_cleaned\test\A2\A2.21.Cons-Mus_05_patch_3_1.jpg,A2,A1,0.9999
processed_data_cleaned\test\A2\A2.21.Cons-Mus_05_patch_3_2.jpg,A2,A1,0.9883
processed_data_cleaned\test\A2\A2.21.Cons-Mus_05_patch_3_3.jpg,A2,A1,0.9997
processed_data_cleaned\test\A2\A2.21.Cons-Mus_05_patch_3_4.jpg,A2,A1,1.0
processed_data_cleaned\test\A2\A2.21.Cons-Mus_05_patch_3_5.jpg,A2,A1,1.0
processed_data_cleaned\test\A2\A2.21.Cons-Mus_06_patch_0_1.jpg,A2,A1,0.9936
processed_data_cleaned\test\A2\A2.21.Cons-Mus_06_patch_2_0.jpg,A2,A1,1.0
processed_data_cleaned\test\A2\A2.21.Cons-Mus_06_patch_2_1.jpg,A2,A1,1.0
processed_data_cleaned\test\A2\A2.21.Cons-Mus_06_patch_2_5.jpg,A2,A1,0.9964
processed_data_cleaned\test\A2\A2.21.Cons-Mus_06_patch_3_0.jpg,A2,A1,1.0
processed_data_cleaned\test\A2\A2.21.Cons-Mus_06_patch_3_1.jpg,A2,A1,1.0
processed_data_cleaned\test\A2\A2.21.Cons-Mus_06_patch_3_2.jpg,A2,A1,1.0
processed_data_cleaned\test\A2\A2.21.Cons-Mus_07_patch_0_0.jpg,A2,B1,0.7421
processed_data_cleaned\test\A2\A2.21.Cons-Mus_07_patch_0_1.jpg,A2,A1,0.9239
processed_data_cleaned\test\A2\A2.21.Cons-Mus_07_patch_0_2.jpg,A2,A1,0.9926
processed_data_cleaned\test\A2\A2.21.Cons-Mus_07_patch_0_3.jpg,A2,A1,0.8641
processed_data_cleaned\test\A2\A2.21.Cons-Mus_07_patch_0_4.jpg,A2,A1,0.9997
processed_data_cleaned\test\A2\A2.21.Cons-Mus_07_patch_0_5.jpg,A2,A1,0.9421
processed_data_cleaned\test\A2\A2.21.Cons-Mus_07_patch_1_2.jpg,A2,A1,0.9758
processed_data_cleaned\test\A2\A2.21.Cons-Mus_07_patch_1_3.jpg,A2,A1,0.6683
processed_data_cleaned\test\A2\A2.21.Cons-Mus_07_patch_2_2.jpg,A2,B1,0.9332
processed_data_cleaned\test\A2\A2.21.Cons-Mus_07_patch_2_3.jpg,A2,A1,0.7814
processed_data_cleaned\test\A2\A2.21.Cons-Mus_07_patch_2_4.jpg,A2,A1,1.0
processed_data_cleaned\test\A2\A2.21.Cons-Mus_07_patch_3_1.jpg,A2,A1,0.9508
processed_data_cleaned\test\A2\A2.21.Cons-Mus_07_patch_3_2.jpg,A2,A1,0.9882
processed_data_cleaned\test\A2\A2.21.Cons-Mus_07_patch_3_3.jpg,A2,A1,1.0
processed_data_cleaned\test\A2\A2.21.Cons-Mus_09_patch_0_1.jpg,A2,A1,0.998
processed_data_cleaned\test\A2\A2.21.Cons-Mus_09_patch_0_3.jpg,A2,A1,1.0
processed_data_cleaned\test\A2\A2.21.Cons-Mus_09_patch_0_4.jpg,A2,A1,1.0
processed_data_cleaned\test\A2\A2.21.Cons-Mus_09_patch_1_1.jpg,A2,A1,1.0
processed_data_cleaned\test\A2\A2.21.Cons-Mus_09_patch_1_2.jpg,A2,A1,1.0
processed_data_cleaned\test\A2\A2.21.Cons-Mus_09_patch_1_3.jpg,A2,A1,1.0
processed_data_cleaned\test\A2\A2.21.Cons-Mus_09_patch_1_4.jpg,A2,A1,1.0
processed_data_cleaned\test\A2\A2.21.Cons-Mus_09_patch_2_0.jpg,A2,A1,0.9997
processed_data_cleaned\test\A2\A2.21.Cons-Mus_09_patch_3_0.jpg,A2,A1,1.0
processed_data_cleaned\test\A2\A2.21.Cons-Mus_09_patch_3_3.jpg,A2,A1,1.0
processed_data_cleaned\test\A2\A2.21.Cons-Mus_09_patch_3_4.jpg,A2,A1,1.0
processed_data_cleaned\test\A2\A2.21.Cons-Mus_10_patch_1_1.jpg,A2,A1,0.5804
processed_data_cleaned\test\A2\A2.21.Cons-Mus_10_patch_2_0.jpg,A2,B2,0.5256
processed_data_cleaned\test\A2\A2.21.Cons-Mus_10_patch_2_4.jpg,A2,A1,1.0
processed_data_cleaned\test\A2\A2.21.Cons-Mus_10_patch_3_0.jpg,A2,A1,0.9487
processed_data_cleaned\test\A2\A2.21.Cons-Mus_11_patch_0_3.jpg,A2,A1,1.0
processed_data_cleaned\test\A2\A2.21.Cons-Mus_11_patch_0_4.jpg,A2,A1,0.9963
processed_data_cleaned\test\A2\A2.21.Cons-Mus_11_patch_0_5.jpg,A2,A1,0.5456
processed_data_cleaned\test\A2\A2.21.Cons-Mus_11_patch_1_2.jpg,A2,A1,1.0
processed_data_cleaned\test\A2\A2.21.Cons-Mus_11_patch_1_3.jpg,A2,A1,0.9693
processed_data_cleaned\test\A2\A2.21.Cons-Mus_11_patch_2_2.jpg,A2,A1,1.0
processed_data_cleaned\test\A2\A2.21.Cons-Mus_11_patch_3_0.jpg,A2,A1,1.0
processed_data_cleaned\test\A2\A2.21.Cons-Mus_11_patch_3_1.jpg,A2,A1,1.0
processed_data_cleaned\test\A2\A2.21.Cons-Mus_11_patch_3_5.jpg,A2,A1,1.0
processed_data_cleaned\test\A2\A2.21.Cons-Mus_12_patch_0_5.jpg,A2,A1,0.9899
processed_data_cleaned\test\A2\A2.21.Cons-Mus_12_patch_1_5.jpg,A2,A1,1.0
processed_data_cleaned\test\A2\A2.21.Cons-Mus_12_patch_3_3.jpg,A2,A1,0.9973
processed_data_cleaned\test\A2\A2.21.Cons-Mus_12_patch_3_5.jpg,A2,A1,0.9998
processed_data_cleaned\test\A2\A2.21.Cons-Mus_13_patch_0_0.jpg,A2,A1,0.6957
processed_data_cleaned\test\A2\A2.21.Cons-Mus_13_patch_0_4.jpg,A2,A1,1.0
processed_data_cleaned\test\A2\A2.21.Cons-Mus_13_patch_1_5.jpg,A2,A1,0.5515
processed_data_cleaned\test\A2\A2.21.Cons-Mus_13_patch_2_2.jpg,A2,A1,1.0
processed_data_cleaned\test\A2\A2.21.Cons-Mus_13_patch_2_4.jpg,A2,A1,0.9979
processed_data_cleaned\test\A2\A2.21.Cons-Mus_13_patch_3_1.jpg,A2,A1,1.0
processed_data_cleaned\test\A2\A2.21.Cons-Mus_13_patch_3_2.jpg,A2,A1,1.0
processed_data_cleaned\test\A2\A2.21.Cons-Mus_13_patch_3_3.jpg,A2,A1,0.9677
processed_data_cleaned\test\A2\A2.21.Cons-Mus_13_patch_3_4.jpg,A2,A1,1.0
processed_data_cleaned\test\A2\A2.21.Cons-Mus_13_patch_3_5.jpg,A2,A1,1.0
processed_data_cleaned\test\A2\A2.21.Cons-Mus_14_patch_0_2.jpg,A2,A1,1.0
processed_data_cleaned\test\A2\A2.21.Cons-Mus_14_patch_0_3.jpg,A2,A1,1.0
processed_data_cleaned\test\A2\A2.21.Cons-Mus_14_patch_1_1.jpg,A2,A1,1.0
processed_data_cleaned\test\A2\A2.21.Cons-Mus_14_patch_1_2.jpg,A2,A1,1.0
processed_data_cleaned\test\A2\A2.21.Cons-Mus_14_patch_1_3.jpg,A2,A1,0.9997
processed_data_cleaned\test\A2\A2.21.Cons-Mus_14_patch_2_5.jpg,A2,A1,0.999
processed_data_cleaned\test\A2\A2.21.Cons-Mus_14_patch_3_0.jpg,A2,A1,1.0
processed_data_cleaned\test\A2\A2.21.Cons-Mus_14_patch_3_4.jpg,A2,A1,1.0
processed_data_cleaned\test\A2\A2.21.Cons-Mus_14_patch_3_5.jpg,A2,A1,1.0
processed_data_cleaned\test\A2\A2.21.Cons-Mus_15_patch_0_4.jpg,A2,A1,0.9997
processed_data_cleaned\test\A2\A2.21.Cons-Mus_15_patch_2_5.jpg,A2,A1,0.8811
processed_data_cleaned\test\A2\A2.21.Cons-Mus_15_patch_3_4.jpg,A2,A1,1.0
processed_data_cleaned\test\A2\A2.21.Cons-Mus_17_patch_0_1.jpg,A2,A1,0.7667
processed_data_cleaned\test\A2\A2.21.Cons-Mus_17_patch_0_5.jpg,A2,B1,0.7059
processed_data_cleaned\test\A2\A2.21.Cons-Mus_17_patch_1_1.jpg,A2,A1,0.9996
processed_data_cleaned\test\A2\A2.21.Cons-Mus_17_patch_1_4.jpg,A2,B1,0.5217
processed_data_cleaned\test\A2\A2.21.Cons-Mus_17_patch_2_0.jpg,A2,A1,0.8918
processed_data_cleaned\test\A2\A2.21.Cons-Mus_17_patch_2_1.jpg,A2,A1,0.9367
processed_data_cleaned\test\A2\A2.21.Cons-Mus_17_patch_2_3.jpg,A2,A1,0.9135
processed_data_cleaned\test\A2\A2.21.Cons-Mus_17_patch_2_5.jpg,A2,B1,0.5085
processed_data_cleaned\test\A2\A2.21.Cons-Mus_17_patch_3_0.jpg,A2,A1,0.9831
processed_data_cleaned\test\A2\A2.21.Cons-Mus_17_patch_3_2.jpg,A2,A1,0.9999
processed_data_cleaned\test\A2\A2.21.Cons-Mus_17_patch_3_4.jpg,A2,B1,0.9846
processed_data_cleaned\test\A2\A2.21.Cons-Mus_18_patch_0_2.jpg,A2,A1,1.0
processed_data_cleaned\test\A2\A2.21.Cons-Mus_18_patch_0_3.jpg,A2,A1,0.994
processed_data_cleaned\test\A2\A2.21.Cons-Mus_18_patch_0_4.jpg,A2,A1,0.9988
processed_data_cleaned\test\A2\A2.21.Cons-Mus_18_patch_0_5.jpg,A2,A1,0.9995
processed_data_cleaned\test\A2\A2.21.Cons-Mus_18_patch_1_1.jpg,A2,A1,1.0
processed_data_cleaned\test\A2\A2.21.Cons-Mus_18_patch_1_2.jpg,A2,A1,1.0
processed_data_cleaned\test\A2\A2.21.Cons-Mus_18_patch_1_4.jpg,A2,A1,1.0
processed_data_cleaned\test\A2\A2.21.Cons-Mus_18_patch_2_2.jpg,A2,A1,0.9949
processed_data_cleaned\test\A2\A2.21.Cons-Mus_18_patch_2_4.jpg,A2,B1,0.7907
processed_data_cleaned\test\A2\A2.21.Cons-Mus_18_patch_2_5.jpg,A2,A1,0.9971
processed_data_cleaned\test\A2\A2.21.Cons-Mus_18_patch_3_1.jpg,A2,A1,1.0
processed_data_cleaned\test\A2\A2.21.Cons-Mus_18_patch_3_2.jpg,A2,A1,1.0
processed_data_cleaned\test\A2\A2.21.Cons-Mus_18_patch_3_3.jpg,A2,A1,1.0
processed_data_cleaned\test\A2\A2.21.Cons-Mus_18_patch_3_5.jpg,A2,A1,1.0
processed_data_cleaned\test\A2\A2.21.Cons-Mus_20_patch_0_0.jpg,A2,A1,0.9755
processed_data_cleaned\test\A2\A2.21.Cons-Mus_20_patch_0_1.jpg,A2,A1,0.9948
processed_data_cleaned\test\A2\A2.21.Cons-Mus_20_patch_0_2.jpg,A2,A1,0.9999
processed_data_cleaned\test\A2\A2.21.Cons-Mus_20_patch_0_3.jpg,A2,A1,0.9858
processed_data_cleaned\test\A2\A2.21.Cons-Mus_20_patch_0_4.jpg,A2,A1,1.0
processed_data_cleaned\test\A2\A2.21.Cons-Mus_20_patch_0_5.jpg,A2,A1,1.0
processed_data_cleaned\test\A2\A2.21.Cons-Mus_20_patch_1_2.jpg,A2,A1,0.6356
processed_data_cleaned\test\A2\A2.21.Cons-Mus_20_patch_1_3.jpg,A2,A1,1.0
processed_data_cleaned\test\A2\A2.21.Cons-Mus_20_patch_2_0.jpg,A2,B1,0.5566
processed_data_cleaned\test\A2\A2.21.Cons-Mus_20_patch_2_1.jpg,A2,A1,1.0
processed_data_cleaned\test\A2\A2.21.Cons-Mus_20_patch_2_2.jpg,A2,A1,0.9871
processed_data_cleaned\test\A2\A2.21.Cons-Mus_20_patch_2_3.jpg,A2,A1,1.0
processed_data_cleaned\test\A2\A2.21.Cons-Mus_20_patch_2_4.jpg,A2,A1,0.86
processed_data_cleaned\test\A2\A2.21.Cons-Mus_20_patch_3_0.jpg,A2,B1,0.4644
processed_data_cleaned\test\A2\A2.21.Cons-Mus_20_patch_3_2.jpg,A2,A1,0.9176
processed_data_cleaned\test\A2\A2.21.Cons-Mus_20_patch_3_3.jpg,A2,A1,0.7167
processed_data_cleaned\test\A2\A2.21.Cons-Mus_20_patch_3_4.jpg,A2,A1,0.6333
processed_data_cleaned\test\A2\A2.21.Cons-Mus_20_patch_3_5.jpg,A2,A1,0.776
processed_data_cleaned\test\A2\A2.21.Cons-Mus_21_patch_2_3.jpg,A2,A1,0.9992
processed_data_cleaned\test\A2\A2.21.Cons-Mus_22_patch_0_0.jpg,A2,B1,0.6515
processed_data_cleaned\test\A2\A2.21.Cons-Mus_22_patch_0_1.jpg,A2,A1,0.9749
processed_data_cleaned\test\A2\A2.21.Cons-Mus_22_patch_1_1.jpg,A2,A1,0.7807
processed_data_cleaned\test\A2\A2.21.Cons-Mus_22_patch_1_2.jpg,A2,A1,0.9994
processed_data_cleaned\test\A2\A2.21.Cons-Mus_22_patch_2_0.jpg,A2,A1,0.9859
processed_data_cleaned\test\A2\A2.21.Cons-Mus_22_patch_2_2.jpg,A2,A1,0.8749
processed_data_cleaned\test\A2\A2.21.Cons-Mus_22_patch_2_5.jpg,A2,A1,1.0
processed_data_cleaned\test\A2\A2.21.Cons-Mus_22_patch_3_4.jpg,A2,A1,1.0
processed_data_cleaned\test\A2\A2.21.Cons-Mus_23_patch_0_0.jpg,A2,A1,0.9999
processed_data_cleaned\test\A2\A2.21.Cons-Mus_23_patch_0_2.jpg,A2,A1,1.0
processed_data_cleaned\test\A2\A2.21.Cons-Mus_23_patch_0_5.jpg,A2,A1,0.9996
processed_data_cleaned\test\A2\A2.21.Cons-Mus_23_patch_1_0.jpg,A2,A1,0.9994
processed_data_cleaned\test\A2\A2.21.Cons-Mus_23_patch_1_1.jpg,A2,A1,0.9999
processed_data_cleaned\test\A2\A2.21.Cons-Mus_23_patch_1_2.jpg,A2,A1,0.9803
processed_data_cleaned\test\A2\A2.21.Cons-Mus_23_patch_2_0.jpg,A2,A1,0.9999
processed_data_cleaned\test\A2\A2.21.Cons-Mus_23_patch_2_1.jpg,A2,A1,0.9999
processed_data_cleaned\test\A2\A2.21.Cons-Mus_23_patch_2_2.jpg,A2,A1,0.9721
processed_data_cleaned\test\A2\A2.21.Cons-Mus_23_patch_2_3.jpg,A2,A1,1.0
processed_data_cleaned\test\A2\A2.21.Cons-Mus_23_patch_2_4.jpg,A2,A1,1.0
processed_data_cleaned\test\A2\A2.21.Cons-Mus_23_patch_3_2.jpg,A2,A1,1.0
processed_data_cleaned\test\A2\A2.21.Cons-Mus_23_patch_3_5.jpg,A2,A1,1.0
processed_data_cleaned\test\A2\A2.21.Cons-Mus_24_patch_0_0.jpg,A2,A1,0.8971
processed_data_cleaned\test\A2\A2.21.Cons-Mus_24_patch_0_3.jpg,A2,A1,0.9999
processed_data_cleaned\test\A2\A2.21.Cons-Mus_24_patch_0_4.jpg,A2,A1,0.9889
processed_data_cleaned\test\A2\A2.21.Cons-Mus_24_patch_1_0.jpg,A2,A1,0.8539
processed_data_cleaned\test\A2\A2.21.Cons-Mus_24_patch_3_0.jpg,A2,A1,0.9739
processed_data_cleaned\test\A2\A2.21.Cons-Mus_24_patch_3_2.jpg,A2,A1,1.0
processed_data_cleaned\test\A2\A2.21.Cons-Mus_24_patch_3_4.jpg,A2,A1,0.9985
processed_data_cleaned\test\A2\A2.21.Cons-Mus_25_patch_0_1.jpg,A2,A1,1.0
processed_data_cleaned\test\A2\A2.21.Cons-Mus_25_patch_0_2.jpg,A2,A1,0.9995
processed_data_cleaned\test\A2\A2.21.Cons-Mus_25_patch_3_4.jpg,A2,A1,1.0
processed_data_cleaned\test\A2\A2.21.Cons-Mus_26_patch_0_2.jpg,A2,A1,0.9958
processed_data_cleaned\test\A2\A2.21.Cons-Mus_26_patch_1_3.jpg,A2,A1,1.0
processed_data_cleaned\test\A2\A2.21.Cons-Mus_26_patch_2_2.jpg,A2,A1,0.9193
processed_data_cleaned\test\A2\A2.21.Cons-Mus_26_patch_3_0.jpg,A2,A1,0.9998
processed_data_cleaned\test\A2\A2.21.Cons-Mus_26_patch_3_2.jpg,A2,A1,1.0
processed_data_cleaned\test\A2\A2.21.Cons-Mus_26_patch_3_4.jpg,A2,A1,0.9998
processed_data_cleaned\test\A2\A2.21.Cons-Mus_26_patch_3_5.jpg,A2,A1,0.9984
processed_data_cleaned\test\A2\A2.21.Cons-Mus_27_patch_0_2.jpg,A2,A1,0.9998
processed_data_cleaned\test\A2\A2.21.Cons-Mus_27_patch_0_3.jpg,A2,A1,1.0
processed_data_cleaned\test\A2\A2.21.Cons-Mus_27_patch_2_1.jpg,A2,A1,0.9998
processed_data_cleaned\test\A2\A2.21.Cons-Mus_27_patch_2_3.jpg,A2,A1,1.0
processed_data_cleaned\test\A2\A2.21.Cons-Mus_27_patch_3_2.jpg,A2,A1,1.0
processed_data_cleaned\test\A2\A2.21.Cons-Mus_27_patch_3_4.jpg,A2,A1,0.9997
processed_data_cleaned\test\A2\A2.21.Cons-Mus_27_patch_3_5.jpg,A2,A1,1.0
processed_data_cleaned\test\A2\A2.21.Cons-Mus_29_patch_1_2.jpg,A2,A1,0.9995
processed_data_cleaned\test\A2\A2.21.Cons-Mus_29_patch_3_5.jpg,A2,A1,0.7796
processed_data_cleaned\test\A2\A2.21.Cons-Mus_30_patch_0_3.jpg,A2,A1,0.9793
processed_data_cleaned\test\A2\A2.21.Cons-Mus_30_patch_2_0.jpg,A2,A1,0.7572
processed_data_cleaned\test\A2\A2.21.Cons-Mus_30_patch_2_1.jpg,A2,A1,0.9983
processed_data_cleaned\test\A2\A2.21.Cons-Mus_30_patch_3_3.jpg,A2,A1,0.9983
processed_data_cleaned\test\A2\A2.21.Cons-Mus_31_patch_0_3.jpg,A2,A1,0.9711
processed_data_cleaned\test\A2\A2.21.Cons-Mus_31_patch_1_0.jpg,A2,A1,0.9273
processed_data_cleaned\test\A2\A2.21.Cons-Mus_31_patch_2_1.jpg,A2,A1,0.9992
processed_data_cleaned\test\A2\A2.21.Cons-Mus_31_patch_3_3.jpg,A2,A1,0.9933
processed_data_cleaned\test\A2\A2.21.Cons-Mus_33_patch_0_3.jpg,A2,A1,0.9996
processed_data_cleaned\test\A2\A2.21.Cons-Mus_33_patch_1_2.jpg,A2,A1,0.9268
processed_data_cleaned\test\A2\A2.21.Cons-Mus_33_patch_2_3.jpg,A2,A1,0.7676
processed_data_cleaned\test\A2\A2.21.Cons-Mus_33_patch_3_0.jpg,A2,A1,0.9971
processed_data_cleaned\test\A2\A2.21.Cons-Mus_33_patch_3_5.jpg,A2,A1,0.4996
processed_data_cleaned\test\A2\A2.21.Cons-Mus_34_patch_0_0.jpg,A2,A1,0.4707
processed_data_cleaned\test\A2\A2.21.Cons-Mus_34_patch_0_1.jpg,A2,A1,0.6391
processed_data_cleaned\test\A2\A2.21.Cons-Mus_34_patch_0_4.jpg,A2,A1,0.4995
processed_data_cleaned\test\A2\A2.21.Cons-Mus_34_patch_1_0.jpg,A2,A1,0.7204
processed_data_cleaned\test\A2\A2.21.Cons-Mus_34_patch_1_1.jpg,A2,A1,0.994
processed_data_cleaned\test\A2\A2.21.Cons-Mus_34_patch_1_5.jpg,A2,A1,0.9614
processed_data_cleaned\test\A2\A2.21.Cons-Mus_34_patch_2_2.jpg,A2,A1,0.9999
processed_data_cleaned\test\A2\A2.21.Cons-Mus_34_patch_3_0.jpg,A2,A1,0.9936
processed_data_cleaned\test\A2\A2.21.Cons-Mus_34_patch_3_1.jpg,A2,A1,0.9175
processed_data_cleaned\test\A2\A2.21.Cons-Mus_34_patch_3_2.jpg,A2,A1,1.0
processed_data_cleaned\test\A2\A2.21.Cons-Mus_34_patch_3_5.jpg,A2,A1,1.0
processed_data_cleaned\test\A2\A2.21.Cons-Mus_35_patch_0_0.jpg,A2,A1,1.0
processed_data_cleaned\test\A2\A2.21.Cons-Mus_35_patch_0_2.jpg,A2,A1,0.9995
processed_data_cleaned\test\A2\A2.21.Cons-Mus_35_patch_1_4.jpg,A2,A1,1.0
processed_data_cleaned\test\A2\A2.21.Cons-Mus_35_patch_1_5.jpg,A2,A1,0.9991
processed_data_cleaned\test\A2\A2.21.Cons-Mus_35_patch_2_3.jpg,A2,A1,0.9999
processed_data_cleaned\test\A2\A2.21.Cons-Mus_35_patch_3_1.jpg,A2,A1,0.9903
processed_data_cleaned\test\A2\A2.21.Cons-Mus_36_patch_0_1.jpg,A2,A1,0.9788
processed_data_cleaned\test\A2\A2.21.Cons-Mus_36_patch_0_4.jpg,A2,A1,0.7811
processed_data_cleaned\test\A2\A2.21.Cons-Mus_36_patch_1_4.jpg,A2,A1,0.9973
processed_data_cleaned\test\A2\A2.21.Cons-Mus_36_patch_2_1.jpg,A2,A1,0.97
processed_data_cleaned\test\A2\A2.21.Cons-Mus_36_patch_2_4.jpg,A2,A1,1.0
processed_data_cleaned\test\A2\A2.21.Cons-Mus_36_patch_2_5.jpg,A2,A1,0.9307
processed_data_cleaned\test\A2\A2.21.Cons-Mus_36_patch_3_3.jpg,A2,A1,0.9466
processed_data_cleaned\test\A2\A2.21.Cons-Mus_36_patch_3_4.jpg,A2,A1,0.9573
processed_data_cleaned\test\A2\A2.21.Cons-Mus_36_patch_3_5.jpg,A2,A1,0.9831
processed_data_cleaned\test\A2\A2.21.Cons-Mus_37_patch_1_2.jpg,A2,A1,0.6993
processed_data_cleaned\test\A2\A2.21.Cons-Mus_37_patch_2_2.jpg,A2,A1,0.9683
processed_data_cleaned\test\A2\A2.21.Cons-Mus_38_patch_1_2.jpg,A2,B1,0.9011
processed_data_cleaned\test\A2\A2.21.Cons-Mus_39_patch_0_0.jpg,A2,B2,0.7365
processed_data_cleaned\test\A2\A2.21.Cons-Mus_39_patch_0_5.jpg,A2,A1,0.9976
processed_data_cleaned\test\A2\A2.21.Cons-Mus_39_patch_1_0.jpg,A2,B2,0.7962
processed_data_cleaned\test\A2\A2.21.Cons-Mus_39_patch_1_5.jpg,A2,A1,0.9961
processed_data_cleaned\test\A2\A2.21.Cons-Mus_39_patch_2_0.jpg,A2,B2,0.9904
processed_data_cleaned\test\A2\A2.21.Cons-Mus_39_patch_2_1.jpg,A2,A1,0.9985
processed_data_cleaned\test\A2\A2.21.Cons-Mus_39_patch_2_2.jpg,A2,A1,1.0
processed_data_cleaned\test\A2\A2.21.Cons-Mus_39_patch_2_3.jpg,A2,A1,0.9243
processed_data_cleaned\test\A2\A2.21.Cons-Mus_39_patch_3_1.jpg,A2,A1,0.6563
processed_data_cleaned\test\A2\A2.21.Cons-Mus_39_patch_3_2.jpg,A2,A1,0.9778
processed_data_cleaned\test\A2\A2.21.Cons-Mus_39_patch_3_3.jpg,A2,A1,0.9044
processed_data_cleaned\test\A2\A2.21.Cons-Mus_39_patch_3_4.jpg,A2,A1,0.9946
processed_data_cleaned\test\A2\A2.21.Cons-Mus_40_patch_0_0.jpg,A2,B1,0.9802
processed_data_cleaned\test\A2\A2.21.Cons-Mus_40_patch_0_4.jpg,A2,A1,0.8844
processed_data_cleaned\test\A2\A2.21.Cons-Mus_40_patch_0_5.jpg,A2,A1,0.9953
processed_data_cleaned\test\A2\A2.21.Cons-Mus_40_patch_1_3.jpg,A2,A1,0.809
processed_data_cleaned\test\A2\A2.21.Cons-Mus_40_patch_2_1.jpg,A2,A1,0.989
processed_data_cleaned\test\A2\A2.21.Cons-Mus_40_patch_2_2.jpg,A2,A1,0.9998
processed_data_cleaned\test\A2\A2.21.Cons-Mus_40_patch_2_3.jpg,A2,A1,0.9915
processed_data_cleaned\test\A2\A2.21.Cons-Mus_41_patch_1_1.jpg,A2,A1,0.857
processed_data_cleaned\test\A2\A2.21.Cons-Mus_41_patch_1_2.jpg,A2,A1,0.7316
processed_data_cleaned\test\A2\A2.21.Cons-Mus_41_patch_1_5.jpg,A2,A1,0.9782
processed_data_cleaned\test\A2\A2.21.Cons-Mus_41_patch_2_0.jpg,A2,A1,1.0
processed_data_cleaned\test\A2\A2.21.Cons-Mus_41_patch_2_1.jpg,A2,A1,1.0
processed_data_cleaned\test\A2\A2.21.Cons-Mus_41_patch_3_0.jpg,A2,A1,0.6733
processed_data_cleaned\test\A2\A2.21.Cons-Mus_41_patch_3_4.jpg,A2,A1,0.8124
processed_data_cleaned\test\A2\A2.21.Cons-Mus_42_patch_0_4.jpg,A2,A1,0.9253
processed_data_cleaned\test\A2\A2.21.Cons-Mus_42_patch_0_5.jpg,A2,B1,0.8036
processed_data_cleaned\test\A2\A2.21.Cons-Mus_42_patch_1_5.jpg,A2,A1,0.9969
processed_data_cleaned\test\A2\A2.21.Cons-Mus_42_patch_2_1.jpg,A2,A1,0.9957
processed_data_cleaned\test\A2\A2.21.Cons-Mus_42_patch_2_2.jpg,A2,A1,1.0
processed_data_cleaned\test\A2\A2.21.Cons-Mus_42_patch_2_4.jpg,A2,A1,1.0
processed_data_cleaned\test\A2\A2.21.Cons-Mus_44_patch_0_3.jpg,A2,A1,0.9757
processed_data_cleaned\test\A2\A2.21.Cons-Mus_44_patch_1_2.jpg,A2,A1,1.0
processed_data_cleaned\test\A2\A2.21.Cons-Mus_44_patch_2_1.jpg,A2,A1,1.0
processed_data_cleaned\test\A2\A2.21.Cons-Mus_44_patch_2_4.jpg,A2,A1,0.9997
processed_data_cleaned\test\A2\A2.21.Cons-Mus_44_patch_3_2.jpg,A2,B1,0.7854
processed_data_cleaned\test\A2\A2.21.Cons-Mus_45_patch_0_4.jpg,A2,A1,1.0
processed_data_cleaned\test\A2\A2.21.Cons-Mus_45_patch_1_5.jpg,A2,A1,0.8166
processed_data_cleaned\test\A2\A2.21.Cons-Mus_45_patch_3_1.jpg,A2,B1,0.9134
processed_data_cleaned\test\A2\A2.21.Cons-Mus_46_patch_0_4.jpg,A2,A1,0.6687
processed_data_cleaned\test\A2\A2.21.Cons-Mus_46_patch_1_0.jpg,A2,A1,0.9999
processed_data_cleaned\test\A2\A2.21.Cons-Mus_46_patch_1_4.jpg,A2,A1,1.0
processed_data_cleaned\test\A2\A2.21.Cons-Mus_46_patch_2_2.jpg,A2,A1,1.0
processed_data_cleaned\test\A2\A2.21.Cons-Mus_46_patch_2_3.jpg,A2,A1,1.0
processed_data_cleaned\test\A2\A2.21.Cons-Mus_46_patch_2_4.jpg,A2,A1,0.9997
processed_data_cleaned\test\A2\A2.21.Cons-Mus_46_patch_3_2.jpg,A2,A1,0.9844
processed_data_cleaned\test\A2\A2.21.Cons-Mus_46_patch_3_3.jpg,A2,A1,0.9041
processed_data_cleaned\test\A2\A2.21.Cons-Mus_47_patch_0_0.jpg,A2,B1,0.999
processed_data_cleaned\test\A2\A2.21.Cons-Mus_47_patch_0_5.jpg,A2,A1,0.9978
processed_data_cleaned\test\A2\A2.21.Cons-Mus_47_patch_2_5.jpg,A2,A1,1.0
processed_data_cleaned\test\A2\A2.21.Cons-Mus_47_patch_3_0.jpg,A2,A1,0.9822
processed_data_cleaned\test\A2\A2.21.Cons-Mus_47_patch_3_5.jpg,A2,A1,0.9998
processed_data_cleaned\test\A2\A2.21.Cons-Mus_48_patch_2_2.jpg,A2,A1,0.9983
processed_data_cleaned\test\A2\A2.21.Cons-Mus_48_patch_2_3.jpg,A2,A1,0.9729
processed_data_cleaned\test\A2\A2.21.Cons-Mus_48_patch_3_0.jpg,A2,A1,0.9911
processed_data_cleaned\test\A2\A2.21.Cons-Mus_48_patch_3_1.jpg,A2,A1,0.9184
processed_data_cleaned\test\A2\A2.21.Cons-Mus_48_patch_3_2.jpg,A2,A1,0.9987
processed_data_cleaned\test\A2\A2.21.Cons-Mus_48_patch_3_4.jpg,A2,A1,0.8598
processed_data_cleaned\test\A2\A2.21.Cons-Mus_49_patch_0_0.jpg,A2,A1,1.0
processed_data_cleaned\test\A2\A2.21.Cons-Mus_49_patch_0_1.jpg,A2,A1,1.0
processed_data_cleaned\test\A2\A2.21.Cons-Mus_49_patch_0_2.jpg,A2,A1,0.998
processed_data_cleaned\test\A2\A2.21.Cons-Mus_49_patch_0_5.jpg,A2,A1,0.9916
processed_data_cleaned\test\A2\A2.21.Cons-Mus_49_patch_1_1.jpg,A2,A1,0.999
processed_data_cleaned\test\A2\A2.21.Cons-Mus_49_patch_2_0.jpg,A2,A1,1.0
processed_data_cleaned\test\A2\A2.21.Cons-Mus_49_patch_3_0.jpg,A2,A1,1.0
processed_data_cleaned\test\A2\A2.21.Cons-Mus_50_patch_0_1.jpg,A2,A1,0.9974
processed_data_cleaned\test\A2\A2.21.Cons-Mus_50_patch_0_2.jpg,A2,A1,1.0
processed_data_cleaned\test\A2\A2.21.Cons-Mus_50_patch_0_3.jpg,A2,A1,1.0
processed_data_cleaned\test\A2\A2.21.Cons-Mus_50_patch_0_4.jpg,A2,A1,1.0
processed_data_cleaned\test\A2\A2.21.Cons-Mus_50_patch_1_3.jpg,A2,A1,1.0
processed_data_cleaned\test\A2\A2.21.Cons-Mus_50_patch_1_4.jpg,A2,A1,1.0
processed_data_cleaned\test\A2\A2.21.Cons-Mus_50_patch_2_1.jpg,A2,A1,1.0
processed_data_cleaned\test\A2\A2.21.Cons-Mus_50_patch_2_2.jpg,A2,A1,0.9895
processed_data_cleaned\test\A2\A2.21.Cons-Mus_50_patch_2_3.jpg,A2,A1,0.9998
processed_data_cleaned\test\A2\A2.21.Cons-Mus_50_patch_2_4.jpg,A2,A1,1.0
processed_data_cleaned\test\A2\A2.21.Cons-Mus_50_patch_3_1.jpg,A2,A1,0.9999
processed_data_cleaned\test\A2\A2.21.Cons-Mus_50_patch_3_2.jpg,A2,A1,0.9934
processed_data_cleaned\test\A2\A2.21.Cons-Mus_50_patch_3_4.jpg,A2,A1,1.0
processed_data_cleaned\test\A2\A2.21.Cons-Mus_51_patch_1_1.jpg,A2,A1,0.9997
processed_data_cleaned\test\A2\A2.21.Cons-Mus_51_patch_1_4.jpg,A2,A1,0.9714
processed_data_cleaned\test\A2\A2.21.Cons-Mus_51_patch_2_0.jpg,A2,A1,0.9968
processed_data_cleaned\test\A2\A2.21.Cons-Mus_51_patch_2_1.jpg,A2,A1,0.9963
processed_data_cleaned\test\A2\A2.21.Cons-Mus_51_patch_2_2.jpg,A2,A1,0.979
processed_data_cleaned\test\A2\A2.21.Cons-Mus_51_patch_3_2.jpg,A2,A1,0.9872
processed_data_cleaned\test\A2\A2.21.Cons-Mus_51_patch_3_3.jpg,A2,A1,0.9945
processed_data_cleaned\test\A2\A2.21.Cons-Mus_52_patch_0_1.jpg,A2,B2,0.8584
processed_data_cleaned\test\A2\A2.21.Cons-Mus_52_patch_1_0.jpg,A2,B2,0.8331
processed_data_cleaned\test\A2\A2.21.Cons-Mus_52_patch_1_2.jpg,A2,A1,0.9473
processed_data_cleaned\test\A2\A2.21.Cons-Mus_52_patch_1_3.jpg,A2,A1,0.9942
processed_data_cleaned\test\A2\A2.21.Cons-Mus_52_patch_1_5.jpg,A2,B1,0.9793
processed_data_cleaned\test\A2\A2.21.Cons-Mus_52_patch_2_0.jpg,A2,A1,0.9331
processed_data_cleaned\test\A2\A2.21.Cons-Mus_52_patch_2_4.jpg,A2,A1,0.9823
processed_data_cleaned\test\A2\A2.21.Cons-Mus_52_patch_2_5.jpg,A2,B1,0.6386
processed_data_cleaned\test\A2\A2.21.Cons-Mus_52_patch_3_0.jpg,A2,B1,0.6538
processed_data_cleaned\test\A2\A2.21.Cons-Mus_53_patch_0_4.jpg,A2,A1,0.7064
processed_data_cleaned\test\A2\A2.21.Cons-Mus_53_patch_1_5.jpg,A2,B1,0.845
processed_data_cleaned\test\A2\A2.21.Cons-Mus_53_patch_3_1.jpg,A2,A1,0.5038
processed_data_cleaned\test\A2\A2.21.Cons-Mus_55_patch_0_1.jpg,A2,A1,0.7858
processed_data_cleaned\test\A2\A2.21.Cons-Mus_55_patch_1_0.jpg,A2,B1,0.8905
processed_data_cleaned\test\A2\A2.21.Cons-Mus_55_patch_1_1.jpg,A2,A1,0.9897
processed_data_cleaned\test\A2\A2.21.Cons-Mus_55_patch_1_4.jpg,A2,A1,0.9995
processed_data_cleaned\test\A2\A2.21.Cons-Mus_55_patch_2_3.jpg,A2,A1,0.9995
processed_data_cleaned\test\A2\A2.21.Cons-Mus_55_patch_3_2.jpg,A2,A1,0.9985
processed_data_cleaned\test\A2\A2.21.Cons-Mus_55_patch_3_3.jpg,A2,B1,0.6777
processed_data_cleaned\test\A2\A2.21.Cons-Mus_56_patch_0_1.jpg,A2,A1,0.912
processed_data_cleaned\test\A2\A2.21.Cons-Mus_56_patch_1_0.jpg,A2,A1,0.9494
processed_data_cleaned\test\A2\A2.21.Cons-Mus_56_patch_2_0.jpg,A2,A1,0.5483
processed_data_cleaned\test\A2\A2.21.Cons-Mus_56_patch_2_1.jpg,A2,A1,1.0
processed_data_cleaned\test\A2\A2.21.Cons-Mus_56_patch_2_2.jpg,A2,A1,0.9999
processed_data_cleaned\test\A2\A2.21.Cons-Mus_56_patch_2_3.jpg,A2,A1,1.0
processed_data_cleaned\test\A2\A2.21.Cons-Mus_56_patch_2_5.jpg,A2,A1,0.9999
processed_data_cleaned\test\A2\A2.21.Cons-Mus_56_patch_3_0.jpg,A2,A1,0.8524
processed_data_cleaned\test\A2\A2.21.Cons-Mus_56_patch_3_1.jpg,A2,B1,0.9213
processed_data_cleaned\test\A2\A2.21.Cons-Mus_57_patch_1_2.jpg,A2,A1,0.766
processed_data_cleaned\test\A2\A2.21.Cons-Mus_57_patch_2_2.jpg,A2,A1,0.5318
processed_data_cleaned\test\A2\A2.21.Cons-Mus_57_patch_3_1.jpg,A2,A1,0.9938
processed_data_cleaned\test\A2\A2.21.Cons-Mus_57_patch_3_2.jpg,A2,B1,0.6805
processed_data_cleaned\test\A2\A2.21.Cons-Mus_57_patch_3_3.jpg,A2,A1,0.8604
processed_data_cleaned\test\A2\A2.21.Cons-Mus_57_patch_3_4.jpg,A2,A1,0.9869
processed_data_cleaned\test\A2\A2.21.Cons-Mus_58_patch_0_3.jpg,A2,A1,0.9426
processed_data_cleaned\test\A2\A2.21.Cons-Mus_58_patch_1_3.jpg,A2,B1,0.797
processed_data_cleaned\test\A2\A2.21.Cons-Mus_58_patch_2_2.jpg,A2,A1,0.9826
processed_data_cleaned\test\A2\A2.21.Cons-Mus_58_patch_2_3.jpg,A2,A1,0.9204
processed_data_cleaned\test\A2\A2.21.Cons-Mus_58_patch_3_2.jpg,A2,A1,0.9858
processed_data_cleaned\test\A2\A2.21.Cons-Mus_58_patch_3_3.jpg,A2,A1,0.9968
processed_data_cleaned\test\A2\A2.21.Cons-Mus_59_patch_0_3.jpg,A2,A1,0.9519
processed_data_cleaned\test\A2\A2.21.Cons-Mus_59_patch_1_1.jpg,A2,B1,0.9769
processed_data_cleaned\test\A2\A2.21.Cons-Mus_59_patch_1_3.jpg,A2,B1,0.9221
processed_data_cleaned\test\A2\A2.21.Cons-Mus_59_patch_2_2.jpg,A2,A1,0.9627
processed_data_cleaned\test\A2\A2.21.Cons-Mus_59_patch_2_3.jpg,A2,A1,0.8744
processed_data_cleaned\test\A2\A2.21.Cons-Mus_59_patch_3_2.jpg,A2,A1,0.9946
processed_data_cleaned\test\A2\A2.21.Cons-Mus_59_patch_3_3.jpg,A2,A1,0.9962
processed_data_cleaned\test\A2\A2.21.Cons-Mus_60_patch_0_2.jpg,A2,B1,0.956
processed_data_cleaned\test\A2\A2.21.Cons-Mus_60_patch_0_3.jpg,A2,A1,0.8919
processed_data_cleaned\test\A2\A2.21.Cons-Mus_60_patch_0_4.jpg,A2,A1,0.7272
processed_data_cleaned\test\A2\A2.21.Cons-Mus_60_patch_1_2.jpg,A2,A1,0.7451
processed_data_cleaned\test\A2\A2.21.Cons-Mus_60_patch_1_4.jpg,A2,A1,0.9704
processed_data_cleaned\test\A2\A2.21.Cons-Mus_60_patch_1_5.jpg,A2,B2,0.5214
processed_data_cleaned\test\A2\A2.21.Cons-Mus_60_patch_2_0.jpg,A2,B1,0.9009
processed_data_cleaned\test\A2\A2.21.Cons-Mus_60_patch_2_2.jpg,A2,A1,0.5733
processed_data_cleaned\test\A2\A2.21.Cons-Mus_60_patch_2_3.jpg,A2,B1,0.9454
processed_data_cleaned\test\A2\A2.21.Cons-Mus_60_patch_2_5.jpg,A2,B2,0.5018
processed_data_cleaned\test\A2\A2.21.Cons-Mus_60_patch_3_5.jpg,A2,B1,0.6536
processed_data_cleaned\test\A2\A2.21.Cons-Mus_61_patch_0_2.jpg,A2,A1,0.9998
processed_data_cleaned\test\A2\A2.21.Cons-Mus_61_patch_0_3.jpg,A2,A1,0.9999
processed_data_cleaned\test\A2\A2.21.Cons-Mus_62_patch_0_0.jpg,A2,A1,0.9988
processed_data_cleaned\test\A2\A2.21.Cons-Mus_62_patch_0_2.jpg,A2,A1,0.9989
processed_data_cleaned\test\A2\A2.21.Cons-Mus_62_patch_0_4.jpg,A2,A1,0.9992
processed_data_cleaned\test\A2\A2.21.Cons-Mus_62_patch_1_0.jpg,A2,A1,0.795
processed_data_cleaned\test\A2\A2.21.Cons-Mus_62_patch_1_1.jpg,A2,A1,0.8083
processed_data_cleaned\test\A2\A2.21.Cons-Mus_62_patch_1_2.jpg,A2,A1,0.9939
processed_data_cleaned\test\A2\A2.21.Cons-Mus_62_patch_1_4.jpg,A2,A1,1.0
processed_data_cleaned\test\A2\A2.21.Cons-Mus_62_patch_3_0.jpg,A2,A1,0.938
processed_data_cleaned\test\A2\A2.21.Cons-Mus_63_patch_1_2.jpg,A2,A1,1.0
processed_data_cleaned\test\A2\A2.21.Cons-Mus_63_patch_1_3.jpg,A2,A1,1.0
processed_data_cleaned\test\A2\A2.21.Cons-Mus_63_patch_2_2.jpg,A2,A1,0.6455
processed_data_cleaned\test\A2\A2.21.Cons-Mus_63_patch_2_3.jpg,A2,A1,0.966
processed_data_cleaned\test\A2\A2.21.Cons-Mus_63_patch_3_0.jpg,A2,A1,0.7659
processed_data_cleaned\test\A2\A2.21.Cons-Mus_63_patch_3_1.jpg,A2,A1,0.9499
processed_data_cleaned\test\A2\A2.21.Cons-Mus_63_patch_3_4.jpg,A2,A1,0.9975
processed_data_cleaned\test\A2\A2.21.Cons-Mus_63_patch_3_5.jpg,A2,A1,0.94
processed_data_cleaned\test\A2\A2.21.Cons-Mus_64_patch_0_1.jpg,A2,A1,0.9996
processed_data_cleaned\test\A2\A2.21.Cons-Mus_64_patch_1_1.jpg,A2,A1,0.9283
processed_data_cleaned\test\A2\A2.21.Cons-Mus_64_patch_1_3.jpg,A2,A1,1.0
processed_data_cleaned\test\A2\A2.21.Cons-Mus_64_patch_1_4.jpg,A2,A1,0.9763
processed_data_cleaned\test\A2\A2.21.Cons-Mus_64_patch_2_1.jpg,A2,A1,0.9991
processed_data_cleaned\test\A2\A2.21.Cons-Mus_64_patch_2_2.jpg,A2,A1,0.9999
processed_data_cleaned\test\A2\A2.21.Cons-Mus_64_patch_2_3.jpg,A2,A1,0.9999
processed_data_cleaned\test\A2\A2.21.Cons-Mus_64_patch_3_1.jpg,A2,A1,0.97
processed_data_cleaned\test\A2\A2.21.Cons-Mus_64_patch_3_2.jpg,A2,A1,0.5792
processed_data_cleaned\test\A2\A2.21.Cons-Mus_64_patch_3_3.jpg,A2,A1,1.0
processed_data_cleaned\test\B1\B1.13.VOH-Rad_01_patch_1_0.jpg,B1,B2,0.7253
processed_data_cleaned\test\B1\B1.13.VOH-Rad_01_patch_1_1.jpg,B1,A1,0.9804
processed_data_cleaned\test\B1\B1.13.VOH-Rad_01_patch_2_1.jpg,B1,A1,0.9981
processed_data_cleaned\test\B1\B1.13.VOH-Rad_01_patch_2_2.jpg,B1,A1,0.9725
processed_data_cleaned\test\B1\B1.13.VOH-Rad_01_patch_2_3.jpg,B1,B2,0.9099
processed_data_cleaned\test\B1\B1.13.VOH-Rad_01_patch_2_4.jpg,B1,B2,0.9937
processed_data_cleaned\test\B1\B1.13.VOH-Rad_02_patch_0_2.jpg,B1,A1,0.9205
processed_data_cleaned\test\B1\B1.13.VOH-Rad_02_patch_2_0.jpg,B1,A1,0.5853
processed_data_cleaned\test\B1\B1.13.VOH-Rad_02_patch_2_1.jpg,B1,A1,0.9955
processed_data_cleaned\test\B1\B1.13.VOH-Rad_02_patch_2_3.jpg,B1,B2,0.5723
processed_data_cleaned\test\B1\B1.13.VOH-Rad_02_patch_2_4.jpg,B1,B2,0.9534
processed_data_cleaned\test\B1\B1.13.VOH-Rad_02_patch_3_0.jpg,B1,A1,0.7031
processed_data_cleaned\test\B1\B1.13.VOH-Rad_02_patch_3_1.jpg,B1,A1,0.7689
processed_data_cleaned\test\B1\B1.13.VOH-Rad_02_patch_3_5.jpg,B1,A1,0.8051
processed_data_cleaned\test\B1\B1.13.VOH-Rad_03_patch_0_0.jpg,B1,A2,0.9949
processed_data_cleaned\test\B1\B1.13.VOH-Rad_03_patch_1_2.jpg,B1,B2,0.9947
processed_data_cleaned\test\B1\B1.13.VOH-Rad_03_patch_1_3.jpg,B1,A1,0.993
processed_data_cleaned\test\B1\B1.13.VOH-Rad_03_patch_1_4.jpg,B1,A1,0.9608
processed_data_cleaned\test\B1\B1.13.VOH-Rad_03_patch_3_0.jpg,B1,A2,0.9576
processed_data_cleaned\test\B1\B1.13.VOH-Rad_03_patch_3_2.jpg,B1,A1,0.9997
processed_data_cleaned\test\B1\B1.13.VOH-Rad_03_patch_3_3.jpg,B1,A1,0.4106
processed_data_cleaned\test\B1\B1.13.VOH-Rad_03_patch_3_4.jpg,B1,A1,0.9965
processed_data_cleaned\test\B1\B1.13.VOH-Rad_03_patch_3_5.jpg,B1,A1,0.9997
processed_data_cleaned\test\B1\B1.13.VOH-Rad_04_patch_0_0.jpg,B1,A1,0.7705
processed_data_cleaned\test\B1\B1.13.VOH-Rad_04_patch_0_2.jpg,B1,A2,0.8996
processed_data_cleaned\test\B1\B1.13.VOH-Rad_04_patch_0_3.jpg,B1,A1,0.6458
processed_data_cleaned\test\B1\B1.13.VOH-Rad_04_patch_0_5.jpg,B1,A1,0.5945
processed_data_cleaned\test\B1\B1.13.VOH-Rad_04_patch_1_0.jpg,B1,A1,0.7251
processed_data_cleaned\test\B1\B1.13.VOH-Rad_04_patch_1_1.jpg,B1,A1,0.6459
processed_data_cleaned\test\B1\B1.13.VOH-Rad_04_patch_1_4.jpg,B1,A2,0.6145
processed_data_cleaned\test\B1\B1.13.VOH-Rad_04_patch_2_3.jpg,B1,A1,0.6572
processed_data_cleaned\test\B1\B1.13.VOH-Rad_04_patch_3_0.jpg,B1,A2,0.8825
processed_data_cleaned\test\B1\B1.13.VOH-Rad_04_patch_3_4.jpg,B1,A1,0.6655
processed_data_cleaned\test\B1\B1.13.VOH-Rad_04_patch_3_5.jpg,B1,A1,0.9997
processed_data_cleaned\test\B1\B1.13.VOH-Rad_05_patch_0_0.jpg,B1,A2,0.7788
processed_data_cleaned\test\B1\B1.13.VOH-Rad_05_patch_0_1.jpg,B1,B2,0.4103
processed_data_cleaned\test\B1\B1.13.VOH-Rad_05_patch_0_2.jpg,B1,A1,0.5659
processed_data_cleaned\test\B1\B1.13.VOH-Rad_05_patch_1_0.jpg,B1,A1,0.9924
processed_data_cleaned\test\B1\B1.13.VOH-Rad_05_patch_1_1.jpg,B1,A2,0.822
processed_data_cleaned\test\B1\B1.13.VOH-Rad_05_patch_2_3.jpg,B1,A1,0.5623
processed_data_cleaned\test\B1\B1.13.VOH-Rad_05_patch_2_5.jpg,B1,A1,0.9307
processed_data_cleaned\test\B1\B1.13.VOH-Rad_05_patch_3_1.jpg,B1,A2,0.6521
processed_data_cleaned\test\B1\B1.13.VOH-Rad_05_patch_3_2.jpg,B1,A1,0.6298
processed_data_cleaned\test\B1\B1.13.VOH-Rad_05_patch_3_3.jpg,B1,A1,0.9159
processed_data_cleaned\test\B1\B1.13.VOH-Rad_05_patch_3_5.jpg,B1,A1,0.9292
processed_data_cleaned\test\B1\B1.13.VOH-Rad_06_patch_0_2.jpg,B1,B2,0.874
processed_data_cleaned\test\B1\B1.13.VOH-Rad_06_patch_0_3.jpg,B1,A1,0.8908
processed_data_cleaned\test\B1\B1.13.VOH-Rad_06_patch_0_4.jpg,B1,A1,1.0
processed_data_cleaned\test\B1\B1.13.VOH-Rad_06_patch_1_1.jpg,B1,B2,0.9466
processed_data_cleaned\test\B1\B1.13.VOH-Rad_06_patch_1_2.jpg,B1,B2,0.9951
processed_data_cleaned\test\B1\B1.13.VOH-Rad_06_patch_1_3.jpg,B1,A1,0.5265
processed_data_cleaned\test\B1\B1.13.VOH-Rad_06_patch_1_4.jpg,B1,A1,0.9932
processed_data_cleaned\test\B1\B1.13.VOH-Rad_06_patch_2_0.jpg,B1,A1,0.8077
processed_data_cleaned\test\B1\B1.13.VOH-Rad_06_patch_2_1.jpg,B1,A1,0.9462
processed_data_cleaned\test\B1\B1.13.VOH-Rad_06_patch_2_2.jpg,B1,A1,0.7741
processed_data_cleaned\test\B1\B1.13.VOH-Rad_06_patch_3_0.jpg,B1,A1,0.9564
processed_data_cleaned\test\B1\B1.13.VOH-Rad_06_patch_3_1.jpg,B1,A1,0.8568
processed_data_cleaned\test\B1\B1.13.VOH-Rad_06_patch_3_3.jpg,B1,A1,0.9876
processed_data_cleaned\test\B1\B1.13.VOH-Rad_07_patch_0_2.jpg,B1,B2,0.992
processed_data_cleaned\test\B1\B1.13.VOH-Rad_07_patch_0_3.jpg,B1,B2,0.8919
processed_data_cleaned\test\B1\B1.13.VOH-Rad_07_patch_0_4.jpg,B1,A1,1.0
processed_data_cleaned\test\B1\B1.13.VOH-Rad_07_patch_1_1.jpg,B1,B2,0.9197
processed_data_cleaned\test\B1\B1.13.VOH-Rad_07_patch_1_2.jpg,B1,B2,0.9991
processed_data_cleaned\test\B1\B1.13.VOH-Rad_07_patch_1_3.jpg,B1,B2,0.9866
processed_data_cleaned\test\B1\B1.13.VOH-Rad_07_patch_1_4.jpg,B1,A1,0.9803
processed_data_cleaned\test\B1\B1.13.VOH-Rad_07_patch_2_1.jpg,B1,B2,0.5464
processed_data_cleaned\test\B1\B1.13.VOH-Rad_07_patch_2_2.jpg,B1,B2,0.9987
processed_data_cleaned\test\B1\B1.13.VOH-Rad_07_patch_3_0.jpg,B1,A2,0.9496
processed_data_cleaned\test\B1\B1.13.VOH-Rad_07_patch_3_2.jpg,B1,B2,0.9967
processed_data_cleaned\test\B1\B1.13.VOH-Rad_07_patch_3_3.jpg,B1,A1,0.9982
processed_data_cleaned\test\B1\B1.13.VOH-Rad_08_patch_0_2.jpg,B1,A1,0.8513
processed_data_cleaned\test\B1\B1.13.VOH-Rad_08_patch_1_2.jpg,B1,B2,0.9995
processed_data_cleaned\test\B1\B1.13.VOH-Rad_08_patch_2_1.jpg,B1,A1,0.8006
processed_data_cleaned\test\B1\B1.13.VOH-Rad_08_patch_2_2.jpg,B1,A1,0.931
processed_data_cleaned\test\B1\B1.13.VOH-Rad_08_patch_2_3.jpg,B1,B2,0.9691
processed_data_cleaned\test\B1\B1.13.VOH-Rad_08_patch_2_4.jpg,B1,B2,0.9996
processed_data_cleaned\test\B1\B1.13.VOH-Rad_08_patch_3_1.jpg,B1,A1,0.6921
processed_data_cleaned\test\B1\B1.13.VOH-Rad_09_patch_0_1.jpg,B1,A1,0.7877
processed_data_cleaned\test\B1\B1.13.VOH-Rad_09_patch_2_2.jpg,B1,A1,0.5121
processed_data_cleaned\test\B1\B1.13.VOH-Rad_09_patch_2_4.jpg,B1,B2,0.986
processed_data_cleaned\test\B1\B1.13.VOH-Rad_09_patch_3_1.jpg,B1,A1,0.9253
processed_data_cleaned\test\B1\B1.13.VOH-Rad_09_patch_3_5.jpg,B1,A1,0.501
processed_data_cleaned\test\B1\B1.13.VOH-Rad_100_patch_0_2.jpg,B1,A1,0.6268
processed_data_cleaned\test\B1\B1.13.VOH-Rad_100_patch_0_3.jpg,B1,A1,0.7383
processed_data_cleaned\test\B1\B1.13.VOH-Rad_100_patch_0_4.jpg,B1,A2,0.7016
processed_data_cleaned\test\B1\B1.13.VOH-Rad_100_patch_1_1.jpg,B1,A1,0.8521
processed_data_cleaned\test\B1\B1.13.VOH-Rad_100_patch_1_3.jpg,B1,A1,0.7155
processed_data_cleaned\test\B1\B1.13.VOH-Rad_100_patch_2_2.jpg,B1,A1,0.9403
processed_data_cleaned\test\B1\B1.13.VOH-Rad_100_patch_2_3.jpg,B1,A1,0.9639
processed_data_cleaned\test\B1\B1.13.VOH-Rad_100_patch_3_3.jpg,B1,A1,0.9877
processed_data_cleaned\test\B1\B1.13.VOH-Rad_101_patch_0_0.jpg,B1,A1,0.9321
processed_data_cleaned\test\B1\B1.13.VOH-Rad_101_patch_0_2.jpg,B1,A1,0.6525
processed_data_cleaned\test\B1\B1.13.VOH-Rad_101_patch_0_3.jpg,B1,A1,0.8624
processed_data_cleaned\test\B1\B1.13.VOH-Rad_101_patch_1_1.jpg,B1,A1,0.875
processed_data_cleaned\test\B1\B1.13.VOH-Rad_101_patch_1_3.jpg,B1,A1,0.5676
processed_data_cleaned\test\B1\B1.13.VOH-Rad_101_patch_2_2.jpg,B1,A1,0.8212
processed_data_cleaned\test\B1\B1.13.VOH-Rad_101_patch_2_3.jpg,B1,A1,0.988
processed_data_cleaned\test\B1\B1.13.VOH-Rad_102_patch_0_1.jpg,B1,A1,0.9584
processed_data_cleaned\test\B1\B1.13.VOH-Rad_102_patch_0_2.jpg,B1,A1,0.6241
processed_data_cleaned\test\B1\B1.13.VOH-Rad_102_patch_0_3.jpg,B1,A1,0.8672
processed_data_cleaned\test\B1\B1.13.VOH-Rad_102_patch_1_1.jpg,B1,A1,0.8058
processed_data_cleaned\test\B1\B1.13.VOH-Rad_102_patch_1_3.jpg,B1,A1,0.7732
processed_data_cleaned\test\B1\B1.13.VOH-Rad_102_patch_2_2.jpg,B1,A1,0.9788
processed_data_cleaned\test\B1\B1.13.VOH-Rad_102_patch_2_3.jpg,B1,A1,0.902
processed_data_cleaned\test\B1\B1.13.VOH-Rad_102_patch_3_3.jpg,B1,A1,0.9779
processed_data_cleaned\test\B1\B1.13.VOH-Rad_103_patch_3_5.jpg,B1,A1,0.473
processed_data_cleaned\test\B1\B1.13.VOH-Rad_104_patch_2_0.jpg,B1,A1,0.6948
processed_data_cleaned\test\B1\B1.13.VOH-Rad_104_patch_3_3.jpg,B1,A1,0.5704
processed_data_cleaned\test\B1\B1.13.VOH-Rad_104_patch_3_5.jpg,B1,A1,0.9879
processed_data_cleaned\test\B1\B1.13.VOH-Rad_105_patch_0_0.jpg,B1,A1,0.9404
processed_data_cleaned\test\B1\B1.13.VOH-Rad_105_patch_2_3.jpg,B1,A1,0.6953
processed_data_cleaned\test\B1\B1.13.VOH-Rad_106_patch_0_2.jpg,B1,B2,0.6734
processed_data_cleaned\test\B1\B1.13.VOH-Rad_106_patch_0_3.jpg,B1,A1,0.9992
processed_data_cleaned\test\B1\B1.13.VOH-Rad_106_patch_0_4.jpg,B1,A1,0.7848
processed_data_cleaned\test\B1\B1.13.VOH-Rad_106_patch_0_5.jpg,B1,A1,0.6147
processed_data_cleaned\test\B1\B1.13.VOH-Rad_106_patch_1_3.jpg,B1,A1,1.0
processed_data_cleaned\test\B1\B1.13.VOH-Rad_106_patch_1_4.jpg,B1,A1,0.978
processed_data_cleaned\test\B1\B1.13.VOH-Rad_106_patch_1_5.jpg,B1,A1,0.6226
processed_data_cleaned\test\B1\B1.13.VOH-Rad_106_patch_2_3.jpg,B1,A1,1.0
processed_data_cleaned\test\B1\B1.13.VOH-Rad_106_patch_2_4.jpg,B1,A1,0.9991
processed_data_cleaned\test\B1\B1.13.VOH-Rad_106_patch_3_3.jpg,B1,A1,0.9993
processed_data_cleaned\test\B1\B1.13.VOH-Rad_107_patch_0_5.jpg,B1,A1,0.547
processed_data_cleaned\test\B1\B1.13.VOH-Rad_107_patch_1_3.jpg,B1,A1,1.0
processed_data_cleaned\test\B1\B1.13.VOH-Rad_107_patch_1_4.jpg,B1,A1,0.9749
processed_data_cleaned\test\B1\B1.13.VOH-Rad_107_patch_2_3.jpg,B1,A1,1.0
processed_data_cleaned\test\B1\B1.13.VOH-Rad_107_patch_2_4.jpg,B1,A1,0.9982
processed_data_cleaned\test\B1\B1.13.VOH-Rad_107_patch_2_5.jpg,B1,A1,0.8063
processed_data_cleaned\test\B1\B1.13.VOH-Rad_108_patch_0_5.jpg,B1,A1,0.6208
processed_data_cleaned\test\B1\B1.13.VOH-Rad_108_patch_2_3.jpg,B1,A1,0.9994
processed_data_cleaned\test\B1\B1.13.VOH-Rad_108_patch_2_4.jpg,B1,A1,0.9993
processed_data_cleaned\test\B1\B1.13.VOH-Rad_108_patch_3_3.jpg,B1,A1,0.8206
processed_data_cleaned\test\B1\B1.13.VOH-Rad_108_patch_3_4.jpg,B1,A1,0.9968
processed_data_cleaned\test\B1\B1.13.VOH-Rad_109_patch_0_2.jpg,B1,A1,0.9848
processed_data_cleaned\test\B1\B1.13.VOH-Rad_109_patch_1_0.jpg,B1,A1,0.9804
processed_data_cleaned\test\B1\B1.13.VOH-Rad_109_patch_1_1.jpg,B1,A1,0.9424
processed_data_cleaned\test\B1\B1.13.VOH-Rad_109_patch_1_2.jpg,B1,A1,0.9999
processed_data_cleaned\test\B1\B1.13.VOH-Rad_109_patch_1_3.jpg,B1,A1,0.9999
processed_data_cleaned\test\B1\B1.13.VOH-Rad_109_patch_1_4.jpg,B1,A1,0.9994
processed_data_cleaned\test\B1\B1.13.VOH-Rad_109_patch_1_5.jpg,B1,A1,0.7788
processed_data_cleaned\test\B1\B1.13.VOH-Rad_109_patch_2_2.jpg,B1,A1,1.0
processed_data_cleaned\test\B1\B1.13.VOH-Rad_109_patch_2_3.jpg,B1,A1,1.0
processed_data_cleaned\test\B1\B1.13.VOH-Rad_109_patch_2_4.jpg,B1,A1,0.9742
processed_data_cleaned\test\B1\B1.13.VOH-Rad_109_patch_2_5.jpg,B1,A1,0.9155
processed_data_cleaned\test\B1\B1.13.VOH-Rad_10_patch_0_2.jpg,B1,A1,0.9997
processed_data_cleaned\test\B1\B1.13.VOH-Rad_10_patch_2_0.jpg,B1,A1,0.9884
processed_data_cleaned\test\B1\B1.13.VOH-Rad_10_patch_2_1.jpg,B1,A1,0.9907
processed_data_cleaned\test\B1\B1.13.VOH-Rad_10_patch_2_2.jpg,B1,A1,0.991
processed_data_cleaned\test\B1\B1.13.VOH-Rad_10_patch_2_3.jpg,B1,B2,0.9398
processed_data_cleaned\test\B1\B1.13.VOH-Rad_10_patch_2_5.jpg,B1,A1,0.5398
processed_data_cleaned\test\B1\B1.13.VOH-Rad_10_patch_3_0.jpg,B1,A1,0.959
processed_data_cleaned\test\B1\B1.13.VOH-Rad_10_patch_3_1.jpg,B1,A1,0.7645
processed_data_cleaned\test\B1\B1.13.VOH-Rad_10_patch_3_5.jpg,B1,A1,0.9078
processed_data_cleaned\test\B1\B1.13.VOH-Rad_110_patch_0_1.jpg,B1,A1,0.7128
processed_data_cleaned\test\B1\B1.13.VOH-Rad_110_patch_0_2.jpg,B1,A1,0.9918
processed_data_cleaned\test\B1\B1.13.VOH-Rad_110_patch_0_3.jpg,B1,A1,0.8245
processed_data_cleaned\test\B1\B1.13.VOH-Rad_110_patch_0_4.jpg,B1,A1,0.819
processed_data_cleaned\test\B1\B1.13.VOH-Rad_110_patch_1_0.jpg,B1,A1,0.9999
processed_data_cleaned\test\B1\B1.13.VOH-Rad_110_patch_1_2.jpg,B1,A1,0.9987
processed_data_cleaned\test\B1\B1.13.VOH-Rad_110_patch_2_0.jpg,B1,A1,0.6302
processed_data_cleaned\test\B1\B1.13.VOH-Rad_110_patch_2_1.jpg,B1,A1,0.788
processed_data_cleaned\test\B1\B1.13.VOH-Rad_111_patch_0_2.jpg,B1,A1,0.9205
processed_data_cleaned\test\B1\B1.13.VOH-Rad_111_patch_0_4.jpg,B1,A1,0.9732
processed_data_cleaned\test\B1\B1.13.VOH-Rad_111_patch_0_5.jpg,B1,A1,0.9788
processed_data_cleaned\test\B1\B1.13.VOH-Rad_111_patch_1_0.jpg,B1,A1,0.9964
processed_data_cleaned\test\B1\B1.13.VOH-Rad_111_patch_1_2.jpg,B1,A1,0.9498
processed_data_cleaned\test\B1\B1.13.VOH-Rad_111_patch_1_3.jpg,B1,A1,0.9912
processed_data_cleaned\test\B1\B1.13.VOH-Rad_111_patch_1_4.jpg,B1,A1,0.9481
processed_data_cleaned\test\B1\B1.13.VOH-Rad_111_patch_1_5.jpg,B1,A1,0.9585
processed_data_cleaned\test\B1\B1.13.VOH-Rad_111_patch_2_1.jpg,B1,B2,0.8953
processed_data_cleaned\test\B1\B1.13.VOH-Rad_111_patch_2_2.jpg,B1,A1,0.9457
processed_data_cleaned\test\B1\B1.13.VOH-Rad_111_patch_2_3.jpg,B1,A1,1.0
processed_data_cleaned\test\B1\B1.13.VOH-Rad_111_patch_3_0.jpg,B1,A1,0.8609
processed_data_cleaned\test\B1\B1.13.VOH-Rad_111_patch_3_1.jpg,B1,A1,0.8965
processed_data_cleaned\test\B1\B1.13.VOH-Rad_111_patch_3_3.jpg,B1,A2,0.5548
processed_data_cleaned\test\B1\B1.13.VOH-Rad_112_patch_0_3.jpg,B1,A1,0.6585
processed_data_cleaned\test\B1\B1.13.VOH-Rad_112_patch_0_4.jpg,B1,A1,0.9987
processed_data_cleaned\test\B1\B1.13.VOH-Rad_112_patch_1_3.jpg,B1,A1,0.8919
processed_data_cleaned\test\B1\B1.13.VOH-Rad_112_patch_1_4.jpg,B1,A1,0.8708
processed_data_cleaned\test\B1\B1.13.VOH-Rad_112_patch_2_3.jpg,B1,A1,0.8563
processed_data_cleaned\test\B1\B1.13.VOH-Rad_112_patch_2_4.jpg,B1,A1,0.9607
processed_data_cleaned\test\B1\B1.13.VOH-Rad_112_patch_3_4.jpg,B1,A2,0.5762
processed_data_cleaned\test\B1\B1.13.VOH-Rad_112_patch_3_5.jpg,B1,A1,0.7245
processed_data_cleaned\test\B1\B1.13.VOH-Rad_113_patch_0_3.jpg,B1,B2,0.7894
processed_data_cleaned\test\B1\B1.13.VOH-Rad_113_patch_1_4.jpg,B1,A1,0.9982
processed_data_cleaned\test\B1\B1.13.VOH-Rad_113_patch_1_5.jpg,B1,A1,0.9865
processed_data_cleaned\test\B1\B1.13.VOH-Rad_113_patch_2_4.jpg,B1,A1,1.0
processed_data_cleaned\test\B1\B1.13.VOH-Rad_113_patch_2_5.jpg,B1,A1,0.7683
processed_data_cleaned\test\B1\B1.13.VOH-Rad_113_patch_3_5.jpg,B1,A1,0.6867
processed_data_cleaned\test\B1\B1.13.VOH-Rad_114_patch_0_2.jpg,B1,A2,0.6458
processed_data_cleaned\test\B1\B1.13.VOH-Rad_114_patch_0_5.jpg,B1,A1,0.532
processed_data_cleaned\test\B1\B1.13.VOH-Rad_114_patch_2_1.jpg,B1,A2,0.5143
processed_data_cleaned\test\B1\B1.13.VOH-Rad_114_patch_2_4.jpg,B1,A1,0.6239
processed_data_cleaned\test\B1\B1.13.VOH-Rad_115_patch_0_2.jpg,B1,A2,0.5477
processed_data_cleaned\test\B1\B1.13.VOH-Rad_115_patch_1_2.jpg,B1,A2,0.9587
processed_data_cleaned\test\B1\B1.13.VOH-Rad_115_patch_2_4.jpg,B1,A1,0.585
processed_data_cleaned\test\B1\B1.13.VOH-Rad_116_patch_0_2.jpg,B1,A2,0.8067
processed_data_cleaned\test\B1\B1.13.VOH-Rad_116_patch_0_5.jpg,B1,A1,0.4633
processed_data_cleaned\test\B1\B1.13.VOH-Rad_116_patch_2_1.jpg,B1,A2,0.4587
processed_data_cleaned\test\B1\B1.13.VOH-Rad_116_patch_2_2.jpg,B1,A2,0.6223
processed_data_cleaned\test\B1\B1.13.VOH-Rad_116_patch_3_3.jpg,B1,A2,0.5198
processed_data_cleaned\test\B1\B1.13.VOH-Rad_117_patch_0_2.jpg,B1,A1,0.9925
processed_data_cleaned\test\B1\B1.13.VOH-Rad_117_patch_1_2.jpg,B1,A2,0.9958
processed_data_cleaned\test\B1\B1.13.VOH-Rad_117_patch_2_0.jpg,B1,A1,0.9238
processed_data_cleaned\test\B1\B1.13.VOH-Rad_117_patch_2_2.jpg,B1,B2,0.7094
processed_data_cleaned\test\B1\B1.13.VOH-Rad_117_patch_2_4.jpg,B1,B2,0.9794
processed_data_cleaned\test\B1\B1.13.VOH-Rad_117_patch_3_1.jpg,B1,B2,0.9968
processed_data_cleaned\test\B1\B1.13.VOH-Rad_118_patch_0_2.jpg,B1,B2,0.5982
processed_data_cleaned\test\B1\B1.13.VOH-Rad_118_patch_1_0.jpg,B1,A1,0.7176
processed_data_cleaned\test\B1\B1.13.VOH-Rad_118_patch_1_2.jpg,B1,B2,0.9848
processed_data_cleaned\test\B1\B1.13.VOH-Rad_118_patch_2_2.jpg,B1,A1,0.504
processed_data_cleaned\test\B1\B1.13.VOH-Rad_118_patch_2_3.jpg,B1,A1,0.5794
processed_data_cleaned\test\B1\B1.13.VOH-Rad_118_patch_2_4.jpg,B1,A1,0.9934
processed_data_cleaned\test\B1\B1.13.VOH-Rad_118_patch_3_0.jpg,B1,A1,0.9991
processed_data_cleaned\test\B1\B1.13.VOH-Rad_118_patch_3_1.jpg,B1,A1,0.4649
processed_data_cleaned\test\B1\B1.13.VOH-Rad_118_patch_3_2.jpg,B1,A1,0.477
processed_data_cleaned\test\B1\B1.13.VOH-Rad_118_patch_3_3.jpg,B1,B2,0.8949
processed_data_cleaned\test\B1\B1.13.VOH-Rad_118_patch_3_4.jpg,B1,A1,0.9942
processed_data_cleaned\test\B1\B1.13.VOH-Rad_119_patch_0_2.jpg,B1,B2,0.9836
processed_data_cleaned\test\B1\B1.13.VOH-Rad_119_patch_1_5.jpg,B1,B2,0.8371
processed_data_cleaned\test\B1\B1.13.VOH-Rad_119_patch_2_3.jpg,B1,A1,0.8083
processed_data_cleaned\test\B1\B1.13.VOH-Rad_119_patch_2_4.jpg,B1,A1,0.9992
processed_data_cleaned\test\B1\B1.13.VOH-Rad_119_patch_2_5.jpg,B1,B2,0.57
processed_data_cleaned\test\B1\B1.13.VOH-Rad_119_patch_3_0.jpg,B1,A1,0.9468
processed_data_cleaned\test\B1\B1.13.VOH-Rad_119_patch_3_1.jpg,B1,A1,0.627
processed_data_cleaned\test\B1\B1.13.VOH-Rad_119_patch_3_2.jpg,B1,B2,0.4801
processed_data_cleaned\test\B1\B1.13.VOH-Rad_119_patch_3_3.jpg,B1,B2,0.926
processed_data_cleaned\test\B1\B1.13.VOH-Rad_119_patch_3_4.jpg,B1,A1,0.9985
processed_data_cleaned\test\B1\B1.13.VOH-Rad_11_patch_0_1.jpg,B1,A1,0.9939
processed_data_cleaned\test\B1\B1.13.VOH-Rad_11_patch_0_2.jpg,B1,A1,0.9962
processed_data_cleaned\test\B1\B1.13.VOH-Rad_11_patch_1_2.jpg,B1,B2,0.9994
processed_data_cleaned\test\B1\B1.13.VOH-Rad_11_patch_1_3.jpg,B1,A1,0.584
processed_data_cleaned\test\B1\B1.13.VOH-Rad_11_patch_2_1.jpg,B1,A1,0.9972
processed_data_cleaned\test\B1\B1.13.VOH-Rad_11_patch_2_2.jpg,B1,A1,0.7798
processed_data_cleaned\test\B1\B1.13.VOH-Rad_11_patch_2_3.jpg,B1,B2,0.8842
processed_data_cleaned\test\B1\B1.13.VOH-Rad_11_patch_3_1.jpg,B1,A1,0.7979
processed_data_cleaned\test\B1\B1.13.VOH-Rad_120_patch_1_0.jpg,B1,B2,0.8974
processed_data_cleaned\test\B1\B1.13.VOH-Rad_120_patch_1_1.jpg,B1,B2,0.9122
processed_data_cleaned\test\B1\B1.13.VOH-Rad_120_patch_2_3.jpg,B1,A1,0.9837
processed_data_cleaned\test\B1\B1.13.VOH-Rad_120_patch_2_4.jpg,B1,A1,0.9997
processed_data_cleaned\test\B1\B1.13.VOH-Rad_120_patch_3_0.jpg,B1,A1,0.9809
processed_data_cleaned\test\B1\B1.13.VOH-Rad_120_patch_3_2.jpg,B1,A1,0.4517
processed_data_cleaned\test\B1\B1.13.VOH-Rad_120_patch_3_3.jpg,B1,B2,0.9814
processed_data_cleaned\test\B1\B1.13.VOH-Rad_120_patch_3_4.jpg,B1,A1,0.9966
processed_data_cleaned\test\B1\B1.13.VOH-Rad_121_patch_1_0.jpg,B1,B2,0.9787
processed_data_cleaned\test\B1\B1.13.VOH-Rad_121_patch_2_3.jpg,B1,A1,0.9537
processed_data_cleaned\test\B1\B1.13.VOH-Rad_121_patch_2_4.jpg,B1,A1,0.9981
processed_data_cleaned\test\B1\B1.13.VOH-Rad_121_patch_3_0.jpg,B1,A1,0.9763
processed_data_cleaned\test\B1\B1.13.VOH-Rad_121_patch_3_3.jpg,B1,B2,0.7626
processed_data_cleaned\test\B1\B1.13.VOH-Rad_121_patch_3_4.jpg,B1,A1,0.998
processed_data_cleaned\test\B1\B1.13.VOH-Rad_122_patch_0_2.jpg,B1,B2,0.7319
processed_data_cleaned\test\B1\B1.13.VOH-Rad_122_patch_1_0.jpg,B1,A1,0.7061
processed_data_cleaned\test\B1\B1.13.VOH-Rad_122_patch_1_2.jpg,B1,B2,0.9642
processed_data_cleaned\test\B1\B1.13.VOH-Rad_122_patch_1_4.jpg,B1,A2,0.9548
processed_data_cleaned\test\B1\B1.13.VOH-Rad_122_patch_1_5.jpg,B1,B2,0.4306
processed_data_cleaned\test\B1\B1.13.VOH-Rad_122_patch_2_0.jpg,B1,A2,0.9323
processed_data_cleaned\test\B1\B1.13.VOH-Rad_122_patch_2_3.jpg,B1,A1,0.5948
processed_data_cleaned\test\B1\B1.13.VOH-Rad_122_patch_2_4.jpg,B1,A1,0.9993
processed_data_cleaned\test\B1\B1.13.VOH-Rad_122_patch_3_0.jpg,B1,A1,0.8629
processed_data_cleaned\test\B1\B1.13.VOH-Rad_122_patch_3_3.jpg,B1,B2,0.8111
processed_data_cleaned\test\B1\B1.13.VOH-Rad_122_patch_3_4.jpg,B1,A1,0.9884
processed_data_cleaned\test\B1\B1.13.VOH-Rad_123_patch_1_1.jpg,B1,A1,0.9999
processed_data_cleaned\test\B1\B1.13.VOH-Rad_123_patch_1_2.jpg,B1,A1,0.9856
processed_data_cleaned\test\B1\B1.13.VOH-Rad_123_patch_2_0.jpg,B1,B2,0.7786
processed_data_cleaned\test\B1\B1.13.VOH-Rad_123_patch_2_2.jpg,B1,A1,0.9641
processed_data_cleaned\test\B1\B1.13.VOH-Rad_123_patch_2_3.jpg,B1,A1,0.9551
processed_data_cleaned\test\B1\B1.13.VOH-Rad_123_patch_3_0.jpg,B1,A2,0.9473
processed_data_cleaned\test\B1\B1.13.VOH-Rad_123_patch_3_1.jpg,B1,A1,0.9358
processed_data_cleaned\test\B1\B1.13.VOH-Rad_123_patch_3_2.jpg,B1,A1,0.9973
processed_data_cleaned\test\B1\B1.13.VOH-Rad_123_patch_3_3.jpg,B1,A1,0.9575
processed_data_cleaned\test\B1\B1.13.VOH-Rad_123_patch_3_5.jpg,B1,A2,0.5717
processed_data_cleaned\test\B1\B1.13.VOH-Rad_124_patch_1_1.jpg,B1,A1,0.9995
processed_data_cleaned\test\B1\B1.13.VOH-Rad_124_patch_2_2.jpg,B1,A1,0.9599
processed_data_cleaned\test\B1\B1.13.VOH-Rad_124_patch_2_3.jpg,B1,A1,0.924
processed_data_cleaned\test\B1\B1.13.VOH-Rad_124_patch_3_1.jpg,B1,A1,0.6761
processed_data_cleaned\test\B1\B1.13.VOH-Rad_124_patch_3_2.jpg,B1,A1,0.8369
processed_data_cleaned\test\B1\B1.13.VOH-Rad_124_patch_3_3.jpg,B1,A1,0.989
processed_data_cleaned\test\B1\B1.13.VOH-Rad_124_patch_3_5.jpg,B1,A1,0.6846
processed_data_cleaned\test\B1\B1.13.VOH-Rad_125_patch_0_5.jpg,B1,B2,0.7701
processed_data_cleaned\test\B1\B1.13.VOH-Rad_125_patch_1_1.jpg,B1,A1,1.0
processed_data_cleaned\test\B1\B1.13.VOH-Rad_125_patch_1_2.jpg,B1,A1,0.9793
processed_data_cleaned\test\B1\B1.13.VOH-Rad_125_patch_1_3.jpg,B1,A1,0.8438
processed_data_cleaned\test\B1\B1.13.VOH-Rad_125_patch_1_5.jpg,B1,A1,0.8948
processed_data_cleaned\test\B1\B1.13.VOH-Rad_125_patch_2_2.jpg,B1,A1,0.987
processed_data_cleaned\test\B1\B1.13.VOH-Rad_125_patch_2_3.jpg,B1,A1,0.9525
processed_data_cleaned\test\B1\B1.13.VOH-Rad_125_patch_3_0.jpg,B1,A2,0.7933
processed_data_cleaned\test\B1\B1.13.VOH-Rad_125_patch_3_1.jpg,B1,A1,0.9629
processed_data_cleaned\test\B1\B1.13.VOH-Rad_125_patch_3_2.jpg,B1,A1,0.9966
processed_data_cleaned\test\B1\B1.13.VOH-Rad_125_patch_3_3.jpg,B1,A1,0.9783
processed_data_cleaned\test\B1\B1.13.VOH-Rad_126_patch_1_1.jpg,B1,A1,0.7508
processed_data_cleaned\test\B1\B1.13.VOH-Rad_126_patch_1_2.jpg,B1,A1,0.6449
processed_data_cleaned\test\B1\B1.13.VOH-Rad_126_patch_1_4.jpg,B1,A1,0.8221
processed_data_cleaned\test\B1\B1.13.VOH-Rad_126_patch_2_2.jpg,B1,A2,0.9976
processed_data_cleaned\test\B1\B1.13.VOH-Rad_126_patch_2_3.jpg,B1,A1,0.8821
processed_data_cleaned\test\B1\B1.13.VOH-Rad_126_patch_2_4.jpg,B1,A1,0.994
processed_data_cleaned\test\B1\B1.13.VOH-Rad_126_patch_2_5.jpg,B1,A1,0.998
processed_data_cleaned\test\B1\B1.13.VOH-Rad_126_patch_3_1.jpg,B1,B2,0.6978
processed_data_cleaned\test\B1\B1.13.VOH-Rad_126_patch_3_2.jpg,B1,A2,0.9951
processed_data_cleaned\test\B1\B1.13.VOH-Rad_126_patch_3_3.jpg,B1,A2,0.9955
processed_data_cleaned\test\B1\B1.13.VOH-Rad_126_patch_3_4.jpg,B1,A2,0.9988
processed_data_cleaned\test\B1\B1.13.VOH-Rad_126_patch_3_5.jpg,B1,A2,0.9982
processed_data_cleaned\test\B1\B1.13.VOH-Rad_127_patch_0_1.jpg,B1,B2,0.5244
processed_data_cleaned\test\B1\B1.13.VOH-Rad_127_patch_0_2.jpg,B1,B2,0.2778
processed_data_cleaned\test\B1\B1.13.VOH-Rad_127_patch_1_1.jpg,B1,A1,0.9813
processed_data_cleaned\test\B1\B1.13.VOH-Rad_127_patch_2_0.jpg,B1,B2,0.9157
processed_data_cleaned\test\B1\B1.13.VOH-Rad_127_patch_2_1.jpg,B1,A2,0.9994
processed_data_cleaned\test\B1\B1.13.VOH-Rad_127_patch_2_2.jpg,B1,A2,0.6602
processed_data_cleaned\test\B1\B1.13.VOH-Rad_127_patch_2_3.jpg,B1,A1,0.9576
processed_data_cleaned\test\B1\B1.13.VOH-Rad_127_patch_2_4.jpg,B1,A1,0.9873
processed_data_cleaned\test\B1\B1.13.VOH-Rad_127_patch_2_5.jpg,B1,A1,0.9992
processed_data_cleaned\test\B1\B1.13.VOH-Rad_127_patch_3_0.jpg,B1,A1,0.6198
processed_data_cleaned\test\B1\B1.13.VOH-Rad_127_patch_3_2.jpg,B1,A2,0.9998
processed_data_cleaned\test\B1\B1.13.VOH-Rad_127_patch_3_3.jpg,B1,A2,0.9985
processed_data_cleaned\test\B1\B1.13.VOH-Rad_127_patch_3_4.jpg,B1,A2,0.9983
processed_data_cleaned\test\B1\B1.13.VOH-Rad_127_patch_3_5.jpg,B1,A2,0.8065
processed_data_cleaned\test\B1\B1.13.VOH-Rad_128_patch_1_1.jpg,B1,A1,0.6768
processed_data_cleaned\test\B1\B1.13.VOH-Rad_128_patch_1_2.jpg,B1,A1,0.9037
processed_data_cleaned\test\B1\B1.13.VOH-Rad_128_patch_1_3.jpg,B1,A1,0.9995
processed_data_cleaned\test\B1\B1.13.VOH-Rad_128_patch_2_1.jpg,B1,A2,0.9961
processed_data_cleaned\test\B1\B1.13.VOH-Rad_128_patch_2_2.jpg,B1,A2,0.9948
processed_data_cleaned\test\B1\B1.13.VOH-Rad_128_patch_2_3.jpg,B1,A2,0.9842
processed_data_cleaned\test\B1\B1.13.VOH-Rad_128_patch_2_4.jpg,B1,A1,0.57
processed_data_cleaned\test\B1\B1.13.VOH-Rad_128_patch_2_5.jpg,B1,A1,0.9948
processed_data_cleaned\test\B1\B1.13.VOH-Rad_128_patch_3_0.jpg,B1,A1,0.5666
processed_data_cleaned\test\B1\B1.13.VOH-Rad_128_patch_3_1.jpg,B1,A2,0.539
processed_data_cleaned\test\B1\B1.13.VOH-Rad_128_patch_3_2.jpg,B1,A2,0.9713
processed_data_cleaned\test\B1\B1.13.VOH-Rad_128_patch_3_3.jpg,B1,A2,0.9629
processed_data_cleaned\test\B1\B1.13.VOH-Rad_128_patch_3_4.jpg,B1,A2,0.9903
processed_data_cleaned\test\B1\B1.13.VOH-Rad_128_patch_3_5.jpg,B1,A2,0.9899
processed_data_cleaned\test\B1\B1.13.VOH-Rad_129_patch_0_3.jpg,B1,A1,0.4962
processed_data_cleaned\test\B1\B1.13.VOH-Rad_129_patch_1_0.jpg,B1,B2,0.9912
processed_data_cleaned\test\B1\B1.13.VOH-Rad_129_patch_1_2.jpg,B1,A1,0.7631
processed_data_cleaned\test\B1\B1.13.VOH-Rad_129_patch_2_0.jpg,B1,A2,0.8008
processed_data_cleaned\test\B1\B1.13.VOH-Rad_129_patch_2_1.jpg,B1,A2,0.9611
processed_data_cleaned\test\B1\B1.13.VOH-Rad_129_patch_2_2.jpg,B1,A1,0.9971
processed_data_cleaned\test\B1\B1.13.VOH-Rad_129_patch_2_3.jpg,B1,A1,0.9944
processed_data_cleaned\test\B1\B1.13.VOH-Rad_129_patch_2_4.jpg,B1,A1,0.9995
processed_data_cleaned\test\B1\B1.13.VOH-Rad_129_patch_3_0.jpg,B1,A2,0.5468
processed_data_cleaned\test\B1\B1.13.VOH-Rad_129_patch_3_1.jpg,B1,A2,0.9995
processed_data_cleaned\test\B1\B1.13.VOH-Rad_129_patch_3_2.jpg,B1,A2,0.9967
processed_data_cleaned\test\B1\B1.13.VOH-Rad_129_patch_3_3.jpg,B1,A2,0.9985
processed_data_cleaned\test\B1\B1.13.VOH-Rad_129_patch_3_4.jpg,B1,A2,0.9885
processed_data_cleaned\test\B1\B1.13.VOH-Rad_129_patch_3_5.jpg,B1,A1,0.6691
processed_data_cleaned\test\B1\B1.13.VOH-Rad_12_patch_0_2.jpg,B1,A1,0.9959
processed_data_cleaned\test\B1\B1.13.VOH-Rad_12_patch_1_3.jpg,B1,B2,0.8877
processed_data_cleaned\test\B1\B1.13.VOH-Rad_12_patch_2_0.jpg,B1,A1,0.9961
processed_data_cleaned\test\B1\B1.13.VOH-Rad_12_patch_2_1.jpg,B1,A1,0.9979
processed_data_cleaned\test\B1\B1.13.VOH-Rad_12_patch_2_2.jpg,B1,A1,0.8404
processed_data_cleaned\test\B1\B1.13.VOH-Rad_12_patch_2_3.jpg,B1,B2,0.992
processed_data_cleaned\test\B1\B1.13.VOH-Rad_12_patch_2_4.jpg,B1,B2,0.9992
processed_data_cleaned\test\B1\B1.13.VOH-Rad_130_patch_0_2.jpg,B1,A2,0.6701
processed_data_cleaned\test\B1\B1.13.VOH-Rad_130_patch_0_4.jpg,B1,B2,0.6909
processed_data_cleaned\test\B1\B1.13.VOH-Rad_130_patch_1_2.jpg,B1,A2,0.9125
processed_data_cleaned\test\B1\B1.13.VOH-Rad_130_patch_1_3.jpg,B1,A2,0.7522
processed_data_cleaned\test\B1\B1.13.VOH-Rad_130_patch_2_1.jpg,B1,A2,0.7541
processed_data_cleaned\test\B1\B1.13.VOH-Rad_130_patch_2_2.jpg,B1,A2,0.8769
processed_data_cleaned\test\B1\B1.13.VOH-Rad_130_patch_2_3.jpg,B1,A1,0.9991
processed_data_cleaned\test\B1\B1.13.VOH-Rad_130_patch_2_5.jpg,B1,A1,0.5863
processed_data_cleaned\test\B1\B1.13.VOH-Rad_130_patch_3_0.jpg,B1,A1,0.6222
processed_data_cleaned\test\B1\B1.13.VOH-Rad_130_patch_3_1.jpg,B1,A2,0.9829
processed_data_cleaned\test\B1\B1.13.VOH-Rad_130_patch_3_2.jpg,B1,A2,0.9601
processed_data_cleaned\test\B1\B1.13.VOH-Rad_130_patch_3_3.jpg,B1,A1,0.9999
processed_data_cleaned\test\B1\B1.13.VOH-Rad_130_patch_3_5.jpg,B1,B2,0.5523
processed_data_cleaned\test\B1\B1.13.VOH-Rad_131_patch_0_2.jpg,B1,B2,0.6371
processed_data_cleaned\test\B1\B1.13.VOH-Rad_131_patch_0_3.jpg,B1,A2,0.732
processed_data_cleaned\test\B1\B1.13.VOH-Rad_131_patch_0_4.jpg,B1,B2,0.8078
processed_data_cleaned\test\B1\B1.13.VOH-Rad_131_patch_1_2.jpg,B1,A2,0.8059
processed_data_cleaned\test\B1\B1.13.VOH-Rad_131_patch_1_3.jpg,B1,A2,0.9757
processed_data_cleaned\test\B1\B1.13.VOH-Rad_131_patch_2_0.jpg,B1,A2,0.7564
processed_data_cleaned\test\B1\B1.13.VOH-Rad_131_patch_2_1.jpg,B1,A1,0.5228
processed_data_cleaned\test\B1\B1.13.VOH-Rad_131_patch_2_2.jpg,B1,A2,0.8351
processed_data_cleaned\test\B1\B1.13.VOH-Rad_131_patch_2_3.jpg,B1,A1,0.9991
processed_data_cleaned\test\B1\B1.13.VOH-Rad_131_patch_2_5.jpg,B1,A1,0.7408
processed_data_cleaned\test\B1\B1.13.VOH-Rad_131_patch_3_0.jpg,B1,A1,0.8801
processed_data_cleaned\test\B1\B1.13.VOH-Rad_131_patch_3_1.jpg,B1,A2,0.825
processed_data_cleaned\test\B1\B1.13.VOH-Rad_131_patch_3_2.jpg,B1,A2,0.7577
processed_data_cleaned\test\B1\B1.13.VOH-Rad_131_patch_3_3.jpg,B1,A1,0.9999
processed_data_cleaned\test\B1\B1.13.VOH-Rad_132_patch_1_3.jpg,B1,B2,0.988
processed_data_cleaned\test\B1\B1.13.VOH-Rad_132_patch_1_4.jpg,B1,A1,0.8553
processed_data_cleaned\test\B1\B1.13.VOH-Rad_132_patch_2_0.jpg,B1,A1,0.6975
processed_data_cleaned\test\B1\B1.13.VOH-Rad_132_patch_2_5.jpg,B1,A1,0.4887
processed_data_cleaned\test\B1\B1.13.VOH-Rad_132_patch_3_3.jpg,B1,A1,0.875
processed_data_cleaned\test\B1\B1.13.VOH-Rad_133_patch_0_3.jpg,B1,B2,0.8278
processed_data_cleaned\test\B1\B1.13.VOH-Rad_133_patch_1_2.jpg,B1,B2,0.6761
processed_data_cleaned\test\B1\B1.13.VOH-Rad_133_patch_1_3.jpg,B1,B2,1.0
processed_data_cleaned\test\B1\B1.13.VOH-Rad_133_patch_2_0.jpg,B1,A1,0.8639
processed_data_cleaned\test\B1\B1.13.VOH-Rad_133_patch_3_3.jpg,B1,A1,0.7683
processed_data_cleaned\test\B1\B1.13.VOH-Rad_133_patch_3_4.jpg,B1,A1,0.5121
processed_data_cleaned\test\B1\B1.13.VOH-Rad_134_patch_1_3.jpg,B1,B2,0.999
processed_data_cleaned\test\B1\B1.13.VOH-Rad_134_patch_2_0.jpg,B1,A1,0.8299
processed_data_cleaned\test\B1\B1.13.VOH-Rad_134_patch_2_5.jpg,B1,A1,0.6848
processed_data_cleaned\test\B1\B1.13.VOH-Rad_134_patch_3_2.jpg,B1,A1,0.543
processed_data_cleaned\test\B1\B1.13.VOH-Rad_134_patch_3_3.jpg,B1,A1,0.8959
processed_data_cleaned\test\B1\B1.13.VOH-Rad_135_patch_0_2.jpg,B1,A1,0.7851
processed_data_cleaned\test\B1\B1.13.VOH-Rad_135_patch_0_3.jpg,B1,A1,0.9896
processed_data_cleaned\test\B1\B1.13.VOH-Rad_135_patch_1_3.jpg,B1,A2,0.5038
processed_data_cleaned\test\B1\B1.13.VOH-Rad_135_patch_1_5.jpg,B1,A1,0.999
processed_data_cleaned\test\B1\B1.13.VOH-Rad_135_patch_2_4.jpg,B1,B2,0.9676
processed_data_cleaned\test\B1\B1.13.VOH-Rad_135_patch_2_5.jpg,B1,A2,0.6804
processed_data_cleaned\test\B1\B1.13.VOH-Rad_136_patch_0_2.jpg,B1,A1,0.9403
processed_data_cleaned\test\B1\B1.13.VOH-Rad_136_patch_0_3.jpg,B1,A1,0.8222
processed_data_cleaned\test\B1\B1.13.VOH-Rad_136_patch_0_4.jpg,B1,A1,0.9834
processed_data_cleaned\test\B1\B1.13.VOH-Rad_136_patch_1_3.jpg,B1,B2,0.6866
processed_data_cleaned\test\B1\B1.13.VOH-Rad_136_patch_1_5.jpg,B1,A1,0.9983
processed_data_cleaned\test\B1\B1.13.VOH-Rad_136_patch_2_4.jpg,B1,B2,0.9213
processed_data_cleaned\test\B1\B1.13.VOH-Rad_137_patch_0_2.jpg,B1,B2,0.3613
processed_data_cleaned\test\B1\B1.13.VOH-Rad_137_patch_1_0.jpg,B1,A1,0.8141
processed_data_cleaned\test\B1\B1.13.VOH-Rad_137_patch_1_4.jpg,B1,A1,0.9946
processed_data_cleaned\test\B1\B1.13.VOH-Rad_137_patch_3_1.jpg,B1,A1,0.477
processed_data_cleaned\test\B1\B1.13.VOH-Rad_137_patch_3_3.jpg,B1,A1,0.9435
processed_data_cleaned\test\B1\B1.13.VOH-Rad_137_patch_3_4.jpg,B1,A1,0.9998
processed_data_cleaned\test\B1\B1.13.VOH-Rad_138_patch_1_3.jpg,B1,A1,0.7693
processed_data_cleaned\test\B1\B1.13.VOH-Rad_138_patch_3_3.jpg,B1,A1,0.9576
processed_data_cleaned\test\B1\B1.13.VOH-Rad_138_patch_3_4.jpg,B1,A1,0.9999
processed_data_cleaned\test\B1\B1.13.VOH-Rad_138_patch_3_5.jpg,B1,A1,0.6068
processed_data_cleaned\test\B1\B1.13.VOH-Rad_139_patch_0_0.jpg,B1,A1,0.9997
processed_data_cleaned\test\B1\B1.13.VOH-Rad_139_patch_0_1.jpg,B1,A1,0.9979
processed_data_cleaned\test\B1\B1.13.VOH-Rad_139_patch_1_4.jpg,B1,A1,0.5052
processed_data_cleaned\test\B1\B1.13.VOH-Rad_139_patch_2_1.jpg,B1,A1,0.4581
processed_data_cleaned\test\B1\B1.13.VOH-Rad_139_patch_2_2.jpg,B1,A1,0.9861
processed_data_cleaned\test\B1\B1.13.VOH-Rad_139_patch_2_3.jpg,B1,A1,0.9868
processed_data_cleaned\test\B1\B1.13.VOH-Rad_139_patch_2_4.jpg,B1,A1,0.6195
processed_data_cleaned\test\B1\B1.13.VOH-Rad_139_patch_3_0.jpg,B1,A1,0.7128
processed_data_cleaned\test\B1\B1.13.VOH-Rad_139_patch_3_2.jpg,B1,A1,0.8962
processed_data_cleaned\test\B1\B1.13.VOH-Rad_139_patch_3_3.jpg,B1,A1,0.9899
processed_data_cleaned\test\B1\B1.13.VOH-Rad_139_patch_3_4.jpg,B1,A1,0.9897
processed_data_cleaned\test\B1\B1.13.VOH-Rad_13_patch_0_0.jpg,B1,A1,0.6119
processed_data_cleaned\test\B1\B1.13.VOH-Rad_13_patch_0_1.jpg,B1,A1,0.9955
processed_data_cleaned\test\B1\B1.13.VOH-Rad_13_patch_0_3.jpg,B1,B2,0.9305
processed_data_cleaned\test\B1\B1.13.VOH-Rad_13_patch_1_0.jpg,B1,A1,0.871
processed_data_cleaned\test\B1\B1.13.VOH-Rad_13_patch_1_2.jpg,B1,A1,0.9999
processed_data_cleaned\test\B1\B1.13.VOH-Rad_13_patch_1_3.jpg,B1,A1,0.9999
processed_data_cleaned\test\B1\B1.13.VOH-Rad_13_patch_2_2.jpg,B1,A2,0.7345
processed_data_cleaned\test\B1\B1.13.VOH-Rad_13_patch_2_3.jpg,B1,B2,0.8669
processed_data_cleaned\test\B1\B1.13.VOH-Rad_13_patch_2_4.jpg,B1,B2,0.5777
processed_data_cleaned\test\B1\B1.13.VOH-Rad_13_patch_2_5.jpg,B1,B2,0.9887
processed_data_cleaned\test\B1\B1.13.VOH-Rad_13_patch_3_0.jpg,B1,A1,0.9868
processed_data_cleaned\test\B1\B1.13.VOH-Rad_13_patch_3_2.jpg,B1,A1,0.6748
processed_data_cleaned\test\B1\B1.13.VOH-Rad_13_patch_3_3.jpg,B1,A2,0.6382
processed_data_cleaned\test\B1\B1.13.VOH-Rad_13_patch_3_4.jpg,B1,A1,0.6815
processed_data_cleaned\test\B1\B1.13.VOH-Rad_140_patch_0_0.jpg,B1,A1,1.0
processed_data_cleaned\test\B1\B1.13.VOH-Rad_140_patch_0_1.jpg,B1,A1,0.9955
processed_data_cleaned\test\B1\B1.13.VOH-Rad_140_patch_0_2.jpg,B1,A1,0.9393
processed_data_cleaned\test\B1\B1.13.VOH-Rad_140_patch_1_4.jpg,B1,A1,0.5127
processed_data_cleaned\test\B1\B1.13.VOH-Rad_140_patch_2_1.jpg,B1,A1,0.9976
processed_data_cleaned\test\B1\B1.13.VOH-Rad_140_patch_2_2.jpg,B1,A1,0.9972
processed_data_cleaned\test\B1\B1.13.VOH-Rad_140_patch_2_3.jpg,B1,A1,0.7895
processed_data_cleaned\test\B1\B1.13.VOH-Rad_140_patch_3_0.jpg,B1,A1,0.4099
processed_data_cleaned\test\B1\B1.13.VOH-Rad_140_patch_3_4.jpg,B1,A1,0.9585
processed_data_cleaned\test\B1\B1.13.VOH-Rad_142_patch_0_4.jpg,B1,A1,0.8676
processed_data_cleaned\test\B1\B1.13.VOH-Rad_142_patch_1_2.jpg,B1,A1,0.9871
processed_data_cleaned\test\B1\B1.13.VOH-Rad_142_patch_2_4.jpg,B1,B2,0.3777
processed_data_cleaned\test\B1\B1.13.VOH-Rad_142_patch_3_5.jpg,B1,A1,0.8725
processed_data_cleaned\test\B1\B1.13.VOH-Rad_143_patch_1_2.jpg,B1,A1,0.4867
processed_data_cleaned\test\B1\B1.13.VOH-Rad_143_patch_2_0.jpg,B1,A2,0.9622
processed_data_cleaned\test\B1\B1.13.VOH-Rad_143_patch_2_5.jpg,B1,A1,0.6723
processed_data_cleaned\test\B1\B1.13.VOH-Rad_144_patch_1_0.jpg,B1,A1,0.8188
processed_data_cleaned\test\B1\B1.13.VOH-Rad_144_patch_2_0.jpg,B1,A2,0.9766
processed_data_cleaned\test\B1\B1.13.VOH-Rad_144_patch_2_2.jpg,B1,A2,0.7064
processed_data_cleaned\test\B1\B1.13.VOH-Rad_145_patch_1_2.jpg,B1,A1,0.6809
processed_data_cleaned\test\B1\B1.13.VOH-Rad_145_patch_2_0.jpg,B1,A2,0.8408
processed_data_cleaned\test\B1\B1.13.VOH-Rad_145_patch_2_5.jpg,B1,A1,0.8527
processed_data_cleaned\test\B1\B1.13.VOH-Rad_146_patch_1_0.jpg,B1,A1,0.491
processed_data_cleaned\test\B1\B1.13.VOH-Rad_146_patch_2_0.jpg,B1,A1,0.6523
processed_data_cleaned\test\B1\B1.13.VOH-Rad_146_patch_3_5.jpg,B1,A1,0.869
processed_data_cleaned\test\B1\B1.13.VOH-Rad_147_patch_0_0.jpg,B1,A2,0.4593
processed_data_cleaned\test\B1\B1.13.VOH-Rad_147_patch_3_0.jpg,B1,A1,0.5076
processed_data_cleaned\test\B1\B1.13.VOH-Rad_147_patch_3_1.jpg,B1,B2,0.454
processed_data_cleaned\test\B1\B1.13.VOH-Rad_147_patch_3_4.jpg,B1,A1,0.5679
processed_data_cleaned\test\B1\B1.13.VOH-Rad_147_patch_3_5.jpg,B1,A1,0.7522
processed_data_cleaned\test\B1\B1.13.VOH-Rad_148_patch_0_5.jpg,B1,A1,0.8242
processed_data_cleaned\test\B1\B1.13.VOH-Rad_148_patch_1_2.jpg,B1,A1,0.9845
processed_data_cleaned\test\B1\B1.13.VOH-Rad_148_patch_1_3.jpg,B1,A1,0.9945
processed_data_cleaned\test\B1\B1.13.VOH-Rad_148_patch_1_5.jpg,B1,A1,0.7073
processed_data_cleaned\test\B1\B1.13.VOH-Rad_148_patch_2_5.jpg,B1,A1,0.9707
processed_data_cleaned\test\B1\B1.13.VOH-Rad_148_patch_3_3.jpg,B1,A1,0.988
processed_data_cleaned\test\B1\B1.13.VOH-Rad_149_patch_0_0.jpg,B1,A1,0.4675
processed_data_cleaned\test\B1\B1.13.VOH-Rad_149_patch_0_1.jpg,B1,A2,0.8796
processed_data_cleaned\test\B1\B1.13.VOH-Rad_149_patch_0_2.jpg,B1,A2,0.6397
processed_data_cleaned\test\B1\B1.13.VOH-Rad_149_patch_1_1.jpg,B1,A1,0.8755
processed_data_cleaned\test\B1\B1.13.VOH-Rad_149_patch_1_4.jpg,B1,A1,0.998
processed_data_cleaned\test\B1\B1.13.VOH-Rad_149_patch_2_0.jpg,B1,A1,0.8577
processed_data_cleaned\test\B1\B1.13.VOH-Rad_149_patch_3_0.jpg,B1,A1,0.881
processed_data_cleaned\test\B1\B1.13.VOH-Rad_149_patch_3_3.jpg,B1,A1,0.9962
processed_data_cleaned\test\B1\B1.13.VOH-Rad_14_patch_0_0.jpg,B1,A1,0.8343
processed_data_cleaned\test\B1\B1.13.VOH-Rad_14_patch_0_1.jpg,B1,A1,0.9937
processed_data_cleaned\test\B1\B1.13.VOH-Rad_14_patch_1_2.jpg,B1,A1,0.9999
processed_data_cleaned\test\B1\B1.13.VOH-Rad_14_patch_1_3.jpg,B1,A1,0.9999
processed_data_cleaned\test\B1\B1.13.VOH-Rad_14_patch_2_2.jpg,B1,A2,0.7501
processed_data_cleaned\test\B1\B1.13.VOH-Rad_14_patch_2_3.jpg,B1,A1,0.3617
processed_data_cleaned\test\B1\B1.13.VOH-Rad_14_patch_2_4.jpg,B1,B2,0.9908
processed_data_cleaned\test\B1\B1.13.VOH-Rad_14_patch_3_0.jpg,B1,A1,0.9767
processed_data_cleaned\test\B1\B1.13.VOH-Rad_14_patch_3_2.jpg,B1,A2,0.699
processed_data_cleaned\test\B1\B1.13.VOH-Rad_14_patch_3_3.jpg,B1,B2,0.4338
processed_data_cleaned\test\B1\B1.13.VOH-Rad_14_patch_3_4.jpg,B1,A1,0.5949
processed_data_cleaned\test\B1\B1.13.VOH-Rad_150_patch_0_1.jpg,B1,A2,0.689
processed_data_cleaned\test\B1\B1.13.VOH-Rad_150_patch_0_3.jpg,B1,A1,0.5298
processed_data_cleaned\test\B1\B1.13.VOH-Rad_150_patch_0_4.jpg,B1,A1,0.9991
processed_data_cleaned\test\B1\B1.13.VOH-Rad_150_patch_1_1.jpg,B1,A1,0.7181
processed_data_cleaned\test\B1\B1.13.VOH-Rad_150_patch_1_2.jpg,B1,A1,0.9908
processed_data_cleaned\test\B1\B1.13.VOH-Rad_150_patch_1_4.jpg,B1,A1,0.9675
processed_data_cleaned\test\B1\B1.13.VOH-Rad_150_patch_2_3.jpg,B1,A1,0.9569
processed_data_cleaned\test\B1\B1.13.VOH-Rad_150_patch_3_0.jpg,B1,A1,0.9993
processed_data_cleaned\test\B1\B1.13.VOH-Rad_150_patch_3_4.jpg,B1,A1,0.3753
processed_data_cleaned\test\B1\B1.13.VOH-Rad_151_patch_0_1.jpg,B1,A1,0.9186
processed_data_cleaned\test\B1\B1.13.VOH-Rad_151_patch_0_5.jpg,B1,A1,0.8664
processed_data_cleaned\test\B1\B1.13.VOH-Rad_151_patch_1_3.jpg,B1,A1,0.8565
processed_data_cleaned\test\B1\B1.13.VOH-Rad_151_patch_2_0.jpg,B1,A1,0.8767
processed_data_cleaned\test\B1\B1.13.VOH-Rad_153_patch_0_2.jpg,B1,A1,0.9212
processed_data_cleaned\test\B1\B1.13.VOH-Rad_153_patch_0_4.jpg,B1,A1,0.7112
processed_data_cleaned\test\B1\B1.13.VOH-Rad_153_patch_0_5.jpg,B1,A1,0.6143
processed_data_cleaned\test\B1\B1.13.VOH-Rad_153_patch_1_2.jpg,B1,A1,0.7778
processed_data_cleaned\test\B1\B1.13.VOH-Rad_153_patch_1_5.jpg,B1,A1,0.9956
processed_data_cleaned\test\B1\B1.13.VOH-Rad_153_patch_2_2.jpg,B1,A1,0.9191
processed_data_cleaned\test\B1\B1.13.VOH-Rad_153_patch_2_4.jpg,B1,A1,0.9957
processed_data_cleaned\test\B1\B1.13.VOH-Rad_153_patch_2_5.jpg,B1,A1,0.8538
processed_data_cleaned\test\B1\B1.13.VOH-Rad_153_patch_3_3.jpg,B1,A1,0.5277
processed_data_cleaned\test\B1\B1.13.VOH-Rad_154_patch_0_2.jpg,B1,A1,0.9558
processed_data_cleaned\test\B1\B1.13.VOH-Rad_154_patch_1_3.jpg,B1,A1,0.6823
processed_data_cleaned\test\B1\B1.13.VOH-Rad_154_patch_1_4.jpg,B1,A1,0.9602
processed_data_cleaned\test\B1\B1.13.VOH-Rad_154_patch_1_5.jpg,B1,A1,0.9953
processed_data_cleaned\test\B1\B1.13.VOH-Rad_154_patch_2_4.jpg,B1,A1,0.8268
processed_data_cleaned\test\B1\B1.13.VOH-Rad_154_patch_2_5.jpg,B1,A1,0.9302
processed_data_cleaned\test\B1\B1.13.VOH-Rad_154_patch_3_2.jpg,B1,A1,0.5501
processed_data_cleaned\test\B1\B1.13.VOH-Rad_155_patch_0_1.jpg,B1,A2,0.6981
processed_data_cleaned\test\B1\B1.13.VOH-Rad_155_patch_1_4.jpg,B1,A1,0.8465
processed_data_cleaned\test\B1\B1.13.VOH-Rad_155_patch_3_5.jpg,B1,A1,0.7522
processed_data_cleaned\test\B1\B1.13.VOH-Rad_156_patch_0_2.jpg,B1,B2,0.9955
processed_data_cleaned\test\B1\B1.13.VOH-Rad_156_patch_1_1.jpg,B1,A1,0.5248
processed_data_cleaned\test\B1\B1.13.VOH-Rad_156_patch_2_3.jpg,B1,A1,0.7112
processed_data_cleaned\test\B1\B1.13.VOH-Rad_156_patch_2_4.jpg,B1,A1,0.9221
processed_data_cleaned\test\B1\B1.13.VOH-Rad_157_patch_1_4.jpg,B1,A1,0.9855
processed_data_cleaned\test\B1\B1.13.VOH-Rad_157_patch_2_4.jpg,B1,A1,0.7362
processed_data_cleaned\test\B1\B1.13.VOH-Rad_157_patch_2_5.jpg,B1,A1,0.7438
processed_data_cleaned\test\B1\B1.13.VOH-Rad_157_patch_3_1.jpg,B1,B2,0.8371
processed_data_cleaned\test\B1\B1.13.VOH-Rad_157_patch_3_4.jpg,B1,A1,0.8559
processed_data_cleaned\test\B1\B1.13.VOH-Rad_158_patch_2_4.jpg,B1,A1,0.9488
processed_data_cleaned\test\B1\B1.13.VOH-Rad_158_patch_3_3.jpg,B1,A1,0.4935
processed_data_cleaned\test\B1\B1.13.VOH-Rad_158_patch_3_4.jpg,B1,A1,0.9431
processed_data_cleaned\test\B1\B1.13.VOH-Rad_158_patch_3_5.jpg,B1,A1,0.9817
processed_data_cleaned\test\B1\B1.13.VOH-Rad_159_patch_0_3.jpg,B1,B2,0.6877
processed_data_cleaned\test\B1\B1.13.VOH-Rad_159_patch_1_3.jpg,B1,A1,0.71
processed_data_cleaned\test\B1\B1.13.VOH-Rad_159_patch_1_4.jpg,B1,A1,0.7345
processed_data_cleaned\test\B1\B1.13.VOH-Rad_159_patch_2_4.jpg,B1,A1,0.9973
processed_data_cleaned\test\B1\B1.13.VOH-Rad_159_patch_3_3.jpg,B1,A1,0.9856
processed_data_cleaned\test\B1\B1.13.VOH-Rad_159_patch_3_4.jpg,B1,A1,0.9642
processed_data_cleaned\test\B1\B1.13.VOH-Rad_15_patch_0_0.jpg,B1,A1,0.7348
processed_data_cleaned\test\B1\B1.13.VOH-Rad_15_patch_0_1.jpg,B1,A1,0.9971
processed_data_cleaned\test\B1\B1.13.VOH-Rad_15_patch_1_0.jpg,B1,A1,0.999
processed_data_cleaned\test\B1\B1.13.VOH-Rad_15_patch_1_2.jpg,B1,A1,0.9993
processed_data_cleaned\test\B1\B1.13.VOH-Rad_15_patch_2_2.jpg,B1,B2,0.8258
processed_data_cleaned\test\B1\B1.13.VOH-Rad_15_patch_2_3.jpg,B1,B2,0.9974
processed_data_cleaned\test\B1\B1.13.VOH-Rad_15_patch_3_2.jpg,B1,A2,0.5243
processed_data_cleaned\test\B1\B1.13.VOH-Rad_15_patch_3_3.jpg,B1,B2,0.906
processed_data_cleaned\test\B1\B1.13.VOH-Rad_15_patch_3_5.jpg,B1,B2,0.9975
processed_data_cleaned\test\B1\B1.13.VOH-Rad_161_patch_3_4.jpg,B1,A1,0.8975
processed_data_cleaned\test\B1\B1.13.VOH-Rad_161_patch_3_5.jpg,B1,A1,0.9896
processed_data_cleaned\test\B1\B1.13.VOH-Rad_162_patch_0_5.jpg,B1,A1,0.9848
processed_data_cleaned\test\B1\B1.13.VOH-Rad_162_patch_1_3.jpg,B1,A1,0.8357
processed_data_cleaned\test\B1\B1.13.VOH-Rad_162_patch_2_0.jpg,B1,A2,0.3147
processed_data_cleaned\test\B1\B1.13.VOH-Rad_162_patch_3_4.jpg,B1,A1,0.5037
processed_data_cleaned\test\B1\B1.13.VOH-Rad_163_patch_1_1.jpg,B1,A1,0.9924
processed_data_cleaned\test\B1\B1.13.VOH-Rad_163_patch_1_2.jpg,B1,A1,0.9361
processed_data_cleaned\test\B1\B1.13.VOH-Rad_163_patch_2_2.jpg,B1,A1,0.6691
processed_data_cleaned\test\B1\B1.13.VOH-Rad_163_patch_2_5.jpg,B1,A1,0.6247
processed_data_cleaned\test\B1\B1.13.VOH-Rad_163_patch_3_4.jpg,B1,A1,0.6092
processed_data_cleaned\test\B1\B1.13.VOH-Rad_164_patch_0_0.jpg,B1,A1,0.8204
processed_data_cleaned\test\B1\B1.13.VOH-Rad_164_patch_0_1.jpg,B1,A1,0.6718
processed_data_cleaned\test\B1\B1.13.VOH-Rad_164_patch_0_2.jpg,B1,A2,0.4612
processed_data_cleaned\test\B1\B1.13.VOH-Rad_164_patch_0_4.jpg,B1,A1,0.9997
processed_data_cleaned\test\B1\B1.13.VOH-Rad_164_patch_1_0.jpg,B1,A1,0.971
processed_data_cleaned\test\B1\B1.13.VOH-Rad_164_patch_1_4.jpg,B1,A1,0.9998
processed_data_cleaned\test\B1\B1.13.VOH-Rad_164_patch_3_1.jpg,B1,A1,0.9944
processed_data_cleaned\test\B1\B1.13.VOH-Rad_164_patch_3_2.jpg,B1,A1,0.9679
processed_data_cleaned\test\B1\B1.13.VOH-Rad_165_patch_0_0.jpg,B1,A1,0.5588
processed_data_cleaned\test\B1\B1.13.VOH-Rad_165_patch_0_1.jpg,B1,A1,0.6084
processed_data_cleaned\test\B1\B1.13.VOH-Rad_165_patch_0_2.jpg,B1,A1,0.5079
processed_data_cleaned\test\B1\B1.13.VOH-Rad_165_patch_0_3.jpg,B1,A1,0.6925
processed_data_cleaned\test\B1\B1.13.VOH-Rad_165_patch_0_4.jpg,B1,A1,0.9969
processed_data_cleaned\test\B1\B1.13.VOH-Rad_165_patch_1_0.jpg,B1,A1,0.9812
processed_data_cleaned\test\B1\B1.13.VOH-Rad_165_patch_1_4.jpg,B1,A1,0.9998
processed_data_cleaned\test\B1\B1.13.VOH-Rad_165_patch_2_1.jpg,B1,A1,0.5584
processed_data_cleaned\test\B1\B1.13.VOH-Rad_165_patch_2_3.jpg,B1,A1,0.7627
processed_data_cleaned\test\B1\B1.13.VOH-Rad_165_patch_3_1.jpg,B1,A1,0.98
processed_data_cleaned\test\B1\B1.13.VOH-Rad_165_patch_3_2.jpg,B1,A1,0.9991
processed_data_cleaned\test\B1\B1.13.VOH-Rad_166_patch_0_1.jpg,B1,A2,0.6802
processed_data_cleaned\test\B1\B1.13.VOH-Rad_166_patch_0_2.jpg,B1,A1,0.6439
processed_data_cleaned\test\B1\B1.13.VOH-Rad_166_patch_0_3.jpg,B1,A1,0.8675
processed_data_cleaned\test\B1\B1.13.VOH-Rad_166_patch_1_0.jpg,B1,A1,0.6314
processed_data_cleaned\test\B1\B1.13.VOH-Rad_166_patch_1_2.jpg,B1,A1,0.6985
processed_data_cleaned\test\B1\B1.13.VOH-Rad_166_patch_1_4.jpg,B1,A1,0.9985
processed_data_cleaned\test\B1\B1.13.VOH-Rad_166_patch_2_4.jpg,B1,A1,0.9985
processed_data_cleaned\test\B1\B1.13.VOH-Rad_167_patch_0_5.jpg,B1,A1,0.946
processed_data_cleaned\test\B1\B1.13.VOH-Rad_167_patch_1_1.jpg,B1,A2,0.8463
processed_data_cleaned\test\B1\B1.13.VOH-Rad_167_patch_2_1.jpg,B1,A2,0.9567
processed_data_cleaned\test\B1\B1.13.VOH-Rad_167_patch_2_5.jpg,B1,A1,0.7721
processed_data_cleaned\test\B1\B1.13.VOH-Rad_167_patch_3_0.jpg,B1,A1,0.9931
processed_data_cleaned\test\B1\B1.13.VOH-Rad_167_patch_3_2.jpg,B1,A1,0.7358
processed_data_cleaned\test\B1\B1.13.VOH-Rad_167_patch_3_5.jpg,B1,A2,0.5761
processed_data_cleaned\test\B1\B1.13.VOH-Rad_168_patch_1_3.jpg,B1,A1,0.5908
processed_data_cleaned\test\B1\B1.13.VOH-Rad_169_patch_0_2.jpg,B1,A1,0.9694
processed_data_cleaned\test\B1\B1.13.VOH-Rad_169_patch_0_5.jpg,B1,A1,0.9766
processed_data_cleaned\test\B1\B1.13.VOH-Rad_169_patch_1_3.jpg,B1,A1,0.9584
processed_data_cleaned\test\B1\B1.13.VOH-Rad_169_patch_1_4.jpg,B1,A1,0.9993
processed_data_cleaned\test\B1\B1.13.VOH-Rad_169_patch_1_5.jpg,B1,A1,0.5233
processed_data_cleaned\test\B1\B1.13.VOH-Rad_169_patch_2_0.jpg,B1,A1,0.46
processed_data_cleaned\test\B1\B1.13.VOH-Rad_169_patch_2_1.jpg,B1,A2,0.4874
processed_data_cleaned\test\B1\B1.13.VOH-Rad_169_patch_2_2.jpg,B1,A1,0.7382
processed_data_cleaned\test\B1\B1.13.VOH-Rad_169_patch_2_3.jpg,B1,A1,0.8634
processed_data_cleaned\test\B1\B1.13.VOH-Rad_169_patch_2_5.jpg,B1,A1,0.8664
processed_data_cleaned\test\B1\B1.13.VOH-Rad_16_patch_1_0.jpg,B1,A1,0.5098
processed_data_cleaned\test\B1\B1.13.VOH-Rad_16_patch_1_1.jpg,B1,A1,0.619
processed_data_cleaned\test\B1\B1.13.VOH-Rad_16_patch_1_2.jpg,B1,A1,0.989
processed_data_cleaned\test\B1\B1.13.VOH-Rad_16_patch_2_0.jpg,B1,A1,0.6044
processed_data_cleaned\test\B1\B1.13.VOH-Rad_16_patch_2_2.jpg,B1,A1,0.9644
processed_data_cleaned\test\B1\B1.13.VOH-Rad_16_patch_3_0.jpg,B1,A1,0.9997
processed_data_cleaned\test\B1\B1.13.VOH-Rad_16_patch_3_2.jpg,B1,A1,0.9893
processed_data_cleaned\test\B1\B1.13.VOH-Rad_16_patch_3_5.jpg,B1,B2,0.8005
processed_data_cleaned\test\B1\B1.13.VOH-Rad_171_patch_1_2.jpg,B1,A1,0.9217
processed_data_cleaned\test\B1\B1.13.VOH-Rad_171_patch_2_2.jpg,B1,A2,0.4588
processed_data_cleaned\test\B1\B1.13.VOH-Rad_171_patch_2_3.jpg,B1,A1,0.9917
processed_data_cleaned\test\B1\B1.13.VOH-Rad_171_patch_3_2.jpg,B1,A1,0.676
processed_data_cleaned\test\B1\B1.13.VOH-Rad_171_patch_3_4.jpg,B1,A1,0.8887
processed_data_cleaned\test\B1\B1.13.VOH-Rad_172_patch_0_3.jpg,B1,A1,0.5879
processed_data_cleaned\test\B1\B1.13.VOH-Rad_173_patch_0_3.jpg,B1,A1,0.4476
processed_data_cleaned\test\B1\B1.13.VOH-Rad_173_patch_3_0.jpg,B1,B2,0.9101
processed_data_cleaned\test\B1\B1.13.VOH-Rad_174_patch_1_5.jpg,B1,A2,0.4579
processed_data_cleaned\test\B1\B1.13.VOH-Rad_174_patch_3_4.jpg,B1,A1,0.9546
processed_data_cleaned\test\B1\B1.13.VOH-Rad_175_patch_0_0.jpg,B1,B2,0.8896
processed_data_cleaned\test\B1\B1.13.VOH-Rad_175_patch_0_2.jpg,B1,B2,0.5875
processed_data_cleaned\test\B1\B1.13.VOH-Rad_175_patch_0_3.jpg,B1,A2,0.6896
processed_data_cleaned\test\B1\B1.13.VOH-Rad_175_patch_0_5.jpg,B1,B2,0.7836
processed_data_cleaned\test\B1\B1.13.VOH-Rad_175_patch_3_0.jpg,B1,A1,0.9999
processed_data_cleaned\test\B1\B1.13.VOH-Rad_175_patch_3_4.jpg,B1,A1,0.831
processed_data_cleaned\test\B1\B1.13.VOH-Rad_176_patch_0_3.jpg,B1,A1,0.9543
processed_data_cleaned\test\B1\B1.13.VOH-Rad_177_patch_1_0.jpg,B1,A1,0.9004
processed_data_cleaned\test\B1\B1.13.VOH-Rad_177_patch_3_3.jpg,B1,A1,0.7052
processed_data_cleaned\test\B1\B1.13.VOH-Rad_178_patch_1_3.jpg,B1,A1,0.9531
processed_data_cleaned\test\B1\B1.13.VOH-Rad_178_patch_2_4.jpg,B1,A1,0.684
processed_data_cleaned\test\B1\B1.13.VOH-Rad_178_patch_3_4.jpg,B1,A1,0.8632
processed_data_cleaned\test\B1\B1.13.VOH-Rad_178_patch_3_5.jpg,B1,A1,0.9884
processed_data_cleaned\test\B1\B1.13.VOH-Rad_179_patch_1_4.jpg,B1,A1,0.5259
processed_data_cleaned\test\B1\B1.13.VOH-Rad_179_patch_2_4.jpg,B1,A1,0.8632
processed_data_cleaned\test\B1\B1.13.VOH-Rad_179_patch_3_1.jpg,B1,A1,0.5942
processed_data_cleaned\test\B1\B1.13.VOH-Rad_179_patch_3_4.jpg,B1,A1,0.7413
processed_data_cleaned\test\B1\B1.13.VOH-Rad_179_patch_3_5.jpg,B1,A1,0.9957
processed_data_cleaned\test\B1\B1.13.VOH-Rad_17_patch_0_0.jpg,B1,A1,0.9999
processed_data_cleaned\test\B1\B1.13.VOH-Rad_17_patch_0_1.jpg,B1,A1,0.9999
processed_data_cleaned\test\B1\B1.13.VOH-Rad_17_patch_0_2.jpg,B1,A1,0.9998
processed_data_cleaned\test\B1\B1.13.VOH-Rad_17_patch_0_3.jpg,B1,A2,0.5526
processed_data_cleaned\test\B1\B1.13.VOH-Rad_17_patch_1_0.jpg,B1,A2,0.9752
processed_data_cleaned\test\B1\B1.13.VOH-Rad_17_patch_1_1.jpg,B1,A2,0.9456
processed_data_cleaned\test\B1\B1.13.VOH-Rad_17_patch_1_2.jpg,B1,A1,1.0
processed_data_cleaned\test\B1\B1.13.VOH-Rad_17_patch_2_0.jpg,B1,A2,0.9745
processed_data_cleaned\test\B1\B1.13.VOH-Rad_17_patch_2_1.jpg,B1,A2,0.7004
processed_data_cleaned\test\B1\B1.13.VOH-Rad_17_patch_2_2.jpg,B1,A1,0.9999
processed_data_cleaned\test\B1\B1.13.VOH-Rad_17_patch_2_3.jpg,B1,B2,0.9116
processed_data_cleaned\test\B1\B1.13.VOH-Rad_17_patch_2_4.jpg,B1,A1,0.675
processed_data_cleaned\test\B1\B1.13.VOH-Rad_17_patch_2_5.jpg,B1,B2,0.7893
processed_data_cleaned\test\B1\B1.13.VOH-Rad_17_patch_3_0.jpg,B1,A2,0.975
processed_data_cleaned\test\B1\B1.13.VOH-Rad_17_patch_3_1.jpg,B1,A2,0.6904
processed_data_cleaned\test\B1\B1.13.VOH-Rad_17_patch_3_2.jpg,B1,A1,0.9911
processed_data_cleaned\test\B1\B1.13.VOH-Rad_17_patch_3_4.jpg,B1,A1,0.4535
processed_data_cleaned\test\B1\B1.13.VOH-Rad_17_patch_3_5.jpg,B1,B2,0.3895
processed_data_cleaned\test\B1\B1.13.VOH-Rad_180_patch_0_0.jpg,B1,A2,0.3826
processed_data_cleaned\test\B1\B1.13.VOH-Rad_180_patch_2_0.jpg,B1,A1,0.9634
processed_data_cleaned\test\B1\B1.13.VOH-Rad_180_patch_2_2.jpg,B1,A1,0.9566
processed_data_cleaned\test\B1\B1.13.VOH-Rad_180_patch_2_5.jpg,B1,A1,0.9978
processed_data_cleaned\test\B1\B1.13.VOH-Rad_181_patch_2_0.jpg,B1,A1,0.9062
processed_data_cleaned\test\B1\B1.13.VOH-Rad_181_patch_2_5.jpg,B1,A1,0.6471
processed_data_cleaned\test\B1\B1.13.VOH-Rad_181_patch_3_0.jpg,B1,A1,0.7354
processed_data_cleaned\test\B1\B1.13.VOH-Rad_182_patch_1_1.jpg,B1,A1,0.9133
processed_data_cleaned\test\B1\B1.13.VOH-Rad_182_patch_1_3.jpg,B1,A1,0.8769
processed_data_cleaned\test\B1\B1.13.VOH-Rad_182_patch_1_4.jpg,B1,A1,0.9017
processed_data_cleaned\test\B1\B1.13.VOH-Rad_182_patch_2_0.jpg,B1,B2,0.7945
processed_data_cleaned\test\B1\B1.13.VOH-Rad_182_patch_2_2.jpg,B1,A1,0.9437
processed_data_cleaned\test\B1\B1.13.VOH-Rad_182_patch_2_3.jpg,B1,A1,0.9133
processed_data_cleaned\test\B1\B1.13.VOH-Rad_183_patch_0_0.jpg,B1,A1,0.5111
processed_data_cleaned\test\B1\B1.13.VOH-Rad_183_patch_0_1.jpg,B1,B2,0.9698
processed_data_cleaned\test\B1\B1.13.VOH-Rad_183_patch_1_0.jpg,B1,A1,0.9488
processed_data_cleaned\test\B1\B1.13.VOH-Rad_183_patch_1_3.jpg,B1,A1,0.6019
processed_data_cleaned\test\B1\B1.13.VOH-Rad_183_patch_1_4.jpg,B1,A1,0.9982
processed_data_cleaned\test\B1\B1.13.VOH-Rad_183_patch_1_5.jpg,B1,A1,0.9958
processed_data_cleaned\test\B1\B1.13.VOH-Rad_183_patch_2_0.jpg,B1,A1,0.9723
processed_data_cleaned\test\B1\B1.13.VOH-Rad_183_patch_2_5.jpg,B1,A1,0.9207
processed_data_cleaned\test\B1\B1.13.VOH-Rad_183_patch_3_0.jpg,B1,A1,0.6096
processed_data_cleaned\test\B1\B1.13.VOH-Rad_183_patch_3_4.jpg,B1,A1,0.9807
processed_data_cleaned\test\B1\B1.13.VOH-Rad_183_patch_3_5.jpg,B1,A1,0.9675
processed_data_cleaned\test\B1\B1.13.VOH-Rad_184_patch_0_0.jpg,B1,A1,0.556
processed_data_cleaned\test\B1\B1.13.VOH-Rad_184_patch_0_3.jpg,B1,A1,0.753
processed_data_cleaned\test\B1\B1.13.VOH-Rad_184_patch_1_0.jpg,B1,A1,0.8478
processed_data_cleaned\test\B1\B1.13.VOH-Rad_184_patch_1_1.jpg,B1,A1,0.9543
processed_data_cleaned\test\B1\B1.13.VOH-Rad_184_patch_1_2.jpg,B1,A1,0.3865
processed_data_cleaned\test\B1\B1.13.VOH-Rad_184_patch_1_4.jpg,B1,A1,0.6688
processed_data_cleaned\test\B1\B1.13.VOH-Rad_184_patch_1_5.jpg,B1,A1,0.9894
processed_data_cleaned\test\B1\B1.13.VOH-Rad_184_patch_2_0.jpg,B1,A1,0.985
processed_data_cleaned\test\B1\B1.13.VOH-Rad_184_patch_2_1.jpg,B1,A1,0.9768
processed_data_cleaned\test\B1\B1.13.VOH-Rad_184_patch_2_3.jpg,B1,A1,0.7262
processed_data_cleaned\test\B1\B1.13.VOH-Rad_184_patch_2_4.jpg,B1,A1,0.3064
processed_data_cleaned\test\B1\B1.13.VOH-Rad_184_patch_2_5.jpg,B1,A1,0.6301
processed_data_cleaned\test\B1\B1.13.VOH-Rad_184_patch_3_0.jpg,B1,A1,0.7545
processed_data_cleaned\test\B1\B1.13.VOH-Rad_184_patch_3_4.jpg,B1,A1,0.9829
processed_data_cleaned\test\B1\B1.13.VOH-Rad_184_patch_3_5.jpg,B1,A1,0.9899
processed_data_cleaned\test\B1\B1.13.VOH-Rad_185_patch_0_0.jpg,B1,A1,0.9237
processed_data_cleaned\test\B1\B1.13.VOH-Rad_185_patch_0_1.jpg,B1,A1,0.9406
processed_data_cleaned\test\B1\B1.13.VOH-Rad_185_patch_0_2.jpg,B1,A1,0.9955
processed_data_cleaned\test\B1\B1.13.VOH-Rad_185_patch_0_4.jpg,B1,A1,0.8713
processed_data_cleaned\test\B1\B1.13.VOH-Rad_185_patch_1_0.jpg,B1,A1,0.9911
processed_data_cleaned\test\B1\B1.13.VOH-Rad_185_patch_1_1.jpg,B1,A1,0.9657
processed_data_cleaned\test\B1\B1.13.VOH-Rad_185_patch_1_2.jpg,B1,A1,0.6585
processed_data_cleaned\test\B1\B1.13.VOH-Rad_185_patch_1_3.jpg,B1,A1,0.9999
processed_data_cleaned\test\B1\B1.13.VOH-Rad_185_patch_1_4.jpg,B1,A1,0.9999
processed_data_cleaned\test\B1\B1.13.VOH-Rad_185_patch_2_1.jpg,B1,A1,0.7296
processed_data_cleaned\test\B1\B1.13.VOH-Rad_185_patch_2_2.jpg,B1,A1,0.9672
processed_data_cleaned\test\B1\B1.13.VOH-Rad_185_patch_2_3.jpg,B1,A1,0.8543
processed_data_cleaned\test\B1\B1.13.VOH-Rad_185_patch_2_4.jpg,B1,A1,0.7264
processed_data_cleaned\test\B1\B1.13.VOH-Rad_185_patch_3_5.jpg,B1,A1,0.4023
processed_data_cleaned\test\B1\B1.13.VOH-Rad_186_patch_0_0.jpg,B1,A2,0.6155
processed_data_cleaned\test\B1\B1.13.VOH-Rad_186_patch_0_1.jpg,B1,A1,0.6314
processed_data_cleaned\test\B1\B1.13.VOH-Rad_186_patch_0_2.jpg,B1,A1,0.9914
processed_data_cleaned\test\B1\B1.13.VOH-Rad_186_patch_0_3.jpg,B1,A1,0.8103
processed_data_cleaned\test\B1\B1.13.VOH-Rad_186_patch_1_0.jpg,B1,A1,0.9575
processed_data_cleaned\test\B1\B1.13.VOH-Rad_186_patch_1_1.jpg,B1,A2,0.8843
processed_data_cleaned\test\B1\B1.13.VOH-Rad_186_patch_1_2.jpg,B1,A2,0.9354
processed_data_cleaned\test\B1\B1.13.VOH-Rad_186_patch_1_3.jpg,B1,A1,0.9831
processed_data_cleaned\test\B1\B1.13.VOH-Rad_186_patch_1_4.jpg,B1,A1,0.9919
processed_data_cleaned\test\B1\B1.13.VOH-Rad_186_patch_2_0.jpg,B1,A1,0.9618
processed_data_cleaned\test\B1\B1.13.VOH-Rad_186_patch_2_1.jpg,B1,A1,0.9837
processed_data_cleaned\test\B1\B1.13.VOH-Rad_186_patch_2_2.jpg,B1,A2,0.8116
processed_data_cleaned\test\B1\B1.13.VOH-Rad_186_patch_2_3.jpg,B1,A2,0.9984
processed_data_cleaned\test\B1\B1.13.VOH-Rad_186_patch_2_4.jpg,B1,A2,0.8088
processed_data_cleaned\test\B1\B1.13.VOH-Rad_186_patch_3_1.jpg,B1,A1,0.9773
processed_data_cleaned\test\B1\B1.13.VOH-Rad_186_patch_3_2.jpg,B1,A1,0.8077
processed_data_cleaned\test\B1\B1.13.VOH-Rad_186_patch_3_3.jpg,B1,A2,0.9877
processed_data_cleaned\test\B1\B1.13.VOH-Rad_186_patch_3_4.jpg,B1,A2,0.9998
processed_data_cleaned\test\B1\B1.13.VOH-Rad_188_patch_0_0.jpg,B1,A1,0.5089
processed_data_cleaned\test\B1\B1.13.VOH-Rad_188_patch_0_1.jpg,B1,A1,0.9963
processed_data_cleaned\test\B1\B1.13.VOH-Rad_188_patch_0_2.jpg,B1,A1,0.9962
processed_data_cleaned\test\B1\B1.13.VOH-Rad_188_patch_0_3.jpg,B1,A1,0.9873
processed_data_cleaned\test\B1\B1.13.VOH-Rad_188_patch_0_4.jpg,B1,A1,0.9981
processed_data_cleaned\test\B1\B1.13.VOH-Rad_188_patch_0_5.jpg,B1,A1,0.9687
processed_data_cleaned\test\B1\B1.13.VOH-Rad_188_patch_1_0.jpg,B1,A1,0.8731
processed_data_cleaned\test\B1\B1.13.VOH-Rad_188_patch_1_2.jpg,B1,A1,0.8536
processed_data_cleaned\test\B1\B1.13.VOH-Rad_188_patch_1_3.jpg,B1,A1,0.9994
processed_data_cleaned\test\B1\B1.13.VOH-Rad_188_patch_1_4.jpg,B1,A1,0.9777
processed_data_cleaned\test\B1\B1.13.VOH-Rad_188_patch_1_5.jpg,B1,A1,0.7084
processed_data_cleaned\test\B1\B1.13.VOH-Rad_188_patch_2_0.jpg,B1,A1,0.985
processed_data_cleaned\test\B1\B1.13.VOH-Rad_188_patch_2_1.jpg,B1,A1,0.9971
processed_data_cleaned\test\B1\B1.13.VOH-Rad_188_patch_2_3.jpg,B1,A1,0.9984
processed_data_cleaned\test\B1\B1.13.VOH-Rad_188_patch_2_4.jpg,B1,A1,0.9945
processed_data_cleaned\test\B1\B1.13.VOH-Rad_188_patch_2_5.jpg,B1,A1,0.9789
processed_data_cleaned\test\B1\B1.13.VOH-Rad_188_patch_3_0.jpg,B1,A1,0.9317
processed_data_cleaned\test\B1\B1.13.VOH-Rad_188_patch_3_1.jpg,B1,A1,0.9982
processed_data_cleaned\test\B1\B1.13.VOH-Rad_188_patch_3_2.jpg,B1,A1,0.9987
processed_data_cleaned\test\B1\B1.13.VOH-Rad_188_patch_3_3.jpg,B1,A1,0.9989
processed_data_cleaned\test\B1\B1.13.VOH-Rad_188_patch_3_4.jpg,B1,A1,0.9668
processed_data_cleaned\test\B1\B1.13.VOH-Rad_188_patch_3_5.jpg,B1,A1,0.9989
processed_data_cleaned\test\B1\B1.13.VOH-Rad_189_patch_1_0.jpg,B1,A2,0.7826
processed_data_cleaned\test\B1\B1.13.VOH-Rad_189_patch_1_1.jpg,B1,A1,0.5889
processed_data_cleaned\test\B1\B1.13.VOH-Rad_189_patch_1_4.jpg,B1,A1,0.7174
processed_data_cleaned\test\B1\B1.13.VOH-Rad_189_patch_1_5.jpg,B1,A2,0.988
processed_data_cleaned\test\B1\B1.13.VOH-Rad_189_patch_2_0.jpg,B1,A2,0.9643
processed_data_cleaned\test\B1\B1.13.VOH-Rad_189_patch_2_1.jpg,B1,A2,0.9855
processed_data_cleaned\test\B1\B1.13.VOH-Rad_189_patch_2_2.jpg,B1,A2,0.9514
processed_data_cleaned\test\B1\B1.13.VOH-Rad_189_patch_2_3.jpg,B1,A2,0.994
processed_data_cleaned\test\B1\B1.13.VOH-Rad_189_patch_2_4.jpg,B1,A2,0.9926
processed_data_cleaned\test\B1\B1.13.VOH-Rad_189_patch_2_5.jpg,B1,A2,0.9722
processed_data_cleaned\test\B1\B1.13.VOH-Rad_189_patch_3_0.jpg,B1,A1,0.8194
processed_data_cleaned\test\B1\B1.13.VOH-Rad_189_patch_3_1.jpg,B1,A1,0.9655
processed_data_cleaned\test\B1\B1.13.VOH-Rad_189_patch_3_2.jpg,B1,A1,0.6058
processed_data_cleaned\test\B1\B1.13.VOH-Rad_189_patch_3_4.jpg,B1,A1,0.8405
processed_data_cleaned\test\B1\B1.13.VOH-Rad_18_patch_0_0.jpg,B1,A1,0.9999
processed_data_cleaned\test\B1\B1.13.VOH-Rad_18_patch_0_1.jpg,B1,A1,1.0
processed_data_cleaned\test\B1\B1.13.VOH-Rad_18_patch_0_2.jpg,B1,A1,0.9814
processed_data_cleaned\test\B1\B1.13.VOH-Rad_18_patch_1_0.jpg,B1,A2,0.8592
processed_data_cleaned\test\B1\B1.13.VOH-Rad_18_patch_1_1.jpg,B1,A2,0.9214
processed_data_cleaned\test\B1\B1.13.VOH-Rad_18_patch_1_2.jpg,B1,A1,1.0
processed_data_cleaned\test\B1\B1.13.VOH-Rad_18_patch_2_0.jpg,B1,A2,0.8997
processed_data_cleaned\test\B1\B1.13.VOH-Rad_18_patch_2_1.jpg,B1,A2,0.5881
processed_data_cleaned\test\B1\B1.13.VOH-Rad_18_patch_2_2.jpg,B1,A1,0.9885
processed_data_cleaned\test\B1\B1.13.VOH-Rad_18_patch_2_4.jpg,B1,A1,0.5738
processed_data_cleaned\test\B1\B1.13.VOH-Rad_18_patch_2_5.jpg,B1,B2,0.9107
processed_data_cleaned\test\B1\B1.13.VOH-Rad_18_patch_3_0.jpg,B1,A2,0.8206
processed_data_cleaned\test\B1\B1.13.VOH-Rad_18_patch_3_1.jpg,B1,A2,0.6318
processed_data_cleaned\test\B1\B1.13.VOH-Rad_18_patch_3_4.jpg,B1,A1,0.4871
processed_data_cleaned\test\B1\B1.13.VOH-Rad_18_patch_3_5.jpg,B1,B2,0.8909
processed_data_cleaned\test\B1\B1.13.VOH-Rad_190_patch_0_1.jpg,B1,B2,0.495
processed_data_cleaned\test\B1\B1.13.VOH-Rad_190_patch_0_2.jpg,B1,B2,0.9996
processed_data_cleaned\test\B1\B1.13.VOH-Rad_190_patch_0_3.jpg,B1,B2,0.4964
processed_data_cleaned\test\B1\B1.13.VOH-Rad_190_patch_1_1.jpg,B1,A2,0.6178
processed_data_cleaned\test\B1\B1.13.VOH-Rad_190_patch_1_2.jpg,B1,B2,0.9892
processed_data_cleaned\test\B1\B1.13.VOH-Rad_190_patch_1_3.jpg,B1,B2,0.9999
processed_data_cleaned\test\B1\B1.13.VOH-Rad_190_patch_1_4.jpg,B1,B2,0.9949
processed_data_cleaned\test\B1\B1.13.VOH-Rad_190_patch_1_5.jpg,B1,A1,0.8654
processed_data_cleaned\test\B1\B1.13.VOH-Rad_190_patch_2_1.jpg,B1,A1,0.9551
processed_data_cleaned\test\B1\B1.13.VOH-Rad_190_patch_2_2.jpg,B1,A1,0.8565
processed_data_cleaned\test\B1\B1.13.VOH-Rad_190_patch_2_4.jpg,B1,A2,0.9973
processed_data_cleaned\test\B1\B1.13.VOH-Rad_190_patch_2_5.jpg,B1,A2,0.991
processed_data_cleaned\test\B1\B1.13.VOH-Rad_190_patch_3_0.jpg,B1,A1,0.8395
processed_data_cleaned\test\B1\B1.13.VOH-Rad_190_patch_3_5.jpg,B1,A2,0.9997
processed_data_cleaned\test\B1\B1.13.VOH-Rad_191_patch_0_2.jpg,B1,B2,0.999
processed_data_cleaned\test\B1\B1.13.VOH-Rad_191_patch_0_3.jpg,B1,B2,0.9888
processed_data_cleaned\test\B1\B1.13.VOH-Rad_191_patch_1_1.jpg,B1,A2,0.9543
processed_data_cleaned\test\B1\B1.13.VOH-Rad_191_patch_1_2.jpg,B1,B2,0.9978
processed_data_cleaned\test\B1\B1.13.VOH-Rad_191_patch_1_3.jpg,B1,B2,0.9996
processed_data_cleaned\test\B1\B1.13.VOH-Rad_191_patch_1_4.jpg,B1,B2,0.9997
processed_data_cleaned\test\B1\B1.13.VOH-Rad_191_patch_1_5.jpg,B1,B2,0.5735
processed_data_cleaned\test\B1\B1.13.VOH-Rad_191_patch_2_2.jpg,B1,A1,0.9843
processed_data_cleaned\test\B1\B1.13.VOH-Rad_191_patch_2_5.jpg,B1,A2,0.9998
processed_data_cleaned\test\B1\B1.13.VOH-Rad_191_patch_3_0.jpg,B1,A1,0.6479
processed_data_cleaned\test\B1\B1.13.VOH-Rad_191_patch_3_4.jpg,B1,A2,0.8564
processed_data_cleaned\test\B1\B1.13.VOH-Rad_191_patch_3_5.jpg,B1,A2,0.9944
processed_data_cleaned\test\B1\B1.13.VOH-Rad_192_patch_0_1.jpg,B1,B2,0.7988
processed_data_cleaned\test\B1\B1.13.VOH-Rad_192_patch_1_1.jpg,B1,A1,0.8999
processed_data_cleaned\test\B1\B1.13.VOH-Rad_192_patch_1_2.jpg,B1,B2,0.6855
processed_data_cleaned\test\B1\B1.13.VOH-Rad_192_patch_1_3.jpg,B1,B2,0.9969
processed_data_cleaned\test\B1\B1.13.VOH-Rad_192_patch_1_4.jpg,B1,A1,0.8466
processed_data_cleaned\test\B1\B1.13.VOH-Rad_192_patch_1_5.jpg,B1,A1,0.9754
processed_data_cleaned\test\B1\B1.13.VOH-Rad_192_patch_2_1.jpg,B1,A1,0.9997
processed_data_cleaned\test\B1\B1.13.VOH-Rad_192_patch_2_2.jpg,B1,A2,0.6977
processed_data_cleaned\test\B1\B1.13.VOH-Rad_192_patch_2_3.jpg,B1,A2,0.949
processed_data_cleaned\test\B1\B1.13.VOH-Rad_192_patch_2_4.jpg,B1,A2,0.9963
processed_data_cleaned\test\B1\B1.13.VOH-Rad_192_patch_2_5.jpg,B1,A1,0.8586
processed_data_cleaned\test\B1\B1.13.VOH-Rad_192_patch_3_1.jpg,B1,A1,0.999
processed_data_cleaned\test\B1\B1.13.VOH-Rad_192_patch_3_2.jpg,B1,A1,0.5135
processed_data_cleaned\test\B1\B1.13.VOH-Rad_192_patch_3_3.jpg,B1,A1,0.728
processed_data_cleaned\test\B1\B1.13.VOH-Rad_192_patch_3_5.jpg,B1,A1,0.9492
processed_data_cleaned\test\B1\B1.13.VOH-Rad_193_patch_0_2.jpg,B1,A1,0.8872
processed_data_cleaned\test\B1\B1.13.VOH-Rad_193_patch_0_3.jpg,B1,A1,0.9024
processed_data_cleaned\test\B1\B1.13.VOH-Rad_193_patch_0_4.jpg,B1,A2,0.5902
processed_data_cleaned\test\B1\B1.13.VOH-Rad_193_patch_0_5.jpg,B1,A1,0.9891
processed_data_cleaned\test\B1\B1.13.VOH-Rad_193_patch_1_3.jpg,B1,A2,0.6381
processed_data_cleaned\test\B1\B1.13.VOH-Rad_193_patch_1_4.jpg,B1,A1,0.5695
processed_data_cleaned\test\B1\B1.13.VOH-Rad_193_patch_1_5.jpg,B1,A1,0.7415
processed_data_cleaned\test\B1\B1.13.VOH-Rad_193_patch_2_3.jpg,B1,A2,0.9462
processed_data_cleaned\test\B1\B1.13.VOH-Rad_193_patch_2_5.jpg,B1,A2,0.516
processed_data_cleaned\test\B1\B1.13.VOH-Rad_193_patch_3_0.jpg,B1,A1,0.9802
processed_data_cleaned\test\B1\B1.13.VOH-Rad_193_patch_3_3.jpg,B1,A2,0.7605
processed_data_cleaned\test\B1\B1.13.VOH-Rad_193_patch_3_4.jpg,B1,A1,0.5429
processed_data_cleaned\test\B1\B1.13.VOH-Rad_193_patch_3_5.jpg,B1,A2,0.6999
processed_data_cleaned\test\B1\B1.13.VOH-Rad_195_patch_1_3.jpg,B1,A1,0.9937
processed_data_cleaned\test\B1\B1.13.VOH-Rad_195_patch_2_3.jpg,B1,A1,0.978
processed_data_cleaned\test\B1\B1.13.VOH-Rad_195_patch_3_3.jpg,B1,A1,0.9988
processed_data_cleaned\test\B1\B1.13.VOH-Rad_195_patch_3_4.jpg,B1,A1,0.9534
processed_data_cleaned\test\B1\B1.13.VOH-Rad_196_patch_0_1.jpg,B1,B2,0.8085
processed_data_cleaned\test\B1\B1.13.VOH-Rad_196_patch_0_2.jpg,B1,A1,0.9106
processed_data_cleaned\test\B1\B1.13.VOH-Rad_196_patch_0_3.jpg,B1,A1,0.987
processed_data_cleaned\test\B1\B1.13.VOH-Rad_196_patch_0_4.jpg,B1,A2,0.9271
processed_data_cleaned\test\B1\B1.13.VOH-Rad_196_patch_0_5.jpg,B1,A2,0.8562
processed_data_cleaned\test\B1\B1.13.VOH-Rad_196_patch_1_0.jpg,B1,B2,0.9825
processed_data_cleaned\test\B1\B1.13.VOH-Rad_196_patch_1_1.jpg,B1,A1,0.9126
processed_data_cleaned\test\B1\B1.13.VOH-Rad_196_patch_1_3.jpg,B1,A1,0.6671
processed_data_cleaned\test\B1\B1.13.VOH-Rad_196_patch_1_4.jpg,B1,A2,0.9963
processed_data_cleaned\test\B1\B1.13.VOH-Rad_196_patch_1_5.jpg,B1,A2,0.9687
processed_data_cleaned\test\B1\B1.13.VOH-Rad_196_patch_2_0.jpg,B1,A2,0.8155
processed_data_cleaned\test\B1\B1.13.VOH-Rad_196_patch_2_3.jpg,B1,A1,0.7152
processed_data_cleaned\test\B1\B1.13.VOH-Rad_196_patch_2_4.jpg,B1,A2,0.9584
processed_data_cleaned\test\B1\B1.13.VOH-Rad_196_patch_2_5.jpg,B1,A2,0.893
processed_data_cleaned\test\B1\B1.13.VOH-Rad_196_patch_3_3.jpg,B1,A1,0.9962
processed_data_cleaned\test\B1\B1.13.VOH-Rad_196_patch_3_4.jpg,B1,A2,0.961
processed_data_cleaned\test\B1\B1.13.VOH-Rad_196_patch_3_5.jpg,B1,A2,0.9985
processed_data_cleaned\test\B1\B1.13.VOH-Rad_197_patch_0_0.jpg,B1,A2,0.91
processed_data_cleaned\test\B1\B1.13.VOH-Rad_197_patch_0_1.jpg,B1,A2,0.9199
processed_data_cleaned\test\B1\B1.13.VOH-Rad_197_patch_0_2.jpg,B1,A2,0.9832
processed_data_cleaned\test\B1\B1.13.VOH-Rad_197_patch_0_3.jpg,B1,A2,0.9753
processed_data_cleaned\test\B1\B1.13.VOH-Rad_197_patch_0_4.jpg,B1,A2,0.9937
processed_data_cleaned\test\B1\B1.13.VOH-Rad_197_patch_0_5.jpg,B1,A2,0.9954
processed_data_cleaned\test\B1\B1.13.VOH-Rad_197_patch_1_0.jpg,B1,A2,0.9613
processed_data_cleaned\test\B1\B1.13.VOH-Rad_197_patch_1_1.jpg,B1,A2,0.9443
processed_data_cleaned\test\B1\B1.13.VOH-Rad_197_patch_1_2.jpg,B1,A2,0.7669
processed_data_cleaned\test\B1\B1.13.VOH-Rad_197_patch_1_3.jpg,B1,A2,0.9992
processed_data_cleaned\test\B1\B1.13.VOH-Rad_197_patch_1_4.jpg,B1,A2,0.9886
processed_data_cleaned\test\B1\B1.13.VOH-Rad_197_patch_1_5.jpg,B1,A2,0.7167
processed_data_cleaned\test\B1\B1.13.VOH-Rad_197_patch_2_0.jpg,B1,A2,0.9713
processed_data_cleaned\test\B1\B1.13.VOH-Rad_197_patch_2_1.jpg,B1,A2,0.6652
processed_data_cleaned\test\B1\B1.13.VOH-Rad_197_patch_2_2.jpg,B1,A2,0.9236
processed_data_cleaned\test\B1\B1.13.VOH-Rad_197_patch_2_3.jpg,B1,A1,0.7653
processed_data_cleaned\test\B1\B1.13.VOH-Rad_197_patch_2_4.jpg,B1,A2,0.8724
processed_data_cleaned\test\B1\B1.13.VOH-Rad_197_patch_2_5.jpg,B1,A2,0.997
processed_data_cleaned\test\B1\B1.13.VOH-Rad_197_patch_3_0.jpg,B1,A1,0.9138
processed_data_cleaned\test\B1\B1.13.VOH-Rad_197_patch_3_1.jpg,B1,A1,0.6213
processed_data_cleaned\test\B1\B1.13.VOH-Rad_197_patch_3_2.jpg,B1,A1,0.7393
processed_data_cleaned\test\B1\B1.13.VOH-Rad_197_patch_3_3.jpg,B1,A1,0.7473
processed_data_cleaned\test\B1\B1.13.VOH-Rad_197_patch_3_4.jpg,B1,A1,0.9655
processed_data_cleaned\test\B1\B1.13.VOH-Rad_197_patch_3_5.jpg,B1,A1,0.7093
processed_data_cleaned\test\B1\B1.13.VOH-Rad_198_patch_0_0.jpg,B1,A2,0.9568
processed_data_cleaned\test\B1\B1.13.VOH-Rad_198_patch_0_1.jpg,B1,A2,0.7832
processed_data_cleaned\test\B1\B1.13.VOH-Rad_198_patch_0_2.jpg,B1,A2,0.6405
processed_data_cleaned\test\B1\B1.13.VOH-Rad_198_patch_0_3.jpg,B1,A1,0.5134
processed_data_cleaned\test\B1\B1.13.VOH-Rad_198_patch_1_0.jpg,B1,A2,0.9526
processed_data_cleaned\test\B1\B1.13.VOH-Rad_198_patch_1_1.jpg,B1,A2,0.6895
processed_data_cleaned\test\B1\B1.13.VOH-Rad_198_patch_1_2.jpg,B1,A2,0.9161
processed_data_cleaned\test\B1\B1.13.VOH-Rad_198_patch_1_3.jpg,B1,A2,0.7612
processed_data_cleaned\test\B1\B1.13.VOH-Rad_198_patch_2_0.jpg,B1,A1,0.6298
processed_data_cleaned\test\B1\B1.13.VOH-Rad_198_patch_2_1.jpg,B1,A1,0.978
processed_data_cleaned\test\B1\B1.13.VOH-Rad_198_patch_2_2.jpg,B1,A2,0.9966
processed_data_cleaned\test\B1\B1.13.VOH-Rad_198_patch_2_3.jpg,B1,A2,0.7887
processed_data_cleaned\test\B1\B1.13.VOH-Rad_198_patch_3_0.jpg,B1,A2,0.651
processed_data_cleaned\test\B1\B1.13.VOH-Rad_198_patch_3_1.jpg,B1,A2,0.9843
processed_data_cleaned\test\B1\B1.13.VOH-Rad_198_patch_3_2.jpg,B1,A2,0.9514
processed_data_cleaned\test\B1\B1.13.VOH-Rad_198_patch_3_3.jpg,B1,A2,0.9355
processed_data_cleaned\test\B1\B1.13.VOH-Rad_199_patch_0_1.jpg,B1,A2,0.5289
processed_data_cleaned\test\B1\B1.13.VOH-Rad_199_patch_0_2.jpg,B1,A2,0.9995
processed_data_cleaned\test\B1\B1.13.VOH-Rad_199_patch_0_3.jpg,B1,A2,0.9926
processed_data_cleaned\test\B1\B1.13.VOH-Rad_199_patch_0_4.jpg,B1,A2,0.9912
processed_data_cleaned\test\B1\B1.13.VOH-Rad_199_patch_0_5.jpg,B1,A1,0.9984
processed_data_cleaned\test\B1\B1.13.VOH-Rad_199_patch_1_1.jpg,B1,A2,0.8285
processed_data_cleaned\test\B1\B1.13.VOH-Rad_199_patch_1_2.jpg,B1,A2,0.9868
processed_data_cleaned\test\B1\B1.13.VOH-Rad_199_patch_1_3.jpg,B1,A2,0.978
processed_data_cleaned\test\B1\B1.13.VOH-Rad_199_patch_1_4.jpg,B1,A2,0.5543
processed_data_cleaned\test\B1\B1.13.VOH-Rad_199_patch_1_5.jpg,B1,A1,0.9913
processed_data_cleaned\test\B1\B1.13.VOH-Rad_199_patch_2_1.jpg,B1,A1,0.9166
processed_data_cleaned\test\B1\B1.13.VOH-Rad_199_patch_2_2.jpg,B1,A2,0.5922
processed_data_cleaned\test\B1\B1.13.VOH-Rad_199_patch_2_3.jpg,B1,A1,0.5263
processed_data_cleaned\test\B1\B1.13.VOH-Rad_199_patch_2_4.jpg,B1,A1,0.6426
processed_data_cleaned\test\B1\B1.13.VOH-Rad_199_patch_2_5.jpg,B1,A2,0.6846
processed_data_cleaned\test\B1\B1.13.VOH-Rad_199_patch_3_1.jpg,B1,A1,0.9691
processed_data_cleaned\test\B1\B1.13.VOH-Rad_199_patch_3_2.jpg,B1,A2,0.885
processed_data_cleaned\test\B1\B1.13.VOH-Rad_199_patch_3_3.jpg,B1,A1,0.5904
processed_data_cleaned\test\B1\B1.13.VOH-Rad_199_patch_3_4.jpg,B1,A2,0.9647
processed_data_cleaned\test\B1\B1.13.VOH-Rad_199_patch_3_5.jpg,B1,A2,0.9888
processed_data_cleaned\test\B1\B1.13.VOH-Rad_19_patch_0_0.jpg,B1,A2,0.9826
processed_data_cleaned\test\B1\B1.13.VOH-Rad_19_patch_0_1.jpg,B1,A1,0.7071
processed_data_cleaned\test\B1\B1.13.VOH-Rad_19_patch_0_2.jpg,B1,A2,0.9807
processed_data_cleaned\test\B1\B1.13.VOH-Rad_19_patch_0_3.jpg,B1,A2,0.8385
processed_data_cleaned\test\B1\B1.13.VOH-Rad_19_patch_1_0.jpg,B1,A2,0.876
processed_data_cleaned\test\B1\B1.13.VOH-Rad_19_patch_1_1.jpg,B1,A1,0.8223
processed_data_cleaned\test\B1\B1.13.VOH-Rad_19_patch_1_2.jpg,B1,A2,0.996
processed_data_cleaned\test\B1\B1.13.VOH-Rad_19_patch_1_3.jpg,B1,A1,0.9975
processed_data_cleaned\test\B1\B1.13.VOH-Rad_19_patch_2_0.jpg,B1,A1,0.6463
processed_data_cleaned\test\B1\B1.13.VOH-Rad_19_patch_2_2.jpg,B1,A2,0.645
processed_data_cleaned\test\B1\B1.13.VOH-Rad_19_patch_2_3.jpg,B1,A1,0.9988
processed_data_cleaned\test\B1\B1.13.VOH-Rad_19_patch_3_0.jpg,B1,A1,0.8806
processed_data_cleaned\test\B1\B1.13.VOH-Rad_19_patch_3_1.jpg,B1,A2,0.6255
processed_data_cleaned\test\B1\B1.13.VOH-Rad_19_patch_3_2.jpg,B1,A2,0.9882
processed_data_cleaned\test\B1\B1.13.VOH-Rad_19_patch_3_3.jpg,B1,A1,0.9999
processed_data_cleaned\test\B1\B1.13.VOH-Rad_200_patch_0_0.jpg,B1,A2,0.9996
processed_data_cleaned\test\B1\B1.13.VOH-Rad_200_patch_0_1.jpg,B1,A2,0.5132
processed_data_cleaned\test\B1\B1.13.VOH-Rad_200_patch_0_2.jpg,B1,A1,0.9978
processed_data_cleaned\test\B1\B1.13.VOH-Rad_200_patch_0_3.jpg,B1,A1,0.964
processed_data_cleaned\test\B1\B1.13.VOH-Rad_200_patch_0_4.jpg,B1,A1,0.8866
processed_data_cleaned\test\B1\B1.13.VOH-Rad_200_patch_0_5.jpg,B1,A1,0.6357
processed_data_cleaned\test\B1\B1.13.VOH-Rad_200_patch_1_0.jpg,B1,A2,0.999
processed_data_cleaned\test\B1\B1.13.VOH-Rad_200_patch_1_1.jpg,B1,A2,0.9948
processed_data_cleaned\test\B1\B1.13.VOH-Rad_200_patch_1_2.jpg,B1,A2,0.9741
processed_data_cleaned\test\B1\B1.13.VOH-Rad_200_patch_1_3.jpg,B1,A1,1.0
processed_data_cleaned\test\B1\B1.13.VOH-Rad_200_patch_2_0.jpg,B1,A2,0.702
processed_data_cleaned\test\B1\B1.13.VOH-Rad_200_patch_2_1.jpg,B1,A2,0.9164
processed_data_cleaned\test\B1\B1.13.VOH-Rad_200_patch_2_2.jpg,B1,A2,0.8941
processed_data_cleaned\test\B1\B1.13.VOH-Rad_200_patch_2_3.jpg,B1,A1,0.9912
processed_data_cleaned\test\B1\B1.13.VOH-Rad_200_patch_3_0.jpg,B1,A1,0.8193
processed_data_cleaned\test\B1\B1.13.VOH-Rad_200_patch_3_1.jpg,B1,A2,0.6362
processed_data_cleaned\test\B1\B1.13.VOH-Rad_200_patch_3_2.jpg,B1,A2,0.5611
processed_data_cleaned\test\B1\B1.13.VOH-Rad_200_patch_3_3.jpg,B1,A1,1.0
processed_data_cleaned\test\B1\B1.13.VOH-Rad_201_patch_0_0.jpg,B1,A2,0.9978
processed_data_cleaned\test\B1\B1.13.VOH-Rad_201_patch_0_1.jpg,B1,A2,0.9724
processed_data_cleaned\test\B1\B1.13.VOH-Rad_201_patch_0_2.jpg,B1,A2,0.9717
processed_data_cleaned\test\B1\B1.13.VOH-Rad_201_patch_0_3.jpg,B1,A2,0.565
processed_data_cleaned\test\B1\B1.13.VOH-Rad_201_patch_0_4.jpg,B1,A1,0.4986
processed_data_cleaned\test\B1\B1.13.VOH-Rad_201_patch_0_5.jpg,B1,A2,0.9725
processed_data_cleaned\test\B1\B1.13.VOH-Rad_201_patch_1_0.jpg,B1,A1,0.9738
processed_data_cleaned\test\B1\B1.13.VOH-Rad_201_patch_1_1.jpg,B1,A1,0.7921
processed_data_cleaned\test\B1\B1.13.VOH-Rad_201_patch_1_4.jpg,B1,A1,0.996
processed_data_cleaned\test\B1\B1.13.VOH-Rad_201_patch_1_5.jpg,B1,A1,0.999
processed_data_cleaned\test\B1\B1.13.VOH-Rad_201_patch_2_2.jpg,B1,A1,0.8862
processed_data_cleaned\test\B1\B1.13.VOH-Rad_201_patch_3_1.jpg,B1,B2,0.9961
processed_data_cleaned\test\B1\B1.13.VOH-Rad_201_patch_3_3.jpg,B1,A1,0.8553
processed_data_cleaned\test\B1\B1.13.VOH-Rad_201_patch_3_4.jpg,B1,B2,0.9352
processed_data_cleaned\test\B1\B1.13.VOH-Rad_202_patch_0_0.jpg,B1,A2,0.9915
processed_data_cleaned\test\B1\B1.13.VOH-Rad_202_patch_0_1.jpg,B1,A2,0.9516
processed_data_cleaned\test\B1\B1.13.VOH-Rad_202_patch_0_2.jpg,B1,A2,0.9884
processed_data_cleaned\test\B1\B1.13.VOH-Rad_202_patch_0_3.jpg,B1,A2,0.9555
processed_data_cleaned\test\B1\B1.13.VOH-Rad_202_patch_0_4.jpg,B1,A2,0.8992
processed_data_cleaned\test\B1\B1.13.VOH-Rad_202_patch_0_5.jpg,B1,A2,0.9515
processed_data_cleaned\test\B1\B1.13.VOH-Rad_202_patch_1_0.jpg,B1,A1,0.9884
processed_data_cleaned\test\B1\B1.13.VOH-Rad_202_patch_1_4.jpg,B1,A1,0.9509
processed_data_cleaned\test\B1\B1.13.VOH-Rad_202_patch_1_5.jpg,B1,A1,0.9957
processed_data_cleaned\test\B1\B1.13.VOH-Rad_202_patch_2_3.jpg,B1,A1,0.6862
processed_data_cleaned\test\B1\B1.13.VOH-Rad_202_patch_3_1.jpg,B1,A1,0.4849
processed_data_cleaned\test\B1\B1.13.VOH-Rad_202_patch_3_2.jpg,B1,B2,0.48
processed_data_cleaned\test\B1\B1.13.VOH-Rad_202_patch_3_4.jpg,B1,B2,0.7875
processed_data_cleaned\test\B1\B1.13.VOH-Rad_203_patch_0_0.jpg,B1,A2,0.9978
processed_data_cleaned\test\B1\B1.13.VOH-Rad_203_patch_0_1.jpg,B1,A2,0.9975
processed_data_cleaned\test\B1\B1.13.VOH-Rad_203_patch_0_2.jpg,B1,A2,0.9918
processed_data_cleaned\test\B1\B1.13.VOH-Rad_203_patch_0_3.jpg,B1,A1,0.6801
processed_data_cleaned\test\B1\B1.13.VOH-Rad_203_patch_0_4.jpg,B1,A2,0.9863
processed_data_cleaned\test\B1\B1.13.VOH-Rad_203_patch_0_5.jpg,B1,A2,0.9697
processed_data_cleaned\test\B1\B1.13.VOH-Rad_203_patch_1_0.jpg,B1,A2,0.9904
processed_data_cleaned\test\B1\B1.13.VOH-Rad_203_patch_1_1.jpg,B1,A2,0.7985
processed_data_cleaned\test\B1\B1.13.VOH-Rad_203_patch_1_2.jpg,B1,A2,0.8312
processed_data_cleaned\test\B1\B1.13.VOH-Rad_203_patch_1_3.jpg,B1,A1,0.8883
processed_data_cleaned\test\B1\B1.13.VOH-Rad_203_patch_1_4.jpg,B1,A1,0.8821
processed_data_cleaned\test\B1\B1.13.VOH-Rad_203_patch_1_5.jpg,B1,A2,0.88
processed_data_cleaned\test\B1\B1.13.VOH-Rad_203_patch_2_0.jpg,B1,A1,0.8256
processed_data_cleaned\test\B1\B1.13.VOH-Rad_203_patch_2_4.jpg,B1,A1,0.9492
processed_data_cleaned\test\B1\B1.13.VOH-Rad_203_patch_2_5.jpg,B1,A1,0.9571
processed_data_cleaned\test\B1\B1.13.VOH-Rad_203_patch_3_1.jpg,B1,A1,0.8824
processed_data_cleaned\test\B1\B1.13.VOH-Rad_203_patch_3_2.jpg,B1,A1,0.9917
processed_data_cleaned\test\B1\B1.13.VOH-Rad_204_patch_0_2.jpg,B1,A1,0.9023
processed_data_cleaned\test\B1\B1.13.VOH-Rad_204_patch_0_3.jpg,B1,A2,0.9744
processed_data_cleaned\test\B1\B1.13.VOH-Rad_204_patch_0_4.jpg,B1,A2,0.9845
processed_data_cleaned\test\B1\B1.13.VOH-Rad_204_patch_0_5.jpg,B1,A2,0.9064
processed_data_cleaned\test\B1\B1.13.VOH-Rad_204_patch_1_2.jpg,B1,A1,0.9973
processed_data_cleaned\test\B1\B1.13.VOH-Rad_204_patch_1_3.jpg,B1,A2,0.8754
processed_data_cleaned\test\B1\B1.13.VOH-Rad_204_patch_1_4.jpg,B1,A2,0.9749
processed_data_cleaned\test\B1\B1.13.VOH-Rad_204_patch_1_5.jpg,B1,A1,0.9805
processed_data_cleaned\test\B1\B1.13.VOH-Rad_204_patch_2_2.jpg,B1,A1,0.9999
processed_data_cleaned\test\B1\B1.13.VOH-Rad_204_patch_2_3.jpg,B1,A1,0.7703
processed_data_cleaned\test\B1\B1.13.VOH-Rad_204_patch_2_4.jpg,B1,A2,0.5808
processed_data_cleaned\test\B1\B1.13.VOH-Rad_204_patch_2_5.jpg,B1,A1,0.991
processed_data_cleaned\test\B1\B1.13.VOH-Rad_204_patch_3_2.jpg,B1,A1,0.9993
processed_data_cleaned\test\B1\B1.13.VOH-Rad_204_patch_3_5.jpg,B1,A1,0.7761
processed_data_cleaned\test\B1\B1.13.VOH-Rad_205_patch_0_2.jpg,B1,A2,0.9882
processed_data_cleaned\test\B1\B1.13.VOH-Rad_205_patch_0_3.jpg,B1,A2,0.9981
processed_data_cleaned\test\B1\B1.13.VOH-Rad_205_patch_1_2.jpg,B1,A1,0.6622
processed_data_cleaned\test\B1\B1.13.VOH-Rad_205_patch_1_3.jpg,B1,A1,0.7391
processed_data_cleaned\test\B1\B1.13.VOH-Rad_205_patch_1_4.jpg,B1,A1,0.9983
processed_data_cleaned\test\B1\B1.13.VOH-Rad_205_patch_2_0.jpg,B1,A2,0.99
processed_data_cleaned\test\B1\B1.13.VOH-Rad_205_patch_2_2.jpg,B1,B2,0.7004
processed_data_cleaned\test\B1\B1.13.VOH-Rad_205_patch_2_3.jpg,B1,A1,0.6429
processed_data_cleaned\test\B1\B1.13.VOH-Rad_205_patch_2_4.jpg,B1,A1,0.9997
processed_data_cleaned\test\B1\B1.13.VOH-Rad_205_patch_2_5.jpg,B1,B2,0.7582
processed_data_cleaned\test\B1\B1.13.VOH-Rad_205_patch_3_0.jpg,B1,A2,0.9263
processed_data_cleaned\test\B1\B1.13.VOH-Rad_205_patch_3_2.jpg,B1,B2,0.5092
processed_data_cleaned\test\B1\B1.13.VOH-Rad_205_patch_3_3.jpg,B1,B2,0.4392
processed_data_cleaned\test\B1\B1.13.VOH-Rad_205_patch_3_4.jpg,B1,A1,1.0
processed_data_cleaned\test\B1\B1.13.VOH-Rad_205_patch_3_5.jpg,B1,B2,0.5938
processed_data_cleaned\test\B1\B1.13.VOH-Rad_206_patch_0_2.jpg,B1,A2,0.9992
processed_data_cleaned\test\B1\B1.13.VOH-Rad_206_patch_0_3.jpg,B1,A2,0.5331
processed_data_cleaned\test\B1\B1.13.VOH-Rad_206_patch_1_2.jpg,B1,A1,0.8023
processed_data_cleaned\test\B1\B1.13.VOH-Rad_206_patch_1_3.jpg,B1,A1,0.7997
processed_data_cleaned\test\B1\B1.13.VOH-Rad_206_patch_1_4.jpg,B1,A1,0.9952
processed_data_cleaned\test\B1\B1.13.VOH-Rad_206_patch_2_0.jpg,B1,A2,0.8217
processed_data_cleaned\test\B1\B1.13.VOH-Rad_206_patch_2_1.jpg,B1,A1,0.7285
processed_data_cleaned\test\B1\B1.13.VOH-Rad_206_patch_2_2.jpg,B1,A2,0.6213
processed_data_cleaned\test\B1\B1.13.VOH-Rad_206_patch_2_3.jpg,B1,A2,0.6344
processed_data_cleaned\test\B1\B1.13.VOH-Rad_206_patch_2_4.jpg,B1,A1,0.9999
processed_data_cleaned\test\B1\B1.13.VOH-Rad_206_patch_2_5.jpg,B1,B2,0.7622
processed_data_cleaned\test\B1\B1.13.VOH-Rad_206_patch_3_0.jpg,B1,A1,0.9502
processed_data_cleaned\test\B1\B1.13.VOH-Rad_206_patch_3_2.jpg,B1,A2,0.4334
processed_data_cleaned\test\B1\B1.13.VOH-Rad_206_patch_3_3.jpg,B1,A1,0.8113
processed_data_cleaned\test\B1\B1.13.VOH-Rad_206_patch_3_4.jpg,B1,A1,0.9999
processed_data_cleaned\test\B1\B1.13.VOH-Rad_207_patch_0_0.jpg,B1,A1,1.0
processed_data_cleaned\test\B1\B1.13.VOH-Rad_207_patch_0_4.jpg,B1,A1,0.5692
processed_data_cleaned\test\B1\B1.13.VOH-Rad_207_patch_0_5.jpg,B1,A1,0.9771
processed_data_cleaned\test\B1\B1.13.VOH-Rad_207_patch_1_1.jpg,B1,B2,0.8441
processed_data_cleaned\test\B1\B1.13.VOH-Rad_207_patch_1_2.jpg,B1,B2,0.8386
processed_data_cleaned\test\B1\B1.13.VOH-Rad_207_patch_1_3.jpg,B1,B2,0.7955
processed_data_cleaned\test\B1\B1.13.VOH-Rad_207_patch_1_4.jpg,B1,B2,0.9842
processed_data_cleaned\test\B1\B1.13.VOH-Rad_207_patch_2_0.jpg,B1,A2,0.5856
processed_data_cleaned\test\B1\B1.13.VOH-Rad_207_patch_2_2.jpg,B1,B2,0.9896
processed_data_cleaned\test\B1\B1.13.VOH-Rad_207_patch_2_3.jpg,B1,B2,0.8143
processed_data_cleaned\test\B1\B1.13.VOH-Rad_207_patch_2_4.jpg,B1,A1,0.8376
processed_data_cleaned\test\B1\B1.13.VOH-Rad_207_patch_2_5.jpg,B1,A1,0.5384
processed_data_cleaned\test\B1\B1.13.VOH-Rad_207_patch_3_1.jpg,B1,A1,0.8972
processed_data_cleaned\test\B1\B1.13.VOH-Rad_207_patch_3_2.jpg,B1,A2,0.6906
processed_data_cleaned\test\B1\B1.13.VOH-Rad_207_patch_3_3.jpg,B1,A1,0.8374
processed_data_cleaned\test\B1\B1.13.VOH-Rad_207_patch_3_5.jpg,B1,A1,0.5362
processed_data_cleaned\test\B1\B1.13.VOH-Rad_208_patch_0_0.jpg,B1,A2,0.8367
processed_data_cleaned\test\B1\B1.13.VOH-Rad_208_patch_0_2.jpg,B1,A1,0.9286
processed_data_cleaned\test\B1\B1.13.VOH-Rad_208_patch_0_3.jpg,B1,A2,0.9161
processed_data_cleaned\test\B1\B1.13.VOH-Rad_208_patch_0_4.jpg,B1,A1,0.5879
processed_data_cleaned\test\B1\B1.13.VOH-Rad_208_patch_1_0.jpg,B1,A2,0.9567
processed_data_cleaned\test\B1\B1.13.VOH-Rad_208_patch_1_1.jpg,B1,A1,0.9745
processed_data_cleaned\test\B1\B1.13.VOH-Rad_208_patch_1_2.jpg,B1,A1,0.4713
processed_data_cleaned\test\B1\B1.13.VOH-Rad_208_patch_1_3.jpg,B1,A2,0.9865
processed_data_cleaned\test\B1\B1.13.VOH-Rad_208_patch_1_4.jpg,B1,A2,0.7489
processed_data_cleaned\test\B1\B1.13.VOH-Rad_208_patch_1_5.jpg,B1,A1,0.9995
processed_data_cleaned\test\B1\B1.13.VOH-Rad_208_patch_2_1.jpg,B1,A1,0.7817
processed_data_cleaned\test\B1\B1.13.VOH-Rad_208_patch_2_3.jpg,B1,A2,0.5774
processed_data_cleaned\test\B1\B1.13.VOH-Rad_208_patch_2_4.jpg,B1,A2,0.5708
processed_data_cleaned\test\B1\B1.13.VOH-Rad_208_patch_2_5.jpg,B1,A1,1.0
processed_data_cleaned\test\B1\B1.13.VOH-Rad_208_patch_3_0.jpg,B1,A2,0.9052
processed_data_cleaned\test\B1\B1.13.VOH-Rad_208_patch_3_2.jpg,B1,A1,0.9888
processed_data_cleaned\test\B1\B1.13.VOH-Rad_208_patch_3_3.jpg,B1,A2,0.92
processed_data_cleaned\test\B1\B1.13.VOH-Rad_208_patch_3_4.jpg,B1,A1,0.8006
processed_data_cleaned\test\B1\B1.13.VOH-Rad_208_patch_3_5.jpg,B1,A1,1.0
processed_data_cleaned\test\B1\B1.13.VOH-Rad_20_patch_0_0.jpg,B1,A2,0.8287
processed_data_cleaned\test\B1\B1.13.VOH-Rad_20_patch_0_1.jpg,B1,A2,0.8413
processed_data_cleaned\test\B1\B1.13.VOH-Rad_20_patch_0_2.jpg,B1,A2,0.6718
processed_data_cleaned\test\B1\B1.13.VOH-Rad_20_patch_0_3.jpg,B1,A1,1.0
processed_data_cleaned\test\B1\B1.13.VOH-Rad_20_patch_1_0.jpg,B1,A2,0.5491
processed_data_cleaned\test\B1\B1.13.VOH-Rad_20_patch_1_1.jpg,B1,A1,0.6243
processed_data_cleaned\test\B1\B1.13.VOH-Rad_20_patch_1_2.jpg,B1,A2,0.8631
processed_data_cleaned\test\B1\B1.13.VOH-Rad_20_patch_1_3.jpg,B1,A1,0.9953
processed_data_cleaned\test\B1\B1.13.VOH-Rad_20_patch_1_4.jpg,B1,A1,0.6029
processed_data_cleaned\test\B1\B1.13.VOH-Rad_20_patch_2_0.jpg,B1,A2,0.55
processed_data_cleaned\test\B1\B1.13.VOH-Rad_20_patch_2_1.jpg,B1,A1,0.9915
processed_data_cleaned\test\B1\B1.13.VOH-Rad_20_patch_2_2.jpg,B1,A2,0.8953
processed_data_cleaned\test\B1\B1.13.VOH-Rad_20_patch_2_3.jpg,B1,A1,1.0
processed_data_cleaned\test\B1\B1.13.VOH-Rad_20_patch_2_5.jpg,B1,B2,0.3986
processed_data_cleaned\test\B1\B1.13.VOH-Rad_20_patch_3_0.jpg,B1,A2,0.839
processed_data_cleaned\test\B1\B1.13.VOH-Rad_20_patch_3_1.jpg,B1,A1,0.8053
processed_data_cleaned\test\B1\B1.13.VOH-Rad_20_patch_3_2.jpg,B1,A2,0.9309
processed_data_cleaned\test\B1\B1.13.VOH-Rad_20_patch_3_3.jpg,B1,A1,0.9998
processed_data_cleaned\test\B1\B1.13.VOH-Rad_21_patch_0_0.jpg,B1,A2,0.8373
processed_data_cleaned\test\B1\B1.13.VOH-Rad_21_patch_0_1.jpg,B1,A2,0.7766
processed_data_cleaned\test\B1\B1.13.VOH-Rad_21_patch_0_2.jpg,B1,A2,0.9514
processed_data_cleaned\test\B1\B1.13.VOH-Rad_21_patch_0_3.jpg,B1,A1,1.0
processed_data_cleaned\test\B1\B1.13.VOH-Rad_21_patch_1_0.jpg,B1,A2,0.9855
processed_data_cleaned\test\B1\B1.13.VOH-Rad_21_patch_1_1.jpg,B1,A1,0.6261
processed_data_cleaned\test\B1\B1.13.VOH-Rad_21_patch_1_2.jpg,B1,A2,0.692
processed_data_cleaned\test\B1\B1.13.VOH-Rad_21_patch_1_3.jpg,B1,A1,0.9998
processed_data_cleaned\test\B1\B1.13.VOH-Rad_21_patch_1_4.jpg,B1,B2,0.9668
processed_data_cleaned\test\B1\B1.13.VOH-Rad_21_patch_2_0.jpg,B1,A2,0.5102
processed_data_cleaned\test\B1\B1.13.VOH-Rad_21_patch_2_1.jpg,B1,A1,0.6078
processed_data_cleaned\test\B1\B1.13.VOH-Rad_21_patch_2_2.jpg,B1,A2,0.9782
processed_data_cleaned\test\B1\B1.13.VOH-Rad_21_patch_2_3.jpg,B1,A1,1.0
processed_data_cleaned\test\B1\B1.13.VOH-Rad_21_patch_2_4.jpg,B1,B2,0.9824
processed_data_cleaned\test\B1\B1.13.VOH-Rad_21_patch_2_5.jpg,B1,B2,0.7478
processed_data_cleaned\test\B1\B1.13.VOH-Rad_21_patch_3_0.jpg,B1,A2,0.6125
processed_data_cleaned\test\B1\B1.13.VOH-Rad_21_patch_3_1.jpg,B1,A2,0.7845
processed_data_cleaned\test\B1\B1.13.VOH-Rad_21_patch_3_2.jpg,B1,A2,0.655
processed_data_cleaned\test\B1\B1.13.VOH-Rad_21_patch_3_3.jpg,B1,A1,0.9987
processed_data_cleaned\test\B1\B1.13.VOH-Rad_22_patch_0_0.jpg,B1,A2,0.724
processed_data_cleaned\test\B1\B1.13.VOH-Rad_22_patch_1_0.jpg,B1,A2,0.9999
processed_data_cleaned\test\B1\B1.13.VOH-Rad_22_patch_1_1.jpg,B1,A2,0.692
processed_data_cleaned\test\B1\B1.13.VOH-Rad_22_patch_1_2.jpg,B1,A1,0.9964
processed_data_cleaned\test\B1\B1.13.VOH-Rad_22_patch_1_3.jpg,B1,A1,0.9997
processed_data_cleaned\test\B1\B1.13.VOH-Rad_22_patch_1_4.jpg,B1,B2,0.6788
processed_data_cleaned\test\B1\B1.13.VOH-Rad_22_patch_2_0.jpg,B1,A1,0.7249
processed_data_cleaned\test\B1\B1.13.VOH-Rad_22_patch_2_1.jpg,B1,A1,0.5147
processed_data_cleaned\test\B1\B1.13.VOH-Rad_22_patch_2_2.jpg,B1,A1,0.9326
processed_data_cleaned\test\B1\B1.13.VOH-Rad_22_patch_2_3.jpg,B1,A1,0.9851
processed_data_cleaned\test\B1\B1.13.VOH-Rad_22_patch_3_0.jpg,B1,A2,0.626
processed_data_cleaned\test\B1\B1.13.VOH-Rad_22_patch_3_1.jpg,B1,A1,0.9136
processed_data_cleaned\test\B1\B1.13.VOH-Rad_22_patch_3_2.jpg,B1,A1,0.8808
processed_data_cleaned\test\B1\B1.13.VOH-Rad_22_patch_3_3.jpg,B1,A1,0.9999
processed_data_cleaned\test\B1\B1.13.VOH-Rad_23_patch_0_0.jpg,B1,A2,0.9987
processed_data_cleaned\test\B1\B1.13.VOH-Rad_23_patch_0_1.jpg,B1,A1,0.9923
processed_data_cleaned\test\B1\B1.13.VOH-Rad_23_patch_0_2.jpg,B1,A1,0.9999
processed_data_cleaned\test\B1\B1.13.VOH-Rad_23_patch_0_3.jpg,B1,A1,0.9642
processed_data_cleaned\test\B1\B1.13.VOH-Rad_23_patch_1_0.jpg,B1,A2,0.9659
processed_data_cleaned\test\B1\B1.13.VOH-Rad_23_patch_1_1.jpg,B1,A2,0.735
processed_data_cleaned\test\B1\B1.13.VOH-Rad_23_patch_1_2.jpg,B1,A2,0.8081
processed_data_cleaned\test\B1\B1.13.VOH-Rad_23_patch_1_3.jpg,B1,A1,1.0
processed_data_cleaned\test\B1\B1.13.VOH-Rad_23_patch_2_0.jpg,B1,A2,0.8657
processed_data_cleaned\test\B1\B1.13.VOH-Rad_23_patch_2_1.jpg,B1,A2,0.5182
processed_data_cleaned\test\B1\B1.13.VOH-Rad_23_patch_2_2.jpg,B1,A1,0.9664
processed_data_cleaned\test\B1\B1.13.VOH-Rad_23_patch_3_0.jpg,B1,A2,0.5665
processed_data_cleaned\test\B1\B1.13.VOH-Rad_23_patch_3_1.jpg,B1,A2,0.7809
processed_data_cleaned\test\B1\B1.13.VOH-Rad_23_patch_3_2.jpg,B1,A1,1.0
processed_data_cleaned\test\B1\B1.13.VOH-Rad_24_patch_0_0.jpg,B1,A2,0.9758
processed_data_cleaned\test\B1\B1.13.VOH-Rad_24_patch_0_1.jpg,B1,A2,0.5417
processed_data_cleaned\test\B1\B1.13.VOH-Rad_24_patch_0_2.jpg,B1,A1,0.9999
processed_data_cleaned\test\B1\B1.13.VOH-Rad_24_patch_1_0.jpg,B1,A2,0.7195
processed_data_cleaned\test\B1\B1.13.VOH-Rad_24_patch_1_1.jpg,B1,A2,0.9281
processed_data_cleaned\test\B1\B1.13.VOH-Rad_24_patch_1_2.jpg,B1,A1,0.9999
processed_data_cleaned\test\B1\B1.13.VOH-Rad_24_patch_2_0.jpg,B1,A2,0.5381
processed_data_cleaned\test\B1\B1.13.VOH-Rad_24_patch_2_1.jpg,B1,A2,0.5415
processed_data_cleaned\test\B1\B1.13.VOH-Rad_24_patch_2_2.jpg,B1,A1,0.9998
processed_data_cleaned\test\B1\B1.13.VOH-Rad_24_patch_3_0.jpg,B1,A1,0.8045
processed_data_cleaned\test\B1\B1.13.VOH-Rad_24_patch_3_1.jpg,B1,A2,0.5525
processed_data_cleaned\test\B1\B1.13.VOH-Rad_24_patch_3_3.jpg,B1,B2,0.8763
processed_data_cleaned\test\B1\B1.13.VOH-Rad_25_patch_0_0.jpg,B1,A2,0.956
processed_data_cleaned\test\B1\B1.13.VOH-Rad_25_patch_0_1.jpg,B1,A2,0.6934
processed_data_cleaned\test\B1\B1.13.VOH-Rad_25_patch_0_2.jpg,B1,A1,1.0
processed_data_cleaned\test\B1\B1.13.VOH-Rad_25_patch_0_3.jpg,B1,A2,0.6512
processed_data_cleaned\test\B1\B1.13.VOH-Rad_25_patch_1_0.jpg,B1,A2,0.8357
processed_data_cleaned\test\B1\B1.13.VOH-Rad_25_patch_1_1.jpg,B1,A2,0.6706
processed_data_cleaned\test\B1\B1.13.VOH-Rad_25_patch_1_2.jpg,B1,A1,1.0
processed_data_cleaned\test\B1\B1.13.VOH-Rad_25_patch_2_0.jpg,B1,A2,0.7677
processed_data_cleaned\test\B1\B1.13.VOH-Rad_25_patch_2_1.jpg,B1,A2,0.7997
processed_data_cleaned\test\B1\B1.13.VOH-Rad_25_patch_2_2.jpg,B1,A1,0.9999
processed_data_cleaned\test\B1\B1.13.VOH-Rad_25_patch_2_4.jpg,B1,B2,0.7247
processed_data_cleaned\test\B1\B1.13.VOH-Rad_25_patch_3_0.jpg,B1,A1,0.6582
processed_data_cleaned\test\B1\B1.13.VOH-Rad_25_patch_3_1.jpg,B1,B2,0.4819
processed_data_cleaned\test\B1\B1.13.VOH-Rad_26_patch_0_2.jpg,B1,A2,0.782
processed_data_cleaned\test\B1\B1.13.VOH-Rad_26_patch_0_3.jpg,B1,A2,0.9003
processed_data_cleaned\test\B1\B1.13.VOH-Rad_26_patch_0_4.jpg,B1,A1,0.9999
processed_data_cleaned\test\B1\B1.13.VOH-Rad_26_patch_0_5.jpg,B1,B2,0.914
processed_data_cleaned\test\B1\B1.13.VOH-Rad_26_patch_1_1.jpg,B1,A1,0.9875
processed_data_cleaned\test\B1\B1.13.VOH-Rad_26_patch_1_2.jpg,B1,A1,0.9896
processed_data_cleaned\test\B1\B1.13.VOH-Rad_26_patch_1_3.jpg,B1,B2,0.6026
processed_data_cleaned\test\B1\B1.13.VOH-Rad_26_patch_1_4.jpg,B1,A1,0.9803
processed_data_cleaned\test\B1\B1.13.VOH-Rad_26_patch_2_0.jpg,B1,A1,0.9183
processed_data_cleaned\test\B1\B1.13.VOH-Rad_26_patch_2_2.jpg,B1,A1,0.6458
processed_data_cleaned\test\B1\B1.13.VOH-Rad_26_patch_2_3.jpg,B1,A1,0.4265
processed_data_cleaned\test\B1\B1.13.VOH-Rad_26_patch_3_0.jpg,B1,A1,0.8506
processed_data_cleaned\test\B1\B1.13.VOH-Rad_26_patch_3_2.jpg,B1,B2,0.6236
processed_data_cleaned\test\B1\B1.13.VOH-Rad_26_patch_3_3.jpg,B1,B2,0.8986
processed_data_cleaned\test\B1\B1.13.VOH-Rad_27_patch_0_3.jpg,B1,B2,0.88
processed_data_cleaned\test\B1\B1.13.VOH-Rad_28_patch_2_1.jpg,B1,A1,0.8828
processed_data_cleaned\test\B1\B1.13.VOH-Rad_28_patch_2_3.jpg,B1,B2,0.4874
processed_data_cleaned\test\B1\B1.13.VOH-Rad_28_patch_3_1.jpg,B1,A1,0.907
processed_data_cleaned\test\B1\B1.13.VOH-Rad_29_patch_0_3.jpg,B1,B2,0.9448
processed_data_cleaned\test\B1\B1.13.VOH-Rad_29_patch_0_5.jpg,B1,B2,0.8509
processed_data_cleaned\test\B1\B1.13.VOH-Rad_29_patch_1_4.jpg,B1,A2,0.658
processed_data_cleaned\test\B1\B1.13.VOH-Rad_30_patch_0_4.jpg,B1,A2,0.9075
processed_data_cleaned\test\B1\B1.13.VOH-Rad_30_patch_2_1.jpg,B1,A1,0.5789
processed_data_cleaned\test\B1\B1.13.VOH-Rad_31_patch_0_1.jpg,B1,A1,0.988
processed_data_cleaned\test\B1\B1.13.VOH-Rad_31_patch_0_2.jpg,B1,A1,0.6068
processed_data_cleaned\test\B1\B1.13.VOH-Rad_31_patch_0_3.jpg,B1,A2,0.5947
processed_data_cleaned\test\B1\B1.13.VOH-Rad_31_patch_0_4.jpg,B1,A2,0.6443
processed_data_cleaned\test\B1\B1.13.VOH-Rad_31_patch_0_5.jpg,B1,A2,0.8265
processed_data_cleaned\test\B1\B1.13.VOH-Rad_31_patch_1_1.jpg,B1,A1,0.9955
processed_data_cleaned\test\B1\B1.13.VOH-Rad_31_patch_1_2.jpg,B1,A1,0.9522
processed_data_cleaned\test\B1\B1.13.VOH-Rad_31_patch_1_3.jpg,B1,A1,0.9755
processed_data_cleaned\test\B1\B1.13.VOH-Rad_31_patch_1_4.jpg,B1,A2,0.8487
processed_data_cleaned\test\B1\B1.13.VOH-Rad_31_patch_1_5.jpg,B1,A1,0.7236
processed_data_cleaned\test\B1\B1.13.VOH-Rad_31_patch_2_0.jpg,B1,A1,0.995
processed_data_cleaned\test\B1\B1.13.VOH-Rad_31_patch_2_1.jpg,B1,A1,0.9994
processed_data_cleaned\test\B1\B1.13.VOH-Rad_31_patch_2_2.jpg,B1,A1,0.9996
processed_data_cleaned\test\B1\B1.13.VOH-Rad_31_patch_2_3.jpg,B1,A1,1.0
processed_data_cleaned\test\B1\B1.13.VOH-Rad_31_patch_2_4.jpg,B1,A1,0.9999
processed_data_cleaned\test\B1\B1.13.VOH-Rad_31_patch_2_5.jpg,B1,A1,0.997
processed_data_cleaned\test\B1\B1.13.VOH-Rad_31_patch_3_0.jpg,B1,A1,0.9989
processed_data_cleaned\test\B1\B1.13.VOH-Rad_31_patch_3_1.jpg,B1,A1,0.9999
processed_data_cleaned\test\B1\B1.13.VOH-Rad_31_patch_3_2.jpg,B1,A1,0.9991
processed_data_cleaned\test\B1\B1.13.VOH-Rad_31_patch_3_3.jpg,B1,A1,1.0
processed_data_cleaned\test\B1\B1.13.VOH-Rad_31_patch_3_4.jpg,B1,A1,0.9994
processed_data_cleaned\test\B1\B1.13.VOH-Rad_31_patch_3_5.jpg,B1,A1,0.7381
processed_data_cleaned\test\B1\B1.13.VOH-Rad_32_patch_0_1.jpg,B1,A1,0.9674
processed_data_cleaned\test\B1\B1.13.VOH-Rad_32_patch_2_2.jpg,B1,A1,0.9989
processed_data_cleaned\test\B1\B1.13.VOH-Rad_32_patch_3_0.jpg,B1,A1,0.4698
processed_data_cleaned\test\B1\B1.13.VOH-Rad_32_patch_3_1.jpg,B1,A1,0.6497
processed_data_cleaned\test\B1\B1.13.VOH-Rad_32_patch_3_3.jpg,B1,A1,0.7098
processed_data_cleaned\test\B1\B1.13.VOH-Rad_32_patch_3_5.jpg,B1,A1,0.9325
processed_data_cleaned\test\B1\B1.13.VOH-Rad_33_patch_0_5.jpg,B1,A1,0.9381
processed_data_cleaned\test\B1\B1.13.VOH-Rad_33_patch_1_5.jpg,B1,A1,0.6571
processed_data_cleaned\test\B1\B1.13.VOH-Rad_33_patch_2_5.jpg,B1,A1,0.7536
processed_data_cleaned\test\B1\B1.13.VOH-Rad_33_patch_3_5.jpg,B1,A1,0.8344
processed_data_cleaned\test\B1\B1.13.VOH-Rad_34_patch_0_5.jpg,B1,A1,0.9924
processed_data_cleaned\test\B1\B1.13.VOH-Rad_34_patch_1_4.jpg,B1,A1,0.9344
processed_data_cleaned\test\B1\B1.13.VOH-Rad_34_patch_1_5.jpg,B1,A1,0.971
processed_data_cleaned\test\B1\B1.13.VOH-Rad_34_patch_2_4.jpg,B1,A1,0.9808
processed_data_cleaned\test\B1\B1.13.VOH-Rad_34_patch_2_5.jpg,B1,A1,0.8096
processed_data_cleaned\test\B1\B1.13.VOH-Rad_34_patch_3_4.jpg,B1,A1,0.6674
processed_data_cleaned\test\B1\B1.13.VOH-Rad_34_patch_3_5.jpg,B1,A1,0.511
processed_data_cleaned\test\B1\B1.13.VOH-Rad_35_patch_0_5.jpg,B1,A1,0.9328
processed_data_cleaned\test\B1\B1.13.VOH-Rad_35_patch_1_5.jpg,B1,A1,0.6003
processed_data_cleaned\test\B1\B1.13.VOH-Rad_35_patch_2_5.jpg,B1,A1,0.9826
processed_data_cleaned\test\B1\B1.13.VOH-Rad_35_patch_3_5.jpg,B1,A2,0.9
processed_data_cleaned\test\B1\B1.13.VOH-Rad_36_patch_2_5.jpg,B1,A1,0.5354
processed_data_cleaned\test\B1\B1.13.VOH-Rad_36_patch_3_0.jpg,B1,A1,0.8951
processed_data_cleaned\test\B1\B1.13.VOH-Rad_36_patch_3_1.jpg,B1,A1,0.8842
processed_data_cleaned\test\B1\B1.13.VOH-Rad_36_patch_3_5.jpg,B1,A1,0.9122
processed_data_cleaned\test\B1\B1.13.VOH-Rad_37_patch_0_4.jpg,B1,A2,0.9143
processed_data_cleaned\test\B1\B1.13.VOH-Rad_37_patch_0_5.jpg,B1,A1,0.6513
processed_data_cleaned\test\B1\B1.13.VOH-Rad_37_patch_2_5.jpg,B1,A1,0.773
processed_data_cleaned\test\B1\B1.13.VOH-Rad_37_patch_3_1.jpg,B1,A1,0.9231
processed_data_cleaned\test\B1\B1.13.VOH-Rad_37_patch_3_5.jpg,B1,A1,0.6605
processed_data_cleaned\test\B1\B1.13.VOH-Rad_38_patch_0_4.jpg,B1,A2,0.9725
processed_data_cleaned\test\B1\B1.13.VOH-Rad_38_patch_0_5.jpg,B1,A2,0.8971
processed_data_cleaned\test\B1\B1.13.VOH-Rad_38_patch_1_5.jpg,B1,A2,0.7012
processed_data_cleaned\test\B1\B1.13.VOH-Rad_38_patch_2_5.jpg,B1,A1,0.9758
processed_data_cleaned\test\B1\B1.13.VOH-Rad_38_patch_3_0.jpg,B1,A1,0.9538
processed_data_cleaned\test\B1\B1.13.VOH-Rad_38_patch_3_1.jpg,B1,A1,0.9287
processed_data_cleaned\test\B1\B1.13.VOH-Rad_38_patch_3_5.jpg,B1,A1,0.5296
processed_data_cleaned\test\B1\B1.13.VOH-Rad_39_patch_1_5.jpg,B1,A1,0.9865
processed_data_cleaned\test\B1\B1.13.VOH-Rad_39_patch_2_3.jpg,B1,A1,0.8108
processed_data_cleaned\test\B1\B1.13.VOH-Rad_39_patch_2_4.jpg,B1,A2,0.9509
processed_data_cleaned\test\B1\B1.13.VOH-Rad_39_patch_2_5.jpg,B1,A2,0.6091
processed_data_cleaned\test\B1\B1.13.VOH-Rad_39_patch_3_3.jpg,B1,A1,0.817
processed_data_cleaned\test\B1\B1.13.VOH-Rad_39_patch_3_4.jpg,B1,A2,0.891
processed_data_cleaned\test\B1\B1.13.VOH-Rad_39_patch_3_5.jpg,B1,A2,0.9986
processed_data_cleaned\test\B1\B1.13.VOH-Rad_40_patch_1_5.jpg,B1,A2,0.5134
processed_data_cleaned\test\B1\B1.13.VOH-Rad_40_patch_2_4.jpg,B1,A1,0.9057
processed_data_cleaned\test\B1\B1.13.VOH-Rad_40_patch_2_5.jpg,B1,A2,0.7993
processed_data_cleaned\test\B1\B1.13.VOH-Rad_40_patch_3_0.jpg,B1,A1,0.8146
processed_data_cleaned\test\B1\B1.13.VOH-Rad_40_patch_3_5.jpg,B1,A2,0.9996
processed_data_cleaned\test\B1\B1.13.VOH-Rad_41_patch_0_5.jpg,B1,A2,0.9158
processed_data_cleaned\test\B1\B1.13.VOH-Rad_41_patch_1_2.jpg,B1,A2,0.6921
processed_data_cleaned\test\B1\B1.13.VOH-Rad_41_patch_1_5.jpg,B1,A2,0.97
processed_data_cleaned\test\B1\B1.13.VOH-Rad_41_patch_2_0.jpg,B1,B2,0.9473
processed_data_cleaned\test\B1\B1.13.VOH-Rad_41_patch_2_5.jpg,B1,A1,0.976
processed_data_cleaned\test\B1\B1.13.VOH-Rad_42_patch_0_4.jpg,B1,A1,0.5448
processed_data_cleaned\test\B1\B1.13.VOH-Rad_42_patch_0_5.jpg,B1,A2,0.9536
processed_data_cleaned\test\B1\B1.13.VOH-Rad_42_patch_1_4.jpg,B1,A1,0.9723
processed_data_cleaned\test\B1\B1.13.VOH-Rad_42_patch_1_5.jpg,B1,A1,0.6628
processed_data_cleaned\test\B1\B1.13.VOH-Rad_42_patch_2_3.jpg,B1,A1,0.8735
processed_data_cleaned\test\B1\B1.13.VOH-Rad_42_patch_2_4.jpg,B1,A1,0.9957
processed_data_cleaned\test\B1\B1.13.VOH-Rad_42_patch_2_5.jpg,B1,A1,0.9123
processed_data_cleaned\test\B1\B1.13.VOH-Rad_42_patch_3_1.jpg,B1,A1,0.516
processed_data_cleaned\test\B1\B1.13.VOH-Rad_42_patch_3_5.jpg,B1,A1,0.9983
processed_data_cleaned\test\B1\B1.13.VOH-Rad_43_patch_0_4.jpg,B1,A1,0.6192
processed_data_cleaned\test\B1\B1.13.VOH-Rad_43_patch_0_5.jpg,B1,A2,0.9082
processed_data_cleaned\test\B1\B1.13.VOH-Rad_43_patch_1_2.jpg,B1,A2,0.9223
processed_data_cleaned\test\B1\B1.13.VOH-Rad_43_patch_1_4.jpg,B1,A1,0.9888
processed_data_cleaned\test\B1\B1.13.VOH-Rad_43_patch_1_5.jpg,B1,A1,0.5747
processed_data_cleaned\test\B1\B1.13.VOH-Rad_43_patch_2_3.jpg,B1,A1,0.8358
processed_data_cleaned\test\B1\B1.13.VOH-Rad_43_patch_2_4.jpg,B1,A1,0.8557
processed_data_cleaned\test\B1\B1.13.VOH-Rad_43_patch_2_5.jpg,B1,A1,0.9809
processed_data_cleaned\test\B1\B1.13.VOH-Rad_43_patch_3_5.jpg,B1,A1,0.9997
processed_data_cleaned\test\B1\B1.13.VOH-Rad_44_patch_0_1.jpg,B1,A1,0.8276
processed_data_cleaned\test\B1\B1.13.VOH-Rad_44_patch_0_2.jpg,B1,A1,0.7324
processed_data_cleaned\test\B1\B1.13.VOH-Rad_44_patch_0_3.jpg,B1,A1,0.5619
processed_data_cleaned\test\B1\B1.13.VOH-Rad_44_patch_1_1.jpg,B1,A2,0.345
processed_data_cleaned\test\B1\B1.13.VOH-Rad_44_patch_2_4.jpg,B1,A2,0.9968
processed_data_cleaned\test\B1\B1.13.VOH-Rad_44_patch_3_1.jpg,B1,A1,0.6226
processed_data_cleaned\test\B1\B1.13.VOH-Rad_44_patch_3_2.jpg,B1,A1,0.7854
processed_data_cleaned\test\B1\B1.13.VOH-Rad_45_patch_1_1.jpg,B1,A2,0.5219
processed_data_cleaned\test\B1\B1.13.VOH-Rad_45_patch_2_2.jpg,B1,A1,0.5879
processed_data_cleaned\test\B1\B1.13.VOH-Rad_45_patch_2_4.jpg,B1,A2,0.9923
processed_data_cleaned\test\B1\B1.13.VOH-Rad_46_patch_0_4.jpg,B1,A1,0.9684
processed_data_cleaned\test\B1\B1.13.VOH-Rad_46_patch_0_5.jpg,B1,A1,0.9995
processed_data_cleaned\test\B1\B1.13.VOH-Rad_46_patch_1_3.jpg,B1,A1,0.9945
processed_data_cleaned\test\B1\B1.13.VOH-Rad_46_patch_1_4.jpg,B1,A1,0.9986
processed_data_cleaned\test\B1\B1.13.VOH-Rad_46_patch_1_5.jpg,B1,A1,0.9995
processed_data_cleaned\test\B1\B1.13.VOH-Rad_46_patch_2_3.jpg,B1,A1,0.9947
processed_data_cleaned\test\B1\B1.13.VOH-Rad_46_patch_2_4.jpg,B1,A1,0.9965
processed_data_cleaned\test\B1\B1.13.VOH-Rad_46_patch_2_5.jpg,B1,A1,0.9187
processed_data_cleaned\test\B1\B1.13.VOH-Rad_46_patch_3_3.jpg,B1,A1,0.9987
processed_data_cleaned\test\B1\B1.13.VOH-Rad_46_patch_3_4.jpg,B1,A1,0.948
processed_data_cleaned\test\B1\B1.13.VOH-Rad_46_patch_3_5.jpg,B1,A1,0.5636
processed_data_cleaned\test\B1\B1.13.VOH-Rad_47_patch_0_3.jpg,B1,A1,0.9566
processed_data_cleaned\test\B1\B1.13.VOH-Rad_47_patch_0_4.jpg,B1,A1,0.9879
processed_data_cleaned\test\B1\B1.13.VOH-Rad_47_patch_0_5.jpg,B1,A1,0.9979
processed_data_cleaned\test\B1\B1.13.VOH-Rad_47_patch_1_3.jpg,B1,A1,0.997
processed_data_cleaned\test\B1\B1.13.VOH-Rad_47_patch_1_4.jpg,B1,A1,0.9985
processed_data_cleaned\test\B1\B1.13.VOH-Rad_47_patch_1_5.jpg,B1,A1,0.9999
processed_data_cleaned\test\B1\B1.13.VOH-Rad_47_patch_2_3.jpg,B1,A1,0.9997
processed_data_cleaned\test\B1\B1.13.VOH-Rad_47_patch_2_4.jpg,B1,A1,0.9936
processed_data_cleaned\test\B1\B1.13.VOH-Rad_47_patch_2_5.jpg,B1,A1,0.7412
processed_data_cleaned\test\B1\B1.13.VOH-Rad_47_patch_3_3.jpg,B1,A1,0.9967
processed_data_cleaned\test\B1\B1.13.VOH-Rad_47_patch_3_4.jpg,B1,A1,0.9971
processed_data_cleaned\test\B1\B1.13.VOH-Rad_47_patch_3_5.jpg,B1,A1,0.9456
processed_data_cleaned\test\B1\B1.13.VOH-Rad_48_patch_0_3.jpg,B1,A1,0.9866
processed_data_cleaned\test\B1\B1.13.VOH-Rad_48_patch_0_4.jpg,B1,A1,0.9988
processed_data_cleaned\test\B1\B1.13.VOH-Rad_48_patch_0_5.jpg,B1,A1,0.9844
processed_data_cleaned\test\B1\B1.13.VOH-Rad_48_patch_1_3.jpg,B1,A1,0.9642
processed_data_cleaned\test\B1\B1.13.VOH-Rad_48_patch_1_4.jpg,B1,A1,0.997
processed_data_cleaned\test\B1\B1.13.VOH-Rad_48_patch_1_5.jpg,B1,A1,0.9739
processed_data_cleaned\test\B1\B1.13.VOH-Rad_48_patch_2_2.jpg,B1,A1,0.9979
processed_data_cleaned\test\B1\B1.13.VOH-Rad_48_patch_2_3.jpg,B1,A1,0.9996
processed_data_cleaned\test\B1\B1.13.VOH-Rad_48_patch_2_4.jpg,B1,A1,0.9998
processed_data_cleaned\test\B1\B1.13.VOH-Rad_48_patch_2_5.jpg,B1,A1,0.6539
processed_data_cleaned\test\B1\B1.13.VOH-Rad_48_patch_3_2.jpg,B1,A1,0.7864
processed_data_cleaned\test\B1\B1.13.VOH-Rad_48_patch_3_3.jpg,B1,A1,0.9992
processed_data_cleaned\test\B1\B1.13.VOH-Rad_48_patch_3_4.jpg,B1,A1,0.9557
processed_data_cleaned\test\B1\B1.13.VOH-Rad_48_patch_3_5.jpg,B1,A1,0.8382
processed_data_cleaned\test\B1\B1.13.VOH-Rad_49_patch_0_3.jpg,B1,A1,0.9858
processed_data_cleaned\test\B1\B1.13.VOH-Rad_49_patch_0_4.jpg,B1,A1,0.8265
processed_data_cleaned\test\B1\B1.13.VOH-Rad_49_patch_1_1.jpg,B1,A1,0.5275
processed_data_cleaned\test\B1\B1.13.VOH-Rad_49_patch_1_2.jpg,B1,A1,0.9731
processed_data_cleaned\test\B1\B1.13.VOH-Rad_49_patch_2_1.jpg,B1,A2,0.8973
processed_data_cleaned\test\B1\B1.13.VOH-Rad_49_patch_2_5.jpg,B1,B2,0.5877
processed_data_cleaned\test\B1\B1.13.VOH-Rad_49_patch_3_5.jpg,B1,A2,0.4716
processed_data_cleaned\test\B1\B1.13.VOH-Rad_50_patch_0_3.jpg,B1,A1,0.9656
processed_data_cleaned\test\B1\B1.13.VOH-Rad_50_patch_0_4.jpg,B1,A2,0.4553
processed_data_cleaned\test\B1\B1.13.VOH-Rad_50_patch_1_1.jpg,B1,A2,0.4269
processed_data_cleaned\test\B1\B1.13.VOH-Rad_50_patch_1_2.jpg,B1,A1,0.9988
processed_data_cleaned\test\B1\B1.13.VOH-Rad_50_patch_1_5.jpg,B1,A1,0.9998
processed_data_cleaned\test\B1\B1.13.VOH-Rad_50_patch_2_1.jpg,B1,A2,0.7385
processed_data_cleaned\test\B1\B1.13.VOH-Rad_50_patch_2_4.jpg,B1,A1,0.5192
processed_data_cleaned\test\B1\B1.13.VOH-Rad_50_patch_2_5.jpg,B1,A1,0.7624
processed_data_cleaned\test\B1\B1.13.VOH-Rad_50_patch_3_5.jpg,B1,A2,0.6333
processed_data_cleaned\test\B1\B1.13.VOH-Rad_51_patch_0_0.jpg,B1,A1,0.897
processed_data_cleaned\test\B1\B1.13.VOH-Rad_51_patch_1_1.jpg,B1,B2,0.9362
processed_data_cleaned\test\B1\B1.13.VOH-Rad_51_patch_1_2.jpg,B1,A1,0.9999
processed_data_cleaned\test\B1\B1.13.VOH-Rad_51_patch_2_0.jpg,B1,A2,0.997
processed_data_cleaned\test\B1\B1.13.VOH-Rad_51_patch_2_4.jpg,B1,B2,0.8676
processed_data_cleaned\test\B1\B1.13.VOH-Rad_51_patch_2_5.jpg,B1,A1,0.6193
processed_data_cleaned\test\B1\B1.13.VOH-Rad_51_patch_3_4.jpg,B1,A1,0.7599
processed_data_cleaned\test\B1\B1.13.VOH-Rad_51_patch_3_5.jpg,B1,A1,0.6844
processed_data_cleaned\test\B1\B1.13.VOH-Rad_52_patch_0_0.jpg,B1,A1,0.944
processed_data_cleaned\test\B1\B1.13.VOH-Rad_52_patch_0_4.jpg,B1,A1,0.7454
processed_data_cleaned\test\B1\B1.13.VOH-Rad_52_patch_1_2.jpg,B1,A1,0.9996
processed_data_cleaned\test\B1\B1.13.VOH-Rad_52_patch_2_1.jpg,B1,A2,0.9219
processed_data_cleaned\test\B1\B1.13.VOH-Rad_52_patch_2_4.jpg,B1,B2,0.4577
processed_data_cleaned\test\B1\B1.13.VOH-Rad_52_patch_2_5.jpg,B1,A1,0.5864
processed_data_cleaned\test\B1\B1.13.VOH-Rad_52_patch_3_4.jpg,B1,A1,0.9371
processed_data_cleaned\test\B1\B1.13.VOH-Rad_52_patch_3_5.jpg,B1,A2,0.9172
processed_data_cleaned\test\B1\B1.13.VOH-Rad_53_patch_0_0.jpg,B1,A1,0.9151
processed_data_cleaned\test\B1\B1.13.VOH-Rad_53_patch_1_0.jpg,B1,A1,0.9995
processed_data_cleaned\test\B1\B1.13.VOH-Rad_53_patch_2_2.jpg,B1,A1,0.9763
processed_data_cleaned\test\B1\B1.13.VOH-Rad_53_patch_2_3.jpg,B1,A1,0.968
processed_data_cleaned\test\B1\B1.13.VOH-Rad_53_patch_2_4.jpg,B1,A1,0.9987
processed_data_cleaned\test\B1\B1.13.VOH-Rad_53_patch_3_3.jpg,B1,A1,0.4735
processed_data_cleaned\test\B1\B1.13.VOH-Rad_53_patch_3_4.jpg,B1,A2,0.5346
processed_data_cleaned\test\B1\B1.13.VOH-Rad_53_patch_3_5.jpg,B1,A1,0.9975
processed_data_cleaned\test\B1\B1.13.VOH-Rad_54_patch_0_1.jpg,B1,A1,0.6993
processed_data_cleaned\test\B1\B1.13.VOH-Rad_54_patch_1_0.jpg,B1,A1,0.9971
processed_data_cleaned\test\B1\B1.13.VOH-Rad_54_patch_1_1.jpg,B1,A1,0.9966
processed_data_cleaned\test\B1\B1.13.VOH-Rad_54_patch_1_3.jpg,B1,A1,1.0
processed_data_cleaned\test\B1\B1.13.VOH-Rad_54_patch_2_0.jpg,B1,A1,0.9992
processed_data_cleaned\test\B1\B1.13.VOH-Rad_54_patch_2_1.jpg,B1,A1,0.9965
processed_data_cleaned\test\B1\B1.13.VOH-Rad_54_patch_2_2.jpg,B1,A1,0.6142
processed_data_cleaned\test\B1\B1.13.VOH-Rad_54_patch_2_3.jpg,B1,B2,0.9939
processed_data_cleaned\test\B1\B1.13.VOH-Rad_54_patch_2_4.jpg,B1,A1,1.0
processed_data_cleaned\test\B1\B1.13.VOH-Rad_54_patch_3_0.jpg,B1,A1,0.9845
processed_data_cleaned\test\B1\B1.13.VOH-Rad_54_patch_3_1.jpg,B1,A1,1.0
processed_data_cleaned\test\B1\B1.13.VOH-Rad_54_patch_3_3.jpg,B1,A1,0.9999
processed_data_cleaned\test\B1\B1.13.VOH-Rad_54_patch_3_4.jpg,B1,A1,0.9977
processed_data_cleaned\test\B1\B1.13.VOH-Rad_54_patch_3_5.jpg,B1,A1,0.9999
processed_data_cleaned\test\B1\B1.13.VOH-Rad_55_patch_0_0.jpg,B1,A1,0.9772
processed_data_cleaned\test\B1\B1.13.VOH-Rad_55_patch_0_1.jpg,B1,A1,0.9989
processed_data_cleaned\test\B1\B1.13.VOH-Rad_55_patch_1_0.jpg,B1,A1,0.9998
processed_data_cleaned\test\B1\B1.13.VOH-Rad_55_patch_1_1.jpg,B1,A1,0.8854
processed_data_cleaned\test\B1\B1.13.VOH-Rad_55_patch_1_2.jpg,B1,A1,0.6914
processed_data_cleaned\test\B1\B1.13.VOH-Rad_55_patch_1_3.jpg,B1,A1,0.9995
processed_data_cleaned\test\B1\B1.13.VOH-Rad_55_patch_2_0.jpg,B1,A1,0.9864
processed_data_cleaned\test\B1\B1.13.VOH-Rad_55_patch_2_2.jpg,B1,A1,0.7262
processed_data_cleaned\test\B1\B1.13.VOH-Rad_55_patch_2_3.jpg,B1,A1,0.9979
processed_data_cleaned\test\B1\B1.13.VOH-Rad_55_patch_2_4.jpg,B1,A1,0.6246
processed_data_cleaned\test\B1\B1.13.VOH-Rad_55_patch_2_5.jpg,B1,A1,0.9991
processed_data_cleaned\test\B1\B1.13.VOH-Rad_55_patch_3_3.jpg,B1,A2,0.8257
processed_data_cleaned\test\B1\B1.13.VOH-Rad_55_patch_3_4.jpg,B1,A2,0.9639
processed_data_cleaned\test\B1\B1.13.VOH-Rad_55_patch_3_5.jpg,B1,A1,0.9297
processed_data_cleaned\test\B1\B1.13.VOH-Rad_56_patch_0_0.jpg,B1,A1,0.9998
processed_data_cleaned\test\B1\B1.13.VOH-Rad_56_patch_0_1.jpg,B1,A1,0.9999
processed_data_cleaned\test\B1\B1.13.VOH-Rad_56_patch_0_2.jpg,B1,A1,0.9997
processed_data_cleaned\test\B1\B1.13.VOH-Rad_56_patch_0_3.jpg,B1,A1,0.9989
processed_data_cleaned\test\B1\B1.13.VOH-Rad_56_patch_1_0.jpg,B1,A1,0.9938
processed_data_cleaned\test\B1\B1.13.VOH-Rad_56_patch_1_1.jpg,B1,A1,0.9973
processed_data_cleaned\test\B1\B1.13.VOH-Rad_56_patch_1_2.jpg,B1,A1,0.9956
processed_data_cleaned\test\B1\B1.13.VOH-Rad_56_patch_1_3.jpg,B1,A1,0.9954
processed_data_cleaned\test\B1\B1.13.VOH-Rad_56_patch_1_4.jpg,B1,A1,0.9735
processed_data_cleaned\test\B1\B1.13.VOH-Rad_56_patch_2_0.jpg,B1,A1,0.9999
processed_data_cleaned\test\B1\B1.13.VOH-Rad_56_patch_2_1.jpg,B1,A1,0.9998
processed_data_cleaned\test\B1\B1.13.VOH-Rad_56_patch_2_2.jpg,B1,A1,0.9976
processed_data_cleaned\test\B1\B1.13.VOH-Rad_56_patch_2_3.jpg,B1,A1,0.9976
processed_data_cleaned\test\B1\B1.13.VOH-Rad_57_patch_0_0.jpg,B1,A1,0.9999
processed_data_cleaned\test\B1\B1.13.VOH-Rad_57_patch_0_1.jpg,B1,A1,0.9994
processed_data_cleaned\test\B1\B1.13.VOH-Rad_57_patch_0_2.jpg,B1,A1,0.9988
processed_data_cleaned\test\B1\B1.13.VOH-Rad_57_patch_0_3.jpg,B1,A1,0.9951
processed_data_cleaned\test\B1\B1.13.VOH-Rad_57_patch_0_4.jpg,B1,A1,0.9958
processed_data_cleaned\test\B1\B1.13.VOH-Rad_57_patch_1_0.jpg,B1,A1,0.982
processed_data_cleaned\test\B1\B1.13.VOH-Rad_57_patch_1_1.jpg,B1,A1,0.997
processed_data_cleaned\test\B1\B1.13.VOH-Rad_57_patch_1_2.jpg,B1,A1,0.9885
processed_data_cleaned\test\B1\B1.13.VOH-Rad_57_patch_1_3.jpg,B1,A1,0.9707
processed_data_cleaned\test\B1\B1.13.VOH-Rad_57_patch_1_4.jpg,B1,A1,0.9992
processed_data_cleaned\test\B1\B1.13.VOH-Rad_57_patch_2_0.jpg,B1,A1,0.9926
processed_data_cleaned\test\B1\B1.13.VOH-Rad_57_patch_2_1.jpg,B1,A1,0.9944
processed_data_cleaned\test\B1\B1.13.VOH-Rad_57_patch_2_2.jpg,B1,A1,0.988
processed_data_cleaned\test\B1\B1.13.VOH-Rad_57_patch_2_3.jpg,B1,A1,0.9868
processed_data_cleaned\test\B1\B1.13.VOH-Rad_58_patch_0_2.jpg,B1,A1,0.9995
processed_data_cleaned\test\B1\B1.13.VOH-Rad_58_patch_0_4.jpg,B1,A1,0.9563
processed_data_cleaned\test\B1\B1.13.VOH-Rad_58_patch_0_5.jpg,B1,A1,0.9115
processed_data_cleaned\test\B1\B1.13.VOH-Rad_58_patch_1_3.jpg,B1,A1,0.9155
processed_data_cleaned\test\B1\B1.13.VOH-Rad_58_patch_1_4.jpg,B1,A1,0.9905
processed_data_cleaned\test\B1\B1.13.VOH-Rad_58_patch_1_5.jpg,B1,A1,0.96
processed_data_cleaned\test\B1\B1.13.VOH-Rad_58_patch_2_2.jpg,B1,A1,0.9905
processed_data_cleaned\test\B1\B1.13.VOH-Rad_58_patch_2_3.jpg,B1,A1,0.9983
processed_data_cleaned\test\B1\B1.13.VOH-Rad_58_patch_2_4.jpg,B1,A1,0.9984
processed_data_cleaned\test\B1\B1.13.VOH-Rad_58_patch_2_5.jpg,B1,A1,0.9937
processed_data_cleaned\test\B1\B1.13.VOH-Rad_58_patch_3_1.jpg,B1,A1,0.9998
processed_data_cleaned\test\B1\B1.13.VOH-Rad_58_patch_3_2.jpg,B1,A1,0.9989
processed_data_cleaned\test\B1\B1.13.VOH-Rad_58_patch_3_3.jpg,B1,A1,0.9999
processed_data_cleaned\test\B1\B1.13.VOH-Rad_58_patch_3_4.jpg,B1,A1,0.9997
processed_data_cleaned\test\B1\B1.13.VOH-Rad_58_patch_3_5.jpg,B1,A2,0.5759
processed_data_cleaned\test\B1\B1.13.VOH-Rad_59_patch_0_2.jpg,B1,A1,0.7781
processed_data_cleaned\test\B1\B1.13.VOH-Rad_59_patch_0_4.jpg,B1,A1,0.9973
processed_data_cleaned\test\B1\B1.13.VOH-Rad_59_patch_1_2.jpg,B1,A1,0.9917
processed_data_cleaned\test\B1\B1.13.VOH-Rad_59_patch_1_3.jpg,B1,B2,0.9633
processed_data_cleaned\test\B1\B1.13.VOH-Rad_59_patch_1_4.jpg,B1,B2,0.9677
processed_data_cleaned\test\B1\B1.13.VOH-Rad_59_patch_2_1.jpg,B1,A2,0.625
processed_data_cleaned\test\B1\B1.13.VOH-Rad_59_patch_2_3.jpg,B1,A2,0.984
processed_data_cleaned\test\B1\B1.13.VOH-Rad_59_patch_2_4.jpg,B1,A2,0.9641
processed_data_cleaned\test\B1\B1.13.VOH-Rad_59_patch_3_3.jpg,B1,A2,0.9906
processed_data_cleaned\test\B1\B1.13.VOH-Rad_59_patch_3_4.jpg,B1,A2,0.998
processed_data_cleaned\test\B1\B1.13.VOH-Rad_59_patch_3_5.jpg,B1,A2,0.9989
processed_data_cleaned\test\B1\B1.13.VOH-Rad_61_patch_0_1.jpg,B1,A2,0.5569
processed_data_cleaned\test\B1\B1.13.VOH-Rad_61_patch_1_2.jpg,B1,A1,0.9906
processed_data_cleaned\test\B1\B1.13.VOH-Rad_61_patch_1_4.jpg,B1,B2,0.9628
processed_data_cleaned\test\B1\B1.13.VOH-Rad_61_patch_2_1.jpg,B1,A1,0.5177
processed_data_cleaned\test\B1\B1.13.VOH-Rad_61_patch_2_3.jpg,B1,A2,0.9719
processed_data_cleaned\test\B1\B1.13.VOH-Rad_61_patch_2_4.jpg,B1,A2,0.9817
processed_data_cleaned\test\B1\B1.13.VOH-Rad_61_patch_2_5.jpg,B1,A2,0.956
processed_data_cleaned\test\B1\B1.13.VOH-Rad_61_patch_3_3.jpg,B1,A2,0.9744
processed_data_cleaned\test\B1\B1.13.VOH-Rad_61_patch_3_4.jpg,B1,A2,0.9991
processed_data_cleaned\test\B1\B1.13.VOH-Rad_61_patch_3_5.jpg,B1,A2,0.9961
processed_data_cleaned\test\B1\B1.13.VOH-Rad_62_patch_1_2.jpg,B1,A1,0.5126
processed_data_cleaned\test\B1\B1.13.VOH-Rad_62_patch_1_3.jpg,B1,A1,0.9139
processed_data_cleaned\test\B1\B1.13.VOH-Rad_63_patch_1_3.jpg,B1,A1,0.5712
processed_data_cleaned\test\B1\B1.13.VOH-Rad_63_patch_1_5.jpg,B1,A2,0.4233
processed_data_cleaned\test\B1\B1.13.VOH-Rad_64_patch_0_3.jpg,B1,A1,0.992
processed_data_cleaned\test\B1\B1.13.VOH-Rad_64_patch_0_4.jpg,B1,A1,0.9792
processed_data_cleaned\test\B1\B1.13.VOH-Rad_64_patch_0_5.jpg,B1,A1,0.9913
processed_data_cleaned\test\B1\B1.13.VOH-Rad_64_patch_1_2.jpg,B1,A1,0.9455
processed_data_cleaned\test\B1\B1.13.VOH-Rad_64_patch_1_4.jpg,B1,A1,0.9613
processed_data_cleaned\test\B1\B1.13.VOH-Rad_64_patch_1_5.jpg,B1,A1,0.9986
processed_data_cleaned\test\B1\B1.13.VOH-Rad_64_patch_2_2.jpg,B1,A1,0.9901
processed_data_cleaned\test\B1\B1.13.VOH-Rad_64_patch_2_3.jpg,B1,A2,0.9427
processed_data_cleaned\test\B1\B1.13.VOH-Rad_64_patch_2_4.jpg,B1,A1,1.0
processed_data_cleaned\test\B1\B1.13.VOH-Rad_64_patch_2_5.jpg,B1,A1,0.6347
processed_data_cleaned\test\B1\B1.13.VOH-Rad_64_patch_3_0.jpg,B1,B2,0.516
processed_data_cleaned\test\B1\B1.13.VOH-Rad_64_patch_3_3.jpg,B1,A1,0.9982
processed_data_cleaned\test\B1\B1.13.VOH-Rad_64_patch_3_4.jpg,B1,A1,0.8937
processed_data_cleaned\test\B1\B1.13.VOH-Rad_64_patch_3_5.jpg,B1,B2,0.9912
processed_data_cleaned\test\B1\B1.13.VOH-Rad_65_patch_0_2.jpg,B1,A1,0.8507
processed_data_cleaned\test\B1\B1.13.VOH-Rad_65_patch_0_3.jpg,B1,A1,0.9994
processed_data_cleaned\test\B1\B1.13.VOH-Rad_65_patch_0_4.jpg,B1,A1,0.9988
processed_data_cleaned\test\B1\B1.13.VOH-Rad_65_patch_0_5.jpg,B1,A1,0.9942
processed_data_cleaned\test\B1\B1.13.VOH-Rad_65_patch_1_2.jpg,B1,A1,0.998
processed_data_cleaned\test\B1\B1.13.VOH-Rad_65_patch_1_3.jpg,B1,A2,0.9972
processed_data_cleaned\test\B1\B1.13.VOH-Rad_65_patch_1_4.jpg,B1,A2,0.7859
processed_data_cleaned\test\B1\B1.13.VOH-Rad_65_patch_1_5.jpg,B1,A1,0.9998
processed_data_cleaned\test\B1\B1.13.VOH-Rad_65_patch_2_2.jpg,B1,A2,0.6755
processed_data_cleaned\test\B1\B1.13.VOH-Rad_65_patch_2_3.jpg,B1,A2,0.9935
processed_data_cleaned\test\B1\B1.13.VOH-Rad_65_patch_2_4.jpg,B1,A1,0.9999
processed_data_cleaned\test\B1\B1.13.VOH-Rad_65_patch_2_5.jpg,B1,A1,0.9486
processed_data_cleaned\test\B1\B1.13.VOH-Rad_65_patch_3_2.jpg,B1,A1,0.9705
processed_data_cleaned\test\B1\B1.13.VOH-Rad_65_patch_3_3.jpg,B1,A1,0.9757
processed_data_cleaned\test\B1\B1.13.VOH-Rad_65_patch_3_4.jpg,B1,A1,0.5482
processed_data_cleaned\test\B1\B1.13.VOH-Rad_65_patch_3_5.jpg,B1,B2,0.9275
processed_data_cleaned\test\B1\B1.13.VOH-Rad_66_patch_0_0.jpg,B1,A1,0.7727
processed_data_cleaned\test\B1\B1.13.VOH-Rad_66_patch_0_1.jpg,B1,A1,0.9134
processed_data_cleaned\test\B1\B1.13.VOH-Rad_66_patch_0_2.jpg,B1,A1,0.9981
processed_data_cleaned\test\B1\B1.13.VOH-Rad_66_patch_0_3.jpg,B1,A1,0.9905
processed_data_cleaned\test\B1\B1.13.VOH-Rad_66_patch_0_4.jpg,B1,A1,0.983
processed_data_cleaned\test\B1\B1.13.VOH-Rad_66_patch_0_5.jpg,B1,A1,0.9644
processed_data_cleaned\test\B1\B1.13.VOH-Rad_66_patch_1_0.jpg,B1,A1,0.9971
processed_data_cleaned\test\B1\B1.13.VOH-Rad_66_patch_1_1.jpg,B1,A1,0.9987
processed_data_cleaned\test\B1\B1.13.VOH-Rad_66_patch_1_2.jpg,B1,A1,0.9559
processed_data_cleaned\test\B1\B1.13.VOH-Rad_66_patch_1_3.jpg,B1,A1,0.9999
processed_data_cleaned\test\B1\B1.13.VOH-Rad_66_patch_1_4.jpg,B1,A1,0.8047
processed_data_cleaned\test\B1\B1.13.VOH-Rad_66_patch_1_5.jpg,B1,A1,0.6894
processed_data_cleaned\test\B1\B1.13.VOH-Rad_66_patch_2_0.jpg,B1,A1,0.8296
processed_data_cleaned\test\B1\B1.13.VOH-Rad_66_patch_2_1.jpg,B1,B2,0.4451
processed_data_cleaned\test\B1\B1.13.VOH-Rad_66_patch_2_2.jpg,B1,A1,0.9159
processed_data_cleaned\test\B1\B1.13.VOH-Rad_66_patch_2_3.jpg,B1,A1,0.991
processed_data_cleaned\test\B1\B1.13.VOH-Rad_66_patch_3_0.jpg,B1,A1,0.751
processed_data_cleaned\test\B1\B1.13.VOH-Rad_66_patch_3_1.jpg,B1,A1,0.6578
processed_data_cleaned\test\B1\B1.13.VOH-Rad_66_patch_3_2.jpg,B1,A1,0.9331
processed_data_cleaned\test\B1\B1.13.VOH-Rad_66_patch_3_4.jpg,B1,A1,0.9889
processed_data_cleaned\test\B1\B1.13.VOH-Rad_66_patch_3_5.jpg,B1,A1,0.8514
processed_data_cleaned\test\B1\B1.13.VOH-Rad_67_patch_0_0.jpg,B1,A1,0.7691
processed_data_cleaned\test\B1\B1.13.VOH-Rad_67_patch_0_1.jpg,B1,A1,0.9163
processed_data_cleaned\test\B1\B1.13.VOH-Rad_67_patch_0_2.jpg,B1,A1,0.9768
processed_data_cleaned\test\B1\B1.13.VOH-Rad_67_patch_0_3.jpg,B1,A1,0.8987
processed_data_cleaned\test\B1\B1.13.VOH-Rad_67_patch_0_4.jpg,B1,A1,0.9062
processed_data_cleaned\test\B1\B1.13.VOH-Rad_67_patch_0_5.jpg,B1,A1,0.9948
processed_data_cleaned\test\B1\B1.13.VOH-Rad_67_patch_1_1.jpg,B1,A1,0.948
processed_data_cleaned\test\B1\B1.13.VOH-Rad_67_patch_1_2.jpg,B1,A1,0.9998
processed_data_cleaned\test\B1\B1.13.VOH-Rad_67_patch_1_3.jpg,B1,A1,0.9726
processed_data_cleaned\test\B1\B1.13.VOH-Rad_67_patch_1_4.jpg,B1,A1,0.9858
processed_data_cleaned\test\B1\B1.13.VOH-Rad_67_patch_1_5.jpg,B1,A1,0.9999
processed_data_cleaned\test\B1\B1.13.VOH-Rad_67_patch_2_0.jpg,B1,A1,0.8531
processed_data_cleaned\test\B1\B1.13.VOH-Rad_67_patch_2_1.jpg,B1,A1,0.9098
processed_data_cleaned\test\B1\B1.13.VOH-Rad_67_patch_2_2.jpg,B1,A1,0.8978
processed_data_cleaned\test\B1\B1.13.VOH-Rad_67_patch_2_5.jpg,B1,A1,0.9954
processed_data_cleaned\test\B1\B1.13.VOH-Rad_67_patch_3_0.jpg,B1,A1,0.9997
processed_data_cleaned\test\B1\B1.13.VOH-Rad_67_patch_3_1.jpg,B1,A1,0.9987
processed_data_cleaned\test\B1\B1.13.VOH-Rad_67_patch_3_2.jpg,B1,A1,0.9997
processed_data_cleaned\test\B1\B1.13.VOH-Rad_67_patch_3_4.jpg,B1,A1,0.9982
processed_data_cleaned\test\B1\B1.13.VOH-Rad_67_patch_3_5.jpg,B1,A1,0.9005
processed_data_cleaned\test\B1\B1.13.VOH-Rad_68_patch_0_1.jpg,B1,A1,0.9822
processed_data_cleaned\test\B1\B1.13.VOH-Rad_68_patch_0_2.jpg,B1,A1,0.9993
processed_data_cleaned\test\B1\B1.13.VOH-Rad_68_patch_0_3.jpg,B1,A1,0.6881
processed_data_cleaned\test\B1\B1.13.VOH-Rad_68_patch_0_5.jpg,B1,A1,0.9963
processed_data_cleaned\test\B1\B1.13.VOH-Rad_68_patch_1_1.jpg,B1,A1,0.9713
processed_data_cleaned\test\B1\B1.13.VOH-Rad_68_patch_1_2.jpg,B1,A1,0.9772
processed_data_cleaned\test\B1\B1.13.VOH-Rad_68_patch_1_3.jpg,B1,A1,0.8906
processed_data_cleaned\test\B1\B1.13.VOH-Rad_68_patch_1_4.jpg,B1,A1,0.9881
processed_data_cleaned\test\B1\B1.13.VOH-Rad_68_patch_1_5.jpg,B1,A1,0.995
processed_data_cleaned\test\B1\B1.13.VOH-Rad_68_patch_2_0.jpg,B1,A1,0.9076
processed_data_cleaned\test\B1\B1.13.VOH-Rad_68_patch_2_1.jpg,B1,A1,0.9279
processed_data_cleaned\test\B1\B1.13.VOH-Rad_68_patch_2_2.jpg,B1,A1,0.8856
processed_data_cleaned\test\B1\B1.13.VOH-Rad_68_patch_2_3.jpg,B1,A1,0.99
processed_data_cleaned\test\B1\B1.13.VOH-Rad_68_patch_2_4.jpg,B1,A1,0.9997
processed_data_cleaned\test\B1\B1.13.VOH-Rad_68_patch_2_5.jpg,B1,A1,0.9995
processed_data_cleaned\test\B1\B1.13.VOH-Rad_68_patch_3_1.jpg,B1,A1,0.9479
processed_data_cleaned\test\B1\B1.13.VOH-Rad_68_patch_3_2.jpg,B1,A1,0.8597
processed_data_cleaned\test\B1\B1.13.VOH-Rad_68_patch_3_3.jpg,B1,A1,0.9986
processed_data_cleaned\test\B1\B1.13.VOH-Rad_68_patch_3_4.jpg,B1,A1,0.9992
processed_data_cleaned\test\B1\B1.13.VOH-Rad_68_patch_3_5.jpg,B1,A1,0.9996
processed_data_cleaned\test\B1\B1.13.VOH-Rad_70_patch_0_0.jpg,B1,A1,0.9998
processed_data_cleaned\test\B1\B1.13.VOH-Rad_70_patch_0_1.jpg,B1,A1,0.9999
processed_data_cleaned\test\B1\B1.13.VOH-Rad_70_patch_0_2.jpg,B1,A1,0.9991
processed_data_cleaned\test\B1\B1.13.VOH-Rad_70_patch_0_3.jpg,B1,A1,0.6133
processed_data_cleaned\test\B1\B1.13.VOH-Rad_70_patch_0_4.jpg,B1,A1,0.9994
processed_data_cleaned\test\B1\B1.13.VOH-Rad_70_patch_1_0.jpg,B1,A1,0.9999
processed_data_cleaned\test\B1\B1.13.VOH-Rad_70_patch_1_1.jpg,B1,A1,0.9995
processed_data_cleaned\test\B1\B1.13.VOH-Rad_70_patch_1_2.jpg,B1,A1,0.9775
processed_data_cleaned\test\B1\B1.13.VOH-Rad_70_patch_1_3.jpg,B1,A1,0.8596
processed_data_cleaned\test\B1\B1.13.VOH-Rad_70_patch_1_4.jpg,B1,A1,0.9998
processed_data_cleaned\test\B1\B1.13.VOH-Rad_70_patch_1_5.jpg,B1,A1,0.8275
processed_data_cleaned\test\B1\B1.13.VOH-Rad_70_patch_2_0.jpg,B1,A1,0.9999
processed_data_cleaned\test\B1\B1.13.VOH-Rad_70_patch_2_1.jpg,B1,A1,0.9999
processed_data_cleaned\test\B1\B1.13.VOH-Rad_70_patch_2_2.jpg,B1,A2,0.6465
processed_data_cleaned\test\B1\B1.13.VOH-Rad_70_patch_2_4.jpg,B1,B2,0.8984
processed_data_cleaned\test\B1\B1.13.VOH-Rad_71_patch_0_1.jpg,B1,A1,0.9654
processed_data_cleaned\test\B1\B1.13.VOH-Rad_71_patch_0_2.jpg,B1,A1,0.9978
processed_data_cleaned\test\B1\B1.13.VOH-Rad_71_patch_0_3.jpg,B1,A1,0.9953
processed_data_cleaned\test\B1\B1.13.VOH-Rad_71_patch_0_4.jpg,B1,A1,1.0
processed_data_cleaned\test\B1\B1.13.VOH-Rad_71_patch_1_1.jpg,B1,A1,0.9438
processed_data_cleaned\test\B1\B1.13.VOH-Rad_71_patch_1_2.jpg,B1,A1,0.9994
processed_data_cleaned\test\B1\B1.13.VOH-Rad_71_patch_1_3.jpg,B1,A1,0.9344
processed_data_cleaned\test\B1\B1.13.VOH-Rad_71_patch_1_4.jpg,B1,A1,0.99
processed_data_cleaned\test\B1\B1.13.VOH-Rad_71_patch_1_5.jpg,B1,A1,0.9969
processed_data_cleaned\test\B1\B1.13.VOH-Rad_71_patch_2_0.jpg,B1,A1,0.5634
processed_data_cleaned\test\B1\B1.13.VOH-Rad_71_patch_2_1.jpg,B1,A1,0.8982
processed_data_cleaned\test\B1\B1.13.VOH-Rad_71_patch_2_3.jpg,B1,A1,0.9982
processed_data_cleaned\test\B1\B1.13.VOH-Rad_71_patch_2_4.jpg,B1,A1,0.8396
processed_data_cleaned\test\B1\B1.13.VOH-Rad_71_patch_2_5.jpg,B1,A1,0.9996
processed_data_cleaned\test\B1\B1.13.VOH-Rad_71_patch_3_3.jpg,B1,A1,0.9773
processed_data_cleaned\test\B1\B1.13.VOH-Rad_71_patch_3_4.jpg,B1,A1,0.973
processed_data_cleaned\test\B1\B1.13.VOH-Rad_71_patch_3_5.jpg,B1,A1,0.9932
processed_data_cleaned\test\B1\B1.13.VOH-Rad_72_patch_0_0.jpg,B1,A1,0.6232
processed_data_cleaned\test\B1\B1.13.VOH-Rad_72_patch_0_1.jpg,B1,A1,0.6078
processed_data_cleaned\test\B1\B1.13.VOH-Rad_72_patch_0_2.jpg,B1,A1,0.9521
processed_data_cleaned\test\B1\B1.13.VOH-Rad_72_patch_0_3.jpg,B1,A2,0.7912
processed_data_cleaned\test\B1\B1.13.VOH-Rad_72_patch_0_4.jpg,B1,A1,0.8349
processed_data_cleaned\test\B1\B1.13.VOH-Rad_72_patch_0_5.jpg,B1,A1,0.9879
processed_data_cleaned\test\B1\B1.13.VOH-Rad_72_patch_1_0.jpg,B1,A2,0.4548
processed_data_cleaned\test\B1\B1.13.VOH-Rad_72_patch_1_1.jpg,B1,A1,0.8894
processed_data_cleaned\test\B1\B1.13.VOH-Rad_72_patch_1_2.jpg,B1,A1,0.6935
processed_data_cleaned\test\B1\B1.13.VOH-Rad_72_patch_1_3.jpg,B1,A1,0.717
processed_data_cleaned\test\B1\B1.13.VOH-Rad_72_patch_1_4.jpg,B1,A1,0.5201
processed_data_cleaned\test\B1\B1.13.VOH-Rad_72_patch_1_5.jpg,B1,A1,0.5301
processed_data_cleaned\test\B1\B1.13.VOH-Rad_72_patch_2_0.jpg,B1,A1,0.5659
processed_data_cleaned\test\B1\B1.13.VOH-Rad_72_patch_2_2.jpg,B1,A1,0.7318
processed_data_cleaned\test\B1\B1.13.VOH-Rad_72_patch_2_3.jpg,B1,A1,0.7825
processed_data_cleaned\test\B1\B1.13.VOH-Rad_72_patch_2_5.jpg,B1,A2,0.8549
processed_data_cleaned\test\B1\B1.13.VOH-Rad_72_patch_3_0.jpg,B1,A1,0.6167
processed_data_cleaned\test\B1\B1.13.VOH-Rad_72_patch_3_3.jpg,B1,A1,0.9964
processed_data_cleaned\test\B1\B1.13.VOH-Rad_72_patch_3_4.jpg,B1,A1,0.5942
processed_data_cleaned\test\B1\B1.13.VOH-Rad_73_patch_0_1.jpg,B1,A1,0.9962
processed_data_cleaned\test\B1\B1.13.VOH-Rad_73_patch_0_2.jpg,B1,A1,1.0
processed_data_cleaned\test\B1\B1.13.VOH-Rad_73_patch_1_2.jpg,B1,A1,0.9999
processed_data_cleaned\test\B1\B1.13.VOH-Rad_73_patch_1_3.jpg,B1,A1,1.0
processed_data_cleaned\test\B1\B1.13.VOH-Rad_73_patch_1_4.jpg,B1,A1,0.9935
processed_data_cleaned\test\B1\B1.13.VOH-Rad_73_patch_2_2.jpg,B1,A1,0.9349
processed_data_cleaned\test\B1\B1.13.VOH-Rad_73_patch_2_3.jpg,B1,A1,0.9994
processed_data_cleaned\test\B1\B1.13.VOH-Rad_73_patch_2_4.jpg,B1,A1,1.0
processed_data_cleaned\test\B1\B1.13.VOH-Rad_73_patch_3_1.jpg,B1,A1,0.9711
processed_data_cleaned\test\B1\B1.13.VOH-Rad_73_patch_3_2.jpg,B1,A1,0.9425
processed_data_cleaned\test\B1\B1.13.VOH-Rad_73_patch_3_3.jpg,B1,A1,1.0
processed_data_cleaned\test\B1\B1.13.VOH-Rad_73_patch_3_4.jpg,B1,A1,0.9997
processed_data_cleaned\test\B1\B1.13.VOH-Rad_73_patch_3_5.jpg,B1,A1,1.0
processed_data_cleaned\test\B1\B1.13.VOH-Rad_75_patch_0_0.jpg,B1,A2,0.6383
processed_data_cleaned\test\B1\B1.13.VOH-Rad_75_patch_1_3.jpg,B1,A1,1.0
processed_data_cleaned\test\B1\B1.13.VOH-Rad_75_patch_2_3.jpg,B1,A1,0.9987
processed_data_cleaned\test\B1\B1.13.VOH-Rad_75_patch_2_4.jpg,B1,A1,1.0
processed_data_cleaned\test\B1\B1.13.VOH-Rad_75_patch_3_3.jpg,B1,A1,0.8647
processed_data_cleaned\test\B1\B1.13.VOH-Rad_75_patch_3_4.jpg,B1,A1,0.9991
processed_data_cleaned\test\B1\B1.13.VOH-Rad_75_patch_3_5.jpg,B1,A1,1.0
processed_data_cleaned\test\B1\B1.13.VOH-Rad_76_patch_0_3.jpg,B1,A1,0.9915
processed_data_cleaned\test\B1\B1.13.VOH-Rad_76_patch_1_1.jpg,B1,A2,0.7138
processed_data_cleaned\test\B1\B1.13.VOH-Rad_76_patch_1_3.jpg,B1,A1,1.0
processed_data_cleaned\test\B1\B1.13.VOH-Rad_76_patch_1_4.jpg,B1,A1,0.9994
processed_data_cleaned\test\B1\B1.13.VOH-Rad_76_patch_2_3.jpg,B1,A1,0.9998
processed_data_cleaned\test\B1\B1.13.VOH-Rad_76_patch_2_4.jpg,B1,A1,0.9999
processed_data_cleaned\test\B1\B1.13.VOH-Rad_76_patch_2_5.jpg,B1,A1,0.9996
processed_data_cleaned\test\B1\B1.13.VOH-Rad_76_patch_3_3.jpg,B1,A1,0.9844
processed_data_cleaned\test\B1\B1.13.VOH-Rad_76_patch_3_4.jpg,B1,A1,0.9999
processed_data_cleaned\test\B1\B1.13.VOH-Rad_76_patch_3_5.jpg,B1,A1,0.9999
processed_data_cleaned\test\B1\B1.13.VOH-Rad_77_patch_1_1.jpg,B1,A1,0.9953
processed_data_cleaned\test\B1\B1.13.VOH-Rad_77_patch_1_2.jpg,B1,A1,0.9222
processed_data_cleaned\test\B1\B1.13.VOH-Rad_77_patch_2_3.jpg,B1,A1,0.8331
processed_data_cleaned\test\B1\B1.13.VOH-Rad_77_patch_3_2.jpg,B1,A1,0.9771
processed_data_cleaned\test\B1\B1.13.VOH-Rad_77_patch_3_4.jpg,B1,A1,0.9164
processed_data_cleaned\test\B1\B1.13.VOH-Rad_78_patch_1_1.jpg,B1,A1,0.8502
processed_data_cleaned\test\B1\B1.13.VOH-Rad_78_patch_1_2.jpg,B1,A1,0.9823
processed_data_cleaned\test\B1\B1.13.VOH-Rad_78_patch_1_5.jpg,B1,A2,0.6062
processed_data_cleaned\test\B1\B1.13.VOH-Rad_78_patch_2_5.jpg,B1,A1,0.961
processed_data_cleaned\test\B1\B1.13.VOH-Rad_78_patch_3_1.jpg,B1,A2,0.8406
processed_data_cleaned\test\B1\B1.13.VOH-Rad_78_patch_3_4.jpg,B1,A1,0.8718
processed_data_cleaned\test\B1\B1.13.VOH-Rad_78_patch_3_5.jpg,B1,A1,1.0
processed_data_cleaned\test\B1\B1.13.VOH-Rad_79_patch_0_2.jpg,B1,A1,0.9994
processed_data_cleaned\test\B1\B1.13.VOH-Rad_79_patch_0_4.jpg,B1,A1,0.9937
processed_data_cleaned\test\B1\B1.13.VOH-Rad_79_patch_1_0.jpg,B1,A1,0.9997
processed_data_cleaned\test\B1\B1.13.VOH-Rad_79_patch_1_1.jpg,B1,A1,0.9998
processed_data_cleaned\test\B1\B1.13.VOH-Rad_79_patch_1_4.jpg,B1,A1,0.9999
processed_data_cleaned\test\B1\B1.13.VOH-Rad_79_patch_2_1.jpg,B1,A1,0.9907
processed_data_cleaned\test\B1\B1.13.VOH-Rad_79_patch_2_2.jpg,B1,A1,0.7276
processed_data_cleaned\test\B1\B1.13.VOH-Rad_79_patch_2_3.jpg,B1,A1,0.7511
processed_data_cleaned\test\B1\B1.13.VOH-Rad_79_patch_2_4.jpg,B1,A1,0.8691
processed_data_cleaned\test\B1\B1.13.VOH-Rad_79_patch_2_5.jpg,B1,A1,0.9394
processed_data_cleaned\test\B1\B1.13.VOH-Rad_79_patch_3_1.jpg,B1,A1,0.9753
processed_data_cleaned\test\B1\B1.13.VOH-Rad_79_patch_3_3.jpg,B1,A1,0.9985
processed_data_cleaned\test\B1\B1.13.VOH-Rad_79_patch_3_4.jpg,B1,A1,0.9349
processed_data_cleaned\test\B1\B1.13.VOH-Rad_79_patch_3_5.jpg,B1,A1,0.808
processed_data_cleaned\test\B1\B1.13.VOH-Rad_80_patch_0_1.jpg,B1,A1,0.9738
processed_data_cleaned\test\B1\B1.13.VOH-Rad_80_patch_0_2.jpg,B1,A1,0.9999
processed_data_cleaned\test\B1\B1.13.VOH-Rad_80_patch_1_0.jpg,B1,A1,1.0
processed_data_cleaned\test\B1\B1.13.VOH-Rad_80_patch_1_1.jpg,B1,A1,0.9988
processed_data_cleaned\test\B1\B1.13.VOH-Rad_80_patch_2_1.jpg,B1,A1,0.9988
processed_data_cleaned\test\B1\B1.13.VOH-Rad_80_patch_2_2.jpg,B1,A1,0.9007
processed_data_cleaned\test\B1\B1.13.VOH-Rad_80_patch_2_3.jpg,B1,A1,0.9781
processed_data_cleaned\test\B1\B1.13.VOH-Rad_80_patch_2_4.jpg,B1,A1,0.9894
processed_data_cleaned\test\B1\B1.13.VOH-Rad_80_patch_3_2.jpg,B1,A1,0.6652
processed_data_cleaned\test\B1\B1.13.VOH-Rad_80_patch_3_3.jpg,B1,A1,0.9852
processed_data_cleaned\test\B1\B1.13.VOH-Rad_82_patch_0_4.jpg,B1,A1,0.8847
processed_data_cleaned\test\B1\B1.13.VOH-Rad_82_patch_0_5.jpg,B1,A1,0.7391
processed_data_cleaned\test\B1\B1.13.VOH-Rad_82_patch_1_0.jpg,B1,A1,0.626
processed_data_cleaned\test\B1\B1.13.VOH-Rad_82_patch_1_1.jpg,B1,A1,0.9995
processed_data_cleaned\test\B1\B1.13.VOH-Rad_82_patch_1_2.jpg,B1,A1,0.995
processed_data_cleaned\test\B1\B1.13.VOH-Rad_82_patch_1_3.jpg,B1,A1,0.8971
processed_data_cleaned\test\B1\B1.13.VOH-Rad_82_patch_1_4.jpg,B1,A1,0.9398
processed_data_cleaned\test\B1\B1.13.VOH-Rad_82_patch_1_5.jpg,B1,A2,0.3084
processed_data_cleaned\test\B1\B1.13.VOH-Rad_82_patch_2_0.jpg,B1,A1,0.9863
processed_data_cleaned\test\B1\B1.13.VOH-Rad_83_patch_0_1.jpg,B1,A1,0.5992
processed_data_cleaned\test\B1\B1.13.VOH-Rad_83_patch_0_3.jpg,B1,A1,0.6904
processed_data_cleaned\test\B1\B1.13.VOH-Rad_83_patch_1_4.jpg,B1,A1,0.9438
processed_data_cleaned\test\B1\B1.13.VOH-Rad_83_patch_2_2.jpg,B1,A1,0.9811
processed_data_cleaned\test\B1\B1.13.VOH-Rad_83_patch_2_4.jpg,B1,A1,0.9909
processed_data_cleaned\test\B1\B1.13.VOH-Rad_84_patch_0_0.jpg,B1,A1,0.9898
processed_data_cleaned\test\B1\B1.13.VOH-Rad_84_patch_0_3.jpg,B1,A1,0.8866
processed_data_cleaned\test\B1\B1.13.VOH-Rad_84_patch_1_0.jpg,B1,A1,0.6256
processed_data_cleaned\test\B1\B1.13.VOH-Rad_84_patch_1_3.jpg,B1,A1,0.9762
processed_data_cleaned\test\B1\B1.13.VOH-Rad_84_patch_2_3.jpg,B1,A1,0.7871
processed_data_cleaned\test\B1\B1.13.VOH-Rad_84_patch_3_0.jpg,B1,B2,0.9785
processed_data_cleaned\test\B1\B1.13.VOH-Rad_85_patch_0_0.jpg,B1,A1,0.981
processed_data_cleaned\test\B1\B1.13.VOH-Rad_85_patch_0_3.jpg,B1,A1,0.9861
processed_data_cleaned\test\B1\B1.13.VOH-Rad_85_patch_1_0.jpg,B1,A1,0.7257
processed_data_cleaned\test\B1\B1.13.VOH-Rad_85_patch_1_1.jpg,B1,A1,0.8857
processed_data_cleaned\test\B1\B1.13.VOH-Rad_85_patch_1_3.jpg,B1,A1,0.991
processed_data_cleaned\test\B1\B1.13.VOH-Rad_85_patch_2_0.jpg,B1,A1,0.6211
processed_data_cleaned\test\B1\B1.13.VOH-Rad_85_patch_2_1.jpg,B1,A1,0.9874
processed_data_cleaned\test\B1\B1.13.VOH-Rad_85_patch_2_3.jpg,B1,A1,0.8154
processed_data_cleaned\test\B1\B1.13.VOH-Rad_85_patch_2_4.jpg,B1,A1,0.9944
processed_data_cleaned\test\B1\B1.13.VOH-Rad_85_patch_3_0.jpg,B1,B2,0.6618
processed_data_cleaned\test\B1\B1.13.VOH-Rad_85_patch_3_1.jpg,B1,A1,0.6107
processed_data_cleaned\test\B1\B1.13.VOH-Rad_86_patch_0_2.jpg,B1,A1,0.9955
processed_data_cleaned\test\B1\B1.13.VOH-Rad_86_patch_1_0.jpg,B1,A1,0.9964
processed_data_cleaned\test\B1\B1.13.VOH-Rad_86_patch_1_2.jpg,B1,A1,0.9999
processed_data_cleaned\test\B1\B1.13.VOH-Rad_86_patch_1_3.jpg,B1,A1,0.9997
processed_data_cleaned\test\B1\B1.13.VOH-Rad_86_patch_1_5.jpg,B1,A1,0.9998
processed_data_cleaned\test\B1\B1.13.VOH-Rad_86_patch_2_0.jpg,B1,A1,0.9999
processed_data_cleaned\test\B1\B1.13.VOH-Rad_86_patch_2_5.jpg,B1,A1,0.9998
processed_data_cleaned\test\B1\B1.13.VOH-Rad_86_patch_3_1.jpg,B1,A1,0.9861
processed_data_cleaned\test\B1\B1.13.VOH-Rad_89_patch_0_0.jpg,B1,A1,0.9712
processed_data_cleaned\test\B1\B1.13.VOH-Rad_89_patch_0_2.jpg,B1,B2,0.8426
processed_data_cleaned\test\B1\B1.13.VOH-Rad_89_patch_1_0.jpg,B1,A1,0.9818
processed_data_cleaned\test\B1\B1.13.VOH-Rad_89_patch_1_1.jpg,B1,A1,0.9512
processed_data_cleaned\test\B1\B1.13.VOH-Rad_89_patch_3_4.jpg,B1,A1,1.0
processed_data_cleaned\test\B1\B1.13.VOH-Rad_90_patch_0_3.jpg,B1,A1,0.8274
processed_data_cleaned\test\B1\B1.13.VOH-Rad_90_patch_2_1.jpg,B1,A1,0.986
processed_data_cleaned\test\B1\B1.13.VOH-Rad_90_patch_3_4.jpg,B1,A1,0.9999
processed_data_cleaned\test\B1\B1.13.VOH-Rad_90_patch_3_5.jpg,B1,A1,0.9111
processed_data_cleaned\test\B1\B1.13.VOH-Rad_93_patch_0_1.jpg,B1,A1,0.515
processed_data_cleaned\test\B1\B1.13.VOH-Rad_93_patch_0_2.jpg,B1,B2,0.9906
processed_data_cleaned\test\B1\B1.13.VOH-Rad_93_patch_0_3.jpg,B1,A1,0.9713
processed_data_cleaned\test\B1\B1.13.VOH-Rad_93_patch_1_4.jpg,B1,A1,0.9902
processed_data_cleaned\test\B1\B1.13.VOH-Rad_93_patch_2_1.jpg,B1,A1,0.9854
processed_data_cleaned\test\B1\B1.13.VOH-Rad_93_patch_2_2.jpg,B1,A1,0.5288
processed_data_cleaned\test\B1\B1.13.VOH-Rad_93_patch_3_4.jpg,B1,A1,1.0
processed_data_cleaned\test\B1\B1.13.VOH-Rad_94_patch_0_2.jpg,B1,A1,0.9138
processed_data_cleaned\test\B1\B1.13.VOH-Rad_94_patch_0_3.jpg,B1,A1,0.9959
processed_data_cleaned\test\B1\B1.13.VOH-Rad_94_patch_1_1.jpg,B1,A1,0.5861
processed_data_cleaned\test\B1\B1.13.VOH-Rad_94_patch_1_2.jpg,B1,A1,0.7272
processed_data_cleaned\test\B1\B1.13.VOH-Rad_94_patch_1_3.jpg,B1,A1,0.9505
processed_data_cleaned\test\B1\B1.13.VOH-Rad_94_patch_2_0.jpg,B1,A1,0.7081
processed_data_cleaned\test\B1\B1.13.VOH-Rad_94_patch_2_1.jpg,B1,A1,0.9269
processed_data_cleaned\test\B1\B1.13.VOH-Rad_94_patch_2_2.jpg,B1,A1,0.9886
processed_data_cleaned\test\B1\B1.13.VOH-Rad_94_patch_3_0.jpg,B1,B2,0.977
processed_data_cleaned\test\B1\B1.13.VOH-Rad_94_patch_3_1.jpg,B1,A1,0.9662
processed_data_cleaned\test\B1\B1.13.VOH-Rad_95_patch_0_1.jpg,B1,A2,0.6081
processed_data_cleaned\test\B1\B1.13.VOH-Rad_95_patch_0_2.jpg,B1,A1,0.9014
processed_data_cleaned\test\B1\B1.13.VOH-Rad_95_patch_0_3.jpg,B1,A1,0.9983
processed_data_cleaned\test\B1\B1.13.VOH-Rad_95_patch_0_5.jpg,B1,A1,0.9401
processed_data_cleaned\test\B1\B1.13.VOH-Rad_95_patch_1_1.jpg,B1,A1,0.4469
processed_data_cleaned\test\B1\B1.13.VOH-Rad_95_patch_1_2.jpg,B1,A1,0.5237
processed_data_cleaned\test\B1\B1.13.VOH-Rad_95_patch_2_2.jpg,B1,A1,0.9967
processed_data_cleaned\test\B1\B1.13.VOH-Rad_95_patch_3_0.jpg,B1,B2,0.9196
processed_data_cleaned\test\B1\B1.13.VOH-Rad_95_patch_3_1.jpg,B1,A1,0.9982
processed_data_cleaned\test\B1\B1.13.VOH-Rad_96_patch_0_2.jpg,B1,A1,0.6737
processed_data_cleaned\test\B1\B1.13.VOH-Rad_96_patch_0_3.jpg,B1,A1,0.9994
processed_data_cleaned\test\B1\B1.13.VOH-Rad_96_patch_0_4.jpg,B1,A1,0.9474
processed_data_cleaned\test\B1\B1.13.VOH-Rad_96_patch_0_5.jpg,B1,A1,0.9397
processed_data_cleaned\test\B1\B1.13.VOH-Rad_96_patch_1_2.jpg,B1,A1,0.5157
processed_data_cleaned\test\B1\B1.13.VOH-Rad_96_patch_1_3.jpg,B1,A1,0.7925
processed_data_cleaned\test\B1\B1.13.VOH-Rad_96_patch_2_1.jpg,B1,A1,0.8786
processed_data_cleaned\test\B1\B1.13.VOH-Rad_96_patch_2_3.jpg,B1,A1,0.9829
processed_data_cleaned\test\B1\B1.13.VOH-Rad_96_patch_3_1.jpg,B1,B2,0.9822
processed_data_cleaned\test\B1\B1.13.VOH-Rad_96_patch_3_2.jpg,B1,A1,0.9958
processed_data_cleaned\test\B1\B1.13.VOH-Rad_97_patch_0_2.jpg,B1,A1,0.3906
processed_data_cleaned\test\B1\B1.13.VOH-Rad_97_patch_0_3.jpg,B1,A1,0.9985
processed_data_cleaned\test\B1\B1.13.VOH-Rad_97_patch_0_5.jpg,B1,A1,0.9416
processed_data_cleaned\test\B1\B1.13.VOH-Rad_97_patch_1_3.jpg,B1,A1,0.5567
processed_data_cleaned\test\B1\B1.13.VOH-Rad_97_patch_2_1.jpg,B1,A1,0.5542
processed_data_cleaned\test\B1\B1.13.VOH-Rad_97_patch_2_2.jpg,B1,A1,0.8278
processed_data_cleaned\test\B1\B1.13.VOH-Rad_97_patch_2_3.jpg,B1,A1,0.9542
processed_data_cleaned\test\B1\B1.13.VOH-Rad_97_patch_3_1.jpg,B1,B2,0.5065
processed_data_cleaned\test\B1\B1.13.VOH-Rad_98_patch_0_2.jpg,B1,A1,0.9999
processed_data_cleaned\test\B1\B1.13.VOH-Rad_98_patch_0_3.jpg,B1,A1,0.9998
processed_data_cleaned\test\B1\B1.13.VOH-Rad_98_patch_1_0.jpg,B1,A1,0.9994
processed_data_cleaned\test\B1\B1.13.VOH-Rad_98_patch_1_1.jpg,B1,A1,1.0
processed_data_cleaned\test\B1\B1.13.VOH-Rad_98_patch_1_2.jpg,B1,A1,0.8754
processed_data_cleaned\test\B1\B1.13.VOH-Rad_98_patch_1_3.jpg,B1,A1,0.9935
processed_data_cleaned\test\B1\B1.13.VOH-Rad_98_patch_1_4.jpg,B1,A1,1.0
processed_data_cleaned\test\B1\B1.13.VOH-Rad_98_patch_2_1.jpg,B1,A1,0.81
processed_data_cleaned\test\B1\B1.13.VOH-Rad_98_patch_2_2.jpg,B1,A1,0.9374
processed_data_cleaned\test\B1\B1.13.VOH-Rad_98_patch_2_4.jpg,B1,A1,0.9995
processed_data_cleaned\test\B1\B1.13.VOH-Rad_98_patch_3_2.jpg,B1,A1,0.9964
processed_data_cleaned\test\B1\B1.13.VOH-Rad_98_patch_3_3.jpg,B1,A1,0.6498
processed_data_cleaned\test\B1\B1.13.VOH-Rad_98_patch_3_4.jpg,B1,A1,0.5292
processed_data_cleaned\test\B1\B1.13.VOH-Rad_99_patch_0_3.jpg,B1,A1,0.9801
processed_data_cleaned\test\B1\B1.13.VOH-Rad_99_patch_1_0.jpg,B1,A1,0.9568
processed_data_cleaned\test\B1\B1.13.VOH-Rad_99_patch_1_1.jpg,B1,A1,0.9998
processed_data_cleaned\test\B1\B1.13.VOH-Rad_99_patch_1_3.jpg,B1,A1,1.0
processed_data_cleaned\test\B1\B1.13.VOH-Rad_99_patch_2_0.jpg,B1,A1,0.8801
processed_data_cleaned\test\B1\B1.13.VOH-Rad_99_patch_2_2.jpg,B1,A1,0.985
processed_data_cleaned\test\B1\B1.13.VOH-Rad_99_patch_2_4.jpg,B1,A1,1.0
processed_data_cleaned\test\B1\B1.13.VOH-Rad_99_patch_3_3.jpg,B1,B2,0.4174
processed_data_cleaned\test\B1\B1.19.Apar-Bui_01_patch_0_3.jpg,B1,A1,0.988
processed_data_cleaned\test\B1\B1.19.Apar-Bui_01_patch_1_1.jpg,B1,A1,0.7644
processed_data_cleaned\test\B1\B1.19.Apar-Bui_01_patch_2_0.jpg,B1,A1,0.5389
processed_data_cleaned\test\B1\B1.19.Apar-Bui_01_patch_3_0.jpg,B1,A1,0.6821
processed_data_cleaned\test\B1\B1.19.Apar-Bui_02_patch_1_1.jpg,B1,A1,0.6019
processed_data_cleaned\test\B1\B1.19.Apar-Bui_02_patch_2_0.jpg,B1,A1,0.9916
processed_data_cleaned\test\B1\B1.19.Apar-Bui_03_patch_2_1.jpg,B1,A1,0.5161
processed_data_cleaned\test\B1\B1.19.Apar-Bui_03_patch_3_0.jpg,B1,A1,0.9955
processed_data_cleaned\test\B1\B1.19.Apar-Bui_03_patch_3_3.jpg,B1,A1,0.8246
processed_data_cleaned\test\B1\B1.19.Apar-Bui_04_patch_0_0.jpg,B1,A1,0.5155
processed_data_cleaned\test\B1\B1.19.Apar-Bui_04_patch_0_1.jpg,B1,A1,0.9026
processed_data_cleaned\test\B1\B1.19.Apar-Bui_04_patch_0_2.jpg,B1,A1,0.9836
processed_data_cleaned\test\B1\B1.19.Apar-Bui_04_patch_0_3.jpg,B1,A1,0.9694
processed_data_cleaned\test\B1\B1.19.Apar-Bui_04_patch_0_4.jpg,B1,A1,0.9927
processed_data_cleaned\test\B1\B1.19.Apar-Bui_04_patch_1_4.jpg,B1,A1,0.9222
processed_data_cleaned\test\B1\B1.19.Apar-Bui_04_patch_1_5.jpg,B1,A1,0.9694
processed_data_cleaned\test\B1\B1.19.Apar-Bui_04_patch_2_2.jpg,B1,A1,0.999
processed_data_cleaned\test\B1\B1.19.Apar-Bui_04_patch_3_5.jpg,B1,A1,0.5985
processed_data_cleaned\test\B1\B1.19.Apar-Bui_05_patch_0_0.jpg,B1,A1,0.9594
processed_data_cleaned\test\B1\B1.19.Apar-Bui_05_patch_0_1.jpg,B1,A1,0.8741
processed_data_cleaned\test\B1\B1.19.Apar-Bui_05_patch_0_2.jpg,B1,A1,0.9741
processed_data_cleaned\test\B1\B1.19.Apar-Bui_05_patch_1_4.jpg,B1,A1,0.9971
processed_data_cleaned\test\B1\B1.19.Apar-Bui_05_patch_2_0.jpg,B1,A1,0.9823
processed_data_cleaned\test\B1\B1.19.Apar-Bui_05_patch_3_4.jpg,B1,A2,0.8968
processed_data_cleaned\test\B1\B1.19.Apar-Bui_05_patch_3_5.jpg,B1,A1,0.7838
processed_data_cleaned\test\B1\B1.19.Apar-Bui_06_patch_0_2.jpg,B1,A2,0.9121
processed_data_cleaned\test\B1\B1.19.Apar-Bui_06_patch_3_4.jpg,B1,A1,0.7529
processed_data_cleaned\test\B1\B1.19.Apar-Bui_07_patch_1_0.jpg,B1,A1,0.9344
processed_data_cleaned\test\B1\B1.19.Apar-Bui_07_patch_2_0.jpg,B1,A1,0.993
processed_data_cleaned\test\B1\B1.19.Apar-Bui_08_patch_3_2.jpg,B1,A1,0.8883
processed_data_cleaned\test\B1\B1.19.Apar-Bui_08_patch_3_4.jpg,B1,A1,0.9356
processed_data_cleaned\test\B1\B1.19.Apar-Bui_08_patch_3_5.jpg,B1,A1,0.8399
processed_data_cleaned\test\B1\B1.19.Apar-Bui_09_patch_1_0.jpg,B1,B2,0.5126
processed_data_cleaned\test\B1\B1.19.Apar-Bui_09_patch_2_2.jpg,B1,A1,0.9846
processed_data_cleaned\test\B1\B1.19.Apar-Bui_09_patch_3_0.jpg,B1,A1,0.711
processed_data_cleaned\test\B1\B1.19.Apar-Bui_09_patch_3_4.jpg,B1,A1,0.8225
processed_data_cleaned\test\B1\B1.19.Apar-Bui_09_patch_3_5.jpg,B1,A1,0.8885
processed_data_cleaned\test\B1\B1.19.Apar-Bui_10_patch_3_0.jpg,B1,B2,0.9677
processed_data_cleaned\test\B1\B1.19.Apar-Bui_11_patch_1_3.jpg,B1,B2,0.5253
processed_data_cleaned\test\B1\B1.19.Apar-Bui_11_patch_2_1.jpg,B1,A1,0.8568
processed_data_cleaned\test\B1\B1.19.Apar-Bui_11_patch_3_1.jpg,B1,A1,0.9341
processed_data_cleaned\test\B1\B1.19.Apar-Bui_12_patch_3_5.jpg,B1,A1,0.9452
processed_data_cleaned\test\B1\B1.19.Apar-Bui_13_patch_0_1.jpg,B1,A1,0.8206
processed_data_cleaned\test\B1\B1.19.Apar-Bui_13_patch_0_2.jpg,B1,A1,0.8421
processed_data_cleaned\test\B1\B1.19.Apar-Bui_13_patch_1_1.jpg,B1,B2,0.9982
processed_data_cleaned\test\B1\B1.19.Apar-Bui_13_patch_1_2.jpg,B1,B2,0.5831
processed_data_cleaned\test\B1\B1.19.Apar-Bui_13_patch_2_0.jpg,B1,B2,0.7632
processed_data_cleaned\test\B1\B1.19.Apar-Bui_13_patch_2_1.jpg,B1,B2,0.9781
processed_data_cleaned\test\B1\B1.19.Apar-Bui_13_patch_2_2.jpg,B1,A1,0.6786
processed_data_cleaned\test\B1\B1.19.Apar-Bui_14_patch_0_0.jpg,B1,A1,0.9396
processed_data_cleaned\test\B1\B1.19.Apar-Bui_14_patch_1_1.jpg,B1,A1,0.7536
processed_data_cleaned\test\B1\B1.19.Apar-Bui_14_patch_3_4.jpg,B1,A1,0.5997
processed_data_cleaned\test\B1\B1.19.Apar-Bui_15_patch_0_0.jpg,B1,A1,0.8142
processed_data_cleaned\test\B1\B1.19.Apar-Bui_15_patch_0_5.jpg,B1,A2,0.9584
processed_data_cleaned\test\B1\B1.19.Apar-Bui_15_patch_1_5.jpg,B1,A1,0.9885
processed_data_cleaned\test\B1\B1.19.Apar-Bui_16_patch_1_0.jpg,B1,A1,0.6603
processed_data_cleaned\test\B1\B1.19.Apar-Bui_16_patch_1_1.jpg,B1,A1,0.9965
processed_data_cleaned\test\B1\B1.19.Apar-Bui_16_patch_3_0.jpg,B1,A1,0.7699
processed_data_cleaned\test\B1\B1.19.Apar-Bui_16_patch_3_1.jpg,B1,A1,0.895
processed_data_cleaned\test\B1\B1.19.Apar-Bui_16_patch_3_2.jpg,B1,A1,0.6322
processed_data_cleaned\test\B1\B1.19.Apar-Bui_17_patch_0_0.jpg,B1,A2,0.9998
processed_data_cleaned\test\B1\B1.19.Apar-Bui_17_patch_1_1.jpg,B1,A1,0.7601
processed_data_cleaned\test\B1\B1.19.Apar-Bui_17_patch_2_5.jpg,B1,A1,0.9159
processed_data_cleaned\test\B1\B1.19.Apar-Bui_18_patch_0_0.jpg,B1,A1,0.553
processed_data_cleaned\test\B1\B1.19.Apar-Bui_18_patch_0_5.jpg,B1,A1,0.9514
processed_data_cleaned\test\B1\B1.19.Apar-Bui_18_patch_1_5.jpg,B1,A1,0.8164
processed_data_cleaned\test\B1\B1.19.Apar-Bui_19_patch_2_0.jpg,B1,A2,0.935
processed_data_cleaned\test\B1\B1.19.Apar-Bui_20_patch_1_0.jpg,B1,A1,0.5975
processed_data_cleaned\test\B1\B1.19.Apar-Bui_20_patch_3_2.jpg,B1,A1,0.8888
processed_data_cleaned\test\B1\B1.19.Apar-Bui_21_patch_0_0.jpg,B1,A1,0.6417
processed_data_cleaned\test\B1\B1.19.Apar-Bui_22_patch_0_2.jpg,B1,A1,0.9999
processed_data_cleaned\test\B1\B1.19.Apar-Bui_22_patch_0_5.jpg,B1,A1,0.5351
processed_data_cleaned\test\B1\B1.19.Apar-Bui_23_patch_1_1.jpg,B1,A1,0.9757
processed_data_cleaned\test\B1\B1.19.Apar-Bui_23_patch_1_4.jpg,B1,A1,0.7384
processed_data_cleaned\test\B1\B1.19.Apar-Bui_23_patch_1_5.jpg,B1,A1,0.6291
processed_data_cleaned\test\B1\B1.19.Apar-Bui_24_patch_1_0.jpg,B1,A1,0.7114
processed_data_cleaned\test\B1\B1.19.Apar-Bui_24_patch_1_3.jpg,B1,A1,0.891
processed_data_cleaned\test\B1\B1.19.Apar-Bui_24_patch_1_4.jpg,B1,A1,0.9965
processed_data_cleaned\test\B1\B1.19.Apar-Bui_24_patch_1_5.jpg,B1,A1,0.9561
processed_data_cleaned\test\B1\B1.19.Apar-Bui_24_patch_2_1.jpg,B1,A1,0.9899
processed_data_cleaned\test\B1\B1.19.Apar-Bui_25_patch_2_5.jpg,B1,A1,0.7655
processed_data_cleaned\test\B1\B1.19.Apar-Bui_26_patch_1_3.jpg,B1,A1,0.8268
processed_data_cleaned\test\B1\B1.19.Apar-Bui_26_patch_1_4.jpg,B1,A1,0.906
processed_data_cleaned\test\B1\B1.19.Apar-Bui_27_patch_2_3.jpg,B1,A1,0.6106
processed_data_cleaned\test\B1\B1.19.Apar-Bui_27_patch_2_5.jpg,B1,A1,0.85
processed_data_cleaned\test\B1\B1.19.Apar-Bui_27_patch_3_4.jpg,B1,A1,0.6654
processed_data_cleaned\test\B1\B1.19.Apar-Bui_27_patch_3_5.jpg,B1,A1,0.9058
processed_data_cleaned\test\B1\B1.19.Apar-Bui_28_patch_1_2.jpg,B1,A1,0.7679
processed_data_cleaned\test\B1\B1.19.Apar-Bui_28_patch_2_1.jpg,B1,A1,0.7069
processed_data_cleaned\test\B1\B1.19.Apar-Bui_28_patch_2_4.jpg,B1,A1,0.7411
processed_data_cleaned\test\B1\B1.19.Apar-Bui_28_patch_2_5.jpg,B1,A1,0.712
processed_data_cleaned\test\B1\B1.19.Apar-Bui_28_patch_3_1.jpg,B1,A1,0.9942
processed_data_cleaned\test\B1\B1.19.Apar-Bui_28_patch_3_3.jpg,B1,A1,0.9801
processed_data_cleaned\test\B1\B1.19.Apar-Bui_28_patch_3_4.jpg,B1,A1,0.9958
processed_data_cleaned\test\B1\B1.19.Apar-Bui_29_patch_0_1.jpg,B1,A1,0.9545
processed_data_cleaned\test\B1\B1.19.Apar-Bui_29_patch_0_5.jpg,B1,A1,0.9684
processed_data_cleaned\test\B1\B1.19.Apar-Bui_29_patch_1_1.jpg,B1,A1,0.6524
processed_data_cleaned\test\B1\B1.19.Apar-Bui_29_patch_1_2.jpg,B1,A1,0.9058
processed_data_cleaned\test\B1\B1.19.Apar-Bui_30_patch_0_4.jpg,B1,A1,0.9995
processed_data_cleaned\test\B1\B1.19.Apar-Bui_30_patch_0_5.jpg,B1,A1,0.9675
processed_data_cleaned\test\B1\B1.19.Apar-Bui_30_patch_1_1.jpg,B1,A1,0.9233
processed_data_cleaned\test\B1\B1.19.Apar-Bui_30_patch_1_4.jpg,B1,A1,0.999
processed_data_cleaned\test\B1\B1.19.Apar-Bui_30_patch_2_5.jpg,B1,A1,0.705
processed_data_cleaned\test\B1\B1.19.Apar-Bui_31_patch_0_4.jpg,B1,A1,0.8486
processed_data_cleaned\test\B1\B1.19.Apar-Bui_31_patch_1_3.jpg,B1,A1,0.6486
processed_data_cleaned\test\B1\B1.19.Apar-Bui_31_patch_1_4.jpg,B1,A1,0.9986
processed_data_cleaned\test\B1\B1.19.Apar-Bui_31_patch_3_1.jpg,B1,A1,0.3727
processed_data_cleaned\test\B1\B1.19.Apar-Bui_31_patch_3_2.jpg,B1,A2,0.7004
processed_data_cleaned\test\B1\B1.19.Apar-Bui_31_patch_3_3.jpg,B1,A1,0.9968
processed_data_cleaned\test\B1\B1.19.Apar-Bui_31_patch_3_4.jpg,B1,A1,0.9918
processed_data_cleaned\test\B1\B1.19.Apar-Bui_33_patch_2_5.jpg,B1,A1,0.905
processed_data_cleaned\test\B1\B1.19.Apar-Bui_33_patch_3_0.jpg,B1,A1,0.4822
processed_data_cleaned\test\B1\B1.19.Apar-Bui_33_patch_3_1.jpg,B1,A1,0.6377
processed_data_cleaned\test\B1\B1.19.Apar-Bui_33_patch_3_2.jpg,B1,A2,0.8296
processed_data_cleaned\test\B1\B1.19.Apar-Bui_33_patch_3_3.jpg,B1,A2,0.6251
processed_data_cleaned\test\B1\B1.19.Apar-Bui_34_patch_2_1.jpg,B1,A1,0.6289
processed_data_cleaned\test\B1\B1.19.Apar-Bui_34_patch_3_0.jpg,B1,A1,0.6449
processed_data_cleaned\test\B1\B1.19.Apar-Bui_35_patch_0_0.jpg,B1,A1,0.554
processed_data_cleaned\test\B1\B1.19.Apar-Bui_35_patch_0_1.jpg,B1,A1,0.9851
processed_data_cleaned\test\B1\B1.19.Apar-Bui_35_patch_1_2.jpg,B1,A1,0.7726
processed_data_cleaned\test\B1\B1.19.Apar-Bui_35_patch_3_4.jpg,B1,A1,0.6989
processed_data_cleaned\test\B1\B1.19.Apar-Bui_35_patch_3_5.jpg,B1,A2,0.7102
processed_data_cleaned\test\B1\B1.19.Apar-Bui_36_patch_0_0.jpg,B1,A2,0.9603
processed_data_cleaned\test\B1\B1.19.Apar-Bui_37_patch_2_0.jpg,B1,A1,0.6517
processed_data_cleaned\test\B1\B1.19.Apar-Bui_37_patch_3_0.jpg,B1,B2,0.5457
processed_data_cleaned\test\B1\B1.19.Apar-Bui_38_patch_1_1.jpg,B1,A2,0.8888
processed_data_cleaned\test\B1\B1.19.Apar-Bui_38_patch_1_2.jpg,B1,A2,0.6425
processed_data_cleaned\test\B1\B1.19.Apar-Bui_38_patch_2_1.jpg,B1,A2,0.6997
processed_data_cleaned\test\B1\B1.19.Apar-Bui_39_patch_0_3.jpg,B1,A1,0.9247
processed_data_cleaned\test\B1\B1.19.Apar-Bui_39_patch_0_4.jpg,B1,A1,0.9825
processed_data_cleaned\test\B1\B1.19.Apar-Bui_39_patch_0_5.jpg,B1,A1,0.9679
processed_data_cleaned\test\B1\B1.19.Apar-Bui_39_patch_1_0.jpg,B1,A2,0.9999
processed_data_cleaned\test\B1\B1.19.Apar-Bui_39_patch_1_5.jpg,B1,A1,0.6359
processed_data_cleaned\test\B1\B1.19.Apar-Bui_39_patch_2_0.jpg,B1,A1,0.9542
processed_data_cleaned\test\B1\B1.19.Apar-Bui_39_patch_2_3.jpg,B1,A2,0.9897
processed_data_cleaned\test\B1\B1.19.Apar-Bui_39_patch_3_0.jpg,B1,A1,0.7002
processed_data_cleaned\test\B1\B1.19.Apar-Bui_40_patch_0_0.jpg,B1,B2,0.4904
processed_data_cleaned\test\B1\B1.19.Apar-Bui_40_patch_0_2.jpg,B1,A2,0.949
processed_data_cleaned\test\B1\B1.19.Apar-Bui_40_patch_0_4.jpg,B1,A1,0.8922
processed_data_cleaned\test\B1\B1.19.Apar-Bui_40_patch_1_1.jpg,B1,A1,0.6944
processed_data_cleaned\test\B1\B1.19.Apar-Bui_40_patch_1_3.jpg,B1,B2,0.9435
processed_data_cleaned\test\B1\B1.19.Apar-Bui_40_patch_2_2.jpg,B1,A1,0.9409
processed_data_cleaned\test\B1\B1.19.Apar-Bui_40_patch_3_3.jpg,B1,A1,0.831
processed_data_cleaned\test\B1\B1.19.Apar-Bui_41_patch_1_5.jpg,B1,A1,0.5782
processed_data_cleaned\test\B1\B1.19.Apar-Bui_41_patch_3_2.jpg,B1,A1,0.983
processed_data_cleaned\test\B1\B1.19.Apar-Bui_42_patch_3_3.jpg,B1,B2,0.7255
processed_data_cleaned\test\B1\B1.19.Apar-Bui_43_patch_0_4.jpg,B1,A1,0.9589
processed_data_cleaned\test\B1\B1.19.Apar-Bui_43_patch_1_5.jpg,B1,A1,0.9937
processed_data_cleaned\test\B1\B1.19.Apar-Bui_43_patch_2_1.jpg,B1,A1,0.8052
processed_data_cleaned\test\B1\B1.19.Apar-Bui_43_patch_2_4.jpg,B1,B2,0.8323
processed_data_cleaned\test\B1\B1.19.Apar-Bui_43_patch_3_4.jpg,B1,B2,0.483
processed_data_cleaned\test\B1\B1.19.Apar-Bui_44_patch_0_5.jpg,B1,A1,0.8441
processed_data_cleaned\test\B1\B1.19.Apar-Bui_44_patch_3_0.jpg,B1,A1,0.5633
processed_data_cleaned\test\B1\B1.19.Apar-Bui_45_patch_0_0.jpg,B1,A1,0.6362
processed_data_cleaned\test\B1\B1.19.Apar-Bui_45_patch_2_0.jpg,B1,A2,0.5996
processed_data_cleaned\test\B1\B1.19.Apar-Bui_45_patch_2_1.jpg,B1,A1,0.964
processed_data_cleaned\test\B1\B1.19.Apar-Bui_47_patch_0_0.jpg,B1,A2,0.9004
processed_data_cleaned\test\B1\B1.19.Apar-Bui_47_patch_1_0.jpg,B1,A2,0.6756
processed_data_cleaned\test\B1\B1.19.Apar-Bui_47_patch_3_4.jpg,B1,A1,0.7291
processed_data_cleaned\test\B1\B1.19.Apar-Bui_49_patch_0_4.jpg,B1,A1,0.9496
processed_data_cleaned\test\B1\B1.19.Apar-Bui_49_patch_1_1.jpg,B1,A2,0.5973
processed_data_cleaned\test\B1\B1.19.Apar-Bui_49_patch_1_2.jpg,B1,A2,0.4704
processed_data_cleaned\test\B1\B1.19.Apar-Bui_50_patch_1_2.jpg,B1,A2,0.6341
processed_data_cleaned\test\B1\B1.19.Apar-Bui_50_patch_1_4.jpg,B1,A1,0.9645
processed_data_cleaned\test\B1\B1.19.Apar-Bui_50_patch_3_0.jpg,B1,B2,0.6333
processed_data_cleaned\test\B1\B1.19.Apar-Bui_51_patch_0_0.jpg,B1,B2,0.7923
processed_data_cleaned\test\B1\B1.19.Apar-Bui_51_patch_0_1.jpg,B1,A1,0.4436
processed_data_cleaned\test\B1\B1.19.Apar-Bui_51_patch_0_4.jpg,B1,A1,0.9662
processed_data_cleaned\test\B1\B1.19.Apar-Bui_51_patch_0_5.jpg,B1,A1,0.6467
processed_data_cleaned\test\B1\B1.19.Apar-Bui_51_patch_1_4.jpg,B1,A1,0.8788
processed_data_cleaned\test\B1\B1.19.Apar-Bui_55_patch_3_1.jpg,B1,A2,0.5475
processed_data_cleaned\test\B1\B1.19.Apar-Bui_55_patch_3_5.jpg,B1,A2,0.9698
processed_data_cleaned\test\B1\B1.19.Apar-Bui_56_patch_0_0.jpg,B1,A1,0.7402
processed_data_cleaned\test\B1\B1.19.Apar-Bui_56_patch_3_0.jpg,B1,A1,0.9997
processed_data_cleaned\test\B1\B1.19.Apar-Bui_57_patch_2_1.jpg,B1,A1,0.508
processed_data_cleaned\test\B1\B1.19.Apar-Bui_58_patch_1_5.jpg,B1,A1,0.7121
processed_data_cleaned\test\B1\B1.19.Apar-Bui_58_patch_2_5.jpg,B1,A1,0.5765
processed_data_cleaned\test\B1\B1.19.Apar-Bui_58_patch_3_1.jpg,B1,A1,0.6157
processed_data_cleaned\test\B1\B1.19.Apar-Bui_59_patch_3_1.jpg,B1,A1,0.7144
processed_data_cleaned\test\B1\B1.19.Apar-Bui_60_patch_0_0.jpg,B1,A1,0.9201
processed_data_cleaned\test\B1\B1.19.Apar-Bui_60_patch_0_2.jpg,B1,A1,0.8102
processed_data_cleaned\test\B1\B1.19.Apar-Bui_60_patch_0_3.jpg,B1,A1,0.5903
processed_data_cleaned\test\B1\B1.19.Apar-Bui_60_patch_0_4.jpg,B1,A1,0.6587
processed_data_cleaned\test\B1\B1.19.Apar-Bui_60_patch_1_1.jpg,B1,A1,0.8563
processed_data_cleaned\test\B1\B1.19.Apar-Bui_60_patch_1_5.jpg,B1,A1,0.9722
processed_data_cleaned\test\B1\B1.19.Apar-Bui_60_patch_2_4.jpg,B1,A2,0.7383
processed_data_cleaned\test\B1\B1.19.Apar-Bui_60_patch_2_5.jpg,B1,A1,0.9477
processed_data_cleaned\test\B1\B1.19.Apar-Bui_60_patch_3_0.jpg,B1,A1,0.9997
processed_data_cleaned\test\B1\B1.19.Apar-Bui_60_patch_3_1.jpg,B1,A2,0.6875
processed_data_cleaned\test\B1\B1.19.Apar-Bui_61_patch_2_0.jpg,B1,A1,0.9794
processed_data_cleaned\test\B1\B1.19.Apar-Bui_61_patch_2_2.jpg,B1,A1,0.5178
processed_data_cleaned\test\B1\B1.19.Apar-Bui_62_patch_0_4.jpg,B1,A1,0.9726
processed_data_cleaned\test\B1\B1.19.Apar-Bui_62_patch_3_2.jpg,B1,A1,0.7318
processed_data_cleaned\test\B1\B1.19.Apar-Bui_63_patch_0_0.jpg,B1,A1,0.9355
processed_data_cleaned\test\B1\B1.19.Apar-Bui_63_patch_0_1.jpg,B1,A1,0.8694
processed_data_cleaned\test\B1\B1.19.Apar-Bui_63_patch_0_2.jpg,B1,A1,0.5026
processed_data_cleaned\test\B1\B1.19.Apar-Bui_63_patch_0_5.jpg,B1,A1,0.9833
processed_data_cleaned\test\B1\B1.19.Apar-Bui_63_patch_1_2.jpg,B1,A1,0.6307
processed_data_cleaned\test\B1\B1.19.Apar-Bui_63_patch_3_5.jpg,B1,B2,0.9671
processed_data_cleaned\test\B1\B1.19.Apar-Bui_64_patch_0_1.jpg,B1,A1,0.9846
processed_data_cleaned\test\B1\B1.19.Apar-Bui_64_patch_2_3.jpg,B1,A1,0.8552
processed_data_cleaned\test\B1\B1.19.Apar-Bui_65_patch_2_0.jpg,B1,B2,0.9606
processed_data_cleaned\test\B1\B1.19.Apar-Bui_65_patch_2_5.jpg,B1,A1,0.8244
processed_data_cleaned\test\B1\B1.19.Apar-Bui_65_patch_3_4.jpg,B1,A1,0.8915
processed_data_cleaned\test\B1\B1.19.Apar-Bui_65_patch_3_5.jpg,B1,A1,0.8712
processed_data_cleaned\test\B1\B1.19.Apar-Bui_66_patch_0_4.jpg,B1,A1,0.9699
processed_data_cleaned\test\B1\B1.19.Apar-Bui_66_patch_1_4.jpg,B1,A1,0.8478
processed_data_cleaned\test\B1\B1.19.Apar-Bui_66_patch_1_5.jpg,B1,A1,0.8945
processed_data_cleaned\test\B1\B1.19.Apar-Bui_66_patch_2_0.jpg,B1,A2,0.7582
processed_data_cleaned\test\B1\B1.19.Apar-Bui_66_patch_2_5.jpg,B1,A1,0.915
processed_data_cleaned\test\B1\B1.19.Apar-Bui_66_patch_3_0.jpg,B1,A1,0.6334
processed_data_cleaned\test\B1\B1.19.Apar-Bui_66_patch_3_3.jpg,B1,A1,0.6685
processed_data_cleaned\test\B1\B1.19.Apar-Bui_67_patch_0_4.jpg,B1,A1,0.9812
processed_data_cleaned\test\B1\B1.19.Apar-Bui_67_patch_1_4.jpg,B1,A1,0.6545
processed_data_cleaned\test\B1\B1.19.Apar-Bui_67_patch_2_0.jpg,B1,A2,0.6691
processed_data_cleaned\test\B1\B1.19.Apar-Bui_67_patch_2_5.jpg,B1,A1,0.7445
processed_data_cleaned\test\B1\B1.19.Apar-Bui_68_patch_1_1.jpg,B1,A1,0.8855
processed_data_cleaned\test\B1\B1.19.Apar-Bui_68_patch_1_4.jpg,B1,A1,0.9721
processed_data_cleaned\test\B1\B1.19.Apar-Bui_68_patch_2_0.jpg,B1,A1,0.9707
processed_data_cleaned\test\B1\B1.19.Apar-Bui_68_patch_2_4.jpg,B1,A1,0.7268
processed_data_cleaned\test\B1\B1.19.Apar-Bui_68_patch_2_5.jpg,B1,A1,0.5229
processed_data_cleaned\test\B1\B1.19.Apar-Bui_68_patch_3_4.jpg,B1,B2,0.9248
processed_data_cleaned\test\B1\B1.19.Apar-Bui_69_patch_0_5.jpg,B1,A1,0.994
processed_data_cleaned\test\B1\B1.19.Apar-Bui_69_patch_1_5.jpg,B1,A1,0.9982
processed_data_cleaned\test\B1\B1.19.Apar-Bui_69_patch_2_1.jpg,B1,A1,0.8769
processed_data_cleaned\test\B1\B1.19.Apar-Bui_69_patch_3_1.jpg,B1,A1,0.5583
processed_data_cleaned\test\B1\B1.19.Apar-Bui_69_patch_3_3.jpg,B1,A2,0.5171
processed_data_cleaned\test\B1\B1.19.Apar-Bui_70_patch_0_0.jpg,B1,A1,0.9412
processed_data_cleaned\test\B1\B1.19.Apar-Bui_70_patch_1_4.jpg,B1,A1,0.9853
processed_data_cleaned\test\B1\B1.19.Apar-Bui_70_patch_2_0.jpg,B1,A2,0.7109
processed_data_cleaned\test\B1\B1.19.Apar-Bui_70_patch_2_2.jpg,B1,A1,0.5337
processed_data_cleaned\test\B1\B1.19.Apar-Bui_70_patch_2_3.jpg,B1,A1,0.5878
processed_data_cleaned\test\B1\B1.19.Apar-Bui_70_patch_2_5.jpg,B1,A2,0.7602
processed_data_cleaned\test\B1\B1.19.Apar-Bui_70_patch_3_0.jpg,B1,A1,0.9651
processed_data_cleaned\test\B1\B1.19.Apar-Bui_70_patch_3_5.jpg,B1,A1,0.9698
processed_data_cleaned\test\B1\B1.19.Apar-Bui_71_patch_0_0.jpg,B1,B2,0.9744
processed_data_cleaned\test\B1\B1.19.Apar-Bui_71_patch_0_4.jpg,B1,A1,0.9556
processed_data_cleaned\test\B1\B1.19.Apar-Bui_71_patch_1_3.jpg,B1,A1,0.7361
processed_data_cleaned\test\B1\B1.19.Apar-Bui_71_patch_1_4.jpg,B1,A1,0.9427
processed_data_cleaned\test\B1\B1.19.Apar-Bui_71_patch_2_4.jpg,B1,A1,0.9933
processed_data_cleaned\test\B1\B1.19.Apar-Bui_71_patch_3_3.jpg,B1,A1,0.9789
processed_data_cleaned\test\B1\B1.19.Apar-Bui_72_patch_0_1.jpg,B1,B2,0.8561
processed_data_cleaned\test\B1\B1.19.Apar-Bui_72_patch_0_5.jpg,B1,A1,0.7361
processed_data_cleaned\test\B1\B1.19.Apar-Bui_72_patch_1_0.jpg,B1,A1,0.8821
processed_data_cleaned\test\B1\B1.19.Apar-Bui_72_patch_2_1.jpg,B1,A1,0.5914
processed_data_cleaned\test\B1\B1.19.Apar-Bui_72_patch_2_4.jpg,B1,A1,0.5566
processed_data_cleaned\test\B1\B1.19.Apar-Bui_72_patch_3_2.jpg,B1,B2,0.8787
processed_data_cleaned\test\B1\B1.19.Apar-Bui_73_patch_0_0.jpg,B1,A1,0.8143
processed_data_cleaned\test\B1\B1.19.Apar-Bui_73_patch_0_5.jpg,B1,A1,0.9843
processed_data_cleaned\test\B1\B1.19.Apar-Bui_73_patch_2_1.jpg,B1,B2,0.727
processed_data_cleaned\test\B1\B1.19.Apar-Bui_73_patch_3_0.jpg,B1,A1,0.6473
processed_data_cleaned\test\B1\B1.19.Apar-Bui_73_patch_3_5.jpg,B1,A1,0.9453
processed_data_cleaned\test\B1\B1.19.Apar-Bui_74_patch_0_4.jpg,B1,A1,0.8881
processed_data_cleaned\test\B1\B1.19.Apar-Bui_74_patch_2_3.jpg,B1,A1,0.8156
processed_data_cleaned\test\B1\B1.19.Apar-Bui_75_patch_0_1.jpg,B1,A1,0.9121
processed_data_cleaned\test\B1\B1.19.Apar-Bui_75_patch_0_2.jpg,B1,A1,0.6263
processed_data_cleaned\test\B1\B1.19.Apar-Bui_75_patch_0_5.jpg,B1,A1,0.7775
processed_data_cleaned\test\B1\B1.19.Apar-Bui_77_patch_2_2.jpg,B1,A1,0.6215
processed_data_cleaned\test\B1\B1.19.Apar-Bui_77_patch_2_4.jpg,B1,A1,0.7479
processed_data_cleaned\test\B1\B1.19.Apar-Bui_79_patch_1_3.jpg,B1,A1,0.7761
processed_data_cleaned\test\B1\B1.19.Apar-Bui_79_patch_1_4.jpg,B1,A1,0.7205
processed_data_cleaned\test\B1\B1.19.Apar-Bui_79_patch_2_1.jpg,B1,A1,0.8043
processed_data_cleaned\test\B1\B1.19.Apar-Bui_79_patch_2_3.jpg,B1,A1,0.8833
processed_data_cleaned\test\B1\B1.19.Apar-Bui_79_patch_3_0.jpg,B1,A1,0.9913
processed_data_cleaned\test\B1\B1.19.Apar-Bui_79_patch_3_2.jpg,B1,A1,0.5886
processed_data_cleaned\test\B1\B1.19.Apar-Bui_79_patch_3_5.jpg,B1,A1,0.8232
processed_data_cleaned\test\B1\B1.19.Apar-Bui_81_patch_2_3.jpg,B1,A2,0.8077
processed_data_cleaned\test\B1\B1.19.Apar-Bui_81_patch_3_5.jpg,B1,A1,0.8549
processed_data_cleaned\test\B1\B1.19.Apar-Bui_82_patch_1_0.jpg,B1,A1,0.7705
processed_data_cleaned\test\B1\B1.19.Apar-Bui_83_patch_0_1.jpg,B1,A1,0.6164
processed_data_cleaned\test\B1\B1.19.Apar-Bui_83_patch_0_5.jpg,B1,A2,0.989
processed_data_cleaned\test\B1\B1.19.Apar-Bui_86_patch_3_0.jpg,B1,A2,0.4157
processed_data_cleaned\test\B1\B1.19.Apar-Bui_87_patch_0_0.jpg,B1,A1,0.5065
processed_data_cleaned\test\B1\B1.19.Apar-Bui_87_patch_2_0.jpg,B1,A1,0.8925
processed_data_cleaned\test\B1\B1.19.Apar-Bui_87_patch_3_0.jpg,B1,A1,0.8397
processed_data_cleaned\test\B1\B1.19.Apar-Bui_87_patch_3_5.jpg,B1,A1,0.7911
processed_data_cleaned\test\B1\B1.19.Apar-Bui_88_patch_2_4.jpg,B1,A1,0.8545
processed_data_cleaned\test\B1\B1.19.Apar-Bui_88_patch_2_5.jpg,B1,A1,0.6343
processed_data_cleaned\test\B1\B1.19.Apar-Bui_90_patch_3_5.jpg,B1,A1,0.5304
processed_data_cleaned\test\B1\B1.19.Apar-Bui_91_patch_3_4.jpg,B1,A1,0.7855
processed_data_cleaned\test\B1\B1.19.Apar-Bui_91_patch_3_5.jpg,B1,B2,0.931
processed_data_cleaned\test\B1\B1.19.Apar-Bui_92_patch_1_0.jpg,B1,A1,0.6793
processed_data_cleaned\test\B1\B1.19.Apar-Bui_92_patch_1_1.jpg,B1,A2,0.8898
processed_data_cleaned\test\B1\B1.27.HB-The_01_patch_1_0.jpg,B1,A1,0.9995
processed_data_cleaned\test\B1\B1.27.HB-The_01_patch_2_0.jpg,B1,A1,0.9997
processed_data_cleaned\test\B1\B1.27.HB-The_01_patch_2_1.jpg,B1,A1,0.724
processed_data_cleaned\test\B1\B1.27.HB-The_01_patch_2_2.jpg,B1,A1,0.9721
processed_data_cleaned\test\B1\B1.27.HB-The_01_patch_3_1.jpg,B1,A1,0.9011
processed_data_cleaned\test\B1\B1.27.HB-The_01_patch_3_2.jpg,B1,A1,0.986
processed_data_cleaned\test\B1\B1.27.HB-The_02_patch_0_1.jpg,B1,A2,0.9946
processed_data_cleaned\test\B1\B1.27.HB-The_02_patch_0_2.jpg,B1,A2,0.973
processed_data_cleaned\test\B1\B1.27.HB-The_02_patch_0_3.jpg,B1,A2,0.8184
processed_data_cleaned\test\B1\B1.27.HB-The_02_patch_0_4.jpg,B1,A2,0.9425
processed_data_cleaned\test\B1\B1.27.HB-The_02_patch_0_5.jpg,B1,A1,0.5145
processed_data_cleaned\test\B1\B1.27.HB-The_02_patch_1_2.jpg,B1,A2,0.8163
processed_data_cleaned\test\B1\B1.27.HB-The_02_patch_1_3.jpg,B1,A2,0.949
processed_data_cleaned\test\B1\B1.27.HB-The_03_patch_0_0.jpg,B1,A1,0.9944
processed_data_cleaned\test\B1\B1.27.HB-The_03_patch_0_1.jpg,B1,A1,0.5841
processed_data_cleaned\test\B1\B1.27.HB-The_03_patch_0_4.jpg,B1,A1,0.9518
processed_data_cleaned\test\B1\B1.27.HB-The_03_patch_0_5.jpg,B1,A1,0.8956
processed_data_cleaned\test\B1\B1.27.HB-The_03_patch_1_0.jpg,B1,A1,0.7879
processed_data_cleaned\test\B1\B1.27.HB-The_03_patch_1_1.jpg,B1,A1,0.9456
processed_data_cleaned\test\B1\B1.27.HB-The_03_patch_1_2.jpg,B1,A2,0.7445
processed_data_cleaned\test\B1\B1.27.HB-The_03_patch_1_3.jpg,B1,A1,0.5881
processed_data_cleaned\test\B1\B1.27.HB-The_03_patch_1_4.jpg,B1,A1,0.6608
processed_data_cleaned\test\B1\B1.27.HB-The_03_patch_1_5.jpg,B1,A1,0.9215
processed_data_cleaned\test\B1\B1.27.HB-The_03_patch_2_0.jpg,B1,A1,0.8528
processed_data_cleaned\test\B1\B1.27.HB-The_03_patch_2_1.jpg,B1,A1,0.7253
processed_data_cleaned\test\B1\B1.27.HB-The_03_patch_2_4.jpg,B1,A1,0.986
processed_data_cleaned\test\B1\B1.27.HB-The_03_patch_2_5.jpg,B1,A1,0.8314
processed_data_cleaned\test\B1\B1.27.HB-The_03_patch_3_0.jpg,B1,A2,0.4789
processed_data_cleaned\test\B1\B1.27.HB-The_03_patch_3_1.jpg,B1,A1,0.899
processed_data_cleaned\test\B1\B1.27.HB-The_03_patch_3_4.jpg,B1,A1,0.9432
processed_data_cleaned\test\B1\B1.27.HB-The_03_patch_3_5.jpg,B1,A1,0.5165
processed_data_cleaned\test\B1\B1.27.HB-The_04_patch_0_2.jpg,B1,B2,0.6316
processed_data_cleaned\test\B1\B1.27.HB-The_04_patch_2_0.jpg,B1,B2,0.8614
processed_data_cleaned\test\B1\B1.27.HB-The_04_patch_2_3.jpg,B1,A2,0.9737
processed_data_cleaned\test\B1\B1.27.HB-The_04_patch_2_4.jpg,B1,A2,0.9797
processed_data_cleaned\test\B1\B1.27.HB-The_04_patch_3_0.jpg,B1,A1,0.9892
processed_data_cleaned\test\B1\B1.27.HB-The_04_patch_3_2.jpg,B1,A2,0.6688
processed_data_cleaned\test\B1\B1.27.HB-The_04_patch_3_3.jpg,B1,A2,0.9204
processed_data_cleaned\test\B1\B1.27.HB-The_04_patch_3_4.jpg,B1,A2,0.9993
processed_data_cleaned\test\B1\B1.27.HB-The_05_patch_0_0.jpg,B1,A1,0.9992
processed_data_cleaned\test\B1\B1.27.HB-The_05_patch_0_1.jpg,B1,A1,0.9947
processed_data_cleaned\test\B1\B1.27.HB-The_05_patch_1_0.jpg,B1,A1,0.9947
processed_data_cleaned\test\B1\B1.27.HB-The_05_patch_1_1.jpg,B1,A1,0.9958
processed_data_cleaned\test\B1\B1.27.HB-The_05_patch_2_0.jpg,B1,A1,0.7928
processed_data_cleaned\test\B1\B1.27.HB-The_05_patch_2_1.jpg,B1,A1,0.9999
processed_data_cleaned\test\B1\B1.27.HB-The_05_patch_3_1.jpg,B1,A1,0.8935
processed_data_cleaned\test\B1\B1.27.HB-The_06_patch_0_5.jpg,B1,A1,0.9826
processed_data_cleaned\test\B1\B1.27.HB-The_06_patch_1_5.jpg,B1,A1,0.6397
processed_data_cleaned\test\B1\B1.27.HB-The_06_patch_2_2.jpg,B1,A1,0.981
processed_data_cleaned\test\B1\B1.27.HB-The_06_patch_3_0.jpg,B1,A1,0.7775
processed_data_cleaned\test\B1\B1.27.HB-The_06_patch_3_3.jpg,B1,B2,0.8392
processed_data_cleaned\test\B1\B1.27.HB-The_06_patch_3_4.jpg,B1,B2,0.8902
processed_data_cleaned\test\B1\B1.27.HB-The_07_patch_0_3.jpg,B1,A2,0.9921
processed_data_cleaned\test\B1\B1.27.HB-The_07_patch_0_4.jpg,B1,A2,0.9225
processed_data_cleaned\test\B1\B1.27.HB-The_07_patch_1_3.jpg,B1,A1,0.9115
processed_data_cleaned\test\B1\B1.27.HB-The_07_patch_3_3.jpg,B1,A1,0.7599
processed_data_cleaned\test\B1\B1.27.HB-The_07_patch_3_5.jpg,B1,A1,0.5864
processed_data_cleaned\test\B1\B1.27.HB-The_08_patch_2_0.jpg,B1,A1,0.9874
processed_data_cleaned\test\B1\B1.27.HB-The_08_patch_2_2.jpg,B1,B2,0.5697
processed_data_cleaned\test\B1\B1.27.HB-The_08_patch_3_0.jpg,B1,A1,0.5224
processed_data_cleaned\test\B1\B1.27.HB-The_09_patch_0_2.jpg,B1,A1,0.9471
processed_data_cleaned\test\B1\B1.27.HB-The_09_patch_1_5.jpg,B1,A2,0.5474
processed_data_cleaned\test\B1\B1.27.HB-The_09_patch_2_5.jpg,B1,A1,0.7977
processed_data_cleaned\test\B1\B1.27.HB-The_09_patch_3_3.jpg,B1,A1,0.6309
processed_data_cleaned\test\B1\B1.27.HB-The_09_patch_3_4.jpg,B1,A1,0.8134
processed_data_cleaned\test\B1\B1.27.HB-The_09_patch_3_5.jpg,B1,A1,0.6033
processed_data_cleaned\test\B1\B1.27.HB-The_10_patch_0_0.jpg,B1,A1,0.7635
processed_data_cleaned\test\B1\B1.27.HB-The_10_patch_1_5.jpg,B1,A1,0.599
processed_data_cleaned\test\B1\B1.27.HB-The_10_patch_2_1.jpg,B1,A2,0.5781
processed_data_cleaned\test\B1\B1.27.HB-The_10_patch_2_4.jpg,B1,A1,0.8146
processed_data_cleaned\test\B1\B1.27.HB-The_10_patch_2_5.jpg,B1,A1,0.9078
processed_data_cleaned\test\B1\B1.27.HB-The_10_patch_3_5.jpg,B1,A1,0.8733
processed_data_cleaned\test\B1\B1.27.HB-The_11_patch_0_0.jpg,B1,A1,0.542
processed_data_cleaned\test\B1\B1.27.HB-The_11_patch_1_2.jpg,B1,A2,0.6397
processed_data_cleaned\test\B1\B1.27.HB-The_11_patch_1_4.jpg,B1,A2,0.7364
processed_data_cleaned\test\B1\B1.27.HB-The_11_patch_2_4.jpg,B1,A1,0.802
processed_data_cleaned\test\B1\B1.27.HB-The_12_patch_0_2.jpg,B1,A1,0.8748
processed_data_cleaned\test\B1\B1.27.HB-The_12_patch_1_1.jpg,B1,A1,0.3549
processed_data_cleaned\test\B1\B1.27.HB-The_12_patch_2_1.jpg,B1,A1,0.9954
processed_data_cleaned\test\B1\B1.27.HB-The_12_patch_2_3.jpg,B1,A2,0.9771
processed_data_cleaned\test\B1\B1.27.HB-The_12_patch_2_4.jpg,B1,A2,0.999
processed_data_cleaned\test\B1\B1.27.HB-The_12_patch_3_3.jpg,B1,A2,0.9853
processed_data_cleaned\test\B1\B1.27.HB-The_12_patch_3_4.jpg,B1,A2,0.9995
processed_data_cleaned\test\B1\B1.27.HB-The_12_patch_3_5.jpg,B1,A2,0.9999
processed_data_cleaned\test\B1\B1.27.HB-The_13_patch_0_1.jpg,B1,A1,0.9919
processed_data_cleaned\test\B1\B1.27.HB-The_13_patch_1_1.jpg,B1,A1,0.9841
processed_data_cleaned\test\B1\B1.27.HB-The_13_patch_2_2.jpg,B1,A2,0.6307
processed_data_cleaned\test\B1\B1.27.HB-The_13_patch_3_3.jpg,B1,A2,0.8599
processed_data_cleaned\test\B1\B1.27.HB-The_14_patch_0_1.jpg,B1,B2,0.4996
processed_data_cleaned\test\B1\B1.27.HB-The_14_patch_0_3.jpg,B1,A1,0.4853
processed_data_cleaned\test\B1\B1.27.HB-The_14_patch_0_4.jpg,B1,B2,0.3202
processed_data_cleaned\test\B1\B1.27.HB-The_14_patch_0_5.jpg,B1,A2,0.7042
processed_data_cleaned\test\B1\B1.27.HB-The_14_patch_1_5.jpg,B1,A1,0.8868
processed_data_cleaned\test\B1\B1.27.HB-The_14_patch_2_0.jpg,B1,A1,0.5659
processed_data_cleaned\test\B1\B1.27.HB-The_14_patch_2_1.jpg,B1,A1,0.5442
processed_data_cleaned\test\B1\B1.27.HB-The_14_patch_2_2.jpg,B1,A1,0.681
processed_data_cleaned\test\B1\B1.27.HB-The_14_patch_2_3.jpg,B1,A1,0.995
processed_data_cleaned\test\B1\B1.27.HB-The_14_patch_2_4.jpg,B1,A1,0.9994
processed_data_cleaned\test\B1\B1.27.HB-The_14_patch_3_3.jpg,B1,A1,0.6808
processed_data_cleaned\test\B1\B1.27.HB-The_14_patch_3_4.jpg,B1,A1,0.9756
processed_data_cleaned\test\B1\B1.27.HB-The_15_patch_0_1.jpg,B1,A1,0.8063
processed_data_cleaned\test\B1\B1.27.HB-The_15_patch_0_2.jpg,B1,A1,0.9874
processed_data_cleaned\test\B1\B1.27.HB-The_15_patch_0_4.jpg,B1,A1,0.993
processed_data_cleaned\test\B1\B1.27.HB-The_15_patch_0_5.jpg,B1,A1,0.7232
processed_data_cleaned\test\B1\B1.27.HB-The_15_patch_1_0.jpg,B1,A1,0.7415
processed_data_cleaned\test\B1\B1.27.HB-The_15_patch_1_2.jpg,B1,A1,0.9999
processed_data_cleaned\test\B1\B1.27.HB-The_15_patch_2_1.jpg,B1,A1,0.9991
processed_data_cleaned\test\B1\B1.27.HB-The_15_patch_3_3.jpg,B1,A1,0.7778
processed_data_cleaned\test\B1\B1.27.HB-The_16_patch_1_3.jpg,B1,A1,0.8245
processed_data_cleaned\test\B1\B1.27.HB-The_16_patch_1_4.jpg,B1,A2,0.5496
processed_data_cleaned\test\B1\B1.27.HB-The_16_patch_2_2.jpg,B1,A1,0.8507
processed_data_cleaned\test\B1\B1.27.HB-The_16_patch_2_3.jpg,B1,A1,0.9619
processed_data_cleaned\test\B1\B1.27.HB-The_16_patch_2_4.jpg,B1,A1,0.9562
processed_data_cleaned\test\B1\B1.27.HB-The_16_patch_3_3.jpg,B1,A1,0.9551
processed_data_cleaned\test\B1\B1.27.HB-The_16_patch_3_4.jpg,B1,A1,0.9512
processed_data_cleaned\test\B1\B1.27.HB-The_16_patch_3_5.jpg,B1,A1,0.9564
processed_data_cleaned\test\B1\B1.27.HB-The_17_patch_1_5.jpg,B1,A2,0.7315
processed_data_cleaned\test\B1\B1.27.HB-The_17_patch_2_4.jpg,B1,A2,0.464
processed_data_cleaned\test\B1\B1.27.HB-The_17_patch_2_5.jpg,B1,A1,0.9894
processed_data_cleaned\test\B1\B1.27.HB-The_17_patch_3_4.jpg,B1,A1,0.7978
processed_data_cleaned\test\B1\B1.27.HB-The_17_patch_3_5.jpg,B1,A1,0.9441
processed_data_cleaned\test\B1\B1.27.HB-The_18_patch_0_2.jpg,B1,A1,0.6891
processed_data_cleaned\test\B1\B1.27.HB-The_18_patch_0_3.jpg,B1,A2,0.3693
processed_data_cleaned\test\B1\B1.27.HB-The_18_patch_3_4.jpg,B1,A1,0.6761
processed_data_cleaned\test\B1\B1.27.HB-The_19_patch_0_3.jpg,B1,A1,0.7849
processed_data_cleaned\test\B1\B1.27.HB-The_19_patch_0_5.jpg,B1,A1,0.9504
processed_data_cleaned\test\B1\B1.27.HB-The_19_patch_1_4.jpg,B1,A1,0.8105
processed_data_cleaned\test\B1\B1.27.HB-The_19_patch_2_5.jpg,B1,A1,0.6887
processed_data_cleaned\test\B1\B1.27.HB-The_19_patch_3_0.jpg,B1,A1,0.914
processed_data_cleaned\test\B1\B1.27.HB-The_20_patch_0_3.jpg,B1,A1,0.5085
processed_data_cleaned\test\B1\B1.27.HB-The_20_patch_1_0.jpg,B1,A2,0.908
processed_data_cleaned\test\B1\B1.27.HB-The_20_patch_1_2.jpg,B1,A2,0.7124
processed_data_cleaned\test\B1\B1.27.HB-The_20_patch_1_3.jpg,B1,A2,0.9984
processed_data_cleaned\test\B1\B1.27.HB-The_20_patch_1_4.jpg,B1,A1,1.0
processed_data_cleaned\test\B1\B1.27.HB-The_20_patch_1_5.jpg,B1,A2,0.8738
processed_data_cleaned\test\B1\B1.27.HB-The_20_patch_2_0.jpg,B1,A2,0.9489
processed_data_cleaned\test\B1\B1.27.HB-The_20_patch_2_1.jpg,B1,A2,0.9998
processed_data_cleaned\test\B1\B1.27.HB-The_20_patch_2_2.jpg,B1,A2,0.9992
processed_data_cleaned\test\B1\B1.27.HB-The_20_patch_2_3.jpg,B1,A2,0.9933
processed_data_cleaned\test\B1\B1.27.HB-The_20_patch_2_5.jpg,B1,A2,0.7637
processed_data_cleaned\test\B1\B1.27.HB-The_20_patch_3_0.jpg,B1,A2,0.9537
processed_data_cleaned\test\B1\B1.27.HB-The_20_patch_3_1.jpg,B1,A2,0.9926
processed_data_cleaned\test\B1\B1.27.HB-The_20_patch_3_2.jpg,B1,A2,0.9948
processed_data_cleaned\test\B1\B1.27.HB-The_20_patch_3_3.jpg,B1,A2,0.8804
processed_data_cleaned\test\B1\B1.27.HB-The_20_patch_3_4.jpg,B1,A1,0.6102
processed_data_cleaned\test\B1\B1.27.HB-The_21_patch_0_3.jpg,B1,A2,0.8925
processed_data_cleaned\test\B1\B1.27.HB-The_21_patch_0_4.jpg,B1,A2,0.9272
processed_data_cleaned\test\B1\B1.27.HB-The_21_patch_1_2.jpg,B1,A2,0.9715
processed_data_cleaned\test\B1\B1.27.HB-The_21_patch_1_3.jpg,B1,A2,0.8913
processed_data_cleaned\test\B1\B1.27.HB-The_21_patch_1_4.jpg,B1,A1,0.9928
processed_data_cleaned\test\B1\B1.27.HB-The_21_patch_2_3.jpg,B1,A1,0.5439
processed_data_cleaned\test\B1\B1.27.HB-The_21_patch_2_5.jpg,B1,A1,0.7476
processed_data_cleaned\test\B1\B1.27.HB-The_21_patch_3_1.jpg,B1,B2,0.5588
processed_data_cleaned\test\B1\B1.27.HB-The_21_patch_3_2.jpg,B1,A1,0.9904
processed_data_cleaned\test\B1\B1.27.HB-The_21_patch_3_5.jpg,B1,A1,0.9941
processed_data_cleaned\test\B1\B1.27.HB-The_22_patch_0_0.jpg,B1,B2,0.8714
processed_data_cleaned\test\B1\B1.27.HB-The_22_patch_0_2.jpg,B1,A2,0.9988
processed_data_cleaned\test\B1\B1.27.HB-The_22_patch_0_3.jpg,B1,A2,0.9967
processed_data_cleaned\test\B1\B1.27.HB-The_22_patch_0_4.jpg,B1,A2,0.9862
processed_data_cleaned\test\B1\B1.27.HB-The_22_patch_1_2.jpg,B1,A2,0.981
processed_data_cleaned\test\B1\B1.27.HB-The_22_patch_1_3.jpg,B1,A2,0.9208
processed_data_cleaned\test\B1\B1.27.HB-The_22_patch_2_3.jpg,B1,A1,0.7507
processed_data_cleaned\test\B1\B1.27.HB-The_22_patch_2_4.jpg,B1,A2,0.856
processed_data_cleaned\test\B1\B1.27.HB-The_22_patch_2_5.jpg,B1,A1,0.7505
processed_data_cleaned\test\B1\B1.27.HB-The_22_patch_3_1.jpg,B1,B2,0.8734
processed_data_cleaned\test\B1\B1.27.HB-The_22_patch_3_2.jpg,B1,A1,0.8238
processed_data_cleaned\test\B1\B1.27.HB-The_22_patch_3_3.jpg,B1,A2,0.9271
processed_data_cleaned\test\B1\B1.27.HB-The_23_patch_0_2.jpg,B1,A2,0.7111
processed_data_cleaned\test\B1\B1.27.HB-The_23_patch_0_3.jpg,B1,A1,0.9912
processed_data_cleaned\test\B1\B1.27.HB-The_23_patch_0_5.jpg,B1,A2,0.9998
processed_data_cleaned\test\B1\B1.27.HB-The_23_patch_1_3.jpg,B1,A2,1.0
processed_data_cleaned\test\B1\B1.27.HB-The_23_patch_1_4.jpg,B1,A2,0.9999
processed_data_cleaned\test\B1\B1.27.HB-The_23_patch_1_5.jpg,B1,A2,0.9956
processed_data_cleaned\test\B1\B1.27.HB-The_23_patch_2_2.jpg,B1,A2,0.9321
processed_data_cleaned\test\B1\B1.27.HB-The_23_patch_2_3.jpg,B1,A2,0.9992
processed_data_cleaned\test\B1\B1.27.HB-The_23_patch_2_4.jpg,B1,A2,0.9988
processed_data_cleaned\test\B1\B1.27.HB-The_23_patch_2_5.jpg,B1,A2,0.9738
processed_data_cleaned\test\B1\B1.27.HB-The_23_patch_3_2.jpg,B1,A2,0.9966
processed_data_cleaned\test\B1\B1.27.HB-The_23_patch_3_3.jpg,B1,A2,0.9987
processed_data_cleaned\test\B1\B1.27.HB-The_23_patch_3_4.jpg,B1,A2,0.9992
processed_data_cleaned\test\B1\B1.27.HB-The_23_patch_3_5.jpg,B1,A2,0.9914
processed_data_cleaned\test\B1\B1.27.HB-The_24_patch_0_5.jpg,B1,A2,0.9836
processed_data_cleaned\test\B1\B1.27.HB-The_24_patch_1_1.jpg,B1,A2,0.9959
processed_data_cleaned\test\B1\B1.27.HB-The_24_patch_1_2.jpg,B1,A2,0.9994
processed_data_cleaned\test\B1\B1.27.HB-The_24_patch_1_3.jpg,B1,A1,0.999
processed_data_cleaned\test\B1\B1.27.HB-The_24_patch_1_4.jpg,B1,A2,0.9978
processed_data_cleaned\test\B1\B1.27.HB-The_24_patch_1_5.jpg,B1,A2,0.8286
processed_data_cleaned\test\B1\B1.27.HB-The_24_patch_2_0.jpg,B1,A2,1.0
processed_data_cleaned\test\B1\B1.27.HB-The_24_patch_2_1.jpg,B1,A2,0.9999
processed_data_cleaned\test\B1\B1.27.HB-The_24_patch_2_2.jpg,B1,A2,0.9966
processed_data_cleaned\test\B1\B1.27.HB-The_24_patch_2_3.jpg,B1,A2,0.9848
processed_data_cleaned\test\B1\B1.27.HB-The_24_patch_2_4.jpg,B1,A2,0.994
processed_data_cleaned\test\B1\B1.27.HB-The_24_patch_2_5.jpg,B1,A2,0.9795
processed_data_cleaned\test\B1\B1.27.HB-The_24_patch_3_0.jpg,B1,A2,0.9995
processed_data_cleaned\test\B1\B1.27.HB-The_24_patch_3_1.jpg,B1,A2,0.9992
processed_data_cleaned\test\B1\B1.27.HB-The_24_patch_3_2.jpg,B1,A2,0.6996
processed_data_cleaned\test\B1\B1.27.HB-The_24_patch_3_3.jpg,B1,A2,0.6202
processed_data_cleaned\test\B1\B1.27.HB-The_24_patch_3_4.jpg,B1,A2,0.8987
processed_data_cleaned\test\B1\B1.27.HB-The_24_patch_3_5.jpg,B1,A2,0.9623
processed_data_cleaned\test\B1\B1.27.HB-The_25_patch_0_0.jpg,B1,A1,0.6424
processed_data_cleaned\test\B1\B1.27.HB-The_25_patch_0_1.jpg,B1,A1,0.9788
processed_data_cleaned\test\B1\B1.27.HB-The_25_patch_0_3.jpg,B1,A1,0.9688
processed_data_cleaned\test\B1\B1.27.HB-The_25_patch_0_4.jpg,B1,A2,0.7917
processed_data_cleaned\test\B1\B1.27.HB-The_25_patch_1_0.jpg,B1,B2,0.9988
processed_data_cleaned\test\B1\B1.27.HB-The_25_patch_1_2.jpg,B1,A1,0.9699
processed_data_cleaned\test\B1\B1.27.HB-The_25_patch_1_3.jpg,B1,A1,0.5991
processed_data_cleaned\test\B1\B1.27.HB-The_25_patch_2_3.jpg,B1,A1,0.5153
processed_data_cleaned\test\B1\B1.27.HB-The_25_patch_3_0.jpg,B1,A1,0.9459
processed_data_cleaned\test\B1\B1.27.HB-The_26_patch_0_1.jpg,B1,A2,0.9999
processed_data_cleaned\test\B1\B1.27.HB-The_26_patch_0_2.jpg,B1,A2,1.0
processed_data_cleaned\test\B1\B1.27.HB-The_26_patch_0_3.jpg,B1,A2,1.0
processed_data_cleaned\test\B1\B1.27.HB-The_26_patch_0_4.jpg,B1,A2,0.7629
processed_data_cleaned\test\B1\B1.27.HB-The_26_patch_0_5.jpg,B1,A2,0.9907
processed_data_cleaned\test\B1\B1.27.HB-The_26_patch_3_0.jpg,B1,A1,0.8295
processed_data_cleaned\test\B1\B1.27.HB-The_26_patch_3_1.jpg,B1,A1,0.9801
processed_data_cleaned\test\B1\B1.27.HB-The_26_patch_3_2.jpg,B1,A1,0.9953
processed_data_cleaned\test\B1\B1.27.HB-The_26_patch_3_3.jpg,B1,A1,0.9899
processed_data_cleaned\test\B1\B1.27.HB-The_26_patch_3_4.jpg,B1,A1,0.9192
processed_data_cleaned\test\B1\B1.27.HB-The_26_patch_3_5.jpg,B1,A2,0.6654
processed_data_cleaned\test\B1\B1.27.HB-The_27_patch_0_0.jpg,B1,A1,0.9679
processed_data_cleaned\test\B1\B1.27.HB-The_27_patch_0_2.jpg,B1,A1,0.4631
processed_data_cleaned\test\B1\B1.27.HB-The_27_patch_0_3.jpg,B1,A2,0.9892
processed_data_cleaned\test\B1\B1.27.HB-The_27_patch_0_4.jpg,B1,A2,0.9922
processed_data_cleaned\test\B1\B1.27.HB-The_27_patch_0_5.jpg,B1,A2,0.994
processed_data_cleaned\test\B1\B1.27.HB-The_27_patch_1_2.jpg,B1,A2,0.97
processed_data_cleaned\test\B1\B1.27.HB-The_27_patch_1_3.jpg,B1,A2,0.9092
processed_data_cleaned\test\B1\B1.27.HB-The_27_patch_1_4.jpg,B1,A2,0.953
processed_data_cleaned\test\B1\B1.27.HB-The_27_patch_1_5.jpg,B1,A2,0.9957
processed_data_cleaned\test\B1\B1.27.HB-The_27_patch_2_0.jpg,B1,A1,0.9069
processed_data_cleaned\test\B1\B1.27.HB-The_27_patch_2_4.jpg,B1,A2,0.8746
processed_data_cleaned\test\B1\B1.27.HB-The_27_patch_2_5.jpg,B1,A2,0.9994
processed_data_cleaned\test\B1\B1.27.HB-The_27_patch_3_0.jpg,B1,A1,0.9966
processed_data_cleaned\test\B1\B1.27.HB-The_27_patch_3_1.jpg,B1,A1,0.9635
processed_data_cleaned\test\B1\B1.27.HB-The_28_patch_0_1.jpg,B1,A2,0.8798
processed_data_cleaned\test\B1\B1.27.HB-The_28_patch_0_2.jpg,B1,A2,0.8365
processed_data_cleaned\test\B1\B1.27.HB-The_28_patch_0_3.jpg,B1,A2,0.9994
processed_data_cleaned\test\B1\B1.27.HB-The_28_patch_1_3.jpg,B1,A2,0.9993
processed_data_cleaned\test\B1\B1.27.HB-The_28_patch_2_3.jpg,B1,A1,0.4173
processed_data_cleaned\test\B1\B1.27.HB-The_28_patch_3_1.jpg,B1,A1,0.8525
processed_data_cleaned\test\B1\B1.27.HB-The_29_patch_0_2.jpg,B1,A2,0.991
processed_data_cleaned\test\B1\B1.27.HB-The_29_patch_0_4.jpg,B1,B2,0.9811
processed_data_cleaned\test\B1\B1.27.HB-The_29_patch_1_0.jpg,B1,A1,0.5764
processed_data_cleaned\test\B1\B1.27.HB-The_29_patch_1_2.jpg,B1,A2,0.7351
processed_data_cleaned\test\B1\B1.27.HB-The_29_patch_1_3.jpg,B1,A2,0.9943
processed_data_cleaned\test\B1\B1.27.HB-The_29_patch_2_0.jpg,B1,A1,0.6292
processed_data_cleaned\test\B1\B1.27.HB-The_29_patch_3_0.jpg,B1,A2,0.3727
processed_data_cleaned\test\B1\B1.27.HB-The_29_patch_3_1.jpg,B1,A1,0.9203
processed_data_cleaned\test\B1\B1.27.HB-The_29_patch_3_2.jpg,B1,A1,0.9263
processed_data_cleaned\test\B1\B1.27.HB-The_30_patch_0_0.jpg,B1,A1,0.9714
processed_data_cleaned\test\B1\B1.27.HB-The_30_patch_0_1.jpg,B1,A1,0.8677
processed_data_cleaned\test\B1\B1.27.HB-The_30_patch_0_5.jpg,B1,A1,0.7008
processed_data_cleaned\test\B1\B1.27.HB-The_30_patch_1_1.jpg,B1,A1,0.9323
processed_data_cleaned\test\B1\B1.27.HB-The_30_patch_1_2.jpg,B1,B2,0.5968
processed_data_cleaned\test\B1\B1.27.HB-The_30_patch_2_2.jpg,B1,A1,0.7626
processed_data_cleaned\test\B1\B1.27.HB-The_30_patch_3_0.jpg,B1,A1,0.5358
processed_data_cleaned\test\B1\B1.27.HB-The_30_patch_3_1.jpg,B1,A1,0.72
processed_data_cleaned\test\B1\B1.27.HB-The_31_patch_0_0.jpg,B1,A1,0.9562
processed_data_cleaned\test\B1\B1.27.HB-The_31_patch_0_1.jpg,B1,A1,0.7977
processed_data_cleaned\test\B1\B1.27.HB-The_31_patch_0_5.jpg,B1,A1,0.991
processed_data_cleaned\test\B1\B1.27.HB-The_31_patch_1_2.jpg,B1,B2,0.4618
processed_data_cleaned\test\B1\B1.27.HB-The_31_patch_2_2.jpg,B1,A1,0.655
processed_data_cleaned\test\B1\B1.27.HB-The_31_patch_2_4.jpg,B1,A1,0.6669
processed_data_cleaned\test\B1\B1.27.HB-The_31_patch_3_0.jpg,B1,B2,0.8973
processed_data_cleaned\test\B1\B1.27.HB-The_31_patch_3_1.jpg,B1,A1,0.6074
processed_data_cleaned\test\B1\B1.27.HB-The_31_patch_3_4.jpg,B1,A2,0.3979
processed_data_cleaned\test\B1\B1.27.HB-The_32_patch_0_0.jpg,B1,A1,0.8913
processed_data_cleaned\test\B1\B1.27.HB-The_32_patch_0_1.jpg,B1,A1,0.9344
processed_data_cleaned\test\B1\B1.27.HB-The_32_patch_0_4.jpg,B1,A1,0.9165
processed_data_cleaned\test\B1\B1.27.HB-The_32_patch_0_5.jpg,B1,A1,0.5881
processed_data_cleaned\test\B1\B1.27.HB-The_32_patch_2_0.jpg,B1,A1,0.6818
processed_data_cleaned\test\B1\B1.27.HB-The_32_patch_2_3.jpg,B1,A1,0.94
processed_data_cleaned\test\B1\B1.27.HB-The_32_patch_2_4.jpg,B1,A1,0.6567
processed_data_cleaned\test\B1\B1.27.HB-The_32_patch_3_1.jpg,B1,A1,0.5562
processed_data_cleaned\test\B1\B1.27.HB-The_32_patch_3_4.jpg,B1,A1,0.9571
processed_data_cleaned\test\B1\B1.27.HB-The_33_patch_0_1.jpg,B1,A1,0.9688
processed_data_cleaned\test\B1\B1.27.HB-The_33_patch_0_2.jpg,B1,A1,0.8447
processed_data_cleaned\test\B1\B1.27.HB-The_33_patch_1_1.jpg,B1,A1,0.9802
processed_data_cleaned\test\B1\B1.27.HB-The_33_patch_2_1.jpg,B1,A1,0.9947
processed_data_cleaned\test\B1\B1.27.HB-The_33_patch_2_2.jpg,B1,A1,0.8361
processed_data_cleaned\test\B1\B1.27.HB-The_33_patch_2_5.jpg,B1,A1,0.7704
processed_data_cleaned\test\B1\B1.27.HB-The_33_patch_3_0.jpg,B1,A2,0.4317
processed_data_cleaned\test\B1\B1.27.HB-The_33_patch_3_1.jpg,B1,A1,0.6146
processed_data_cleaned\test\B1\B1.27.HB-The_33_patch_3_2.jpg,B1,A1,0.9625
processed_data_cleaned\test\B1\B1.27.HB-The_33_patch_3_3.jpg,B1,A1,0.5666
processed_data_cleaned\test\B1\B1.27.HB-The_34_patch_0_5.jpg,B1,A1,0.8676
processed_data_cleaned\test\B1\B1.27.HB-The_34_patch_1_1.jpg,B1,A1,0.8608
processed_data_cleaned\test\B1\B1.27.HB-The_34_patch_1_3.jpg,B1,A1,0.7526
processed_data_cleaned\test\B1\B1.27.HB-The_34_patch_3_4.jpg,B1,A1,0.6862
processed_data_cleaned\test\B1\B1.27.HB-The_35_patch_0_0.jpg,B1,A2,0.8893
processed_data_cleaned\test\B1\B1.27.HB-The_35_patch_0_1.jpg,B1,A2,0.9228
processed_data_cleaned\test\B1\B1.27.HB-The_35_patch_0_2.jpg,B1,A1,0.5092
processed_data_cleaned\test\B1\B1.27.HB-The_35_patch_0_5.jpg,B1,A1,0.9329
processed_data_cleaned\test\B1\B1.27.HB-The_35_patch_1_0.jpg,B1,A2,0.7774
processed_data_cleaned\test\B1\B1.27.HB-The_35_patch_1_1.jpg,B1,A2,0.7195
processed_data_cleaned\test\B1\B1.27.HB-The_35_patch_1_2.jpg,B1,A1,0.754
processed_data_cleaned\test\B1\B1.27.HB-The_35_patch_2_1.jpg,B1,A1,0.9943
processed_data_cleaned\test\B1\B1.27.HB-The_35_patch_3_1.jpg,B1,A1,0.9974
processed_data_cleaned\test\B1\B1.27.HB-The_35_patch_3_2.jpg,B1,A1,0.9484
processed_data_cleaned\test\B1\B1.27.HB-The_36_patch_0_0.jpg,B1,A2,0.7181
processed_data_cleaned\test\B1\B1.27.HB-The_36_patch_0_2.jpg,B1,A1,0.3791
processed_data_cleaned\test\B1\B1.27.HB-The_36_patch_0_3.jpg,B1,A1,0.5152
processed_data_cleaned\test\B1\B1.27.HB-The_36_patch_0_5.jpg,B1,A1,0.5345
processed_data_cleaned\test\B1\B1.27.HB-The_36_patch_1_0.jpg,B1,A2,0.5732
processed_data_cleaned\test\B1\B1.27.HB-The_36_patch_3_0.jpg,B1,A1,0.7063
processed_data_cleaned\test\B1\B1.27.HB-The_36_patch_3_5.jpg,B1,A1,0.3608
processed_data_cleaned\test\B1\B1.27.HB-The_37_patch_1_0.jpg,B1,A2,0.4444
processed_data_cleaned\test\B1\B1.27.HB-The_37_patch_1_1.jpg,B1,A2,0.7486
processed_data_cleaned\test\B1\B1.27.HB-The_37_patch_1_2.jpg,B1,A2,0.8542
processed_data_cleaned\test\B1\B1.27.HB-The_37_patch_2_0.jpg,B1,A1,0.4739
processed_data_cleaned\test\B1\B1.27.HB-The_37_patch_2_1.jpg,B1,A1,0.4345
processed_data_cleaned\test\B1\B1.27.HB-The_37_patch_2_2.jpg,B1,A1,0.6205
processed_data_cleaned\test\B1\B1.27.HB-The_37_patch_3_0.jpg,B1,A2,0.8742
processed_data_cleaned\test\B1\B1.27.HB-The_37_patch_3_1.jpg,B1,A2,0.9468
processed_data_cleaned\test\B1\B1.27.HB-The_37_patch_3_2.jpg,B1,A2,0.9333
processed_data_cleaned\test\B1\B1.27.HB-The_38_patch_0_0.jpg,B1,A2,0.996
processed_data_cleaned\test\B1\B1.27.HB-The_38_patch_0_1.jpg,B1,A2,0.969
processed_data_cleaned\test\B1\B1.27.HB-The_38_patch_1_1.jpg,B1,A2,0.7727
processed_data_cleaned\test\B1\B1.27.HB-The_38_patch_1_5.jpg,B1,A1,0.787
processed_data_cleaned\test\B1\B1.27.HB-The_38_patch_3_5.jpg,B1,B2,0.4868
processed_data_cleaned\test\B1\B1.27.HB-The_39_patch_1_0.jpg,B1,A2,0.7334
processed_data_cleaned\test\B1\B1.27.HB-The_39_patch_1_1.jpg,B1,A2,0.4224
processed_data_cleaned\test\B1\B1.27.HB-The_39_patch_1_2.jpg,B1,A2,0.4293
processed_data_cleaned\test\B1\B1.27.HB-The_39_patch_1_4.jpg,B1,A2,0.5605
processed_data_cleaned\test\B1\B1.27.HB-The_39_patch_1_5.jpg,B1,A2,0.8268
processed_data_cleaned\test\B1\B1.27.HB-The_39_patch_2_0.jpg,B1,A1,0.9178
processed_data_cleaned\test\B1\B1.27.HB-The_39_patch_2_1.jpg,B1,A1,0.9342
processed_data_cleaned\test\B1\B1.27.HB-The_39_patch_2_2.jpg,B1,A1,0.7366
processed_data_cleaned\test\B1\B1.27.HB-The_39_patch_2_3.jpg,B1,A1,0.7018
processed_data_cleaned\test\B1\B1.27.HB-The_39_patch_2_4.jpg,B1,A1,0.894
processed_data_cleaned\test\B1\B1.27.HB-The_39_patch_2_5.jpg,B1,A1,0.6085
processed_data_cleaned\test\B1\B1.27.HB-The_39_patch_3_0.jpg,B1,A1,0.7718
processed_data_cleaned\test\B1\B1.27.HB-The_39_patch_3_1.jpg,B1,A1,0.585
processed_data_cleaned\test\B1\B1.27.HB-The_39_patch_3_2.jpg,B1,A1,0.5049
processed_data_cleaned\test\B1\B1.27.HB-The_39_patch_3_3.jpg,B1,A2,0.6957
processed_data_cleaned\test\B1\B1.27.HB-The_39_patch_3_4.jpg,B1,A2,0.5459
processed_data_cleaned\test\B1\B1.27.HB-The_39_patch_3_5.jpg,B1,A2,0.8483
processed_data_cleaned\test\B1\B1.27.HB-The_40_patch_1_3.jpg,B1,A1,0.834
processed_data_cleaned\test\B1\B1.27.HB-The_41_patch_0_0.jpg,B1,A1,0.9999
processed_data_cleaned\test\B1\B1.27.HB-The_41_patch_0_3.jpg,B1,A1,0.9882
processed_data_cleaned\test\B1\B1.27.HB-The_41_patch_1_0.jpg,B1,A1,0.4639
processed_data_cleaned\test\B1\B1.27.HB-The_41_patch_2_0.jpg,B1,A1,0.7123
processed_data_cleaned\test\B1\B1.27.HB-The_41_patch_3_0.jpg,B1,A1,0.7349
processed_data_cleaned\test\B1\B1.27.HB-The_41_patch_3_2.jpg,B1,B2,0.9165
processed_data_cleaned\test\B1\B1.27.HB-The_41_patch_3_3.jpg,B1,B2,0.8065
processed_data_cleaned\test\B1\B1.27.HB-The_42_patch_0_0.jpg,B1,A1,0.9996
processed_data_cleaned\test\B1\B1.27.HB-The_42_patch_1_4.jpg,B1,A2,0.99
processed_data_cleaned\test\B1\B1.27.HB-The_42_patch_1_5.jpg,B1,A2,0.7493
processed_data_cleaned\test\B1\B1.27.HB-The_42_patch_2_3.jpg,B1,A1,0.9172
processed_data_cleaned\test\B1\B1.27.HB-The_42_patch_2_4.jpg,B1,A2,0.8382
processed_data_cleaned\test\B1\B1.27.HB-The_42_patch_2_5.jpg,B1,A2,0.8568
processed_data_cleaned\test\B1\B1.27.HB-The_42_patch_3_3.jpg,B1,A1,0.9272
processed_data_cleaned\test\B1\B1.27.HB-The_43_patch_0_2.jpg,B1,A1,0.9215
processed_data_cleaned\test\B1\B1.27.HB-The_43_patch_1_4.jpg,B1,A2,0.8663
processed_data_cleaned\test\B1\B1.27.HB-The_43_patch_1_5.jpg,B1,A2,0.9982
processed_data_cleaned\test\B1\B1.27.HB-The_43_patch_2_0.jpg,B1,A1,0.8884
processed_data_cleaned\test\B1\B1.27.HB-The_43_patch_2_5.jpg,B1,A2,0.5279
processed_data_cleaned\test\B1\B1.27.HB-The_43_patch_3_4.jpg,B1,A1,0.967
processed_data_cleaned\test\B1\B1.27.HB-The_44_patch_0_2.jpg,B1,A2,0.3777
processed_data_cleaned\test\B1\B1.27.HB-The_44_patch_1_0.jpg,B1,A1,1.0
processed_data_cleaned\test\B1\B1.27.HB-The_44_patch_2_0.jpg,B1,A1,0.9999
processed_data_cleaned\test\B1\B1.27.HB-The_44_patch_2_1.jpg,B1,A1,0.9951
processed_data_cleaned\test\B1\B1.27.HB-The_44_patch_3_1.jpg,B1,A1,0.9981
processed_data_cleaned\test\B1\B1.27.HB-The_44_patch_3_2.jpg,B1,A1,0.7388
processed_data_cleaned\test\B1\B1.27.HB-The_45_patch_0_5.jpg,B1,A2,0.9251
processed_data_cleaned\test\B1\B1.27.HB-The_45_patch_1_1.jpg,B1,A1,0.8138
processed_data_cleaned\test\B1\B1.27.HB-The_45_patch_1_5.jpg,B1,A2,0.5199
processed_data_cleaned\test\B1\B1.27.HB-The_45_patch_2_2.jpg,B1,A1,0.83
processed_data_cleaned\test\B1\B1.27.HB-The_45_patch_2_3.jpg,B1,A1,0.9885
processed_data_cleaned\test\B1\B1.27.HB-The_45_patch_2_4.jpg,B1,A1,0.9421
processed_data_cleaned\test\B1\B1.27.HB-The_45_patch_3_0.jpg,B1,A1,0.9576
processed_data_cleaned\test\B1\B1.27.HB-The_45_patch_3_1.jpg,B1,A1,0.9762
processed_data_cleaned\test\B1\B1.27.HB-The_45_patch_3_2.jpg,B1,A1,0.9759
processed_data_cleaned\test\B1\B1.27.HB-The_45_patch_3_3.jpg,B1,A1,0.9797
processed_data_cleaned\test\B1\B1.27.HB-The_46_patch_0_5.jpg,B1,A1,0.5496
processed_data_cleaned\test\B1\B1.27.HB-The_46_patch_1_2.jpg,B1,A2,0.5974
processed_data_cleaned\test\B1\B1.27.HB-The_46_patch_2_2.jpg,B1,A1,0.722
processed_data_cleaned\test\B1\B1.27.HB-The_46_patch_2_3.jpg,B1,A1,0.9737
processed_data_cleaned\test\B1\B1.27.HB-The_46_patch_2_4.jpg,B1,A1,0.9932
processed_data_cleaned\test\B1\B1.27.HB-The_46_patch_3_3.jpg,B1,A1,0.771
processed_data_cleaned\test\B1\B1.27.HB-The_46_patch_3_4.jpg,B1,A1,0.8675
processed_data_cleaned\test\B1\DSC02161_patch_0_4.jpg,B1,A1,0.9449
processed_data_cleaned\test\B1\DSC02161_patch_2_3.jpg,B1,A1,0.9999
processed_data_cleaned\test\B1\DSC02161_patch_2_5.jpg,B1,A1,0.8061
processed_data_cleaned\test\B1\DSC02161_patch_3_4.jpg,B1,A1,0.9825
processed_data_cleaned\test\B1\DSC02161_patch_3_5.jpg,B1,B2,0.5841
processed_data_cleaned\test\B1\DSC02162_patch_0_5.jpg,B1,A1,0.865
processed_data_cleaned\test\B1\DSC02162_patch_1_5.jpg,B1,A1,0.9994
processed_data_cleaned\test\B1\DSC02162_patch_3_1.jpg,B1,A1,0.9941
processed_data_cleaned\test\B1\DSC02162_patch_3_2.jpg,B1,A1,0.9996
processed_data_cleaned\test\B1\DSC02162_patch_3_4.jpg,B1,A1,0.9999
processed_data_cleaned\test\B1\DSC02162_patch_3_5.jpg,B1,A1,0.9986
processed_data_cleaned\test\B1\DSC02163_patch_0_1.jpg,B1,A1,0.9817
processed_data_cleaned\test\B1\DSC02163_patch_0_2.jpg,B1,A1,0.9691
processed_data_cleaned\test\B1\DSC02163_patch_1_1.jpg,B1,A1,0.8397
processed_data_cleaned\test\B1\DSC02163_patch_1_3.jpg,B1,A1,0.9901
processed_data_cleaned\test\B1\DSC02163_patch_1_4.jpg,B1,A1,0.8686
processed_data_cleaned\test\B1\DSC02163_patch_2_0.jpg,B1,A1,1.0
processed_data_cleaned\test\B1\DSC02163_patch_2_1.jpg,B1,A1,0.9999
processed_data_cleaned\test\B1\DSC02163_patch_2_2.jpg,B1,A1,0.9991
processed_data_cleaned\test\B1\DSC02163_patch_2_4.jpg,B1,A1,1.0
processed_data_cleaned\test\B1\DSC02163_patch_3_0.jpg,B1,A1,0.9772
processed_data_cleaned\test\B1\DSC02163_patch_3_2.jpg,B1,A1,0.7822
processed_data_cleaned\test\B1\DSC02163_patch_3_3.jpg,B1,A1,0.9935
processed_data_cleaned\test\B1\DSC02163_patch_3_4.jpg,B1,A1,0.9748
processed_data_cleaned\test\B1\DSC02163_patch_3_5.jpg,B1,A1,0.9719
processed_data_cleaned\test\B1\DSC02164_patch_0_1.jpg,B1,A1,0.577
processed_data_cleaned\test\B1\DSC02164_patch_0_3.jpg,B1,A1,1.0
processed_data_cleaned\test\B1\DSC02164_patch_0_5.jpg,B1,A1,0.9707
processed_data_cleaned\test\B1\DSC02164_patch_1_1.jpg,B1,A1,0.9556
processed_data_cleaned\test\B1\DSC02164_patch_1_3.jpg,B1,A1,0.9999
processed_data_cleaned\test\B1\DSC02164_patch_1_4.jpg,B1,A1,0.9982
processed_data_cleaned\test\B1\DSC02164_patch_2_1.jpg,B1,A1,0.9749
processed_data_cleaned\test\B1\DSC02164_patch_2_2.jpg,B1,A1,0.9999
processed_data_cleaned\test\B1\DSC02164_patch_2_3.jpg,B1,A1,0.9999
processed_data_cleaned\test\B1\DSC02164_patch_2_4.jpg,B1,A1,0.9997
processed_data_cleaned\test\B1\DSC02164_patch_2_5.jpg,B1,A1,0.5836
processed_data_cleaned\test\B1\DSC02164_patch_3_0.jpg,B1,A1,0.5942
processed_data_cleaned\test\B1\DSC02164_patch_3_1.jpg,B1,A1,0.9496
processed_data_cleaned\test\B1\DSC02164_patch_3_2.jpg,B1,A1,1.0
processed_data_cleaned\test\B1\DSC02165_patch_0_0.jpg,B1,A1,0.9998
processed_data_cleaned\test\B1\DSC02165_patch_0_1.jpg,B1,A1,1.0
processed_data_cleaned\test\B1\DSC02165_patch_1_0.jpg,B1,A1,1.0
processed_data_cleaned\test\B1\DSC02165_patch_1_1.jpg,B1,A1,1.0
processed_data_cleaned\test\B1\DSC02165_patch_1_2.jpg,B1,A1,0.9995
processed_data_cleaned\test\B1\DSC02165_patch_1_3.jpg,B1,A1,1.0
processed_data_cleaned\test\B1\DSC02165_patch_1_4.jpg,B1,A1,0.9817
processed_data_cleaned\test\B1\DSC02165_patch_2_0.jpg,B1,A1,0.9895
processed_data_cleaned\test\B1\DSC02165_patch_2_1.jpg,B1,A1,0.9997
processed_data_cleaned\test\B1\DSC02165_patch_2_2.jpg,B1,A1,1.0
processed_data_cleaned\test\B1\DSC02165_patch_3_0.jpg,B1,A1,0.9945
processed_data_cleaned\test\B1\DSC02166_patch_0_0.jpg,B1,A1,1.0
processed_data_cleaned\test\B1\DSC02166_patch_0_1.jpg,B1,A1,1.0
processed_data_cleaned\test\B1\DSC02166_patch_0_2.jpg,B1,A1,1.0
processed_data_cleaned\test\B1\DSC02166_patch_0_3.jpg,B1,A1,0.9997
processed_data_cleaned\test\B1\DSC02166_patch_1_0.jpg,B1,A1,0.5229
processed_data_cleaned\test\B1\DSC02166_patch_1_1.jpg,B1,A1,0.9749
processed_data_cleaned\test\B1\DSC02166_patch_1_2.jpg,B1,A1,0.9903
processed_data_cleaned\test\B1\DSC02166_patch_2_0.jpg,B1,A1,0.8928
processed_data_cleaned\test\B1\DSC02166_patch_2_1.jpg,B1,A1,0.9968
processed_data_cleaned\test\B1\DSC02166_patch_2_2.jpg,B1,A1,1.0
processed_data_cleaned\test\B1\DSC02166_patch_3_0.jpg,B1,A1,0.9988
processed_data_cleaned\test\B1\DSC02166_patch_3_1.jpg,B1,A1,1.0
processed_data_cleaned\test\B1\DSC02166_patch_3_2.jpg,B1,A1,0.9999
processed_data_cleaned\test\B1\DSC02166_patch_3_3.jpg,B1,A1,0.9596
processed_data_cleaned\test\B1\DSC02166_patch_3_4.jpg,B1,A1,0.7236
processed_data_cleaned\test\B1\DSC02166_patch_3_5.jpg,B1,A1,0.8054
processed_data_cleaned\test\B1\DSC02169_patch_0_2.jpg,B1,A1,0.9999
processed_data_cleaned\test\B1\DSC02169_patch_1_1.jpg,B1,A1,1.0
processed_data_cleaned\test\B1\DSC02169_patch_1_2.jpg,B1,A1,1.0
processed_data_cleaned\test\B1\DSC02169_patch_1_3.jpg,B1,A1,1.0
processed_data_cleaned\test\B1\DSC02169_patch_2_1.jpg,B1,A1,0.9995
processed_data_cleaned\test\B1\DSC02169_patch_2_2.jpg,B1,A1,0.9993
processed_data_cleaned\test\B1\DSC02170_patch_0_3.jpg,B1,A1,0.6219
processed_data_cleaned\test\B1\DSC02171_patch_0_5.jpg,B1,A2,0.5993
processed_data_cleaned\test\B1\DSC02171_patch_1_0.jpg,B1,A1,1.0
processed_data_cleaned\test\B1\DSC02171_patch_2_0.jpg,B1,A1,0.9997
processed_data_cleaned\test\B1\DSC02171_patch_2_3.jpg,B1,A1,1.0
processed_data_cleaned\test\B1\DSC02171_patch_2_5.jpg,B1,A1,1.0
processed_data_cleaned\test\B1\DSC02171_patch_3_5.jpg,B1,A1,0.9163
processed_data_cleaned\test\B1\DSC02172_patch_0_0.jpg,B1,A1,0.9323
processed_data_cleaned\test\B1\DSC02172_patch_1_1.jpg,B1,A1,0.4968
processed_data_cleaned\test\B1\DSC02172_patch_1_2.jpg,B1,A1,0.9909
processed_data_cleaned\test\B1\DSC02172_patch_1_5.jpg,B1,A1,0.9999
processed_data_cleaned\test\B1\DSC02172_patch_2_0.jpg,B1,A1,0.8073
processed_data_cleaned\test\B1\DSC02172_patch_2_2.jpg,B1,A1,0.9428
processed_data_cleaned\test\B1\DSC02172_patch_2_5.jpg,B1,A1,0.9999
processed_data_cleaned\test\B1\DSC02172_patch_3_0.jpg,B1,A1,0.6185
processed_data_cleaned\test\B1\DSC02172_patch_3_1.jpg,B1,A1,0.9014
processed_data_cleaned\test\B1\DSC02172_patch_3_5.jpg,B1,A1,0.9999
processed_data_cleaned\test\B1\DSC02173_patch_0_1.jpg,B1,A1,1.0
processed_data_cleaned\test\B1\DSC02173_patch_1_0.jpg,B1,A1,0.9868
processed_data_cleaned\test\B1\DSC02173_patch_2_2.jpg,B1,A1,0.9993
processed_data_cleaned\test\B1\DSC02173_patch_2_5.jpg,B1,A1,0.9999
processed_data_cleaned\test\B1\DSC02173_patch_3_4.jpg,B1,A1,0.9995
processed_data_cleaned\test\B1\DSC02174_patch_1_0.jpg,B1,A1,0.9935
processed_data_cleaned\test\B1\DSC02174_patch_3_3.jpg,B1,A1,1.0
processed_data_cleaned\test\B1\DSC02174_patch_3_4.jpg,B1,A1,1.0
processed_data_cleaned\test\B1\DSC02176_patch_0_5.jpg,B1,A1,0.9999
processed_data_cleaned\test\B1\DSC02176_patch_1_5.jpg,B1,A1,0.9975
processed_data_cleaned\test\B1\DSC02176_patch_3_3.jpg,B1,A1,0.7677
processed_data_cleaned\test\B1\DSC02177_patch_2_2.jpg,B1,A1,1.0
processed_data_cleaned\test\B1\DSC02177_patch_2_4.jpg,B1,A1,0.9999
processed_data_cleaned\test\B1\DSC02177_patch_2_5.jpg,B1,A1,0.9977
processed_data_cleaned\test\B1\DSC02177_patch_3_0.jpg,B1,A1,1.0
processed_data_cleaned\test\B1\DSC02177_patch_3_1.jpg,B1,A1,0.9994
processed_data_cleaned\test\B1\DSC02177_patch_3_2.jpg,B1,A1,1.0
processed_data_cleaned\test\B1\DSC02177_patch_3_3.jpg,B1,A1,1.0
processed_data_cleaned\test\B1\DSC02177_patch_3_4.jpg,B1,A1,1.0
processed_data_cleaned\test\B1\DSC02177_patch_3_5.jpg,B1,A1,0.9999
processed_data_cleaned\test\B1\DSC02178_patch_2_0.jpg,B1,A1,1.0
processed_data_cleaned\test\B1\DSC02178_patch_2_1.jpg,B1,A1,1.0
processed_data_cleaned\test\B1\DSC02178_patch_2_3.jpg,B1,A1,1.0
processed_data_cleaned\test\B1\DSC02178_patch_2_4.jpg,B1,A1,1.0
processed_data_cleaned\test\B1\DSC02178_patch_2_5.jpg,B1,A1,1.0
processed_data_cleaned\test\B1\DSC02178_patch_3_0.jpg,B1,A1,1.0
processed_data_cleaned\test\B1\DSC02178_patch_3_1.jpg,B1,A1,1.0
processed_data_cleaned\test\B1\DSC02178_patch_3_2.jpg,B1,A1,0.992
processed_data_cleaned\test\B1\DSC02178_patch_3_3.jpg,B1,A1,0.9999
processed_data_cleaned\test\B1\DSC02178_patch_3_4.jpg,B1,A1,0.9999
processed_data_cleaned\test\B1\DSC02178_patch_3_5.jpg,B1,A1,1.0
processed_data_cleaned\test\B1\DSC02179_patch_2_2.jpg,B1,A1,0.5181
processed_data_cleaned\test\B1\DSC02180_patch_2_0.jpg,B1,A1,0.5397
processed_data_cleaned\test\B1\DSC02180_patch_2_1.jpg,B1,A1,0.9764
processed_data_cleaned\test\B1\DSC02180_patch_3_3.jpg,B1,A1,0.9999
processed_data_cleaned\test\B1\DSC02181_patch_0_2.jpg,B1,A1,1.0
processed_data_cleaned\test\B1\DSC02181_patch_0_3.jpg,B1,A1,0.9999
processed_data_cleaned\test\B1\DSC02181_patch_0_4.jpg,B1,A1,0.9998
processed_data_cleaned\test\B1\DSC02181_patch_0_5.jpg,B1,A1,1.0
processed_data_cleaned\test\B1\DSC02181_patch_1_0.jpg,B1,A1,0.9994
processed_data_cleaned\test\B1\DSC02181_patch_1_1.jpg,B1,A1,1.0
processed_data_cleaned\test\B1\DSC02181_patch_1_2.jpg,B1,A1,1.0
processed_data_cleaned\test\B1\DSC02181_patch_1_3.jpg,B1,A1,0.9999
processed_data_cleaned\test\B1\DSC02181_patch_1_4.jpg,B1,A1,1.0
processed_data_cleaned\test\B1\DSC02181_patch_1_5.jpg,B1,A1,1.0
processed_data_cleaned\test\B1\DSC02181_patch_2_1.jpg,B1,A1,0.9826
processed_data_cleaned\test\B1\DSC02181_patch_2_4.jpg,B1,A1,0.9897
processed_data_cleaned\test\B1\DSC02181_patch_3_0.jpg,B1,A1,0.9988
processed_data_cleaned\test\B1\DSC02181_patch_3_1.jpg,B1,A1,0.9599
processed_data_cleaned\test\B1\DSC02181_patch_3_2.jpg,B1,A1,1.0
processed_data_cleaned\test\B1\DSC02181_patch_3_3.jpg,B1,A1,0.9952
processed_data_cleaned\test\B1\DSC02182_patch_0_0.jpg,B1,A1,1.0
processed_data_cleaned\test\B1\DSC02182_patch_0_1.jpg,B1,A1,1.0
processed_data_cleaned\test\B1\DSC02182_patch_0_2.jpg,B1,A1,1.0
processed_data_cleaned\test\B1\DSC02182_patch_0_3.jpg,B1,A1,1.0
processed_data_cleaned\test\B1\DSC02182_patch_0_4.jpg,B1,A1,0.9998
processed_data_cleaned\test\B1\DSC02182_patch_0_5.jpg,B1,A1,0.9777
processed_data_cleaned\test\B1\DSC02182_patch_1_2.jpg,B1,A1,0.998
processed_data_cleaned\test\B1\DSC02182_patch_1_3.jpg,B1,A1,0.9999
processed_data_cleaned\test\B1\DSC02182_patch_1_4.jpg,B1,A1,0.9994
processed_data_cleaned\test\B1\DSC02182_patch_1_5.jpg,B1,A1,0.9656
processed_data_cleaned\test\B1\DSC02182_patch_2_0.jpg,B1,A1,1.0
processed_data_cleaned\test\B1\DSC02182_patch_2_1.jpg,B1,A1,0.9968
processed_data_cleaned\test\B1\DSC02182_patch_2_2.jpg,B1,A1,0.9996
processed_data_cleaned\test\B1\DSC02182_patch_2_3.jpg,B1,A1,1.0
processed_data_cleaned\test\B1\DSC02182_patch_3_2.jpg,B1,A1,1.0
processed_data_cleaned\test\B1\DSC02182_patch_3_5.jpg,B1,A1,0.8154
processed_data_cleaned\test\B1\DSC02183_patch_0_1.jpg,B1,A1,0.6093
processed_data_cleaned\test\B1\DSC02183_patch_0_5.jpg,B1,A1,0.8871
processed_data_cleaned\test\B1\DSC02183_patch_1_1.jpg,B1,A1,1.0
processed_data_cleaned\test\B1\DSC02183_patch_1_2.jpg,B1,A1,1.0
processed_data_cleaned\test\B1\DSC02183_patch_1_3.jpg,B1,A1,1.0
processed_data_cleaned\test\B1\DSC02183_patch_2_0.jpg,B1,A1,1.0
processed_data_cleaned\test\B1\DSC02183_patch_2_1.jpg,B1,A1,1.0
processed_data_cleaned\test\B1\DSC02183_patch_2_2.jpg,B1,A1,1.0
processed_data_cleaned\test\B1\DSC02183_patch_2_3.jpg,B1,A1,1.0
processed_data_cleaned\test\B1\DSC02183_patch_3_0.jpg,B1,A1,1.0
processed_data_cleaned\test\B1\DSC02183_patch_3_1.jpg,B1,A1,1.0
processed_data_cleaned\test\B1\DSC02183_patch_3_2.jpg,B1,A1,1.0
processed_data_cleaned\test\B1\DSC02184_patch_0_4.jpg,B1,A1,0.9232
processed_data_cleaned\test\B1\DSC02184_patch_1_1.jpg,B1,A1,0.9997
processed_data_cleaned\test\B1\DSC02184_patch_1_2.jpg,B1,A1,0.999
processed_data_cleaned\test\B1\DSC02184_patch_2_0.jpg,B1,A1,0.9969
processed_data_cleaned\test\B1\DSC02184_patch_2_1.jpg,B1,A1,0.9998
processed_data_cleaned\test\B1\DSC02184_patch_2_2.jpg,B1,A1,1.0
processed_data_cleaned\test\B1\DSC02184_patch_3_1.jpg,B1,A1,0.9999
processed_data_cleaned\test\B1\DSC02184_patch_3_2.jpg,B1,A1,0.9999
processed_data_cleaned\test\B1\DSC02184_patch_3_4.jpg,B1,A1,0.9337
processed_data_cleaned\test\B1\DSC02207_patch_1_2.jpg,B1,A1,0.9833
processed_data_cleaned\test\B1\DSC02207_patch_1_3.jpg,B1,A1,0.842
processed_data_cleaned\test\B1\DSC02207_patch_1_4.jpg,B1,A1,0.9997
processed_data_cleaned\test\B1\DSC02207_patch_1_5.jpg,B1,A1,0.9942
processed_data_cleaned\test\B1\DSC02207_patch_2_0.jpg,B1,A1,0.9974
processed_data_cleaned\test\B1\DSC02207_patch_2_1.jpg,B1,A1,0.9991
processed_data_cleaned\test\B1\DSC02207_patch_2_2.jpg,B1,A1,0.8524
processed_data_cleaned\test\B1\DSC02207_patch_2_3.jpg,B1,A1,1.0
processed_data_cleaned\test\B1\DSC02207_patch_2_4.jpg,B1,A1,0.9997
processed_data_cleaned\test\B1\DSC02207_patch_2_5.jpg,B1,A1,0.9998
processed_data_cleaned\test\B1\DSC02207_patch_3_2.jpg,B1,A1,0.9993
processed_data_cleaned\test\B1\DSC02207_patch_3_3.jpg,B1,A1,0.9975
processed_data_cleaned\test\B1\DSC02208_patch_0_0.jpg,B1,A1,0.9896
processed_data_cleaned\test\B1\DSC02208_patch_1_0.jpg,B1,A1,0.9992
processed_data_cleaned\test\B1\DSC02208_patch_1_1.jpg,B1,A1,0.9719
processed_data_cleaned\test\B1\DSC02208_patch_1_2.jpg,B1,A1,0.6063
processed_data_cleaned\test\B1\DSC02208_patch_1_3.jpg,B1,A1,0.87
processed_data_cleaned\test\B1\DSC02208_patch_2_0.jpg,B1,A1,0.9999
processed_data_cleaned\test\B1\DSC02208_patch_2_1.jpg,B1,A1,1.0
processed_data_cleaned\test\B1\DSC02208_patch_2_2.jpg,B1,A1,0.9956
processed_data_cleaned\test\B1\DSC02208_patch_2_3.jpg,B1,A1,0.8553
processed_data_cleaned\test\B1\DSC02208_patch_2_5.jpg,B1,A1,0.6691
processed_data_cleaned\test\B1\DSC02208_patch_3_0.jpg,B1,A1,0.8985
processed_data_cleaned\test\B1\DSC02209_patch_0_1.jpg,B1,B2,0.9811
processed_data_cleaned\test\B1\DSC02209_patch_0_2.jpg,B1,B2,0.4464
processed_data_cleaned\test\B1\DSC02209_patch_2_0.jpg,B1,A1,1.0
processed_data_cleaned\test\B1\DSC02209_patch_2_1.jpg,B1,A1,0.9998
processed_data_cleaned\test\B1\DSC02209_patch_2_2.jpg,B1,A1,0.9999
processed_data_cleaned\test\B1\DSC02209_patch_2_4.jpg,B1,A1,0.9999
processed_data_cleaned\test\B1\DSC02209_patch_3_0.jpg,B1,A1,1.0
processed_data_cleaned\test\B1\DSC02209_patch_3_1.jpg,B1,A1,0.9996
processed_data_cleaned\test\B1\DSC02209_patch_3_2.jpg,B1,A1,0.9997
processed_data_cleaned\test\B1\DSC02209_patch_3_3.jpg,B1,A1,0.9985
processed_data_cleaned\test\B1\DSC02209_patch_3_4.jpg,B1,A1,0.9999
processed_data_cleaned\test\B1\DSC02210_patch_1_0.jpg,B1,A1,0.9993
processed_data_cleaned\test\B1\DSC02210_patch_2_0.jpg,B1,A1,0.9999
processed_data_cleaned\test\B1\DSC02210_patch_2_1.jpg,B1,A1,0.9995
processed_data_cleaned\test\B1\DSC02210_patch_2_2.jpg,B1,A1,0.9932
processed_data_cleaned\test\B1\DSC02210_patch_2_3.jpg,B1,A1,0.9999
processed_data_cleaned\test\B1\DSC02210_patch_2_4.jpg,B1,A1,0.9993
processed_data_cleaned\test\B1\DSC02210_patch_3_0.jpg,B1,A1,0.9949
processed_data_cleaned\test\B1\DSC02210_patch_3_2.jpg,B1,A1,0.9998
processed_data_cleaned\test\B1\DSC02210_patch_3_3.jpg,B1,A1,1.0
processed_data_cleaned\test\B1\DSC02210_patch_3_4.jpg,B1,A1,0.9357
processed_data_cleaned\test\B1\DSC02210_patch_3_5.jpg,B1,A1,0.9139
processed_data_cleaned\test\B1\DSC02211_patch_0_4.jpg,B1,A1,0.434
processed_data_cleaned\test\B1\DSC02211_patch_1_0.jpg,B1,A1,0.9507
processed_data_cleaned\test\B1\DSC02211_patch_2_4.jpg,B1,A2,0.5116
processed_data_cleaned\test\B1\DSC02211_patch_2_5.jpg,B1,A2,0.699
processed_data_cleaned\test\B1\DSC02211_patch_3_0.jpg,B1,A1,0.9815
processed_data_cleaned\test\B1\DSC02211_patch_3_1.jpg,B1,A1,1.0
processed_data_cleaned\test\B1\DSC02211_patch_3_2.jpg,B1,A1,0.9999
processed_data_cleaned\test\B1\DSC02211_patch_3_3.jpg,B1,A1,0.9637
processed_data_cleaned\test\B1\DSC02211_patch_3_4.jpg,B1,A1,0.9987
processed_data_cleaned\test\B1\DSC02211_patch_3_5.jpg,B1,A1,0.6188
processed_data_cleaned\test\B1\DSC02212_patch_0_5.jpg,B1,B2,0.874
processed_data_cleaned\test\B1\DSC02212_patch_1_1.jpg,B1,A1,1.0
processed_data_cleaned\test\B1\DSC02212_patch_1_2.jpg,B1,A1,1.0
processed_data_cleaned\test\B1\DSC02212_patch_1_4.jpg,B1,A1,0.9956
processed_data_cleaned\test\B1\DSC02212_patch_2_0.jpg,B1,A1,1.0
processed_data_cleaned\test\B1\DSC02212_patch_2_1.jpg,B1,A1,0.9999
processed_data_cleaned\test\B1\DSC02212_patch_2_3.jpg,B1,A1,1.0
processed_data_cleaned\test\B1\DSC02212_patch_2_4.jpg,B1,A1,1.0
processed_data_cleaned\test\B1\DSC02212_patch_2_5.jpg,B1,A1,1.0
processed_data_cleaned\test\B1\DSC02212_patch_3_0.jpg,B1,A1,0.9996
processed_data_cleaned\test\B1\DSC02212_patch_3_1.jpg,B1,A1,0.9999
processed_data_cleaned\test\B1\DSC02212_patch_3_2.jpg,B1,A1,0.9989
processed_data_cleaned\test\B1\DSC02212_patch_3_3.jpg,B1,A1,1.0
processed_data_cleaned\test\B1\DSC02212_patch_3_4.jpg,B1,A1,1.0
processed_data_cleaned\test\B1\DSC02212_patch_3_5.jpg,B1,A1,1.0
processed_data_cleaned\test\B1\DSC02213_patch_0_3.jpg,B1,B2,0.9418
processed_data_cleaned\test\B1\DSC02213_patch_1_0.jpg,B1,A1,0.9995
processed_data_cleaned\test\B1\DSC02213_patch_1_1.jpg,B1,A1,1.0
processed_data_cleaned\test\B1\DSC02213_patch_1_3.jpg,B1,A1,0.9988
processed_data_cleaned\test\B1\DSC02213_patch_2_1.jpg,B1,A1,1.0
processed_data_cleaned\test\B1\DSC02213_patch_2_2.jpg,B1,A1,1.0
processed_data_cleaned\test\B1\DSC02213_patch_2_3.jpg,B1,A1,1.0
processed_data_cleaned\test\B1\DSC02213_patch_3_1.jpg,B1,A1,1.0
processed_data_cleaned\test\B1\DSC02213_patch_3_2.jpg,B1,A1,0.9999
processed_data_cleaned\test\B1\DSC02213_patch_3_3.jpg,B1,A1,1.0
processed_data_cleaned\test\B1\DSC02213_patch_3_4.jpg,B1,A1,1.0
processed_data_cleaned\test\B1\DSC02213_patch_3_5.jpg,B1,B2,0.434
processed_data_cleaned\test\B1\DSC02214_patch_0_1.jpg,B1,A1,1.0
processed_data_cleaned\test\B1\DSC02214_patch_0_3.jpg,B1,A1,1.0
processed_data_cleaned\test\B1\DSC02214_patch_1_0.jpg,B1,A2,0.5348
processed_data_cleaned\test\B1\DSC02214_patch_1_1.jpg,B1,A1,1.0
processed_data_cleaned\test\B1\DSC02214_patch_1_2.jpg,B1,A1,1.0
processed_data_cleaned\test\B1\DSC02214_patch_1_3.jpg,B1,A1,1.0
processed_data_cleaned\test\B1\DSC02214_patch_1_4.jpg,B1,A1,0.9999
processed_data_cleaned\test\B1\DSC02214_patch_2_2.jpg,B1,A1,1.0
processed_data_cleaned\test\B1\DSC02214_patch_2_4.jpg,B1,A1,0.9999
processed_data_cleaned\test\B1\DSC02214_patch_2_5.jpg,B1,A1,0.9987
processed_data_cleaned\test\B1\DSC02214_patch_3_1.jpg,B1,A1,1.0
processed_data_cleaned\test\B1\DSC02214_patch_3_2.jpg,B1,A1,1.0
processed_data_cleaned\test\B1\DSC02214_patch_3_3.jpg,B1,A1,0.9999
processed_data_cleaned\test\B1\DSC02214_patch_3_4.jpg,B1,A1,1.0
processed_data_cleaned\test\B1\DSC02214_patch_3_5.jpg,B1,A1,0.9997
processed_data_cleaned\test\B1\DSC02215_patch_0_0.jpg,B1,A1,0.9997
processed_data_cleaned\test\B1\DSC02215_patch_0_5.jpg,B1,A1,0.9996
processed_data_cleaned\test\B1\DSC02215_patch_1_0.jpg,B1,A1,1.0
processed_data_cleaned\test\B1\DSC02215_patch_1_1.jpg,B1,A1,0.9962
processed_data_cleaned\test\B1\DSC02215_patch_1_5.jpg,B1,A1,0.9998
processed_data_cleaned\test\B1\DSC02215_patch_2_0.jpg,B1,A1,1.0
processed_data_cleaned\test\B1\DSC02215_patch_2_2.jpg,B1,A2,0.5949
processed_data_cleaned\test\B1\DSC02215_patch_2_3.jpg,B1,A1,0.8443
processed_data_cleaned\test\B1\DSC02215_patch_2_5.jpg,B1,A1,0.943
processed_data_cleaned\test\B1\DSC02215_patch_3_0.jpg,B1,A1,0.9999
processed_data_cleaned\test\B1\DSC02215_patch_3_5.jpg,B1,A1,0.9661
processed_data_cleaned\test\B1\DSC02217_patch_2_0.jpg,B1,A1,0.9782
processed_data_cleaned\test\B2\B2.01.Sai-Cen_01_patch_0_0.jpg,B2,B1,0.7205
processed_data_cleaned\test\B2\B2.01.Sai-Cen_01_patch_0_1.jpg,B2,B1,0.7754
processed_data_cleaned\test\B2\B2.01.Sai-Cen_01_patch_0_2.jpg,B2,A2,0.991
processed_data_cleaned\test\B2\B2.01.Sai-Cen_01_patch_0_3.jpg,B2,A2,0.9816
processed_data_cleaned\test\B2\B2.01.Sai-Cen_01_patch_1_3.jpg,B2,B1,0.9956
processed_data_cleaned\test\B2\B2.01.Sai-Cen_01_patch_2_2.jpg,B2,B1,0.9947
processed_data_cleaned\test\B2\B2.01.Sai-Cen_01_patch_2_3.jpg,B2,A1,0.6553
processed_data_cleaned\test\B2\B2.01.Sai-Cen_02_patch_0_0.jpg,B2,B1,0.5375
processed_data_cleaned\test\B2\B2.01.Sai-Cen_02_patch_0_1.jpg,B2,A2,0.9994
processed_data_cleaned\test\B2\B2.01.Sai-Cen_02_patch_0_2.jpg,B2,A2,0.9941
processed_data_cleaned\test\B2\B2.01.Sai-Cen_02_patch_1_1.jpg,B2,B1,0.9756
processed_data_cleaned\test\B2\B2.01.Sai-Cen_02_patch_1_3.jpg,B2,B1,0.9886
processed_data_cleaned\test\B2\B2.01.Sai-Cen_02_patch_2_0.jpg,B2,B1,0.9968
processed_data_cleaned\test\B2\B2.01.Sai-Cen_02_patch_2_1.jpg,B2,B1,0.9002
processed_data_cleaned\test\B2\B2.01.Sai-Cen_03_patch_1_1.jpg,B2,A2,0.7985
processed_data_cleaned\test\B2\B2.01.Sai-Cen_03_patch_1_2.jpg,B2,B1,0.9189
processed_data_cleaned\test\B2\B2.01.Sai-Cen_03_patch_1_3.jpg,B2,B1,0.9295
processed_data_cleaned\test\B2\B2.01.Sai-Cen_03_patch_2_0.jpg,B2,B1,0.9526
processed_data_cleaned\test\B2\B2.01.Sai-Cen_03_patch_2_1.jpg,B2,B1,0.9902
processed_data_cleaned\test\B2\B2.01.Sai-Cen_03_patch_2_2.jpg,B2,B1,0.5063
processed_data_cleaned\test\B2\B2.01.Sai-Cen_04_patch_0_2.jpg,B2,B1,0.7231
processed_data_cleaned\test\B2\B2.01.Sai-Cen_04_patch_1_0.jpg,B2,B1,0.8125
processed_data_cleaned\test\B2\B2.01.Sai-Cen_04_patch_1_1.jpg,B2,A2,0.8371
processed_data_cleaned\test\B2\B2.01.Sai-Cen_04_patch_1_2.jpg,B2,A2,0.5558
processed_data_cleaned\test\B2\B2.01.Sai-Cen_05_patch_0_1.jpg,B2,A2,0.9538
processed_data_cleaned\test\B2\B2.01.Sai-Cen_05_patch_1_0.jpg,B2,A2,0.9674
processed_data_cleaned\test\B2\B2.01.Sai-Cen_05_patch_1_2.jpg,B2,A1,0.8835
processed_data_cleaned\test\B2\B2.01.Sai-Cen_05_patch_1_3.jpg,B2,A2,0.919
processed_data_cleaned\test\B2\B2.01.Sai-Cen_05_patch_2_0.jpg,B2,B1,0.8512
processed_data_cleaned\test\B2\B2.01.Sai-Cen_05_patch_2_1.jpg,B2,B1,0.9938
processed_data_cleaned\test\B2\B2.01.Sai-Cen_05_patch_2_2.jpg,B2,B1,0.7425
processed_data_cleaned\test\B2\B2.01.Sai-Cen_06_patch_0_2.jpg,B2,A1,0.6933
processed_data_cleaned\test\B2\B2.01.Sai-Cen_06_patch_1_1.jpg,B2,A1,0.9616
processed_data_cleaned\test\B2\B2.01.Sai-Cen_06_patch_1_2.jpg,B2,A1,0.9711
processed_data_cleaned\test\B2\B2.01.Sai-Cen_06_patch_1_3.jpg,B2,B1,0.8684
processed_data_cleaned\test\B2\B2.01.Sai-Cen_06_patch_2_2.jpg,B2,A1,0.4583
processed_data_cleaned\test\B2\B2.01.Sai-Cen_07_patch_1_0.jpg,B2,A1,0.6629
processed_data_cleaned\test\B2\B2.01.Sai-Cen_07_patch_1_1.jpg,B2,B1,0.9241
processed_data_cleaned\test\B2\B2.01.Sai-Cen_07_patch_1_2.jpg,B2,B1,0.8903
processed_data_cleaned\test\B2\B2.01.Sai-Cen_07_patch_1_3.jpg,B2,A1,0.9593
processed_data_cleaned\test\B2\B2.01.Sai-Cen_07_patch_2_0.jpg,B2,A1,0.5527
processed_data_cleaned\test\B2\B2.01.Sai-Cen_07_patch_2_2.jpg,B2,A1,0.9247
processed_data_cleaned\test\B2\B2.01.Sai-Cen_08_patch_0_2.jpg,B2,B1,0.9875
processed_data_cleaned\test\B2\B2.01.Sai-Cen_08_patch_0_3.jpg,B2,B1,0.7419
processed_data_cleaned\test\B2\B2.01.Sai-Cen_08_patch_1_0.jpg,B2,B1,0.4683
processed_data_cleaned\test\B2\B2.01.Sai-Cen_08_patch_1_1.jpg,B2,A2,0.5342
processed_data_cleaned\test\B2\B2.01.Sai-Cen_08_patch_1_2.jpg,B2,A2,0.9606
processed_data_cleaned\test\B2\B2.01.Sai-Cen_08_patch_1_3.jpg,B2,A2,0.6901
processed_data_cleaned\test\B2\B2.01.Sai-Cen_08_patch_2_2.jpg,B2,A1,0.7712
processed_data_cleaned\test\B2\B2.01.Sai-Cen_08_patch_2_3.jpg,B2,A1,0.9754
processed_data_cleaned\test\B2\B2.01.Sai-Cen_09_patch_0_1.jpg,B2,A2,0.65
processed_data_cleaned\test\B2\B2.01.Sai-Cen_09_patch_0_2.jpg,B2,A2,0.5411
processed_data_cleaned\test\B2\B2.01.Sai-Cen_09_patch_0_3.jpg,B2,B1,0.9466
processed_data_cleaned\test\B2\B2.01.Sai-Cen_09_patch_1_0.jpg,B2,A2,0.6124
processed_data_cleaned\test\B2\B2.01.Sai-Cen_09_patch_1_1.jpg,B2,A2,0.4811
processed_data_cleaned\test\B2\B2.01.Sai-Cen_09_patch_1_2.jpg,B2,B1,0.9972
processed_data_cleaned\test\B2\B2.01.Sai-Cen_09_patch_1_3.jpg,B2,B1,0.5476
processed_data_cleaned\test\B2\B2.01.Sai-Cen_09_patch_2_0.jpg,B2,B1,0.9922
processed_data_cleaned\test\B2\B2.01.Sai-Cen_09_patch_2_1.jpg,B2,B1,1.0
processed_data_cleaned\test\B2\B2.01.Sai-Cen_09_patch_2_2.jpg,B2,A1,0.4842
processed_data_cleaned\test\B2\B2.01.Sai-Cen_09_patch_2_3.jpg,B2,B1,0.6466
processed_data_cleaned\test\B2\B2.01.Sai-Cen_10_patch_0_0.jpg,B2,B1,0.9957
processed_data_cleaned\test\B2\B2.01.Sai-Cen_10_patch_1_1.jpg,B2,B1,0.9247
processed_data_cleaned\test\B2\B2.01.Sai-Cen_11_patch_0_1.jpg,B2,B1,0.9979
processed_data_cleaned\test\B2\B2.01.Sai-Cen_11_patch_0_3.jpg,B2,A1,0.9519
processed_data_cleaned\test\B2\B2.01.Sai-Cen_11_patch_1_3.jpg,B2,A1,0.8663
processed_data_cleaned\test\B2\B2.01.Sai-Cen_11_patch_2_2.jpg,B2,B1,0.6342
processed_data_cleaned\test\B2\B2.01.Sai-Cen_12_patch_1_2.jpg,B2,A1,0.776
processed_data_cleaned\test\B2\B2.01.Sai-Cen_12_patch_1_3.jpg,B2,A1,0.9046
processed_data_cleaned\test\B2\B2.01.Sai-Cen_12_patch_2_0.jpg,B2,A1,0.8035
processed_data_cleaned\test\B2\B2.01.Sai-Cen_14_patch_0_0.jpg,B2,B1,0.8923
processed_data_cleaned\test\B2\B2.01.Sai-Cen_14_patch_0_1.jpg,B2,A2,0.5085
processed_data_cleaned\test\B2\B2.01.Sai-Cen_14_patch_0_2.jpg,B2,A1,0.6255
processed_data_cleaned\test\B2\B2.01.Sai-Cen_14_patch_1_0.jpg,B2,A1,0.8626
processed_data_cleaned\test\B2\B2.01.Sai-Cen_14_patch_1_1.jpg,B2,B1,0.8885
processed_data_cleaned\test\B2\B2.01.Sai-Cen_14_patch_2_0.jpg,B2,A2,0.4149
processed_data_cleaned\test\B2\B2.01.Sai-Cen_14_patch_2_1.jpg,B2,A1,0.9516
processed_data_cleaned\test\B2\B2.01.Sai-Cen_16_patch_0_0.jpg,B2,A1,0.9827
processed_data_cleaned\test\B2\B2.01.Sai-Cen_16_patch_0_1.jpg,B2,B1,0.5646
processed_data_cleaned\test\B2\B2.01.Sai-Cen_16_patch_0_2.jpg,B2,B1,0.7912
processed_data_cleaned\test\B2\B2.01.Sai-Cen_16_patch_1_1.jpg,B2,B1,0.7899
processed_data_cleaned\test\B2\B2.01.Sai-Cen_16_patch_1_2.jpg,B2,B1,0.7547
processed_data_cleaned\test\B2\B2.01.Sai-Cen_16_patch_2_2.jpg,B2,B1,0.6307
processed_data_cleaned\test\B2\B2.01.Sai-Cen_17_patch_0_2.jpg,B2,A1,0.8649
processed_data_cleaned\test\B2\B2.01.Sai-Cen_17_patch_1_0.jpg,B2,A1,0.7996
processed_data_cleaned\test\B2\B2.01.Sai-Cen_17_patch_1_1.jpg,B2,B1,0.8921
processed_data_cleaned\test\B2\B2.01.Sai-Cen_17_patch_1_2.jpg,B2,B1,0.6148
processed_data_cleaned\test\B2\B2.01.Sai-Cen_17_patch_2_2.jpg,B2,A1,0.8514
processed_data_cleaned\test\B2\B2.01.Sai-Cen_17_patch_2_3.jpg,B2,B1,0.6353
processed_data_cleaned\test\B2\B2.01.Sai-Cen_19_patch_0_0.jpg,B2,B1,0.8936
processed_data_cleaned\test\B2\B2.01.Sai-Cen_19_patch_1_0.jpg,B2,B1,0.9985
processed_data_cleaned\test\B2\B2.01.Sai-Cen_19_patch_1_2.jpg,B2,B1,0.9964
processed_data_cleaned\test\B2\B2.01.Sai-Cen_19_patch_2_0.jpg,B2,B1,0.9995
processed_data_cleaned\test\B2\B2.01.Sai-Cen_20_patch_0_1.jpg,B2,A1,0.5717
processed_data_cleaned\test\B2\B2.01.Sai-Cen_20_patch_1_1.jpg,B2,B1,0.5992
processed_data_cleaned\test\B2\B2.01.Sai-Cen_20_patch_2_3.jpg,B2,B1,0.9893
processed_data_cleaned\test\B2\B2.01.Sai-Cen_22_patch_1_0.jpg,B2,B1,0.994
processed_data_cleaned\test\B2\B2.01.Sai-Cen_22_patch_1_2.jpg,B2,A2,0.4605
processed_data_cleaned\test\B2\B2.01.Sai-Cen_22_patch_1_3.jpg,B2,B1,0.9992
processed_data_cleaned\test\B2\B2.01.Sai-Cen_24_patch_0_2.jpg,B2,B1,0.9995
processed_data_cleaned\test\B2\B2.01.Sai-Cen_24_patch_0_3.jpg,B2,B1,0.999
processed_data_cleaned\test\B2\B2.01.Sai-Cen_24_patch_1_2.jpg,B2,B1,0.9991
processed_data_cleaned\test\B2\B2.01.Sai-Cen_24_patch_1_3.jpg,B2,B1,0.8982
processed_data_cleaned\test\B2\B2.01.Sai-Cen_24_patch_2_2.jpg,B2,B1,0.9458
processed_data_cleaned\test\B2\B2.01.Sai-Cen_24_patch_2_3.jpg,B2,B1,0.3612
processed_data_cleaned\test\B2\B2.01.Sai-Cen_25_patch_1_2.jpg,B2,A2,0.9978
processed_data_cleaned\test\B2\B2.01.Sai-Cen_25_patch_1_3.jpg,B2,A2,0.9924
processed_data_cleaned\test\B2\B2.01.Sai-Cen_25_patch_2_1.jpg,B2,B1,0.9514
processed_data_cleaned\test\B2\B2.01.Sai-Cen_25_patch_2_3.jpg,B2,A1,0.4936
processed_data_cleaned\test\B2\B2.01.Sai-Cen_26_patch_0_1.jpg,B2,A2,0.97
processed_data_cleaned\test\B2\B2.01.Sai-Cen_26_patch_0_2.jpg,B2,A2,0.9669
processed_data_cleaned\test\B2\B2.01.Sai-Cen_26_patch_0_3.jpg,B2,A2,0.9869
processed_data_cleaned\test\B2\B2.01.Sai-Cen_26_patch_1_1.jpg,B2,B1,0.6483
processed_data_cleaned\test\B2\B2.01.Sai-Cen_26_patch_1_2.jpg,B2,A2,0.9799
processed_data_cleaned\test\B2\B2.01.Sai-Cen_26_patch_1_3.jpg,B2,A2,0.9999
processed_data_cleaned\test\B2\B2.01.Sai-Cen_26_patch_2_0.jpg,B2,B1,0.9957
processed_data_cleaned\test\B2\B2.01.Sai-Cen_26_patch_2_1.jpg,B2,B1,0.7884
processed_data_cleaned\test\B2\B2.01.Sai-Cen_26_patch_2_2.jpg,B2,B1,0.9985
processed_data_cleaned\test\B2\B2.01.Sai-Cen_26_patch_2_3.jpg,B2,A2,0.799
processed_data_cleaned\test\B2\B2.01.Sai-Cen_27_patch_1_1.jpg,B2,B1,0.9998
processed_data_cleaned\test\B2\B2.01.Sai-Cen_27_patch_1_2.jpg,B2,B1,0.9998
processed_data_cleaned\test\B2\B2.01.Sai-Cen_27_patch_1_3.jpg,B2,B1,0.9914
processed_data_cleaned\test\B2\B2.01.Sai-Cen_27_patch_2_3.jpg,B2,B1,0.999
processed_data_cleaned\test\B2\B2.01.Sai-Cen_28_patch_1_0.jpg,B2,B1,0.9472
processed_data_cleaned\test\B2\B2.01.Sai-Cen_28_patch_1_2.jpg,B2,B1,0.7874
processed_data_cleaned\test\B2\B2.01.Sai-Cen_28_patch_2_3.jpg,B2,B1,0.5773
processed_data_cleaned\test\B2\B2.01.Sai-Cen_29_patch_1_1.jpg,B2,B1,0.9949
processed_data_cleaned\test\B2\B2.01.Sai-Cen_29_patch_1_2.jpg,B2,B1,0.911
processed_data_cleaned\test\B2\B2.01.Sai-Cen_29_patch_1_3.jpg,B2,B1,0.6973
processed_data_cleaned\test\B2\B2.01.Sai-Cen_29_patch_2_1.jpg,B2,B1,1.0
processed_data_cleaned\test\B2\B2.01.Sai-Cen_29_patch_2_2.jpg,B2,A2,0.7229
processed_data_cleaned\test\B2\B2.01.Sai-Cen_29_patch_2_3.jpg,B2,A1,0.8204
processed_data_cleaned\test\B2\B2.01.Sai-Cen_30_patch_0_0.jpg,B2,A1,0.9536
processed_data_cleaned\test\B2\B2.01.Sai-Cen_30_patch_0_1.jpg,B2,A1,0.7461
processed_data_cleaned\test\B2\B2.01.Sai-Cen_30_patch_0_3.jpg,B2,A1,0.7063
processed_data_cleaned\test\B2\B2.01.Sai-Cen_30_patch_1_2.jpg,B2,B1,0.9915
processed_data_cleaned\test\B2\B2.01.Sai-Cen_30_patch_1_3.jpg,B2,B1,0.9223
processed_data_cleaned\test\B2\B2.01.Sai-Cen_30_patch_2_1.jpg,B2,B1,0.8981
processed_data_cleaned\test\B2\B2.01.Sai-Cen_30_patch_2_3.jpg,B2,B1,0.9544
processed_data_cleaned\test\B2\B2.01.Sai-Cen_31_patch_0_0.jpg,B2,B1,0.9372
processed_data_cleaned\test\B2\B2.01.Sai-Cen_31_patch_0_2.jpg,B2,B1,0.366
processed_data_cleaned\test\B2\B2.01.Sai-Cen_31_patch_1_2.jpg,B2,A2,0.9732
processed_data_cleaned\test\B2\B2.01.Sai-Cen_31_patch_2_0.jpg,B2,B1,0.9471
processed_data_cleaned\test\B2\B2.01.Sai-Cen_31_patch_2_1.jpg,B2,A1,0.6914
processed_data_cleaned\test\B2\B2.01.Sai-Cen_31_patch_2_3.jpg,B2,A1,0.9867
processed_data_cleaned\test\B2\B2.01.Sai-Cen_32_patch_0_2.jpg,B2,A2,0.8268
processed_data_cleaned\test\B2\B2.01.Sai-Cen_32_patch_0_3.jpg,B2,B1,0.7714
processed_data_cleaned\test\B2\B2.01.Sai-Cen_32_patch_1_0.jpg,B2,A1,0.8632
processed_data_cleaned\test\B2\B2.01.Sai-Cen_32_patch_1_2.jpg,B2,A2,0.8051
processed_data_cleaned\test\B2\B2.01.Sai-Cen_32_patch_1_3.jpg,B2,B1,0.9807
processed_data_cleaned\test\B2\B2.01.Sai-Cen_32_patch_2_2.jpg,B2,B1,0.8197
processed_data_cleaned\test\B2\B2.01.Sai-Cen_32_patch_2_3.jpg,B2,A1,0.8828
processed_data_cleaned\test\B2\B2.01.Sai-Cen_33_patch_0_1.jpg,B2,B1,0.735
processed_data_cleaned\test\B2\B2.01.Sai-Cen_33_patch_0_2.jpg,B2,B1,0.9276
processed_data_cleaned\test\B2\B2.01.Sai-Cen_33_patch_1_0.jpg,B2,A1,0.6616
processed_data_cleaned\test\B2\B2.01.Sai-Cen_33_patch_1_1.jpg,B2,A2,0.9257
processed_data_cleaned\test\B2\B2.01.Sai-Cen_33_patch_1_2.jpg,B2,B1,0.5828
processed_data_cleaned\test\B2\B2.01.Sai-Cen_33_patch_2_0.jpg,B2,B1,0.9874
processed_data_cleaned\test\B2\B2.01.Sai-Cen_33_patch_2_2.jpg,B2,B1,0.9412
processed_data_cleaned\test\B2\B2.01.Sai-Cen_33_patch_2_3.jpg,B2,B1,0.8672
processed_data_cleaned\test\B2\B2.01.Sai-Cen_34_patch_0_0.jpg,B2,A2,0.5534
processed_data_cleaned\test\B2\B2.01.Sai-Cen_34_patch_0_1.jpg,B2,A1,0.9447
processed_data_cleaned\test\B2\B2.01.Sai-Cen_34_patch_1_2.jpg,B2,B1,0.9935
processed_data_cleaned\test\B2\B2.01.Sai-Cen_34_patch_2_0.jpg,B2,B1,0.4186
processed_data_cleaned\test\B2\B2.01.Sai-Cen_34_patch_2_1.jpg,B2,B1,0.9673
processed_data_cleaned\test\B2\B2.01.Sai-Cen_34_patch_2_2.jpg,B2,B1,0.9989
processed_data_cleaned\test\B2\B2.01.Sai-Cen_34_patch_2_3.jpg,B2,B1,0.989
processed_data_cleaned\test\B2\B2.01.Sai-Cen_36_patch_0_2.jpg,B2,B1,0.9967
processed_data_cleaned\test\B2\B2.01.Sai-Cen_36_patch_0_3.jpg,B2,B1,0.9425
processed_data_cleaned\test\B2\B2.01.Sai-Cen_36_patch_1_2.jpg,B2,B1,0.9542
processed_data_cleaned\test\B2\B2.01.Sai-Cen_40_patch_0_0.jpg,B2,B1,0.9758
processed_data_cleaned\test\B2\B2.01.Sai-Cen_40_patch_1_0.jpg,B2,B1,0.9688
processed_data_cleaned\test\B2\B2.01.Sai-Cen_40_patch_1_3.jpg,B2,A1,0.9738
processed_data_cleaned\test\B2\B2.01.Sai-Cen_40_patch_2_3.jpg,B2,A2,0.9771
processed_data_cleaned\test\B2\B2.01.Sai-Cen_41_patch_0_0.jpg,B2,A2,0.8537
processed_data_cleaned\test\B2\B2.01.Sai-Cen_41_patch_0_1.jpg,B2,B1,0.81
processed_data_cleaned\test\B2\B2.01.Sai-Cen_41_patch_0_2.jpg,B2,B1,0.9943
processed_data_cleaned\test\B2\B2.01.Sai-Cen_41_patch_1_0.jpg,B2,B1,0.9992
processed_data_cleaned\test\B2\B2.01.Sai-Cen_41_patch_1_1.jpg,B2,A2,0.9797
processed_data_cleaned\test\B2\B2.01.Sai-Cen_41_patch_1_2.jpg,B2,B1,0.9885
processed_data_cleaned\test\B2\B2.01.Sai-Cen_41_patch_2_1.jpg,B2,B1,0.944
processed_data_cleaned\test\B2\B2.01.Sai-Cen_41_patch_2_2.jpg,B2,B1,0.9825
processed_data_cleaned\test\B2\B2.01.Sai-Cen_42_patch_1_1.jpg,B2,A2,0.9771
processed_data_cleaned\test\B2\B2.01.Sai-Cen_42_patch_2_0.jpg,B2,B1,0.9948
processed_data_cleaned\test\B2\B2.01.Sai-Cen_42_patch_2_1.jpg,B2,B1,0.5962
processed_data_cleaned\test\B2\B2.01.Sai-Cen_42_patch_2_3.jpg,B2,A1,0.9452
processed_data_cleaned\test\B2\B2.01.Sai-Cen_44_patch_0_1.jpg,B2,A2,0.7242
processed_data_cleaned\test\B2\B2.01.Sai-Cen_44_patch_0_2.jpg,B2,B1,0.9344
processed_data_cleaned\test\B2\B2.01.Sai-Cen_44_patch_0_3.jpg,B2,B1,0.831
processed_data_cleaned\test\B2\B2.01.Sai-Cen_44_patch_1_1.jpg,B2,B1,0.9938
processed_data_cleaned\test\B2\B2.01.Sai-Cen_44_patch_1_2.jpg,B2,A2,0.4908
processed_data_cleaned\test\B2\B2.01.Sai-Cen_44_patch_2_2.jpg,B2,A1,0.7624
processed_data_cleaned\test\B2\B2.01.Sai-Cen_45_patch_1_3.jpg,B2,B1,0.8383
processed_data_cleaned\test\B2\B2.01.Sai-Cen_45_patch_2_0.jpg,B2,A2,0.8685
processed_data_cleaned\test\B2\B2.01.Sai-Cen_47_patch_2_0.jpg,B2,A2,0.6448
processed_data_cleaned\test\B2\B2.01.Sai-Cen_47_patch_2_3.jpg,B2,A1,0.4207
processed_data_cleaned\test\B2\B2.01.Sai-Cen_49_patch_0_2.jpg,B2,B1,0.986
processed_data_cleaned\test\B2\B2.01.Sai-Cen_49_patch_1_3.jpg,B2,B1,0.8616
processed_data_cleaned\test\B2\B2.01.Sai-Cen_50_patch_1_2.jpg,B2,B1,0.8319
processed_data_cleaned\test\B2\B2.01.Sai-Cen_50_patch_2_0.jpg,B2,B1,0.9954
processed_data_cleaned\test\B2\B2.01.Sai-Cen_50_patch_2_1.jpg,B2,B1,0.9971
processed_data_cleaned\test\B2\B2.01.Sai-Cen_50_patch_2_2.jpg,B2,B1,0.9477
processed_data_cleaned\test\B2\B2.01.Sai-Cen_50_patch_2_3.jpg,B2,B1,0.9829
processed_data_cleaned\test\B2\B2.01.Sai-Cen_51_patch_1_0.jpg,B2,B1,0.954
processed_data_cleaned\test\B2\B2.01.Sai-Cen_51_patch_2_1.jpg,B2,B1,0.6038
processed_data_cleaned\test\B2\B2.01.Sai-Cen_52_patch_0_1.jpg,B2,A2,0.5525
processed_data_cleaned\test\B2\B2.01.Sai-Cen_52_patch_0_2.jpg,B2,B1,0.7879
processed_data_cleaned\test\B2\B2.01.Sai-Cen_52_patch_0_3.jpg,B2,B1,0.9004
processed_data_cleaned\test\B2\B2.01.Sai-Cen_52_patch_1_0.jpg,B2,B1,0.8582
processed_data_cleaned\test\B2\B2.01.Sai-Cen_52_patch_1_1.jpg,B2,B1,0.9987
processed_data_cleaned\test\B2\B2.01.Sai-Cen_52_patch_1_2.jpg,B2,B1,0.6394
processed_data_cleaned\test\B2\B2.01.Sai-Cen_52_patch_1_3.jpg,B2,B1,0.9272
processed_data_cleaned\test\B2\B2.01.Sai-Cen_52_patch_2_0.jpg,B2,B1,0.9459
processed_data_cleaned\test\B2\B2.01.Sai-Cen_52_patch_2_1.jpg,B2,B1,0.9747
processed_data_cleaned\test\B2\B2.01.Sai-Cen_52_patch_2_2.jpg,B2,B1,0.8151
processed_data_cleaned\test\B2\B2.01.Sai-Cen_52_patch_2_3.jpg,B2,B1,0.964
processed_data_cleaned\test\B2\B2.01.Sai-Cen_53_patch_0_2.jpg,B2,B1,0.737
processed_data_cleaned\test\B2\B2.01.Sai-Cen_53_patch_0_3.jpg,B2,A1,0.5426
processed_data_cleaned\test\B2\B2.01.Sai-Cen_53_patch_1_0.jpg,B2,B1,0.7604
processed_data_cleaned\test\B2\B2.01.Sai-Cen_53_patch_1_2.jpg,B2,A2,0.7924
processed_data_cleaned\test\B2\B2.01.Sai-Cen_53_patch_1_3.jpg,B2,A1,0.9454
processed_data_cleaned\test\B2\B2.01.Sai-Cen_53_patch_2_0.jpg,B2,A1,0.6277
processed_data_cleaned\test\B2\B2.01.Sai-Cen_53_patch_2_1.jpg,B2,A1,0.9493
processed_data_cleaned\test\B2\B2.01.Sai-Cen_53_patch_2_2.jpg,B2,A1,0.9606
processed_data_cleaned\test\B2\B2.01.Sai-Cen_54_patch_0_2.jpg,B2,B1,0.9881
processed_data_cleaned\test\B2\B2.01.Sai-Cen_54_patch_0_3.jpg,B2,B1,0.8646
processed_data_cleaned\test\B2\B2.01.Sai-Cen_54_patch_1_0.jpg,B2,B1,0.9958
processed_data_cleaned\test\B2\B2.01.Sai-Cen_54_patch_1_1.jpg,B2,B1,0.9989
processed_data_cleaned\test\B2\B2.01.Sai-Cen_54_patch_1_2.jpg,B2,B1,0.9985
processed_data_cleaned\test\B2\B2.01.Sai-Cen_54_patch_1_3.jpg,B2,B1,0.9967
processed_data_cleaned\test\B2\B2.01.Sai-Cen_54_patch_2_0.jpg,B2,B1,0.9048
processed_data_cleaned\test\B2\B2.01.Sai-Cen_54_patch_2_1.jpg,B2,A2,0.8976
processed_data_cleaned\test\B2\B2.01.Sai-Cen_54_patch_2_2.jpg,B2,B1,0.8946
processed_data_cleaned\test\B2\B2.01.Sai-Cen_54_patch_2_3.jpg,B2,B1,0.9645
processed_data_cleaned\test\B2\B2.01.Sai-Cen_55_patch_0_0.jpg,B2,B1,0.9309
processed_data_cleaned\test\B2\B2.01.Sai-Cen_55_patch_0_1.jpg,B2,B1,0.9968
processed_data_cleaned\test\B2\B2.01.Sai-Cen_55_patch_0_2.jpg,B2,B1,0.9794
processed_data_cleaned\test\B2\B2.01.Sai-Cen_55_patch_1_0.jpg,B2,A1,0.5233
processed_data_cleaned\test\B2\B2.01.Sai-Cen_55_patch_1_2.jpg,B2,B1,0.8027
processed_data_cleaned\test\B2\B2.01.Sai-Cen_55_patch_1_3.jpg,B2,B1,0.8119
processed_data_cleaned\test\B2\B2.01.Sai-Cen_56_patch_0_1.jpg,B2,A1,0.9342
processed_data_cleaned\test\B2\B2.01.Sai-Cen_56_patch_1_0.jpg,B2,B1,0.7809
processed_data_cleaned\test\B2\B2.01.Sai-Cen_56_patch_2_0.jpg,B2,A1,0.9793
processed_data_cleaned\test\B2\B2.01.Sai-Cen_56_patch_2_1.jpg,B2,B1,0.9932
processed_data_cleaned\test\B2\B2.01.Sai-Cen_56_patch_2_2.jpg,B2,A2,0.6334
processed_data_cleaned\test\B2\B2.01.Sai-Cen_56_patch_2_3.jpg,B2,B1,0.5773
processed_data_cleaned\test\B2\B2.01.Sai-Cen_57_patch_0_0.jpg,B2,A1,0.9259
processed_data_cleaned\test\B2\B2.01.Sai-Cen_57_patch_0_1.jpg,B2,B1,0.8011
processed_data_cleaned\test\B2\B2.01.Sai-Cen_57_patch_0_3.jpg,B2,B1,0.993
processed_data_cleaned\test\B2\B2.01.Sai-Cen_57_patch_1_0.jpg,B2,A2,0.9815
processed_data_cleaned\test\B2\B2.01.Sai-Cen_57_patch_1_1.jpg,B2,A1,0.9388
processed_data_cleaned\test\B2\B2.01.Sai-Cen_57_patch_1_2.jpg,B2,B1,0.997
processed_data_cleaned\test\B2\B2.01.Sai-Cen_57_patch_2_1.jpg,B2,B1,0.8451
processed_data_cleaned\test\B2\B2.01.Sai-Cen_57_patch_2_2.jpg,B2,A2,0.9959
processed_data_cleaned\test\B2\B2.01.Sai-Cen_57_patch_2_3.jpg,B2,A2,0.5134
processed_data_cleaned\test\B2\B2.01.Sai-Cen_58_patch_1_0.jpg,B2,B1,0.9999
processed_data_cleaned\test\B2\B2.01.Sai-Cen_58_patch_1_1.jpg,B2,A1,0.9953
processed_data_cleaned\test\B2\B2.01.Sai-Cen_58_patch_1_2.jpg,B2,B1,0.7604
processed_data_cleaned\test\B2\B2.01.Sai-Cen_58_patch_1_3.jpg,B2,A1,0.5762
processed_data_cleaned\test\B2\B2.01.Sai-Cen_58_patch_2_2.jpg,B2,B1,0.9981
processed_data_cleaned\test\B2\B2.01.Sai-Cen_59_patch_0_0.jpg,B2,A2,0.4933
processed_data_cleaned\test\B2\B2.01.Sai-Cen_59_patch_0_1.jpg,B2,B1,0.9964
processed_data_cleaned\test\B2\B2.01.Sai-Cen_59_patch_0_2.jpg,B2,A2,0.9954
processed_data_cleaned\test\B2\B2.01.Sai-Cen_59_patch_0_3.jpg,B2,A2,0.6888
processed_data_cleaned\test\B2\B2.01.Sai-Cen_59_patch_1_0.jpg,B2,B1,0.9605
processed_data_cleaned\test\B2\B2.01.Sai-Cen_59_patch_1_1.jpg,B2,B1,0.9992
processed_data_cleaned\test\B2\B2.01.Sai-Cen_59_patch_1_2.jpg,B2,B1,0.6863
processed_data_cleaned\test\B2\B2.01.Sai-Cen_59_patch_2_1.jpg,B2,A1,0.7516
processed_data_cleaned\test\B2\B2.01.Sai-Cen_59_patch_2_2.jpg,B2,A1,0.8628
processed_data_cleaned\test\B2\B2.01.Sai-Cen_59_patch_2_3.jpg,B2,A1,0.9812
processed_data_cleaned\test\B2\B2.01.Sai-Cen_60_patch_0_0.jpg,B2,B1,0.6219
processed_data_cleaned\test\B2\B2.01.Sai-Cen_60_patch_0_2.jpg,B2,B1,0.8993
processed_data_cleaned\test\B2\B2.01.Sai-Cen_60_patch_0_3.jpg,B2,B1,0.9994
processed_data_cleaned\test\B2\B2.01.Sai-Cen_60_patch_1_1.jpg,B2,A1,0.9927
processed_data_cleaned\test\B2\B2.01.Sai-Cen_60_patch_1_3.jpg,B2,A2,0.6252
processed_data_cleaned\test\B2\B2.01.Sai-Cen_60_patch_2_0.jpg,B2,B1,0.8583
processed_data_cleaned\test\B2\B2.01.Sai-Cen_60_patch_2_1.jpg,B2,A1,0.9191
processed_data_cleaned\test\B2\B2.01.Sai-Cen_60_patch_2_2.jpg,B2,B1,0.8672
processed_data_cleaned\test\B2\B2.01.Sai-Cen_60_patch_2_3.jpg,B2,B1,0.9953
processed_data_cleaned\test\B2\B2.01.Sai-Cen_61_patch_0_1.jpg,B2,B1,0.9957
processed_data_cleaned\test\B2\B2.01.Sai-Cen_61_patch_1_0.jpg,B2,B1,0.6808
processed_data_cleaned\test\B2\B2.01.Sai-Cen_61_patch_1_1.jpg,B2,B1,0.7174
processed_data_cleaned\test\B2\B2.01.Sai-Cen_61_patch_1_3.jpg,B2,A2,0.4577
processed_data_cleaned\test\B2\B2.01.Sai-Cen_62_patch_0_2.jpg,B2,A1,0.9919
processed_data_cleaned\test\B2\B2.01.Sai-Cen_62_patch_1_0.jpg,B2,A1,0.6776
processed_data_cleaned\test\B2\B2.01.Sai-Cen_62_patch_1_1.jpg,B2,A1,1.0
processed_data_cleaned\test\B2\B2.01.Sai-Cen_62_patch_1_2.jpg,B2,A1,0.9971
processed_data_cleaned\test\B2\B2.01.Sai-Cen_62_patch_1_3.jpg,B2,A1,0.7329
processed_data_cleaned\test\B2\B2.01.Sai-Cen_62_patch_2_0.jpg,B2,B1,0.9593
processed_data_cleaned\test\B2\B2.01.Sai-Cen_62_patch_2_1.jpg,B2,A1,0.9998
processed_data_cleaned\test\B2\B2.01.Sai-Cen_62_patch_2_2.jpg,B2,A1,0.7593
processed_data_cleaned\test\B2\B2.01.Sai-Cen_62_patch_2_3.jpg,B2,B1,0.7744
processed_data_cleaned\test\B2\B2.01.Sai-Cen_63_patch_0_0.jpg,B2,A2,0.9388
processed_data_cleaned\test\B2\B2.01.Sai-Cen_63_patch_0_1.jpg,B2,B1,0.9184
processed_data_cleaned\test\B2\B2.01.Sai-Cen_63_patch_0_2.jpg,B2,A2,0.6717
processed_data_cleaned\test\B2\B2.01.Sai-Cen_63_patch_0_3.jpg,B2,A2,0.7648
processed_data_cleaned\test\B2\B2.01.Sai-Cen_63_patch_1_0.jpg,B2,B1,0.8347
processed_data_cleaned\test\B2\B2.01.Sai-Cen_63_patch_1_1.jpg,B2,B1,0.9924
processed_data_cleaned\test\B2\B2.01.Sai-Cen_63_patch_1_2.jpg,B2,B1,0.9993
processed_data_cleaned\test\B2\B2.01.Sai-Cen_63_patch_1_3.jpg,B2,A2,0.9988
processed_data_cleaned\test\B2\B2.01.Sai-Cen_63_patch_2_0.jpg,B2,A2,0.737
processed_data_cleaned\test\B2\B2.01.Sai-Cen_63_patch_2_1.jpg,B2,A2,0.9528
processed_data_cleaned\test\B2\B2.01.Sai-Cen_63_patch_2_2.jpg,B2,A2,0.9853
processed_data_cleaned\test\B2\B2.01.Sai-Cen_63_patch_2_3.jpg,B2,A2,0.9827
processed_data_cleaned\test\B2\B2.01.Sai-Cen_65_patch_0_3.jpg,B2,B1,0.8303
processed_data_cleaned\test\B2\B2.01.Sai-Cen_66_patch_0_1.jpg,B2,A2,0.9941
processed_data_cleaned\test\B2\B2.01.Sai-Cen_66_patch_0_2.jpg,B2,A2,0.7838
processed_data_cleaned\test\B2\B2.01.Sai-Cen_66_patch_0_3.jpg,B2,B1,0.54
processed_data_cleaned\test\B2\B2.01.Sai-Cen_66_patch_1_0.jpg,B2,B1,0.9098
processed_data_cleaned\test\B2\B2.01.Sai-Cen_67_patch_0_0.jpg,B2,A1,0.997
processed_data_cleaned\test\B2\B2.01.Sai-Cen_67_patch_0_1.jpg,B2,A1,0.8553
processed_data_cleaned\test\B2\B2.01.Sai-Cen_67_patch_1_1.jpg,B2,B1,0.9883
processed_data_cleaned\test\B2\B2.01.Sai-Cen_67_patch_1_2.jpg,B2,A2,0.69
processed_data_cleaned\test\B2\B2.01.Sai-Cen_67_patch_2_0.jpg,B2,B1,0.9675
processed_data_cleaned\test\B2\B2.01.Sai-Cen_67_patch_2_1.jpg,B2,B1,0.9523
processed_data_cleaned\test\B2\B2.01.Sai-Cen_67_patch_2_2.jpg,B2,B1,0.996
processed_data_cleaned\test\B2\B2.01.Sai-Cen_68_patch_2_0.jpg,B2,B1,0.4654
processed_data_cleaned\test\B2\B2.01.Sai-Cen_68_patch_2_1.jpg,B2,B1,0.5066
processed_data_cleaned\test\B2\B2.01.Sai-Cen_69_patch_1_1.jpg,B2,A2,0.4581
processed_data_cleaned\test\B2\B2.01.Sai-Cen_70_patch_0_1.jpg,B2,B1,0.9206
processed_data_cleaned\test\B2\B2.01.Sai-Cen_70_patch_1_1.jpg,B2,B1,0.9983
processed_data_cleaned\test\B2\B2.01.Sai-Cen_70_patch_1_2.jpg,B2,B1,0.9704
processed_data_cleaned\test\B2\B2.01.Sai-Cen_70_patch_1_3.jpg,B2,B1,0.9418
processed_data_cleaned\test\B2\B2.01.Sai-Cen_70_patch_2_0.jpg,B2,B1,0.9894
processed_data_cleaned\test\B2\B2.01.Sai-Cen_70_patch_2_1.jpg,B2,B1,0.9819
processed_data_cleaned\test\B2\B2.01.Sai-Cen_70_patch_2_2.jpg,B2,B1,0.9979
processed_data_cleaned\test\B2\B2.01.Sai-Cen_71_patch_0_3.jpg,B2,A2,0.4483
processed_data_cleaned\test\B2\B2.01.Sai-Cen_71_patch_1_2.jpg,B2,B1,0.9059
processed_data_cleaned\test\B2\B2.01.Sai-Cen_71_patch_2_1.jpg,B2,A2,0.5495
processed_data_cleaned\test\B2\B2.01.Sai-Cen_71_patch_2_2.jpg,B2,A1,0.7028
processed_data_cleaned\test\B2\B2.01.Sai-Cen_73_patch_0_0.jpg,B2,A1,0.974
processed_data_cleaned\test\B2\B2.01.Sai-Cen_73_patch_2_1.jpg,B2,A2,0.6973
processed_data_cleaned\test\B2\B2.01.Sai-Cen_73_patch_2_3.jpg,B2,A1,0.8781
processed_data_cleaned\test\B2\B2.01.Sai-Cen_74_patch_0_1.jpg,B2,A2,0.9985
processed_data_cleaned\test\B2\B2.01.Sai-Cen_74_patch_0_3.jpg,B2,A2,0.9851
processed_data_cleaned\test\B2\B2.01.Sai-Cen_74_patch_1_0.jpg,B2,A1,0.8173
processed_data_cleaned\test\B2\B2.01.Sai-Cen_74_patch_1_3.jpg,B2,A2,0.9971
processed_data_cleaned\test\B2\B2.01.Sai-Cen_74_patch_2_0.jpg,B2,B1,0.9703
processed_data_cleaned\test\B2\B2.01.Sai-Cen_74_patch_2_1.jpg,B2,B1,0.6242
processed_data_cleaned\test\B2\B2.01.Sai-Cen_74_patch_2_2.jpg,B2,B1,0.9986
processed_data_cleaned\test\B2\B2.01.Sai-Cen_74_patch_2_3.jpg,B2,A1,0.8363
processed_data_cleaned\test\B2\B2.01.Sai-Cen_75_patch_0_0.jpg,B2,B1,0.9183
processed_data_cleaned\test\B2\B2.01.Sai-Cen_75_patch_0_1.jpg,B2,B1,0.6113
processed_data_cleaned\test\B2\B2.01.Sai-Cen_75_patch_0_2.jpg,B2,A2,0.5087
processed_data_cleaned\test\B2\B2.01.Sai-Cen_75_patch_0_3.jpg,B2,A2,0.6216
processed_data_cleaned\test\B2\B2.01.Sai-Cen_75_patch_1_1.jpg,B2,A2,0.9278
processed_data_cleaned\test\B2\B2.01.Sai-Cen_75_patch_1_2.jpg,B2,A1,0.9871
processed_data_cleaned\test\B2\B2.01.Sai-Cen_75_patch_2_0.jpg,B2,A1,0.7131
processed_data_cleaned\test\B2\B2.01.Sai-Cen_75_patch_2_1.jpg,B2,A2,0.5915
processed_data_cleaned\test\B2\B2.01.Sai-Cen_75_patch_2_2.jpg,B2,B1,0.7373
processed_data_cleaned\test\B2\B2.01.Sai-Cen_75_patch_2_3.jpg,B2,B1,0.7535
processed_data_cleaned\test\B2\B2.01.Sai-Cen_76_patch_0_0.jpg,B2,A2,0.5268
processed_data_cleaned\test\B2\B2.01.Sai-Cen_76_patch_0_1.jpg,B2,B1,0.9597
processed_data_cleaned\test\B2\B2.01.Sai-Cen_76_patch_0_2.jpg,B2,B1,0.955
processed_data_cleaned\test\B2\B2.01.Sai-Cen_76_patch_0_3.jpg,B2,B1,0.7733
processed_data_cleaned\test\B2\B2.01.Sai-Cen_76_patch_1_0.jpg,B2,A2,0.8525
processed_data_cleaned\test\B2\B2.01.Sai-Cen_76_patch_1_1.jpg,B2,B1,0.7989
processed_data_cleaned\test\B2\B2.01.Sai-Cen_76_patch_1_2.jpg,B2,A1,0.336
processed_data_cleaned\test\B2\B2.01.Sai-Cen_76_patch_1_3.jpg,B2,A2,0.7447
processed_data_cleaned\test\B2\B2.01.Sai-Cen_76_patch_2_0.jpg,B2,B1,0.8149
processed_data_cleaned\test\B2\B2.01.Sai-Cen_76_patch_2_1.jpg,B2,A2,0.5665
processed_data_cleaned\test\B2\B2.01.Sai-Cen_76_patch_2_2.jpg,B2,B1,0.4188
processed_data_cleaned\test\B2\B2.01.Sai-Cen_76_patch_2_3.jpg,B2,B1,0.6267
processed_data_cleaned\test\B2\B2.01.Sai-Cen_77_patch_0_1.jpg,B2,B1,0.5453
processed_data_cleaned\test\B2\B2.01.Sai-Cen_77_patch_0_2.jpg,B2,B1,0.6407
processed_data_cleaned\test\B2\B2.01.Sai-Cen_77_patch_0_3.jpg,B2,B1,0.462
processed_data_cleaned\test\B2\B2.01.Sai-Cen_77_patch_1_1.jpg,B2,A2,0.8835
processed_data_cleaned\test\B2\B2.01.Sai-Cen_77_patch_1_3.jpg,B2,B1,0.9996
processed_data_cleaned\test\B2\B2.01.Sai-Cen_77_patch_2_0.jpg,B2,B1,0.8436
processed_data_cleaned\test\B2\B2.01.Sai-Cen_77_patch_2_1.jpg,B2,B1,0.7918
processed_data_cleaned\test\B2\B2.01.Sai-Cen_77_patch_2_2.jpg,B2,A2,0.8002
processed_data_cleaned\test\B2\B2.01.Sai-Cen_78_patch_0_1.jpg,B2,B1,0.9091
processed_data_cleaned\test\B2\B2.01.Sai-Cen_78_patch_0_2.jpg,B2,B1,0.9395
processed_data_cleaned\test\B2\B2.01.Sai-Cen_78_patch_0_3.jpg,B2,A2,0.9882
processed_data_cleaned\test\B2\B2.01.Sai-Cen_78_patch_1_0.jpg,B2,B1,0.5375
processed_data_cleaned\test\B2\B2.01.Sai-Cen_78_patch_1_1.jpg,B2,B1,0.9969
processed_data_cleaned\test\B2\B2.01.Sai-Cen_78_patch_1_2.jpg,B2,B1,0.9627
processed_data_cleaned\test\B2\B2.01.Sai-Cen_78_patch_1_3.jpg,B2,B1,0.8646
processed_data_cleaned\test\B2\B2.01.Sai-Cen_78_patch_2_0.jpg,B2,A1,0.9941
processed_data_cleaned\test\B2\B2.01.Sai-Cen_78_patch_2_1.jpg,B2,B1,0.5349
processed_data_cleaned\test\B2\B2.01.Sai-Cen_78_patch_2_2.jpg,B2,B1,0.8711
processed_data_cleaned\test\B2\B2.01.Sai-Cen_78_patch_2_3.jpg,B2,A1,0.9917
processed_data_cleaned\test\B2\B2.01.Sai-Cen_79_patch_1_0.jpg,B2,B1,0.9888
processed_data_cleaned\test\B2\B2.01.Sai-Cen_79_patch_2_2.jpg,B2,A2,0.9781
processed_data_cleaned\test\B2\B2.01.Sai-Cen_80_patch_0_1.jpg,B2,A2,0.9487
processed_data_cleaned\test\B2\B2.01.Sai-Cen_80_patch_0_3.jpg,B2,A2,0.7674
processed_data_cleaned\test\B2\B2.01.Sai-Cen_80_patch_1_0.jpg,B2,A2,0.5252
processed_data_cleaned\test\B2\B2.01.Sai-Cen_80_patch_1_1.jpg,B2,B1,0.9718
processed_data_cleaned\test\B2\B2.01.Sai-Cen_80_patch_2_0.jpg,B2,B1,0.943
processed_data_cleaned\test\B2\B2.01.Sai-Cen_80_patch_2_1.jpg,B2,B1,0.8732
processed_data_cleaned\test\B2\B2.01.Sai-Cen_80_patch_2_2.jpg,B2,B1,0.9681
processed_data_cleaned\test\B2\B2.01.Sai-Cen_81_patch_0_0.jpg,B2,B1,0.4282
processed_data_cleaned\test\B2\B2.01.Sai-Cen_81_patch_0_1.jpg,B2,A2,0.9801
processed_data_cleaned\test\B2\B2.01.Sai-Cen_81_patch_1_1.jpg,B2,A2,0.9768
processed_data_cleaned\test\B2\B2.01.Sai-Cen_81_patch_1_2.jpg,B2,A2,0.8719
processed_data_cleaned\test\B2\B2.01.Sai-Cen_81_patch_2_2.jpg,B2,B1,0.9976
processed_data_cleaned\test\B2\B2.01.Sai-Cen_81_patch_2_3.jpg,B2,A2,0.434
processed_data_cleaned\test\B2\B2.01.Sai-Cen_83_patch_0_3.jpg,B2,B1,0.9528
processed_data_cleaned\test\B2\B2.01.Sai-Cen_83_patch_1_2.jpg,B2,B1,0.993
processed_data_cleaned\test\B2\B2.01.Sai-Cen_83_patch_2_0.jpg,B2,B1,0.991
processed_data_cleaned\test\B2\B2.01.Sai-Cen_83_patch_2_2.jpg,B2,B1,0.9796
processed_data_cleaned\test\B2\B2.01.Sai-Cen_84_patch_0_0.jpg,B2,B1,0.9207
processed_data_cleaned\test\B2\B2.01.Sai-Cen_84_patch_0_1.jpg,B2,A1,0.9322
processed_data_cleaned\test\B2\B2.01.Sai-Cen_84_patch_0_2.jpg,B2,A1,0.9462
processed_data_cleaned\test\B2\B2.01.Sai-Cen_84_patch_0_3.jpg,B2,A1,0.9203
processed_data_cleaned\test\B2\B2.01.Sai-Cen_84_patch_1_2.jpg,B2,A2,0.9917
processed_data_cleaned\test\B2\B2.01.Sai-Cen_84_patch_2_0.jpg,B2,B1,0.5688
processed_data_cleaned\test\B2\B2.01.Sai-Cen_84_patch_2_1.jpg,B2,A2,0.5465
processed_data_cleaned\test\B2\B2.01.Sai-Cen_84_patch_2_3.jpg,B2,A1,0.9992
processed_data_cleaned\test\B2\B2.01.Sai-Cen_85_patch_0_0.jpg,B2,A2,0.5209
processed_data_cleaned\test\B2\B2.01.Sai-Cen_85_patch_0_1.jpg,B2,A2,0.9772
processed_data_cleaned\test\B2\B2.01.Sai-Cen_85_patch_1_1.jpg,B2,A2,0.6116
processed_data_cleaned\test\B2\B2.01.Sai-Cen_85_patch_1_2.jpg,B2,B1,0.8174
processed_data_cleaned\test\B2\B2.01.Sai-Cen_85_patch_1_3.jpg,B2,B1,0.996
processed_data_cleaned\test\B2\B2.01.Sai-Cen_85_patch_2_0.jpg,B2,A1,0.5519
processed_data_cleaned\test\B2\B2.01.Sai-Cen_85_patch_2_1.jpg,B2,A2,0.9916
processed_data_cleaned\test\B2\B2.01.Sai-Cen_85_patch_2_2.jpg,B2,A2,0.8695
processed_data_cleaned\test\B2\B2.01.Sai-Cen_86_patch_0_0.jpg,B2,A1,0.9995
processed_data_cleaned\test\B2\B2.01.Sai-Cen_86_patch_1_0.jpg,B2,A1,0.995
processed_data_cleaned\test\B2\B2.01.Sai-Cen_86_patch_1_2.jpg,B2,B1,0.9996
processed_data_cleaned\test\B2\B2.01.Sai-Cen_86_patch_2_0.jpg,B2,A1,0.9867
processed_data_cleaned\test\B2\B2.01.Sai-Cen_86_patch_2_2.jpg,B2,B1,0.6075
processed_data_cleaned\test\B2\B2.01.Sai-Cen_87_patch_0_0.jpg,B2,A1,0.9982
processed_data_cleaned\test\B2\B2.01.Sai-Cen_87_patch_1_0.jpg,B2,A1,0.9373
processed_data_cleaned\test\B2\B2.01.Sai-Cen_87_patch_1_2.jpg,B2,B1,0.8065
processed_data_cleaned\test\B2\B2.01.Sai-Cen_87_patch_2_0.jpg,B2,A1,0.5925
processed_data_cleaned\test\B2\B2.01.Sai-Cen_88_patch_0_0.jpg,B2,B1,0.5786
processed_data_cleaned\test\B2\B2.01.Sai-Cen_88_patch_0_1.jpg,B2,A1,0.506
processed_data_cleaned\test\B2\B2.01.Sai-Cen_88_patch_0_3.jpg,B2,A1,0.8026
processed_data_cleaned\test\B2\B2.01.Sai-Cen_88_patch_1_1.jpg,B2,A1,0.9323
processed_data_cleaned\test\B2\B2.01.Sai-Cen_88_patch_1_2.jpg,B2,A1,0.9835
processed_data_cleaned\test\B2\B2.01.Sai-Cen_88_patch_1_3.jpg,B2,A2,0.8635
processed_data_cleaned\test\B2\B2.01.Sai-Cen_88_patch_2_0.jpg,B2,A2,0.8907
processed_data_cleaned\test\B2\B2.01.Sai-Cen_88_patch_2_1.jpg,B2,A2,0.9677
processed_data_cleaned\test\B2\B2.01.Sai-Cen_88_patch_2_3.jpg,B2,A2,0.916
processed_data_cleaned\test\B2\B2.01.Sai-Cen_89_patch_0_0.jpg,B2,A1,0.9873
processed_data_cleaned\test\B2\B2.01.Sai-Cen_89_patch_1_1.jpg,B2,A1,0.9999
processed_data_cleaned\test\B2\B2.01.Sai-Cen_89_patch_1_2.jpg,B2,A1,0.9644
processed_data_cleaned\test\B2\B2.01.Sai-Cen_89_patch_1_3.jpg,B2,B1,0.9612
processed_data_cleaned\test\B2\B2.01.Sai-Cen_89_patch_2_0.jpg,B2,B1,0.7339
processed_data_cleaned\test\B2\B2.01.Sai-Cen_89_patch_2_1.jpg,B2,B1,0.9345
processed_data_cleaned\test\B2\B2.01.Sai-Cen_89_patch_2_2.jpg,B2,B1,0.4016
processed_data_cleaned\test\B2\B2.01.Sai-Cen_90_patch_0_0.jpg,B2,B1,0.672
processed_data_cleaned\test\B2\B2.01.Sai-Cen_90_patch_0_1.jpg,B2,B1,1.0
processed_data_cleaned\test\B2\B2.01.Sai-Cen_90_patch_0_2.jpg,B2,B1,0.8765
processed_data_cleaned\test\B2\B2.01.Sai-Cen_90_patch_0_3.jpg,B2,A2,0.6795
processed_data_cleaned\test\B2\B2.01.Sai-Cen_90_patch_1_0.jpg,B2,B1,0.8895
processed_data_cleaned\test\B2\B2.01.Sai-Cen_90_patch_1_2.jpg,B2,A2,0.7148
processed_data_cleaned\test\B2\B2.01.Sai-Cen_90_patch_1_3.jpg,B2,A2,0.7545
processed_data_cleaned\test\B2\B2.01.Sai-Cen_90_patch_2_0.jpg,B2,B1,0.9958
processed_data_cleaned\test\B2\B2.01.Sai-Cen_90_patch_2_1.jpg,B2,B1,0.8869
processed_data_cleaned\test\B2\B2.01.Sai-Cen_90_patch_2_2.jpg,B2,B1,0.9781
processed_data_cleaned\test\B2\B2.01.Sai-Cen_90_patch_2_3.jpg,B2,B1,0.6818
processed_data_cleaned\test\B2\B2.01.Sai-Cen_91_patch_0_0.jpg,B2,B1,0.8958
processed_data_cleaned\test\B2\B2.01.Sai-Cen_91_patch_0_1.jpg,B2,A1,0.9997
processed_data_cleaned\test\B2\B2.01.Sai-Cen_91_patch_1_1.jpg,B2,B1,0.9698
processed_data_cleaned\test\B2\B2.01.Sai-Cen_91_patch_1_2.jpg,B2,B1,0.9369
processed_data_cleaned\test\B2\B2.01.Sai-Cen_91_patch_1_3.jpg,B2,A1,0.5005
processed_data_cleaned\test\B2\B2.01.Sai-Cen_91_patch_2_1.jpg,B2,A1,0.5234
processed_data_cleaned\test\B2\B2.01.Sai-Cen_91_patch_2_2.jpg,B2,A2,0.4838
processed_data_cleaned\test\B2\B2.01.Sai-Cen_91_patch_2_3.jpg,B2,A1,0.9206
processed_data_cleaned\test\B2\B2.01.Sai-Cen_92_patch_0_0.jpg,B2,A2,0.8265
processed_data_cleaned\test\B2\B2.01.Sai-Cen_92_patch_0_1.jpg,B2,A2,0.634
processed_data_cleaned\test\B2\B2.01.Sai-Cen_92_patch_0_2.jpg,B2,A2,0.8571
processed_data_cleaned\test\B2\B2.01.Sai-Cen_92_patch_0_3.jpg,B2,A2,0.96
processed_data_cleaned\test\B2\B2.01.Sai-Cen_92_patch_1_0.jpg,B2,A1,0.7428
processed_data_cleaned\test\B2\B2.01.Sai-Cen_92_patch_1_1.jpg,B2,B1,0.87
processed_data_cleaned\test\B2\B2.01.Sai-Cen_92_patch_1_2.jpg,B2,A2,0.9583
processed_data_cleaned\test\B2\B2.01.Sai-Cen_92_patch_1_3.jpg,B2,A1,0.3901
processed_data_cleaned\test\B2\B2.01.Sai-Cen_92_patch_2_0.jpg,B2,A1,0.8704
processed_data_cleaned\test\B2\B2.01.Sai-Cen_92_patch_2_1.jpg,B2,A2,0.7463
processed_data_cleaned\test\B2\B2.01.Sai-Cen_92_patch_2_2.jpg,B2,B1,0.9941
processed_data_cleaned\test\B2\B2.01.Sai-Cen_92_patch_2_3.jpg,B2,B1,0.9582
processed_data_cleaned\test\B2\B2.01.Sai-Cen_93_patch_0_1.jpg,B2,A2,0.7943
processed_data_cleaned\test\B2\B2.01.Sai-Cen_93_patch_0_2.jpg,B2,A2,0.9762
processed_data_cleaned\test\B2\B2.01.Sai-Cen_93_patch_0_3.jpg,B2,B1,0.7024
processed_data_cleaned\test\B2\B2.01.Sai-Cen_93_patch_1_0.jpg,B2,B1,0.9983
processed_data_cleaned\test\B2\B2.01.Sai-Cen_93_patch_1_1.jpg,B2,A2,0.9721
processed_data_cleaned\test\B2\B2.01.Sai-Cen_93_patch_1_2.jpg,B2,A2,0.9892
processed_data_cleaned\test\B2\B2.01.Sai-Cen_93_patch_2_0.jpg,B2,A2,0.8969
processed_data_cleaned\test\B2\B2.01.Sai-Cen_93_patch_2_1.jpg,B2,A2,0.8176
processed_data_cleaned\test\B2\B2.01.Sai-Cen_93_patch_2_3.jpg,B2,B1,0.8668
processed_data_cleaned\test\B2\B2.01.Sai-Cen_94_patch_0_0.jpg,B2,A1,0.9424
processed_data_cleaned\test\B2\B2.01.Sai-Cen_94_patch_0_2.jpg,B2,A2,0.8461
processed_data_cleaned\test\B2\B2.01.Sai-Cen_94_patch_0_3.jpg,B2,B1,0.9358
processed_data_cleaned\test\B2\B2.01.Sai-Cen_94_patch_1_0.jpg,B2,B1,0.9989
processed_data_cleaned\test\B2\B2.01.Sai-Cen_94_patch_1_1.jpg,B2,A2,0.7623
processed_data_cleaned\test\B2\B2.01.Sai-Cen_94_patch_1_3.jpg,B2,A1,0.701
processed_data_cleaned\test\B2\B2.01.Sai-Cen_94_patch_2_0.jpg,B2,A2,0.7881
processed_data_cleaned\test\B2\B2.01.Sai-Cen_94_patch_2_1.jpg,B2,A2,0.9994
processed_data_cleaned\test\B2\B2.01.Sai-Cen_94_patch_2_3.jpg,B2,A1,0.6448
processed_data_cleaned\test\B2\B2.01.Sai-Cen_95_patch_0_1.jpg,B2,B1,0.9668
processed_data_cleaned\test\B2\B2.01.Sai-Cen_95_patch_0_2.jpg,B2,A1,0.5641
processed_data_cleaned\test\B2\B2.01.Sai-Cen_95_patch_0_3.jpg,B2,A1,0.9903
processed_data_cleaned\test\B2\B2.01.Sai-Cen_95_patch_1_0.jpg,B2,B1,0.9765
processed_data_cleaned\test\B2\B2.01.Sai-Cen_95_patch_1_1.jpg,B2,B1,0.8053
processed_data_cleaned\test\B2\B2.01.Sai-Cen_95_patch_1_2.jpg,B2,A1,0.7708
processed_data_cleaned\test\B2\B2.01.Sai-Cen_95_patch_1_3.jpg,B2,B1,0.5458
processed_data_cleaned\test\B2\B2.01.Sai-Cen_95_patch_2_0.jpg,B2,A2,0.7303
processed_data_cleaned\test\B2\B2.01.Sai-Cen_95_patch_2_1.jpg,B2,B1,0.7147
processed_data_cleaned\test\B2\B2.01.Sai-Cen_95_patch_2_2.jpg,B2,B1,0.9112
processed_data_cleaned\test\B2\B2.01.Sai-Cen_95_patch_2_3.jpg,B2,A1,0.6087
processed_data_cleaned\test\B2\B2.01.Sai-Cen_96_patch_0_1.jpg,B2,B1,0.8764
processed_data_cleaned\test\B2\B2.01.Sai-Cen_96_patch_0_2.jpg,B2,B1,0.7103
processed_data_cleaned\test\B2\B2.01.Sai-Cen_96_patch_0_3.jpg,B2,B1,0.9349
processed_data_cleaned\test\B2\B2.01.Sai-Cen_96_patch_1_0.jpg,B2,B1,0.7495
processed_data_cleaned\test\B2\B2.01.Sai-Cen_96_patch_1_1.jpg,B2,A1,0.9944
processed_data_cleaned\test\B2\B2.01.Sai-Cen_96_patch_1_2.jpg,B2,A1,0.7118
processed_data_cleaned\test\B2\B2.01.Sai-Cen_96_patch_1_3.jpg,B2,A2,0.9915
processed_data_cleaned\test\B2\B2.01.Sai-Cen_96_patch_2_0.jpg,B2,B1,0.6125
processed_data_cleaned\test\B2\B2.01.Sai-Cen_96_patch_2_1.jpg,B2,A2,0.5252
processed_data_cleaned\test\B2\B2.01.Sai-Cen_96_patch_2_2.jpg,B2,B1,0.9944
processed_data_cleaned\test\B2\B2.01.Sai-Cen_96_patch_2_3.jpg,B2,A2,0.8901
processed_data_cleaned\test\B2\B2.01.Sai-Cen_97_patch_0_1.jpg,B2,B1,0.793
processed_data_cleaned\test\B2\B2.01.Sai-Cen_97_patch_0_2.jpg,B2,B1,0.9363
processed_data_cleaned\test\B2\B2.01.Sai-Cen_97_patch_0_3.jpg,B2,B1,0.8235
processed_data_cleaned\test\B2\B2.01.Sai-Cen_97_patch_1_0.jpg,B2,A1,0.7672
processed_data_cleaned\test\B2\B2.01.Sai-Cen_97_patch_1_1.jpg,B2,A1,0.7516
processed_data_cleaned\test\B2\B2.01.Sai-Cen_97_patch_1_2.jpg,B2,A1,0.9922
processed_data_cleaned\test\B2\B2.01.Sai-Cen_97_patch_1_3.jpg,B2,A2,0.9598
processed_data_cleaned\test\B2\B2.01.Sai-Cen_97_patch_2_1.jpg,B2,B1,0.497
processed_data_cleaned\test\B2\B2.01.Sai-Cen_97_patch_2_2.jpg,B2,A2,0.8975
processed_data_cleaned\test\B2\B2.01.Sai-Cen_97_patch_2_3.jpg,B2,A1,0.4699
processed_data_cleaned\test\B2\B2.01.Sai-Cen_98_patch_0_0.jpg,B2,A1,0.6377
processed_data_cleaned\test\B2\B2.01.Sai-Cen_98_patch_0_2.jpg,B2,A1,0.9963
processed_data_cleaned\test\B2\B2.01.Sai-Cen_98_patch_0_3.jpg,B2,A1,0.8669
processed_data_cleaned\test\B2\B2.01.Sai-Cen_98_patch_1_0.jpg,B2,A2,0.7297
processed_data_cleaned\test\B2\B2.01.Sai-Cen_98_patch_1_1.jpg,B2,A2,0.82
processed_data_cleaned\test\B2\B2.01.Sai-Cen_98_patch_1_2.jpg,B2,A2,0.8269
processed_data_cleaned\test\B2\B2.01.Sai-Cen_98_patch_1_3.jpg,B2,A2,0.9493
processed_data_cleaned\test\B2\B2.01.Sai-Cen_98_patch_2_0.jpg,B2,A1,0.958
processed_data_cleaned\test\B2\B2.01.Sai-Cen_98_patch_2_2.jpg,B2,A1,0.9812
processed_data_cleaned\test\B2\B2.01.Sai-Cen_98_patch_2_3.jpg,B2,A1,0.9913
processed_data_cleaned\test\B2\B2.08.Tu-Du_01_patch_0_3.jpg,B2,B1,0.9928
processed_data_cleaned\test\B2\B2.08.Tu-Du_01_patch_0_4.jpg,B2,B1,0.9307
processed_data_cleaned\test\B2\B2.08.Tu-Du_01_patch_1_3.jpg,B2,B1,0.9764
processed_data_cleaned\test\B2\B2.08.Tu-Du_01_patch_1_4.jpg,B2,A2,0.5851
processed_data_cleaned\test\B2\B2.08.Tu-Du_01_patch_2_1.jpg,B2,B1,0.9924
processed_data_cleaned\test\B2\B2.08.Tu-Du_01_patch_2_2.jpg,B2,B1,0.9888
processed_data_cleaned\test\B2\B2.08.Tu-Du_01_patch_2_3.jpg,B2,B1,0.9999
processed_data_cleaned\test\B2\B2.08.Tu-Du_01_patch_2_4.jpg,B2,A2,0.5379
processed_data_cleaned\test\B2\B2.08.Tu-Du_01_patch_3_0.jpg,B2,A2,0.6889
processed_data_cleaned\test\B2\B2.08.Tu-Du_01_patch_3_2.jpg,B2,B1,0.9004
processed_data_cleaned\test\B2\B2.08.Tu-Du_01_patch_3_3.jpg,B2,B1,0.9989
processed_data_cleaned\test\B2\B2.08.Tu-Du_02_patch_0_1.jpg,B2,A2,0.9972
processed_data_cleaned\test\B2\B2.08.Tu-Du_02_patch_0_4.jpg,B2,B1,0.691
processed_data_cleaned\test\B2\B2.08.Tu-Du_02_patch_1_1.jpg,B2,B1,0.7874
processed_data_cleaned\test\B2\B2.08.Tu-Du_02_patch_1_2.jpg,B2,B1,0.9982
processed_data_cleaned\test\B2\B2.08.Tu-Du_02_patch_1_3.jpg,B2,B1,0.9991
processed_data_cleaned\test\B2\B2.08.Tu-Du_02_patch_1_4.jpg,B2,B1,0.996
processed_data_cleaned\test\B2\B2.08.Tu-Du_02_patch_1_5.jpg,B2,B1,0.9811
processed_data_cleaned\test\B2\B2.08.Tu-Du_02_patch_2_1.jpg,B2,B1,0.968
processed_data_cleaned\test\B2\B2.08.Tu-Du_02_patch_2_2.jpg,B2,B1,0.9998
processed_data_cleaned\test\B2\B2.08.Tu-Du_02_patch_2_5.jpg,B2,B1,0.9967
processed_data_cleaned\test\B2\B2.08.Tu-Du_02_patch_3_0.jpg,B2,B1,0.9295
processed_data_cleaned\test\B2\B2.08.Tu-Du_02_patch_3_1.jpg,B2,B1,0.9992
processed_data_cleaned\test\B2\B2.08.Tu-Du_02_patch_3_5.jpg,B2,B1,0.9907
processed_data_cleaned\test\B2\B2.08.Tu-Du_03_patch_0_1.jpg,B2,A1,0.9875
processed_data_cleaned\test\B2\B2.08.Tu-Du_03_patch_0_2.jpg,B2,A2,0.952
processed_data_cleaned\test\B2\B2.08.Tu-Du_03_patch_0_3.jpg,B2,A1,0.9963
processed_data_cleaned\test\B2\B2.08.Tu-Du_03_patch_0_4.jpg,B2,B1,0.7205
processed_data_cleaned\test\B2\B2.08.Tu-Du_03_patch_1_1.jpg,B2,A1,0.9972
processed_data_cleaned\test\B2\B2.08.Tu-Du_03_patch_1_2.jpg,B2,A1,0.5858
processed_data_cleaned\test\B2\B2.08.Tu-Du_03_patch_1_3.jpg,B2,A1,0.7466
processed_data_cleaned\test\B2\B2.08.Tu-Du_03_patch_1_4.jpg,B2,B1,0.962
processed_data_cleaned\test\B2\B2.08.Tu-Du_03_patch_2_1.jpg,B2,A1,0.9995
processed_data_cleaned\test\B2\B2.08.Tu-Du_03_patch_2_2.jpg,B2,A1,0.9529
processed_data_cleaned\test\B2\B2.08.Tu-Du_03_patch_3_0.jpg,B2,B1,0.7124
processed_data_cleaned\test\B2\B2.08.Tu-Du_03_patch_3_1.jpg,B2,A1,0.9964
processed_data_cleaned\test\B2\B2.08.Tu-Du_03_patch_3_2.jpg,B2,B1,0.9937
processed_data_cleaned\test\B2\B2.08.Tu-Du_03_patch_3_3.jpg,B2,B1,0.9994
processed_data_cleaned\test\B2\B2.08.Tu-Du_04_patch_0_1.jpg,B2,A2,0.9005
processed_data_cleaned\test\B2\B2.08.Tu-Du_04_patch_0_2.jpg,B2,A1,0.7399
processed_data_cleaned\test\B2\B2.08.Tu-Du_04_patch_0_3.jpg,B2,B1,0.9634
processed_data_cleaned\test\B2\B2.08.Tu-Du_04_patch_0_4.jpg,B2,A1,0.9239
processed_data_cleaned\test\B2\B2.08.Tu-Du_04_patch_0_5.jpg,B2,A1,0.557
processed_data_cleaned\test\B2\B2.08.Tu-Du_04_patch_1_0.jpg,B2,B1,0.7717
processed_data_cleaned\test\B2\B2.08.Tu-Du_04_patch_1_1.jpg,B2,A2,0.9555
processed_data_cleaned\test\B2\B2.08.Tu-Du_04_patch_1_2.jpg,B2,A1,0.6181
processed_data_cleaned\test\B2\B2.08.Tu-Du_04_patch_1_3.jpg,B2,B1,0.7979
processed_data_cleaned\test\B2\B2.08.Tu-Du_04_patch_1_4.jpg,B2,A1,0.9985
processed_data_cleaned\test\B2\B2.08.Tu-Du_04_patch_2_0.jpg,B2,B1,0.8602
processed_data_cleaned\test\B2\B2.08.Tu-Du_04_patch_2_2.jpg,B2,A1,0.9954
processed_data_cleaned\test\B2\B2.08.Tu-Du_04_patch_2_3.jpg,B2,A1,0.585
processed_data_cleaned\test\B2\B2.08.Tu-Du_04_patch_2_4.jpg,B2,A1,0.9998
processed_data_cleaned\test\B2\B2.08.Tu-Du_04_patch_3_1.jpg,B2,A1,0.6324
processed_data_cleaned\test\B2\B2.08.Tu-Du_04_patch_3_2.jpg,B2,B1,0.726
processed_data_cleaned\test\B2\B2.08.Tu-Du_04_patch_3_3.jpg,B2,B1,0.7758
processed_data_cleaned\test\B2\B2.08.Tu-Du_04_patch_3_4.jpg,B2,A1,0.7751
processed_data_cleaned\test\B2\B2.08.Tu-Du_05_patch_0_0.jpg,B2,A1,0.9865
processed_data_cleaned\test\B2\B2.08.Tu-Du_05_patch_0_1.jpg,B2,B1,0.6593
processed_data_cleaned\test\B2\B2.08.Tu-Du_05_patch_0_2.jpg,B2,A1,0.9704
processed_data_cleaned\test\B2\B2.08.Tu-Du_05_patch_0_3.jpg,B2,A1,0.8019
processed_data_cleaned\test\B2\B2.08.Tu-Du_05_patch_0_5.jpg,B2,A1,0.8514
processed_data_cleaned\test\B2\B2.08.Tu-Du_05_patch_1_0.jpg,B2,A1,0.9411
processed_data_cleaned\test\B2\B2.08.Tu-Du_05_patch_1_1.jpg,B2,A2,0.4675
processed_data_cleaned\test\B2\B2.08.Tu-Du_05_patch_1_2.jpg,B2,A1,0.9699
processed_data_cleaned\test\B2\B2.08.Tu-Du_05_patch_1_3.jpg,B2,A1,0.791
processed_data_cleaned\test\B2\B2.08.Tu-Du_05_patch_1_4.jpg,B2,A1,0.7878
processed_data_cleaned\test\B2\B2.08.Tu-Du_05_patch_2_1.jpg,B2,A1,0.518
processed_data_cleaned\test\B2\B2.08.Tu-Du_05_patch_2_2.jpg,B2,B1,0.6666
processed_data_cleaned\test\B2\B2.08.Tu-Du_05_patch_2_3.jpg,B2,B1,0.9816
processed_data_cleaned\test\B2\B2.08.Tu-Du_05_patch_2_4.jpg,B2,A1,0.6988
processed_data_cleaned\test\B2\B2.08.Tu-Du_05_patch_2_5.jpg,B2,A1,0.5512
processed_data_cleaned\test\B2\B2.08.Tu-Du_05_patch_3_0.jpg,B2,A1,0.9423
processed_data_cleaned\test\B2\B2.08.Tu-Du_05_patch_3_1.jpg,B2,A1,0.9052
processed_data_cleaned\test\B2\B2.08.Tu-Du_05_patch_3_2.jpg,B2,A1,0.7664
processed_data_cleaned\test\B2\B2.08.Tu-Du_05_patch_3_3.jpg,B2,A1,0.6267
processed_data_cleaned\test\B2\B2.08.Tu-Du_05_patch_3_4.jpg,B2,B1,0.9128
processed_data_cleaned\test\B2\B2.08.Tu-Du_05_patch_3_5.jpg,B2,B1,0.5741
processed_data_cleaned\test\B2\B2.08.Tu-Du_06_patch_0_0.jpg,B2,B1,0.9804
processed_data_cleaned\test\B2\B2.08.Tu-Du_06_patch_0_1.jpg,B2,A1,0.9928
processed_data_cleaned\test\B2\B2.08.Tu-Du_06_patch_0_2.jpg,B2,A2,0.7684
processed_data_cleaned\test\B2\B2.08.Tu-Du_06_patch_0_3.jpg,B2,A1,0.841
processed_data_cleaned\test\B2\B2.08.Tu-Du_06_patch_0_4.jpg,B2,A1,0.6752
processed_data_cleaned\test\B2\B2.08.Tu-Du_06_patch_0_5.jpg,B2,A1,0.8391
processed_data_cleaned\test\B2\B2.08.Tu-Du_06_patch_1_0.jpg,B2,B1,0.977
processed_data_cleaned\test\B2\B2.08.Tu-Du_06_patch_1_1.jpg,B2,A1,0.8209
processed_data_cleaned\test\B2\B2.08.Tu-Du_06_patch_1_2.jpg,B2,A1,0.9116
processed_data_cleaned\test\B2\B2.08.Tu-Du_06_patch_1_3.jpg,B2,A1,0.9573
processed_data_cleaned\test\B2\B2.08.Tu-Du_06_patch_1_4.jpg,B2,A1,0.9783
processed_data_cleaned\test\B2\B2.08.Tu-Du_06_patch_1_5.jpg,B2,B1,0.7747
processed_data_cleaned\test\B2\B2.08.Tu-Du_06_patch_2_0.jpg,B2,A1,0.4666
processed_data_cleaned\test\B2\B2.08.Tu-Du_06_patch_2_2.jpg,B2,A1,0.5579
processed_data_cleaned\test\B2\B2.08.Tu-Du_06_patch_2_3.jpg,B2,A1,0.5973
processed_data_cleaned\test\B2\B2.08.Tu-Du_06_patch_2_4.jpg,B2,B1,0.6182
processed_data_cleaned\test\B2\B2.08.Tu-Du_06_patch_2_5.jpg,B2,A2,0.5525
processed_data_cleaned\test\B2\B2.08.Tu-Du_06_patch_3_0.jpg,B2,B1,0.9489
processed_data_cleaned\test\B2\B2.08.Tu-Du_06_patch_3_1.jpg,B2,B1,0.9877
processed_data_cleaned\test\B2\B2.08.Tu-Du_06_patch_3_2.jpg,B2,A1,0.9607
processed_data_cleaned\test\B2\B2.08.Tu-Du_06_patch_3_3.jpg,B2,A1,0.9619
processed_data_cleaned\test\B2\B2.08.Tu-Du_06_patch_3_4.jpg,B2,B1,0.9715
processed_data_cleaned\test\B2\B2.08.Tu-Du_06_patch_3_5.jpg,B2,A1,0.8983
processed_data_cleaned\test\B2\B2.08.Tu-Du_07_patch_0_0.jpg,B2,B1,0.9286
processed_data_cleaned\test\B2\B2.08.Tu-Du_07_patch_0_1.jpg,B2,A1,0.9283
processed_data_cleaned\test\B2\B2.08.Tu-Du_07_patch_0_2.jpg,B2,B1,0.9486
processed_data_cleaned\test\B2\B2.08.Tu-Du_07_patch_0_3.jpg,B2,B1,0.9905
processed_data_cleaned\test\B2\B2.08.Tu-Du_07_patch_0_4.jpg,B2,B1,0.8477
processed_data_cleaned\test\B2\B2.08.Tu-Du_07_patch_1_0.jpg,B2,B1,0.986
processed_data_cleaned\test\B2\B2.08.Tu-Du_07_patch_1_1.jpg,B2,B1,0.9527
processed_data_cleaned\test\B2\B2.08.Tu-Du_07_patch_1_2.jpg,B2,B1,0.606
processed_data_cleaned\test\B2\B2.08.Tu-Du_07_patch_1_3.jpg,B2,A1,0.8132
processed_data_cleaned\test\B2\B2.08.Tu-Du_07_patch_1_4.jpg,B2,B1,0.9528
processed_data_cleaned\test\B2\B2.08.Tu-Du_07_patch_2_0.jpg,B2,B1,0.9043
processed_data_cleaned\test\B2\B2.08.Tu-Du_07_patch_2_1.jpg,B2,B1,0.9986
processed_data_cleaned\test\B2\B2.08.Tu-Du_07_patch_2_2.jpg,B2,B1,0.9676
processed_data_cleaned\test\B2\B2.08.Tu-Du_07_patch_2_3.jpg,B2,B1,0.558
processed_data_cleaned\test\B2\B2.08.Tu-Du_07_patch_3_0.jpg,B2,B1,0.9836
processed_data_cleaned\test\B2\B2.08.Tu-Du_07_patch_3_1.jpg,B2,A1,0.994
processed_data_cleaned\test\B2\B2.08.Tu-Du_08_patch_0_0.jpg,B2,B1,0.9973
processed_data_cleaned\test\B2\B2.08.Tu-Du_08_patch_0_1.jpg,B2,B1,0.5555
processed_data_cleaned\test\B2\B2.08.Tu-Du_08_patch_0_2.jpg,B2,A1,0.6498
processed_data_cleaned\test\B2\B2.08.Tu-Du_08_patch_0_3.jpg,B2,B1,0.8144
processed_data_cleaned\test\B2\B2.08.Tu-Du_08_patch_0_4.jpg,B2,B1,0.7221
processed_data_cleaned\test\B2\B2.08.Tu-Du_08_patch_1_0.jpg,B2,B1,0.9516
processed_data_cleaned\test\B2\B2.08.Tu-Du_08_patch_1_1.jpg,B2,A1,0.513
processed_data_cleaned\test\B2\B2.08.Tu-Du_08_patch_1_2.jpg,B2,A1,0.6369
processed_data_cleaned\test\B2\B2.08.Tu-Du_08_patch_1_3.jpg,B2,A1,0.7692
processed_data_cleaned\test\B2\B2.08.Tu-Du_08_patch_1_4.jpg,B2,B1,0.3412
processed_data_cleaned\test\B2\B2.08.Tu-Du_08_patch_2_0.jpg,B2,A1,0.8082
processed_data_cleaned\test\B2\B2.08.Tu-Du_08_patch_2_1.jpg,B2,B1,0.9999
processed_data_cleaned\test\B2\B2.08.Tu-Du_08_patch_2_2.jpg,B2,B1,0.5915
processed_data_cleaned\test\B2\B2.08.Tu-Du_08_patch_2_3.jpg,B2,A1,0.7542
processed_data_cleaned\test\B2\B2.08.Tu-Du_08_patch_3_1.jpg,B2,A1,0.9157
processed_data_cleaned\test\B2\B2.08.Tu-Du_08_patch_3_2.jpg,B2,A1,0.5012
processed_data_cleaned\test\B2\B2.08.Tu-Du_09_patch_0_0.jpg,B2,B1,0.9672
processed_data_cleaned\test\B2\B2.08.Tu-Du_09_patch_0_1.jpg,B2,A1,0.9863
processed_data_cleaned\test\B2\B2.08.Tu-Du_09_patch_0_2.jpg,B2,A1,0.8963
processed_data_cleaned\test\B2\B2.08.Tu-Du_09_patch_0_3.jpg,B2,A1,0.7697
processed_data_cleaned\test\B2\B2.08.Tu-Du_09_patch_0_4.jpg,B2,A1,0.4895
processed_data_cleaned\test\B2\B2.08.Tu-Du_09_patch_0_5.jpg,B2,A1,0.7968
processed_data_cleaned\test\B2\B2.08.Tu-Du_09_patch_1_0.jpg,B2,A1,0.9888
processed_data_cleaned\test\B2\B2.08.Tu-Du_09_patch_1_1.jpg,B2,B1,0.892
processed_data_cleaned\test\B2\B2.08.Tu-Du_09_patch_1_2.jpg,B2,A1,0.9169
processed_data_cleaned\test\B2\B2.08.Tu-Du_09_patch_1_3.jpg,B2,A1,0.9823
processed_data_cleaned\test\B2\B2.08.Tu-Du_09_patch_1_4.jpg,B2,A1,0.9761
processed_data_cleaned\test\B2\B2.08.Tu-Du_09_patch_1_5.jpg,B2,B1,0.9545
processed_data_cleaned\test\B2\B2.08.Tu-Du_09_patch_2_0.jpg,B2,A1,0.991
processed_data_cleaned\test\B2\B2.08.Tu-Du_09_patch_2_2.jpg,B2,B1,0.69
processed_data_cleaned\test\B2\B2.08.Tu-Du_09_patch_2_3.jpg,B2,B1,0.6032
processed_data_cleaned\test\B2\B2.08.Tu-Du_09_patch_2_4.jpg,B2,A1,0.6263
processed_data_cleaned\test\B2\B2.08.Tu-Du_09_patch_2_5.jpg,B2,A1,0.4699
processed_data_cleaned\test\B2\B2.08.Tu-Du_09_patch_3_0.jpg,B2,B1,0.9378
processed_data_cleaned\test\B2\B2.08.Tu-Du_09_patch_3_1.jpg,B2,B1,0.8338
processed_data_cleaned\test\B2\B2.08.Tu-Du_09_patch_3_2.jpg,B2,A1,0.9266
processed_data_cleaned\test\B2\B2.08.Tu-Du_09_patch_3_3.jpg,B2,A1,0.7395
processed_data_cleaned\test\B2\B2.08.Tu-Du_09_patch_3_4.jpg,B2,B1,0.579
processed_data_cleaned\test\B2\B2.08.Tu-Du_09_patch_3_5.jpg,B2,A1,0.9556
processed_data_cleaned\test\B2\B2.08.Tu-Du_10_patch_1_0.jpg,B2,B1,0.954
processed_data_cleaned\test\B2\B2.08.Tu-Du_10_patch_1_1.jpg,B2,A1,0.4503
processed_data_cleaned\test\B2\B2.08.Tu-Du_10_patch_1_2.jpg,B2,B1,0.9842
processed_data_cleaned\test\B2\B2.08.Tu-Du_10_patch_1_3.jpg,B2,B1,0.5446
processed_data_cleaned\test\B2\B2.08.Tu-Du_10_patch_1_4.jpg,B2,B1,0.45
processed_data_cleaned\test\B2\B2.08.Tu-Du_10_patch_2_0.jpg,B2,B1,0.9969
processed_data_cleaned\test\B2\B2.08.Tu-Du_10_patch_2_1.jpg,B2,B1,0.9893
processed_data_cleaned\test\B2\B2.08.Tu-Du_10_patch_2_2.jpg,B2,B1,0.9931
processed_data_cleaned\test\B2\B2.08.Tu-Du_10_patch_2_3.jpg,B2,B1,0.9878
processed_data_cleaned\test\B2\B2.08.Tu-Du_10_patch_2_4.jpg,B2,B1,0.9446
processed_data_cleaned\test\B2\B2.08.Tu-Du_11_patch_0_2.jpg,B2,B1,0.6247
processed_data_cleaned\test\B2\B2.08.Tu-Du_11_patch_1_2.jpg,B2,B1,0.9743
processed_data_cleaned\test\B2\B2.08.Tu-Du_11_patch_1_3.jpg,B2,B1,0.9764
processed_data_cleaned\test\B2\B2.08.Tu-Du_11_patch_2_0.jpg,B2,B1,0.9989
processed_data_cleaned\test\B2\B2.08.Tu-Du_11_patch_2_1.jpg,B2,B1,0.7659
processed_data_cleaned\test\B2\B2.08.Tu-Du_11_patch_2_2.jpg,B2,B1,0.9891
processed_data_cleaned\test\B2\B2.08.Tu-Du_11_patch_2_3.jpg,B2,B1,0.8586
processed_data_cleaned\test\B2\B2.08.Tu-Du_12_patch_1_0.jpg,B2,A2,0.9846
processed_data_cleaned\test\B2\B2.08.Tu-Du_12_patch_1_2.jpg,B2,B1,0.7119
processed_data_cleaned\test\B2\B2.08.Tu-Du_12_patch_1_3.jpg,B2,B1,0.6641
processed_data_cleaned\test\B2\B2.08.Tu-Du_12_patch_1_4.jpg,B2,B1,0.8198
processed_data_cleaned\test\B2\B2.08.Tu-Du_12_patch_2_0.jpg,B2,B1,0.7434
processed_data_cleaned\test\B2\B2.08.Tu-Du_12_patch_2_1.jpg,B2,B1,0.9836
processed_data_cleaned\test\B2\B2.08.Tu-Du_12_patch_2_2.jpg,B2,B1,0.9295
processed_data_cleaned\test\B2\B2.08.Tu-Du_12_patch_2_3.jpg,B2,B1,0.9005
processed_data_cleaned\test\B2\B2.08.Tu-Du_12_patch_2_4.jpg,B2,A1,0.9346
processed_data_cleaned\test\B2\B2.08.Tu-Du_12_patch_2_5.jpg,B2,B1,0.835
processed_data_cleaned\test\B2\B2.08.Tu-Du_12_patch_3_0.jpg,B2,B1,0.9864
processed_data_cleaned\test\B2\B2.08.Tu-Du_12_patch_3_1.jpg,B2,B1,0.9997
processed_data_cleaned\test\B2\B2.08.Tu-Du_12_patch_3_2.jpg,B2,B1,0.9882
processed_data_cleaned\test\B2\B2.08.Tu-Du_12_patch_3_3.jpg,B2,B1,0.998
processed_data_cleaned\test\B2\B2.08.Tu-Du_12_patch_3_4.jpg,B2,B1,0.8981
processed_data_cleaned\test\B2\B2.08.Tu-Du_12_patch_3_5.jpg,B2,A2,0.472
processed_data_cleaned\test\B2\B2.08.Tu-Du_13_patch_0_1.jpg,B2,B1,0.3362
processed_data_cleaned\test\B2\B2.08.Tu-Du_13_patch_0_3.jpg,B2,A2,0.7697
processed_data_cleaned\test\B2\B2.08.Tu-Du_13_patch_1_2.jpg,B2,B1,0.8584
processed_data_cleaned\test\B2\B2.08.Tu-Du_13_patch_1_4.jpg,B2,B1,0.9566
processed_data_cleaned\test\B2\B2.08.Tu-Du_13_patch_2_0.jpg,B2,B1,0.8948
processed_data_cleaned\test\B2\B2.08.Tu-Du_13_patch_3_0.jpg,B2,B1,0.9045
processed_data_cleaned\test\B2\B2.08.Tu-Du_13_patch_3_1.jpg,B2,B1,0.9421
processed_data_cleaned\test\B2\B2.08.Tu-Du_13_patch_3_5.jpg,B2,B1,0.4926
processed_data_cleaned\test\B2\B2.08.Tu-Du_14_patch_0_0.jpg,B2,B1,0.9099
processed_data_cleaned\test\B2\B2.08.Tu-Du_14_patch_0_1.jpg,B2,B1,0.9997
processed_data_cleaned\test\B2\B2.08.Tu-Du_14_patch_0_2.jpg,B2,B1,0.9996
processed_data_cleaned\test\B2\B2.08.Tu-Du_14_patch_0_3.jpg,B2,B1,0.9982
processed_data_cleaned\test\B2\B2.08.Tu-Du_14_patch_0_4.jpg,B2,B1,0.8272
processed_data_cleaned\test\B2\B2.08.Tu-Du_14_patch_0_5.jpg,B2,B1,0.9971
processed_data_cleaned\test\B2\B2.08.Tu-Du_14_patch_1_0.jpg,B2,B1,0.9998
processed_data_cleaned\test\B2\B2.08.Tu-Du_14_patch_1_2.jpg,B2,B1,0.9995
processed_data_cleaned\test\B2\B2.08.Tu-Du_14_patch_1_3.jpg,B2,B1,0.9997
processed_data_cleaned\test\B2\B2.08.Tu-Du_14_patch_1_4.jpg,B2,B1,0.9786
processed_data_cleaned\test\B2\B2.08.Tu-Du_14_patch_1_5.jpg,B2,B1,0.9996
processed_data_cleaned\test\B2\B2.08.Tu-Du_14_patch_2_0.jpg,B2,B1,0.9617
processed_data_cleaned\test\B2\B2.08.Tu-Du_14_patch_2_1.jpg,B2,B1,0.9999
processed_data_cleaned\test\B2\B2.08.Tu-Du_14_patch_2_2.jpg,B2,B1,1.0
processed_data_cleaned\test\B2\B2.08.Tu-Du_14_patch_2_3.jpg,B2,B1,0.9498
processed_data_cleaned\test\B2\B2.08.Tu-Du_14_patch_2_4.jpg,B2,B1,0.9886
processed_data_cleaned\test\B2\B2.08.Tu-Du_14_patch_2_5.jpg,B2,B1,0.9981
processed_data_cleaned\test\B2\B2.08.Tu-Du_14_patch_3_0.jpg,B2,B1,1.0
processed_data_cleaned\test\B2\B2.08.Tu-Du_14_patch_3_1.jpg,B2,B1,0.9997
processed_data_cleaned\test\B2\B2.08.Tu-Du_14_patch_3_4.jpg,B2,B1,0.9877
processed_data_cleaned\test\B2\B2.08.Tu-Du_15_patch_0_0.jpg,B2,B1,0.9941
processed_data_cleaned\test\B2\B2.08.Tu-Du_15_patch_0_1.jpg,B2,B1,0.9985
processed_data_cleaned\test\B2\B2.08.Tu-Du_15_patch_0_2.jpg,B2,B1,0.9563
processed_data_cleaned\test\B2\B2.08.Tu-Du_15_patch_0_3.jpg,B2,B1,0.9997
processed_data_cleaned\test\B2\B2.08.Tu-Du_15_patch_0_4.jpg,B2,B1,0.9985
processed_data_cleaned\test\B2\B2.08.Tu-Du_15_patch_0_5.jpg,B2,A2,0.9357
processed_data_cleaned\test\B2\B2.08.Tu-Du_15_patch_1_0.jpg,B2,B1,0.9668
processed_data_cleaned\test\B2\B2.08.Tu-Du_15_patch_1_1.jpg,B2,B1,0.9086
processed_data_cleaned\test\B2\B2.08.Tu-Du_15_patch_1_2.jpg,B2,B1,0.9962
processed_data_cleaned\test\B2\B2.08.Tu-Du_15_patch_1_4.jpg,B2,B1,0.9459
processed_data_cleaned\test\B2\B2.08.Tu-Du_15_patch_1_5.jpg,B2,A2,0.9729
processed_data_cleaned\test\B2\B2.08.Tu-Du_15_patch_2_2.jpg,B2,B1,0.9996
processed_data_cleaned\test\B2\B2.08.Tu-Du_15_patch_3_1.jpg,B2,B1,0.7374
processed_data_cleaned\test\B2\B2.08.Tu-Du_16_patch_0_1.jpg,B2,B1,0.9752
processed_data_cleaned\test\B2\B2.08.Tu-Du_16_patch_0_4.jpg,B2,B1,0.9845
processed_data_cleaned\test\B2\B2.08.Tu-Du_16_patch_1_1.jpg,B2,B1,0.9461
processed_data_cleaned\test\B2\B2.08.Tu-Du_16_patch_2_1.jpg,B2,B1,0.8628
processed_data_cleaned\test\B2\B2.08.Tu-Du_16_patch_3_0.jpg,B2,B1,0.9974
processed_data_cleaned\test\B2\B2.08.Tu-Du_17_patch_0_0.jpg,B2,B1,0.9226
processed_data_cleaned\test\B2\B2.08.Tu-Du_17_patch_0_1.jpg,B2,A1,0.9953
processed_data_cleaned\test\B2\B2.08.Tu-Du_17_patch_0_2.jpg,B2,A1,0.9891
processed_data_cleaned\test\B2\B2.08.Tu-Du_17_patch_0_3.jpg,B2,A1,0.9458
processed_data_cleaned\test\B2\B2.08.Tu-Du_17_patch_1_0.jpg,B2,B1,0.6111
processed_data_cleaned\test\B2\B2.08.Tu-Du_17_patch_1_1.jpg,B2,A1,0.5939
processed_data_cleaned\test\B2\B2.08.Tu-Du_17_patch_1_2.jpg,B2,A1,0.9996
processed_data_cleaned\test\B2\B2.08.Tu-Du_17_patch_1_3.jpg,B2,A1,0.9986
processed_data_cleaned\test\B2\B2.08.Tu-Du_17_patch_1_4.jpg,B2,A1,0.8515
processed_data_cleaned\test\B2\B2.08.Tu-Du_17_patch_1_5.jpg,B2,A1,0.999
processed_data_cleaned\test\B2\B2.08.Tu-Du_17_patch_2_0.jpg,B2,A1,0.9995
processed_data_cleaned\test\B2\B2.08.Tu-Du_17_patch_2_1.jpg,B2,B1,0.6761
processed_data_cleaned\test\B2\B2.08.Tu-Du_17_patch_2_2.jpg,B2,A1,0.9204
processed_data_cleaned\test\B2\B2.08.Tu-Du_17_patch_2_3.jpg,B2,B1,0.8612
processed_data_cleaned\test\B2\B2.08.Tu-Du_17_patch_2_4.jpg,B2,B1,0.6367
processed_data_cleaned\test\B2\B2.08.Tu-Du_17_patch_2_5.jpg,B2,A1,0.9998
processed_data_cleaned\test\B2\B2.08.Tu-Du_17_patch_3_0.jpg,B2,A1,0.6258
processed_data_cleaned\test\B2\B2.08.Tu-Du_17_patch_3_3.jpg,B2,A1,0.9935
processed_data_cleaned\test\B2\B2.08.Tu-Du_17_patch_3_4.jpg,B2,A1,0.9002
processed_data_cleaned\test\B2\B2.08.Tu-Du_18_patch_0_0.jpg,B2,B1,0.9088
processed_data_cleaned\test\B2\B2.08.Tu-Du_18_patch_0_1.jpg,B2,A1,0.9995
processed_data_cleaned\test\B2\B2.08.Tu-Du_18_patch_0_2.jpg,B2,A1,0.9794
processed_data_cleaned\test\B2\B2.08.Tu-Du_18_patch_0_3.jpg,B2,A1,0.9957
processed_data_cleaned\test\B2\B2.08.Tu-Du_18_patch_1_0.jpg,B2,B1,0.7854
processed_data_cleaned\test\B2\B2.08.Tu-Du_18_patch_1_1.jpg,B2,B1,0.8871
processed_data_cleaned\test\B2\B2.08.Tu-Du_18_patch_1_2.jpg,B2,B1,0.9437
processed_data_cleaned\test\B2\B2.08.Tu-Du_18_patch_1_3.jpg,B2,A1,0.5844
processed_data_cleaned\test\B2\B2.08.Tu-Du_18_patch_1_4.jpg,B2,A1,0.9886
processed_data_cleaned\test\B2\B2.08.Tu-Du_18_patch_1_5.jpg,B2,A1,0.9907
processed_data_cleaned\test\B2\B2.08.Tu-Du_18_patch_2_1.jpg,B2,A1,0.8971
processed_data_cleaned\test\B2\B2.08.Tu-Du_18_patch_2_2.jpg,B2,A1,0.919
processed_data_cleaned\test\B2\B2.08.Tu-Du_18_patch_2_3.jpg,B2,B1,0.8282
processed_data_cleaned\test\B2\B2.08.Tu-Du_18_patch_2_4.jpg,B2,A1,0.9451
processed_data_cleaned\test\B2\B2.08.Tu-Du_18_patch_2_5.jpg,B2,A1,0.9999
processed_data_cleaned\test\B2\B2.08.Tu-Du_18_patch_3_0.jpg,B2,A1,0.9953
processed_data_cleaned\test\B2\B2.08.Tu-Du_18_patch_3_2.jpg,B2,A1,0.6281
processed_data_cleaned\test\B2\B2.08.Tu-Du_18_patch_3_3.jpg,B2,A1,0.9943
processed_data_cleaned\test\B2\B2.08.Tu-Du_19_patch_0_0.jpg,B2,A1,0.6186
processed_data_cleaned\test\B2\B2.08.Tu-Du_19_patch_0_1.jpg,B2,A1,0.9999
processed_data_cleaned\test\B2\B2.08.Tu-Du_19_patch_0_2.jpg,B2,A1,0.661
processed_data_cleaned\test\B2\B2.08.Tu-Du_19_patch_0_3.jpg,B2,A1,0.9964
processed_data_cleaned\test\B2\B2.08.Tu-Du_19_patch_1_0.jpg,B2,B1,0.9967
processed_data_cleaned\test\B2\B2.08.Tu-Du_19_patch_1_1.jpg,B2,B1,0.6876
processed_data_cleaned\test\B2\B2.08.Tu-Du_19_patch_1_2.jpg,B2,B1,0.9476
processed_data_cleaned\test\B2\B2.08.Tu-Du_19_patch_1_3.jpg,B2,A1,0.5479
processed_data_cleaned\test\B2\B2.08.Tu-Du_19_patch_1_4.jpg,B2,A1,0.96
processed_data_cleaned\test\B2\B2.08.Tu-Du_19_patch_1_5.jpg,B2,A1,0.9127
processed_data_cleaned\test\B2\B2.08.Tu-Du_19_patch_2_0.jpg,B2,A1,0.8164
processed_data_cleaned\test\B2\B2.08.Tu-Du_19_patch_2_1.jpg,B2,A1,0.5163
processed_data_cleaned\test\B2\B2.08.Tu-Du_19_patch_2_2.jpg,B2,A1,0.5692
processed_data_cleaned\test\B2\B2.08.Tu-Du_19_patch_2_3.jpg,B2,B1,0.8413
processed_data_cleaned\test\B2\B2.08.Tu-Du_19_patch_2_4.jpg,B2,A1,0.9477
processed_data_cleaned\test\B2\B2.08.Tu-Du_19_patch_2_5.jpg,B2,A1,0.9999
processed_data_cleaned\test\B2\B2.08.Tu-Du_19_patch_3_0.jpg,B2,A1,0.9928
processed_data_cleaned\test\B2\B2.08.Tu-Du_19_patch_3_2.jpg,B2,A2,0.7879
processed_data_cleaned\test\B2\B2.08.Tu-Du_19_patch_3_3.jpg,B2,A1,0.9547
processed_data_cleaned\test\B2\B2.08.Tu-Du_20_patch_0_1.jpg,B2,A1,0.7008
processed_data_cleaned\test\B2\B2.08.Tu-Du_20_patch_0_2.jpg,B2,A1,0.6192
processed_data_cleaned\test\B2\B2.08.Tu-Du_20_patch_0_3.jpg,B2,A1,0.9919
processed_data_cleaned\test\B2\B2.08.Tu-Du_20_patch_0_4.jpg,B2,A1,0.6242
processed_data_cleaned\test\B2\B2.08.Tu-Du_20_patch_0_5.jpg,B2,A1,0.9921
processed_data_cleaned\test\B2\B2.08.Tu-Du_20_patch_1_2.jpg,B2,A1,0.9938
processed_data_cleaned\test\B2\B2.08.Tu-Du_20_patch_1_3.jpg,B2,A1,0.9891
processed_data_cleaned\test\B2\B2.08.Tu-Du_20_patch_1_4.jpg,B2,A1,0.8416
processed_data_cleaned\test\B2\B2.08.Tu-Du_20_patch_1_5.jpg,B2,A1,0.9549
processed_data_cleaned\test\B2\B2.08.Tu-Du_20_patch_2_4.jpg,B2,A1,0.9707
processed_data_cleaned\test\B2\B2.08.Tu-Du_20_patch_3_1.jpg,B2,A1,0.994
processed_data_cleaned\test\B2\B2.08.Tu-Du_21_patch_0_4.jpg,B2,A1,0.6632
processed_data_cleaned\test\B2\B2.08.Tu-Du_21_patch_0_5.jpg,B2,B1,0.9814
processed_data_cleaned\test\B2\B2.08.Tu-Du_21_patch_1_0.jpg,B2,A1,0.8481
processed_data_cleaned\test\B2\B2.08.Tu-Du_21_patch_1_1.jpg,B2,A1,0.9355
processed_data_cleaned\test\B2\B2.08.Tu-Du_21_patch_1_3.jpg,B2,A1,0.9951
processed_data_cleaned\test\B2\B2.08.Tu-Du_21_patch_1_4.jpg,B2,A1,0.9717
processed_data_cleaned\test\B2\B2.08.Tu-Du_21_patch_1_5.jpg,B2,B1,0.5831
processed_data_cleaned\test\B2\B2.08.Tu-Du_21_patch_2_0.jpg,B2,B1,0.7443
processed_data_cleaned\test\B2\B2.08.Tu-Du_21_patch_3_1.jpg,B2,A1,0.9915
processed_data_cleaned\test\B2\B2.08.Tu-Du_21_patch_3_2.jpg,B2,A1,0.6375
processed_data_cleaned\test\B2\B2.08.Tu-Du_21_patch_3_4.jpg,B2,A1,0.9846
processed_data_cleaned\test\B2\B2.08.Tu-Du_22_patch_0_2.jpg,B2,A1,0.9504
processed_data_cleaned\test\B2\B2.08.Tu-Du_22_patch_0_3.jpg,B2,A1,0.9592
processed_data_cleaned\test\B2\B2.08.Tu-Du_22_patch_0_4.jpg,B2,A1,0.998
processed_data_cleaned\test\B2\B2.08.Tu-Du_22_patch_0_5.jpg,B2,A1,0.9983
processed_data_cleaned\test\B2\B2.08.Tu-Du_22_patch_1_1.jpg,B2,A1,0.8844
processed_data_cleaned\test\B2\B2.08.Tu-Du_22_patch_1_2.jpg,B2,B1,0.5031
processed_data_cleaned\test\B2\B2.08.Tu-Du_22_patch_1_4.jpg,B2,A1,0.5436
processed_data_cleaned\test\B2\B2.08.Tu-Du_22_patch_1_5.jpg,B2,A1,0.7571
processed_data_cleaned\test\B2\B2.08.Tu-Du_22_patch_2_5.jpg,B2,A1,0.9975
processed_data_cleaned\test\B2\B2.08.Tu-Du_22_patch_3_0.jpg,B2,A1,0.8905
processed_data_cleaned\test\B2\B2.08.Tu-Du_22_patch_3_1.jpg,B2,A1,0.9078
processed_data_cleaned\test\B2\B2.08.Tu-Du_22_patch_3_2.jpg,B2,A1,0.7311
processed_data_cleaned\test\B2\B2.08.Tu-Du_22_patch_3_5.jpg,B2,A1,0.9996
processed_data_cleaned\test\B2\B2.08.Tu-Du_23_patch_0_1.jpg,B2,A2,0.3405
processed_data_cleaned\test\B2\B2.08.Tu-Du_23_patch_0_2.jpg,B2,A1,0.9858
processed_data_cleaned\test\B2\B2.08.Tu-Du_23_patch_0_3.jpg,B2,A1,0.9945
processed_data_cleaned\test\B2\B2.08.Tu-Du_23_patch_0_4.jpg,B2,A1,0.8517
processed_data_cleaned\test\B2\B2.08.Tu-Du_23_patch_1_0.jpg,B2,A1,0.681
processed_data_cleaned\test\B2\B2.08.Tu-Du_23_patch_1_1.jpg,B2,B1,0.9968
processed_data_cleaned\test\B2\B2.08.Tu-Du_23_patch_1_2.jpg,B2,A1,0.9998
processed_data_cleaned\test\B2\B2.08.Tu-Du_23_patch_1_3.jpg,B2,A1,0.7263
processed_data_cleaned\test\B2\B2.08.Tu-Du_23_patch_1_4.jpg,B2,A1,0.8785
processed_data_cleaned\test\B2\B2.08.Tu-Du_23_patch_2_1.jpg,B2,A2,0.5685
processed_data_cleaned\test\B2\B2.08.Tu-Du_23_patch_2_2.jpg,B2,B1,0.9999
processed_data_cleaned\test\B2\B2.08.Tu-Du_23_patch_2_3.jpg,B2,B1,1.0
processed_data_cleaned\test\B2\B2.08.Tu-Du_23_patch_2_4.jpg,B2,A1,0.8784
processed_data_cleaned\test\B2\B2.08.Tu-Du_23_patch_3_1.jpg,B2,A1,0.6391
processed_data_cleaned\test\B2\B2.08.Tu-Du_23_patch_3_2.jpg,B2,A1,0.5754
processed_data_cleaned\test\B2\B2.08.Tu-Du_23_patch_3_3.jpg,B2,A1,0.9233
processed_data_cleaned\test\B2\B2.08.Tu-Du_24_patch_0_0.jpg,B2,A1,0.992
processed_data_cleaned\test\B2\B2.08.Tu-Du_24_patch_0_1.jpg,B2,B1,0.9627
processed_data_cleaned\test\B2\B2.08.Tu-Du_24_patch_0_2.jpg,B2,A1,0.8286
processed_data_cleaned\test\B2\B2.08.Tu-Du_24_patch_0_3.jpg,B2,A1,0.5858
processed_data_cleaned\test\B2\B2.08.Tu-Du_24_patch_0_4.jpg,B2,B1,0.9456
processed_data_cleaned\test\B2\B2.08.Tu-Du_24_patch_1_2.jpg,B2,B1,0.5142
processed_data_cleaned\test\B2\B2.08.Tu-Du_24_patch_1_3.jpg,B2,A1,0.9295
processed_data_cleaned\test\B2\B2.08.Tu-Du_24_patch_1_4.jpg,B2,A1,0.9853
processed_data_cleaned\test\B2\B2.08.Tu-Du_24_patch_2_0.jpg,B2,A2,0.863
processed_data_cleaned\test\B2\B2.08.Tu-Du_24_patch_2_1.jpg,B2,B1,0.6039
processed_data_cleaned\test\B2\B2.08.Tu-Du_24_patch_2_2.jpg,B2,A1,0.5886
processed_data_cleaned\test\B2\B2.08.Tu-Du_24_patch_2_3.jpg,B2,A1,0.5225
processed_data_cleaned\test\B2\B2.08.Tu-Du_24_patch_2_4.jpg,B2,A1,0.7862
processed_data_cleaned\test\B2\B2.08.Tu-Du_24_patch_3_1.jpg,B2,A2,0.8404
processed_data_cleaned\test\B2\B2.08.Tu-Du_24_patch_3_2.jpg,B2,A1,0.9074
processed_data_cleaned\test\B2\B2.08.Tu-Du_24_patch_3_4.jpg,B2,B1,0.6123
processed_data_cleaned\test\B2\B2.08.Tu-Du_25_patch_0_0.jpg,B2,B1,0.9986
processed_data_cleaned\test\B2\B2.08.Tu-Du_25_patch_1_2.jpg,B2,A2,0.5369
processed_data_cleaned\test\B2\B2.08.Tu-Du_25_patch_1_4.jpg,B2,A1,0.9852
processed_data_cleaned\test\B2\B2.08.Tu-Du_25_patch_1_5.jpg,B2,B1,0.5222
processed_data_cleaned\test\B2\B2.08.Tu-Du_25_patch_2_0.jpg,B2,A2,0.618
processed_data_cleaned\test\B2\B2.08.Tu-Du_25_patch_2_2.jpg,B2,B1,0.9992
processed_data_cleaned\test\B2\B2.08.Tu-Du_25_patch_2_3.jpg,B2,A1,0.8334
processed_data_cleaned\test\B2\B2.08.Tu-Du_25_patch_2_4.jpg,B2,B1,0.9989
processed_data_cleaned\test\B2\B2.08.Tu-Du_25_patch_2_5.jpg,B2,B1,0.9899
processed_data_cleaned\test\B2\B2.08.Tu-Du_25_patch_3_3.jpg,B2,B1,0.6474
processed_data_cleaned\test\B2\B2.08.Tu-Du_26_patch_0_1.jpg,B2,B1,0.993
processed_data_cleaned\test\B2\B2.08.Tu-Du_26_patch_0_2.jpg,B2,B1,1.0
processed_data_cleaned\test\B2\B2.08.Tu-Du_26_patch_0_3.jpg,B2,B1,0.9989
processed_data_cleaned\test\B2\B2.08.Tu-Du_26_patch_0_4.jpg,B2,B1,0.9999
processed_data_cleaned\test\B2\B2.08.Tu-Du_26_patch_0_5.jpg,B2,B1,0.9948
processed_data_cleaned\test\B2\B2.08.Tu-Du_26_patch_1_1.jpg,B2,B1,0.9942
processed_data_cleaned\test\B2\B2.08.Tu-Du_26_patch_1_2.jpg,B2,B1,0.9988
processed_data_cleaned\test\B2\B2.08.Tu-Du_26_patch_1_3.jpg,B2,B1,0.9999
processed_data_cleaned\test\B2\B2.08.Tu-Du_26_patch_1_4.jpg,B2,B1,0.9952
processed_data_cleaned\test\B2\B2.08.Tu-Du_26_patch_1_5.jpg,B2,B1,0.9882
processed_data_cleaned\test\B2\B2.08.Tu-Du_26_patch_2_0.jpg,B2,A1,0.7902
processed_data_cleaned\test\B2\B2.08.Tu-Du_26_patch_2_1.jpg,B2,B1,0.9992
processed_data_cleaned\test\B2\B2.08.Tu-Du_26_patch_2_2.jpg,B2,B1,0.9998
processed_data_cleaned\test\B2\B2.08.Tu-Du_26_patch_2_3.jpg,B2,B1,0.9999
processed_data_cleaned\test\B2\B2.08.Tu-Du_26_patch_2_4.jpg,B2,B1,0.9793
processed_data_cleaned\test\B2\B2.08.Tu-Du_26_patch_3_1.jpg,B2,A1,0.9042
processed_data_cleaned\test\B2\B2.08.Tu-Du_26_patch_3_2.jpg,B2,B1,0.9986
processed_data_cleaned\test\B2\B2.08.Tu-Du_27_patch_0_0.jpg,B2,B1,0.9891
processed_data_cleaned\test\B2\B2.08.Tu-Du_27_patch_0_1.jpg,B2,A2,0.4809
processed_data_cleaned\test\B2\B2.08.Tu-Du_27_patch_0_2.jpg,B2,A1,0.8307
processed_data_cleaned\test\B2\B2.08.Tu-Du_27_patch_1_0.jpg,B2,B1,0.9999
processed_data_cleaned\test\B2\B2.08.Tu-Du_27_patch_1_5.jpg,B2,B1,0.5827
processed_data_cleaned\test\B2\B2.08.Tu-Du_27_patch_2_1.jpg,B2,A1,0.9875
processed_data_cleaned\test\B2\B2.08.Tu-Du_27_patch_2_2.jpg,B2,A1,0.7952
processed_data_cleaned\test\B2\B2.08.Tu-Du_27_patch_2_4.jpg,B2,B1,0.9936
processed_data_cleaned\test\B2\B2.08.Tu-Du_27_patch_3_2.jpg,B2,A1,0.5732
processed_data_cleaned\test\B2\B2.08.Tu-Du_27_patch_3_3.jpg,B2,B1,0.8716
processed_data_cleaned\test\B2\B2.08.Tu-Du_28_patch_0_1.jpg,B2,A1,0.9885
processed_data_cleaned\test\B2\B2.08.Tu-Du_28_patch_0_2.jpg,B2,A1,0.9999
processed_data_cleaned\test\B2\B2.08.Tu-Du_28_patch_0_3.jpg,B2,A1,0.8677
processed_data_cleaned\test\B2\B2.08.Tu-Du_28_patch_0_4.jpg,B2,A2,0.966
processed_data_cleaned\test\B2\B2.08.Tu-Du_28_patch_1_1.jpg,B2,A1,0.5588
processed_data_cleaned\test\B2\B2.08.Tu-Du_28_patch_1_2.jpg,B2,A1,0.8546
processed_data_cleaned\test\B2\B2.08.Tu-Du_28_patch_1_4.jpg,B2,A1,0.9701
processed_data_cleaned\test\B2\B2.08.Tu-Du_28_patch_1_5.jpg,B2,A2,0.8876
processed_data_cleaned\test\B2\B2.08.Tu-Du_28_patch_2_3.jpg,B2,A1,0.9822
processed_data_cleaned\test\B2\B2.08.Tu-Du_28_patch_2_4.jpg,B2,A1,0.8956
processed_data_cleaned\test\B2\B2.08.Tu-Du_28_patch_2_5.jpg,B2,A2,0.8898
processed_data_cleaned\test\B2\B2.08.Tu-Du_28_patch_3_1.jpg,B2,A1,0.8383
processed_data_cleaned\test\B2\B2.08.Tu-Du_28_patch_3_2.jpg,B2,A1,0.8527
processed_data_cleaned\test\B2\B2.08.Tu-Du_28_patch_3_3.jpg,B2,A1,0.9761
processed_data_cleaned\test\B2\B2.08.Tu-Du_28_patch_3_5.jpg,B2,A2,0.7114
processed_data_cleaned\test\B2\B2.08.Tu-Du_29_patch_1_5.jpg,B2,A1,0.986
processed_data_cleaned\test\B2\B2.08.Tu-Du_29_patch_2_0.jpg,B2,A1,0.705
processed_data_cleaned\test\B2\B2.08.Tu-Du_29_patch_3_0.jpg,B2,A1,0.6263
processed_data_cleaned\test\B2\B2.08.Tu-Du_29_patch_3_1.jpg,B2,A2,0.7091
processed_data_cleaned\test\B2\B2.08.Tu-Du_30_patch_0_0.jpg,B2,A1,0.9776
processed_data_cleaned\test\B2\B2.08.Tu-Du_30_patch_0_5.jpg,B2,B1,0.957
processed_data_cleaned\test\B2\B2.08.Tu-Du_30_patch_1_0.jpg,B2,A1,0.846
processed_data_cleaned\test\B2\B2.08.Tu-Du_30_patch_1_2.jpg,B2,A1,0.7978
processed_data_cleaned\test\B2\B2.08.Tu-Du_30_patch_1_3.jpg,B2,A1,0.7722
processed_data_cleaned\test\B2\B2.08.Tu-Du_30_patch_1_4.jpg,B2,A1,0.9488
processed_data_cleaned\test\B2\B2.08.Tu-Du_30_patch_1_5.jpg,B2,B1,0.6601
processed_data_cleaned\test\B2\B2.08.Tu-Du_30_patch_2_0.jpg,B2,A1,0.8898
processed_data_cleaned\test\B2\B2.08.Tu-Du_30_patch_2_2.jpg,B2,A1,0.95
processed_data_cleaned\test\B2\B2.08.Tu-Du_30_patch_2_3.jpg,B2,A1,0.8003
processed_data_cleaned\test\B2\B2.08.Tu-Du_30_patch_2_4.jpg,B2,A1,0.9499
processed_data_cleaned\test\B2\B2.08.Tu-Du_30_patch_2_5.jpg,B2,A1,0.8408
processed_data_cleaned\test\B2\B2.08.Tu-Du_30_patch_3_0.jpg,B2,A2,0.5078
processed_data_cleaned\test\B2\B2.08.Tu-Du_30_patch_3_1.jpg,B2,A1,0.8878
processed_data_cleaned\test\B2\B2.08.Tu-Du_30_patch_3_2.jpg,B2,B1,0.9877
processed_data_cleaned\test\B2\B2.08.Tu-Du_30_patch_3_3.jpg,B2,A1,0.8776
processed_data_cleaned\test\B2\B2.08.Tu-Du_30_patch_3_4.jpg,B2,A1,0.9048
processed_data_cleaned\test\B2\B2.08.Tu-Du_31_patch_0_1.jpg,B2,A1,0.9952
processed_data_cleaned\test\B2\B2.08.Tu-Du_31_patch_0_3.jpg,B2,B1,0.4434
processed_data_cleaned\test\B2\B2.08.Tu-Du_31_patch_0_4.jpg,B2,A1,0.7855
processed_data_cleaned\test\B2\B2.08.Tu-Du_31_patch_0_5.jpg,B2,A1,0.8953
processed_data_cleaned\test\B2\B2.08.Tu-Du_31_patch_1_0.jpg,B2,A1,0.8779
processed_data_cleaned\test\B2\B2.08.Tu-Du_31_patch_1_2.jpg,B2,A2,0.8336
processed_data_cleaned\test\B2\B2.08.Tu-Du_31_patch_1_3.jpg,B2,A2,0.9389
processed_data_cleaned\test\B2\B2.08.Tu-Du_31_patch_1_4.jpg,B2,A1,0.9648
processed_data_cleaned\test\B2\B2.08.Tu-Du_31_patch_1_5.jpg,B2,A1,0.9369
processed_data_cleaned\test\B2\B2.08.Tu-Du_31_patch_2_0.jpg,B2,A1,0.9783
processed_data_cleaned\test\B2\B2.08.Tu-Du_31_patch_2_2.jpg,B2,B1,0.4809
processed_data_cleaned\test\B2\B2.08.Tu-Du_31_patch_2_3.jpg,B2,A2,0.8299
processed_data_cleaned\test\B2\B2.08.Tu-Du_31_patch_2_5.jpg,B2,A1,0.9565
processed_data_cleaned\test\B2\B2.08.Tu-Du_31_patch_3_0.jpg,B2,A1,0.9951
processed_data_cleaned\test\B2\B2.08.Tu-Du_31_patch_3_2.jpg,B2,B1,0.7455
processed_data_cleaned\test\B2\B2.08.Tu-Du_31_patch_3_3.jpg,B2,B1,0.918
processed_data_cleaned\test\B2\B2.08.Tu-Du_31_patch_3_4.jpg,B2,A1,0.9358
processed_data_cleaned\test\B2\B2.08.Tu-Du_31_patch_3_5.jpg,B2,A1,0.9992
processed_data_cleaned\test\B2\B2.08.Tu-Du_32_patch_0_1.jpg,B2,B1,0.9368
processed_data_cleaned\test\B2\B2.08.Tu-Du_32_patch_2_0.jpg,B2,A2,0.5258
processed_data_cleaned\test\B2\B2.08.Tu-Du_32_patch_2_1.jpg,B2,B1,0.9406
processed_data_cleaned\test\B2\B2.08.Tu-Du_32_patch_2_2.jpg,B2,A1,0.9477
processed_data_cleaned\test\B2\B2.08.Tu-Du_32_patch_3_0.jpg,B2,A2,0.8326
processed_data_cleaned\test\B2\B2.08.Tu-Du_32_patch_3_1.jpg,B2,B1,0.9146
processed_data_cleaned\test\B2\B2.08.Tu-Du_32_patch_3_2.jpg,B2,A1,0.9994
processed_data_cleaned\test\B2\B2.08.Tu-Du_32_patch_3_3.jpg,B2,A1,0.9867
processed_data_cleaned\test\B2\B2.08.Tu-Du_32_patch_3_4.jpg,B2,A1,0.9113
processed_data_cleaned\test\B2\B2.08.Tu-Du_33_patch_0_1.jpg,B2,A1,0.6282
processed_data_cleaned\test\B2\B2.08.Tu-Du_33_patch_0_4.jpg,B2,A1,0.7966
processed_data_cleaned\test\B2\B2.08.Tu-Du_33_patch_1_0.jpg,B2,B1,0.9861
processed_data_cleaned\test\B2\B2.08.Tu-Du_33_patch_1_4.jpg,B2,A1,0.9583
processed_data_cleaned\test\B2\B2.08.Tu-Du_33_patch_2_0.jpg,B2,A1,0.4542
processed_data_cleaned\test\B2\B2.08.Tu-Du_33_patch_2_3.jpg,B2,A1,0.7715
processed_data_cleaned\test\B2\B2.08.Tu-Du_33_patch_2_4.jpg,B2,A1,0.8073
processed_data_cleaned\test\B2\B2.08.Tu-Du_33_patch_2_5.jpg,B2,A2,0.9241
processed_data_cleaned\test\B2\B2.08.Tu-Du_33_patch_3_2.jpg,B2,A1,0.9818
processed_data_cleaned\test\B2\B2.08.Tu-Du_34_patch_0_0.jpg,B2,B1,0.9875
processed_data_cleaned\test\B2\B2.08.Tu-Du_34_patch_0_1.jpg,B2,B1,0.9148
processed_data_cleaned\test\B2\B2.08.Tu-Du_34_patch_0_2.jpg,B2,B1,0.9517
processed_data_cleaned\test\B2\B2.08.Tu-Du_34_patch_0_3.jpg,B2,B1,0.9861
processed_data_cleaned\test\B2\B2.08.Tu-Du_34_patch_0_4.jpg,B2,B1,0.9984
processed_data_cleaned\test\B2\B2.08.Tu-Du_34_patch_1_0.jpg,B2,B1,0.9892
processed_data_cleaned\test\B2\B2.08.Tu-Du_34_patch_1_1.jpg,B2,B1,0.9374
processed_data_cleaned\test\B2\B2.08.Tu-Du_34_patch_1_2.jpg,B2,B1,0.997
processed_data_cleaned\test\B2\B2.08.Tu-Du_34_patch_1_3.jpg,B2,B1,0.9979
processed_data_cleaned\test\B2\B2.08.Tu-Du_34_patch_1_5.jpg,B2,B1,0.8178
processed_data_cleaned\test\B2\B2.08.Tu-Du_34_patch_2_0.jpg,B2,B1,0.9919
processed_data_cleaned\test\B2\B2.08.Tu-Du_34_patch_2_1.jpg,B2,B1,0.9976
processed_data_cleaned\test\B2\B2.08.Tu-Du_34_patch_2_2.jpg,B2,B1,0.9985
processed_data_cleaned\test\B2\B2.08.Tu-Du_34_patch_2_3.jpg,B2,B1,0.8726
processed_data_cleaned\test\B2\B2.08.Tu-Du_34_patch_2_4.jpg,B2,B1,0.9061
processed_data_cleaned\test\B2\B2.08.Tu-Du_34_patch_3_0.jpg,B2,B1,0.9389
processed_data_cleaned\test\B2\B2.08.Tu-Du_34_patch_3_1.jpg,B2,A1,0.5093
processed_data_cleaned\test\B2\B2.08.Tu-Du_34_patch_3_2.jpg,B2,B1,0.4208
processed_data_cleaned\test\B2\B2.08.Tu-Du_35_patch_0_0.jpg,B2,B1,0.9478
processed_data_cleaned\test\B2\B2.08.Tu-Du_35_patch_0_1.jpg,B2,B1,0.9104
processed_data_cleaned\test\B2\B2.08.Tu-Du_35_patch_0_2.jpg,B2,B1,0.9642
processed_data_cleaned\test\B2\B2.08.Tu-Du_35_patch_0_3.jpg,B2,B1,0.977
processed_data_cleaned\test\B2\B2.08.Tu-Du_35_patch_0_4.jpg,B2,B1,0.9915
processed_data_cleaned\test\B2\B2.08.Tu-Du_35_patch_1_0.jpg,B2,B1,0.9921
processed_data_cleaned\test\B2\B2.08.Tu-Du_35_patch_1_1.jpg,B2,B1,0.6342
processed_data_cleaned\test\B2\B2.08.Tu-Du_35_patch_1_2.jpg,B2,B1,0.9992
processed_data_cleaned\test\B2\B2.08.Tu-Du_35_patch_1_3.jpg,B2,B1,0.9965
processed_data_cleaned\test\B2\B2.08.Tu-Du_35_patch_1_5.jpg,B2,B1,0.5379
processed_data_cleaned\test\B2\B2.08.Tu-Du_35_patch_2_0.jpg,B2,B1,0.991
processed_data_cleaned\test\B2\B2.08.Tu-Du_36_patch_1_0.jpg,B2,B1,0.7469
processed_data_cleaned\test\B2\B2.08.Tu-Du_36_patch_1_3.jpg,B2,B1,0.9837
processed_data_cleaned\test\B2\B2.08.Tu-Du_36_patch_2_0.jpg,B2,B1,0.9498
processed_data_cleaned\test\B2\B2.08.Tu-Du_36_patch_2_1.jpg,B2,B1,0.9993
processed_data_cleaned\test\B2\B2.08.Tu-Du_36_patch_2_2.jpg,B2,B1,0.994
processed_data_cleaned\test\B2\B2.08.Tu-Du_36_patch_3_0.jpg,B2,B1,0.9532
processed_data_cleaned\test\B2\B2.08.Tu-Du_36_patch_3_1.jpg,B2,B1,0.9932
processed_data_cleaned\test\B2\B2.08.Tu-Du_36_patch_3_2.jpg,B2,B1,0.9816
processed_data_cleaned\test\B2\B2.08.Tu-Du_37_patch_1_1.jpg,B2,B1,0.905
processed_data_cleaned\test\B2\B2.08.Tu-Du_37_patch_2_2.jpg,B2,B1,0.9952
processed_data_cleaned\test\B2\B2.08.Tu-Du_37_patch_2_5.jpg,B2,B1,0.9115
processed_data_cleaned\test\B2\B2.08.Tu-Du_37_patch_3_1.jpg,B2,B1,0.9955
processed_data_cleaned\test\B2\B2.08.Tu-Du_38_patch_0_0.jpg,B2,B1,0.9978
processed_data_cleaned\test\B2\B2.08.Tu-Du_38_patch_1_2.jpg,B2,B1,0.9859
processed_data_cleaned\test\B2\B2.08.Tu-Du_38_patch_2_1.jpg,B2,B1,0.9474
processed_data_cleaned\test\B2\B2.08.Tu-Du_38_patch_2_3.jpg,B2,B1,0.9892
processed_data_cleaned\test\B2\B2.08.Tu-Du_38_patch_2_4.jpg,B2,B1,0.9613
processed_data_cleaned\test\B2\B2.08.Tu-Du_38_patch_2_5.jpg,B2,B1,0.9878
processed_data_cleaned\test\B2\B2.08.Tu-Du_38_patch_3_0.jpg,B2,B1,0.9985
processed_data_cleaned\test\B2\B2.08.Tu-Du_38_patch_3_1.jpg,B2,B1,0.9994
processed_data_cleaned\test\B2\B2.08.Tu-Du_38_patch_3_2.jpg,B2,B1,0.9966
processed_data_cleaned\test\B2\B2.08.Tu-Du_38_patch_3_3.jpg,B2,B1,0.7301
processed_data_cleaned\test\B2\B2.08.Tu-Du_38_patch_3_4.jpg,B2,B1,0.9946
processed_data_cleaned\test\B2\B2.08.Tu-Du_38_patch_3_5.jpg,B2,B1,0.9793
processed_data_cleaned\test\B2\B2.08.Tu-Du_39_patch_0_1.jpg,B2,B1,0.975
processed_data_cleaned\test\B2\B2.08.Tu-Du_39_patch_0_2.jpg,B2,B1,0.9991
processed_data_cleaned\test\B2\B2.08.Tu-Du_39_patch_0_4.jpg,B2,B1,0.9637
processed_data_cleaned\test\B2\B2.08.Tu-Du_39_patch_1_0.jpg,B2,B1,0.9957
processed_data_cleaned\test\B2\B2.08.Tu-Du_39_patch_1_1.jpg,B2,B1,1.0
processed_data_cleaned\test\B2\B2.08.Tu-Du_39_patch_1_3.jpg,B2,B1,1.0
processed_data_cleaned\test\B2\B2.08.Tu-Du_39_patch_1_4.jpg,B2,B1,0.9996
processed_data_cleaned\test\B2\B2.08.Tu-Du_39_patch_1_5.jpg,B2,B1,0.9997
processed_data_cleaned\test\B2\B2.08.Tu-Du_39_patch_2_0.jpg,B2,B1,0.9975
processed_data_cleaned\test\B2\B2.08.Tu-Du_39_patch_2_1.jpg,B2,B1,0.9584
processed_data_cleaned\test\B2\B2.08.Tu-Du_39_patch_2_2.jpg,B2,B1,0.9795
processed_data_cleaned\test\B2\B2.08.Tu-Du_39_patch_2_3.jpg,B2,B1,0.9855
processed_data_cleaned\test\B2\B2.08.Tu-Du_39_patch_2_4.jpg,B2,B1,0.9983
processed_data_cleaned\test\B2\B2.08.Tu-Du_39_patch_3_0.jpg,B2,B1,0.5295
processed_data_cleaned\test\B2\B2.08.Tu-Du_39_patch_3_1.jpg,B2,B1,0.5776
processed_data_cleaned\test\B2\B2.08.Tu-Du_40_patch_0_0.jpg,B2,B1,0.8012
processed_data_cleaned\test\B2\B2.08.Tu-Du_40_patch_0_1.jpg,B2,B1,0.9926
processed_data_cleaned\test\B2\B2.08.Tu-Du_40_patch_0_3.jpg,B2,A2,0.999
processed_data_cleaned\test\B2\B2.08.Tu-Du_40_patch_2_2.jpg,B2,B1,0.8714
processed_data_cleaned\test\B2\B2.08.Tu-Du_40_patch_3_0.jpg,B2,A2,0.4688
processed_data_cleaned\test\B2\B2.08.Tu-Du_40_patch_3_1.jpg,B2,B1,0.9956
processed_data_cleaned\test\B2\B2.08.Tu-Du_41_patch_0_0.jpg,B2,A1,0.6049
processed_data_cleaned\test\B2\B2.08.Tu-Du_41_patch_0_4.jpg,B2,B1,0.9992
processed_data_cleaned\test\B2\B2.08.Tu-Du_41_patch_0_5.jpg,B2,B1,0.7396
processed_data_cleaned\test\B2\B2.08.Tu-Du_41_patch_1_3.jpg,B2,B1,0.9976
processed_data_cleaned\test\B2\B2.08.Tu-Du_41_patch_1_4.jpg,B2,B1,0.9995
processed_data_cleaned\test\B2\B2.08.Tu-Du_41_patch_3_2.jpg,B2,A1,0.5789
processed_data_cleaned\test\B2\B2.08.Tu-Du_41_patch_3_3.jpg,B2,B1,0.9999
processed_data_cleaned\test\B2\B2.08.Tu-Du_41_patch_3_4.jpg,B2,B1,0.9937
processed_data_cleaned\test\B2\B2.08.Tu-Du_42_patch_0_2.jpg,B2,B1,0.9985
processed_data_cleaned\test\B2\B2.08.Tu-Du_42_patch_0_4.jpg,B2,B1,0.9793
processed_data_cleaned\test\B2\B2.08.Tu-Du_42_patch_1_1.jpg,B2,B1,0.9552
processed_data_cleaned\test\B2\B2.08.Tu-Du_42_patch_1_2.jpg,B2,B1,0.9997
processed_data_cleaned\test\B2\B2.08.Tu-Du_42_patch_1_5.jpg,B2,B1,0.5972
processed_data_cleaned\test\B2\B2.08.Tu-Du_42_patch_2_1.jpg,B2,B1,0.9991
processed_data_cleaned\test\B2\B2.08.Tu-Du_42_patch_2_2.jpg,B2,B1,0.9983
processed_data_cleaned\test\B2\B2.08.Tu-Du_42_patch_2_3.jpg,B2,B1,0.9995
processed_data_cleaned\test\B2\B2.08.Tu-Du_42_patch_2_5.jpg,B2,B1,0.7275
processed_data_cleaned\test\B2\B2.08.Tu-Du_42_patch_3_1.jpg,B2,B1,0.9728
processed_data_cleaned\test\B2\B2.08.Tu-Du_42_patch_3_2.jpg,B2,B1,0.9955
processed_data_cleaned\test\B2\B2.08.Tu-Du_42_patch_3_3.jpg,B2,B1,0.9997
processed_data_cleaned\test\B2\B2.08.Tu-Du_43_patch_0_0.jpg,B2,B1,0.9983
processed_data_cleaned\test\B2\B2.08.Tu-Du_43_patch_0_1.jpg,B2,B1,0.9994
processed_data_cleaned\test\B2\B2.08.Tu-Du_43_patch_0_2.jpg,B2,B1,0.887
processed_data_cleaned\test\B2\B2.08.Tu-Du_43_patch_1_0.jpg,B2,B1,0.9994
processed_data_cleaned\test\B2\B2.08.Tu-Du_43_patch_1_4.jpg,B2,B1,0.9919
processed_data_cleaned\test\B2\B2.08.Tu-Du_43_patch_1_5.jpg,B2,A1,0.7754
processed_data_cleaned\test\B2\B2.08.Tu-Du_43_patch_2_0.jpg,B2,B1,0.9977
processed_data_cleaned\test\B2\B2.08.Tu-Du_43_patch_2_3.jpg,B2,B1,0.9999
processed_data_cleaned\test\B2\B2.08.Tu-Du_43_patch_2_5.jpg,B2,A1,0.6621
processed_data_cleaned\test\B2\B2.08.Tu-Du_43_patch_3_1.jpg,B2,B1,0.9991
processed_data_cleaned\test\B2\B2.08.Tu-Du_43_patch_3_2.jpg,B2,B1,0.9998
processed_data_cleaned\test\B2\B2.08.Tu-Du_43_patch_3_3.jpg,B2,B1,0.9999
processed_data_cleaned\test\B2\B2.08.Tu-Du_43_patch_3_4.jpg,B2,B1,0.9999
processed_data_cleaned\test\B2\B2.08.Tu-Du_43_patch_3_5.jpg,B2,B1,0.947
processed_data_cleaned\test\B2\B2.08.Tu-Du_44_patch_0_5.jpg,B2,B1,0.9998
processed_data_cleaned\test\B2\B2.08.Tu-Du_44_patch_1_4.jpg,B2,B1,0.9997
processed_data_cleaned\test\B2\B2.08.Tu-Du_44_patch_1_5.jpg,B2,B1,0.9503
processed_data_cleaned\test\B2\B2.08.Tu-Du_44_patch_2_1.jpg,B2,B1,0.967
processed_data_cleaned\test\B2\B2.08.Tu-Du_44_patch_2_4.jpg,B2,B1,0.9975
processed_data_cleaned\test\B2\B2.08.Tu-Du_44_patch_2_5.jpg,B2,B1,0.9932
processed_data_cleaned\test\B2\B2.08.Tu-Du_44_patch_3_3.jpg,B2,B1,0.7272
processed_data_cleaned\test\B2\B2.08.Tu-Du_44_patch_3_5.jpg,B2,B1,0.9964
processed_data_cleaned\test\B2\DSC01893_patch_0_4.jpg,B2,A1,0.8508
processed_data_cleaned\test\B2\DSC01893_patch_1_2.jpg,B2,B1,0.9853
processed_data_cleaned\test\B2\DSC01893_patch_1_3.jpg,B2,B1,0.9987
processed_data_cleaned\test\B2\DSC01893_patch_2_2.jpg,B2,B1,0.985
processed_data_cleaned\test\B2\DSC01893_patch_2_3.jpg,B2,B1,0.9787
processed_data_cleaned\test\B2\DSC01893_patch_2_4.jpg,B2,A1,0.6934
processed_data_cleaned\test\B2\DSC01893_patch_3_1.jpg,B2,B1,0.7819
processed_data_cleaned\test\B2\DSC01893_patch_3_2.jpg,B2,B1,1.0
processed_data_cleaned\test\B2\DSC01893_patch_3_3.jpg,B2,B1,0.9993
processed_data_cleaned\test\B2\DSC01894_patch_0_0.jpg,B2,A1,0.6518
processed_data_cleaned\test\B2\DSC01894_patch_0_2.jpg,B2,B1,0.9998
processed_data_cleaned\test\B2\DSC01894_patch_1_1.jpg,B2,B1,0.9871
processed_data_cleaned\test\B2\DSC01894_patch_1_2.jpg,B2,B1,0.9946
processed_data_cleaned\test\B2\DSC01894_patch_2_1.jpg,B2,B1,0.7367
processed_data_cleaned\test\B2\DSC01894_patch_2_4.jpg,B2,A1,0.8004
processed_data_cleaned\test\B2\DSC01894_patch_3_1.jpg,B2,B1,0.9991
processed_data_cleaned\test\B2\DSC01894_patch_3_2.jpg,B2,B1,0.9999
processed_data_cleaned\test\B2\DSC01894_patch_3_3.jpg,B2,B1,0.9994
processed_data_cleaned\test\B2\DSC01899_patch_0_0.jpg,B2,B1,0.9996
processed_data_cleaned\test\B2\DSC01899_patch_0_1.jpg,B2,B1,0.9705
processed_data_cleaned\test\B2\DSC01899_patch_0_2.jpg,B2,B1,0.966
processed_data_cleaned\test\B2\DSC01899_patch_0_3.jpg,B2,B1,0.6729
processed_data_cleaned\test\B2\DSC01899_patch_0_4.jpg,B2,B1,0.9438
processed_data_cleaned\test\B2\DSC01899_patch_0_5.jpg,B2,A1,0.9842
processed_data_cleaned\test\B2\DSC01899_patch_1_2.jpg,B2,A1,0.8063
processed_data_cleaned\test\B2\DSC01899_patch_1_3.jpg,B2,A1,0.5551
processed_data_cleaned\test\B2\DSC01899_patch_2_0.jpg,B2,B1,0.9996
processed_data_cleaned\test\B2\DSC01899_patch_2_4.jpg,B2,A1,0.6947
processed_data_cleaned\test\B2\DSC01899_patch_2_5.jpg,B2,A1,0.9487
processed_data_cleaned\test\B2\DSC01899_patch_3_0.jpg,B2,B1,0.9983
processed_data_cleaned\test\B2\DSC01899_patch_3_1.jpg,B2,B1,0.9477
processed_data_cleaned\test\B2\DSC01899_patch_3_2.jpg,B2,B1,0.6526
processed_data_cleaned\test\B2\DSC01899_patch_3_3.jpg,B2,B1,0.554
processed_data_cleaned\test\B2\DSC01899_patch_3_4.jpg,B2,A1,0.9407
processed_data_cleaned\test\B2\DSC01900_patch_0_0.jpg,B2,B1,0.4443
processed_data_cleaned\test\B2\DSC01900_patch_0_1.jpg,B2,B1,0.9774
processed_data_cleaned\test\B2\DSC01900_patch_0_2.jpg,B2,B1,0.7493
processed_data_cleaned\test\B2\DSC01900_patch_0_3.jpg,B2,B1,0.3852
processed_data_cleaned\test\B2\DSC01900_patch_0_4.jpg,B2,A2,0.5566
processed_data_cleaned\test\B2\DSC01900_patch_0_5.jpg,B2,B1,0.7366
processed_data_cleaned\test\B2\DSC01900_patch_1_1.jpg,B2,B1,0.97
processed_data_cleaned\test\B2\DSC01900_patch_1_2.jpg,B2,B1,0.925
processed_data_cleaned\test\B2\DSC01900_patch_1_5.jpg,B2,B1,0.9531
processed_data_cleaned\test\B2\DSC01900_patch_2_0.jpg,B2,B1,0.9974
processed_data_cleaned\test\B2\DSC01900_patch_2_1.jpg,B2,A1,0.503
processed_data_cleaned\test\B2\DSC01900_patch_2_2.jpg,B2,B1,0.9983
processed_data_cleaned\test\B2\DSC01900_patch_2_3.jpg,B2,B1,0.9998
processed_data_cleaned\test\B2\DSC01900_patch_2_4.jpg,B2,B1,0.9998
processed_data_cleaned\test\B2\DSC01900_patch_2_5.jpg,B2,B1,0.996
processed_data_cleaned\test\B2\DSC01900_patch_3_5.jpg,B2,A1,0.6884
processed_data_cleaned\test\B2\DSC01901_patch_0_0.jpg,B2,B1,0.5135
processed_data_cleaned\test\B2\DSC01901_patch_0_1.jpg,B2,B1,0.8904
processed_data_cleaned\test\B2\DSC01901_patch_0_2.jpg,B2,A2,0.553
processed_data_cleaned\test\B2\DSC01901_patch_0_4.jpg,B2,A2,0.7546
processed_data_cleaned\test\B2\DSC01901_patch_0_5.jpg,B2,B1,0.9756
processed_data_cleaned\test\B2\DSC01901_patch_1_0.jpg,B2,B1,0.8582
processed_data_cleaned\test\B2\DSC01901_patch_1_2.jpg,B2,B1,0.6835
processed_data_cleaned\test\B2\DSC01901_patch_2_0.jpg,B2,B1,0.9988
processed_data_cleaned\test\B2\DSC01901_patch_2_1.jpg,B2,A1,0.6255
processed_data_cleaned\test\B2\DSC01901_patch_2_2.jpg,B2,B1,0.9246
processed_data_cleaned\test\B2\DSC01901_patch_2_3.jpg,B2,B1,0.8547
processed_data_cleaned\test\B2\DSC01901_patch_2_4.jpg,B2,B1,0.9871
processed_data_cleaned\test\B2\DSC01901_patch_2_5.jpg,B2,B1,0.9578
processed_data_cleaned\test\B2\DSC01901_patch_3_1.jpg,B2,A1,0.9816
processed_data_cleaned\test\B2\DSC01901_patch_3_3.jpg,B2,A1,0.8221
processed_data_cleaned\test\B2\DSC01901_patch_3_5.jpg,B2,B1,0.4189
processed_data_cleaned\test\B2\DSC01905_patch_0_0.jpg,B2,A1,0.5903
processed_data_cleaned\test\B2\DSC01905_patch_0_1.jpg,B2,B1,0.9985
processed_data_cleaned\test\B2\DSC01905_patch_0_2.jpg,B2,B1,0.9908
processed_data_cleaned\test\B2\DSC01905_patch_0_3.jpg,B2,B1,0.989
processed_data_cleaned\test\B2\DSC01905_patch_0_4.jpg,B2,B1,0.9879
processed_data_cleaned\test\B2\DSC01905_patch_0_5.jpg,B2,B1,0.9954
processed_data_cleaned\test\B2\DSC01905_patch_1_0.jpg,B2,A1,0.9951
processed_data_cleaned\test\B2\DSC01905_patch_1_1.jpg,B2,A1,0.9948
processed_data_cleaned\test\B2\DSC01905_patch_1_3.jpg,B2,A1,0.9615
processed_data_cleaned\test\B2\DSC01905_patch_1_4.jpg,B2,A1,0.9679
processed_data_cleaned\test\B2\DSC01905_patch_2_4.jpg,B2,A1,0.9774
processed_data_cleaned\test\B2\DSC01905_patch_3_0.jpg,B2,A1,0.8062
processed_data_cleaned\test\B2\DSC01905_patch_3_4.jpg,B2,B1,0.9877
processed_data_cleaned\test\B2\DSC01906_patch_0_0.jpg,B2,A2,0.5875
processed_data_cleaned\test\B2\DSC01906_patch_0_1.jpg,B2,A1,0.5254
processed_data_cleaned\test\B2\DSC01906_patch_0_3.jpg,B2,A1,0.8922
processed_data_cleaned\test\B2\DSC01906_patch_1_1.jpg,B2,B1,0.6838
processed_data_cleaned\test\B2\DSC01906_patch_1_3.jpg,B2,A2,0.6341
processed_data_cleaned\test\B2\DSC01906_patch_1_4.jpg,B2,A1,0.6122
processed_data_cleaned\test\B2\DSC01906_patch_2_3.jpg,B2,A2,0.4494
processed_data_cleaned\test\B2\DSC01906_patch_2_4.jpg,B2,A1,0.942
processed_data_cleaned\test\B2\DSC01906_patch_3_0.jpg,B2,A1,0.968
processed_data_cleaned\test\B2\DSC01906_patch_3_1.jpg,B2,B1,0.9469
processed_data_cleaned\test\B2\DSC01906_patch_3_2.jpg,B2,A2,0.7218
processed_data_cleaned\test\B2\DSC01906_patch_3_3.jpg,B2,B1,0.5481
processed_data_cleaned\test\B2\DSC01906_patch_3_4.jpg,B2,A1,0.4
processed_data_cleaned\test\B2\DSC01906_patch_3_5.jpg,B2,A1,0.9728
processed_data_cleaned\test\B2\DSC01908_patch_0_1.jpg,B2,B1,0.9512
processed_data_cleaned\test\B2\DSC01908_patch_0_2.jpg,B2,B1,0.71
processed_data_cleaned\test\B2\DSC01908_patch_0_3.jpg,B2,B1,0.9824
processed_data_cleaned\test\B2\DSC01908_patch_0_4.jpg,B2,B1,0.8877
processed_data_cleaned\test\B2\DSC01908_patch_1_1.jpg,B2,B1,0.9869
processed_data_cleaned\test\B2\DSC01908_patch_2_1.jpg,B2,B1,0.9835
processed_data_cleaned\test\B2\DSC01908_patch_2_3.jpg,B2,B1,0.9881
processed_data_cleaned\test\B2\DSC01908_patch_2_4.jpg,B2,A1,0.6104
processed_data_cleaned\test\B2\DSC01908_patch_2_5.jpg,B2,A2,0.9426
processed_data_cleaned\test\B2\DSC01908_patch_3_1.jpg,B2,B1,0.5885
processed_data_cleaned\test\B2\DSC01908_patch_3_2.jpg,B2,B1,0.9975
processed_data_cleaned\test\B2\DSC01908_patch_3_3.jpg,B2,B1,0.9736
processed_data_cleaned\test\B2\DSC01908_patch_3_4.jpg,B2,B1,0.8883
processed_data_cleaned\test\B2\DSC01909_patch_0_1.jpg,B2,B1,0.5056
processed_data_cleaned\test\B2\DSC01909_patch_0_2.jpg,B2,B1,0.9959
processed_data_cleaned\test\B2\DSC01909_patch_0_3.jpg,B2,A1,0.7016
processed_data_cleaned\test\B2\DSC01909_patch_0_4.jpg,B2,B1,0.7572
processed_data_cleaned\test\B2\DSC01909_patch_1_1.jpg,B2,B1,0.9883
processed_data_cleaned\test\B2\DSC01909_patch_1_3.jpg,B2,B1,0.9623
processed_data_cleaned\test\B2\DSC01909_patch_1_4.jpg,B2,B1,0.9554
processed_data_cleaned\test\B2\DSC01909_patch_1_5.jpg,B2,A2,0.7489
processed_data_cleaned\test\B2\DSC01909_patch_2_1.jpg,B2,B1,0.9484
processed_data_cleaned\test\B2\DSC01909_patch_2_2.jpg,B2,A1,0.4888
processed_data_cleaned\test\B2\DSC01909_patch_2_3.jpg,B2,A1,0.7174
processed_data_cleaned\test\B2\DSC01909_patch_2_4.jpg,B2,B1,0.5666
processed_data_cleaned\test\B2\DSC01909_patch_3_1.jpg,B2,B1,0.5161
processed_data_cleaned\test\B2\DSC01909_patch_3_4.jpg,B2,B1,0.998
processed_data_cleaned\test\B2\DSC01910_patch_0_0.jpg,B2,A2,0.6079
processed_data_cleaned\test\B2\DSC01910_patch_0_1.jpg,B2,B1,0.6289
processed_data_cleaned\test\B2\DSC01910_patch_1_1.jpg,B2,B1,0.7552
processed_data_cleaned\test\B2\DSC01910_patch_1_3.jpg,B2,A1,0.828
processed_data_cleaned\test\B2\DSC01910_patch_1_5.jpg,B2,B1,0.5992
processed_data_cleaned\test\B2\DSC01910_patch_2_0.jpg,B2,B1,0.958
processed_data_cleaned\test\B2\DSC01910_patch_2_1.jpg,B2,B1,0.9998
processed_data_cleaned\test\B2\DSC01910_patch_2_2.jpg,B2,B1,0.9976
processed_data_cleaned\test\B2\DSC01910_patch_2_3.jpg,B2,B1,0.994
processed_data_cleaned\test\B2\DSC01910_patch_2_5.jpg,B2,B1,0.9968
processed_data_cleaned\test\B2\DSC01910_patch_3_0.jpg,B2,A1,0.6628
processed_data_cleaned\test\B2\DSC01910_patch_3_1.jpg,B2,A1,0.9663
processed_data_cleaned\test\B2\DSC01910_patch_3_2.jpg,B2,A1,0.9167
processed_data_cleaned\test\B2\DSC01910_patch_3_3.jpg,B2,A1,0.9837
processed_data_cleaned\test\B2\DSC01910_patch_3_4.jpg,B2,B1,0.4699
processed_data_cleaned\test\B2\DSC02087_patch_1_1.jpg,B2,B1,0.6656
processed_data_cleaned\test\B2\DSC02087_patch_1_2.jpg,B2,B1,0.7025
processed_data_cleaned\test\B2\DSC02087_patch_1_4.jpg,B2,B1,0.9767
processed_data_cleaned\test\B2\DSC02087_patch_2_2.jpg,B2,A1,0.7634
processed_data_cleaned\test\B2\DSC02087_patch_2_3.jpg,B2,B1,1.0
processed_data_cleaned\test\B2\DSC02087_patch_2_5.jpg,B2,B1,0.9964
processed_data_cleaned\test\B2\DSC02087_patch_3_1.jpg,B2,A1,0.5195
processed_data_cleaned\test\B2\DSC02087_patch_3_3.jpg,B2,B1,0.9941
processed_data_cleaned\test\B2\DSC02088_patch_1_1.jpg,B2,A1,0.7816
processed_data_cleaned\test\B2\DSC02088_patch_1_2.jpg,B2,A1,0.5662
processed_data_cleaned\test\B2\DSC02088_patch_1_3.jpg,B2,B1,0.9997
processed_data_cleaned\test\B2\DSC02088_patch_1_4.jpg,B2,B1,0.9961
processed_data_cleaned\test\B2\DSC02088_patch_2_2.jpg,B2,A1,0.4911
processed_data_cleaned\test\B2\DSC02088_patch_2_3.jpg,B2,B1,1.0
processed_data_cleaned\test\B2\DSC02088_patch_3_1.jpg,B2,A1,0.9014
processed_data_cleaned\test\B2\DSC02088_patch_3_3.jpg,B2,B1,0.913
processed_data_cleaned\test\B2\DSC02090_patch_0_0.jpg,B2,A1,0.432
processed_data_cleaned\test\B2\DSC02090_patch_0_3.jpg,B2,B1,0.9999
processed_data_cleaned\test\B2\DSC02090_patch_0_4.jpg,B2,B1,0.998
processed_data_cleaned\test\B2\DSC02090_patch_1_1.jpg,B2,B1,0.9407
processed_data_cleaned\test\B2\DSC02090_patch_1_3.jpg,B2,B1,0.9999
processed_data_cleaned\test\B2\DSC02090_patch_1_4.jpg,B2,B1,0.9904
processed_data_cleaned\test\B2\DSC02090_patch_2_2.jpg,B2,A1,0.7418
processed_data_cleaned\test\B2\DSC02090_patch_2_3.jpg,B2,B1,0.9973
processed_data_cleaned\test\B2\DSC02090_patch_3_2.jpg,B2,B1,0.6445
processed_data_cleaned\test\B2\DSC02090_patch_3_3.jpg,B2,B1,0.9985
processed_data_cleaned\test\B2\DSC02090_patch_3_4.jpg,B2,A1,0.6308
processed_data_cleaned\test\B2\DSC02091_patch_0_0.jpg,B2,B1,0.3684
processed_data_cleaned\test\B2\DSC02091_patch_0_1.jpg,B2,B1,0.9952
processed_data_cleaned\test\B2\DSC02091_patch_0_3.jpg,B2,B1,0.9979
processed_data_cleaned\test\B2\DSC02091_patch_0_4.jpg,B2,B1,0.9963
processed_data_cleaned\test\B2\DSC02091_patch_1_1.jpg,B2,B1,0.9475
processed_data_cleaned\test\B2\DSC02091_patch_1_3.jpg,B2,B1,0.9997
processed_data_cleaned\test\B2\DSC02091_patch_3_2.jpg,B2,B1,0.9888
processed_data_cleaned\test\B2\DSC02091_patch_3_3.jpg,B2,B1,0.9965
processed_data_cleaned\test\B2\DSC02091_patch_3_4.jpg,B2,B1,0.8507
processed_data_cleaned\test\B2\DSC02092_patch_0_0.jpg,B2,A2,0.5242
processed_data_cleaned\test\B2\DSC02092_patch_1_0.jpg,B2,A1,0.6381
processed_data_cleaned\test\B2\DSC02092_patch_2_0.jpg,B2,A1,0.6849
processed_data_cleaned\test\B2\DSC02092_patch_3_0.jpg,B2,A1,0.6493
processed_data_cleaned\test\B2\DSC02093_patch_0_0.jpg,B2,A2,0.6737
processed_data_cleaned\test\B2\DSC02093_patch_0_1.jpg,B2,A1,0.5041
processed_data_cleaned\test\B2\DSC02093_patch_0_2.jpg,B2,A1,0.6291
processed_data_cleaned\test\B2\DSC02093_patch_1_0.jpg,B2,A1,0.5991
processed_data_cleaned\test\B2\DSC02093_patch_1_1.jpg,B2,A2,0.6645
processed_data_cleaned\test\B2\DSC02093_patch_1_2.jpg,B2,A2,0.4784
processed_data_cleaned\test\B2\DSC02093_patch_2_0.jpg,B2,A1,0.6681
processed_data_cleaned\test\B2\DSC02093_patch_3_1.jpg,B2,A1,0.6551
processed_data_cleaned\test\B2\DSC02093_patch_3_2.jpg,B2,A2,0.676
processed_data_cleaned\test\B2\DSC02094_patch_0_1.jpg,B2,A2,0.545
processed_data_cleaned\test\B2\DSC02094_patch_2_0.jpg,B2,B1,0.8352
processed_data_cleaned\test\B2\DSC02094_patch_2_1.jpg,B2,A1,0.9713
processed_data_cleaned\test\B2\DSC02094_patch_2_2.jpg,B2,A1,0.8568
processed_data_cleaned\test\B2\DSC02094_patch_2_3.jpg,B2,B1,0.7814
processed_data_cleaned\test\B2\DSC02094_patch_2_4.jpg,B2,A1,0.5658
processed_data_cleaned\test\B2\DSC02094_patch_3_1.jpg,B2,A1,1.0
processed_data_cleaned\test\B2\DSC02094_patch_3_3.jpg,B2,A1,0.9989
processed_data_cleaned\test\B2\DSC02094_patch_3_4.jpg,B2,A1,0.5528
processed_data_cleaned\test\B2\DSC02096_patch_0_1.jpg,B2,B1,0.6688
processed_data_cleaned\test\B2\DSC02096_patch_1_1.jpg,B2,A2,0.6638
processed_data_cleaned\test\B2\DSC02096_patch_1_3.jpg,B2,B1,0.9996
processed_data_cleaned\test\B2\DSC02096_patch_1_5.jpg,B2,B1,0.8404
processed_data_cleaned\test\B2\DSC02096_patch_2_1.jpg,B2,A1,0.5076
processed_data_cleaned\test\B2\DSC02096_patch_2_2.jpg,B2,B1,0.9987
processed_data_cleaned\test\B2\DSC02096_patch_3_0.jpg,B2,A1,0.8887
processed_data_cleaned\test\B2\DSC02098_patch_0_1.jpg,B2,A1,0.9254
processed_data_cleaned\test\B2\DSC02098_patch_0_3.jpg,B2,B1,0.9238
processed_data_cleaned\test\B2\DSC02098_patch_1_1.jpg,B2,A1,0.7615
processed_data_cleaned\test\B2\DSC02098_patch_2_0.jpg,B2,A1,0.9845
processed_data_cleaned\test\B2\DSC02098_patch_2_1.jpg,B2,B1,0.8105
processed_data_cleaned\test\B2\DSC02098_patch_2_2.jpg,B2,B1,0.9981
processed_data_cleaned\test\B2\DSC02098_patch_2_3.jpg,B2,A2,0.7914
processed_data_cleaned\test\B2\DSC02099_patch_0_1.jpg,B2,B1,0.5283
processed_data_cleaned\test\B2\DSC02099_patch_0_3.jpg,B2,B1,0.9751
processed_data_cleaned\test\B2\DSC02099_patch_1_1.jpg,B2,A1,0.488
processed_data_cleaned\test\B2\DSC02099_patch_1_2.jpg,B2,B1,0.9934
processed_data_cleaned\test\B2\DSC02099_patch_2_0.jpg,B2,A1,0.9772
processed_data_cleaned\test\B2\DSC02099_patch_2_1.jpg,B2,B1,0.8349
processed_data_cleaned\test\B2\DSC02099_patch_2_2.jpg,B2,B1,0.9719
processed_data_cleaned\test\B2\DSC02100_patch_0_4.jpg,B2,B1,0.9285
processed_data_cleaned\test\B2\DSC02100_patch_1_1.jpg,B2,B1,0.8611
processed_data_cleaned\test\B2\DSC02100_patch_2_0.jpg,B2,B1,0.7758
processed_data_cleaned\test\B2\DSC02100_patch_2_2.jpg,B2,A1,0.9089
processed_data_cleaned\test\B2\DSC02100_patch_2_3.jpg,B2,A1,0.9703
processed_data_cleaned\test\B2\DSC02100_patch_3_1.jpg,B2,A2,0.517
processed_data_cleaned\test\B2\DSC02100_patch_3_2.jpg,B2,B1,0.5231
processed_data_cleaned\test\B2\DSC02101_patch_0_4.jpg,B2,B1,0.6838
processed_data_cleaned\test\B2\DSC02101_patch_0_5.jpg,B2,B1,0.933
processed_data_cleaned\test\B2\DSC02101_patch_1_1.jpg,B2,B1,0.9041
processed_data_cleaned\test\B2\DSC02101_patch_1_2.jpg,B2,B1,0.5354
processed_data_cleaned\test\B2\DSC02101_patch_1_5.jpg,B2,A1,0.8375
processed_data_cleaned\test\B2\DSC02101_patch_2_1.jpg,B2,B1,0.8788
processed_data_cleaned\test\B2\DSC02101_patch_2_3.jpg,B2,A1,0.3846
processed_data_cleaned\test\B2\DSC02101_patch_3_1.jpg,B2,A1,0.4539
processed_data_cleaned\test\B2\DSC02101_patch_3_2.jpg,B2,A1,0.8551
processed_data_cleaned\test\B2\DSC02101_patch_3_3.jpg,B2,B1,0.5518
processed_data_cleaned\test\B2\DSC02102_patch_1_1.jpg,B2,A1,0.4557
processed_data_cleaned\test\B2\DSC02102_patch_2_1.jpg,B2,A1,0.9756
processed_data_cleaned\test\B2\DSC02102_patch_3_5.jpg,B2,A1,0.8252
processed_data_cleaned\test\B2\DSC02105_patch_0_0.jpg,B2,B1,0.9937
processed_data_cleaned\test\B2\DSC02105_patch_0_3.jpg,B2,B1,0.883
processed_data_cleaned\test\B2\DSC02105_patch_1_1.jpg,B2,B1,0.9955
processed_data_cleaned\test\B2\DSC02105_patch_1_2.jpg,B2,B1,0.9943
processed_data_cleaned\test\B2\DSC02105_patch_2_1.jpg,B2,B1,0.5403
processed_data_cleaned\test\B2\DSC02105_patch_3_0.jpg,B2,B1,0.5184
processed_data_cleaned\test\B2\DSC02105_patch_3_2.jpg,B2,A1,0.8481
processed_data_cleaned\test\B2\DSC02106_patch_0_2.jpg,B2,B1,0.808
processed_data_cleaned\test\B2\DSC02106_patch_0_3.jpg,B2,B1,0.906
processed_data_cleaned\test\B2\DSC02106_patch_1_2.jpg,B2,B1,0.9634
processed_data_cleaned\test\B2\DSC02106_patch_1_3.jpg,B2,B1,0.5856
processed_data_cleaned\test\B2\DSC02106_patch_3_0.jpg,B2,A1,0.703
processed_data_cleaned\test\B2\DSC02106_patch_3_1.jpg,B2,B1,0.5583
processed_data_cleaned\test\B2\DSC02106_patch_3_2.jpg,B2,A1,0.9664
processed_data_cleaned\test\B2\DSC02107_patch_0_2.jpg,B2,B1,0.5918
processed_data_cleaned\test\B2\DSC02107_patch_0_4.jpg,B2,B1,0.6523
processed_data_cleaned\test\B2\DSC02107_patch_1_2.jpg,B2,B1,0.9847
processed_data_cleaned\test\B2\DSC02107_patch_1_3.jpg,B2,B1,0.709
processed_data_cleaned\test\B2\DSC02107_patch_3_1.jpg,B2,A1,0.4913
processed_data_cleaned\test\B2\DSC02107_patch_3_2.jpg,B2,A1,0.9754
processed_data_cleaned\test\B2\DSC02108_patch_0_1.jpg,B2,A1,0.5632
processed_data_cleaned\test\B2\DSC02108_patch_0_2.jpg,B2,B1,0.463
processed_data_cleaned\test\B2\DSC02108_patch_0_3.jpg,B2,A1,0.607
processed_data_cleaned\test\B2\DSC02108_patch_1_1.jpg,B2,B1,0.9591
processed_data_cleaned\test\B2\DSC02108_patch_1_2.jpg,B2,B1,0.5076
processed_data_cleaned\test\B2\DSC02108_patch_1_3.jpg,B2,B1,0.9974
processed_data_cleaned\test\B2\DSC02108_patch_2_3.jpg,B2,B1,0.9985
processed_data_cleaned\test\B2\DSC02108_patch_3_0.jpg,B2,B1,0.9682
processed_data_cleaned\test\B2\DSC02108_patch_3_1.jpg,B2,B1,0.991
processed_data_cleaned\test\B2\DSC02108_patch_3_2.jpg,B2,B1,0.9584
processed_data_cleaned\test\B2\DSC02108_patch_3_3.jpg,B2,A1,0.867
processed_data_cleaned\test\B2\DSC02108_patch_3_4.jpg,B2,B1,0.5824
processed_data_cleaned\test\B2\DSC02109_patch_0_2.jpg,B2,A1,0.8432
processed_data_cleaned\test\B2\DSC02109_patch_0_3.jpg,B2,B1,0.5161
processed_data_cleaned\test\B2\DSC02109_patch_1_2.jpg,B2,A1,0.5553
processed_data_cleaned\test\B2\DSC02109_patch_1_3.jpg,B2,B1,0.9997
processed_data_cleaned\test\B2\DSC02109_patch_2_3.jpg,B2,B1,0.9993
processed_data_cleaned\test\B2\DSC02109_patch_3_1.jpg,B2,B1,0.9972
processed_data_cleaned\test\B2\DSC02109_patch_3_3.jpg,B2,A1,0.8794
processed_data_cleaned\test\B2\DSC02109_patch_3_4.jpg,B2,A1,0.9629
processed_data_cleaned\test\B2\DSC02110_patch_0_2.jpg,B2,A1,0.4956
processed_data_cleaned\test\B2\DSC02110_patch_0_4.jpg,B2,B1,0.9658
processed_data_cleaned\test\B2\DSC02110_patch_1_2.jpg,B2,A1,0.665
processed_data_cleaned\test\B2\DSC02110_patch_2_1.jpg,B2,B1,0.9998
processed_data_cleaned\test\B2\DSC02110_patch_2_2.jpg,B2,A1,0.9697
processed_data_cleaned\test\B2\DSC02110_patch_2_3.jpg,B2,A1,0.8427
processed_data_cleaned\test\B2\DSC02110_patch_2_4.jpg,B2,B1,0.5995
processed_data_cleaned\test\B2\DSC02110_patch_3_0.jpg,B2,B1,0.9345
processed_data_cleaned\test\B2\DSC02110_patch_3_1.jpg,B2,B1,0.8731
processed_data_cleaned\test\B2\DSC02110_patch_3_2.jpg,B2,A1,0.538
processed_data_cleaned\test\B2\DSC02111_patch_0_2.jpg,B2,A1,0.6433
processed_data_cleaned\test\B2\DSC02111_patch_1_2.jpg,B2,A1,0.6212
processed_data_cleaned\test\B2\DSC02111_patch_2_1.jpg,B2,B1,0.9992
processed_data_cleaned\test\B2\DSC02111_patch_2_2.jpg,B2,A1,0.6827
processed_data_cleaned\test\B2\DSC02111_patch_2_3.jpg,B2,A1,0.6777
processed_data_cleaned\test\B2\DSC02111_patch_3_0.jpg,B2,B1,0.992
processed_data_cleaned\test\B2\DSC02111_patch_3_1.jpg,B2,B1,0.6352
processed_data_cleaned\test\B2\DSC02111_patch_3_2.jpg,B2,A1,0.8656
processed_data_cleaned\test\B2\DSC02111_patch_3_4.jpg,B2,A1,0.9947
processed_data_cleaned\test\B2\DSC02112_patch_0_2.jpg,B2,B1,0.9479
processed_data_cleaned\test\B2\DSC02112_patch_0_3.jpg,B2,B1,0.6112
processed_data_cleaned\test\B2\DSC02112_patch_1_2.jpg,B2,B1,0.9188
processed_data_cleaned\test\B2\DSC02112_patch_2_0.jpg,B2,A1,0.4483
processed_data_cleaned\test\B2\DSC02112_patch_2_2.jpg,B2,B1,0.9648
processed_data_cleaned\test\B2\DSC02112_patch_2_3.jpg,B2,A1,0.9425
processed_data_cleaned\test\B2\DSC02112_patch_3_0.jpg,B2,B1,0.777
processed_data_cleaned\test\B2\DSC02112_patch_3_1.jpg,B2,A1,0.4348
processed_data_cleaned\test\B2\DSC02112_patch_3_3.jpg,B2,A1,0.9996
processed_data_cleaned\test\B2\DSC02113_patch_0_1.jpg,B2,A1,0.9955
processed_data_cleaned\test\B2\DSC02113_patch_0_2.jpg,B2,B1,0.885
processed_data_cleaned\test\B2\DSC02113_patch_1_2.jpg,B2,B1,0.8713
processed_data_cleaned\test\B2\DSC02113_patch_2_1.jpg,B2,B1,0.5372
processed_data_cleaned\test\B2\DSC02113_patch_2_2.jpg,B2,B1,0.8381
processed_data_cleaned\test\B2\DSC02113_patch_3_3.jpg,B2,A1,0.9994
processed_data_cleaned\test\B2\DSC02114_patch_0_1.jpg,B2,A1,0.8813
processed_data_cleaned\test\B2\DSC02114_patch_0_2.jpg,B2,A1,0.576
processed_data_cleaned\test\B2\DSC02114_patch_0_3.jpg,B2,B1,0.8438
processed_data_cleaned\test\B2\DSC02114_patch_1_2.jpg,B2,B1,0.7922
processed_data_cleaned\test\B2\DSC02114_patch_2_1.jpg,B2,B1,0.9806
processed_data_cleaned\test\B2\DSC02114_patch_2_3.jpg,B2,A1,0.539
processed_data_cleaned\test\B2\DSC02114_patch_3_0.jpg,B2,B1,0.9563
processed_data_cleaned\test\B2\DSC02114_patch_3_1.jpg,B2,B1,0.758
processed_data_cleaned\test\B2\DSC02114_patch_3_3.jpg,B2,A1,0.9976
processed_data_cleaned\test\B2\DSC02115_patch_0_2.jpg,B2,B1,0.9995
processed_data_cleaned\test\B2\DSC02115_patch_1_1.jpg,B2,B1,0.9827
processed_data_cleaned\test\B2\DSC02115_patch_1_2.jpg,B2,B1,0.8954
processed_data_cleaned\test\B2\DSC02115_patch_1_3.jpg,B2,A1,0.5627
processed_data_cleaned\test\B2\DSC02115_patch_1_4.jpg,B2,B1,0.988
processed_data_cleaned\test\B2\DSC02115_patch_2_4.jpg,B2,B1,0.9536
processed_data_cleaned\test\B2\DSC02116_patch_0_2.jpg,B2,B1,0.9991
processed_data_cleaned\test\B2\DSC02116_patch_1_2.jpg,B2,B1,0.9792
processed_data_cleaned\test\B2\DSC02116_patch_1_3.jpg,B2,B1,0.5202
processed_data_cleaned\test\B2\DSC02116_patch_1_4.jpg,B2,B1,0.9854
processed_data_cleaned\test\B2\DSC02116_patch_2_4.jpg,B2,B1,0.9277
processed_data_cleaned\test\B2\DSC02117_patch_1_1.jpg,B2,B1,0.9806
processed_data_cleaned\test\B2\DSC02118_patch_0_4.jpg,B2,A1,0.6103
processed_data_cleaned\test\B2\DSC02118_patch_1_4.jpg,B2,A2,0.8244
processed_data_cleaned\test\B2\DSC02118_patch_2_3.jpg,B2,B1,0.9126
processed_data_cleaned\test\B2\DSC02118_patch_3_1.jpg,B2,B1,0.9958
processed_data_cleaned\test\B2\DSC02118_patch_3_2.jpg,B2,B1,0.9997
processed_data_cleaned\test\B2\DSC02118_patch_3_3.jpg,B2,B1,0.6085
processed_data_cleaned\test\B2\DSC02119_patch_0_4.jpg,B2,B1,0.7558
processed_data_cleaned\test\B2\DSC02119_patch_1_4.jpg,B2,A2,0.8757
processed_data_cleaned\test\B2\DSC02119_patch_2_1.jpg,B2,B1,0.7522
processed_data_cleaned\test\B2\DSC02119_patch_2_2.jpg,B2,A2,0.9503
processed_data_cleaned\test\B2\DSC02119_patch_2_3.jpg,B2,A2,0.6427
processed_data_cleaned\test\B2\DSC02119_patch_3_0.jpg,B2,A1,0.6547
processed_data_cleaned\test\B2\DSC02119_patch_3_1.jpg,B2,A1,0.7882
processed_data_cleaned\test\B2\DSC02119_patch_3_2.jpg,B2,B1,0.9951
processed_data_cleaned\test\B2\DSC02119_patch_3_3.jpg,B2,B1,0.985
processed_data_cleaned\test\B2\DSC02120_patch_0_1.jpg,B2,B1,0.3799
processed_data_cleaned\test\B2\DSC02120_patch_0_3.jpg,B2,B1,0.974
processed_data_cleaned\test\B2\DSC02120_patch_1_4.jpg,B2,A1,0.7217
processed_data_cleaned\test\B2\DSC02120_patch_2_0.jpg,B2,A1,0.9376
processed_data_cleaned\test\B2\DSC02120_patch_3_2.jpg,B2,B1,0.9851
processed_data_cleaned\test\B2\DSC02121_patch_0_2.jpg,B2,A1,0.8745
processed_data_cleaned\test\B2\DSC02121_patch_1_2.jpg,B2,A1,0.8307
processed_data_cleaned\test\B2\DSC02121_patch_1_4.jpg,B2,A1,0.9898
processed_data_cleaned\test\B2\DSC02121_patch_3_0.jpg,B2,A1,0.9471
processed_data_cleaned\test\B2\DSC02121_patch_3_2.jpg,B2,B1,0.5855
processed_data_cleaned\test\B2\DSC02123_patch_0_3.jpg,B2,B1,0.9973
processed_data_cleaned\test\B2\DSC02123_patch_1_3.jpg,B2,B1,0.9982
processed_data_cleaned\test\B2\DSC02123_patch_2_0.jpg,B2,A2,0.9984
processed_data_cleaned\test\B2\DSC02123_patch_2_1.jpg,B2,A2,0.9843
processed_data_cleaned\test\B2\DSC02123_patch_2_2.jpg,B2,A1,0.8758
processed_data_cleaned\test\B2\DSC02123_patch_2_5.jpg,B2,A1,0.8956
processed_data_cleaned\test\B2\DSC02123_patch_3_0.jpg,B2,A2,0.968
processed_data_cleaned\test\B2\DSC02124_patch_1_3.jpg,B2,B1,0.989
processed_data_cleaned\test\B2\DSC02124_patch_1_4.jpg,B2,B1,0.6836
processed_data_cleaned\test\B2\DSC02124_patch_2_1.jpg,B2,A2,0.9933
processed_data_cleaned\test\B2\DSC02124_patch_2_5.jpg,B2,A1,0.8947
processed_data_cleaned\test\B2\DSC02125_patch_0_2.jpg,B2,A1,0.998
processed_data_cleaned\test\B2\DSC02125_patch_0_3.jpg,B2,A2,0.7979
processed_data_cleaned\test\B2\DSC02125_patch_0_4.jpg,B2,A1,0.9978
processed_data_cleaned\test\B2\DSC02125_patch_1_2.jpg,B2,B1,0.986
processed_data_cleaned\test\B2\DSC02125_patch_2_3.jpg,B2,A1,0.5488
processed_data_cleaned\test\B2\DSC02125_patch_2_4.jpg,B2,A1,0.8196
processed_data_cleaned\test\B2\DSC02125_patch_3_2.jpg,B2,A1,0.8365
processed_data_cleaned\test\B2\DSC02125_patch_3_3.jpg,B2,A1,0.5814
processed_data_cleaned\test\B2\DSC02125_patch_3_4.jpg,B2,A1,0.955
processed_data_cleaned\test\B2\DSC02129_patch_1_0.jpg,B2,B1,0.4762
processed_data_cleaned\test\B2\DSC02129_patch_1_3.jpg,B2,B1,0.9824
processed_data_cleaned\test\B2\DSC02129_patch_2_3.jpg,B2,B1,0.8971
processed_data_cleaned\test\B2\DSC02129_patch_3_2.jpg,B2,B1,0.9526
processed_data_cleaned\test\B2\DSC02129_patch_3_3.jpg,B2,B1,0.792
processed_data_cleaned\test\B2\DSC02130_patch_1_1.jpg,B2,B1,0.5291
processed_data_cleaned\test\B2\DSC02130_patch_1_2.jpg,B2,B1,0.9263
processed_data_cleaned\test\B2\DSC02130_patch_1_3.jpg,B2,B1,0.994
processed_data_cleaned\test\B2\DSC02130_patch_2_3.jpg,B2,B1,0.9422
processed_data_cleaned\test\B2\DSC02130_patch_3_2.jpg,B2,B1,0.6223
processed_data_cleaned\test\B2\DSC02130_patch_3_3.jpg,B2,B1,0.9637
processed_data_cleaned\test\B2\DSC02130_patch_3_4.jpg,B2,B1,0.9219
processed_data_cleaned\test\B2\DSC02131_patch_1_0.jpg,B2,A1,0.8395
processed_data_cleaned\test\B2\DSC02131_patch_1_1.jpg,B2,B1,0.8861
processed_data_cleaned\test\B2\DSC02131_patch_1_2.jpg,B2,B1,0.9925
processed_data_cleaned\test\B2\DSC02131_patch_1_3.jpg,B2,B1,0.8739
processed_data_cleaned\test\B2\DSC02131_patch_1_4.jpg,B2,B1,0.7688
processed_data_cleaned\test\B2\DSC02131_patch_1_5.jpg,B2,B1,0.9807
processed_data_cleaned\test\B2\DSC02131_patch_2_1.jpg,B2,B1,0.9445
processed_data_cleaned\test\B2\DSC02131_patch_2_2.jpg,B2,B1,0.9946
processed_data_cleaned\test\B2\DSC02131_patch_2_3.jpg,B2,B1,0.9933
processed_data_cleaned\test\B2\DSC02131_patch_2_4.jpg,B2,B1,0.9944
processed_data_cleaned\test\B2\DSC02131_patch_2_5.jpg,B2,B1,0.9717
processed_data_cleaned\test\B2\DSC02131_patch_3_2.jpg,B2,B1,0.8024
processed_data_cleaned\test\B2\DSC02131_patch_3_3.jpg,B2,B1,0.8977
processed_data_cleaned\test\B2\DSC02131_patch_3_4.jpg,B2,B1,0.6526
processed_data_cleaned\test\B2\DSC02132_patch_0_5.jpg,B2,B1,0.7987
processed_data_cleaned\test\B2\DSC02132_patch_1_0.jpg,B2,A1,0.8424
processed_data_cleaned\test\B2\DSC02132_patch_1_1.jpg,B2,B1,0.6756
processed_data_cleaned\test\B2\DSC02132_patch_1_2.jpg,B2,B1,0.9812
processed_data_cleaned\test\B2\DSC02132_patch_1_3.jpg,B2,B1,0.6889
processed_data_cleaned\test\B2\DSC02132_patch_1_4.jpg,B2,B1,0.9116
processed_data_cleaned\test\B2\DSC02132_patch_1_5.jpg,B2,B1,0.5209
processed_data_cleaned\test\B2\DSC02132_patch_2_0.jpg,B2,B1,0.9999
processed_data_cleaned\test\B2\DSC02132_patch_2_1.jpg,B2,B1,0.995
processed_data_cleaned\test\B2\DSC02132_patch_2_2.jpg,B2,B1,0.9251
processed_data_cleaned\test\B2\DSC02132_patch_2_3.jpg,B2,B1,0.995
processed_data_cleaned\test\B2\DSC02132_patch_2_5.jpg,B2,B1,0.988
processed_data_cleaned\test\B2\DSC02132_patch_3_2.jpg,B2,B1,0.7254
processed_data_cleaned\test\B2\DSC02132_patch_3_5.jpg,B2,B1,0.955
processed_data_cleaned\test\B2\DSC02136_patch_0_2.jpg,B2,B1,0.7014
processed_data_cleaned\test\B2\DSC02136_patch_0_3.jpg,B2,B1,0.9996
processed_data_cleaned\test\B2\DSC02136_patch_1_3.jpg,B2,B1,0.5454
processed_data_cleaned\test\B2\DSC02136_patch_3_1.jpg,B2,B1,0.7932
processed_data_cleaned\test\B2\DSC02136_patch_3_2.jpg,B2,B1,0.9807
processed_data_cleaned\test\B2\DSC02136_patch_3_3.jpg,B2,B1,0.833
processed_data_cleaned\test\B2\DSC02137_patch_0_1.jpg,B2,B1,0.9132
processed_data_cleaned\test\B2\DSC02137_patch_1_2.jpg,B2,B1,0.9767
processed_data_cleaned\test\B2\DSC02137_patch_1_3.jpg,B2,B1,0.9802
processed_data_cleaned\test\B2\DSC02137_patch_3_2.jpg,B2,B1,0.9646
processed_data_cleaned\test\B2\DSC02138_patch_0_0.jpg,B2,A1,0.7953
processed_data_cleaned\test\B2\DSC02138_patch_0_1.jpg,B2,A1,0.9852
processed_data_cleaned\test\B2\DSC02138_patch_1_1.jpg,B2,B1,0.6413
processed_data_cleaned\test\B2\DSC02138_patch_1_2.jpg,B2,B1,0.8981
processed_data_cleaned\test\B2\DSC02138_patch_2_1.jpg,B2,B1,0.7719
processed_data_cleaned\test\B2\DSC02138_patch_2_2.jpg,B2,B1,0.6966
processed_data_cleaned\test\B2\DSC02138_patch_2_3.jpg,B2,B1,0.7345
processed_data_cleaned\test\B2\DSC02138_patch_3_1.jpg,B2,A1,0.7398
processed_data_cleaned\test\B2\DSC02138_patch_3_2.jpg,B2,A1,0.5801
processed_data_cleaned\test\B2\DSC02138_patch_3_3.jpg,B2,A1,0.7302
processed_data_cleaned\test\B2\DSC02138_patch_3_4.jpg,B2,A1,0.81
processed_data_cleaned\test\B2\DSC02139_patch_1_1.jpg,B2,B1,0.7891
processed_data_cleaned\test\B2\DSC02139_patch_3_0.jpg,B2,A1,0.7187
processed_data_cleaned\test\B2\DSC02139_patch_3_1.jpg,B2,A2,0.64
processed_data_cleaned\test\B2\DSC02140_patch_0_0.jpg,B2,A1,0.6869
processed_data_cleaned\test\B2\DSC02140_patch_1_0.jpg,B2,A2,0.7791
processed_data_cleaned\test\B2\DSC02140_patch_1_1.jpg,B2,B1,0.9253
processed_data_cleaned\test\B2\DSC02140_patch_2_2.jpg,B2,A1,0.6665
processed_data_cleaned\test\B2\DSC02140_patch_2_3.jpg,B2,B1,0.5134
processed_data_cleaned\test\B2\DSC02140_patch_3_0.jpg,B2,B1,0.8165
processed_data_cleaned\test\B2\DSC02140_patch_3_1.jpg,B2,A1,0.3881
processed_data_cleaned\test\B2\DSC02141_patch_1_1.jpg,B2,B1,0.5081
processed_data_cleaned\test\B2\DSC02141_patch_1_2.jpg,B2,B1,0.6594
processed_data_cleaned\test\B2\DSC02141_patch_2_0.jpg,B2,A2,0.6694
processed_data_cleaned\test\B2\DSC02141_patch_2_1.jpg,B2,B1,0.8813
processed_data_cleaned\test\B2\DSC02141_patch_2_2.jpg,B2,A1,0.889
processed_data_cleaned\test\B2\DSC02141_patch_2_3.jpg,B2,B1,0.9575
processed_data_cleaned\test\B2\DSC02141_patch_3_0.jpg,B2,A2,0.5324
processed_data_cleaned\test\B2\DSC02141_patch_3_1.jpg,B2,B1,0.788
processed_data_cleaned\test\B2\DSC02141_patch_3_3.jpg,B2,A2,0.5634
processed_data_cleaned\test\B2\DSC02142_patch_0_1.jpg,B2,B1,0.9875
processed_data_cleaned\test\B2\DSC02142_patch_0_3.jpg,B2,B1,0.9338
processed_data_cleaned\test\B2\DSC02142_patch_1_1.jpg,B2,B1,0.5592
processed_data_cleaned\test\B2\DSC02142_patch_1_2.jpg,B2,B1,0.9003
processed_data_cleaned\test\B2\DSC02142_patch_2_0.jpg,B2,A1,0.8491
processed_data_cleaned\test\B2\DSC02142_patch_2_3.jpg,B2,B1,0.901
processed_data_cleaned\test\B2\DSC02142_patch_2_4.jpg,B2,B1,0.6213
processed_data_cleaned\test\B2\DSC02142_patch_3_2.jpg,B2,A1,0.5296
processed_data_cleaned\test\B2\DSC02142_patch_3_4.jpg,B2,B1,0.4209
processed_data_cleaned\test\B2\DSC02143_patch_0_3.jpg,B2,B1,0.9933
processed_data_cleaned\test\B2\DSC02143_patch_0_4.jpg,B2,B1,0.5182
processed_data_cleaned\test\B2\DSC02143_patch_1_2.jpg,B2,B1,0.996
processed_data_cleaned\test\B2\DSC02143_patch_1_3.jpg,B2,B1,0.8249
processed_data_cleaned\test\B2\DSC02143_patch_2_2.jpg,B2,B1,0.7711
processed_data_cleaned\test\B2\DSC02143_patch_2_3.jpg,B2,B1,0.9742
processed_data_cleaned\test\B2\DSC02143_patch_2_4.jpg,B2,B1,0.7542
processed_data_cleaned\test\B2\DSC02143_patch_3_4.jpg,B2,A1,0.7207
processed_data_cleaned\test\B2\DSC02144_patch_0_0.jpg,B2,A2,0.8292
processed_data_cleaned\test\B2\DSC02144_patch_0_1.jpg,B2,A2,0.5449
processed_data_cleaned\test\B2\DSC02144_patch_0_3.jpg,B2,B1,0.8373
processed_data_cleaned\test\B2\DSC02144_patch_0_4.jpg,B2,B1,0.7872
processed_data_cleaned\test\B2\DSC02144_patch_1_1.jpg,B2,A2,0.976
processed_data_cleaned\test\B2\DSC02144_patch_2_1.jpg,B2,A2,0.9398
processed_data_cleaned\test\B2\DSC02144_patch_2_2.jpg,B2,B1,0.9933
processed_data_cleaned\test\B2\DSC02144_patch_2_4.jpg,B2,B1,0.8642
processed_data_cleaned\test\B2\DSC02144_patch_3_0.jpg,B2,B1,0.9968
processed_data_cleaned\test\B2\DSC02144_patch_3_2.jpg,B2,B1,0.7853
processed_data_cleaned\test\B2\DSC02144_patch_3_3.jpg,B2,B1,0.9982
processed_data_cleaned\test\B2\DSC02144_patch_3_4.jpg,B2,B1,0.9988
processed_data_cleaned\test\B2\DSC02145_patch_0_1.jpg,B2,A1,0.315
processed_data_cleaned\test\B2\DSC02145_patch_0_3.jpg,B2,B1,0.9894
processed_data_cleaned\test\B2\DSC02145_patch_0_4.jpg,B2,B1,0.8798
processed_data_cleaned\test\B2\DSC02145_patch_1_0.jpg,B2,A2,0.9445
processed_data_cleaned\test\B2\DSC02145_patch_1_1.jpg,B2,A2,0.9193
processed_data_cleaned\test\B2\DSC02145_patch_1_2.jpg,B2,B1,0.7042
processed_data_cleaned\test\B2\DSC02145_patch_1_4.jpg,B2,B1,0.5452
processed_data_cleaned\test\B2\DSC02145_patch_2_0.jpg,B2,B1,0.9987
processed_data_cleaned\test\B2\DSC02145_patch_2_1.jpg,B2,B1,0.9935
processed_data_cleaned\test\B2\DSC02145_patch_2_2.jpg,B2,B1,0.9666
processed_data_cleaned\test\B2\DSC02145_patch_2_4.jpg,B2,B1,0.9696
processed_data_cleaned\test\B2\DSC02145_patch_3_0.jpg,B2,B1,0.9987
processed_data_cleaned\test\B2\DSC02145_patch_3_2.jpg,B2,B1,0.7879
processed_data_cleaned\test\B2\DSC02145_patch_3_3.jpg,B2,B1,0.9928
processed_data_cleaned\test\B2\DSC02146_patch_0_0.jpg,B2,B1,0.494
processed_data_cleaned\test\B2\DSC02146_patch_0_1.jpg,B2,B1,0.812
processed_data_cleaned\test\B2\DSC02146_patch_0_3.jpg,B2,B1,0.5202
processed_data_cleaned\test\B2\DSC02146_patch_1_1.jpg,B2,A2,0.7841
processed_data_cleaned\test\B2\DSC02146_patch_1_5.jpg,B2,A1,0.8347
processed_data_cleaned\test\B2\DSC02146_patch_2_0.jpg,B2,A2,0.9972
processed_data_cleaned\test\B2\DSC02146_patch_2_1.jpg,B2,B1,0.9882
processed_data_cleaned\test\B2\DSC02146_patch_2_5.jpg,B2,A2,0.7582
processed_data_cleaned\test\B2\DSC02146_patch_3_0.jpg,B2,B1,0.4566
processed_data_cleaned\test\B2\DSC02146_patch_3_1.jpg,B2,B1,0.9929
processed_data_cleaned\test\B2\DSC02146_patch_3_3.jpg,B2,B1,0.9666
processed_data_cleaned\test\B2\DSC02147_patch_0_1.jpg,B2,A2,0.5125
processed_data_cleaned\test\B2\DSC02147_patch_0_3.jpg,B2,A2,0.6285
processed_data_cleaned\test\B2\DSC02147_patch_1_1.jpg,B2,A2,0.5917
processed_data_cleaned\test\B2\DSC02147_patch_1_5.jpg,B2,A2,0.8275
processed_data_cleaned\test\B2\DSC02147_patch_2_0.jpg,B2,A2,0.9472
processed_data_cleaned\test\B2\DSC02147_patch_2_1.jpg,B2,A2,0.9259
processed_data_cleaned\test\B2\DSC02147_patch_2_3.jpg,B2,B1,0.6567
processed_data_cleaned\test\B2\DSC02147_patch_2_5.jpg,B2,A2,0.9466
processed_data_cleaned\test\B2\DSC02147_patch_3_0.jpg,B2,A2,0.5473
processed_data_cleaned\test\B2\DSC02147_patch_3_1.jpg,B2,B1,0.9971
processed_data_cleaned\test\B2\DSC02147_patch_3_2.jpg,B2,B1,0.9994
processed_data_cleaned\test\B2\DSC02147_patch_3_4.jpg,B2,A1,0.7432
processed_data_cleaned\test\B2\DSC02148_patch_0_0.jpg,B2,A2,0.8485
processed_data_cleaned\test\B2\DSC02148_patch_0_1.jpg,B2,A2,0.6388
processed_data_cleaned\test\B2\DSC02148_patch_0_3.jpg,B2,A2,0.9887
processed_data_cleaned\test\B2\DSC02148_patch_0_5.jpg,B2,A2,0.9766
processed_data_cleaned\test\B2\DSC02148_patch_1_0.jpg,B2,A2,0.7516
processed_data_cleaned\test\B2\DSC02148_patch_1_1.jpg,B2,A2,0.8106
processed_data_cleaned\test\B2\DSC02148_patch_1_3.jpg,B2,B1,0.8393
processed_data_cleaned\test\B2\DSC02148_patch_1_4.jpg,B2,A2,0.975
processed_data_cleaned\test\B2\DSC02148_patch_1_5.jpg,B2,A1,0.4663
processed_data_cleaned\test\B2\DSC02148_patch_2_0.jpg,B2,A2,0.8168
processed_data_cleaned\test\B2\DSC02148_patch_2_1.jpg,B2,B1,0.8546
processed_data_cleaned\test\B2\DSC02148_patch_2_3.jpg,B2,B1,0.616
processed_data_cleaned\test\B2\DSC02148_patch_2_4.jpg,B2,A2,0.9943
processed_data_cleaned\test\B2\DSC02148_patch_3_0.jpg,B2,A1,0.8491
processed_data_cleaned\test\B2\DSC02148_patch_3_1.jpg,B2,B1,0.8297
processed_data_cleaned\test\B2\DSC02148_patch_3_2.jpg,B2,B1,1.0
processed_data_cleaned\test\B2\DSC02148_patch_3_3.jpg,B2,B1,0.9964
processed_data_cleaned\test\B2\DSC02151_patch_1_0.jpg,B2,B1,0.9512
processed_data_cleaned\test\B2\DSC02151_patch_1_2.jpg,B2,B1,0.7009
processed_data_cleaned\test\B2\DSC02151_patch_2_0.jpg,B2,B1,0.9776
processed_data_cleaned\test\B2\DSC02151_patch_2_1.jpg,B2,B1,0.9994
processed_data_cleaned\test\B2\DSC02151_patch_2_2.jpg,B2,B1,0.7989
processed_data_cleaned\test\B2\DSC02151_patch_2_5.jpg,B2,B1,0.9997
processed_data_cleaned\test\B2\DSC02151_patch_3_0.jpg,B2,B1,0.9999
processed_data_cleaned\test\B2\DSC02151_patch_3_1.jpg,B2,B1,0.9708
processed_data_cleaned\test\B2\DSC02151_patch_3_2.jpg,B2,B1,0.9854
processed_data_cleaned\test\B2\DSC02151_patch_3_4.jpg,B2,B1,0.9089
processed_data_cleaned\test\B2\DSC02152_patch_0_2.jpg,B2,B1,0.6359
processed_data_cleaned\test\B2\DSC02152_patch_0_3.jpg,B2,B1,0.8953
processed_data_cleaned\test\B2\DSC02152_patch_0_5.jpg,B2,B1,0.8455
processed_data_cleaned\test\B2\DSC02152_patch_1_0.jpg,B2,B1,0.9616
processed_data_cleaned\test\B2\DSC02152_patch_1_1.jpg,B2,B1,0.85
processed_data_cleaned\test\B2\DSC02152_patch_1_2.jpg,B2,B1,0.7276
processed_data_cleaned\test\B2\DSC02152_patch_1_3.jpg,B2,B1,0.7937
processed_data_cleaned\test\B2\DSC02152_patch_2_0.jpg,B2,B1,0.8615
processed_data_cleaned\test\B2\DSC02152_patch_2_1.jpg,B2,B1,0.9999
processed_data_cleaned\test\B2\DSC02152_patch_2_3.jpg,B2,B1,0.9964
processed_data_cleaned\test\B2\DSC02152_patch_2_5.jpg,B2,B1,0.9977
processed_data_cleaned\test\B2\DSC02152_patch_3_0.jpg,B2,B1,0.9915
processed_data_cleaned\test\B2\DSC02152_patch_3_1.jpg,B2,B1,0.9995
processed_data_cleaned\test\B2\DSC02152_patch_3_2.jpg,B2,B1,0.9978
processed_data_cleaned\test\B2\DSC02152_patch_3_3.jpg,B2,B1,0.9772
processed_data_cleaned\test\B2\DSC02154_patch_0_3.jpg,B2,B1,0.8339
processed_data_cleaned\test\B2\DSC02154_patch_1_4.jpg,B2,A2,0.9519
processed_data_cleaned\test\B2\DSC02154_patch_2_0.jpg,B2,B1,0.7168
processed_data_cleaned\test\B2\DSC02154_patch_2_3.jpg,B2,A1,0.5881
processed_data_cleaned\test\B2\DSC02154_patch_2_4.jpg,B2,A2,0.622
processed_data_cleaned\test\B2\DSC02154_patch_3_1.jpg,B2,B1,0.7325
processed_data_cleaned\test\B2\DSC02154_patch_3_2.jpg,B2,B1,0.9998
processed_data_cleaned\test\B2\DSC02154_patch_3_3.jpg,B2,B1,0.9716
processed_data_cleaned\test\B2\DSC02155_patch_0_0.jpg,B2,B1,0.4036
processed_data_cleaned\test\B2\DSC02155_patch_1_4.jpg,B2,A2,0.7678
processed_data_cleaned\test\B2\DSC02155_patch_2_0.jpg,B2,A1,0.7242
processed_data_cleaned\test\B2\DSC02155_patch_2_4.jpg,B2,B1,0.5789
processed_data_cleaned\test\B2\DSC02155_patch_3_2.jpg,B2,B1,0.9999
processed_data_cleaned\test\B2\DSC02156_patch_2_2.jpg,B2,A1,0.9979
processed_data_cleaned\test\B2\DSC02156_patch_2_3.jpg,B2,A1,0.9996
processed_data_cleaned\test\B2\DSC02156_patch_2_5.jpg,B2,A1,0.7334
processed_data_cleaned\test\B2\DSC02157_patch_2_1.jpg,B2,A1,0.9277
processed_data_cleaned\test\B2\DSC02157_patch_2_2.jpg,B2,A1,0.9779
processed_data_cleaned\test\B2\DSC02157_patch_2_3.jpg,B2,A1,0.9973
processed_data_cleaned\test\B2\DSC02157_patch_3_3.jpg,B2,A1,1.0
processed_data_cleaned\test\B2\DSC02158_patch_0_2.jpg,B2,A1,0.9971
processed_data_cleaned\test\B2\DSC02158_patch_2_1.jpg,B2,A1,0.8415
processed_data_cleaned\test\B2\DSC02158_patch_2_2.jpg,B2,A1,0.9881
processed_data_cleaned\test\B2\DSC02158_patch_2_3.jpg,B2,A1,0.9942
processed_data_cleaned\test\B2\DSC02170_patch_0_0.jpg,B2,A1,0.5949
processed_data_cleaned\test\B2\DSC02170_patch_0_1.jpg,B2,A1,0.701
processed_data_cleaned\test\B2\DSC02170_patch_0_2.jpg,B2,B1,0.9226
processed_data_cleaned\test\B2\DSC02170_patch_2_3.jpg,B2,B1,0.9858
processed_data_cleaned\test\B2\DSC02170_patch_3_0.jpg,B2,B1,0.4534
processed_data_cleaned\test\B2\DSC02170_patch_3_2.jpg,B2,A1,0.9023
processed_data_cleaned\test\B2\DSC02171_patch_1_0.jpg,B2,A1,0.8979
processed_data_cleaned\test\B2\DSC02171_patch_1_1.jpg,B2,A1,0.9
processed_data_cleaned\test\B2\DSC02171_patch_1_2.jpg,B2,A1,0.9925
processed_data_cleaned\test\B2\DSC02171_patch_1_3.jpg,B2,A1,0.9691
processed_data_cleaned\test\B2\DSC02171_patch_1_4.jpg,B2,A1,0.9151
processed_data_cleaned\test\B2\DSC02171_patch_1_5.jpg,B2,A1,0.7578
processed_data_cleaned\test\B2\DSC02171_patch_2_0.jpg,B2,A1,0.8558
processed_data_cleaned\test\B2\DSC02171_patch_2_1.jpg,B2,A1,0.7702
processed_data_cleaned\test\B2\DSC02171_patch_2_3.jpg,B2,A2,0.6362
processed_data_cleaned\test\B2\DSC02171_patch_2_4.jpg,B2,A1,0.8004
processed_data_cleaned\test\B2\DSC02171_patch_2_5.jpg,B2,A1,0.837
processed_data_cleaned\test\B2\DSC02176_patch_0_2.jpg,B2,A1,0.9562
processed_data_cleaned\test\B2\DSC02176_patch_0_3.jpg,B2,A1,0.6656
processed_data_cleaned\test\B2\DSC02178_patch_1_0.jpg,B2,B1,0.9796
processed_data_cleaned\test\B2\DSC02178_patch_1_1.jpg,B2,B1,0.9985
processed_data_cleaned\test\B2\DSC02178_patch_1_2.jpg,B2,A1,0.9056
processed_data_cleaned\test\B2\DSC02178_patch_1_3.jpg,B2,A1,0.9904
processed_data_cleaned\test\B2\DSC02178_patch_1_4.jpg,B2,A1,0.9709
processed_data_cleaned\test\B2\DSC02178_patch_2_1.jpg,B2,B1,0.6858
processed_data_cleaned\test\B2\DSC02178_patch_2_2.jpg,B2,A1,0.9424
processed_data_cleaned\test\B2\DSC02178_patch_2_3.jpg,B2,A1,0.7627
processed_data_cleaned\test\B2\DSC02178_patch_2_4.jpg,B2,B1,0.829
processed_data_cleaned\test\B2\DSC02178_patch_3_4.jpg,B2,B1,0.5909
processed_data_cleaned\test\B2\DSC02179_patch_1_0.jpg,B2,B1,0.8945
processed_data_cleaned\test\B2\DSC02179_patch_1_1.jpg,B2,B1,0.9982
processed_data_cleaned\test\B2\DSC02179_patch_1_2.jpg,B2,A1,0.9311
processed_data_cleaned\test\B2\DSC02179_patch_1_3.jpg,B2,A1,0.8737
processed_data_cleaned\test\B2\DSC02179_patch_1_4.jpg,B2,A1,0.9758
processed_data_cleaned\test\B2\DSC02179_patch_1_5.jpg,B2,B1,0.837
processed_data_cleaned\test\B2\DSC02179_patch_2_1.jpg,B2,B1,0.7615
processed_data_cleaned\test\B2\DSC02179_patch_2_2.jpg,B2,A1,0.9958
processed_data_cleaned\test\B2\DSC02179_patch_2_3.jpg,B2,A1,0.8693
processed_data_cleaned\test\B2\DSC02180_patch_1_0.jpg,B2,B1,0.9969
processed_data_cleaned\test\B2\DSC02180_patch_1_1.jpg,B2,B1,0.9876
processed_data_cleaned\test\B2\DSC02180_patch_1_2.jpg,B2,A1,0.9496
processed_data_cleaned\test\B2\DSC02180_patch_1_3.jpg,B2,A1,0.6046
processed_data_cleaned\test\B2\DSC02180_patch_1_4.jpg,B2,A1,0.5672
processed_data_cleaned\test\B2\DSC02180_patch_2_1.jpg,B2,B1,0.8729
processed_data_cleaned\test\B2\DSC02180_patch_2_2.jpg,B2,A1,0.5698
processed_data_cleaned\test\B2\DSC02180_patch_2_3.jpg,B2,A2,0.6226
processed_data_cleaned\test\B2\DSC02180_patch_2_4.jpg,B2,B1,0.4248
processed_data_cleaned\test\B2\DSC02181_patch_0_2.jpg,B2,A1,0.605
processed_data_cleaned\test\B2\DSC02181_patch_0_3.jpg,B2,A2,0.9347
processed_data_cleaned\test\B2\DSC02181_patch_1_2.jpg,B2,B1,0.8968
processed_data_cleaned\test\B2\DSC02181_patch_1_3.jpg,B2,A2,0.7837
processed_data_cleaned\test\B2\DSC02182_patch_0_2.jpg,B2,A2,0.5227
processed_data_cleaned\test\B2\DSC02182_patch_0_3.jpg,B2,A1,0.7356
processed_data_cleaned\test\B2\DSC02182_patch_1_2.jpg,B2,A1,0.9094
processed_data_cleaned\test\B2\DSC02182_patch_1_3.jpg,B2,A1,0.9543
processed_data_cleaned\test\B2\DSC02184_patch_0_3.jpg,B2,B1,0.9185
processed_data_cleaned\test\B2\DSC02184_patch_0_4.jpg,B2,B1,0.9982
processed_data_cleaned\test\B2\DSC02184_patch_1_2.jpg,B2,B1,0.9764
processed_data_cleaned\test\B2\DSC02184_patch_1_3.jpg,B2,B1,0.9997
processed_data_cleaned\test\B2\DSC02184_patch_1_4.jpg,B2,B1,0.991
processed_data_cleaned\test\B2\DSC02184_patch_2_2.jpg,B2,A1,0.9669
processed_data_cleaned\test\B2\DSC02184_patch_2_3.jpg,B2,A1,0.9909
processed_data_cleaned\test\B2\DSC02184_patch_3_2.jpg,B2,A1,0.995
processed_data_cleaned\test\B2\DSC02184_patch_3_3.jpg,B2,A1,0.9905
processed_data_cleaned\test\B2\DSC02187_patch_0_1.jpg,B2,A1,0.7998
processed_data_cleaned\test\B2\DSC02187_patch_0_2.jpg,B2,A1,0.7052
processed_data_cleaned\test\B2\DSC02187_patch_0_3.jpg,B2,A1,0.9061
processed_data_cleaned\test\B2\DSC02187_patch_1_1.jpg,B2,A2,0.5881
processed_data_cleaned\test\B2\DSC02187_patch_1_2.jpg,B2,A1,0.5066
processed_data_cleaned\test\B2\DSC02187_patch_1_3.jpg,B2,A1,0.9623
processed_data_cleaned\test\B2\DSC02187_patch_2_1.jpg,B2,A1,0.693
processed_data_cleaned\test\B2\DSC02187_patch_2_2.jpg,B2,A2,0.9486
processed_data_cleaned\test\B2\DSC02187_patch_2_3.jpg,B2,A2,0.5973
processed_data_cleaned\test\B2\DSC02187_patch_3_1.jpg,B2,A1,0.9872
processed_data_cleaned\test\B2\DSC02187_patch_3_2.jpg,B2,A1,0.9763
processed_data_cleaned\test\B2\DSC02188_patch_0_1.jpg,B2,A1,0.6769
processed_data_cleaned\test\B2\DSC02188_patch_0_2.jpg,B2,A1,0.939
processed_data_cleaned\test\B2\DSC02188_patch_0_3.jpg,B2,A1,0.9858
processed_data_cleaned\test\B2\DSC02188_patch_1_1.jpg,B2,A2,0.5122
processed_data_cleaned\test\B2\DSC02188_patch_1_2.jpg,B2,A1,0.7372
processed_data_cleaned\test\B2\DSC02188_patch_1_3.jpg,B2,A1,0.9559
processed_data_cleaned\test\B2\DSC02188_patch_2_0.jpg,B2,A1,0.8618
processed_data_cleaned\test\B2\DSC02188_patch_2_1.jpg,B2,A1,0.9581
processed_data_cleaned\test\B2\DSC02188_patch_2_2.jpg,B2,A1,0.9589
processed_data_cleaned\test\B2\DSC02188_patch_2_3.jpg,B2,A1,0.4291
processed_data_cleaned\test\B2\DSC02188_patch_3_1.jpg,B2,A1,0.9659
processed_data_cleaned\test\B2\DSC02188_patch_3_2.jpg,B2,A1,0.8579
processed_data_cleaned\test\B2\DSC02189_patch_0_2.jpg,B2,A1,0.9425
processed_data_cleaned\test\B2\DSC02189_patch_0_3.jpg,B2,A1,0.9432
processed_data_cleaned\test\B2\DSC02189_patch_0_4.jpg,B2,A1,0.9878
processed_data_cleaned\test\B2\DSC02189_patch_1_2.jpg,B2,A2,0.6682
processed_data_cleaned\test\B2\DSC02189_patch_1_3.jpg,B2,A2,0.7308
processed_data_cleaned\test\B2\DSC02189_patch_2_3.jpg,B2,A1,0.9929
processed_data_cleaned\test\B2\DSC02189_patch_2_4.jpg,B2,A1,0.8408
processed_data_cleaned\test\B2\DSC02190_patch_0_2.jpg,B2,A1,0.986
processed_data_cleaned\test\B2\DSC02190_patch_0_3.jpg,B2,A1,0.9887
processed_data_cleaned\test\B2\DSC02190_patch_0_4.jpg,B2,A1,0.8976
processed_data_cleaned\test\B2\DSC02190_patch_1_3.jpg,B2,A2,0.922
processed_data_cleaned\test\B2\DSC02190_patch_2_2.jpg,B2,A1,0.5818
processed_data_cleaned\test\B2\DSC02190_patch_2_3.jpg,B2,A1,0.9403
processed_data_cleaned\test\B2\DSC02190_patch_2_4.jpg,B2,A1,0.6625
processed_data_cleaned\test\B2\DSC02191_patch_0_2.jpg,B2,A1,0.8239
processed_data_cleaned\test\B2\DSC02192_patch_0_2.jpg,B2,A1,0.9864
processed_data_cleaned\test\B2\DSC02193_patch_1_0.jpg,B2,B1,0.9668
processed_data_cleaned\test\B2\DSC02193_patch_1_1.jpg,B2,B1,0.8398
processed_data_cleaned\test\B2\DSC02193_patch_1_2.jpg,B2,A2,0.4708
processed_data_cleaned\test\B2\DSC02193_patch_1_3.jpg,B2,A1,0.97
processed_data_cleaned\test\B2\DSC02193_patch_1_4.jpg,B2,A2,0.9606
processed_data_cleaned\test\B2\DSC02193_patch_2_1.jpg,B2,B1,0.4491
processed_data_cleaned\test\B2\DSC02193_patch_2_2.jpg,B2,A1,0.7026
processed_data_cleaned\test\B2\DSC02193_patch_2_3.jpg,B2,A1,0.8294
processed_data_cleaned\test\B2\DSC02193_patch_2_4.jpg,B2,A1,0.8833
processed_data_cleaned\test\B2\DSC02193_patch_2_5.jpg,B2,B1,0.869
processed_data_cleaned\test\B2\DSC02193_patch_3_5.jpg,B2,B1,0.7846
processed_data_cleaned\test\B2\DSC02198_patch_0_0.jpg,B2,A2,0.7438
processed_data_cleaned\test\B2\DSC02198_patch_0_1.jpg,B2,B1,0.8992
processed_data_cleaned\test\B2\DSC02198_patch_0_2.jpg,B2,B1,0.9931
processed_data_cleaned\test\B2\DSC02198_patch_0_4.jpg,B2,B1,0.9543
processed_data_cleaned\test\B2\DSC02198_patch_1_0.jpg,B2,B1,0.6536
processed_data_cleaned\test\B2\DSC02198_patch_1_1.jpg,B2,B1,0.8399
processed_data_cleaned\test\B2\DSC02198_patch_1_2.jpg,B2,B1,0.9826
processed_data_cleaned\test\B2\DSC02198_patch_1_3.jpg,B2,B1,0.9613
processed_data_cleaned\test\B2\DSC02198_patch_1_4.jpg,B2,B1,0.9655
processed_data_cleaned\test\B2\DSC02198_patch_1_5.jpg,B2,B1,0.8756
processed_data_cleaned\test\B2\DSC02198_patch_2_0.jpg,B2,B1,0.925
processed_data_cleaned\test\B2\DSC02198_patch_2_1.jpg,B2,A1,0.6661
processed_data_cleaned\test\B2\DSC02198_patch_2_2.jpg,B2,B1,0.9527
processed_data_cleaned\test\B2\DSC02198_patch_2_3.jpg,B2,B1,0.8987
processed_data_cleaned\test\B2\DSC02198_patch_2_5.jpg,B2,B1,0.9317
processed_data_cleaned\test\B2\DSC02198_patch_3_0.jpg,B2,A1,0.8727
processed_data_cleaned\test\B2\DSC02198_patch_3_1.jpg,B2,A2,0.4695
processed_data_cleaned\test\B2\DSC02203_patch_0_0.jpg,B2,A1,0.5945
processed_data_cleaned\test\B2\DSC02203_patch_0_1.jpg,B2,A1,0.611
processed_data_cleaned\test\B2\DSC02203_patch_0_3.jpg,B2,B1,0.681
processed_data_cleaned\test\B2\DSC02203_patch_1_1.jpg,B2,A1,0.7315
processed_data_cleaned\test\B2\DSC02203_patch_1_2.jpg,B2,B1,0.8689
processed_data_cleaned\test\B2\DSC02203_patch_1_4.jpg,B2,A1,0.6945
processed_data_cleaned\test\B2\DSC02203_patch_2_1.jpg,B2,B1,0.6079
processed_data_cleaned\test\B2\DSC02203_patch_2_2.jpg,B2,A2,0.625
processed_data_cleaned\test\B2\DSC02203_patch_2_3.jpg,B2,B1,0.7212
processed_data_cleaned\test\B2\DSC02203_patch_2_4.jpg,B2,A1,0.8395
processed_data_cleaned\test\B2\DSC02203_patch_3_4.jpg,B2,A2,0.8129
processed_data_cleaned\test\B2\DSC02206_patch_0_2.jpg,B2,A1,0.8082
processed_data_cleaned\test\B2\DSC02206_patch_0_5.jpg,B2,A2,0.8124
processed_data_cleaned\test\B2\DSC02206_patch_1_0.jpg,B2,A1,0.9374
processed_data_cleaned\test\B2\DSC02206_patch_1_1.jpg,B2,A1,0.9413
processed_data_cleaned\test\B2\DSC02206_patch_1_3.jpg,B2,A2,0.5648
processed_data_cleaned\test\B2\DSC02206_patch_2_0.jpg,B2,A2,0.5879
processed_data_cleaned\test\B2\DSC02206_patch_2_1.jpg,B2,B1,0.4922
processed_data_cleaned\test\B2\DSC02206_patch_2_2.jpg,B2,B1,0.5209
processed_data_cleaned\test\B2\DSC02206_patch_2_4.jpg,B2,A2,0.3835
processed_data_cleaned\test\B2\DSC02206_patch_3_4.jpg,B2,B1,0.6316
processed_data_cleaned\test\B2\DSC02209_patch_0_2.jpg,B2,A2,0.9744
processed_data_cleaned\test\B2\DSC02209_patch_1_0.jpg,B2,B1,0.7131
processed_data_cleaned\test\B2\DSC02209_patch_1_4.jpg,B2,B1,0.4839
processed_data_cleaned\test\B2\DSC02209_patch_3_2.jpg,B2,B1,0.8536
processed_data_cleaned\test\B2\DSC02210_patch_0_2.jpg,B2,A1,0.3799
processed_data_cleaned\test\B2\DSC02210_patch_0_3.jpg,B2,A1,0.5659
processed_data_cleaned\test\B2\DSC02210_patch_0_4.jpg,B2,A2,0.8492
processed_data_cleaned\test\B2\DSC02210_patch_1_0.jpg,B2,A2,0.4734
processed_data_cleaned\test\B2\DSC02210_patch_1_3.jpg,B2,B1,0.7374
processed_data_cleaned\test\B2\DSC02210_patch_1_4.jpg,B2,A2,0.4825
processed_data_cleaned\test\B2\DSC02210_patch_3_1.jpg,B2,A1,0.5562
processed_data_cleaned\test\B2\DSC02211_patch_0_2.jpg,B2,A2,0.5091
processed_data_cleaned\test\B2\DSC02211_patch_0_4.jpg,B2,A2,0.8851
processed_data_cleaned\test\B2\DSC02211_patch_1_1.jpg,B2,A2,0.6607
processed_data_cleaned\test\B2\DSC02211_patch_1_3.jpg,B2,B1,0.9198
processed_data_cleaned\test\B2\DSC02211_patch_1_4.jpg,B2,A2,0.7742
processed_data_cleaned\test\B2\DSC02211_patch_2_0.jpg,B2,B1,0.7102
processed_data_cleaned\test\B2\DSC02211_patch_2_4.jpg,B2,A2,0.8486
processed_data_cleaned\test\B2\DSC02212_patch_0_0.jpg,B2,A1,0.9573
processed_data_cleaned\test\B2\DSC02212_patch_0_2.jpg,B2,A1,0.9661
processed_data_cleaned\test\B2\DSC02212_patch_0_3.jpg,B2,A1,0.9934
processed_data_cleaned\test\B2\DSC02212_patch_1_2.jpg,B2,A1,0.9515
processed_data_cleaned\test\B2\DSC02212_patch_2_0.jpg,B2,B1,0.7484
processed_data_cleaned\test\B2\DSC02212_patch_2_3.jpg,B2,B1,0.8906
processed_data_cleaned\test\B2\DSC02212_patch_3_5.jpg,B2,A1,0.5525
processed_data_cleaned\test\B2\DSC02213_patch_0_2.jpg,B2,A1,0.9955
processed_data_cleaned\test\B2\DSC02213_patch_0_3.jpg,B2,A1,0.9471
processed_data_cleaned\test\B2\DSC02213_patch_0_5.jpg,B2,A1,0.9291
processed_data_cleaned\test\B2\DSC02213_patch_1_0.jpg,B2,A1,0.771
processed_data_cleaned\test\B2\DSC02213_patch_2_0.jpg,B2,B1,0.7241
processed_data_cleaned\test\B2\DSC02213_patch_2_3.jpg,B2,B1,0.9695
processed_data_cleaned\test\B2\DSC02214_patch_0_0.jpg,B2,B1,0.9579
processed_data_cleaned\test\B2\DSC02214_patch_1_0.jpg,B2,A1,0.5254
processed_data_cleaned\test\B2\DSC02214_patch_1_2.jpg,B2,A1,0.9096
processed_data_cleaned\test\B2\DSC02214_patch_1_3.jpg,B2,A1,0.5028
processed_data_cleaned\test\B2\DSC02214_patch_2_0.jpg,B2,B1,0.7421
processed_data_cleaned\test\B2\DSC02214_patch_2_4.jpg,B2,A1,0.7605
processed_data_cleaned\test\B2\DSC02214_patch_3_0.jpg,B2,A2,0.4081
processed_data_cleaned\test\B2\DSC02214_patch_3_2.jpg,B2,B1,0.9554
processed_data_cleaned\test\B2\DSC02214_patch_3_4.jpg,B2,B1,0.5287
processed_data_cleaned\test\B2\DSC02214_patch_3_5.jpg,B2,A1,0.7547
processed_data_cleaned\test\B2\DSC02215_patch_0_0.jpg,B2,B1,0.9053
processed_data_cleaned\test\B2\DSC02215_patch_1_0.jpg,B2,A1,0.9869
processed_data_cleaned\test\B2\DSC02215_patch_1_2.jpg,B2,A1,0.9683
processed_data_cleaned\test\B2\DSC02215_patch_1_4.jpg,B2,A1,0.9768
processed_data_cleaned\test\B2\DSC02215_patch_1_5.jpg,B2,A1,0.9907
processed_data_cleaned\test\B2\DSC02215_patch_2_0.jpg,B2,B1,0.5126
processed_data_cleaned\test\B2\DSC02215_patch_2_2.jpg,B2,A1,0.5829
processed_data_cleaned\test\B2\DSC02215_patch_2_4.jpg,B2,B1,0.418
processed_data_cleaned\test\B2\DSC02215_patch_2_5.jpg,B2,B1,0.4519
processed_data_cleaned\test\B2\DSC02215_patch_3_2.jpg,B2,B1,0.738
processed_data_cleaned\test\B2\DSC02215_patch_3_4.jpg,B2,A2,0.7426
processed_data_cleaned\test\B2\DSC02215_patch_3_5.jpg,B2,A2,0.7927
processed_data_cleaned\test\B2\DSC02216_patch_0_0.jpg,B2,B1,0.7327
processed_data_cleaned\test\B2\DSC02216_patch_0_1.jpg,B2,A1,0.3991
processed_data_cleaned\test\B2\DSC02216_patch_1_0.jpg,B2,A1,0.9303
processed_data_cleaned\test\B2\DSC02216_patch_1_1.jpg,B2,A2,0.344
processed_data_cleaned\test\B2\DSC02216_patch_1_2.jpg,B2,A1,0.956
processed_data_cleaned\test\B2\DSC02216_patch_1_3.jpg,B2,B1,0.5719
processed_data_cleaned\test\B2\DSC02216_patch_1_5.jpg,B2,A1,0.9616
processed_data_cleaned\test\B2\DSC02216_patch_2_5.jpg,B2,B1,0.7506
processed_data_cleaned\test\B2\DSC02216_patch_3_0.jpg,B2,B1,0.8197
processed_data_cleaned\test\B2\DSC02216_patch_3_1.jpg,B2,B1,0.6769
processed_data_cleaned\test\B2\DSC02216_patch_3_2.jpg,B2,B1,0.9698
processed_data_cleaned\test\B2\DSC02216_patch_3_3.jpg,B2,B1,0.6779
processed_data_cleaned\test\B2\DSC02216_patch_3_4.jpg,B2,A1,0.4125
processed_data_cleaned\test\B2\DSC02216_patch_3_5.jpg,B2,A2,0.6653
processed_data_cleaned\test\B2\DSC02217_patch_0_0.jpg,B2,A1,0.9255
processed_data_cleaned\test\B2\DSC02217_patch_0_5.jpg,B2,A1,0.544
processed_data_cleaned\test\B2\DSC02217_patch_1_0.jpg,B2,B1,0.9937
processed_data_cleaned\test\B2\DSC02217_patch_2_0.jpg,B2,A2,0.5587
processed_data_cleaned\test\B2\DSC02217_patch_2_1.jpg,B2,A2,0.4617
processed_data_cleaned\test\B2\DSC02217_patch_2_2.jpg,B2,A1,0.7852
processed_data_cleaned\test\B2\DSC02217_patch_2_4.jpg,B2,A1,0.6602
processed_data_cleaned\test\B2\DSC02217_patch_3_0.jpg,B2,B1,0.9962
processed_data_cleaned\test\B2\DSC02217_patch_3_2.jpg,B2,B1,0.7722
processed_data_cleaned\test\B2\DSC02217_patch_3_3.jpg,B2,B1,0.6308
processed_data_cleaned\test\B2\DSC02217_patch_3_4.jpg,B2,A2,0.6012
processed_data_cleaned\test\B2\DSC02218_patch_0_0.jpg,B2,A1,0.9886
processed_data_cleaned\test\B2\DSC02218_patch_0_1.jpg,B2,A1,0.8198
processed_data_cleaned\test\B2\DSC02218_patch_1_4.jpg,B2,A2,0.5667
processed_data_cleaned\test\B2\DSC02218_patch_2_0.jpg,B2,A1,0.7392
processed_data_cleaned\test\B2\DSC02218_patch_2_1.jpg,B2,A2,0.4794
processed_data_cleaned\test\B2\DSC02218_patch_2_2.jpg,B2,A1,0.895
processed_data_cleaned\test\B2\DSC02218_patch_2_3.jpg,B2,A1,0.5476
processed_data_cleaned\test\B2\DSC02218_patch_2_4.jpg,B2,B1,0.3386
processed_data_cleaned\test\B2\DSC02218_patch_3_0.jpg,B2,B1,0.9964
processed_data_cleaned\test\B2\DSC02218_patch_3_2.jpg,B2,B1,0.7044
processed_data_cleaned\test\B2\DSC02218_patch_3_3.jpg,B2,B1,0.8789
processed_data_cleaned\test\B2\DSC02218_patch_3_5.jpg,B2,A2,0.6235
processed_data_cleaned\test\B2\DSC02220_patch_0_0.jpg,B2,A1,0.9973
processed_data_cleaned\test\B2\DSC02220_patch_0_3.jpg,B2,A1,0.5562
processed_data_cleaned\test\B2\DSC02220_patch_1_0.jpg,B2,A1,0.785
processed_data_cleaned\test\B2\DSC02220_patch_1_1.jpg,B2,B1,0.737
processed_data_cleaned\test\B2\DSC02220_patch_1_2.jpg,B2,A1,0.7664
processed_data_cleaned\test\B2\DSC02220_patch_1_4.jpg,B2,A1,0.9913
processed_data_cleaned\test\B2\DSC02220_patch_2_0.jpg,B2,A2,0.9485
processed_data_cleaned\test\B2\DSC02220_patch_2_1.jpg,B2,A1,0.6219
processed_data_cleaned\test\B2\DSC02220_patch_2_4.jpg,B2,A1,0.3377
processed_data_cleaned\test\B2\DSC02220_patch_3_0.jpg,B2,B1,0.8798
processed_data_cleaned\test\B2\DSC02220_patch_3_2.jpg,B2,B1,0.7508
processed_data_cleaned\test\B2\DSC02220_patch_3_3.jpg,B2,B1,0.8485
processed_data_cleaned\test\B2\DSC02220_patch_3_4.jpg,B2,A2,0.9052
processed_data_cleaned\test\B2\DSC02221_patch_0_3.jpg,B2,A1,0.7858
processed_data_cleaned\test\B2\DSC02221_patch_0_5.jpg,B2,B1,0.469
processed_data_cleaned\test\B2\DSC02221_patch_1_2.jpg,B2,A1,0.8539
processed_data_cleaned\test\B2\DSC02221_patch_1_5.jpg,B2,A1,0.8972
processed_data_cleaned\test\B2\DSC02221_patch_2_2.jpg,B2,A1,0.9832
processed_data_cleaned\test\B2\DSC02221_patch_2_4.jpg,B2,A1,0.9141
processed_data_cleaned\test\B2\DSC02221_patch_3_2.jpg,B2,A1,0.6849
processed_data_cleaned\test\B2\DSC02221_patch_3_5.jpg,B2,B1,0.7726
processed_data_cleaned\test\B2\DSC02222_patch_0_0.jpg,B2,A2,0.9401
processed_data_cleaned\test\B2\DSC02222_patch_0_4.jpg,B2,B1,0.968
processed_data_cleaned\test\B2\DSC02222_patch_1_0.jpg,B2,A1,0.8651
processed_data_cleaned\test\B2\DSC02222_patch_1_3.jpg,B2,A1,0.9849
processed_data_cleaned\test\B2\DSC02222_patch_1_4.jpg,B2,A1,0.5588
processed_data_cleaned\test\B2\DSC02222_patch_2_1.jpg,B2,A1,0.6645
processed_data_cleaned\test\B2\DSC02222_patch_2_4.jpg,B2,A1,0.9562
processed_data_cleaned\test\B2\DSC02222_patch_2_5.jpg,B2,A2,0.8274
processed_data_cleaned\test\B2\DSC02222_patch_3_1.jpg,B2,B1,0.8236
processed_data_cleaned\test\B2\DSC02222_patch_3_4.jpg,B2,B1,0.9412
processed_data_cleaned\test\B2\DSC02223_patch_0_1.jpg,B2,A1,0.4888
processed_data_cleaned\test\B2\DSC02223_patch_0_4.jpg,B2,A1,0.901
processed_data_cleaned\test\B2\DSC02223_patch_1_5.jpg,B2,B1,0.8141
processed_data_cleaned\test\B2\DSC02223_patch_2_3.jpg,B2,B1,0.8061
processed_data_cleaned\test\B2\DSC02223_patch_3_1.jpg,B2,B1,0.6876
processed_data_cleaned\test\B2\DSC02223_patch_3_2.jpg,B2,B1,0.5886
processed_data_cleaned\test\B2\DSC02223_patch_3_3.jpg,B2,B1,0.7448
processed_data_cleaned\test\B2\DSC02223_patch_3_5.jpg,B2,B1,0.9078
processed_data_cleaned\test\B2\DSC02224_patch_0_1.jpg,B2,A2,0.7308
processed_data_cleaned\test\B2\DSC02224_patch_0_3.jpg,B2,A2,0.497
processed_data_cleaned\test\B2\DSC02224_patch_0_4.jpg,B2,B1,0.7136
processed_data_cleaned\test\B2\DSC02224_patch_0_5.jpg,B2,B1,0.6861
processed_data_cleaned\test\B2\DSC02224_patch_2_0.jpg,B2,B1,0.5149
processed_data_cleaned\test\B2\DSC02224_patch_2_1.jpg,B2,A1,0.6425
processed_data_cleaned\test\B2\DSC02224_patch_3_0.jpg,B2,B1,0.4877
processed_data_cleaned\test\B2\DSC02224_patch_3_1.jpg,B2,B1,0.8689
processed_data_cleaned\test\B2\DSC02224_patch_3_2.jpg,B2,B1,0.9954
processed_data_cleaned\test\B2\DSC02224_patch_3_4.jpg,B2,B1,0.631
processed_data_cleaned\test\B2\DSC02228_patch_0_3.jpg,B2,B1,0.9573
processed_data_cleaned\test\B2\DSC02228_patch_0_5.jpg,B2,B1,0.9241
processed_data_cleaned\test\B2\DSC02228_patch_1_0.jpg,B2,A1,0.7519
processed_data_cleaned\test\B2\DSC02228_patch_1_1.jpg,B2,B1,0.7976
processed_data_cleaned\test\B2\DSC02228_patch_1_2.jpg,B2,B1,0.9636
processed_data_cleaned\test\B2\DSC02228_patch_1_3.jpg,B2,B1,0.9125
processed_data_cleaned\test\B2\DSC02228_patch_1_4.jpg,B2,B1,0.7852
processed_data_cleaned\test\B2\DSC02228_patch_1_5.jpg,B2,A2,0.4579
processed_data_cleaned\test\B2\DSC02228_patch_2_1.jpg,B2,B1,0.6185
processed_data_cleaned\test\B2\DSC02228_patch_2_2.jpg,B2,B1,0.8909
processed_data_cleaned\test\B2\DSC02228_patch_2_5.jpg,B2,B1,0.9166
processed_data_cleaned\test\B2\DSC02228_patch_3_0.jpg,B2,A1,0.7731
processed_data_cleaned\test\B2\DSC02228_patch_3_1.jpg,B2,A1,0.638
processed_data_cleaned\test\B2\DSC02228_patch_3_2.jpg,B2,B1,0.9759
processed_data_cleaned\test\B2\DSC02228_patch_3_3.jpg,B2,B1,0.8057
processed_data_cleaned\test\B2\DSC02228_patch_3_4.jpg,B2,B1,0.9637
processed_data_cleaned\test\B2\DSC02232_patch_0_0.jpg,B2,A2,0.6276
processed_data_cleaned\test\B2\DSC02232_patch_0_1.jpg,B2,A2,0.4723
processed_data_cleaned\test\B2\DSC02232_patch_1_0.jpg,B2,B1,0.7056
processed_data_cleaned\test\B2\DSC02232_patch_1_1.jpg,B2,A2,0.5783
processed_data_cleaned\test\B2\DSC02232_patch_1_2.jpg,B2,B1,0.9111
processed_data_cleaned\test\B2\DSC02232_patch_1_3.jpg,B2,A2,0.9676
processed_data_cleaned\test\B2\DSC02232_patch_1_4.jpg,B2,B1,0.994
processed_data_cleaned\test\B2\DSC02239_patch_0_0.jpg,B2,A1,0.7317
processed_data_cleaned\test\B2\DSC02239_patch_0_3.jpg,B2,A1,0.8618
processed_data_cleaned\test\B2\DSC02239_patch_1_0.jpg,B2,B1,0.9554
processed_data_cleaned\test\B2\DSC02239_patch_1_1.jpg,B2,B1,0.9946
processed_data_cleaned\test\B2\DSC02239_patch_1_2.jpg,B2,B1,0.9793
processed_data_cleaned\test\B2\DSC02239_patch_2_1.jpg,B2,B1,0.9942
processed_data_cleaned\test\B2\DSC02239_patch_2_5.jpg,B2,B1,0.6988
processed_data_cleaned\test\B2\DSC02239_patch_3_2.jpg,B2,B1,0.77
processed_data_cleaned\test\B2\DSC02240_patch_0_0.jpg,B2,A2,0.8263
processed_data_cleaned\test\B2\DSC02240_patch_1_0.jpg,B2,B1,0.5647
processed_data_cleaned\test\B2\DSC02240_patch_1_1.jpg,B2,B1,0.9965
processed_data_cleaned\test\B2\DSC02240_patch_2_1.jpg,B2,B1,0.9955
processed_data_cleaned\test\B2\DSC02240_patch_2_5.jpg,B2,B1,0.9828
processed_data_cleaned\test\B2\DSC02240_patch_3_2.jpg,B2,B1,0.612
processed_data_cleaned\test\B2\DSC02241_patch_0_0.jpg,B2,A2,0.9157
processed_data_cleaned\test\B2\DSC02241_patch_1_1.jpg,B2,B1,0.9768
processed_data_cleaned\test\B2\DSC02241_patch_1_2.jpg,B2,B1,0.9304
processed_data_cleaned\test\B2\DSC02241_patch_2_5.jpg,B2,B1,0.9863
processed_data_cleaned\test\B2\DSC02241_patch_3_0.jpg,B2,B1,0.4842
processed_data_cleaned\test\B2\DSC02241_patch_3_2.jpg,B2,A1,0.5392
processed_data_cleaned\test\B2\DSC02242_patch_0_0.jpg,B2,A2,0.9149
processed_data_cleaned\test\B2\DSC02242_patch_0_1.jpg,B2,A1,0.9967
processed_data_cleaned\test\B2\DSC02242_patch_1_1.jpg,B2,B1,0.7487
processed_data_cleaned\test\B2\DSC02242_patch_1_2.jpg,B2,B1,0.9873
processed_data_cleaned\test\B2\DSC02242_patch_3_0.jpg,B2,B1,0.677
processed_data_cleaned\test\B2\DSC02242_patch_3_2.jpg,B2,A1,0.9977
processed_data_cleaned\test\B2\DSC02243_patch_1_2.jpg,B2,B1,0.93
processed_data_cleaned\test\B2\DSC02243_patch_2_1.jpg,B2,B1,0.9904
processed_data_cleaned\test\B2\DSC02243_patch_2_2.jpg,B2,B1,0.9946
processed_data_cleaned\test\B2\DSC02243_patch_3_0.jpg,B2,B1,0.9744
processed_data_cleaned\test\B2\DSC02244_patch_0_0.jpg,B2,B1,0.5623
processed_data_cleaned\test\B2\DSC02244_patch_1_1.jpg,B2,B1,0.4752
processed_data_cleaned\test\B2\DSC02244_patch_2_1.jpg,B2,B1,0.9831
processed_data_cleaned\test\B2\DSC02244_patch_3_0.jpg,B2,B1,0.6869
processed_data_cleaned\test\B2\DSC02245_patch_0_1.jpg,B2,A1,0.8304
processed_data_cleaned\test\B2\DSC02245_patch_0_2.jpg,B2,B1,0.6437
processed_data_cleaned\test\B2\DSC02245_patch_1_2.jpg,B2,B1,0.5148
processed_data_cleaned\test\B2\DSC02245_patch_1_3.jpg,B2,A2,0.9529
processed_data_cleaned\test\B2\DSC02245_patch_2_2.jpg,B2,A1,0.9679
processed_data_cleaned\test\B2\DSC02245_patch_2_3.jpg,B2,B1,0.5963
processed_data_cleaned\test\B2\DSC02245_patch_3_2.jpg,B2,A2,0.5561
processed_data_cleaned\test\B2\DSC02245_patch_3_3.jpg,B2,B1,0.4512
processed_data_cleaned\test\B2\DSC02245_patch_3_4.jpg,B2,A1,0.4043
processed_data_cleaned\test\B2\DSC02245_patch_3_5.jpg,B2,A1,0.9601
processed_data_cleaned\test\B2\DSC02246_patch_0_0.jpg,B2,A2,0.9783
processed_data_cleaned\test\B2\DSC02246_patch_0_1.jpg,B2,A2,0.7457
processed_data_cleaned\test\B2\DSC02246_patch_0_2.jpg,B2,B1,0.8909
processed_data_cleaned\test\B2\DSC02246_patch_1_2.jpg,B2,A1,0.9884
processed_data_cleaned\test\B2\DSC02246_patch_1_3.jpg,B2,A1,0.6174
processed_data_cleaned\test\B2\DSC02246_patch_2_2.jpg,B2,A1,0.9415
processed_data_cleaned\test\B2\DSC02246_patch_2_3.jpg,B2,A2,0.5448
processed_data_cleaned\test\B2\DSC02246_patch_3_1.jpg,B2,A1,0.9993
processed_data_cleaned\test\B2\DSC02246_patch_3_4.jpg,B2,A2,0.6941
processed_data_cleaned\test\B2\DSC02247_patch_0_1.jpg,B2,A1,0.512
processed_data_cleaned\test\B2\DSC02247_patch_1_0.jpg,B2,A2,0.6831
processed_data_cleaned\test\B2\DSC02247_patch_1_2.jpg,B2,A2,0.3475
processed_data_cleaned\test\B2\DSC02247_patch_1_3.jpg,B2,A2,0.7914
processed_data_cleaned\test\B2\DSC02247_patch_1_4.jpg,B2,A1,0.9702
processed_data_cleaned\test\B2\DSC02247_patch_1_5.jpg,B2,A2,0.8093
processed_data_cleaned\test\B2\DSC02247_patch_2_0.jpg,B2,A2,0.6772
processed_data_cleaned\test\B2\DSC02247_patch_2_2.jpg,B2,B1,0.8904
processed_data_cleaned\test\B2\DSC02247_patch_2_4.jpg,B2,A1,0.9922
processed_data_cleaned\test\B2\DSC02247_patch_2_5.jpg,B2,A2,0.848
processed_data_cleaned\test\B2\DSC02247_patch_3_1.jpg,B2,A1,0.4536
processed_data_cleaned\test\B2\DSC02248_patch_0_1.jpg,B2,A1,0.6955
processed_data_cleaned\test\B2\DSC02248_patch_1_0.jpg,B2,A2,0.4683
processed_data_cleaned\test\B2\DSC02248_patch_1_1.jpg,B2,A2,0.8406
processed_data_cleaned\test\B2\DSC02248_patch_1_3.jpg,B2,A2,0.8207
processed_data_cleaned\test\B2\DSC02248_patch_1_4.jpg,B2,A1,0.9802
processed_data_cleaned\test\B2\DSC02248_patch_1_5.jpg,B2,A1,0.8467
processed_data_cleaned\test\B2\DSC02248_patch_2_0.jpg,B2,A2,0.3594
processed_data_cleaned\test\B2\DSC02248_patch_2_4.jpg,B2,A1,0.9917
processed_data_cleaned\test\B2\DSC02248_patch_2_5.jpg,B2,A2,0.7308
processed_data_cleaned\test\B2\DSC02248_patch_3_0.jpg,B2,A2,0.9958
processed_data_cleaned\test\B2\DSC02249_patch_0_1.jpg,B2,A1,0.5698
processed_data_cleaned\test\B2\DSC02249_patch_0_3.jpg,B2,B1,0.8736
processed_data_cleaned\test\B2\DSC02249_patch_1_0.jpg,B2,A1,0.6218
processed_data_cleaned\test\B2\DSC02249_patch_1_3.jpg,B2,A2,0.6926
processed_data_cleaned\test\B2\DSC02249_patch_1_4.jpg,B2,A1,0.972
processed_data_cleaned\test\B2\DSC02249_patch_1_5.jpg,B2,A1,0.8945
processed_data_cleaned\test\B2\DSC02249_patch_2_0.jpg,B2,A2,0.788
processed_data_cleaned\test\B2\DSC02249_patch_2_1.jpg,B2,B1,0.7642
processed_data_cleaned\test\B2\DSC02249_patch_2_2.jpg,B2,B1,0.9814
processed_data_cleaned\test\B2\DSC02249_patch_2_4.jpg,B2,A1,0.9731
processed_data_cleaned\test\B2\DSC02249_patch_2_5.jpg,B2,A2,0.508
processed_data_cleaned\test\B2\DSC02249_patch_3_1.jpg,B2,A1,0.4511
processed_data_cleaned\test\B2\DSC02250_patch_0_3.jpg,B2,B1,0.9941
processed_data_cleaned\test\B2\DSC02250_patch_0_5.jpg,B2,B1,0.8658
processed_data_cleaned\test\B2\DSC02250_patch_1_5.jpg,B2,B1,0.9383
processed_data_cleaned\test\B2\DSC02250_patch_3_0.jpg,B2,B1,0.8165
processed_data_cleaned\test\B2\DSC02250_patch_3_5.jpg,B2,B1,1.0
processed_data_cleaned\test\B2\DSC02251_patch_0_3.jpg,B2,B1,0.9925
processed_data_cleaned\test\B2\DSC02251_patch_0_5.jpg,B2,B1,0.9204
processed_data_cleaned\test\B2\DSC02251_patch_3_0.jpg,B2,B1,0.8826
processed_data_cleaned\test\B2\DSC02251_patch_3_2.jpg,B2,B1,0.9983
processed_data_cleaned\test\B2\DSC02253_patch_1_4.jpg,B2,B1,0.9903
processed_data_cleaned\test\B2\DSC02253_patch_1_5.jpg,B2,B1,0.9868
processed_data_cleaned\test\B2\DSC02253_patch_3_2.jpg,B2,A1,0.9988
processed_data_cleaned\test\B2\DSC02253_patch_3_3.jpg,B2,A1,0.4985
processed_data_cleaned\test\B2\DSC02253_patch_3_4.jpg,B2,A1,0.9631
processed_data_cleaned\test\B2\DSC02254_patch_1_1.jpg,B2,B1,0.9406
processed_data_cleaned\test\B2\DSC02254_patch_1_3.jpg,B2,B1,0.9956
processed_data_cleaned\test\B2\DSC02254_patch_1_5.jpg,B2,B1,0.9973
processed_data_cleaned\test\B2\DSC02254_patch_2_0.jpg,B2,A1,0.8622
processed_data_cleaned\test\B2\DSC02254_patch_2_5.jpg,B2,A1,0.4395
processed_data_cleaned\test\B2\DSC02256_patch_1_1.jpg,B2,A1,0.9574
processed_data_cleaned\test\B2\DSC02256_patch_1_3.jpg,B2,B1,0.9952
processed_data_cleaned\test\B2\DSC02256_patch_1_4.jpg,B2,B1,0.9999
processed_data_cleaned\test\B2\DSC02256_patch_2_0.jpg,B2,A2,0.6644
processed_data_cleaned\test\B2\DSC02256_patch_2_1.jpg,B2,A1,0.9985
processed_data_cleaned\test\B2\DSC02256_patch_2_3.jpg,B2,A1,0.9077
processed_data_cleaned\test\B2\DSC02256_patch_2_4.jpg,B2,B1,0.9245
processed_data_cleaned\test\B2\DSC02256_patch_3_1.jpg,B2,A1,0.9725
processed_data_cleaned\test\B2\DSC02256_patch_3_2.jpg,B2,A1,0.9196
processed_data_cleaned\test\B2\DSC02257_patch_1_1.jpg,B2,B1,0.5101
processed_data_cleaned\test\B2\DSC02257_patch_1_3.jpg,B2,B1,0.9988
processed_data_cleaned\test\B2\DSC02257_patch_2_0.jpg,B2,B1,0.5335
processed_data_cleaned\test\B2\DSC02257_patch_2_3.jpg,B2,A1,0.7091
processed_data_cleaned\test\B2\DSC02257_patch_2_4.jpg,B2,B1,0.9285
processed_data_cleaned\test\B2\DSC02257_patch_3_1.jpg,B2,A1,0.7793
processed_data_cleaned\test\B2\DSC02257_patch_3_2.jpg,B2,A1,0.6644
processed_data_cleaned\test\B2\DSC02257_patch_3_4.jpg,B2,A1,0.97
processed_data_cleaned\test\B2\DSC02258_patch_1_1.jpg,B2,A1,0.9582
processed_data_cleaned\test\B2\DSC02258_patch_1_3.jpg,B2,B1,0.9997
processed_data_cleaned\test\B2\DSC02258_patch_1_4.jpg,B2,B1,0.9999
processed_data_cleaned\test\B2\DSC02258_patch_2_0.jpg,B2,A2,0.4454
processed_data_cleaned\test\B2\DSC02258_patch_2_1.jpg,B2,A1,0.999
processed_data_cleaned\test\B2\DSC02258_patch_3_1.jpg,B2,A1,0.657
processed_data_cleaned\test\B2\DSC02258_patch_3_4.jpg,B2,A1,0.9816
processed_data_cleaned\test\B2\DSC02260_patch_0_1.jpg,B2,B1,0.611
processed_data_cleaned\test\B2\DSC02260_patch_0_3.jpg,B2,A1,0.9726
processed_data_cleaned\test\B2\DSC02260_patch_0_4.jpg,B2,A1,0.9989
processed_data_cleaned\test\B2\DSC02260_patch_1_1.jpg,B2,A1,0.5745
processed_data_cleaned\test\B2\DSC02260_patch_1_2.jpg,B2,B1,0.6385
processed_data_cleaned\test\B2\DSC02260_patch_1_3.jpg,B2,B1,0.4676
processed_data_cleaned\test\B2\DSC02260_patch_2_0.jpg,B2,A1,0.9972
processed_data_cleaned\test\B2\DSC02260_patch_2_1.jpg,B2,A1,0.9727
processed_data_cleaned\test\B2\DSC02260_patch_2_3.jpg,B2,A1,0.8273
processed_data_cleaned\test\B2\DSC02260_patch_2_5.jpg,B2,A1,0.9287
processed_data_cleaned\test\B2\DSC02260_patch_3_0.jpg,B2,A1,0.9544
processed_data_cleaned\test\B2\DSC02260_patch_3_1.jpg,B2,A1,0.612
processed_data_cleaned\test\B2\DSC02262_patch_1_4.jpg,B2,B1,0.9639
processed_data_cleaned\test\B2\DSC02262_patch_1_5.jpg,B2,A1,0.6659
processed_data_cleaned\test\B2\DSC02262_patch_2_4.jpg,B2,A1,0.509
processed_data_cleaned\test\B2\DSC02262_patch_2_5.jpg,B2,A1,0.8783
processed_data_cleaned\test\B2\DSC02262_patch_3_5.jpg,B2,A1,0.9739
processed_data_cleaned\test\B2\DSC02263_patch_1_5.jpg,B2,A1,0.9725
processed_data_cleaned\test\B2\DSC02263_patch_2_5.jpg,B2,A1,0.7261
processed_data_cleaned\test\B2\DSC02263_patch_3_2.jpg,B2,B1,0.9444
processed_data_cleaned\test\B2\DSC02263_patch_3_5.jpg,B2,A1,0.9873
processed_data_cleaned\test\B2\DSC02264_patch_0_2.jpg,B2,B1,0.9794
processed_data_cleaned\test\B2\DSC02264_patch_1_3.jpg,B2,B1,0.9987
processed_data_cleaned\test\B2\DSC02264_patch_2_3.jpg,B2,A1,0.9876
processed_data_cleaned\test\B2\DSC02264_patch_3_3.jpg,B2,A1,0.9796
processed_data_cleaned\test\B2\DSC02264_patch_3_4.jpg,B2,A1,0.9321
processed_data_cleaned\test\B2\DSC02267_patch_0_3.jpg,B2,A1,0.8507
processed_data_cleaned\test\B2\DSC02267_patch_1_2.jpg,B2,A1,0.6056
processed_data_cleaned\test\B2\DSC02267_patch_1_4.jpg,B2,B1,0.9651
processed_data_cleaned\test\B2\DSC02267_patch_2_2.jpg,B2,B1,0.7481
processed_data_cleaned\test\B2\DSC02267_patch_2_3.jpg,B2,B1,0.934
processed_data_cleaned\test\B2\DSC02267_patch_3_1.jpg,B2,A1,0.5135
processed_data_cleaned\test\B2\DSC02267_patch_3_2.jpg,B2,B1,0.9572
processed_data_cleaned\test\B2\DSC02267_patch_3_3.jpg,B2,B1,0.995
processed_data_cleaned\test\B2\DSC02268_patch_0_3.jpg,B2,A1,0.9992
processed_data_cleaned\test\B2\DSC02268_patch_1_0.jpg,B2,A1,0.5804
processed_data_cleaned\test\B2\DSC02268_patch_1_1.jpg,B2,A2,0.5778
processed_data_cleaned\test\B2\DSC02268_patch_1_2.jpg,B2,A1,0.7178
processed_data_cleaned\test\B2\DSC02268_patch_1_3.jpg,B2,A1,0.7922
processed_data_cleaned\test\B2\DSC02268_patch_2_2.jpg,B2,B1,0.9499
processed_data_cleaned\test\B2\DSC02268_patch_2_3.jpg,B2,B1,0.9985
processed_data_cleaned\test\B2\DSC02268_patch_3_1.jpg,B2,B1,0.9334
processed_data_cleaned\test\B2\DSC02268_patch_3_2.jpg,B2,B1,0.949
processed_data_cleaned\test\B2\DSC02269_patch_0_1.jpg,B2,A1,0.7077
processed_data_cleaned\test\B2\DSC02269_patch_0_3.jpg,B2,A1,0.8188
processed_data_cleaned\test\B2\DSC02269_patch_1_0.jpg,B2,A1,0.977
processed_data_cleaned\test\B2\DSC02269_patch_1_2.jpg,B2,A1,0.9643
processed_data_cleaned\test\B2\DSC02269_patch_1_3.jpg,B2,A1,0.7361
processed_data_cleaned\test\B2\DSC02269_patch_2_2.jpg,B2,B1,0.7142
processed_data_cleaned\test\B2\DSC02269_patch_2_3.jpg,B2,B1,0.9967
processed_data_cleaned\test\B2\DSC02269_patch_3_1.jpg,B2,B1,0.493
processed_data_cleaned\test\B2\DSC02269_patch_3_2.jpg,B2,A1,0.6908
processed_data_cleaned\test\B2\DSC02269_patch_3_3.jpg,B2,A1,0.8286
processed_data_cleaned\test\B2\DSC02270_patch_0_3.jpg,B2,A1,0.8486
processed_data_cleaned\test\B2\DSC02270_patch_0_4.jpg,B2,A1,0.9665
processed_data_cleaned\test\B2\DSC02270_patch_1_0.jpg,B2,A1,0.8862
processed_data_cleaned\test\B2\DSC02270_patch_1_3.jpg,B2,A1,0.7939
processed_data_cleaned\test\B2\DSC02270_patch_2_1.jpg,B2,B1,0.8835
processed_data_cleaned\test\B2\DSC02270_patch_2_2.jpg,B2,B1,0.9985
processed_data_cleaned\test\B2\DSC02270_patch_2_3.jpg,B2,B1,0.9984
processed_data_cleaned\test\B2\DSC02270_patch_3_0.jpg,B2,A1,0.5057
processed_data_cleaned\test\B2\DSC02270_patch_3_1.jpg,B2,B1,0.8312
processed_data_cleaned\test\B2\DSC02270_patch_3_2.jpg,B2,B1,0.7869
processed_data_cleaned\test\B2\DSC02271_patch_0_3.jpg,B2,A1,0.9971
processed_data_cleaned\test\B2\DSC02271_patch_1_0.jpg,B2,A2,0.3609
processed_data_cleaned\test\B2\DSC02271_patch_1_2.jpg,B2,A1,0.7761
processed_data_cleaned\test\B2\DSC02271_patch_1_3.jpg,B2,A1,0.7024
processed_data_cleaned\test\B2\DSC02271_patch_2_2.jpg,B2,B1,0.9924
processed_data_cleaned\test\B2\DSC02271_patch_2_3.jpg,B2,B1,0.9995
processed_data_cleaned\test\B2\DSC02271_patch_3_0.jpg,B2,A1,0.5991
processed_data_cleaned\test\B2\DSC02271_patch_3_1.jpg,B2,B1,0.9889
processed_data_cleaned\test\B2\DSC02272_patch_0_0.jpg,B2,B1,0.4776
processed_data_cleaned\test\B2\DSC02272_patch_0_2.jpg,B2,A1,0.9838
processed_data_cleaned\test\B2\DSC02272_patch_0_3.jpg,B2,A2,0.7234
processed_data_cleaned\test\B2\DSC02272_patch_0_4.jpg,B2,A1,0.6522
processed_data_cleaned\test\B2\DSC02272_patch_1_0.jpg,B2,A2,0.7115
processed_data_cleaned\test\B2\DSC02272_patch_1_3.jpg,B2,A1,0.7817
processed_data_cleaned\test\B2\DSC02272_patch_1_4.jpg,B2,A1,0.7789
processed_data_cleaned\test\B2\DSC02272_patch_3_0.jpg,B2,A1,0.558
processed_data_cleaned\test\B2\DSC02272_patch_3_2.jpg,B2,B1,0.9955
processed_data_cleaned\test\B2\DSC02272_patch_3_3.jpg,B2,B1,0.7458
processed_data_cleaned\test\B2\DSC02273_patch_0_1.jpg,B2,A1,0.9673
processed_data_cleaned\test\B2\DSC02273_patch_0_2.jpg,B2,A1,0.9759
processed_data_cleaned\test\B2\DSC02273_patch_0_3.jpg,B2,B1,0.9909
processed_data_cleaned\test\B2\DSC02273_patch_0_4.jpg,B2,A1,0.8243
processed_data_cleaned\test\B2\DSC02273_patch_1_3.jpg,B2,A1,0.8505
processed_data_cleaned\test\B2\DSC02273_patch_1_4.jpg,B2,A1,0.7679
processed_data_cleaned\test\B2\DSC02273_patch_2_1.jpg,B2,B1,0.9606
processed_data_cleaned\test\B2\DSC02273_patch_2_2.jpg,B2,B1,0.83
processed_data_cleaned\test\B2\DSC02273_patch_3_0.jpg,B2,B1,0.7581
processed_data_cleaned\test\B2\DSC02273_patch_3_1.jpg,B2,B1,0.9981
processed_data_cleaned\test\B2\DSC02273_patch_3_3.jpg,B2,B1,0.998
processed_data_cleaned\test\B2\DSC02274_patch_0_1.jpg,B2,A1,0.9593
processed_data_cleaned\test\B2\DSC02274_patch_0_3.jpg,B2,B1,0.9956
processed_data_cleaned\test\B2\DSC02274_patch_0_4.jpg,B2,A1,0.9152
processed_data_cleaned\test\B2\DSC02274_patch_0_5.jpg,B2,A1,0.5919
processed_data_cleaned\test\B2\DSC02274_patch_1_3.jpg,B2,A1,0.8246
processed_data_cleaned\test\B2\DSC02274_patch_2_1.jpg,B2,B1,0.7601
processed_data_cleaned\test\B2\DSC02274_patch_2_2.jpg,B2,B1,0.8962
processed_data_cleaned\test\B2\DSC02274_patch_3_0.jpg,B2,B1,0.6437
processed_data_cleaned\test\B2\DSC02274_patch_3_1.jpg,B2,B1,0.9973
processed_data_cleaned\test\B2\DSC02274_patch_3_3.jpg,B2,B1,0.9976
processed_data_cleaned\test\B2\DSC02275_patch_0_2.jpg,B2,B1,0.9949
processed_data_cleaned\test\B2\DSC02275_patch_0_3.jpg,B2,A1,0.7056
processed_data_cleaned\test\B2\DSC02275_patch_2_1.jpg,B2,B1,0.5942
processed_data_cleaned\test\B2\DSC02275_patch_2_2.jpg,B2,B1,0.9872
processed_data_cleaned\test\B2\DSC02275_patch_2_3.jpg,B2,B1,0.5068
processed_data_cleaned\test\B2\DSC02275_patch_3_2.jpg,B2,A1,0.7511
processed_data_cleaned\test\B2\DSC02275_patch_3_3.jpg,B2,A1,0.4548
processed_data_cleaned\test\B2\DSC02276_patch_0_3.jpg,B2,B1,0.9843
processed_data_cleaned\test\B2\DSC02276_patch_2_1.jpg,B2,B1,0.5464
processed_data_cleaned\test\B2\DSC02276_patch_2_2.jpg,B2,B1,0.797
processed_data_cleaned\test\B2\DSC02276_patch_3_1.jpg,B2,A1,0.7683
processed_data_cleaned\test\B2\DSC02277_patch_0_3.jpg,B2,A1,0.9471
processed_data_cleaned\test\B2\DSC02277_patch_1_2.jpg,B2,B1,0.7724
processed_data_cleaned\test\B2\DSC02277_patch_1_3.jpg,B2,B1,0.6153
processed_data_cleaned\test\B2\DSC02277_patch_2_2.jpg,B2,A1,0.8425
processed_data_cleaned\test\B2\DSC02277_patch_3_1.jpg,B2,B1,0.7756
processed_data_cleaned\test\B2\DSC02277_patch_3_2.jpg,B2,A1,0.9551
processed_data_cleaned\test\B2\DSC02279_patch_0_3.jpg,B2,A1,0.9835
processed_data_cleaned\test\B2\DSC02279_patch_1_2.jpg,B2,B1,0.7572
processed_data_cleaned\test\B2\DSC02279_patch_1_3.jpg,B2,B1,0.9758
processed_data_cleaned\test\B2\DSC02279_patch_2_2.jpg,B2,B1,0.8574
processed_data_cleaned\test\B2\DSC02279_patch_3_1.jpg,B2,B1,0.6521
processed_data_cleaned\test\B2\DSC02280_patch_0_1.jpg,B2,B1,0.9951
processed_data_cleaned\test\B2\DSC02280_patch_0_2.jpg,B2,B1,0.979
processed_data_cleaned\test\B2\DSC02280_patch_0_3.jpg,B2,A1,0.8035
processed_data_cleaned\test\B2\DSC02280_patch_0_4.jpg,B2,B1,0.9217
processed_data_cleaned\test\B2\DSC02280_patch_1_1.jpg,B2,B1,0.4981
processed_data_cleaned\test\B2\DSC02280_patch_1_2.jpg,B2,A1,0.8674
processed_data_cleaned\test\B2\DSC02280_patch_1_3.jpg,B2,B1,0.9108
processed_data_cleaned\test\B2\DSC02280_patch_2_2.jpg,B2,A1,0.9656
processed_data_cleaned\test\B2\DSC02280_patch_3_1.jpg,B2,B1,0.8569
processed_data_cleaned\test\B2\DSC02280_patch_3_2.jpg,B2,A1,0.9978
processed_data_cleaned\test\B2\DSC02283_patch_0_1.jpg,B2,A1,0.5356
processed_data_cleaned\test\B2\DSC02283_patch_0_3.jpg,B2,A2,0.793
processed_data_cleaned\test\B2\DSC02283_patch_0_4.jpg,B2,B1,0.9906
processed_data_cleaned\test\B2\DSC02283_patch_0_5.jpg,B2,B1,0.9997
processed_data_cleaned\test\B2\DSC02283_patch_1_4.jpg,B2,B1,0.6658
processed_data_cleaned\test\B2\DSC02283_patch_1_5.jpg,B2,B1,0.9997
processed_data_cleaned\test\B2\DSC02283_patch_2_3.jpg,B2,A2,0.9065
processed_data_cleaned\test\B2\DSC02283_patch_2_4.jpg,B2,B1,0.9976
processed_data_cleaned\test\B2\DSC02283_patch_2_5.jpg,B2,B1,0.9953
processed_data_cleaned\test\B2\DSC02283_patch_3_2.jpg,B2,A2,0.9771
processed_data_cleaned\test\B2\DSC02283_patch_3_3.jpg,B2,A2,0.9256
processed_data_cleaned\test\B2\DSC02283_patch_3_5.jpg,B2,B1,0.9032
processed_data_cleaned\test\B2\DSC02284_patch_0_2.jpg,B2,B1,0.9745
processed_data_cleaned\test\B2\DSC02284_patch_0_4.jpg,B2,B1,0.9956
processed_data_cleaned\test\B2\DSC02284_patch_1_5.jpg,B2,B1,0.8099
processed_data_cleaned\test\B2\DSC02284_patch_2_4.jpg,B2,A1,0.9537
processed_data_cleaned\test\B2\DSC02284_patch_2_5.jpg,B2,B1,0.6629
processed_data_cleaned\test\B2\DSC02284_patch_3_3.jpg,B2,A2,0.9982
processed_data_cleaned\test\B2\DSC02285_patch_0_0.jpg,B2,A1,0.6465
processed_data_cleaned\test\B2\DSC02285_patch_0_1.jpg,B2,B1,0.6537
processed_data_cleaned\test\B2\DSC02285_patch_0_3.jpg,B2,B1,0.9913
processed_data_cleaned\test\B2\DSC02285_patch_0_4.jpg,B2,B1,0.957
processed_data_cleaned\test\B2\DSC02285_patch_1_1.jpg,B2,A2,0.4611
processed_data_cleaned\test\B2\DSC02285_patch_1_2.jpg,B2,B1,0.9878
processed_data_cleaned\test\B2\DSC02285_patch_1_3.jpg,B2,B1,0.9986
processed_data_cleaned\test\B2\DSC02285_patch_1_4.jpg,B2,B1,0.997
processed_data_cleaned\test\B2\DSC02285_patch_1_5.jpg,B2,B1,0.6518
processed_data_cleaned\test\B2\DSC02285_patch_2_0.jpg,B2,B1,0.738
processed_data_cleaned\test\B2\DSC02285_patch_3_0.jpg,B2,A1,0.46
processed_data_cleaned\test\B2\DSC02286_patch_0_0.jpg,B2,A1,0.8756
processed_data_cleaned\test\B2\DSC02286_patch_0_1.jpg,B2,B1,0.9647
processed_data_cleaned\test\B2\DSC02286_patch_0_2.jpg,B2,B1,0.997
processed_data_cleaned\test\B2\DSC02286_patch_0_3.jpg,B2,B1,0.8023
processed_data_cleaned\test\B2\DSC02286_patch_1_0.jpg,B2,B1,0.8876
processed_data_cleaned\test\B2\DSC02286_patch_1_1.jpg,B2,B1,0.9951
processed_data_cleaned\test\B2\DSC02286_patch_1_3.jpg,B2,B1,0.9997
processed_data_cleaned\test\B2\DSC02286_patch_1_4.jpg,B2,B1,0.9941
processed_data_cleaned\test\B2\DSC02286_patch_1_5.jpg,B2,B1,0.839
processed_data_cleaned\test\B2\DSC02286_patch_2_0.jpg,B2,B1,0.6472
processed_data_cleaned\test\B2\DSC02286_patch_2_1.jpg,B2,B1,0.7995
processed_data_cleaned\test\B2\DSC02286_patch_2_3.jpg,B2,B1,0.997
processed_data_cleaned\test\B2\DSC02286_patch_3_0.jpg,B2,A1,0.4508
processed_data_cleaned\test\B2\DSC02287_patch_0_0.jpg,B2,A1,0.9465
processed_data_cleaned\test\B2\DSC02287_patch_0_1.jpg,B2,B1,0.9955
processed_data_cleaned\test\B2\DSC02287_patch_0_2.jpg,B2,B1,0.9849
processed_data_cleaned\test\B2\DSC02287_patch_0_3.jpg,B2,B1,0.7731
processed_data_cleaned\test\B2\DSC02287_patch_0_4.jpg,B2,B1,0.6577
processed_data_cleaned\test\B2\DSC02287_patch_0_5.jpg,B2,A2,1.0
processed_data_cleaned\test\B2\DSC02287_patch_1_0.jpg,B2,B1,0.6505
processed_data_cleaned\test\B2\DSC02287_patch_1_1.jpg,B2,B1,0.7131
processed_data_cleaned\test\B2\DSC02287_patch_1_4.jpg,B2,B1,0.76
processed_data_cleaned\test\B2\DSC02287_patch_2_0.jpg,B2,B1,0.9786
processed_data_cleaned\test\B2\DSC02287_patch_2_1.jpg,B2,A1,0.6339
processed_data_cleaned\test\B2\DSC02287_patch_2_2.jpg,B2,B1,0.9976
processed_data_cleaned\test\B2\DSC02287_patch_2_5.jpg,B2,B1,0.7342
processed_data_cleaned\test\B2\DSC02287_patch_3_0.jpg,B2,A1,0.4827
processed_data_cleaned\test\B2\DSC02290_patch_0_1.jpg,B2,B1,0.9346
processed_data_cleaned\test\B2\DSC02290_patch_0_5.jpg,B2,A2,0.9934
processed_data_cleaned\test\B2\DSC02290_patch_1_3.jpg,B2,B1,0.8919
processed_data_cleaned\test\B2\DSC02290_patch_1_4.jpg,B2,B1,0.9697
processed_data_cleaned\test\B2\DSC02290_patch_1_5.jpg,B2,B1,0.9757
processed_data_cleaned\test\B2\DSC02290_patch_2_1.jpg,B2,B1,0.8769
processed_data_cleaned\test\B2\DSC02290_patch_2_2.jpg,B2,B1,0.9427
processed_data_cleaned\test\B2\DSC02290_patch_2_3.jpg,B2,B1,0.9354
processed_data_cleaned\test\B2\DSC02290_patch_2_5.jpg,B2,B1,0.9633
processed_data_cleaned\test\B2\DSC02290_patch_3_1.jpg,B2,B1,0.9874
processed_data_cleaned\test\B2\DSC02290_patch_3_3.jpg,B2,B1,0.9918
processed_data_cleaned\test\B2\DSC02295_patch_0_1.jpg,B2,B1,0.9054
processed_data_cleaned\test\B2\DSC02295_patch_0_2.jpg,B2,B1,0.7552
processed_data_cleaned\test\B2\DSC02295_patch_0_3.jpg,B2,B1,0.9842
processed_data_cleaned\test\B2\DSC02295_patch_1_1.jpg,B2,B1,0.9997
processed_data_cleaned\test\B2\DSC02295_patch_1_2.jpg,B2,B1,0.9992
processed_data_cleaned\test\B2\DSC02295_patch_1_3.jpg,B2,B1,0.6208
processed_data_cleaned\test\B2\DSC02295_patch_1_4.jpg,B2,B1,0.9849
processed_data_cleaned\test\B2\DSC02295_patch_2_2.jpg,B2,B1,0.9999
processed_data_cleaned\test\B2\DSC02295_patch_2_3.jpg,B2,B1,0.5064
processed_data_cleaned\test\B2\DSC02295_patch_2_4.jpg,B2,B1,0.9997
processed_data_cleaned\test\B2\DSC02295_patch_2_5.jpg,B2,B1,0.8989
processed_data_cleaned\test\B2\DSC02295_patch_3_1.jpg,B2,A1,0.5384
processed_data_cleaned\test\B2\DSC02295_patch_3_2.jpg,B2,B1,0.9679
processed_data_cleaned\test\B2\DSC02295_patch_3_3.jpg,B2,B1,0.9996
processed_data_cleaned\test\B2\DSC02295_patch_3_4.jpg,B2,B1,0.958
processed_data_cleaned\test\B2\DSC02295_patch_3_5.jpg,B2,B1,0.6672
processed_data_cleaned\test\B2\DSC02296_patch_0_1.jpg,B2,B1,0.9139
processed_data_cleaned\test\B2\DSC02296_patch_1_1.jpg,B2,B1,0.8309
processed_data_cleaned\test\B2\DSC02296_patch_1_3.jpg,B2,B1,0.9999
processed_data_cleaned\test\B2\DSC02296_patch_2_1.jpg,B2,B1,0.6101
processed_data_cleaned\test\B2\DSC02296_patch_2_2.jpg,B2,B1,0.9997
processed_data_cleaned\test\B2\DSC02296_patch_2_3.jpg,B2,B1,0.9846
processed_data_cleaned\test\B2\DSC02296_patch_2_4.jpg,B2,B1,0.9999
processed_data_cleaned\test\B2\DSC02296_patch_3_0.jpg,B2,A1,0.6952
processed_data_cleaned\test\B2\DSC02296_patch_3_1.jpg,B2,B1,0.8677
processed_data_cleaned\test\B2\DSC02296_patch_3_3.jpg,B2,B1,0.9979
processed_data_cleaned\test\B2\DSC02296_patch_3_4.jpg,B2,B1,0.996
processed_data_cleaned\test\B2\DSC02296_patch_3_5.jpg,B2,B1,0.6739
processed_data_cleaned\test\B2\DSC02297_patch_0_1.jpg,B2,B1,0.9513
processed_data_cleaned\test\B2\DSC02297_patch_1_1.jpg,B2,B1,0.9885
processed_data_cleaned\test\B2\DSC02297_patch_1_2.jpg,B2,B1,0.9794
processed_data_cleaned\test\B2\DSC02297_patch_1_3.jpg,B2,B1,0.6421
processed_data_cleaned\test\B2\DSC02297_patch_1_4.jpg,B2,B1,0.9997
processed_data_cleaned\test\B2\DSC02297_patch_2_1.jpg,B2,A2,0.8159
processed_data_cleaned\test\B2\DSC02297_patch_2_2.jpg,B2,B1,0.9892
processed_data_cleaned\test\B2\DSC02297_patch_2_3.jpg,B2,B1,0.8497
processed_data_cleaned\test\B2\DSC02297_patch_2_4.jpg,B2,B1,0.999
processed_data_cleaned\test\B2\DSC02297_patch_2_5.jpg,B2,B1,0.9542
processed_data_cleaned\test\B2\DSC02297_patch_3_1.jpg,B2,A1,0.9364
processed_data_cleaned\test\B2\DSC02297_patch_3_3.jpg,B2,B1,0.9981
processed_data_cleaned\test\B2\DSC02297_patch_3_4.jpg,B2,B1,0.9419
processed_data_cleaned\test\B2\DSC02301_patch_0_4.jpg,B2,A2,0.9872
processed_data_cleaned\test\B2\DSC02301_patch_1_5.jpg,B2,B1,0.5395
processed_data_cleaned\test\B2\DSC02301_patch_2_3.jpg,B2,A1,0.9832
processed_data_cleaned\test\B2\DSC02301_patch_3_2.jpg,B2,B1,0.6027
processed_data_cleaned\test\B2\DSC02301_patch_3_3.jpg,B2,A2,0.8955
processed_data_cleaned\test\B2\DSC02301_patch_3_4.jpg,B2,A1,0.8776
processed_data_cleaned\test\B2\DSC02301_patch_3_5.jpg,B2,A1,0.5595
processed_data_cleaned\test\B2\DSC02306_patch_0_4.jpg,B2,A2,0.9336
processed_data_cleaned\test\B2\DSC02306_patch_1_1.jpg,B2,B1,0.6176
processed_data_cleaned\test\B2\DSC02306_patch_1_4.jpg,B2,A2,0.9982
processed_data_cleaned\test\B2\DSC02306_patch_1_5.jpg,B2,A1,0.3444
processed_data_cleaned\test\B2\DSC02306_patch_2_3.jpg,B2,A1,0.9924
processed_data_cleaned\test\B2\DSC02306_patch_2_4.jpg,B2,B1,0.8503
processed_data_cleaned\test\B2\DSC02306_patch_3_2.jpg,B2,A1,0.561
processed_data_cleaned\test\B2\DSC02306_patch_3_3.jpg,B2,A2,0.8589
processed_data_cleaned\test\B2\DSC02306_patch_3_4.jpg,B2,A1,0.8959
processed_data_cleaned\test\B2\DSC02306_patch_3_5.jpg,B2,A1,0.8687
processed_data_cleaned\test\B2\DSC02307_patch_0_2.jpg,B2,B1,0.9358
processed_data_cleaned\test\B2\DSC02307_patch_0_4.jpg,B2,A2,0.8601
processed_data_cleaned\test\B2\DSC02307_patch_0_5.jpg,B2,B1,0.8209
processed_data_cleaned\test\B2\DSC02307_patch_1_2.jpg,B2,A1,0.9562
processed_data_cleaned\test\B2\DSC02307_patch_1_3.jpg,B2,A2,0.5617
processed_data_cleaned\test\B2\DSC02307_patch_2_2.jpg,B2,A2,0.4116
processed_data_cleaned\test\B2\DSC02307_patch_2_3.jpg,B2,A2,0.7877
processed_data_cleaned\test\B2\DSC02307_patch_2_5.jpg,B2,A2,0.9205
processed_data_cleaned\test\B2\DSC02307_patch_3_2.jpg,B2,A2,0.9997
processed_data_cleaned\test\B2\DSC02308_patch_0_2.jpg,B2,B1,0.937
processed_data_cleaned\test\B2\DSC02308_patch_0_4.jpg,B2,B1,0.9158
processed_data_cleaned\test\B2\DSC02308_patch_0_5.jpg,B2,B1,0.9657
processed_data_cleaned\test\B2\DSC02308_patch_1_2.jpg,B2,A1,0.5319
processed_data_cleaned\test\B2\DSC02308_patch_1_3.jpg,B2,A2,0.769
processed_data_cleaned\test\B2\DSC02308_patch_2_1.jpg,B2,A2,0.3518
processed_data_cleaned\test\B2\DSC02308_patch_2_2.jpg,B2,A1,0.4242
processed_data_cleaned\test\B2\DSC02308_patch_2_5.jpg,B2,B1,0.5223
processed_data_cleaned\test\B2\DSC02308_patch_3_2.jpg,B2,A2,0.9798
processed_data_cleaned\test\B2\DSC02309_patch_0_3.jpg,B2,A2,0.9448
processed_data_cleaned\test\B2\DSC02309_patch_0_4.jpg,B2,A2,0.981
processed_data_cleaned\test\B2\DSC02309_patch_0_5.jpg,B2,A2,0.9002
processed_data_cleaned\test\B2\DSC02309_patch_1_1.jpg,B2,B1,0.4813
processed_data_cleaned\test\B2\DSC02309_patch_1_2.jpg,B2,A1,0.9346
processed_data_cleaned\test\B2\DSC02309_patch_1_3.jpg,B2,A2,0.7912
processed_data_cleaned\test\B2\DSC02309_patch_2_0.jpg,B2,A1,0.9322
processed_data_cleaned\test\B2\DSC02309_patch_2_1.jpg,B2,A1,0.5959
processed_data_cleaned\test\B2\DSC02309_patch_2_2.jpg,B2,A2,0.9405
processed_data_cleaned\test\B2\DSC02309_patch_2_5.jpg,B2,A2,0.4337
processed_data_cleaned\test\B2\DSC02309_patch_3_0.jpg,B2,A1,0.7603
processed_data_cleaned\test\B2\DSC02309_patch_3_1.jpg,B2,B1,0.8493
processed_data_cleaned\test\B2\DSC02309_patch_3_2.jpg,B2,A2,0.7113
processed_data_cleaned\test\B2\DSC02310_patch_1_4.jpg,B2,A2,0.943
processed_data_cleaned\test\B2\DSC02310_patch_3_4.jpg,B2,A1,0.7559
processed_data_cleaned\test\B2\DSC02311_patch_0_0.jpg,B2,B1,0.9951
processed_data_cleaned\test\B2\DSC02311_patch_0_1.jpg,B2,A1,0.9648
processed_data_cleaned\test\B2\DSC02311_patch_1_4.jpg,B2,A2,0.9908
processed_data_cleaned\test\B2\DSC02311_patch_2_4.jpg,B2,A2,0.7314
processed_data_cleaned\test\B2\DSC02311_patch_2_5.jpg,B2,A1,0.4552
processed_data_cleaned\test\B2\DSC02311_patch_3_1.jpg,B2,B1,0.9592
processed_data_cleaned\test\B2\DSC02460_patch_0_0.jpg,B2,B1,0.5823
processed_data_cleaned\test\B2\DSC02460_patch_0_2.jpg,B2,A1,0.8865
processed_data_cleaned\test\B2\DSC02460_patch_1_0.jpg,B2,B1,0.9906
processed_data_cleaned\test\B2\DSC02460_patch_1_3.jpg,B2,A1,0.8549
processed_data_cleaned\test\B2\DSC02460_patch_1_4.jpg,B2,A1,0.885
processed_data_cleaned\test\B2\DSC02460_patch_2_0.jpg,B2,B1,0.7666
processed_data_cleaned\test\B2\DSC02460_patch_2_2.jpg,B2,A1,0.994
processed_data_cleaned\test\B2\DSC02460_patch_2_3.jpg,B2,A2,0.8295
processed_data_cleaned\test\B2\DSC02460_patch_2_4.jpg,B2,A1,0.4939
processed_data_cleaned\test\B2\DSC02460_patch_3_0.jpg,B2,B1,0.9966
processed_data_cleaned\test\B2\DSC07432_patch_0_3.jpg,B2,A1,0.9999
processed_data_cleaned\test\B2\DSC07432_patch_0_4.jpg,B2,A1,0.5024
processed_data_cleaned\test\B2\DSC07432_patch_1_4.jpg,B2,B1,0.9988
processed_data_cleaned\test\B2\DSC07432_patch_2_4.jpg,B2,B1,0.9993
processed_data_cleaned\test\B2\DSC07432_patch_2_5.jpg,B2,B1,0.824
processed_data_cleaned\test\B2\DSC07432_patch_3_4.jpg,B2,B1,0.9981
processed_data_cleaned\test\B2\DSC07432_patch_3_5.jpg,B2,B1,0.8753
processed_data_cleaned\test\B2\DSC07433_patch_0_2.jpg,B2,A1,0.666
processed_data_cleaned\test\B2\DSC07433_patch_0_3.jpg,B2,B1,0.559
processed_data_cleaned\test\B2\DSC07433_patch_1_1.jpg,B2,B1,0.7578
processed_data_cleaned\test\B2\DSC07433_patch_1_2.jpg,B2,B1,0.8507
processed_data_cleaned\test\B2\DSC07433_patch_2_5.jpg,B2,B1,0.9691
processed_data_cleaned\test\B2\DSC07433_patch_3_2.jpg,B2,A1,0.8072
processed_data_cleaned\test\B2\DSC07433_patch_3_3.jpg,B2,B1,0.9126
processed_data_cleaned\test\B2\DSC07433_patch_3_4.jpg,B2,A1,0.9764
processed_data_cleaned\test\B2\DSC07434_patch_1_0.jpg,B2,B1,0.9417
processed_data_cleaned\test\B2\DSC07434_patch_1_1.jpg,B2,B1,0.7533
processed_data_cleaned\test\B2\DSC07434_patch_1_2.jpg,B2,A1,0.9812
processed_data_cleaned\test\B2\DSC07434_patch_2_1.jpg,B2,B1,0.9383
processed_data_cleaned\test\B2\DSC07434_patch_2_3.jpg,B2,A1,0.7077
processed_data_cleaned\test\B2\DSC07434_patch_3_0.jpg,B2,A1,0.6409
processed_data_cleaned\test\B2\DSC07434_patch_3_1.jpg,B2,A1,0.9653
processed_data_cleaned\test\B2\DSC07434_patch_3_2.jpg,B2,A2,0.9891
processed_data_cleaned\test\B2\DSC07434_patch_3_3.jpg,B2,A2,0.9969
processed_data_cleaned\test\B2\DSC07435_patch_1_5.jpg,B2,A1,0.9252
processed_data_cleaned\test\B2\DSC07435_patch_2_0.jpg,B2,A1,0.8872
processed_data_cleaned\test\B2\DSC07435_patch_2_3.jpg,B2,B1,0.9384
processed_data_cleaned\test\B2\DSC07435_patch_2_4.jpg,B2,A1,0.9591
processed_data_cleaned\test\B2\DSC07435_patch_2_5.jpg,B2,A1,0.9853
processed_data_cleaned\test\B2\DSC07435_patch_3_1.jpg,B2,B1,0.8674
processed_data_cleaned\test\B2\DSC07435_patch_3_2.jpg,B2,A1,0.7563
processed_data_cleaned\test\B2\DSC07435_patch_3_3.jpg,B2,B1,0.5739
processed_data_cleaned\test\B2\DSC07435_patch_3_4.jpg,B2,B1,0.7716
processed_data_cleaned\test\B2\DSC07436_patch_1_4.jpg,B2,B1,0.787
processed_data_cleaned\test\B2\DSC07436_patch_2_2.jpg,B2,A1,0.5286
processed_data_cleaned\test\B2\DSC07436_patch_2_3.jpg,B2,A1,0.9547
processed_data_cleaned\test\B2\DSC07436_patch_2_5.jpg,B2,A2,0.6582
processed_data_cleaned\test\B2\DSC07436_patch_3_2.jpg,B2,A1,0.9989
processed_data_cleaned\test\B2\DSC07436_patch_3_3.jpg,B2,A1,0.9985
processed_data_cleaned\test\B2\DSC07437_patch_0_0.jpg,B2,B1,0.8845
processed_data_cleaned\test\B2\DSC07437_patch_1_1.jpg,B2,B1,0.991
processed_data_cleaned\test\B2\DSC07437_patch_2_0.jpg,B2,A2,0.6304
processed_data_cleaned\test\B2\DSC07437_patch_2_1.jpg,B2,B1,0.993
processed_data_cleaned\test\B2\DSC07437_patch_2_2.jpg,B2,B1,0.9862
processed_data_cleaned\test\B2\DSC07437_patch_3_2.jpg,B2,B1,0.9984
processed_data_cleaned\test\B2\DSC07438_patch_0_1.jpg,B2,B1,0.9434
processed_data_cleaned\test\B2\DSC07438_patch_0_2.jpg,B2,B1,0.8532
processed_data_cleaned\test\B2\DSC07438_patch_1_1.jpg,B2,B1,0.7723
processed_data_cleaned\test\B2\DSC07438_patch_1_2.jpg,B2,B1,0.9965
processed_data_cleaned\test\B2\DSC07438_patch_1_4.jpg,B2,B1,0.9946
processed_data_cleaned\test\B2\DSC07438_patch_2_1.jpg,B2,B1,0.9945
processed_data_cleaned\test\B2\DSC07438_patch_2_2.jpg,B2,B1,0.9988
processed_data_cleaned\test\B2\DSC07438_patch_2_3.jpg,B2,B1,0.9799
processed_data_cleaned\test\B2\DSC07438_patch_3_1.jpg,B2,B1,0.9885
processed_data_cleaned\test\B2\DSC07438_patch_3_2.jpg,B2,A2,0.7432
processed_data_cleaned\test\B2\DSC07438_patch_3_3.jpg,B2,B1,0.9998
processed_data_cleaned\test\B2\DSC07439_patch_1_1.jpg,B2,A2,0.5372
processed_data_cleaned\test\B2\DSC07439_patch_1_2.jpg,B2,B1,0.9988
processed_data_cleaned\test\B2\DSC07439_patch_2_0.jpg,B2,B1,0.8544
processed_data_cleaned\test\B2\DSC07439_patch_2_1.jpg,B2,B1,0.491
processed_data_cleaned\test\B2\DSC07439_patch_2_2.jpg,B2,A1,0.6314
processed_data_cleaned\test\B2\DSC07439_patch_2_3.jpg,B2,B1,0.9991
processed_data_cleaned\test\B2\DSC07439_patch_3_1.jpg,B2,A2,0.7659
processed_data_cleaned\test\B2\DSC07439_patch_3_2.jpg,B2,B1,0.953
processed_data_cleaned\test\B2\DSC07439_patch_3_3.jpg,B2,B1,0.6697
processed_data_cleaned\test\B2\DSC07439_patch_3_4.jpg,B2,B1,0.9696
processed_data_cleaned\test\B2\DSC07439_patch_3_5.jpg,B2,B1,0.7356
processed_data_cleaned\test\B2\DSC07440_patch_0_1.jpg,B2,A1,0.9743
processed_data_cleaned\test\B2\DSC07440_patch_0_2.jpg,B2,A1,0.5722
processed_data_cleaned\test\B2\DSC07440_patch_0_3.jpg,B2,B1,0.6549
processed_data_cleaned\test\B2\DSC07440_patch_1_3.jpg,B2,A1,0.9853
processed_data_cleaned\test\B2\DSC07440_patch_1_4.jpg,B2,A1,0.9738
processed_data_cleaned\test\B2\DSC07441_patch_0_3.jpg,B2,B1,0.8423
processed_data_cleaned\test\B2\DSC07441_patch_0_4.jpg,B2,B1,0.9994
processed_data_cleaned\test\B2\DSC07441_patch_1_1.jpg,B2,A1,0.8787
processed_data_cleaned\test\B2\DSC07441_patch_1_2.jpg,B2,A1,0.6501
processed_data_cleaned\test\B2\DSC07441_patch_1_4.jpg,B2,B1,0.9999
processed_data_cleaned\test\B2\DSC07441_patch_2_1.jpg,B2,B1,0.9061
processed_data_cleaned\test\B2\DSC07441_patch_2_3.jpg,B2,B1,0.99
processed_data_cleaned\test\B2\DSC07441_patch_3_1.jpg,B2,A1,0.9934
processed_data_cleaned\test\B2\DSC07441_patch_3_2.jpg,B2,A2,0.8893
processed_data_cleaned\test\B2\DSC07442_patch_0_0.jpg,B2,A2,0.9937
processed_data_cleaned\test\B2\DSC07442_patch_0_1.jpg,B2,A2,0.5777
processed_data_cleaned\test\B2\DSC07442_patch_1_0.jpg,B2,A2,0.8901
processed_data_cleaned\test\B2\DSC07442_patch_1_3.jpg,B2,A1,0.9476
processed_data_cleaned\test\B2\DSC07442_patch_2_0.jpg,B2,A2,0.8053
processed_data_cleaned\test\B2\DSC07442_patch_2_2.jpg,B2,A1,0.9645
processed_data_cleaned\test\B2\DSC07442_patch_3_0.jpg,B2,A2,0.9982
processed_data_cleaned\test\B2\DSC07443_patch_0_3.jpg,B2,A2,0.8628
processed_data_cleaned\test\B2\DSC07443_patch_2_3.jpg,B2,B1,0.866
processed_data_cleaned\test\B2\DSC07443_patch_3_3.jpg,B2,A2,0.3949
processed_data_cleaned\test\B2\DSC07444_patch_1_3.jpg,B2,B1,0.6726
processed_data_cleaned\test\B2\DSC07444_patch_1_4.jpg,B2,A2,0.5277
processed_data_cleaned\test\B2\DSC07444_patch_2_3.jpg,B2,B1,0.6673
processed_data_cleaned\test\B2\DSC07444_patch_2_5.jpg,B2,B1,0.9423
processed_data_cleaned\test\B2\DSC07444_patch_3_5.jpg,B2,B1,0.953
processed_data_cleaned\test\B2\DSC07445_patch_1_4.jpg,B2,B1,0.8293
processed_data_cleaned\test\B2\DSC07445_patch_1_5.jpg,B2,A1,0.5103
processed_data_cleaned\test\B2\DSC07445_patch_3_5.jpg,B2,A1,0.8779
processed_data_cleaned\test\B2\DSC07446_patch_1_0.jpg,B2,A2,0.5526
processed_data_cleaned\test\B2\DSC07446_patch_1_1.jpg,B2,A2,0.9989
processed_data_cleaned\test\B2\DSC07446_patch_1_2.jpg,B2,B1,0.6832
processed_data_cleaned\test\B2\DSC07446_patch_2_1.jpg,B2,A2,0.977
processed_data_cleaned\test\B2\DSC07446_patch_2_3.jpg,B2,A2,0.9002
processed_data_cleaned\test\B2\DSC07446_patch_2_4.jpg,B2,B1,0.9999
processed_data_cleaned\test\B2\DSC07446_patch_3_0.jpg,B2,A1,0.4928
processed_data_cleaned\test\B2\DSC07446_patch_3_2.jpg,B2,A2,0.985
processed_data_cleaned\test\B2\DSC07446_patch_3_5.jpg,B2,A2,0.8321
processed_data_cleaned\test\B2\DSC07449_patch_1_0.jpg,B2,A1,0.4922
processed_data_cleaned\test\B2\DSC07449_patch_2_3.jpg,B2,A1,0.9535
processed_data_cleaned\test\B2\DSC07449_patch_2_5.jpg,B2,B1,0.8921
processed_data_cleaned\test\B2\DSC07449_patch_3_1.jpg,B2,A1,0.9975
processed_data_cleaned\test\B2\DSC07449_patch_3_2.jpg,B2,A1,0.6842
processed_data_cleaned\test\B2\DSC07450_patch_0_2.jpg,B2,B1,0.9621
processed_data_cleaned\test\B2\DSC07450_patch_0_3.jpg,B2,A1,0.7814
processed_data_cleaned\test\B2\DSC07450_patch_0_4.jpg,B2,A1,0.5427
processed_data_cleaned\test\B2\DSC07450_patch_0_5.jpg,B2,A1,0.9569
processed_data_cleaned\test\B2\DSC07450_patch_1_1.jpg,B2,A1,0.977
processed_data_cleaned\test\B2\DSC07450_patch_1_2.jpg,B2,A1,0.8129
processed_data_cleaned\test\B2\DSC07450_patch_2_0.jpg,B2,A2,0.3711
processed_data_cleaned\test\B2\DSC07450_patch_2_2.jpg,B2,A2,0.744
processed_data_cleaned\test\B2\DSC07450_patch_2_3.jpg,B2,A1,0.945
processed_data_cleaned\test\B2\DSC07450_patch_2_5.jpg,B2,A1,0.8388
processed_data_cleaned\test\B2\DSC07450_patch_3_1.jpg,B2,A2,0.9948
processed_data_cleaned\test\B2\DSC07450_patch_3_2.jpg,B2,A1,0.7349
processed_data_cleaned\test\B2\DSC07451_patch_0_0.jpg,B2,B1,0.7053
processed_data_cleaned\test\B2\DSC07451_patch_0_2.jpg,B2,B1,0.9992
processed_data_cleaned\test\B2\DSC07451_patch_0_3.jpg,B2,B1,0.8126
processed_data_cleaned\test\B2\DSC07451_patch_1_1.jpg,B2,A1,0.9218
processed_data_cleaned\test\B2\DSC07451_patch_1_2.jpg,B2,A1,0.9962
processed_data_cleaned\test\B2\DSC07451_patch_1_3.jpg,B2,B1,0.9826
processed_data_cleaned\test\B2\DSC07451_patch_2_3.jpg,B2,B1,0.988
processed_data_cleaned\test\B2\DSC07451_patch_2_5.jpg,B2,B1,0.8185
processed_data_cleaned\test\B2\DSC07451_patch_3_0.jpg,B2,A2,0.8601
processed_data_cleaned\test\B2\DSC07451_patch_3_1.jpg,B2,A1,0.6016
processed_data_cleaned\test\B2\DSC07451_patch_3_4.jpg,B2,A1,0.8
processed_data_cleaned\test\B2\DSC07452_patch_1_0.jpg,B2,A2,0.9947
processed_data_cleaned\test\B2\DSC07452_patch_1_1.jpg,B2,A2,0.9767
processed_data_cleaned\test\B2\DSC07452_patch_1_2.jpg,B2,B1,0.7576
processed_data_cleaned\test\B2\DSC07452_patch_2_0.jpg,B2,A2,0.939
processed_data_cleaned\test\B2\DSC07452_patch_2_2.jpg,B2,A1,0.9923
processed_data_cleaned\test\B2\DSC07452_patch_2_3.jpg,B2,A2,0.9997
processed_data_cleaned\test\B2\DSC07452_patch_2_4.jpg,B2,B1,0.9983
processed_data_cleaned\test\B2\DSC07452_patch_2_5.jpg,B2,B1,0.797
processed_data_cleaned\test\B2\DSC07452_patch_3_1.jpg,B2,B1,0.8195
processed_data_cleaned\test\B2\DSC07452_patch_3_2.jpg,B2,A2,0.6441
processed_data_cleaned\test\B2\DSC07452_patch_3_3.jpg,B2,A2,0.9917
processed_data_cleaned\test\B2\DSC07452_patch_3_4.jpg,B2,A2,0.5768
processed_data_cleaned\test\B2\DSC07452_patch_3_5.jpg,B2,A2,0.9625
processed_data_cleaned\test\B2\DSC07453_patch_0_0.jpg,B2,A1,0.9695
processed_data_cleaned\test\B2\DSC07453_patch_0_1.jpg,B2,A1,0.8466
processed_data_cleaned\test\B2\DSC07453_patch_0_3.jpg,B2,A1,0.7473
processed_data_cleaned\test\B2\DSC07453_patch_1_2.jpg,B2,A1,0.9977
processed_data_cleaned\test\B2\DSC07453_patch_1_3.jpg,B2,A1,0.998
processed_data_cleaned\test\B2\DSC07453_patch_1_4.jpg,B2,A1,0.9606
processed_data_cleaned\test\B2\DSC07453_patch_2_5.jpg,B2,A1,0.9379
processed_data_cleaned\test\B2\DSC07454_patch_2_1.jpg,B2,A1,0.4903
processed_data_cleaned\test\B2\DSC07454_patch_2_2.jpg,B2,B1,0.7508
processed_data_cleaned\test\B2\DSC07455_patch_0_0.jpg,B2,A1,0.9897
processed_data_cleaned\test\B2\DSC07455_patch_0_1.jpg,B2,B1,0.9979
processed_data_cleaned\test\B2\DSC07455_patch_1_1.jpg,B2,B1,0.9543
processed_data_cleaned\test\B2\DSC07455_patch_2_2.jpg,B2,A1,0.8808
processed_data_cleaned\test\B2\DSC07455_patch_3_2.jpg,B2,A1,0.7455
processed_data_cleaned\test\B2\DSC07456_patch_0_2.jpg,B2,B1,0.5424
processed_data_cleaned\test\B2\DSC07458_patch_0_2.jpg,B2,B1,0.9139
processed_data_cleaned\test\B2\DSC07458_patch_0_3.jpg,B2,B1,0.536
processed_data_cleaned\test\B2\DSC07458_patch_1_3.jpg,B2,A2,0.937
processed_data_cleaned\test\B2\DSC07458_patch_1_4.jpg,B2,A2,0.4036
processed_data_cleaned\test\B2\DSC07458_patch_2_0.jpg,B2,A1,0.5408
processed_data_cleaned\test\B2\DSC07458_patch_2_4.jpg,B2,A2,0.5289
processed_data_cleaned\test\B2\DSC07458_patch_2_5.jpg,B2,B1,0.6849
processed_data_cleaned\test\B2\DSC07458_patch_3_0.jpg,B2,A1,0.6862
processed_data_cleaned\test\B2\DSC07459_patch_3_1.jpg,B2,A2,0.8478
processed_data_cleaned\test\B2\DSC07459_patch_3_2.jpg,B2,B1,0.5073
processed_data_cleaned\test\B2\DSC07460_patch_0_0.jpg,B2,B1,0.723
processed_data_cleaned\test\B2\DSC07460_patch_0_1.jpg,B2,A1,0.9372
processed_data_cleaned\test\B2\DSC07460_patch_0_4.jpg,B2,A1,0.7157
processed_data_cleaned\test\B2\DSC07460_patch_1_0.jpg,B2,B1,0.7266
processed_data_cleaned\test\B2\DSC07460_patch_1_1.jpg,B2,A1,0.871
processed_data_cleaned\test\B2\DSC07460_patch_1_2.jpg,B2,A1,0.9804
processed_data_cleaned\test\B2\DSC07460_patch_1_3.jpg,B2,A1,0.8279
processed_data_cleaned\test\B2\DSC07460_patch_2_0.jpg,B2,A2,0.7275
processed_data_cleaned\test\B2\DSC07460_patch_2_1.jpg,B2,A1,0.527
processed_data_cleaned\test\B2\DSC07460_patch_2_4.jpg,B2,B1,0.883
processed_data_cleaned\test\B2\DSC07460_patch_3_0.jpg,B2,A1,0.4922
processed_data_cleaned\test\B2\DSC07460_patch_3_1.jpg,B2,A1,0.7018
processed_data_cleaned\test\B2\DSC07460_patch_3_2.jpg,B2,A1,0.9629
processed_data_cleaned\test\B2\DSC07460_patch_3_4.jpg,B2,B1,0.5328
processed_data_cleaned\test\B2\DSC07460_patch_3_5.jpg,B2,A1,0.6002
processed_data_cleaned\test\B2\DSC07461_patch_0_0.jpg,B2,A1,0.7547
processed_data_cleaned\test\B2\DSC07461_patch_0_1.jpg,B2,A1,0.9047
processed_data_cleaned\test\B2\DSC07461_patch_0_3.jpg,B2,A1,0.9763
processed_data_cleaned\test\B2\DSC07461_patch_1_0.jpg,B2,A1,0.9772
processed_data_cleaned\test\B2\DSC07461_patch_1_2.jpg,B2,A1,0.9116
processed_data_cleaned\test\B2\DSC07461_patch_1_3.jpg,B2,A2,0.9387
processed_data_cleaned\test\B2\DSC07461_patch_2_3.jpg,B2,B1,0.5861
processed_data_cleaned\test\B2\DSC07461_patch_2_4.jpg,B2,B1,0.8082
processed_data_cleaned\test\B2\DSC07461_patch_2_5.jpg,B2,B1,0.9943
processed_data_cleaned\test\B2\DSC07461_patch_3_0.jpg,B2,B1,0.9967
processed_data_cleaned\test\B2\DSC07461_patch_3_4.jpg,B2,B1,0.4381
processed_data_cleaned\test\B2\DSC07463_patch_1_3.jpg,B2,A2,0.4085
processed_data_cleaned\test\B2\DSC07464_patch_0_0.jpg,B2,A1,0.9472
processed_data_cleaned\test\B2\DSC07464_patch_0_2.jpg,B2,A1,0.7567
processed_data_cleaned\test\B2\DSC07464_patch_0_3.jpg,B2,B1,0.9417
processed_data_cleaned\test\B2\DSC07464_patch_2_4.jpg,B2,B1,0.6425
processed_data_cleaned\test\B2\DSC07464_patch_2_5.jpg,B2,B1,0.8209
processed_data_cleaned\test\B2\DSC07464_patch_3_1.jpg,B2,B1,0.6062
processed_data_cleaned\test\B2\DSC07466_patch_0_3.jpg,B2,A1,0.553
processed_data_cleaned\test\B2\DSC07466_patch_1_3.jpg,B2,A1,0.7608
processed_data_cleaned\test\B2\DSC07466_patch_3_2.jpg,B2,A1,0.9653
processed_data_cleaned\test\B2\DSC07467_patch_0_4.jpg,B2,A1,0.5451
processed_data_cleaned\test\B2\DSC07467_patch_0_5.jpg,B2,A1,0.9233
processed_data_cleaned\test\B2\DSC07467_patch_1_0.jpg,B2,A2,0.6601
processed_data_cleaned\test\B2\DSC07467_patch_2_3.jpg,B2,A2,0.8956
processed_data_cleaned\test\B2\DSC07468_patch_1_0.jpg,B2,A1,0.9214
processed_data_cleaned\test\B2\DSC07468_patch_1_2.jpg,B2,A1,0.5582
processed_data_cleaned\test\B2\DSC07468_patch_1_5.jpg,B2,A1,0.9899
processed_data_cleaned\test\B2\DSC07468_patch_2_0.jpg,B2,A1,0.9659
processed_data_cleaned\test\B2\DSC07468_patch_2_2.jpg,B2,A1,0.7041
processed_data_cleaned\test\B2\DSC07468_patch_3_1.jpg,B2,B1,0.938
processed_data_cleaned\test\B2\DSC07468_patch_3_2.jpg,B2,A1,0.7123
processed_data_cleaned\test\B2\DSC07468_patch_3_5.jpg,B2,A1,0.4184
processed_data_cleaned\test\B2\DSC07469_patch_0_0.jpg,B2,A1,0.8631
processed_data_cleaned\test\B2\DSC07469_patch_0_4.jpg,B2,A1,0.7315
processed_data_cleaned\test\B2\DSC07469_patch_1_3.jpg,B2,A1,0.8879
processed_data_cleaned\test\B2\DSC07469_patch_1_5.jpg,B2,B1,0.4565
processed_data_cleaned\test\B2\DSC07469_patch_2_3.jpg,B2,A1,0.9223
processed_data_cleaned\test\B2\DSC07470_patch_2_1.jpg,B2,A1,0.9311
processed_data_cleaned\test\B2\DSC07470_patch_2_4.jpg,B2,B1,0.5436
processed_data_cleaned\test\B2\DSC07470_patch_3_0.jpg,B2,A1,0.9563
processed_data_cleaned\test\B2\DSC07470_patch_3_2.jpg,B2,A1,0.6233
processed_data_cleaned\test\B2\DSC07471_patch_1_3.jpg,B2,A1,0.735
processed_data_cleaned\test\B2\DSC07471_patch_1_4.jpg,B2,A1,0.6956
processed_data_cleaned\test\B2\DSC07471_patch_2_3.jpg,B2,B1,0.8406
processed_data_cleaned\test\B2\DSC07472_patch_0_2.jpg,B2,A1,0.9346
processed_data_cleaned\test\B2\DSC07472_patch_2_0.jpg,B2,A1,0.879
processed_data_cleaned\test\B2\DSC07472_patch_2_1.jpg,B2,A1,0.5424
processed_data_cleaned\test\B2\DSC07472_patch_3_1.jpg,B2,B1,0.8189
processed_data_cleaned\test\B2\DSC07472_patch_3_2.jpg,B2,B1,0.9922
processed_data_cleaned\test\B2\DSC07473_patch_0_1.jpg,B2,A1,0.9999
processed_data_cleaned\test\B2\DSC07473_patch_0_3.jpg,B2,A1,0.9533
processed_data_cleaned\test\B2\DSC07473_patch_0_5.jpg,B2,A1,0.9498
processed_data_cleaned\test\B2\DSC07473_patch_2_2.jpg,B2,A1,0.5527
processed_data_cleaned\test\B2\DSC07474_patch_0_2.jpg,B2,A1,0.9299
processed_data_cleaned\test\B2\DSC07474_patch_1_0.jpg,B2,A1,0.9308
processed_data_cleaned\test\B2\DSC07474_patch_2_2.jpg,B2,B1,0.9707
processed_data_cleaned\test\B2\DSC07474_patch_2_3.jpg,B2,A1,0.4869
processed_data_cleaned\test\B2\DSC07474_patch_3_0.jpg,B2,B1,0.9925
processed_data_cleaned\test\B2\DSC07474_patch_3_1.jpg,B2,B1,0.8649
processed_data_cleaned\test\B2\DSC07475_patch_0_3.jpg,B2,A1,0.9706
processed_data_cleaned\test\B2\DSC07475_patch_0_4.jpg,B2,A1,0.9544
processed_data_cleaned\test\B2\DSC07475_patch_1_1.jpg,B2,A1,0.9135
processed_data_cleaned\test\B2\DSC07475_patch_1_3.jpg,B2,A1,0.8217
processed_data_cleaned\test\B2\DSC07475_patch_2_0.jpg,B2,A1,0.8454
processed_data_cleaned\test\B2\DSC07475_patch_2_3.jpg,B2,B1,0.5914
processed_data_cleaned\test\B2\DSC07475_patch_3_0.jpg,B2,A1,0.8818
processed_data_cleaned\test\B2\DSC07475_patch_3_1.jpg,B2,A2,0.7712
processed_data_cleaned\test\B2\DSC07475_patch_3_2.jpg,B2,B1,0.5612
processed_data_cleaned\test\B2\DSC07476_patch_0_2.jpg,B2,A1,0.7743
processed_data_cleaned\test\B2\DSC07476_patch_1_1.jpg,B2,A1,0.9293
processed_data_cleaned\test\B2\DSC07476_patch_3_1.jpg,B2,A1,0.9193
processed_data_cleaned\test\B2\DSC07477_patch_2_5.jpg,B2,A1,0.9831
processed_data_cleaned\test\B2\DSC07477_patch_3_5.jpg,B2,A1,0.8457
processed_data_cleaned\test\B2\DSC07478_patch_1_1.jpg,B2,B1,0.9878
processed_data_cleaned\test\B2\DSC07479_patch_0_0.jpg,B2,B1,0.5441
processed_data_cleaned\test\B2\DSC07479_patch_0_2.jpg,B2,B1,0.9382
processed_data_cleaned\test\B2\DSC07479_patch_0_4.jpg,B2,A1,0.8293
processed_data_cleaned\test\B2\DSC07479_patch_0_5.jpg,B2,A1,0.9753
processed_data_cleaned\test\B2\DSC07479_patch_1_4.jpg,B2,A1,0.6634
processed_data_cleaned\test\B2\DSC07479_patch_1_5.jpg,B2,A1,0.5639
processed_data_cleaned\test\B2\DSC07479_patch_2_3.jpg,B2,A1,0.8738
processed_data_cleaned\test\B2\DSC07479_patch_3_0.jpg,B2,B1,0.5057
processed_data_cleaned\test\B2\DSC07480_patch_0_0.jpg,B2,A2,0.6995
processed_data_cleaned\test\B2\DSC07480_patch_0_2.jpg,B2,A2,0.7274
processed_data_cleaned\test\B2\DSC07480_patch_1_0.jpg,B2,A2,0.6088
processed_data_cleaned\test\B2\DSC07480_patch_1_1.jpg,B2,A2,0.8667
processed_data_cleaned\test\B2\DSC07480_patch_1_2.jpg,B2,A2,0.9999
processed_data_cleaned\test\B2\DSC07480_patch_2_0.jpg,B2,B1,0.4215
processed_data_cleaned\test\B2\DSC07480_patch_2_2.jpg,B2,A2,0.6951
processed_data_cleaned\test\B2\DSC07480_patch_2_3.jpg,B2,A2,0.6458
processed_data_cleaned\test\B2\DSC07480_patch_2_4.jpg,B2,A2,0.9293
processed_data_cleaned\test\B2\DSC07480_patch_3_3.jpg,B2,B1,0.664
processed_data_cleaned\test\B2\DSC07480_patch_3_5.jpg,B2,A2,0.9465
processed_data_cleaned\test\B2\DSC07481_patch_0_0.jpg,B2,B1,0.9739
processed_data_cleaned\test\B2\DSC07481_patch_0_1.jpg,B2,A2,0.6977
processed_data_cleaned\test\B2\DSC07481_patch_1_1.jpg,B2,A2,0.8164
processed_data_cleaned\test\B2\DSC07481_patch_2_0.jpg,B2,A1,0.8039
processed_data_cleaned\test\B2\DSC07481_patch_2_1.jpg,B2,B1,0.602
processed_data_cleaned\test\B2\DSC07481_patch_2_2.jpg,B2,B1,0.4696
processed_data_cleaned\test\B2\DSC07481_patch_2_3.jpg,B2,A2,0.9638
processed_data_cleaned\test\B2\DSC07481_patch_2_4.jpg,B2,A2,0.7513
processed_data_cleaned\test\B2\DSC07482_patch_0_0.jpg,B2,A1,0.5306
processed_data_cleaned\test\B2\DSC07482_patch_0_2.jpg,B2,A1,0.9135
processed_data_cleaned\test\B2\DSC07482_patch_1_3.jpg,B2,A1,0.9942
processed_data_cleaned\test\B2\DSC07482_patch_1_4.jpg,B2,B1,0.4469
processed_data_cleaned\test\B2\DSC07482_patch_2_1.jpg,B2,A1,0.6259
processed_data_cleaned\test\B2\DSC07482_patch_2_2.jpg,B2,A1,0.7864
processed_data_cleaned\test\B2\DSC07482_patch_3_0.jpg,B2,B1,0.9033
processed_data_cleaned\test\B2\DSC07482_patch_3_4.jpg,B2,A2,0.5872
processed_data_cleaned\test\B2\DSC07483_patch_0_1.jpg,B2,A1,0.9141
processed_data_cleaned\test\B2\DSC07483_patch_0_2.jpg,B2,A1,0.8191
processed_data_cleaned\test\B2\DSC07483_patch_0_3.jpg,B2,A1,0.5824
processed_data_cleaned\test\B2\DSC07483_patch_1_0.jpg,B2,A1,0.7077
processed_data_cleaned\test\B2\DSC07483_patch_1_1.jpg,B2,A1,0.6645
processed_data_cleaned\test\B2\DSC07483_patch_1_4.jpg,B2,B1,0.7768
processed_data_cleaned\test\B2\DSC07483_patch_3_1.jpg,B2,A1,0.5035
processed_data_cleaned\test\B2\DSC07483_patch_3_2.jpg,B2,A1,0.5926
processed_data_cleaned\test\B2\DSC07484_patch_0_0.jpg,B2,A2,0.9785
processed_data_cleaned\test\B2\DSC07484_patch_0_1.jpg,B2,A2,0.6882
processed_data_cleaned\test\B2\DSC07484_patch_1_4.jpg,B2,A2,0.3953
processed_data_cleaned\test\B2\DSC07484_patch_2_0.jpg,B2,B1,0.9586
processed_data_cleaned\test\B2\DSC07484_patch_2_1.jpg,B2,A1,0.777
processed_data_cleaned\test\B2\DSC07484_patch_2_2.jpg,B2,A2,0.536
processed_data_cleaned\test\B2\DSC07484_patch_2_5.jpg,B2,A2,0.9133
processed_data_cleaned\test\B2\DSC07485_patch_1_0.jpg,B2,B1,0.6661
processed_data_cleaned\test\B2\DSC07485_patch_1_1.jpg,B2,B1,0.4536
processed_data_cleaned\test\B2\DSC07485_patch_1_2.jpg,B2,B1,0.6815
processed_data_cleaned\test\B2\DSC07485_patch_1_3.jpg,B2,A2,0.9651
processed_data_cleaned\test\B2\DSC07485_patch_1_4.jpg,B2,A2,0.8077
processed_data_cleaned\test\B2\DSC07485_patch_1_5.jpg,B2,A2,0.8273
processed_data_cleaned\test\B2\DSC07485_patch_2_0.jpg,B2,A2,0.6979
processed_data_cleaned\test\B2\DSC07485_patch_2_1.jpg,B2,A2,0.6961
processed_data_cleaned\test\B2\DSC07485_patch_2_4.jpg,B2,A2,0.5925
processed_data_cleaned\test\B2\DSC07485_patch_2_5.jpg,B2,A2,0.9997
processed_data_cleaned\test\B2\DSC07486_patch_0_5.jpg,B2,A2,0.8766
processed_data_cleaned\test\B2\DSC07486_patch_1_0.jpg,B2,B1,0.5994
processed_data_cleaned\test\B2\DSC07486_patch_1_2.jpg,B2,A2,0.9854
processed_data_cleaned\test\B2\DSC07486_patch_1_3.jpg,B2,B1,0.5722
processed_data_cleaned\test\B2\DSC07486_patch_1_4.jpg,B2,A2,0.5878
processed_data_cleaned\test\B2\DSC07486_patch_2_0.jpg,B2,A1,0.4943
processed_data_cleaned\test\B2\DSC07486_patch_2_2.jpg,B2,A1,0.4816
processed_data_cleaned\test\B2\DSC07486_patch_2_3.jpg,B2,A2,0.6318
processed_data_cleaned\test\B2\DSC07486_patch_2_4.jpg,B2,A2,0.9144
processed_data_cleaned\test\B2\DSC07486_patch_2_5.jpg,B2,A2,0.604
processed_data_cleaned\test\B2\DSC07487_patch_0_2.jpg,B2,A1,0.7563
processed_data_cleaned\test\B2\DSC07487_patch_1_0.jpg,B2,B1,0.9793
processed_data_cleaned\test\B2\DSC07487_patch_1_2.jpg,B2,B1,0.9367
processed_data_cleaned\test\B2\DSC07487_patch_2_0.jpg,B2,B1,0.6933
processed_data_cleaned\test\B2\DSC07487_patch_2_2.jpg,B2,B1,0.7936
processed_data_cleaned\test\B2\DSC07487_patch_2_4.jpg,B2,B1,0.7969
processed_data_cleaned\test\B2\DSC07487_patch_3_0.jpg,B2,A1,0.6876
processed_data_cleaned\test\B2\DSC07487_patch_3_3.jpg,B2,A1,0.9087
processed_data_cleaned\test\B2\DSC07487_patch_3_4.jpg,B2,A1,0.9884
processed_data_cleaned\test\B2\DSC07488_patch_1_2.jpg,B2,B1,0.9563
processed_data_cleaned\test\B2\DSC07488_patch_2_2.jpg,B2,A1,0.5476
processed_data_cleaned\test\B2\DSC07488_patch_2_3.jpg,B2,A2,0.8598
processed_data_cleaned\test\B2\DSC07488_patch_2_5.jpg,B2,A1,0.8728
processed_data_cleaned\test\B2\DSC07488_patch_3_0.jpg,B2,A1,0.9901
processed_data_cleaned\test\B2\DSC07488_patch_3_1.jpg,B2,A1,0.9365
processed_data_cleaned\test\B2\DSC07488_patch_3_2.jpg,B2,A1,0.5359
processed_data_cleaned\test\B2\DSC07488_patch_3_4.jpg,B2,A2,0.9575
processed_data_cleaned\test\B2\DSC07489_patch_0_0.jpg,B2,A1,0.986
processed_data_cleaned\test\B2\DSC07489_patch_0_2.jpg,B2,B1,0.3546
processed_data_cleaned\test\B2\DSC07489_patch_0_3.jpg,B2,A2,0.9677
processed_data_cleaned\test\B2\DSC07489_patch_1_2.jpg,B2,A1,0.9786
processed_data_cleaned\test\B2\DSC07489_patch_1_3.jpg,B2,A1,0.8711
processed_data_cleaned\test\B2\DSC07489_patch_2_3.jpg,B2,A1,0.9726
processed_data_cleaned\test\B2\DSC07489_patch_2_5.jpg,B2,A1,0.9798
processed_data_cleaned\test\B2\DSC07489_patch_3_1.jpg,B2,A1,0.9621
processed_data_cleaned\test\B2\DSC07489_patch_3_2.jpg,B2,A1,0.9887
processed_data_cleaned\test\B2\DSC07489_patch_3_5.jpg,B2,A1,0.5639
processed_data_cleaned\test\B2\DSC07490_patch_0_1.jpg,B2,A1,0.8097
processed_data_cleaned\test\B2\DSC07490_patch_0_3.jpg,B2,A1,0.9777
processed_data_cleaned\test\B2\DSC07490_patch_2_1.jpg,B2,A1,0.8315
processed_data_cleaned\test\B2\DSC07490_patch_3_2.jpg,B2,A1,0.5493
processed_data_cleaned\test\B2\DSC07490_patch_3_3.jpg,B2,B1,0.9963
processed_data_cleaned\test\B2\DSC07491_patch_0_0.jpg,B2,A1,0.5134
processed_data_cleaned\test\B2\DSC07491_patch_0_2.jpg,B2,A1,0.9969
processed_data_cleaned\test\B2\DSC07491_patch_0_3.jpg,B2,A1,0.9484
processed_data_cleaned\test\B2\DSC07491_patch_1_0.jpg,B2,A1,0.5178
processed_data_cleaned\test\B2\DSC07491_patch_1_2.jpg,B2,A1,0.912
processed_data_cleaned\test\B2\DSC07491_patch_1_4.jpg,B2,A1,0.4916
processed_data_cleaned\test\B2\DSC07491_patch_2_0.jpg,B2,B1,0.957
processed_data_cleaned\test\B2\DSC07491_patch_2_4.jpg,B2,A1,0.5782
processed_data_cleaned\test\B2\DSC07491_patch_3_1.jpg,B2,B1,0.8927
processed_data_cleaned\test\B2\DSC07491_patch_3_2.jpg,B2,B1,0.9812
processed_data_cleaned\test\B2\DSC07492_patch_0_0.jpg,B2,B1,0.9909
processed_data_cleaned\test\B2\DSC07492_patch_0_3.jpg,B2,A1,0.4672
processed_data_cleaned\test\B2\DSC07492_patch_0_5.jpg,B2,B1,0.7214
processed_data_cleaned\test\B2\DSC07492_patch_1_1.jpg,B2,A1,0.8674
processed_data_cleaned\test\B2\DSC07492_patch_1_2.jpg,B2,A1,0.9984
processed_data_cleaned\test\B2\DSC07492_patch_1_3.jpg,B2,A1,0.907
processed_data_cleaned\test\B2\DSC07492_patch_1_4.jpg,B2,A1,0.7352
processed_data_cleaned\test\B2\DSC07492_patch_3_0.jpg,B2,B1,0.5304
processed_data_cleaned\test\B2\DSC07492_patch_3_1.jpg,B2,B1,0.7852
processed_data_cleaned\test\B2\DSC07492_patch_3_2.jpg,B2,B1,0.8763
processed_data_cleaned\test\B2\DSC07492_patch_3_3.jpg,B2,B1,0.9871
processed_data_cleaned\test\B2\DSC07492_patch_3_4.jpg,B2,B1,0.7577
processed_data_cleaned\test\B2\DSC07494_patch_0_1.jpg,B2,A1,0.5151
processed_data_cleaned\test\B2\DSC07494_patch_1_0.jpg,B2,B1,0.783
processed_data_cleaned\test\B2\DSC07494_patch_1_1.jpg,B2,B1,0.9904
processed_data_cleaned\test\B2\DSC07494_patch_1_2.jpg,B2,B1,0.6409
processed_data_cleaned\test\B2\DSC07494_patch_1_5.jpg,B2,B1,0.6733
processed_data_cleaned\test\B2\DSC07495_patch_0_0.jpg,B2,B1,0.8961
processed_data_cleaned\test\B2\DSC07495_patch_0_2.jpg,B2,A1,0.8272
processed_data_cleaned\test\B2\DSC07495_patch_1_2.jpg,B2,A2,0.7202
processed_data_cleaned\test\B2\DSC07495_patch_1_4.jpg,B2,B1,0.8898
processed_data_cleaned\test\B2\DSC07495_patch_1_5.jpg,B2,A2,0.7863
processed_data_cleaned\test\B2\DSC07495_patch_2_0.jpg,B2,B1,0.6756
processed_data_cleaned\test\B2\DSC07495_patch_2_5.jpg,B2,A2,0.6459
processed_data_cleaned\test\B2\DSC07495_patch_3_0.jpg,B2,B1,0.9521
processed_data_cleaned\test\B2\DSC07496_patch_0_1.jpg,B2,A2,0.5548
processed_data_cleaned\test\B2\DSC07496_patch_0_4.jpg,B2,A2,0.8151
processed_data_cleaned\test\B2\DSC07496_patch_2_1.jpg,B2,A2,0.9988
processed_data_cleaned\test\B2\DSC07496_patch_2_3.jpg,B2,A1,0.6327
processed_data_cleaned\test\B2\DSC07496_patch_3_1.jpg,B2,A2,0.9998
processed_data_cleaned\test\B2\DSC07496_patch_3_3.jpg,B2,A2,0.3272
processed_data_cleaned\test\B2\DSC07496_patch_3_4.jpg,B2,A2,0.782
processed_data_cleaned\test\B2\DSC07497_patch_1_1.jpg,B2,A1,0.9694
processed_data_cleaned\test\B2\DSC07497_patch_2_1.jpg,B2,B1,0.5241
processed_data_cleaned\test\B2\DSC07497_patch_2_2.jpg,B2,A2,0.8013
processed_data_cleaned\test\B2\DSC07497_patch_2_4.jpg,B2,A1,0.5523
processed_data_cleaned\test\B2\DSC07497_patch_2_5.jpg,B2,B1,0.9089
processed_data_cleaned\test\B2\DSC07497_patch_3_0.jpg,B2,A2,0.7272
processed_data_cleaned\test\B2\DSC07497_patch_3_1.jpg,B2,A2,0.9438
processed_data_cleaned\test\B2\DSC07497_patch_3_2.jpg,B2,A1,0.9931
processed_data_cleaned\test\B2\DSC07497_patch_3_3.jpg,B2,B1,0.7458
processed_data_cleaned\test\B2\DSC07497_patch_3_4.jpg,B2,A1,0.977
processed_data_cleaned\test\B2\DSC07497_patch_3_5.jpg,B2,B1,0.6977
processed_data_cleaned\test\B2\DSC07498_patch_1_0.jpg,B2,A2,0.9076
processed_data_cleaned\test\B2\DSC07498_patch_2_1.jpg,B2,A2,0.6138
processed_data_cleaned\test\B2\DSC07498_patch_2_3.jpg,B2,A1,0.7128
processed_data_cleaned\test\B2\DSC07498_patch_2_4.jpg,B2,A1,0.8544
processed_data_cleaned\test\B2\DSC07498_patch_3_0.jpg,B2,A1,0.581
processed_data_cleaned\test\B2\DSC07498_patch_3_1.jpg,B2,A2,0.6151
processed_data_cleaned\test\B2\DSC07498_patch_3_2.jpg,B2,A1,0.8044
processed_data_cleaned\test\B2\DSC07498_patch_3_3.jpg,B2,A1,0.5681
processed_data_cleaned\test\B2\DSC07498_patch_3_4.jpg,B2,A1,0.9758
processed_data_cleaned\test\B2\DSC07498_patch_3_5.jpg,B2,A1,0.8881
processed_data_cleaned\test\B2\DSC07499_patch_2_0.jpg,B2,B1,0.6704
processed_data_cleaned\test\B2\DSC07499_patch_2_3.jpg,B2,B1,0.8605
processed_data_cleaned\test\B2\DSC07499_patch_2_5.jpg,B2,A1,0.8434
processed_data_cleaned\test\B2\DSC07499_patch_3_0.jpg,B2,A1,0.4794
processed_data_cleaned\test\B2\DSC07499_patch_3_1.jpg,B2,A1,0.9662
processed_data_cleaned\test\B2\DSC07499_patch_3_2.jpg,B2,A1,0.8128
processed_data_cleaned\test\B2\DSC07499_patch_3_3.jpg,B2,B1,0.9002
processed_data_cleaned\test\B2\DSC07499_patch_3_5.jpg,B2,A1,0.9994
processed_data_cleaned\test\B2\DSC07500_patch_0_4.jpg,B2,B1,0.5221
processed_data_cleaned\test\B2\DSC07500_patch_0_5.jpg,B2,B1,0.6175
processed_data_cleaned\test\B2\DSC07500_patch_1_1.jpg,B2,A1,0.7133
processed_data_cleaned\test\B2\DSC07500_patch_1_3.jpg,B2,A1,0.8759
processed_data_cleaned\test\B2\DSC07500_patch_1_4.jpg,B2,A1,0.6834
processed_data_cleaned\test\B2\DSC07500_patch_1_5.jpg,B2,B1,0.9587
processed_data_cleaned\test\B2\DSC07500_patch_2_0.jpg,B2,A1,0.9991
processed_data_cleaned\test\B2\DSC07500_patch_2_3.jpg,B2,B1,0.9603
processed_data_cleaned\test\B2\DSC07500_patch_2_4.jpg,B2,A1,0.7523
processed_data_cleaned\test\B2\DSC07500_patch_2_5.jpg,B2,A1,0.8781
processed_data_cleaned\test\B2\DSC07500_patch_3_2.jpg,B2,A1,0.8419
processed_data_cleaned\test\B2\DSC07502_patch_0_1.jpg,B2,B1,0.7153
processed_data_cleaned\test\B2\DSC07502_patch_0_2.jpg,B2,A1,0.7405
processed_data_cleaned\test\B2\DSC07502_patch_0_3.jpg,B2,B1,0.697
processed_data_cleaned\test\B2\DSC07502_patch_0_4.jpg,B2,B1,0.634
processed_data_cleaned\test\B2\DSC07502_patch_1_4.jpg,B2,B1,0.6016
processed_data_cleaned\test\B2\DSC07502_patch_2_0.jpg,B2,A1,0.704
processed_data_cleaned\test\B2\DSC07502_patch_2_3.jpg,B2,A1,0.6772
processed_data_cleaned\test\B2\DSC07502_patch_2_4.jpg,B2,A1,0.8175
processed_data_cleaned\test\B2\DSC07502_patch_3_3.jpg,B2,A1,0.9514
processed_data_cleaned\test\B2\DSC07503_patch_0_2.jpg,B2,A1,0.7533
processed_data_cleaned\test\B2\DSC07503_patch_0_4.jpg,B2,A1,0.9297
processed_data_cleaned\test\B2\DSC07503_patch_0_5.jpg,B2,A1,0.9415
processed_data_cleaned\test\B2\DSC07503_patch_1_0.jpg,B2,B1,0.8362
processed_data_cleaned\test\B2\DSC07503_patch_1_2.jpg,B2,B1,0.8424
processed_data_cleaned\test\B2\DSC07503_patch_1_3.jpg,B2,B1,0.9152
processed_data_cleaned\test\B2\DSC07503_patch_1_4.jpg,B2,B1,0.9025
processed_data_cleaned\test\B2\DSC07503_patch_1_5.jpg,B2,B1,0.9952
processed_data_cleaned\test\B2\DSC07503_patch_2_0.jpg,B2,B1,0.6132
processed_data_cleaned\test\B2\DSC07503_patch_2_1.jpg,B2,B1,0.9245
processed_data_cleaned\test\B2\DSC07503_patch_2_2.jpg,B2,B1,0.9914
processed_data_cleaned\test\B2\DSC07503_patch_2_3.jpg,B2,B1,0.5372
processed_data_cleaned\test\B2\DSC07503_patch_3_0.jpg,B2,B1,0.5607
processed_data_cleaned\test\B2\DSC07503_patch_3_1.jpg,B2,A1,0.8351
processed_data_cleaned\test\B2\DSC07504_patch_0_1.jpg,B2,A1,0.9895
processed_data_cleaned\test\B2\DSC07504_patch_0_2.jpg,B2,A1,0.8018
processed_data_cleaned\test\B2\DSC07504_patch_0_3.jpg,B2,A1,0.9998
processed_data_cleaned\test\B2\DSC07504_patch_0_4.jpg,B2,A1,0.9997
processed_data_cleaned\test\B2\DSC07504_patch_1_1.jpg,B2,A1,0.9814
processed_data_cleaned\test\B2\DSC07504_patch_1_2.jpg,B2,A1,0.9671
processed_data_cleaned\test\B2\DSC07504_patch_1_3.jpg,B2,A1,0.9597
processed_data_cleaned\test\B2\DSC07504_patch_1_4.jpg,B2,A1,0.9998
processed_data_cleaned\test\B2\DSC07504_patch_2_1.jpg,B2,B1,0.6287
processed_data_cleaned\test\B2\DSC07504_patch_2_2.jpg,B2,A1,0.7266
processed_data_cleaned\test\B2\DSC07504_patch_2_3.jpg,B2,A2,0.8784
processed_data_cleaned\test\B2\DSC07504_patch_2_4.jpg,B2,A1,0.6833
processed_data_cleaned\test\B2\DSC07504_patch_2_5.jpg,B2,A1,0.9982
processed_data_cleaned\test\B2\DSC07504_patch_3_0.jpg,B2,A1,0.6842
processed_data_cleaned\test\B2\DSC07504_patch_3_1.jpg,B2,A1,1.0
processed_data_cleaned\test\B2\DSC07504_patch_3_2.jpg,B2,A1,1.0
processed_data_cleaned\test\B2\DSC07504_patch_3_3.jpg,B2,A1,0.9775
processed_data_cleaned\test\B2\DSC07504_patch_3_4.jpg,B2,A1,0.9995
processed_data_cleaned\test\B2\DSC07504_patch_3_5.jpg,B2,A1,0.9936
processed_data_cleaned\test\B2\DSC07505_patch_0_1.jpg,B2,A2,0.5173
processed_data_cleaned\test\B2\DSC07505_patch_2_3.jpg,B2,A1,0.7406
processed_data_cleaned\test\B2\DSC07505_patch_3_1.jpg,B2,A2,0.6389
processed_data_cleaned\test\B2\DSC07505_patch_3_4.jpg,B2,A2,0.6376
processed_data_cleaned\test\B2\DSC07506_patch_0_1.jpg,B2,A2,0.6686
processed_data_cleaned\test\B2\DSC07506_patch_0_2.jpg,B2,A1,0.7515
processed_data_cleaned\test\B2\DSC07506_patch_0_5.jpg,B2,B1,0.8245
processed_data_cleaned\test\B2\DSC07506_patch_1_0.jpg,B2,B1,0.5599
processed_data_cleaned\test\B2\DSC07506_patch_1_5.jpg,B2,A2,0.455
processed_data_cleaned\test\B2\DSC07506_patch_2_0.jpg,B2,A1,0.9408
processed_data_cleaned\test\B2\DSC07506_patch_2_1.jpg,B2,A1,0.9879
processed_data_cleaned\test\B2\DSC07506_patch_3_0.jpg,B2,B1,0.9322
processed_data_cleaned\test\B2\DSC07506_patch_3_1.jpg,B2,B1,0.9994
processed_data_cleaned\test\B2\DSC07506_patch_3_2.jpg,B2,B1,0.884
processed_data_cleaned\test\B2\DSC07508_patch_0_1.jpg,B2,A1,0.9872
processed_data_cleaned\test\B2\DSC07508_patch_0_4.jpg,B2,A1,0.9993
processed_data_cleaned\test\B2\DSC07508_patch_1_0.jpg,B2,A1,0.6739
processed_data_cleaned\test\B2\DSC07508_patch_1_1.jpg,B2,A1,0.7797
processed_data_cleaned\test\B2\DSC07508_patch_2_0.jpg,B2,A1,0.7203
processed_data_cleaned\test\B2\DSC07508_patch_2_2.jpg,B2,A1,0.8111
processed_data_cleaned\test\B2\DSC07508_patch_3_0.jpg,B2,A1,0.9861
processed_data_cleaned\test\B2\DSC07508_patch_3_1.jpg,B2,B1,0.6861
processed_data_cleaned\test\B2\DSC07508_patch_3_2.jpg,B2,A1,0.909
processed_data_cleaned\test\B2\DSC07508_patch_3_3.jpg,B2,A1,0.9353
processed_data_cleaned\test\B2\DSC07509_patch_0_0.jpg,B2,A2,0.9905
processed_data_cleaned\test\B2\DSC07509_patch_0_1.jpg,B2,A2,0.6465
processed_data_cleaned\test\B2\DSC07509_patch_0_3.jpg,B2,A1,0.9955
processed_data_cleaned\test\B2\DSC07509_patch_0_5.jpg,B2,A1,0.8962
processed_data_cleaned\test\B2\DSC07509_patch_1_0.jpg,B2,B1,0.9017
processed_data_cleaned\test\B2\DSC07509_patch_1_1.jpg,B2,B1,0.8726
processed_data_cleaned\test\B2\DSC07509_patch_1_2.jpg,B2,B1,0.988
processed_data_cleaned\test\B2\DSC07509_patch_1_4.jpg,B2,B1,0.9599
processed_data_cleaned\test\B2\DSC07509_patch_1_5.jpg,B2,A1,0.9946
processed_data_cleaned\test\B2\DSC07509_patch_2_0.jpg,B2,B1,0.9036
processed_data_cleaned\test\B2\DSC07509_patch_2_1.jpg,B2,B1,0.9262
processed_data_cleaned\test\B2\DSC07509_patch_2_2.jpg,B2,B1,0.9903
processed_data_cleaned\test\B2\DSC07509_patch_2_4.jpg,B2,A1,0.99
processed_data_cleaned\test\B2\DSC07509_patch_3_1.jpg,B2,B1,0.9124
processed_data_cleaned\test\B2\DSC07510_patch_0_0.jpg,B2,A1,0.9508
processed_data_cleaned\test\B2\DSC07510_patch_1_0.jpg,B2,A1,0.9978
processed_data_cleaned\test\B2\DSC07510_patch_1_1.jpg,B2,A1,0.9983
processed_data_cleaned\test\B2\DSC07510_patch_1_2.jpg,B2,A1,0.997
processed_data_cleaned\test\B2\DSC07510_patch_1_3.jpg,B2,A1,0.9833
processed_data_cleaned\test\B2\DSC07510_patch_3_0.jpg,B2,A1,0.993
processed_data_cleaned\test\B2\DSC07510_patch_3_1.jpg,B2,A1,0.7913
processed_data_cleaned\test\B2\DSC07510_patch_3_2.jpg,B2,A1,0.7194
processed_data_cleaned\test\B2\DSC07512_patch_0_4.jpg,B2,A1,0.5669
processed_data_cleaned\test\B2\DSC07512_patch_2_2.jpg,B2,A1,1.0
processed_data_cleaned\test\B2\DSC07512_patch_3_1.jpg,B2,A1,0.951
processed_data_cleaned\test\B2\DSC07512_patch_3_2.jpg,B2,B1,0.8277
processed_data_cleaned\test\B2\DSC07512_patch_3_3.jpg,B2,A1,0.8999
processed_data_cleaned\test\B2\DSC07512_patch_3_5.jpg,B2,A1,0.7173
processed_data_cleaned\test\B2\DSC07513_patch_1_1.jpg,B2,A1,0.9963
processed_data_cleaned\test\B2\DSC07513_patch_2_1.jpg,B2,A1,0.9986
processed_data_cleaned\test\B2\DSC07513_patch_2_2.jpg,B2,A1,0.9875
processed_data_cleaned\test\B2\DSC07513_patch_3_2.jpg,B2,A1,1.0
processed_data_cleaned\test\B2\DSC07514_patch_0_1.jpg,B2,A2,0.9795
processed_data_cleaned\test\B2\DSC07514_patch_1_1.jpg,B2,A1,0.4845
processed_data_cleaned\test\B2\DSC07514_patch_2_1.jpg,B2,A1,0.5105
processed_data_cleaned\test\B2\DSC07514_patch_3_4.jpg,B2,A1,0.9956
processed_data_cleaned\test\B2\DSC07515_patch_0_0.jpg,B2,A1,0.9904
processed_data_cleaned\test\B2\DSC07515_patch_0_1.jpg,B2,A1,0.9723
processed_data_cleaned\test\B2\DSC07515_patch_0_4.jpg,B2,A1,0.8826
processed_data_cleaned\test\B2\DSC07515_patch_1_1.jpg,B2,A1,1.0
processed_data_cleaned\test\B2\DSC07515_patch_2_0.jpg,B2,A1,0.9975
processed_data_cleaned\test\B2\DSC07515_patch_3_3.jpg,B2,A1,0.9995
processed_data_cleaned\test\B2\DSC07517_patch_0_0.jpg,B2,A1,0.9125
processed_data_cleaned\test\B2\DSC07517_patch_0_4.jpg,B2,A1,0.8363
processed_data_cleaned\test\B2\DSC07517_patch_0_5.jpg,B2,A1,0.6125
processed_data_cleaned\test\B2\DSC07517_patch_1_0.jpg,B2,A1,0.9503
processed_data_cleaned\test\B2\DSC07517_patch_1_1.jpg,B2,A1,0.9462
processed_data_cleaned\test\B2\DSC07517_patch_1_4.jpg,B2,A1,1.0
processed_data_cleaned\test\B2\DSC07517_patch_2_4.jpg,B2,A1,0.9986
processed_data_cleaned\test\B2\DSC07517_patch_3_0.jpg,B2,A1,1.0
processed_data_cleaned\test\B2\DSC07517_patch_3_1.jpg,B2,A1,1.0
processed_data_cleaned\test\B2\DSC07517_patch_3_2.jpg,B2,A1,1.0
processed_data_cleaned\test\B2\DSC07517_patch_3_3.jpg,B2,A1,1.0
processed_data_cleaned\test\B2\DSC07518_patch_0_0.jpg,B2,B1,0.8279
processed_data_cleaned\test\B2\DSC07518_patch_0_2.jpg,B2,B1,0.9911
processed_data_cleaned\test\B2\DSC07518_patch_0_3.jpg,B2,B1,0.9917
processed_data_cleaned\test\B2\DSC07518_patch_0_4.jpg,B2,A1,0.7454
processed_data_cleaned\test\B2\DSC07518_patch_0_5.jpg,B2,A1,0.9929
processed_data_cleaned\test\B2\DSC07518_patch_2_2.jpg,B2,A1,0.9365
processed_data_cleaned\test\B2\DSC07518_patch_3_4.jpg,B2,A1,0.7206
processed_data_cleaned\test\B2\DSC07519_patch_0_0.jpg,B2,A1,0.9921
processed_data_cleaned\test\B2\DSC07519_patch_1_0.jpg,B2,A1,0.9615
processed_data_cleaned\test\B2\DSC07519_patch_1_2.jpg,B2,A1,0.6709
processed_data_cleaned\test\B2\DSC07519_patch_1_3.jpg,B2,A1,0.7586
processed_data_cleaned\test\B2\DSC07519_patch_1_4.jpg,B2,A1,0.9657
processed_data_cleaned\test\B2\DSC07519_patch_1_5.jpg,B2,B1,0.995
processed_data_cleaned\test\B2\DSC07519_patch_2_3.jpg,B2,B1,0.5585
processed_data_cleaned\test\B2\DSC07519_patch_2_4.jpg,B2,B1,0.8899
processed_data_cleaned\test\B2\DSC07519_patch_3_3.jpg,B2,B1,0.9572
processed_data_cleaned\test\B2\DSC07520_patch_0_0.jpg,B2,B1,0.9997
processed_data_cleaned\test\B2\DSC07520_patch_1_0.jpg,B2,B1,1.0
processed_data_cleaned\test\B2\DSC07520_patch_1_1.jpg,B2,B1,0.9279
processed_data_cleaned\test\B2\DSC07520_patch_1_2.jpg,B2,A1,0.9998
processed_data_cleaned\test\B2\DSC07520_patch_2_4.jpg,B2,A1,0.99
processed_data_cleaned\test\B2\DSC07520_patch_3_1.jpg,B2,B1,0.9846
processed_data_cleaned\test\B2\DSC07521_patch_0_1.jpg,B2,B1,0.987
processed_data_cleaned\test\B2\DSC07521_patch_0_2.jpg,B2,A1,0.982
processed_data_cleaned\test\B2\DSC07521_patch_0_3.jpg,B2,A1,0.9876
processed_data_cleaned\test\B2\DSC07521_patch_1_0.jpg,B2,B1,0.5291
processed_data_cleaned\test\B2\DSC07521_patch_1_1.jpg,B2,A1,0.6296
processed_data_cleaned\test\B2\DSC07521_patch_1_2.jpg,B2,B1,0.9879
processed_data_cleaned\test\B2\DSC07521_patch_1_3.jpg,B2,B1,0.593
processed_data_cleaned\test\B2\DSC07521_patch_1_4.jpg,B2,A1,0.4885
processed_data_cleaned\test\B2\DSC07521_patch_2_2.jpg,B2,B1,0.7332
processed_data_cleaned\test\B2\DSC07521_patch_2_4.jpg,B2,A1,0.5054
processed_data_cleaned\test\B2\DSC07521_patch_3_1.jpg,B2,B1,0.4826
processed_data_cleaned\test\B2\DSC07521_patch_3_3.jpg,B2,A1,0.4022
processed_data_cleaned\test\B2\DSC07521_patch_3_4.jpg,B2,A1,0.7816
processed_data_cleaned\test\B2\DSC07522_patch_0_1.jpg,B2,B1,0.9489
processed_data_cleaned\test\B2\DSC07522_patch_0_4.jpg,B2,A1,0.9244
processed_data_cleaned\test\B2\DSC07522_patch_2_0.jpg,B2,A1,0.9405
processed_data_cleaned\test\B2\DSC07522_patch_2_2.jpg,B2,A1,0.9996
processed_data_cleaned\test\B2\DSC07522_patch_3_2.jpg,B2,B1,0.7176
processed_data_cleaned\test\B2\DSC07522_patch_3_5.jpg,B2,A2,0.9366
processed_data_cleaned\test\B2\DSC07523_patch_0_5.jpg,B2,B1,0.534
processed_data_cleaned\test\B2\DSC07523_patch_1_0.jpg,B2,B1,0.7033
processed_data_cleaned\test\B2\DSC07523_patch_1_1.jpg,B2,A1,0.994
processed_data_cleaned\test\B2\DSC07523_patch_1_4.jpg,B2,A2,0.5256
processed_data_cleaned\test\B2\DSC07523_patch_1_5.jpg,B2,B1,0.5593
processed_data_cleaned\test\B2\DSC07523_patch_2_0.jpg,B2,B1,0.9681
processed_data_cleaned\test\B2\DSC07523_patch_2_2.jpg,B2,A1,0.9972
processed_data_cleaned\test\B2\DSC07523_patch_2_3.jpg,B2,A1,0.9995
processed_data_cleaned\test\B2\DSC07523_patch_2_5.jpg,B2,B1,0.9884
processed_data_cleaned\test\B2\DSC07523_patch_3_0.jpg,B2,B1,0.6753
processed_data_cleaned\test\B2\DSC07523_patch_3_1.jpg,B2,B1,0.9261
processed_data_cleaned\test\B2\DSC07523_patch_3_2.jpg,B2,A1,1.0
processed_data_cleaned\test\B2\DSC07523_patch_3_4.jpg,B2,A1,0.9799
processed_data_cleaned\test\B2\DSC07524_patch_0_0.jpg,B2,A1,0.9142
processed_data_cleaned\test\B2\DSC07524_patch_0_2.jpg,B2,A1,0.8814
processed_data_cleaned\test\B2\DSC07524_patch_1_0.jpg,B2,A1,0.9503
processed_data_cleaned\test\B2\DSC07524_patch_1_1.jpg,B2,A1,0.8583
processed_data_cleaned\test\B2\DSC07524_patch_1_2.jpg,B2,A1,0.9996
processed_data_cleaned\test\B2\DSC07524_patch_1_3.jpg,B2,B1,0.9309
processed_data_cleaned\test\B2\DSC07524_patch_1_4.jpg,B2,B1,0.7769
processed_data_cleaned\test\B2\DSC07524_patch_1_5.jpg,B2,B1,0.5535
processed_data_cleaned\test\B2\DSC07524_patch_2_0.jpg,B2,A1,0.8769
processed_data_cleaned\test\B2\DSC07524_patch_2_1.jpg,B2,A1,0.8668
processed_data_cleaned\test\B2\DSC07524_patch_2_2.jpg,B2,A1,0.9474
processed_data_cleaned\test\B2\DSC07524_patch_2_3.jpg,B2,B1,0.9995
processed_data_cleaned\test\B2\DSC07524_patch_2_4.jpg,B2,B1,0.8547
processed_data_cleaned\test\B2\DSC07524_patch_3_0.jpg,B2,B1,0.6201
processed_data_cleaned\test\B2\DSC07524_patch_3_1.jpg,B2,A1,0.9998
processed_data_cleaned\test\B2\DSC07524_patch_3_2.jpg,B2,A1,0.9999
processed_data_cleaned\test\B2\DSC07525_patch_0_1.jpg,B2,B1,0.5892
processed_data_cleaned\test\B2\DSC07525_patch_0_2.jpg,B2,A1,0.9827
processed_data_cleaned\test\B2\DSC07525_patch_1_0.jpg,B2,A1,0.9789
processed_data_cleaned\test\B2\DSC07525_patch_2_0.jpg,B2,B1,0.9879
processed_data_cleaned\test\B2\DSC07525_patch_2_1.jpg,B2,B1,0.9528
processed_data_cleaned\test\B2\DSC07525_patch_2_2.jpg,B2,A1,0.9999
processed_data_cleaned\test\B2\DSC07525_patch_2_3.jpg,B2,B1,0.9974
processed_data_cleaned\test\B2\DSC07525_patch_3_0.jpg,B2,B1,0.9974
processed_data_cleaned\test\B2\DSC07525_patch_3_1.jpg,B2,B1,0.9995
processed_data_cleaned\test\B2\DSC07525_patch_3_2.jpg,B2,A1,1.0
processed_data_cleaned\test\B2\DSC07525_patch_3_3.jpg,B2,A1,0.995
processed_data_cleaned\test\B2\DSC07526_patch_0_4.jpg,B2,A1,0.9224
processed_data_cleaned\test\B2\DSC07526_patch_0_5.jpg,B2,B1,0.9486
processed_data_cleaned\test\B2\DSC07526_patch_1_1.jpg,B2,A1,0.9837
processed_data_cleaned\test\B2\DSC07526_patch_2_1.jpg,B2,B1,0.6535
processed_data_cleaned\test\B2\DSC07526_patch_3_0.jpg,B2,B1,0.9637
processed_data_cleaned\test\B2\DSC07526_patch_3_1.jpg,B2,B1,0.9499
processed_data_cleaned\test\B2\DSC07526_patch_3_3.jpg,B2,A1,0.8905
processed_data_cleaned\test\B2\DSC07527_patch_0_4.jpg,B2,B1,0.9891
processed_data_cleaned\test\B2\DSC07527_patch_1_0.jpg,B2,B1,0.6402
processed_data_cleaned\test\B2\DSC07527_patch_1_2.jpg,B2,A1,0.5307
processed_data_cleaned\test\B2\DSC07527_patch_1_4.jpg,B2,B1,0.9378
processed_data_cleaned\test\B2\DSC07527_patch_2_5.jpg,B2,B1,0.6463
processed_data_cleaned\test\B2\DSC07527_patch_3_0.jpg,B2,B1,0.8206
processed_data_cleaned\test\B2\DSC07527_patch_3_5.jpg,B2,B1,0.5628
processed_data_cleaned\test\B2\DSC07529_patch_0_1.jpg,B2,A1,1.0
processed_data_cleaned\test\B2\DSC07529_patch_0_2.jpg,B2,A1,0.947
processed_data_cleaned\test\B2\DSC07529_patch_1_2.jpg,B2,B1,0.8538
processed_data_cleaned\test\B2\DSC07529_patch_1_4.jpg,B2,B1,0.9587
processed_data_cleaned\test\B2\DSC07529_patch_1_5.jpg,B2,A2,0.8503
processed_data_cleaned\test\B2\DSC07529_patch_2_0.jpg,B2,B1,0.8682
processed_data_cleaned\test\B2\DSC07529_patch_2_1.jpg,B2,A1,0.9919
processed_data_cleaned\test\B2\DSC07529_patch_2_2.jpg,B2,A1,0.8656
processed_data_cleaned\test\B2\DSC07529_patch_2_4.jpg,B2,B1,0.858
processed_data_cleaned\test\B2\DSC07529_patch_2_5.jpg,B2,A2,0.4944
processed_data_cleaned\test\B2\DSC07529_patch_3_0.jpg,B2,B1,0.5564
processed_data_cleaned\test\B2\DSC07529_patch_3_1.jpg,B2,B1,0.9045
processed_data_cleaned\test\B2\DSC07529_patch_3_5.jpg,B2,B1,0.6288
processed_data_cleaned\test\B2\DSC07530_patch_0_0.jpg,B2,B1,0.9537
processed_data_cleaned\test\B2\DSC07530_patch_0_1.jpg,B2,B1,0.6321
processed_data_cleaned\test\B2\DSC07530_patch_0_2.jpg,B2,B1,0.9662
processed_data_cleaned\test\B2\DSC07530_patch_0_3.jpg,B2,A1,1.0
processed_data_cleaned\test\B2\DSC07530_patch_0_5.jpg,B2,A1,0.999
processed_data_cleaned\test\B2\DSC07530_patch_1_0.jpg,B2,B1,0.9817
processed_data_cleaned\test\B2\DSC07530_patch_1_1.jpg,B2,A2,0.5156
processed_data_cleaned\test\B2\DSC07530_patch_1_2.jpg,B2,B1,0.8101
processed_data_cleaned\test\B2\DSC07530_patch_1_3.jpg,B2,A1,0.9999
processed_data_cleaned\test\B2\DSC07530_patch_2_0.jpg,B2,A1,0.6383
processed_data_cleaned\test\B2\DSC07530_patch_2_1.jpg,B2,A2,0.9675
processed_data_cleaned\test\B2\DSC07530_patch_2_2.jpg,B2,B1,0.7157
processed_data_cleaned\test\B2\DSC07530_patch_3_2.jpg,B2,A1,0.9901
processed_data_cleaned\test\B2\DSC07531_patch_0_0.jpg,B2,A2,0.9597
processed_data_cleaned\test\B2\DSC07531_patch_0_1.jpg,B2,A2,0.5656
processed_data_cleaned\test\B2\DSC07531_patch_0_2.jpg,B2,B1,0.9859
processed_data_cleaned\test\B2\DSC07531_patch_0_3.jpg,B2,A1,0.9624
processed_data_cleaned\test\B2\DSC07531_patch_0_5.jpg,B2,A1,0.7088
processed_data_cleaned\test\B2\DSC07531_patch_1_1.jpg,B2,A2,0.5897
processed_data_cleaned\test\B2\DSC07531_patch_1_2.jpg,B2,A1,0.4952
processed_data_cleaned\test\B2\DSC07531_patch_1_3.jpg,B2,A1,0.7676
processed_data_cleaned\test\B2\DSC07531_patch_2_0.jpg,B2,A2,0.6624
processed_data_cleaned\test\B2\DSC07531_patch_2_2.jpg,B2,B1,0.5205
processed_data_cleaned\test\B2\DSC07531_patch_3_4.jpg,B2,A1,0.9834
processed_data_cleaned\test\B2\DSC07533_patch_1_2.jpg,B2,B1,0.5848
processed_data_cleaned\test\B2\DSC07533_patch_1_3.jpg,B2,B1,0.9982
processed_data_cleaned\test\B2\DSC07533_patch_2_2.jpg,B2,B1,0.988
processed_data_cleaned\test\B2\DSC07533_patch_2_3.jpg,B2,B1,0.7224
processed_data_cleaned\test\B2\DSC07533_patch_2_4.jpg,B2,B1,0.776
processed_data_cleaned\test\B2\DSC07533_patch_2_5.jpg,B2,B1,0.5337
processed_data_cleaned\test\B2\DSC07533_patch_3_1.jpg,B2,A1,0.8183
processed_data_cleaned\test\B2\DSC07533_patch_3_2.jpg,B2,B1,0.8398
processed_data_cleaned\test\B2\DSC07533_patch_3_3.jpg,B2,B1,0.5621
processed_data_cleaned\test\B2\DSC07533_patch_3_4.jpg,B2,B1,0.9301
processed_data_cleaned\test\B2\DSC07534_patch_0_1.jpg,B2,B1,0.9999
processed_data_cleaned\test\B2\DSC07534_patch_0_2.jpg,B2,B1,0.9967
processed_data_cleaned\test\B2\DSC07534_patch_0_3.jpg,B2,A1,0.7369
processed_data_cleaned\test\B2\DSC07534_patch_0_4.jpg,B2,B1,0.6866
processed_data_cleaned\test\B2\DSC07534_patch_1_2.jpg,B2,A1,0.9993
processed_data_cleaned\test\B2\DSC07534_patch_1_3.jpg,B2,B1,0.5809
processed_data_cleaned\test\B2\DSC07534_patch_1_4.jpg,B2,B1,0.9539
processed_data_cleaned\test\B2\DSC07534_patch_1_5.jpg,B2,B1,0.8255
processed_data_cleaned\test\B2\DSC07534_patch_2_0.jpg,B2,A1,0.9661
processed_data_cleaned\test\B2\DSC07534_patch_2_3.jpg,B2,B1,0.7779
processed_data_cleaned\test\B2\DSC07534_patch_2_4.jpg,B2,A1,0.7035
processed_data_cleaned\test\B2\DSC07536_patch_0_2.jpg,B2,B1,0.7972
processed_data_cleaned\test\B2\DSC07536_patch_0_3.jpg,B2,A1,0.6441
processed_data_cleaned\test\B2\DSC07536_patch_1_4.jpg,B2,B1,0.9922
processed_data_cleaned\test\B2\DSC07536_patch_1_5.jpg,B2,A1,0.994
processed_data_cleaned\test\B2\DSC07536_patch_2_5.jpg,B2,B1,0.8139
processed_data_cleaned\test\B2\DSC07537_patch_0_3.jpg,B2,A1,0.9993
processed_data_cleaned\test\B2\DSC07537_patch_1_0.jpg,B2,A1,1.0
processed_data_cleaned\test\B2\DSC07537_patch_1_2.jpg,B2,A1,0.9995
processed_data_cleaned\test\B2\DSC07537_patch_1_3.jpg,B2,A1,0.9925
processed_data_cleaned\test\B2\DSC07537_patch_2_3.jpg,B2,B1,0.5553
processed_data_cleaned\test\B2\DSC07538_patch_0_5.jpg,B2,A1,0.9513
processed_data_cleaned\test\B2\DSC07538_patch_1_0.jpg,B2,A1,0.6599
processed_data_cleaned\test\B2\DSC07538_patch_1_2.jpg,B2,A1,0.9995
processed_data_cleaned\test\B2\DSC07538_patch_1_5.jpg,B2,A1,0.8656
processed_data_cleaned\test\B2\DSC07538_patch_2_0.jpg,B2,A1,0.999
processed_data_cleaned\test\B2\DSC07538_patch_3_0.jpg,B2,A1,0.9141
processed_data_cleaned\test\B2\DSC07538_patch_3_2.jpg,B2,A1,0.6824
processed_data_cleaned\test\B2\DSC07538_patch_3_3.jpg,B2,A1,0.967
processed_data_cleaned\test\B2\DSC07539_patch_0_1.jpg,B2,A1,1.0
processed_data_cleaned\test\B2\DSC07539_patch_0_2.jpg,B2,A1,0.9997
processed_data_cleaned\test\B2\DSC07539_patch_0_3.jpg,B2,A1,0.9908
processed_data_cleaned\test\B2\DSC07539_patch_1_2.jpg,B2,A1,0.9997
processed_data_cleaned\test\B2\DSC07539_patch_2_1.jpg,B2,A1,1.0
processed_data_cleaned\test\B2\DSC07539_patch_2_2.jpg,B2,A1,1.0
processed_data_cleaned\test\B2\DSC07539_patch_2_3.jpg,B2,A1,0.9999
processed_data_cleaned\test\B2\DSC07539_patch_2_5.jpg,B2,A1,0.8263
processed_data_cleaned\test\B2\DSC07539_patch_3_0.jpg,B2,A1,1.0
processed_data_cleaned\test\B2\DSC07539_patch_3_1.jpg,B2,A1,1.0
processed_data_cleaned\test\B2\DSC07539_patch_3_2.jpg,B2,A1,1.0
processed_data_cleaned\test\B2\DSC07539_patch_3_3.jpg,B2,A1,0.9986
processed_data_cleaned\test\B2\DSC07540_patch_0_1.jpg,B2,A1,0.9982
processed_data_cleaned\test\B2\DSC07540_patch_0_4.jpg,B2,A1,0.9877
processed_data_cleaned\test\B2\DSC07540_patch_3_0.jpg,B2,A2,0.6799
processed_data_cleaned\test\B2\DSC07541_patch_0_0.jpg,B2,A1,0.9613
processed_data_cleaned\test\B2\DSC07541_patch_0_4.jpg,B2,A1,0.5037
processed_data_cleaned\test\B2\DSC07541_patch_1_0.jpg,B2,B1,0.8979
processed_data_cleaned\test\B2\DSC07541_patch_2_4.jpg,B2,A1,1.0
processed_data_cleaned\test\B2\DSC07541_patch_2_5.jpg,B2,A1,1.0
processed_data_cleaned\test\B2\DSC07541_patch_3_1.jpg,B2,A1,0.9453
processed_data_cleaned\test\B2\DSC07541_patch_3_3.jpg,B2,A1,0.9999
processed_data_cleaned\test\B2\DSC07541_patch_3_5.jpg,B2,A1,1.0
processed_data_cleaned\test\B2\DSC07542_patch_0_0.jpg,B2,A1,0.6965
processed_data_cleaned\test\B2\DSC07542_patch_0_1.jpg,B2,B1,0.969
processed_data_cleaned\test\B2\DSC07542_patch_0_2.jpg,B2,B1,0.5552
processed_data_cleaned\test\B2\DSC07542_patch_0_4.jpg,B2,A1,0.8755
processed_data_cleaned\test\B2\DSC07542_patch_1_0.jpg,B2,A1,0.9677
processed_data_cleaned\test\B2\DSC07542_patch_3_1.jpg,B2,A1,0.9924
processed_data_cleaned\test\B2\DSC07542_patch_3_2.jpg,B2,A1,1.0
processed_data_cleaned\test\B2\DSC07544_patch_0_0.jpg,B2,A1,0.9897
processed_data_cleaned\test\B2\DSC07544_patch_0_1.jpg,B2,A1,0.8434
processed_data_cleaned\test\B2\DSC07544_patch_0_3.jpg,B2,A1,0.7731
processed_data_cleaned\test\B2\DSC07544_patch_0_4.jpg,B2,A1,0.9773
processed_data_cleaned\test\B2\DSC07544_patch_0_5.jpg,B2,A1,0.8196
processed_data_cleaned\test\B2\DSC07544_patch_2_0.jpg,B2,A1,1.0
processed_data_cleaned\test\B2\DSC07544_patch_2_1.jpg,B2,A1,0.9999
processed_data_cleaned\test\B2\DSC07544_patch_2_3.jpg,B2,A2,0.6364
processed_data_cleaned\test\B2\DSC07544_patch_2_4.jpg,B2,A1,0.999
processed_data_cleaned\test\B2\DSC07544_patch_2_5.jpg,B2,A1,0.9999
processed_data_cleaned\test\B2\DSC07544_patch_3_0.jpg,B2,A1,1.0
processed_data_cleaned\test\B2\DSC07544_patch_3_1.jpg,B2,A1,1.0
processed_data_cleaned\test\B2\DSC07544_patch_3_3.jpg,B2,A1,0.985
processed_data_cleaned\test\B2\DSC07544_patch_3_4.jpg,B2,A1,1.0
processed_data_cleaned\test\B2\DSC07544_patch_3_5.jpg,B2,A1,1.0
processed_data_cleaned\test\B2\DSC07545_patch_0_1.jpg,B2,B1,0.4348
processed_data_cleaned\test\B2\DSC07545_patch_0_2.jpg,B2,B1,0.8747
processed_data_cleaned\test\B2\DSC07545_patch_0_3.jpg,B2,B1,0.6776
processed_data_cleaned\test\B2\DSC07545_patch_0_4.jpg,B2,B1,0.9174
processed_data_cleaned\test\B2\DSC07545_patch_0_5.jpg,B2,A1,0.9786
processed_data_cleaned\test\B2\DSC07545_patch_1_3.jpg,B2,A1,0.9988
processed_data_cleaned\test\B2\DSC07545_patch_2_4.jpg,B2,A1,0.9622
processed_data_cleaned\test\B2\DSC07545_patch_2_5.jpg,B2,B1,0.9674
processed_data_cleaned\test\B2\DSC07545_patch_3_0.jpg,B2,B1,0.9833
processed_data_cleaned\test\B2\DSC07545_patch_3_1.jpg,B2,B1,0.9439
processed_data_cleaned\test\B2\DSC07545_patch_3_3.jpg,B2,B1,0.8259
processed_data_cleaned\test\B2\DSC07545_patch_3_4.jpg,B2,A1,0.9379
processed_data_cleaned\test\B2\DSC07545_patch_3_5.jpg,B2,A1,0.9993
processed_data_cleaned\test\B2\DSC07548_patch_0_4.jpg,B2,B1,0.9526
processed_data_cleaned\test\B2\DSC07548_patch_0_5.jpg,B2,B1,0.7204
processed_data_cleaned\test\B2\DSC07548_patch_1_0.jpg,B2,A1,0.9691
processed_data_cleaned\test\B2\DSC07548_patch_1_1.jpg,B2,A1,0.9264
processed_data_cleaned\test\B2\DSC07548_patch_1_4.jpg,B2,B1,0.5936
processed_data_cleaned\test\B2\DSC07548_patch_1_5.jpg,B2,B1,0.937
processed_data_cleaned\test\B2\DSC07548_patch_2_0.jpg,B2,A1,0.855
processed_data_cleaned\test\B2\DSC07548_patch_2_1.jpg,B2,A1,0.7868
processed_data_cleaned\test\B2\DSC07548_patch_2_5.jpg,B2,B1,0.997
processed_data_cleaned\test\B2\DSC07548_patch_3_5.jpg,B2,B1,0.5994
processed_data_cleaned\test\B2\DSC07549_patch_0_2.jpg,B2,A1,0.7117
processed_data_cleaned\test\B2\DSC07549_patch_0_3.jpg,B2,A1,0.703
processed_data_cleaned\test\B2\DSC07549_patch_1_4.jpg,B2,A1,0.999
processed_data_cleaned\test\B2\DSC07549_patch_3_0.jpg,B2,A1,0.9905
processed_data_cleaned\test\B2\DSC07550_patch_0_0.jpg,B2,A1,0.9974
processed_data_cleaned\test\B2\DSC07550_patch_0_1.jpg,B2,A1,0.9987
processed_data_cleaned\test\B2\DSC07550_patch_1_0.jpg,B2,A1,0.812
processed_data_cleaned\test\B2\DSC07550_patch_1_2.jpg,B2,B1,0.9974
processed_data_cleaned\test\B2\DSC07550_patch_1_3.jpg,B2,A1,0.9807
processed_data_cleaned\test\B2\DSC07550_patch_1_4.jpg,B2,B1,0.5231
processed_data_cleaned\test\B2\DSC07550_patch_2_0.jpg,B2,A1,0.53
processed_data_cleaned\test\B2\DSC07550_patch_2_1.jpg,B2,B1,0.7808
processed_data_cleaned\test\B2\DSC07550_patch_2_2.jpg,B2,A1,0.7174
processed_data_cleaned\test\B2\DSC07550_patch_2_4.jpg,B2,A1,0.9229
processed_data_cleaned\test\B2\DSC07550_patch_3_1.jpg,B2,A1,0.9177
processed_data_cleaned\test\B2\DSC07550_patch_3_2.jpg,B2,B1,0.9981
processed_data_cleaned\test\B2\DSC07550_patch_3_3.jpg,B2,A1,0.9841
processed_data_cleaned\test\B2\DSC07550_patch_3_4.jpg,B2,A1,0.5067
processed_data_cleaned\test\B2\DSC07551_patch_0_0.jpg,B2,A1,0.9781
processed_data_cleaned\test\B2\DSC07551_patch_0_1.jpg,B2,B1,0.9347
processed_data_cleaned\test\B2\DSC07551_patch_0_2.jpg,B2,B1,0.7819
processed_data_cleaned\test\B2\DSC07551_patch_0_3.jpg,B2,B1,0.8447
processed_data_cleaned\test\B2\DSC07551_patch_0_4.jpg,B2,A1,0.8178
processed_data_cleaned\test\B2\DSC07551_patch_1_0.jpg,B2,A1,0.9904
processed_data_cleaned\test\B2\DSC07551_patch_1_1.jpg,B2,A1,0.9021
processed_data_cleaned\test\B2\DSC07551_patch_1_2.jpg,B2,A1,0.6049
processed_data_cleaned\test\B2\DSC07551_patch_1_3.jpg,B2,A1,0.5896
processed_data_cleaned\test\B2\DSC07551_patch_1_4.jpg,B2,A1,0.8132
processed_data_cleaned\test\B2\DSC07551_patch_2_3.jpg,B2,B1,0.4887
processed_data_cleaned\test\B2\DSC07551_patch_2_4.jpg,B2,A1,0.6734
processed_data_cleaned\test\B2\DSC07552_patch_0_5.jpg,B2,A1,0.5575
processed_data_cleaned\test\B2\DSC07552_patch_2_0.jpg,B2,A1,0.9994
processed_data_cleaned\test\B2\DSC07552_patch_2_1.jpg,B2,B1,0.5185
processed_data_cleaned\test\B2\DSC07552_patch_2_2.jpg,B2,A1,0.9929
processed_data_cleaned\test\B2\DSC07552_patch_3_0.jpg,B2,B1,0.8386
processed_data_cleaned\test\B2\DSC07552_patch_3_1.jpg,B2,B1,0.9993
processed_data_cleaned\test\B2\DSC07552_patch_3_2.jpg,B2,B1,0.9351
processed_data_cleaned\test\B2\DSC07552_patch_3_5.jpg,B2,B1,0.6784
processed_data_cleaned\test\B2\DSC07553_patch_2_1.jpg,B2,A1,0.9994
processed_data_cleaned\test\B2\DSC07553_patch_2_2.jpg,B2,A1,0.6752
processed_data_cleaned\test\B2\DSC07553_patch_3_0.jpg,B2,A1,0.46
processed_data_cleaned\test\B2\DSC07553_patch_3_1.jpg,B2,B1,0.9988
processed_data_cleaned\test\B2\DSC07553_patch_3_2.jpg,B2,B1,0.9956
processed_data_cleaned\test\B2\DSC07553_patch_3_3.jpg,B2,B1,0.9793
processed_data_cleaned\test\B2\DSC07553_patch_3_5.jpg,B2,A1,0.9548
processed_data_cleaned\test\B2\DSC07554_patch_0_0.jpg,B2,B1,0.9959
processed_data_cleaned\test\B2\DSC07554_patch_0_1.jpg,B2,B1,0.9935
processed_data_cleaned\test\B2\DSC07554_patch_0_2.jpg,B2,B1,0.8351
processed_data_cleaned\test\B2\DSC07554_patch_0_3.jpg,B2,A1,0.9663
processed_data_cleaned\test\B2\DSC07554_patch_0_4.jpg,B2,B1,0.8181
processed_data_cleaned\test\B2\DSC07554_patch_1_1.jpg,B2,B1,0.892
processed_data_cleaned\test\B2\DSC07554_patch_1_2.jpg,B2,B1,0.968
processed_data_cleaned\test\B2\DSC07554_patch_2_1.jpg,B2,A1,0.9991
processed_data_cleaned\test\B2\DSC07554_patch_2_2.jpg,B2,A1,0.9925
processed_data_cleaned\test\B2\DSC07554_patch_2_3.jpg,B2,A1,0.9989
processed_data_cleaned\test\B2\DSC07554_patch_2_4.jpg,B2,A1,0.999
processed_data_cleaned\test\B2\DSC07554_patch_2_5.jpg,B2,A1,0.9034
processed_data_cleaned\test\B2\DSC07554_patch_3_0.jpg,B2,B1,0.9968
processed_data_cleaned\test\B2\DSC07554_patch_3_1.jpg,B2,A1,0.9037
processed_data_cleaned\test\B2\DSC07554_patch_3_2.jpg,B2,A1,0.9985
processed_data_cleaned\test\B2\DSC07554_patch_3_3.jpg,B2,A1,0.9923
processed_data_cleaned\test\B2\DSC07554_patch_3_4.jpg,B2,A1,0.7485
processed_data_cleaned\test\B2\DSC07555_patch_0_1.jpg,B2,A2,0.5827
processed_data_cleaned\test\B2\DSC07555_patch_0_2.jpg,B2,A1,0.8954
processed_data_cleaned\test\B2\DSC07555_patch_2_1.jpg,B2,B1,0.6258
processed_data_cleaned\test\B2\DSC07561_patch_0_0.jpg,B2,B1,0.9174
processed_data_cleaned\test\B2\DSC07561_patch_0_1.jpg,B2,B1,0.9852
processed_data_cleaned\test\B2\DSC07561_patch_0_2.jpg,B2,B1,0.9109
processed_data_cleaned\test\B2\DSC07561_patch_0_3.jpg,B2,A1,0.9714
processed_data_cleaned\test\B2\DSC07561_patch_0_5.jpg,B2,A1,0.9977
processed_data_cleaned\test\B2\DSC07561_patch_1_0.jpg,B2,B1,0.9946
processed_data_cleaned\test\B2\DSC07561_patch_1_1.jpg,B2,B1,0.9995
processed_data_cleaned\test\B2\DSC07561_patch_1_2.jpg,B2,B1,0.9994
processed_data_cleaned\test\B2\DSC07561_patch_1_3.jpg,B2,A1,0.5148
processed_data_cleaned\test\B2\DSC07561_patch_1_4.jpg,B2,A1,0.9983
processed_data_cleaned\test\B2\DSC07561_patch_2_0.jpg,B2,B1,0.7446
processed_data_cleaned\test\B2\DSC07561_patch_2_1.jpg,B2,B1,0.984
processed_data_cleaned\test\B2\DSC07561_patch_2_2.jpg,B2,B1,0.9442
processed_data_cleaned\test\B2\DSC07561_patch_2_4.jpg,B2,A1,0.9966
processed_data_cleaned\test\B2\DSC07561_patch_2_5.jpg,B2,A1,0.7872
processed_data_cleaned\test\B2\DSC07561_patch_3_1.jpg,B2,A1,0.5338
processed_data_cleaned\test\B2\DSC07561_patch_3_2.jpg,B2,A1,0.8965
processed_data_cleaned\test\B2\DSC07561_patch_3_3.jpg,B2,A1,0.9947
processed_data_cleaned\test\B2\DSC07561_patch_3_4.jpg,B2,B1,0.5011
processed_data_cleaned\test\B2\DSC07562_patch_0_0.jpg,B2,B1,0.9329
processed_data_cleaned\test\B2\DSC07562_patch_0_1.jpg,B2,B1,0.879
processed_data_cleaned\test\B2\DSC07562_patch_0_2.jpg,B2,B1,0.8351
processed_data_cleaned\test\B2\DSC07562_patch_0_4.jpg,B2,A1,1.0
processed_data_cleaned\test\B2\DSC07562_patch_0_5.jpg,B2,A1,0.9663
processed_data_cleaned\test\B2\DSC07562_patch_1_0.jpg,B2,B1,0.506
processed_data_cleaned\test\B2\DSC07562_patch_1_1.jpg,B2,B1,0.9744
processed_data_cleaned\test\B2\DSC07562_patch_1_2.jpg,B2,B1,0.9463
processed_data_cleaned\test\B2\DSC07562_patch_1_3.jpg,B2,B1,0.4595
processed_data_cleaned\test\B2\DSC07562_patch_1_4.jpg,B2,A1,0.9565
processed_data_cleaned\test\B2\DSC07562_patch_1_5.jpg,B2,A1,0.8903
processed_data_cleaned\test\B2\DSC07562_patch_2_1.jpg,B2,B1,0.8896
processed_data_cleaned\test\B2\DSC07562_patch_2_2.jpg,B2,B1,0.6774
processed_data_cleaned\test\B2\DSC07562_patch_2_4.jpg,B2,A1,0.9634
processed_data_cleaned\test\B2\DSC07562_patch_2_5.jpg,B2,A1,0.9072
processed_data_cleaned\test\B2\DSC07562_patch_3_0.jpg,B2,B1,0.9908
processed_data_cleaned\test\B2\DSC07562_patch_3_1.jpg,B2,A1,0.9841
processed_data_cleaned\test\B2\DSC07562_patch_3_2.jpg,B2,A1,0.9999
processed_data_cleaned\test\B2\DSC07562_patch_3_3.jpg,B2,A1,1.0
processed_data_cleaned\test\B2\DSC07562_patch_3_4.jpg,B2,A1,0.9998
processed_data_cleaned\test\B2\DSC07563_patch_0_2.jpg,B2,B1,0.8125
processed_data_cleaned\test\B2\DSC07563_patch_1_2.jpg,B2,A1,0.9997
processed_data_cleaned\test\B2\DSC07563_patch_1_4.jpg,B2,A1,0.9941
processed_data_cleaned\test\B2\DSC07563_patch_1_5.jpg,B2,A1,0.9979
processed_data_cleaned\test\B2\DSC07563_patch_2_0.jpg,B2,B1,0.9801
processed_data_cleaned\test\B2\DSC07563_patch_2_3.jpg,B2,B1,0.9478
processed_data_cleaned\test\B2\DSC07563_patch_2_4.jpg,B2,A1,0.8327
processed_data_cleaned\test\B2\DSC07563_patch_2_5.jpg,B2,B1,0.9458
processed_data_cleaned\test\B2\DSC07563_patch_3_1.jpg,B2,B1,0.9495
processed_data_cleaned\test\B2\DSC07563_patch_3_2.jpg,B2,B1,0.9818
processed_data_cleaned\test\B2\DSC07563_patch_3_3.jpg,B2,B1,0.7679
processed_data_cleaned\test\B2\DSC07563_patch_3_5.jpg,B2,B1,0.9973
processed_data_cleaned\test\B2\DSC07564_patch_0_0.jpg,B2,A1,0.801
processed_data_cleaned\test\B2\DSC07564_patch_0_1.jpg,B2,A1,0.9463
processed_data_cleaned\test\B2\DSC07564_patch_0_2.jpg,B2,A1,0.9752
processed_data_cleaned\test\B2\DSC07564_patch_0_3.jpg,B2,A2,0.4456
processed_data_cleaned\test\B2\DSC07564_patch_0_5.jpg,B2,A1,0.8846
processed_data_cleaned\test\B2\DSC07564_patch_1_5.jpg,B2,B1,0.5791
processed_data_cleaned\test\B2\DSC07564_patch_2_1.jpg,B2,B1,0.4516
processed_data_cleaned\test\B2\DSC07564_patch_2_2.jpg,B2,A1,0.5043
processed_data_cleaned\test\B2\DSC07564_patch_2_3.jpg,B2,A1,0.6771
processed_data_cleaned\test\B2\DSC07564_patch_2_4.jpg,B2,A1,0.706
processed_data_cleaned\test\B2\DSC07564_patch_2_5.jpg,B2,A1,0.7902
processed_data_cleaned\test\B2\DSC07564_patch_3_0.jpg,B2,A2,0.838
processed_data_cleaned\test\B2\DSC07564_patch_3_1.jpg,B2,A2,0.9958
processed_data_cleaned\test\B2\DSC07564_patch_3_3.jpg,B2,A1,0.7974
processed_data_cleaned\test\B2\DSC07564_patch_3_5.jpg,B2,A1,0.929
processed_data_cleaned\test\B2\DSC07565_patch_0_0.jpg,B2,A1,0.8042
processed_data_cleaned\test\B2\DSC07565_patch_0_1.jpg,B2,A1,0.907
processed_data_cleaned\test\B2\DSC07565_patch_0_3.jpg,B2,A1,0.9998
processed_data_cleaned\test\B2\DSC07565_patch_0_4.jpg,B2,A1,0.9996
processed_data_cleaned\test\B2\DSC07565_patch_1_0.jpg,B2,A1,0.9899
processed_data_cleaned\test\B2\DSC07565_patch_1_1.jpg,B2,A1,0.9805
processed_data_cleaned\test\B2\DSC07565_patch_1_2.jpg,B2,A1,0.9993
processed_data_cleaned\test\B2\DSC07565_patch_1_3.jpg,B2,A1,0.9994
processed_data_cleaned\test\B2\DSC07565_patch_1_4.jpg,B2,A1,0.9638
processed_data_cleaned\test\B2\DSC07565_patch_2_0.jpg,B2,A1,0.9763
processed_data_cleaned\test\B2\DSC07565_patch_2_2.jpg,B2,A1,0.9992
processed_data_cleaned\test\B2\DSC07565_patch_2_3.jpg,B2,A1,0.8211
processed_data_cleaned\test\B2\DSC07566_patch_0_5.jpg,B2,A1,0.7364
processed_data_cleaned\test\B2\DSC07566_patch_1_2.jpg,B2,B1,0.5931
processed_data_cleaned\test\B2\DSC07566_patch_1_3.jpg,B2,A1,0.9988
processed_data_cleaned\test\B2\DSC07566_patch_1_4.jpg,B2,A1,0.9958
processed_data_cleaned\test\B2\DSC07566_patch_2_0.jpg,B2,A1,0.9998
processed_data_cleaned\test\B2\DSC07566_patch_2_3.jpg,B2,B1,0.9056
processed_data_cleaned\test\B2\DSC07566_patch_3_0.jpg,B2,B1,0.561
processed_data_cleaned\test\B2\DSC07566_patch_3_1.jpg,B2,B1,0.9827
processed_data_cleaned\test\B2\DSC07566_patch_3_3.jpg,B2,A1,0.7734
processed_data_cleaned\test\B2\DSC07569_patch_0_4.jpg,B2,B1,0.8333
processed_data_cleaned\test\B2\DSC07569_patch_1_2.jpg,B2,B1,0.9978
processed_data_cleaned\test\B2\DSC07569_patch_2_2.jpg,B2,B1,0.9875
processed_data_cleaned\test\B2\DSC07569_patch_3_3.jpg,B2,B1,0.8392
processed_data_cleaned\test\B2\DSC07570_patch_1_0.jpg,B2,B1,0.9681
processed_data_cleaned\test\B2\DSC07570_patch_1_1.jpg,B2,B1,0.92
processed_data_cleaned\test\B2\DSC07570_patch_2_1.jpg,B2,B1,0.9566
processed_data_cleaned\test\B2\DSC07570_patch_2_3.jpg,B2,A1,0.9454
processed_data_cleaned\test\B2\DSC07570_patch_3_2.jpg,B2,B1,0.9973
processed_data_cleaned\test\B2\DSC07571_patch_0_0.jpg,B2,B1,0.5814
processed_data_cleaned\test\B2\DSC07571_patch_0_1.jpg,B2,B1,0.9899
processed_data_cleaned\test\B2\DSC07571_patch_0_3.jpg,B2,A1,0.4852
processed_data_cleaned\test\B2\DSC07571_patch_0_5.jpg,B2,B1,0.4895
processed_data_cleaned\test\B2\DSC07571_patch_2_0.jpg,B2,B1,0.9456
processed_data_cleaned\test\B2\DSC07571_patch_2_1.jpg,B2,B1,0.4166
processed_data_cleaned\test\B2\DSC07571_patch_2_2.jpg,B2,B1,0.4696
processed_data_cleaned\test\B2\DSC07571_patch_2_4.jpg,B2,B1,0.8201
processed_data_cleaned\test\B2\DSC07571_patch_2_5.jpg,B2,B1,0.706
processed_data_cleaned\test\B2\DSC07571_patch_3_0.jpg,B2,B1,0.8977
processed_data_cleaned\test\B2\DSC07571_patch_3_5.jpg,B2,B1,0.9504
processed_data_cleaned\test\B2\DSC07572_patch_0_5.jpg,B2,A1,0.9946
processed_data_cleaned\test\B2\DSC07572_patch_1_4.jpg,B2,A1,0.5873
processed_data_cleaned\test\B2\DSC07572_patch_1_5.jpg,B2,A2,0.8342
processed_data_cleaned\test\B2\DSC07572_patch_2_2.jpg,B2,B1,0.959
processed_data_cleaned\test\B2\DSC07572_patch_2_3.jpg,B2,B1,0.5893
processed_data_cleaned\test\B2\DSC07572_patch_2_5.jpg,B2,A2,0.4261
processed_data_cleaned\test\B2\DSC07572_patch_3_0.jpg,B2,B1,0.9912
processed_data_cleaned\test\B2\DSC07572_patch_3_1.jpg,B2,B1,0.9665
processed_data_cleaned\test\B2\DSC07572_patch_3_4.jpg,B2,A1,0.8555
processed_data_cleaned\test\B2\DSC07572_patch_3_5.jpg,B2,B1,0.4852
processed_data_cleaned\test\B2\DSC07573_patch_0_2.jpg,B2,A1,0.7549
processed_data_cleaned\test\B2\DSC07573_patch_2_4.jpg,B2,B1,0.9518
processed_data_cleaned\test\B2\DSC07573_patch_3_0.jpg,B2,B1,0.9927
processed_data_cleaned\test\B2\DSC07573_patch_3_1.jpg,B2,B1,0.9982
processed_data_cleaned\test\B2\DSC07573_patch_3_2.jpg,B2,B1,0.7685
processed_data_cleaned\test\B2\DSC07574_patch_0_0.jpg,B2,B1,0.7115
processed_data_cleaned\test\B2\DSC07574_patch_1_2.jpg,B2,A1,0.826
processed_data_cleaned\test\B2\DSC07574_patch_1_5.jpg,B2,A1,0.9753
processed_data_cleaned\test\B2\DSC07574_patch_2_2.jpg,B2,B1,0.9486
processed_data_cleaned\test\B2\DSC07574_patch_2_3.jpg,B2,B1,0.7822
processed_data_cleaned\test\B2\DSC07574_patch_3_2.jpg,B2,B1,0.8877
processed_data_cleaned\test\B2\DSC07574_patch_3_4.jpg,B2,B1,0.9599
processed_data_cleaned\test\B2\DSC07575_patch_0_1.jpg,B2,B1,0.8612
processed_data_cleaned\test\B2\DSC07575_patch_0_2.jpg,B2,B1,0.8622
processed_data_cleaned\test\B2\DSC07575_patch_0_3.jpg,B2,B1,0.923
processed_data_cleaned\test\B2\DSC07575_patch_1_1.jpg,B2,B1,0.5889
processed_data_cleaned\test\B2\DSC07575_patch_1_2.jpg,B2,A1,0.5785
processed_data_cleaned\test\B2\DSC07575_patch_1_3.jpg,B2,A1,0.9237
processed_data_cleaned\test\B2\DSC07575_patch_1_4.jpg,B2,A1,0.9985
processed_data_cleaned\test\B2\DSC07575_patch_1_5.jpg,B2,A1,0.8393
processed_data_cleaned\test\B2\DSC07575_patch_2_1.jpg,B2,B1,0.5658
processed_data_cleaned\test\B2\DSC07575_patch_2_2.jpg,B2,A1,0.6619
processed_data_cleaned\test\B2\DSC07575_patch_2_3.jpg,B2,A1,0.8187
processed_data_cleaned\test\B2\DSC07575_patch_2_4.jpg,B2,A1,0.9476
processed_data_cleaned\test\B2\DSC07575_patch_2_5.jpg,B2,A1,0.9607
processed_data_cleaned\test\B2\DSC07575_patch_3_2.jpg,B2,A1,0.9305
processed_data_cleaned\test\B2\DSC07575_patch_3_3.jpg,B2,A1,0.7935
processed_data_cleaned\test\B2\DSC07576_patch_0_0.jpg,B2,B1,0.556
processed_data_cleaned\test\B2\DSC07576_patch_0_1.jpg,B2,A2,0.7584
processed_data_cleaned\test\B2\DSC07576_patch_0_2.jpg,B2,A1,0.9828
processed_data_cleaned\test\B2\DSC07576_patch_0_3.jpg,B2,A1,0.604
processed_data_cleaned\test\B2\DSC07576_patch_0_4.jpg,B2,A1,0.9961
processed_data_cleaned\test\B2\DSC07576_patch_1_0.jpg,B2,B1,0.9939
processed_data_cleaned\test\B2\DSC07576_patch_1_1.jpg,B2,A1,0.4852
processed_data_cleaned\test\B2\DSC07576_patch_1_2.jpg,B2,A1,0.8914
processed_data_cleaned\test\B2\DSC07576_patch_1_3.jpg,B2,A1,0.6993
processed_data_cleaned\test\B2\DSC07576_patch_1_4.jpg,B2,A1,0.7998
processed_data_cleaned\test\B2\DSC07576_patch_2_0.jpg,B2,B1,0.5135
processed_data_cleaned\test\B2\DSC07576_patch_2_1.jpg,B2,B1,0.7758
processed_data_cleaned\test\B2\DSC07576_patch_2_3.jpg,B2,A1,0.7702
processed_data_cleaned\test\B2\DSC07576_patch_2_4.jpg,B2,A1,0.9991
processed_data_cleaned\test\B2\DSC07576_patch_3_0.jpg,B2,A1,0.8872
processed_data_cleaned\test\B2\DSC07576_patch_3_1.jpg,B2,B1,0.9157
processed_data_cleaned\test\B2\DSC07576_patch_3_3.jpg,B2,A1,0.9883
processed_data_cleaned\test\B2\DSC07576_patch_3_5.jpg,B2,A1,0.6864
processed_data_cleaned\test\B2\DSC07577_patch_0_1.jpg,B2,A1,0.9468
processed_data_cleaned\test\B2\DSC07577_patch_0_2.jpg,B2,A1,0.994
processed_data_cleaned\test\B2\DSC07577_patch_0_3.jpg,B2,B1,0.768
processed_data_cleaned\test\B2\DSC07577_patch_1_1.jpg,B2,A1,0.9572
processed_data_cleaned\test\B2\DSC07577_patch_1_2.jpg,B2,A1,0.9913
processed_data_cleaned\test\B2\DSC07577_patch_2_1.jpg,B2,A1,0.6982
processed_data_cleaned\test\B2\DSC07577_patch_2_2.jpg,B2,A1,0.5798
processed_data_cleaned\test\B2\DSC07577_patch_2_5.jpg,B2,A1,0.8227
processed_data_cleaned\test\B2\DSC07577_patch_3_0.jpg,B2,A1,0.7959
processed_data_cleaned\test\B2\DSC07577_patch_3_1.jpg,B2,B1,0.355
processed_data_cleaned\test\B2\DSC07577_patch_3_2.jpg,B2,A1,0.8232
processed_data_cleaned\test\B2\DSC08839_patch_0_1.jpg,B2,A1,0.933
processed_data_cleaned\test\B2\DSC08839_patch_0_2.jpg,B2,A1,0.5768
processed_data_cleaned\test\B2\DSC08839_patch_0_3.jpg,B2,A1,0.999
processed_data_cleaned\test\B2\DSC08839_patch_1_1.jpg,B2,A1,0.6238
processed_data_cleaned\test\B2\DSC08839_patch_1_3.jpg,B2,B1,0.9999
processed_data_cleaned\test\B2\DSC08839_patch_2_0.jpg,B2,A2,0.8064
processed_data_cleaned\test\B2\DSC08839_patch_2_1.jpg,B2,B1,0.6081
processed_data_cleaned\test\B2\DSC08839_patch_2_3.jpg,B2,A1,0.6562
processed_data_cleaned\test\B2\DSC08839_patch_2_4.jpg,B2,A1,0.9763
processed_data_cleaned\test\B2\DSC08839_patch_2_5.jpg,B2,A1,0.9843
processed_data_cleaned\test\B2\DSC08839_patch_3_5.jpg,B2,B1,0.9991
processed_data_cleaned\test\B2\DSC08840_patch_0_1.jpg,B2,B1,0.8471
processed_data_cleaned\test\B2\DSC08840_patch_0_5.jpg,B2,A1,0.8592
processed_data_cleaned\test\B2\DSC08840_patch_1_1.jpg,B2,B1,0.9982
processed_data_cleaned\test\B2\DSC08840_patch_1_3.jpg,B2,A1,0.6033
processed_data_cleaned\test\B2\DSC08840_patch_1_4.jpg,B2,A1,0.9972
processed_data_cleaned\test\B2\DSC08840_patch_2_0.jpg,B2,A2,0.616
processed_data_cleaned\test\B2\DSC08840_patch_2_4.jpg,B2,B1,0.9573
processed_data_cleaned\test\B2\DSC08840_patch_3_3.jpg,B2,B1,0.7105
processed_data_cleaned\test\B2\DSC08840_patch_3_4.jpg,B2,B1,0.5277
processed_data_cleaned\test\B2\DSC08841_patch_0_0.jpg,B2,A1,0.6498
processed_data_cleaned\test\B2\DSC08841_patch_0_1.jpg,B2,B1,0.54
processed_data_cleaned\test\B2\DSC08841_patch_0_2.jpg,B2,A1,0.9848
processed_data_cleaned\test\B2\DSC08841_patch_0_3.jpg,B2,A1,0.8647
processed_data_cleaned\test\B2\DSC08841_patch_0_4.jpg,B2,A1,0.5483
processed_data_cleaned\test\B2\DSC08841_patch_1_1.jpg,B2,B1,0.9825
processed_data_cleaned\test\B2\DSC08841_patch_1_2.jpg,B2,B1,0.8268
processed_data_cleaned\test\B2\DSC08841_patch_1_3.jpg,B2,B1,0.8992
processed_data_cleaned\test\B2\DSC08841_patch_1_4.jpg,B2,A1,0.9949
processed_data_cleaned\test\B2\DSC08841_patch_1_5.jpg,B2,A1,0.9658
processed_data_cleaned\test\B2\DSC08841_patch_2_0.jpg,B2,A1,0.4736
processed_data_cleaned\test\B2\DSC08841_patch_2_2.jpg,B2,B1,0.8998
processed_data_cleaned\test\B2\DSC08841_patch_2_3.jpg,B2,B1,0.9985
processed_data_cleaned\test\B2\DSC08841_patch_3_1.jpg,B2,B1,0.6556
processed_data_cleaned\test\B2\DSC08841_patch_3_2.jpg,B2,A1,0.9801
processed_data_cleaned\test\B2\DSC08841_patch_3_3.jpg,B2,B1,0.6769
processed_data_cleaned\test\B2\DSC08841_patch_3_5.jpg,B2,A1,0.9105
processed_data_cleaned\test\B2\DSC08842_patch_0_2.jpg,B2,B1,0.9909
processed_data_cleaned\test\B2\DSC08842_patch_0_3.jpg,B2,A1,0.9971
processed_data_cleaned\test\B2\DSC08842_patch_1_0.jpg,B2,B1,0.9968
processed_data_cleaned\test\B2\DSC08842_patch_1_1.jpg,B2,B1,0.8023
processed_data_cleaned\test\B2\DSC08842_patch_1_2.jpg,B2,B1,0.9563
processed_data_cleaned\test\B2\DSC08842_patch_1_3.jpg,B2,A1,0.8638
processed_data_cleaned\test\B2\DSC08842_patch_2_1.jpg,B2,A1,0.7026
processed_data_cleaned\test\B2\DSC08842_patch_2_2.jpg,B2,A1,0.9695
processed_data_cleaned\test\B2\DSC08842_patch_2_3.jpg,B2,A1,0.9992
processed_data_cleaned\test\B2\DSC08842_patch_3_0.jpg,B2,B1,0.9825
processed_data_cleaned\test\B2\DSC08842_patch_3_3.jpg,B2,B1,0.6152
processed_data_cleaned\test\B2\DSC08842_patch_3_4.jpg,B2,A1,0.7888
processed_data_cleaned\test\B2\DSC08843_patch_0_1.jpg,B2,B1,0.9974
processed_data_cleaned\test\B2\DSC08843_patch_0_3.jpg,B2,A1,0.8334
processed_data_cleaned\test\B2\DSC08843_patch_1_0.jpg,B2,B1,0.9896
processed_data_cleaned\test\B2\DSC08843_patch_2_1.jpg,B2,A1,0.8508
processed_data_cleaned\test\B2\DSC08843_patch_2_2.jpg,B2,B1,0.728
processed_data_cleaned\test\B2\DSC08843_patch_2_3.jpg,B2,B1,0.5721
processed_data_cleaned\test\B2\DSC08843_patch_3_2.jpg,B2,A1,0.9646
processed_data_cleaned\test\B2\DSC08843_patch_3_3.jpg,B2,A1,0.9839
processed_data_cleaned\test\B2\DSC08844_patch_0_3.jpg,B2,B1,0.5838
processed_data_cleaned\test\B2\DSC08844_patch_1_1.jpg,B2,B1,0.9998
processed_data_cleaned\test\B2\DSC08844_patch_1_3.jpg,B2,B1,0.9999
processed_data_cleaned\test\B2\DSC08844_patch_1_4.jpg,B2,A1,0.5113
processed_data_cleaned\test\B2\DSC08844_patch_2_4.jpg,B2,A1,0.9939
processed_data_cleaned\test\B2\DSC08844_patch_2_5.jpg,B2,A1,0.8104
processed_data_cleaned\test\B2\DSC08844_patch_3_1.jpg,B2,B1,0.9962
processed_data_cleaned\test\B2\DSC08844_patch_3_2.jpg,B2,B1,0.9215
processed_data_cleaned\test\B2\DSC08844_patch_3_3.jpg,B2,B1,0.969
processed_data_cleaned\test\B2\DSC08844_patch_3_5.jpg,B2,A1,0.9948
processed_data_cleaned\test\B2\DSC08845_patch_0_0.jpg,B2,B1,0.4061
processed_data_cleaned\test\B2\DSC08845_patch_0_3.jpg,B2,A1,0.7056
processed_data_cleaned\test\B2\DSC08845_patch_0_4.jpg,B2,A1,0.9789
processed_data_cleaned\test\B2\DSC08845_patch_1_4.jpg,B2,A1,0.8448
processed_data_cleaned\test\B2\DSC08845_patch_2_0.jpg,B2,B1,0.9999
processed_data_cleaned\test\B2\DSC08845_patch_2_1.jpg,B2,B1,0.8883
processed_data_cleaned\test\B2\DSC08845_patch_2_3.jpg,B2,B1,0.9958
processed_data_cleaned\test\B2\DSC08845_patch_2_5.jpg,B2,B1,0.9965
processed_data_cleaned\test\B2\DSC08845_patch_3_2.jpg,B2,A2,0.9947
processed_data_cleaned\test\B2\DSC08845_patch_3_3.jpg,B2,A1,0.6828
processed_data_cleaned\test\B2\DSC08845_patch_3_4.jpg,B2,A1,0.5559
processed_data_cleaned\test\B2\DSC08845_patch_3_5.jpg,B2,B1,0.9042
processed_data_cleaned\test\B2\DSC08846_patch_0_1.jpg,B2,A1,0.9145
processed_data_cleaned\test\B2\DSC08846_patch_0_2.jpg,B2,B1,0.9997
processed_data_cleaned\test\B2\DSC08846_patch_0_4.jpg,B2,A1,0.7305
processed_data_cleaned\test\B2\DSC08846_patch_1_3.jpg,B2,B1,0.9182
processed_data_cleaned\test\B2\DSC08846_patch_1_4.jpg,B2,B1,0.9997
processed_data_cleaned\test\B2\DSC08846_patch_1_5.jpg,B2,B1,0.9926
processed_data_cleaned\test\B2\DSC08846_patch_2_1.jpg,B2,B1,0.7437
processed_data_cleaned\test\B2\DSC08846_patch_2_2.jpg,B2,B1,0.9705
processed_data_cleaned\test\B2\DSC08846_patch_2_3.jpg,B2,B1,0.9789
processed_data_cleaned\test\B2\DSC08846_patch_2_5.jpg,B2,A1,0.7197
processed_data_cleaned\test\B2\DSC08846_patch_3_0.jpg,B2,B1,0.9345
processed_data_cleaned\test\B2\DSC08846_patch_3_1.jpg,B2,B1,0.7499
processed_data_cleaned\test\B2\DSC08846_patch_3_4.jpg,B2,B1,0.9795
processed_data_cleaned\test\B2\DSC08847_patch_0_3.jpg,B2,A1,0.7171
processed_data_cleaned\test\B2\DSC08847_patch_0_4.jpg,B2,B1,0.9589
processed_data_cleaned\test\B2\DSC08847_patch_1_3.jpg,B2,A1,0.9998
processed_data_cleaned\test\B2\DSC08847_patch_1_4.jpg,B2,A1,0.9941
processed_data_cleaned\test\B2\DSC08847_patch_1_5.jpg,B2,B1,0.6593
processed_data_cleaned\test\B2\DSC08847_patch_2_3.jpg,B2,A1,0.9961
processed_data_cleaned\test\B2\DSC08847_patch_2_5.jpg,B2,B1,0.7656
processed_data_cleaned\test\B2\DSC08847_patch_3_4.jpg,B2,B1,0.9344
processed_data_cleaned\test\B2\DSC08847_patch_3_5.jpg,B2,A1,0.8995
processed_data_cleaned\test\B2\DSC08848_patch_0_0.jpg,B2,B1,0.9942
processed_data_cleaned\test\B2\DSC08848_patch_0_2.jpg,B2,B1,0.9439
processed_data_cleaned\test\B2\DSC08848_patch_0_3.jpg,B2,A1,0.5927
processed_data_cleaned\test\B2\DSC08848_patch_0_4.jpg,B2,B1,0.8763
processed_data_cleaned\test\B2\DSC08848_patch_1_1.jpg,B2,A1,0.9998
processed_data_cleaned\test\B2\DSC08848_patch_1_3.jpg,B2,A1,0.7568
processed_data_cleaned\test\B2\DSC08848_patch_1_4.jpg,B2,B1,0.5155
processed_data_cleaned\test\B2\DSC08848_patch_1_5.jpg,B2,A1,0.9072
processed_data_cleaned\test\B2\DSC08848_patch_2_2.jpg,B2,A1,0.9786
processed_data_cleaned\test\B2\DSC08848_patch_2_3.jpg,B2,A1,0.9902
processed_data_cleaned\test\B2\DSC08848_patch_2_4.jpg,B2,A1,0.9949
processed_data_cleaned\test\B2\DSC08848_patch_3_0.jpg,B2,B1,0.5414
processed_data_cleaned\test\B2\DSC08848_patch_3_2.jpg,B2,A1,0.8023
processed_data_cleaned\test\B2\DSC08848_patch_3_4.jpg,B2,A1,0.9963
processed_data_cleaned\test\B2\DSC08848_patch_3_5.jpg,B2,A1,0.9491
processed_data_cleaned\test\B2\DSC08849_patch_0_2.jpg,B2,A1,0.744
processed_data_cleaned\test\B2\DSC08849_patch_1_2.jpg,B2,B1,0.6331
processed_data_cleaned\test\B2\DSC08849_patch_2_3.jpg,B2,B1,0.9357
processed_data_cleaned\test\B2\DSC08849_patch_3_2.jpg,B2,B1,0.6071
processed_data_cleaned\test\B2\DSC08849_patch_3_3.jpg,B2,B1,0.9723
processed_data_cleaned\test\B2\DSC08849_patch_3_4.jpg,B2,B1,0.7028
processed_data_cleaned\test\B2\DSC08849_patch_3_5.jpg,B2,B1,0.7353
processed_data_cleaned\test\B2\DSC08850_patch_0_1.jpg,B2,A1,0.607
processed_data_cleaned\test\B2\DSC08850_patch_0_2.jpg,B2,A1,0.6682
processed_data_cleaned\test\B2\DSC08850_patch_1_1.jpg,B2,B1,0.6876
processed_data_cleaned\test\B2\DSC08850_patch_1_3.jpg,B2,B1,0.8606
processed_data_cleaned\test\B2\DSC08850_patch_2_0.jpg,B2,A1,0.7238
processed_data_cleaned\test\B2\DSC08850_patch_2_3.jpg,B2,A1,0.6628
processed_data_cleaned\test\B2\DSC08850_patch_2_4.jpg,B2,B1,0.6888
processed_data_cleaned\test\B2\DSC08850_patch_3_4.jpg,B2,A1,0.9972
processed_data_cleaned\test\B2\DSC08850_patch_3_5.jpg,B2,A1,0.9838
processed_data_cleaned\test\B2\DSC08851_patch_0_3.jpg,B2,A1,0.9493
processed_data_cleaned\test\B2\DSC08851_patch_0_4.jpg,B2,B1,0.9744
processed_data_cleaned\test\B2\DSC08851_patch_1_3.jpg,B2,A1,0.9732
processed_data_cleaned\test\B2\DSC08851_patch_1_4.jpg,B2,A1,0.8355
processed_data_cleaned\test\B2\DSC08851_patch_1_5.jpg,B2,B1,0.7687
processed_data_cleaned\test\B2\DSC08851_patch_2_0.jpg,B2,B1,0.9682
processed_data_cleaned\test\B2\DSC08851_patch_2_1.jpg,B2,B1,0.9758
processed_data_cleaned\test\B2\DSC08851_patch_2_3.jpg,B2,A1,0.9208
processed_data_cleaned\test\B2\DSC08851_patch_2_4.jpg,B2,A1,0.9919
processed_data_cleaned\test\B2\DSC08851_patch_2_5.jpg,B2,A1,0.9309
processed_data_cleaned\test\B2\DSC08851_patch_3_0.jpg,B2,A1,0.6395
processed_data_cleaned\test\B2\DSC08851_patch_3_3.jpg,B2,A1,0.9576
processed_data_cleaned\test\B2\DSC08851_patch_3_5.jpg,B2,A1,0.9997
processed_data_cleaned\test\B2\DSC08852_patch_0_0.jpg,B2,B1,0.6646
processed_data_cleaned\test\B2\DSC08852_patch_1_3.jpg,B2,B1,0.9917
processed_data_cleaned\test\B2\DSC08852_patch_1_4.jpg,B2,B1,0.9795
processed_data_cleaned\test\B2\DSC08852_patch_1_5.jpg,B2,A1,0.6183
processed_data_cleaned\test\B2\DSC08852_patch_2_4.jpg,B2,B1,0.9632
processed_data_cleaned\test\B2\DSC08852_patch_2_5.jpg,B2,B1,0.8999
processed_data_cleaned\test\B2\DSC08852_patch_3_1.jpg,B2,B1,0.9996
processed_data_cleaned\test\B2\DSC08852_patch_3_2.jpg,B2,B1,0.945
processed_data_cleaned\test\B2\DSC08852_patch_3_3.jpg,B2,A1,0.9339
processed_data_cleaned\test\B2\DSC08852_patch_3_4.jpg,B2,A1,0.9862
processed_data_cleaned\test\B2\DSC08852_patch_3_5.jpg,B2,A1,0.9797
processed_data_cleaned\test\B2\DSC08853_patch_0_0.jpg,B2,A1,0.9958
processed_data_cleaned\test\B2\DSC08853_patch_0_4.jpg,B2,B1,0.8774
processed_data_cleaned\test\B2\DSC08853_patch_0_5.jpg,B2,B1,0.8797
processed_data_cleaned\test\B2\DSC08853_patch_1_0.jpg,B2,B1,0.9302
processed_data_cleaned\test\B2\DSC08853_patch_1_5.jpg,B2,A1,0.9094
processed_data_cleaned\test\B2\DSC08853_patch_2_2.jpg,B2,B1,0.7313
processed_data_cleaned\test\B2\DSC08853_patch_2_5.jpg,B2,A1,0.9891
processed_data_cleaned\test\B2\DSC08854_patch_1_2.jpg,B2,A1,0.9976
processed_data_cleaned\test\B2\DSC08854_patch_2_0.jpg,B2,A1,0.8747
processed_data_cleaned\test\B2\DSC08854_patch_2_4.jpg,B2,B1,0.9971
processed_data_cleaned\test\B2\DSC08854_patch_3_0.jpg,B2,A1,0.9536
processed_data_cleaned\test\B2\DSC08854_patch_3_4.jpg,B2,A1,0.5667
processed_data_cleaned\test\B2\DSC08854_patch_3_5.jpg,B2,A1,0.9411
processed_data_cleaned\test\B2\DSC08855_patch_0_1.jpg,B2,B1,0.9503
processed_data_cleaned\test\B2\DSC08855_patch_1_1.jpg,B2,B1,0.9962
processed_data_cleaned\test\B2\DSC08855_patch_1_3.jpg,B2,A1,0.6322
processed_data_cleaned\test\B2\DSC08855_patch_1_5.jpg,B2,A1,0.9917
processed_data_cleaned\test\B2\DSC08855_patch_2_1.jpg,B2,A1,0.6881
processed_data_cleaned\test\B2\DSC08855_patch_2_2.jpg,B2,A1,0.6959
processed_data_cleaned\test\B2\DSC08855_patch_2_3.jpg,B2,A1,0.834
processed_data_cleaned\test\B2\DSC08855_patch_2_4.jpg,B2,A1,0.9728
processed_data_cleaned\test\B2\DSC08855_patch_2_5.jpg,B2,A1,0.9822
processed_data_cleaned\test\B2\DSC08855_patch_3_1.jpg,B2,A1,0.5188
processed_data_cleaned\test\B2\DSC08855_patch_3_2.jpg,B2,A1,0.89
processed_data_cleaned\test\B2\DSC08855_patch_3_4.jpg,B2,A1,0.8541
processed_data_cleaned\test\B2\DSC08855_patch_3_5.jpg,B2,A1,0.5581
processed_data_cleaned\test\B2\DSC08857_patch_0_2.jpg,B2,A1,0.8303
processed_data_cleaned\test\B2\DSC08857_patch_1_2.jpg,B2,A1,0.9135
processed_data_cleaned\test\B2\DSC08857_patch_2_2.jpg,B2,B1,0.6727
processed_data_cleaned\test\B2\DSC08857_patch_2_5.jpg,B2,A1,0.6368
processed_data_cleaned\test\B2\DSC08858_patch_0_2.jpg,B2,A1,0.6204
processed_data_cleaned\test\B2\DSC08862_patch_0_0.jpg,B2,B1,0.9843
processed_data_cleaned\test\B2\DSC08862_patch_1_3.jpg,B2,B1,0.5838
processed_data_cleaned\test\B2\DSC08862_patch_2_0.jpg,B2,B1,0.4853
processed_data_cleaned\test\B2\DSC08862_patch_2_1.jpg,B2,B1,0.639
processed_data_cleaned\test\B2\DSC08862_patch_2_3.jpg,B2,A1,0.6699
processed_data_cleaned\test\B2\DSC08862_patch_2_4.jpg,B2,A1,0.9704
processed_data_cleaned\test\B2\DSC08862_patch_3_1.jpg,B2,B1,0.8575
processed_data_cleaned\test\B2\DSC08862_patch_3_2.jpg,B2,B1,0.9744
processed_data_cleaned\test\B2\DSC08862_patch_3_3.jpg,B2,B1,0.9887
processed_data_cleaned\test\B2\DSC08862_patch_3_4.jpg,B2,A1,0.9432
processed_data_cleaned\test\B2\DSC08863_patch_0_5.jpg,B2,A1,0.7802
processed_data_cleaned\test\B2\DSC08863_patch_1_4.jpg,B2,A1,0.9867
processed_data_cleaned\test\B2\DSC08863_patch_1_5.jpg,B2,A1,0.9894
processed_data_cleaned\test\B2\DSC08863_patch_2_1.jpg,B2,B1,0.9844
processed_data_cleaned\test\B2\DSC08863_patch_2_3.jpg,B2,B1,0.9924
processed_data_cleaned\test\B2\DSC08863_patch_2_4.jpg,B2,B1,0.9836
processed_data_cleaned\test\B2\DSC08863_patch_2_5.jpg,B2,A1,0.9997
processed_data_cleaned\test\B2\DSC08863_patch_3_3.jpg,B2,B1,0.999
processed_data_cleaned\test\B2\DSC08863_patch_3_5.jpg,B2,B1,0.7522
processed_data_cleaned\test\B2\DSC08864_patch_0_2.jpg,B2,B1,0.868
processed_data_cleaned\test\B2\DSC08864_patch_1_0.jpg,B2,A1,0.5155
processed_data_cleaned\test\B2\DSC08864_patch_1_3.jpg,B2,B1,0.5781
processed_data_cleaned\test\B2\DSC08864_patch_2_1.jpg,B2,B1,0.8879
processed_data_cleaned\test\B2\DSC08864_patch_2_2.jpg,B2,B1,0.9984
processed_data_cleaned\test\B2\DSC08864_patch_2_3.jpg,B2,B1,0.7952
processed_data_cleaned\test\B2\DSC08864_patch_3_2.jpg,B2,B1,0.9999
processed_data_cleaned\test\B2\DSC08864_patch_3_4.jpg,B2,B1,0.6774
processed_data_cleaned\test\B2\DSC08864_patch_3_5.jpg,B2,B1,0.9453
processed_data_cleaned\test\B2\DSC08872_patch_0_0.jpg,B2,B1,0.9419
processed_data_cleaned\test\B2\DSC08872_patch_0_1.jpg,B2,B1,0.7749
processed_data_cleaned\test\B2\DSC08872_patch_0_2.jpg,B2,A1,0.5185
processed_data_cleaned\test\B2\DSC08872_patch_0_3.jpg,B2,B1,0.6625
processed_data_cleaned\test\B2\DSC08872_patch_0_4.jpg,B2,B1,0.8027
processed_data_cleaned\test\B2\DSC08872_patch_1_0.jpg,B2,B1,0.9262
processed_data_cleaned\test\B2\DSC08872_patch_1_1.jpg,B2,A1,0.9986
processed_data_cleaned\test\B2\DSC08872_patch_1_2.jpg,B2,A1,0.9693
processed_data_cleaned\test\B2\DSC08872_patch_1_3.jpg,B2,A1,0.9347
processed_data_cleaned\test\B2\DSC08872_patch_1_4.jpg,B2,A1,0.6974
processed_data_cleaned\test\B2\DSC08872_patch_2_2.jpg,B2,A1,0.9837
processed_data_cleaned\test\B2\DSC08872_patch_3_0.jpg,B2,A1,0.9653
processed_data_cleaned\test\B2\DSC08872_patch_3_1.jpg,B2,A1,0.9788
processed_data_cleaned\test\B2\DSC08872_patch_3_4.jpg,B2,A1,0.95
processed_data_cleaned\test\B2\DSC08876_patch_0_5.jpg,B2,A1,0.7955
processed_data_cleaned\test\B2\DSC08876_patch_1_5.jpg,B2,A1,0.9586
processed_data_cleaned\test\B2\DSC08877_patch_0_1.jpg,B2,B1,0.9343
processed_data_cleaned\test\B2\DSC08877_patch_1_3.jpg,B2,B1,0.5187
processed_data_cleaned\test\B2\DSC08877_patch_1_5.jpg,B2,B1,0.6621
processed_data_cleaned\test\B2\DSC08877_patch_3_2.jpg,B2,A1,0.9718
processed_data_cleaned\test\B2\DSC08877_patch_3_5.jpg,B2,B1,0.4307
processed_data_cleaned\test\B2\DSC08878_patch_2_0.jpg,B2,B1,0.9116
processed_data_cleaned\test\B2\DSC08878_patch_3_0.jpg,B2,B1,0.8022
processed_data_cleaned\test\B2\DSC08878_patch_3_5.jpg,B2,A1,0.818
processed_data_cleaned\test\B2\DSC08881_patch_0_0.jpg,B2,A1,0.7997
processed_data_cleaned\test\B2\DSC08881_patch_0_1.jpg,B2,B1,0.5265
processed_data_cleaned\test\B2\DSC08881_patch_0_2.jpg,B2,A1,0.8115
processed_data_cleaned\test\B2\DSC08881_patch_0_5.jpg,B2,A1,0.9524
processed_data_cleaned\test\B2\DSC08881_patch_1_1.jpg,B2,A1,0.9918
processed_data_cleaned\test\B2\DSC08881_patch_1_2.jpg,B2,A1,0.8197
processed_data_cleaned\test\B2\DSC08881_patch_2_3.jpg,B2,A1,0.6714
processed_data_cleaned\test\B2\DSC08881_patch_2_5.jpg,B2,B1,0.7309
processed_data_cleaned\test\B2\DSC08883_patch_0_3.jpg,B2,A1,0.9933
processed_data_cleaned\test\B2\DSC08883_patch_0_4.jpg,B2,A1,0.6816
processed_data_cleaned\test\B2\DSC08883_patch_1_3.jpg,B2,A1,0.9945
processed_data_cleaned\test\B2\DSC08883_patch_1_4.jpg,B2,A2,0.9646
processed_data_cleaned\test\B2\DSC08883_patch_2_1.jpg,B2,A1,0.9905
processed_data_cleaned\test\B2\DSC08883_patch_2_2.jpg,B2,A2,0.6198
processed_data_cleaned\test\B2\DSC08883_patch_2_3.jpg,B2,B1,0.9861
processed_data_cleaned\test\B2\DSC08883_patch_2_4.jpg,B2,B1,0.9748
processed_data_cleaned\test\B2\DSC08883_patch_3_1.jpg,B2,A1,0.584
processed_data_cleaned\test\B2\DSC08883_patch_3_2.jpg,B2,A1,0.7091
processed_data_cleaned\test\B2\DSC08883_patch_3_4.jpg,B2,B1,0.9669
processed_data_cleaned\test\B2\DSC08884_patch_0_3.jpg,B2,A1,0.9211
processed_data_cleaned\test\B2\DSC08884_patch_0_5.jpg,B2,A1,0.6993
processed_data_cleaned\test\B2\DSC08884_patch_1_0.jpg,B2,A1,0.9601
processed_data_cleaned\test\B2\DSC08884_patch_1_1.jpg,B2,A1,0.8818
processed_data_cleaned\test\B2\DSC08884_patch_1_2.jpg,B2,A1,0.995
processed_data_cleaned\test\B2\DSC08884_patch_1_5.jpg,B2,A1,0.995
processed_data_cleaned\test\B2\DSC08884_patch_2_0.jpg,B2,A1,0.6233
processed_data_cleaned\test\B2\DSC08884_patch_2_1.jpg,B2,B1,0.868
processed_data_cleaned\test\B2\DSC08884_patch_2_2.jpg,B2,B1,0.8986
processed_data_cleaned\test\B2\DSC08884_patch_2_3.jpg,B2,B1,0.9916
processed_data_cleaned\test\B2\DSC08884_patch_2_5.jpg,B2,B1,0.999
processed_data_cleaned\test\B2\DSC08884_patch_3_0.jpg,B2,A1,0.5133
processed_data_cleaned\test\B2\DSC08884_patch_3_3.jpg,B2,B1,0.997
processed_data_cleaned\test\B2\DSC08885_patch_1_0.jpg,B2,B1,0.7332
processed_data_cleaned\test\B2\DSC08885_patch_1_1.jpg,B2,B1,0.9994
processed_data_cleaned\test\B2\DSC08885_patch_1_2.jpg,B2,B1,0.9436
processed_data_cleaned\test\B2\DSC08885_patch_1_4.jpg,B2,B1,0.9873
processed_data_cleaned\test\B2\DSC08885_patch_2_1.jpg,B2,A1,0.9363
processed_data_cleaned\test\B2\DSC08885_patch_2_2.jpg,B2,B1,0.9996
processed_data_cleaned\test\B2\DSC08885_patch_2_4.jpg,B2,B1,0.995
processed_data_cleaned\test\B2\DSC08885_patch_3_2.jpg,B2,B1,0.999
processed_data_cleaned\test\B2\DSC08885_patch_3_3.jpg,B2,B1,0.9996
processed_data_cleaned\test\B2\DSC08885_patch_3_4.jpg,B2,B1,0.9999
