path,true,pred,confidence
C:\Users\teflo\Desktop\Study\VLU\Comp vision\BT\Final\processed_data\test\A1\1_patch_0_0.jpg,A1,B2,0.7282
C:\Users\teflo\Desktop\Study\VLU\Comp vision\BT\Final\processed_data\test\A1\A1.01.Peo-com_104_patch_1_2.jpg,A1,A2,0.9705
C:\Users\teflo\Desktop\Study\VLU\Comp vision\BT\Final\processed_data\test\A1\A1.01.Peo-com_129_patch_2_2.jpg,A1,A2,0.7619
C:\Users\teflo\Desktop\Study\VLU\Comp vision\BT\Final\processed_data\test\A1\A1.01.Peo-com_134_patch_3_3.jpg,A1,A2,0.5727
C:\Users\teflo\Desktop\Study\VLU\Comp vision\BT\Final\processed_data\test\A1\A1.01.Peo-com_141_patch_0_1.jpg,A1,A2,0.7277
C:\Users\teflo\Desktop\Study\VLU\Comp vision\BT\Final\processed_data\test\A1\A1.01.Peo-com_147_patch_3_1.jpg,A1,A2,0.5653
C:\Users\teflo\Desktop\Study\VLU\Comp vision\BT\Final\processed_data\test\A1\A1.01.Peo-com_152_patch_3_3.jpg,A1,A2,0.9131
C:\Users\teflo\Desktop\Study\VLU\Comp vision\BT\Final\processed_data\test\A1\A1.01.Peo-com_158_patch_3_0.jpg,A1,A2,0.809
C:\Users\teflo\Desktop\Study\VLU\Comp vision\BT\Final\processed_data\test\A1\A1.01.Peo-com_164_patch_0_3.jpg,A1,A2,0.9679
C:\Users\teflo\Desktop\Study\VLU\Comp vision\BT\Final\processed_data\test\A1\A1.01.Peo-com_170_patch_2_4.jpg,A1,A2,0.9276
C:\Users\teflo\Desktop\Study\VLU\Comp vision\BT\Final\processed_data\test\A1\A1.01.Peo-com_177_patch_2_3.jpg,A1,A2,0.7268
C:\Users\teflo\Desktop\Study\VLU\Comp vision\BT\Final\processed_data\test\A1\A1.01.Peo-com_23_patch_0_1.jpg,A1,A2,0.7998
C:\Users\teflo\Desktop\Study\VLU\Comp vision\BT\Final\processed_data\test\A1\A1.01.Peo-com_38_patch_3_2.jpg,A1,A2,0.5905
C:\Users\teflo\Desktop\Study\VLU\Comp vision\BT\Final\processed_data\test\A1\A1.01.Peo-com_44_patch_3_2.jpg,A1,B2,0.505
C:\Users\teflo\Desktop\Study\VLU\Comp vision\BT\Final\processed_data\test\A1\A1.01.Peo-com_82_patch_3_3.jpg,A1,A2,0.8354
C:\Users\teflo\Desktop\Study\VLU\Comp vision\BT\Final\processed_data\test\A1\A1.01.Peo-com_98_patch_3_3.jpg,A1,A2,0.7381
C:\Users\teflo\Desktop\Study\VLU\Comp vision\BT\Final\processed_data\test\A1\A1.02.Peo-Cou_101_patch_3_3.jpg,A1,B1,0.668
C:\Users\teflo\Desktop\Study\VLU\Comp vision\BT\Final\processed_data\test\A1\A1.02.Peo-Cou_13_patch_3_0.jpg,A1,A2,0.563
C:\Users\teflo\Desktop\Study\VLU\Comp vision\BT\Final\processed_data\test\A1\A1.02.Peo-Cou_25_patch_2_0.jpg,A1,B2,0.877
C:\Users\teflo\Desktop\Study\VLU\Comp vision\BT\Final\processed_data\test\A1\A1.02.Peo-Cou_81_patch_2_5.jpg,A1,A2,0.9686
C:\Users\teflo\Desktop\Study\VLU\Comp vision\BT\Final\processed_data\test\A1\A1.02.Peo-Cou_99_patch_3_3.jpg,A1,B1,0.4054
C:\Users\teflo\Desktop\Study\VLU\Comp vision\BT\Final\processed_data\test\A1\A1.03.Ope-Hou_103_patch_3_0.jpg,A1,A2,0.4801
C:\Users\teflo\Desktop\Study\VLU\Comp vision\BT\Final\processed_data\test\A1\A1.03.Ope-Hou_127_patch_3_4.jpg,A1,A2,0.8154
C:\Users\teflo\Desktop\Study\VLU\Comp vision\BT\Final\processed_data\test\A1\A1.03.Ope-Hou_132_patch_3_3.jpg,A1,A2,0.7966
C:\Users\teflo\Desktop\Study\VLU\Comp vision\BT\Final\processed_data\test\A1\A1.03.Ope-Hou_139_patch_3_5.jpg,A1,A2,0.9375
C:\Users\teflo\Desktop\Study\VLU\Comp vision\BT\Final\processed_data\test\A1\A1.03.Ope-Hou_146_patch_1_0.jpg,A1,A2,0.8199
C:\Users\teflo\Desktop\Study\VLU\Comp vision\BT\Final\processed_data\test\A1\A1.03.Ope-Hou_151_patch_0_4.jpg,A1,A2,0.4276
C:\Users\teflo\Desktop\Study\VLU\Comp vision\BT\Final\processed_data\test\A1\A1.03.Ope-Hou_15_patch_2_4.jpg,A1,A2,0.9715
C:\Users\teflo\Desktop\Study\VLU\Comp vision\BT\Final\processed_data\test\A1\A1.03.Ope-Hou_166_patch_1_2.jpg,A1,A2,0.9413
C:\Users\teflo\Desktop\Study\VLU\Comp vision\BT\Final\processed_data\test\A1\A1.03.Ope-Hou_171_patch_1_3.jpg,A1,A2,0.9623
C:\Users\teflo\Desktop\Study\VLU\Comp vision\BT\Final\processed_data\test\A1\A1.03.Ope-Hou_17_patch_0_3.jpg,A1,A2,0.6749
C:\Users\teflo\Desktop\Study\VLU\Comp vision\BT\Final\processed_data\test\A1\A1.03.Ope-Hou_185_patch_0_2.jpg,A1,A2,0.4678
C:\Users\teflo\Desktop\Study\VLU\Comp vision\BT\Final\processed_data\test\A1\A1.03.Ope-Hou_201_patch_0_2.jpg,A1,B1,0.5354
C:\Users\teflo\Desktop\Study\VLU\Comp vision\BT\Final\processed_data\test\A1\A1.03.Ope-Hou_206_patch_3_5.jpg,A1,A2,0.7101
C:\Users\teflo\Desktop\Study\VLU\Comp vision\BT\Final\processed_data\test\A1\A1.03.Ope-Hou_213_patch_0_3.jpg,A1,A2,0.7776
C:\Users\teflo\Desktop\Study\VLU\Comp vision\BT\Final\processed_data\test\A1\A1.03.Ope-Hou_21_patch_1_1.jpg,A1,A2,0.8919
C:\Users\teflo\Desktop\Study\VLU\Comp vision\BT\Final\processed_data\test\A1\A1.03.Ope-Hou_226_patch_1_0.jpg,A1,A2,0.8951
C:\Users\teflo\Desktop\Study\VLU\Comp vision\BT\Final\processed_data\test\A1\A1.03.Ope-Hou_246_patch_2_5.jpg,A1,A2,0.8234
C:\Users\teflo\Desktop\Study\VLU\Comp vision\BT\Final\processed_data\test\A1\A1.03.Ope-Hou_253_patch_1_1.jpg,A1,A2,0.5814
C:\Users\teflo\Desktop\Study\VLU\Comp vision\BT\Final\processed_data\test\A1\A1.03.Ope-Hou_264_patch_3_1.jpg,A1,A2,0.968
C:\Users\teflo\Desktop\Study\VLU\Comp vision\BT\Final\processed_data\test\A1\A1.03.Ope-Hou_270_patch_3_1.jpg,A1,A2,0.6233
C:\Users\teflo\Desktop\Study\VLU\Comp vision\BT\Final\processed_data\test\A1\A1.03.Ope-Hou_31_patch_0_2.jpg,A1,A2,0.795
C:\Users\teflo\Desktop\Study\VLU\Comp vision\BT\Final\processed_data\test\A1\A1.03.Ope-Hou_37_patch_2_0.jpg,A1,A2,0.7076
C:\Users\teflo\Desktop\Study\VLU\Comp vision\BT\Final\processed_data\test\A1\A1.03.Ope-Hou_44_patch_2_5.jpg,A1,B1,0.3503
C:\Users\teflo\Desktop\Study\VLU\Comp vision\BT\Final\processed_data\test\A1\A1.03.Ope-Hou_56_patch_3_0.jpg,A1,B1,0.4858
C:\Users\teflo\Desktop\Study\VLU\Comp vision\BT\Final\processed_data\test\A1\A1.03.Ope-Hou_63_patch_3_4.jpg,A1,A2,0.6651
C:\Users\teflo\Desktop\Study\VLU\Comp vision\BT\Final\processed_data\test\A1\A1.03.Ope-Hou_71_patch_1_2.jpg,A1,A2,0.9681
C:\Users\teflo\Desktop\Study\VLU\Comp vision\BT\Final\processed_data\test\A1\A1.03.Ope-Hou_78_patch_2_1.jpg,A1,A2,0.3667
C:\Users\teflo\Desktop\Study\VLU\Comp vision\BT\Final\processed_data\test\A1\A1.03.Ope-Hou_84_patch_2_3.jpg,A1,A2,0.98
C:\Users\teflo\Desktop\Study\VLU\Comp vision\BT\Final\processed_data\test\A1\A1.03.Ope-Hou_90_patch_3_0.jpg,A1,A2,0.986
C:\Users\teflo\Desktop\Study\VLU\Comp vision\BT\Final\processed_data\test\A1\A1.03.Ope-Hou_98_patch_1_3.jpg,A1,A2,0.8791
C:\Users\teflo\Desktop\Study\VLU\Comp vision\BT\Final\processed_data\test\A1\A1.05.Mus-His_39_patch_2_5.jpg,A1,B1,0.4578
C:\Users\teflo\Desktop\Study\VLU\Comp vision\BT\Final\processed_data\test\A1\A1.05.Mus-His_59_patch_0_5.jpg,A1,B1,0.3122
C:\Users\teflo\Desktop\Study\VLU\Comp vision\BT\Final\processed_data\test\A1\A1.06.TDN-Sch_13_patch_3_5.jpg,A1,A2,0.3558
C:\Users\teflo\Desktop\Study\VLU\Comp vision\BT\Final\processed_data\test\A1\A1.06.TDN-Sch_147_patch_2_4.jpg,A1,A2,0.6062
C:\Users\teflo\Desktop\Study\VLU\Comp vision\BT\Final\processed_data\test\A1\A1.06.TDN-Sch_154_patch_0_4.jpg,A1,A2,0.4277
C:\Users\teflo\Desktop\Study\VLU\Comp vision\BT\Final\processed_data\test\A1\A1.06.TDN-Sch_172_patch_1_4.jpg,A1,B2,0.6929
C:\Users\teflo\Desktop\Study\VLU\Comp vision\BT\Final\processed_data\test\A1\A1.06.TDN-Sch_73_patch_2_5.jpg,A1,B2,0.6453
C:\Users\teflo\Desktop\Study\VLU\Comp vision\BT\Final\processed_data\test\A1\A1.06.TDN-Sch_98_patch_2_3.jpg,A1,B1,0.4219
C:\Users\teflo\Desktop\Study\VLU\Comp vision\BT\Final\processed_data\test\A1\A1.07.Hot-Con_06_patch_2_3.jpg,A1,A2,0.6144
C:\Users\teflo\Desktop\Study\VLU\Comp vision\BT\Final\processed_data\test\A1\A1.07.Hot-Con_12_patch_3_4.jpg,A1,A2,0.5963
C:\Users\teflo\Desktop\Study\VLU\Comp vision\BT\Final\processed_data\test\A1\A1.07.Hot-Con_25_patch_1_1.jpg,A1,A2,0.7779
C:\Users\teflo\Desktop\Study\VLU\Comp vision\BT\Final\processed_data\test\A1\A1.07.Hot-Con_31_patch_2_1.jpg,A1,A2,0.9703
C:\Users\teflo\Desktop\Study\VLU\Comp vision\BT\Final\processed_data\test\A1\A1.07.Hot-Con_46_patch_1_3.jpg,A1,A2,0.9419
C:\Users\teflo\Desktop\Study\VLU\Comp vision\BT\Final\processed_data\test\A1\A1.07.Hot-Con_56_patch_1_5.jpg,A1,B1,0.5419
C:\Users\teflo\Desktop\Study\VLU\Comp vision\BT\Final\processed_data\test\A1\A1.07.Hot-Con_62_patch_1_3.jpg,A1,B1,0.379
C:\Users\teflo\Desktop\Study\VLU\Comp vision\BT\Final\processed_data\test\A1\A1.07.Hot-Con_70_patch_0_5.jpg,A1,A2,0.9381
C:\Users\teflo\Desktop\Study\VLU\Comp vision\BT\Final\processed_data\test\A1\A1.08.MCH-Sch_04_patch_0_5.jpg,A1,B1,0.4305
C:\Users\teflo\Desktop\Study\VLU\Comp vision\BT\Final\processed_data\test\A1\A1.08.MCH-Sch_33_patch_2_2.jpg,A1,B2,0.4588
C:\Users\teflo\Desktop\Study\VLU\Comp vision\BT\Final\processed_data\test\A1\A1.08.MCH-Sch_39_patch_2_5.jpg,A1,B1,0.3959
C:\Users\teflo\Desktop\Study\VLU\Comp vision\BT\Final\processed_data\test\A1\A1.08.MCH-Sch_52_patch_2_4.jpg,A1,B2,0.5467
C:\Users\teflo\Desktop\Study\VLU\Comp vision\BT\Final\processed_data\test\A1\A1.09.Eye-Hos_07_patch_1_2.jpg,A1,A2,0.7241
C:\Users\teflo\Desktop\Study\VLU\Comp vision\BT\Final\processed_data\test\A1\A1.09.Eye-Hos_109_patch_3_0.jpg,A1,A2,0.6001
C:\Users\teflo\Desktop\Study\VLU\Comp vision\BT\Final\processed_data\test\A1\A1.09.Eye-Hos_114_patch_3_3.jpg,A1,B1,0.4372
C:\Users\teflo\Desktop\Study\VLU\Comp vision\BT\Final\processed_data\test\A1\A1.09.Eye-Hos_120_patch_0_4.jpg,A1,B2,0.2865
C:\Users\teflo\Desktop\Study\VLU\Comp vision\BT\Final\processed_data\test\A1\A1.09.Eye-Hos_23_patch_2_1.jpg,A1,B1,0.5602
C:\Users\teflo\Desktop\Study\VLU\Comp vision\BT\Final\processed_data\test\A1\A1.09.Eye-Hos_29_patch_3_0.jpg,A1,B1,0.5147
C:\Users\teflo\Desktop\Study\VLU\Comp vision\BT\Final\processed_data\test\A1\A1.09.Eye-Hos_35_patch_3_3.jpg,A1,B1,0.402
C:\Users\teflo\Desktop\Study\VLU\Comp vision\BT\Final\processed_data\test\A1\A1.09.Eye-Hos_42_patch_0_5.jpg,A1,A2,0.5491
C:\Users\teflo\Desktop\Study\VLU\Comp vision\BT\Final\processed_data\test\A1\A1.09.Eye-Hos_48_patch_1_5.jpg,A1,B2,0.4742
C:\Users\teflo\Desktop\Study\VLU\Comp vision\BT\Final\processed_data\test\A1\A1.09.Eye-Hos_54_patch_3_1.jpg,A1,A2,0.3886
C:\Users\teflo\Desktop\Study\VLU\Comp vision\BT\Final\processed_data\test\A1\A1.09.Eye-Hos_67_patch_1_0.jpg,A1,B1,0.6174
C:\Users\teflo\Desktop\Study\VLU\Comp vision\BT\Final\processed_data\test\A1\A1.09.Eye-Hos_73_patch_0_5.jpg,A1,B2,0.3898
C:\Users\teflo\Desktop\Study\VLU\Comp vision\BT\Final\processed_data\test\A1\A1.09.Eye-Hos_79_patch_1_0.jpg,A1,A2,0.55
C:\Users\teflo\Desktop\Study\VLU\Comp vision\BT\Final\processed_data\test\A1\A1.09.Eye-Hos_85_patch_1_5.jpg,A1,A2,0.6419
C:\Users\teflo\Desktop\Study\VLU\Comp vision\BT\Final\processed_data\test\A1\A1.11.LQD-Sch_18_patch_0_3.jpg,A1,B2,0.4792
C:\Users\teflo\Desktop\Study\VLU\Comp vision\BT\Final\processed_data\test\A1\A1.11.LQD-Sch_29_patch_3_5.jpg,A1,A2,0.6695
C:\Users\teflo\Desktop\Study\VLU\Comp vision\BT\Final\processed_data\test\A1\A1.11.LQD-Sch_36_patch_0_0.jpg,A1,B1,0.5042
C:\Users\teflo\Desktop\Study\VLU\Comp vision\BT\Final\processed_data\test\A1\A1.12.Chi-Hou_03_patch_0_1.jpg,A1,A2,0.8879
C:\Users\teflo\Desktop\Study\VLU\Comp vision\BT\Final\processed_data\test\A1\A1.12.Chi-Hou_113_patch_1_3.jpg,A1,A2,0.7
C:\Users\teflo\Desktop\Study\VLU\Comp vision\BT\Final\processed_data\test\A1\A1.12.Chi-Hou_125_patch_1_0.jpg,A1,A2,0.8001
C:\Users\teflo\Desktop\Study\VLU\Comp vision\BT\Final\processed_data\test\A1\A1.12.Chi-Hou_130_patch_2_2.jpg,A1,A2,0.7546
C:\Users\teflo\Desktop\Study\VLU\Comp vision\BT\Final\processed_data\test\A1\A1.12.Chi-Hou_141_patch_3_0.jpg,A1,B1,0.5971
C:\Users\teflo\Desktop\Study\VLU\Comp vision\BT\Final\processed_data\test\A1\A1.12.Chi-Hou_153_patch_0_4.jpg,A1,A2,0.6146
C:\Users\teflo\Desktop\Study\VLU\Comp vision\BT\Final\processed_data\test\A1\A1.12.Chi-Hou_159_patch_0_5.jpg,A1,A2,0.8478
C:\Users\teflo\Desktop\Study\VLU\Comp vision\BT\Final\processed_data\test\A1\A1.12.Chi-Hou_36_patch_2_2.jpg,A1,B1,0.8908
C:\Users\teflo\Desktop\Study\VLU\Comp vision\BT\Final\processed_data\test\A1\A1.12.Chi-Hou_60_patch_2_2.jpg,A1,A2,0.7155
C:\Users\teflo\Desktop\Study\VLU\Comp vision\BT\Final\processed_data\test\A1\A1.12.Chi-Hou_86_patch_3_5.jpg,A1,A2,0.8475
C:\Users\teflo\Desktop\Study\VLU\Comp vision\BT\Final\processed_data\test\A1\A1.13.Pas-Ins_106_patch_2_3.jpg,A1,B1,0.5616
C:\Users\teflo\Desktop\Study\VLU\Comp vision\BT\Final\processed_data\test\A1\A1.13.Pas-Ins_139_patch_3_0.jpg,A1,B1,0.8692
C:\Users\teflo\Desktop\Study\VLU\Comp vision\BT\Final\processed_data\test\A1\A1.13.Pas-Ins_64_patch_2_3.jpg,A1,A2,0.7179
C:\Users\teflo\Desktop\Study\VLU\Comp vision\BT\Final\processed_data\test\A1\A1.13.Pas-Ins_84_patch_0_4.jpg,A1,B1,0.4847
C:\Users\teflo\Desktop\Study\VLU\Comp vision\BT\Final\processed_data\test\A1\A1.14.Chi-Hos2_105_patch_3_2.jpg,A1,B2,0.4367
C:\Users\teflo\Desktop\Study\VLU\Comp vision\BT\Final\processed_data\test\A1\A1.14.Chi-Hos2_110_patch_2_5.jpg,A1,A2,0.4423
C:\Users\teflo\Desktop\Study\VLU\Comp vision\BT\Final\processed_data\test\A1\A1.14.Chi-Hos2_143_patch_3_1.jpg,A1,B1,0.3932
C:\Users\teflo\Desktop\Study\VLU\Comp vision\BT\Final\processed_data\test\A1\A1.14.Chi-Hos2_160_patch_0_4.jpg,A1,B1,0.4533
C:\Users\teflo\Desktop\Study\VLU\Comp vision\BT\Final\processed_data\test\A1\A1.14.Chi-Hos2_17_patch_0_1.jpg,A1,A2,0.6542
C:\Users\teflo\Desktop\Study\VLU\Comp vision\BT\Final\processed_data\test\A1\A1.14.Chi-Hos2_35_patch_0_1.jpg,A1,A2,0.5051
C:\Users\teflo\Desktop\Study\VLU\Comp vision\BT\Final\processed_data\test\A1\A1.14.Chi-Hos2_96_patch_1_0.jpg,A1,B1,0.4517
C:\Users\teflo\Desktop\Study\VLU\Comp vision\BT\Final\processed_data\test\A1\A1.15.VTT-Sch_16_patch_0_2.jpg,A1,A2,0.4247
C:\Users\teflo\Desktop\Study\VLU\Comp vision\BT\Final\processed_data\test\A1\A1.15.VTT-Sch_29_patch_0_3.jpg,A1,A2,0.5514
C:\Users\teflo\Desktop\Study\VLU\Comp vision\BT\Final\processed_data\test\A1\A1.16.LHP-Sch_15_patch_1_5.jpg,A1,B1,0.3469
C:\Users\teflo\Desktop\Study\VLU\Comp vision\BT\Final\processed_data\test\A1\A1.16.LHP-Sch_33_patch_2_1.jpg,A1,B1,0.4618
C:\Users\teflo\Desktop\Study\VLU\Comp vision\BT\Final\processed_data\test\A1\A1.16.LHP-Sch_59_patch_2_2.jpg,A1,B1,0.412
C:\Users\teflo\Desktop\Study\VLU\Comp vision\BT\Final\processed_data\test\A1\A1.17.Sai-Uni_04_patch_3_2.jpg,A1,A2,0.7614
C:\Users\teflo\Desktop\Study\VLU\Comp vision\BT\Final\processed_data\test\A1\A1.17.Sai-Uni_32_patch_0_0.jpg,A1,B1,0.556
C:\Users\teflo\Desktop\Study\VLU\Comp vision\BT\Final\processed_data\test\A1\A1.17.Sai-Uni_39_patch_2_0.jpg,A1,B1,0.6888
C:\Users\teflo\Desktop\Study\VLU\Comp vision\BT\Final\processed_data\test\A1\A1.17.Sai-Uni_45_patch_3_4.jpg,A1,A2,0.5012
C:\Users\teflo\Desktop\Study\VLU\Comp vision\BT\Final\processed_data\test\A1\A1.18.TaD-Mar_04_patch_1_5.jpg,A1,A2,0.6668
C:\Users\teflo\Desktop\Study\VLU\Comp vision\BT\Final\processed_data\test\A1\A1.18.TaD-Mar_13_patch_1_3.jpg,A1,B2,0.5424
C:\Users\teflo\Desktop\Study\VLU\Comp vision\BT\Final\processed_data\test\A1\A1.18.TaD-Mar_39_patch_1_0.jpg,A1,B1,0.5203
C:\Users\teflo\Desktop\Study\VLU\Comp vision\BT\Final\processed_data\test\A1\A1.18.TaD-Mar_47_patch_1_1.jpg,A1,B1,0.535
C:\Users\teflo\Desktop\Study\VLU\Comp vision\BT\Final\processed_data\test\A1\A1.19.TuD-DiB_15_patch_3_3.jpg,A1,A2,0.6238
C:\Users\teflo\Desktop\Study\VLU\Comp vision\BT\Final\processed_data\test\A1\A1.19.TuD-DiB_22_patch_0_0.jpg,A1,B1,0.4059
C:\Users\teflo\Desktop\Study\VLU\Comp vision\BT\Final\processed_data\test\A1\A1.19.TuD-DiB_28_patch_0_2.jpg,A1,A2,0.8431
C:\Users\teflo\Desktop\Study\VLU\Comp vision\BT\Final\processed_data\test\A1\A1.19.TuD-DiB_34_patch_1_3.jpg,A1,A2,0.8997
C:\Users\teflo\Desktop\Study\VLU\Comp vision\BT\Final\processed_data\test\A1\A1.20.Peo-Com_01_patch_1_0.jpg,A1,B1,0.3646
C:\Users\teflo\Desktop\Study\VLU\Comp vision\BT\Final\processed_data\test\A1\A1.21.Rai-Bui_23_patch_0_5.jpg,A1,B2,0.3894
C:\Users\teflo\Desktop\Study\VLU\Comp vision\BT\Final\processed_data\test\A1\A1.21.Rai-Bui_41_patch_1_4.jpg,A1,A2,0.4762
C:\Users\teflo\Desktop\Study\VLU\Comp vision\BT\Final\processed_data\test\A1\A1.22.Ben-Tha_82_patch_0_2.jpg,A1,A2,0.5674
C:\Users\teflo\Desktop\Study\VLU\Comp vision\BT\Final\processed_data\test\A1\A1.22.Ben-Tha_96_patch_0_2.jpg,A1,A2,0.6885
C:\Users\teflo\Desktop\Study\VLU\Comp vision\BT\Final\processed_data\test\A1\A1.23.Tru-Vuo_05_patch_2_3.jpg,A1,B1,0.7684
C:\Users\teflo\Desktop\Study\VLU\Comp vision\BT\Final\processed_data\test\A1\A1.23.Tru-Vuo_101_patch_3_2.jpg,A1,B1,0.6884
C:\Users\teflo\Desktop\Study\VLU\Comp vision\BT\Final\processed_data\test\A1\A1.23.Tru-Vuo_112_patch_2_5.jpg,A1,B2,0.7937
C:\Users\teflo\Desktop\Study\VLU\Comp vision\BT\Final\processed_data\test\A1\A1.23.Tru-Vuo_35_patch_0_5.jpg,A1,A2,0.3533
C:\Users\teflo\Desktop\Study\VLU\Comp vision\BT\Final\processed_data\test\A1\A1.23.Tru-Vuo_79_patch_0_5.jpg,A1,A2,0.6375
C:\Users\teflo\Desktop\Study\VLU\Comp vision\BT\Final\processed_data\test\A1\A1.23.Tru-Vuo_91_patch_0_5.jpg,A1,A2,0.4031
C:\Users\teflo\Desktop\Study\VLU\Comp vision\BT\Final\processed_data\test\A1\A1.24.Indo-Ban_04_patch_1_3.jpg,A1,A2,0.7781
C:\Users\teflo\Desktop\Study\VLU\Comp vision\BT\Final\processed_data\test\A1\A1.24.Indo-Ban_100_patch_1_3.jpg,A1,A2,0.9181
C:\Users\teflo\Desktop\Study\VLU\Comp vision\BT\Final\processed_data\test\A1\A1.24.Indo-Ban_106_patch_1_3.jpg,A1,A2,0.9173
C:\Users\teflo\Desktop\Study\VLU\Comp vision\BT\Final\processed_data\test\A1\A1.24.Indo-Ban_118_patch_1_5.jpg,A1,A2,0.3525
C:\Users\teflo\Desktop\Study\VLU\Comp vision\BT\Final\processed_data\test\A1\A1.24.Indo-Ban_12_patch_2_4.jpg,A1,A2,0.4455
C:\Users\teflo\Desktop\Study\VLU\Comp vision\BT\Final\processed_data\test\A1\A1.24.Indo-Ban_136_patch_1_2.jpg,A1,A2,0.8562
C:\Users\teflo\Desktop\Study\VLU\Comp vision\BT\Final\processed_data\test\A1\A1.24.Indo-Ban_141_patch_2_3.jpg,A1,A2,0.551
C:\Users\teflo\Desktop\Study\VLU\Comp vision\BT\Final\processed_data\test\A1\A1.24.Indo-Ban_153_patch_1_4.jpg,A1,A2,0.6757
C:\Users\teflo\Desktop\Study\VLU\Comp vision\BT\Final\processed_data\test\A1\A1.24.Indo-Ban_159_patch_3_5.jpg,A1,A2,0.7367
C:\Users\teflo\Desktop\Study\VLU\Comp vision\BT\Final\processed_data\test\A1\A1.24.Indo-Ban_165_patch_0_2.jpg,A1,A2,0.3201
C:\Users\teflo\Desktop\Study\VLU\Comp vision\BT\Final\processed_data\test\A1\A1.24.Indo-Ban_170_patch_1_0.jpg,A1,B2,0.4703
C:\Users\teflo\Desktop\Study\VLU\Comp vision\BT\Final\processed_data\test\A1\A1.24.Indo-Ban_176_patch_1_3.jpg,A1,A2,0.9532
C:\Users\teflo\Desktop\Study\VLU\Comp vision\BT\Final\processed_data\test\A1\A1.24.Indo-Ban_183_patch_3_1.jpg,A1,A2,0.3884
C:\Users\teflo\Desktop\Study\VLU\Comp vision\BT\Final\processed_data\test\A1\A1.24.Indo-Ban_189_patch_3_5.jpg,A1,B1,0.5303
C:\Users\teflo\Desktop\Study\VLU\Comp vision\BT\Final\processed_data\test\A1\A1.24.Indo-Ban_194_patch_3_3.jpg,A1,A2,0.4601
C:\Users\teflo\Desktop\Study\VLU\Comp vision\BT\Final\processed_data\test\A1\A1.24.Indo-Ban_204_patch_1_2.jpg,A1,A2,0.6793
C:\Users\teflo\Desktop\Study\VLU\Comp vision\BT\Final\processed_data\test\A1\A1.24.Indo-Ban_20_patch_3_0.jpg,A1,A2,0.3206
C:\Users\teflo\Desktop\Study\VLU\Comp vision\BT\Final\processed_data\test\A1\A1.24.Indo-Ban_218_patch_0_4.jpg,A1,A2,0.6649
C:\Users\teflo\Desktop\Study\VLU\Comp vision\BT\Final\processed_data\test\A1\A1.24.Indo-Ban_223_patch_0_4.jpg,A1,A2,0.9169
C:\Users\teflo\Desktop\Study\VLU\Comp vision\BT\Final\processed_data\test\A1\A1.24.Indo-Ban_229_patch_1_0.jpg,A1,B2,0.4342
C:\Users\teflo\Desktop\Study\VLU\Comp vision\BT\Final\processed_data\test\A1\A1.24.Indo-Ban_234_patch_3_0.jpg,A1,A2,0.4116
C:\Users\teflo\Desktop\Study\VLU\Comp vision\BT\Final\processed_data\test\A1\A1.24.Indo-Ban_23_patch_3_1.jpg,A1,A2,0.954
C:\Users\teflo\Desktop\Study\VLU\Comp vision\BT\Final\processed_data\test\A1\A1.24.Indo-Ban_245_patch_3_3.jpg,A1,B1,0.4774
C:\Users\teflo\Desktop\Study\VLU\Comp vision\BT\Final\processed_data\test\A1\A1.24.Indo-Ban_254_patch_2_0.jpg,A1,A2,0.6258
C:\Users\teflo\Desktop\Study\VLU\Comp vision\BT\Final\processed_data\test\A1\A1.24.Indo-Ban_25_patch_1_4.jpg,A1,A2,0.5247
C:\Users\teflo\Desktop\Study\VLU\Comp vision\BT\Final\processed_data\test\A1\A1.24.Indo-Ban_270_patch_2_0.jpg,A1,A2,0.8586
C:\Users\teflo\Desktop\Study\VLU\Comp vision\BT\Final\processed_data\test\A1\A1.24.Indo-Ban_276_patch_1_5.jpg,A1,A2,0.6188
C:\Users\teflo\Desktop\Study\VLU\Comp vision\BT\Final\processed_data\test\A1\A1.24.Indo-Ban_281_patch_2_2.jpg,A1,A2,0.7859
C:\Users\teflo\Desktop\Study\VLU\Comp vision\BT\Final\processed_data\test\A1\A1.24.Indo-Ban_287_patch_2_3.jpg,A1,A2,0.4476
C:\Users\teflo\Desktop\Study\VLU\Comp vision\BT\Final\processed_data\test\A1\A1.24.Indo-Ban_292_patch_3_2.jpg,A1,A2,0.6158
C:\Users\teflo\Desktop\Study\VLU\Comp vision\BT\Final\processed_data\test\A1\A1.24.Indo-Ban_298_patch_3_2.jpg,A1,A2,0.9462
C:\Users\teflo\Desktop\Study\VLU\Comp vision\BT\Final\processed_data\test\A1\A1.24.Indo-Ban_303_patch_3_2.jpg,A1,A2,0.5902
C:\Users\teflo\Desktop\Study\VLU\Comp vision\BT\Final\processed_data\test\A1\A1.24.Indo-Ban_30_patch_2_5.jpg,A1,A2,0.7623
C:\Users\teflo\Desktop\Study\VLU\Comp vision\BT\Final\processed_data\test\A1\A1.24.Indo-Ban_315_patch_3_4.jpg,A1,A2,0.981
C:\Users\teflo\Desktop\Study\VLU\Comp vision\BT\Final\processed_data\test\A1\A1.24.Indo-Ban_322_patch_0_5.jpg,A1,A2,0.6684
C:\Users\teflo\Desktop\Study\VLU\Comp vision\BT\Final\processed_data\test\A1\A1.24.Indo-Ban_328_patch_1_2.jpg,A1,B2,0.6905
C:\Users\teflo\Desktop\Study\VLU\Comp vision\BT\Final\processed_data\test\A1\A1.24.Indo-Ban_333_patch_2_0.jpg,A1,B2,0.4702
C:\Users\teflo\Desktop\Study\VLU\Comp vision\BT\Final\processed_data\test\A1\A1.24.Indo-Ban_339_patch_2_3.jpg,A1,A2,0.9105
C:\Users\teflo\Desktop\Study\VLU\Comp vision\BT\Final\processed_data\test\A1\A1.24.Indo-Ban_345_patch_3_0.jpg,A1,A2,0.9378
C:\Users\teflo\Desktop\Study\VLU\Comp vision\BT\Final\processed_data\test\A1\A1.24.Indo-Ban_350_patch_3_5.jpg,A1,B1,0.7656
C:\Users\teflo\Desktop\Study\VLU\Comp vision\BT\Final\processed_data\test\A1\A1.24.Indo-Ban_357_patch_0_2.jpg,A1,B1,0.7947
C:\Users\teflo\Desktop\Study\VLU\Comp vision\BT\Final\processed_data\test\A1\A1.24.Indo-Ban_53_patch_1_1.jpg,A1,A2,0.7256
C:\Users\teflo\Desktop\Study\VLU\Comp vision\BT\Final\processed_data\test\A1\A1.24.Indo-Ban_59_patch_2_3.jpg,A1,B1,0.5803
C:\Users\teflo\Desktop\Study\VLU\Comp vision\BT\Final\processed_data\test\A1\A1.24.Indo-Ban_65_patch_3_3.jpg,A1,A2,0.9138
C:\Users\teflo\Desktop\Study\VLU\Comp vision\BT\Final\processed_data\test\A1\A1.24.Indo-Ban_71_patch_3_4.jpg,A1,A2,0.7173
C:\Users\teflo\Desktop\Study\VLU\Comp vision\BT\Final\processed_data\test\A1\A1.24.Indo-Ban_78_patch_0_0.jpg,A1,A2,0.97
C:\Users\teflo\Desktop\Study\VLU\Comp vision\BT\Final\processed_data\test\A1\A1.24.Indo-Ban_96_patch_1_4.jpg,A1,A2,0.9869
C:\Users\teflo\Desktop\Study\VLU\Comp vision\BT\Final\processed_data\test\A1\A1.25.Gra-Sai_09_patch_2_4.jpg,A1,A2,0.7516
C:\Users\teflo\Desktop\Study\VLU\Comp vision\BT\Final\processed_data\test\A1\A1.25.Gra-Sai_16_patch_0_1.jpg,A1,A2,0.6147
C:\Users\teflo\Desktop\Study\VLU\Comp vision\BT\Final\processed_data\test\A1\A1.25.Gra-Sai_22_patch_2_3.jpg,A1,A2,0.7243
C:\Users\teflo\Desktop\Study\VLU\Comp vision\BT\Final\processed_data\test\A1\A1.25.Gra-Sai_28_patch_3_1.jpg,A1,A2,0.6557
C:\Users\teflo\Desktop\Study\VLU\Comp vision\BT\Final\processed_data\test\A1\A1.25.Gra-Sai_34_patch_3_4.jpg,A1,A2,0.6494
C:\Users\teflo\Desktop\Study\VLU\Comp vision\BT\Final\processed_data\test\A1\A1.25.Gra-Sai_40_patch_3_2.jpg,A1,A2,0.4608
C:\Users\teflo\Desktop\Study\VLU\Comp vision\BT\Final\processed_data\test\A1\A1.25.Gra-Sai_53_patch_2_3.jpg,A1,A2,0.3634
C:\Users\teflo\Desktop\Study\VLU\Comp vision\BT\Final\processed_data\test\A1\A1.25.Gra-Sai_59_patch_2_3.jpg,A1,A2,0.8161
C:\Users\teflo\Desktop\Study\VLU\Comp vision\BT\Final\processed_data\test\A1\A1.25.Gra-Sai_65_patch_3_3.jpg,A1,A2,0.3371
C:\Users\teflo\Desktop\Study\VLU\Comp vision\BT\Final\processed_data\test\A1\A1.25.Gra-Sai_71_patch_3_4.jpg,A1,B2,0.4731
C:\Users\teflo\Desktop\Study\VLU\Comp vision\BT\Final\processed_data\test\A1\A1.25.Gra-Sai_77_patch_3_1.jpg,A1,A2,0.9701
C:\Users\teflo\Desktop\Study\VLU\Comp vision\BT\Final\processed_data\test\A1\A1.25.Gra-Sai_90_patch_0_3.jpg,A1,A2,0.6691
C:\Users\teflo\Desktop\Study\VLU\Comp vision\BT\Final\processed_data\test\A1\A1.26.Tan-Din_101_patch_2_1.jpg,A1,A2,0.6283
C:\Users\teflo\Desktop\Study\VLU\Comp vision\BT\Final\processed_data\test\A1\A1.26.Tan-Din_108_patch_1_0.jpg,A1,A2,0.6577
C:\Users\teflo\Desktop\Study\VLU\Comp vision\BT\Final\processed_data\test\A1\A1.26.Tan-Din_11_patch_2_1.jpg,A1,A2,0.8715
C:\Users\teflo\Desktop\Study\VLU\Comp vision\BT\Final\processed_data\test\A1\A1.26.Tan-Din_126_patch_2_1.jpg,A1,B2,0.4593
C:\Users\teflo\Desktop\Study\VLU\Comp vision\BT\Final\processed_data\test\A1\A1.26.Tan-Din_138_patch_1_3.jpg,A1,A2,0.3484
C:\Users\teflo\Desktop\Study\VLU\Comp vision\BT\Final\processed_data\test\A1\A1.26.Tan-Din_143_patch_2_5.jpg,A1,A2,0.59
C:\Users\teflo\Desktop\Study\VLU\Comp vision\BT\Final\processed_data\test\A1\A1.26.Tan-Din_154_patch_3_3.jpg,A1,A2,0.4436
C:\Users\teflo\Desktop\Study\VLU\Comp vision\BT\Final\processed_data\test\A1\A1.26.Tan-Din_34_patch_3_4.jpg,A1,A2,0.7798
C:\Users\teflo\Desktop\Study\VLU\Comp vision\BT\Final\processed_data\test\A1\A1.26.Tan-Din_41_patch_0_5.jpg,A1,A2,0.7252
C:\Users\teflo\Desktop\Study\VLU\Comp vision\BT\Final\processed_data\test\A1\A1.26.Tan-Din_47_patch_2_5.jpg,A1,A2,0.8296
C:\Users\teflo\Desktop\Study\VLU\Comp vision\BT\Final\processed_data\test\A1\A1.26.Tan-Din_63_patch_0_5.jpg,A1,A2,0.6111
C:\Users\teflo\Desktop\Study\VLU\Comp vision\BT\Final\processed_data\test\A1\A1.26.Tan-Din_72_patch_1_0.jpg,A1,A2,0.4977
C:\Users\teflo\Desktop\Study\VLU\Comp vision\BT\Final\processed_data\test\A1\A1.26.Tan-Din_93_patch_3_0.jpg,A1,A2,0.5412
C:\Users\teflo\Desktop\Study\VLU\Comp vision\BT\Final\processed_data\test\A1\A1.27.Tu-Du_09_patch_1_1.jpg,A1,B1,0.4536
C:\Users\teflo\Desktop\Study\VLU\Comp vision\BT\Final\processed_data\test\A1\A1.27.Tu-Du_27_patch_0_3.jpg,A1,A2,0.5208
C:\Users\teflo\Desktop\Study\VLU\Comp vision\BT\Final\processed_data\test\A1\A1.27.Tu-Du_45_patch_2_0.jpg,A1,B1,0.4543
C:\Users\teflo\Desktop\Study\VLU\Comp vision\BT\Final\processed_data\test\A1\A1.28.Cam-Mus_07_patch_3_1.jpg,A1,B2,0.6189
C:\Users\teflo\Desktop\Study\VLU\Comp vision\BT\Final\processed_data\test\A1\A1.28.Cam-Mus_14_patch_1_4.jpg,A1,B1,0.4626
C:\Users\teflo\Desktop\Study\VLU\Comp vision\BT\Final\processed_data\test\A1\A1.28.Cam-Mus_21_patch_3_4.jpg,A1,B1,0.3959
C:\Users\teflo\Desktop\Study\VLU\Comp vision\BT\Final\processed_data\test\A1\A1.28.Cam-Mus_29_patch_0_2.jpg,A1,A2,0.7169
C:\Users\teflo\Desktop\Study\VLU\Comp vision\BT\Final\processed_data\test\A1\A1.28.Cam-Mus_35_patch_2_2.jpg,A1,B2,0.6543
C:\Users\teflo\Desktop\Study\VLU\Comp vision\BT\Final\processed_data\test\A1\A1.28.Cam-Mus_41_patch_3_5.jpg,A1,B1,0.6081
C:\Users\teflo\Desktop\Study\VLU\Comp vision\BT\Final\processed_data\test\A1\A1.28.Cam-Mus_48_patch_2_2.jpg,A1,A2,0.5466
C:\Users\teflo\Desktop\Study\VLU\Comp vision\BT\Final\processed_data\test\A1\A1.28.Cam-Mus_54_patch_1_4.jpg,A1,B1,0.7133
C:\Users\teflo\Desktop\Study\VLU\Comp vision\BT\Final\processed_data\test\A1\A1.29.Lab-Cul_15_patch_3_5.jpg,A1,B2,0.3899
C:\Users\teflo\Desktop\Study\VLU\Comp vision\BT\Final\processed_data\test\A1\A1.29.Lab-Cul_22_patch_3_2.jpg,A1,B1,0.6684
C:\Users\teflo\Desktop\Study\VLU\Comp vision\BT\Final\processed_data\test\A1\A1.32.Sec-Adm_12_patch_0_0.jpg,A1,A2,0.6238
C:\Users\teflo\Desktop\Study\VLU\Comp vision\BT\Final\processed_data\test\A1\A1.34.Maj-Hot_01_patch_3_5.jpg,A1,B1,0.5204
C:\Users\teflo\Desktop\Study\VLU\Comp vision\BT\Final\processed_data\test\A1\A1.34.Maj-Hot_08_patch_3_0.jpg,A1,A2,0.8316
C:\Users\teflo\Desktop\Study\VLU\Comp vision\BT\Final\processed_data\test\A1\A1.36.St-Paul_01_patch_1_0.jpg,A1,B1,0.4562
C:\Users\teflo\Desktop\Study\VLU\Comp vision\BT\Final\processed_data\test\A1\A1.36.St-Paul_19_patch_1_4.jpg,A1,A2,0.6655
C:\Users\teflo\Desktop\Study\VLU\Comp vision\BT\Final\processed_data\test\A1\A1.36.St-Paul_41_patch_2_2.jpg,A1,A2,0.8135
C:\Users\teflo\Desktop\Study\VLU\Comp vision\BT\Final\processed_data\test\A1\A1.36.St-Paul_48_patch_0_0.jpg,A1,A2,0.9216
C:\Users\teflo\Desktop\Study\VLU\Comp vision\BT\Final\processed_data\test\A1\A1.36.St-Paul_54_patch_1_0.jpg,A1,A2,0.907
C:\Users\teflo\Desktop\Study\VLU\Comp vision\BT\Final\processed_data\test\A1\A1.36.St-Paul_61_patch_0_0.jpg,A1,A2,0.9765
C:\Users\teflo\Desktop\Study\VLU\Comp vision\BT\Final\processed_data\test\A1\A1.36.St-Paul_67_patch_2_1.jpg,A1,A2,0.4389
C:\Users\teflo\Desktop\Study\VLU\Comp vision\BT\Final\processed_data\test\A1\A1.39.Oil-Buid_03_patch_1_1.jpg,A1,B2,0.4453
C:\Users\teflo\Desktop\Study\VLU\Comp vision\BT\Final\processed_data\test\A1\A1.39.Oil-Buid_15_patch_0_2.jpg,A1,B1,0.4827
C:\Users\teflo\Desktop\Study\VLU\Comp vision\BT\Final\processed_data\test\A1\A1.39.Oil-Buid_21_patch_3_1.jpg,A1,A2,0.7498
C:\Users\teflo\Desktop\Study\VLU\Comp vision\BT\Final\processed_data\test\A1\A1.39.Oil-Buid_27_patch_3_2.jpg,A1,A2,0.5205
C:\Users\teflo\Desktop\Study\VLU\Comp vision\BT\Final\processed_data\test\A1\A1.39.Oil-Buid_33_patch_3_3.jpg,A1,A2,0.7185
C:\Users\teflo\Desktop\Study\VLU\Comp vision\BT\Final\processed_data\test\A1\A1.39.Oil-Buid_39_patch_3_4.jpg,A1,B2,0.4242
C:\Users\teflo\Desktop\Study\VLU\Comp vision\BT\Final\processed_data\test\A1\A1.39.Oil-Buid_45_patch_3_2.jpg,A1,B2,0.5503
C:\Users\teflo\Desktop\Study\VLU\Comp vision\BT\Final\processed_data\test\A1\A1.39.Oil-Buid_51_patch_3_0.jpg,A1,A2,0.5862
C:\Users\teflo\Desktop\Study\VLU\Comp vision\BT\Final\processed_data\test\A1\A1.39.Oil-Buid_57_patch_3_5.jpg,A1,A2,0.5784
C:\Users\teflo\Desktop\Study\VLU\Comp vision\BT\Final\processed_data\test\A1\A1.39.Oil-Buid_63_patch_3_5.jpg,A1,A2,0.8538
C:\Users\teflo\Desktop\Study\VLU\Comp vision\BT\Final\processed_data\test\A1\A1.41.Sto-Exc_06_patch_1_5.jpg,A1,A2,0.8623
C:\Users\teflo\Desktop\Study\VLU\Comp vision\BT\Final\processed_data\test\A1\A1.41.Sto-Exc_13_patch_0_4.jpg,A1,A2,0.5404
C:\Users\teflo\Desktop\Study\VLU\Comp vision\BT\Final\processed_data\test\A1\A1.41.Sto-Exc_19_patch_0_3.jpg,A1,A2,0.5086
C:\Users\teflo\Desktop\Study\VLU\Comp vision\BT\Final\processed_data\test\A1\A1.41.Sto-Exc_25_patch_0_0.jpg,A1,A2,0.3782
C:\Users\teflo\Desktop\Study\VLU\Comp vision\BT\Final\processed_data\test\A1\A1.41.Sto-Exc_37_patch_1_3.jpg,A1,A2,0.5579
C:\Users\teflo\Desktop\Study\VLU\Comp vision\BT\Final\processed_data\test\A1\A1.41.Sto-Exc_43_patch_2_2.jpg,A1,A2,0.9282
C:\Users\teflo\Desktop\Study\VLU\Comp vision\BT\Final\processed_data\test\A1\A1.42.BIDV-Bui_05_patch_3_2.jpg,A1,B1,0.6371
C:\Users\teflo\Desktop\Study\VLU\Comp vision\BT\Final\processed_data\test\A1\A1.42.BIDV-Bui_11_patch_3_2.jpg,A1,A2,0.6532
C:\Users\teflo\Desktop\Study\VLU\Comp vision\BT\Final\processed_data\test\A1\A1.42.BIDV-Bui_18_patch_3_1.jpg,A1,A2,0.9721
C:\Users\teflo\Desktop\Study\VLU\Comp vision\BT\Final\processed_data\test\A1\A1.42.BIDV-Bui_25_patch_3_5.jpg,A1,A2,0.7548
C:\Users\teflo\Desktop\Study\VLU\Comp vision\BT\Final\processed_data\test\A1\A1.42.BIDV-Bui_32_patch_2_2.jpg,A1,A2,0.9135
C:\Users\teflo\Desktop\Study\VLU\Comp vision\BT\Final\processed_data\test\A1\A1.42.BIDV-Bui_45_patch_1_1.jpg,A1,A2,0.7516
C:\Users\teflo\Desktop\Study\VLU\Comp vision\BT\Final\processed_data\test\A1\A1.43.Sta-Tre_05_patch_0_5.jpg,A1,A2,0.4984
C:\Users\teflo\Desktop\Study\VLU\Comp vision\BT\Final\processed_data\test\A1\A1.43.Sta-Tre_30_patch_1_5.jpg,A1,A2,0.4982
C:\Users\teflo\Desktop\Study\VLU\Comp vision\BT\Final\processed_data\test\A1\A1.43.Sta-Tre_54_patch_2_3.jpg,A1,B1,0.4513
C:\Users\teflo\Desktop\Study\VLU\Comp vision\BT\Final\processed_data\test\A2\A2.05.Pub-Ser_01_patch_0_0.jpg,A2,A1,0.7269
C:\Users\teflo\Desktop\Study\VLU\Comp vision\BT\Final\processed_data\test\A2\A2.05.Pub-Ser_01_patch_0_4.jpg,A2,B1,0.3107
C:\Users\teflo\Desktop\Study\VLU\Comp vision\BT\Final\processed_data\test\A2\A2.05.Pub-Ser_01_patch_1_3.jpg,A2,B1,0.7236
C:\Users\teflo\Desktop\Study\VLU\Comp vision\BT\Final\processed_data\test\A2\A2.05.Pub-Ser_01_patch_3_4.jpg,A2,B1,0.6218
C:\Users\teflo\Desktop\Study\VLU\Comp vision\BT\Final\processed_data\test\A2\A2.05.Pub-Ser_03_patch_3_1.jpg,A2,A1,0.4086
C:\Users\teflo\Desktop\Study\VLU\Comp vision\BT\Final\processed_data\test\A2\A2.05.Pub-Ser_04_patch_0_0.jpg,A2,A1,0.8227
C:\Users\teflo\Desktop\Study\VLU\Comp vision\BT\Final\processed_data\test\A2\A2.05.Pub-Ser_04_patch_1_3.jpg,A2,B1,0.5801
C:\Users\teflo\Desktop\Study\VLU\Comp vision\BT\Final\processed_data\test\A2\A2.05.Pub-Ser_04_patch_2_3.jpg,A2,A1,0.491
C:\Users\teflo\Desktop\Study\VLU\Comp vision\BT\Final\processed_data\test\A2\A2.05.Pub-Ser_04_patch_3_1.jpg,A2,B1,0.9291
C:\Users\teflo\Desktop\Study\VLU\Comp vision\BT\Final\processed_data\test\A2\A2.05.Pub-Ser_06_patch_1_1.jpg,A2,B1,0.8305
C:\Users\teflo\Desktop\Study\VLU\Comp vision\BT\Final\processed_data\test\A2\A2.05.Pub-Ser_07_patch_3_5.jpg,A2,B1,0.3884
C:\Users\teflo\Desktop\Study\VLU\Comp vision\BT\Final\processed_data\test\A2\A2.05.Pub-Ser_08_patch_0_4.jpg,A2,B1,0.436
C:\Users\teflo\Desktop\Study\VLU\Comp vision\BT\Final\processed_data\test\A2\A2.05.Pub-Ser_08_patch_1_2.jpg,A2,B1,0.5924
C:\Users\teflo\Desktop\Study\VLU\Comp vision\BT\Final\processed_data\test\A2\A2.05.Pub-Ser_08_patch_2_2.jpg,A2,B1,0.4006
C:\Users\teflo\Desktop\Study\VLU\Comp vision\BT\Final\processed_data\test\A2\A2.05.Pub-Ser_08_patch_3_0.jpg,A2,B1,0.4769
C:\Users\teflo\Desktop\Study\VLU\Comp vision\BT\Final\processed_data\test\A2\A2.05.Pub-Ser_08_patch_3_5.jpg,A2,B1,0.6011
C:\Users\teflo\Desktop\Study\VLU\Comp vision\BT\Final\processed_data\test\A2\A2.05.Pub-Ser_10_patch_1_0.jpg,A2,B1,0.4082
C:\Users\teflo\Desktop\Study\VLU\Comp vision\BT\Final\processed_data\test\A2\A2.05.Pub-Ser_12_patch_1_0.jpg,A2,B1,0.4485
C:\Users\teflo\Desktop\Study\VLU\Comp vision\BT\Final\processed_data\test\A2\A2.05.Pub-Ser_12_patch_1_4.jpg,A2,B1,0.6264
C:\Users\teflo\Desktop\Study\VLU\Comp vision\BT\Final\processed_data\test\A2\A2.05.Pub-Ser_12_patch_2_3.jpg,A2,B2,0.6439
C:\Users\teflo\Desktop\Study\VLU\Comp vision\BT\Final\processed_data\test\A2\A2.05.Pub-Ser_12_patch_3_1.jpg,A2,B1,0.5229
C:\Users\teflo\Desktop\Study\VLU\Comp vision\BT\Final\processed_data\test\A2\A2.05.Pub-Ser_13_patch_0_5.jpg,A2,B1,0.3707
C:\Users\teflo\Desktop\Study\VLU\Comp vision\BT\Final\processed_data\test\A2\A2.05.Pub-Ser_13_patch_3_0.jpg,A2,A1,0.4984
C:\Users\teflo\Desktop\Study\VLU\Comp vision\BT\Final\processed_data\test\A2\A2.05.Pub-Ser_14_patch_0_0.jpg,A2,B2,0.3999
C:\Users\teflo\Desktop\Study\VLU\Comp vision\BT\Final\processed_data\test\A2\A2.05.Pub-Ser_14_patch_1_5.jpg,A2,B1,0.4078
C:\Users\teflo\Desktop\Study\VLU\Comp vision\BT\Final\processed_data\test\A2\A2.05.Pub-Ser_14_patch_2_4.jpg,A2,B1,0.5951
C:\Users\teflo\Desktop\Study\VLU\Comp vision\BT\Final\processed_data\test\A2\A2.05.Pub-Ser_15_patch_3_1.jpg,A2,B1,0.5849
C:\Users\teflo\Desktop\Study\VLU\Comp vision\BT\Final\processed_data\test\A2\A2.05.Pub-Ser_16_patch_1_3.jpg,A2,B1,0.3779
C:\Users\teflo\Desktop\Study\VLU\Comp vision\BT\Final\processed_data\test\A2\A2.05.Pub-Ser_16_patch_2_2.jpg,A2,B1,0.4324
C:\Users\teflo\Desktop\Study\VLU\Comp vision\BT\Final\processed_data\test\A2\A2.05.Pub-Ser_16_patch_3_0.jpg,A2,B1,0.4682
C:\Users\teflo\Desktop\Study\VLU\Comp vision\BT\Final\processed_data\test\A2\A2.05.Pub-Ser_16_patch_3_5.jpg,A2,B1,0.6243
C:\Users\teflo\Desktop\Study\VLU\Comp vision\BT\Final\processed_data\test\A2\A2.05.Pub-Ser_17_patch_0_5.jpg,A2,A1,0.6005
C:\Users\teflo\Desktop\Study\VLU\Comp vision\BT\Final\processed_data\test\A2\A2.05.Pub-Ser_17_patch_1_3.jpg,A2,B2,0.3588
C:\Users\teflo\Desktop\Study\VLU\Comp vision\BT\Final\processed_data\test\A2\A2.05.Pub-Ser_17_patch_3_1.jpg,A2,B1,0.4658
C:\Users\teflo\Desktop\Study\VLU\Comp vision\BT\Final\processed_data\test\A2\A2.05.Pub-Ser_18_patch_0_5.jpg,A2,A1,0.459
C:\Users\teflo\Desktop\Study\VLU\Comp vision\BT\Final\processed_data\test\A2\A2.05.Pub-Ser_18_patch_2_2.jpg,A2,B1,0.3177
C:\Users\teflo\Desktop\Study\VLU\Comp vision\BT\Final\processed_data\test\A2\A2.05.Pub-Ser_18_patch_3_2.jpg,A2,B1,0.4529
C:\Users\teflo\Desktop\Study\VLU\Comp vision\BT\Final\processed_data\test\A2\A2.05.Pub-Ser_20_patch_0_5.jpg,A2,B1,0.369
C:\Users\teflo\Desktop\Study\VLU\Comp vision\BT\Final\processed_data\test\A2\A2.05.Pub-Ser_20_patch_3_2.jpg,A2,B1,0.5819
C:\Users\teflo\Desktop\Study\VLU\Comp vision\BT\Final\processed_data\test\A2\A2.05.Pub-Ser_22_patch_0_5.jpg,A2,B1,0.5464
C:\Users\teflo\Desktop\Study\VLU\Comp vision\BT\Final\processed_data\test\A2\A2.05.Pub-Ser_22_patch_2_2.jpg,A2,B1,0.5962
C:\Users\teflo\Desktop\Study\VLU\Comp vision\BT\Final\processed_data\test\A2\A2.05.Pub-Ser_23_patch_2_4.jpg,A2,A1,0.794
C:\Users\teflo\Desktop\Study\VLU\Comp vision\BT\Final\processed_data\test\A2\A2.05.Pub-Ser_24_patch_3_4.jpg,A2,B1,0.3696
C:\Users\teflo\Desktop\Study\VLU\Comp vision\BT\Final\processed_data\test\A2\A2.06.VCB-Tow_01_patch_0_1.jpg,A2,B1,0.6587
C:\Users\teflo\Desktop\Study\VLU\Comp vision\BT\Final\processed_data\test\A2\A2.06.VCB-Tow_01_patch_1_4.jpg,A2,B2,0.7409
C:\Users\teflo\Desktop\Study\VLU\Comp vision\BT\Final\processed_data\test\A2\A2.06.VCB-Tow_01_patch_3_1.jpg,A2,B2,0.6143
C:\Users\teflo\Desktop\Study\VLU\Comp vision\BT\Final\processed_data\test\A2\A2.06.VCB-Tow_02_patch_0_4.jpg,A2,B2,0.4977
C:\Users\teflo\Desktop\Study\VLU\Comp vision\BT\Final\processed_data\test\A2\A2.06.VCB-Tow_02_patch_1_3.jpg,A2,B1,0.6842
C:\Users\teflo\Desktop\Study\VLU\Comp vision\BT\Final\processed_data\test\A2\A2.06.VCB-Tow_02_patch_2_2.jpg,A2,A1,0.3858
C:\Users\teflo\Desktop\Study\VLU\Comp vision\BT\Final\processed_data\test\A2\A2.06.VCB-Tow_03_patch_0_3.jpg,A2,B1,0.7454
C:\Users\teflo\Desktop\Study\VLU\Comp vision\BT\Final\processed_data\test\A2\A2.06.VCB-Tow_03_patch_2_1.jpg,A2,A1,0.3721
C:\Users\teflo\Desktop\Study\VLU\Comp vision\BT\Final\processed_data\test\A2\A2.06.VCB-Tow_03_patch_2_5.jpg,A2,A1,0.4797
C:\Users\teflo\Desktop\Study\VLU\Comp vision\BT\Final\processed_data\test\A2\A2.06.VCB-Tow_03_patch_3_4.jpg,A2,B1,0.4108
C:\Users\teflo\Desktop\Study\VLU\Comp vision\BT\Final\processed_data\test\A2\A2.06.VCB-Tow_04_patch_1_1.jpg,A2,B1,0.5054
C:\Users\teflo\Desktop\Study\VLU\Comp vision\BT\Final\processed_data\test\A2\A2.06.VCB-Tow_04_patch_2_0.jpg,A2,B1,0.4624
C:\Users\teflo\Desktop\Study\VLU\Comp vision\BT\Final\processed_data\test\A2\A2.06.VCB-Tow_04_patch_3_3.jpg,A2,B2,0.5078
C:\Users\teflo\Desktop\Study\VLU\Comp vision\BT\Final\processed_data\test\A2\A2.06.VCB-Tow_05_patch_1_0.jpg,A2,B1,0.4614
C:\Users\teflo\Desktop\Study\VLU\Comp vision\BT\Final\processed_data\test\A2\A2.06.VCB-Tow_06_patch_0_0.jpg,A2,B1,0.5439
C:\Users\teflo\Desktop\Study\VLU\Comp vision\BT\Final\processed_data\test\A2\A2.06.VCB-Tow_10_patch_0_1.jpg,A2,B2,0.4913
C:\Users\teflo\Desktop\Study\VLU\Comp vision\BT\Final\processed_data\test\A2\A2.06.VCB-Tow_10_patch_1_1.jpg,A2,B2,0.57
C:\Users\teflo\Desktop\Study\VLU\Comp vision\BT\Final\processed_data\test\A2\A2.06.VCB-Tow_12_patch_1_2.jpg,A2,B1,0.3673
C:\Users\teflo\Desktop\Study\VLU\Comp vision\BT\Final\processed_data\test\A2\A2.06.VCB-Tow_14_patch_1_5.jpg,A2,A1,0.3232
C:\Users\teflo\Desktop\Study\VLU\Comp vision\BT\Final\processed_data\test\A2\A2.06.VCB-Tow_16_patch_0_4.jpg,A2,B2,0.2912
C:\Users\teflo\Desktop\Study\VLU\Comp vision\BT\Final\processed_data\test\A2\A2.06.VCB-Tow_19_patch_1_0.jpg,A2,B2,0.4445
C:\Users\teflo\Desktop\Study\VLU\Comp vision\BT\Final\processed_data\test\A2\A2.06.VCB-Tow_22_patch_3_3.jpg,A2,B1,0.5466
C:\Users\teflo\Desktop\Study\VLU\Comp vision\BT\Final\processed_data\test\A2\A2.06.VCB-Tow_23_patch_0_1.jpg,A2,B1,0.4641
C:\Users\teflo\Desktop\Study\VLU\Comp vision\BT\Final\processed_data\test\A2\A2.06.VCB-Tow_23_patch_1_0.jpg,A2,A1,0.4637
C:\Users\teflo\Desktop\Study\VLU\Comp vision\BT\Final\processed_data\test\A2\A2.06.VCB-Tow_23_patch_3_2.jpg,A2,A1,0.4183
C:\Users\teflo\Desktop\Study\VLU\Comp vision\BT\Final\processed_data\test\A2\A2.06.VCB-Tow_24_patch_3_1.jpg,A2,B1,0.6288
C:\Users\teflo\Desktop\Study\VLU\Comp vision\BT\Final\processed_data\test\A2\A2.06.VCB-Tow_25_patch_2_2.jpg,A2,B1,0.4928
C:\Users\teflo\Desktop\Study\VLU\Comp vision\BT\Final\processed_data\test\A2\A2.06.VCB-Tow_30_patch_0_0.jpg,A2,B2,0.4545
C:\Users\teflo\Desktop\Study\VLU\Comp vision\BT\Final\processed_data\test\A2\A2.06.VCB-Tow_30_patch_3_0.jpg,A2,B2,0.5986
C:\Users\teflo\Desktop\Study\VLU\Comp vision\BT\Final\processed_data\test\A2\A2.06.VCB-Tow_32_patch_2_1.jpg,A2,B1,0.589
C:\Users\teflo\Desktop\Study\VLU\Comp vision\BT\Final\processed_data\test\A2\A2.06.VCB-Tow_36_patch_0_0.jpg,A2,B2,0.714
C:\Users\teflo\Desktop\Study\VLU\Comp vision\BT\Final\processed_data\test\A2\A2.06.VCB-Tow_37_patch_0_3.jpg,A2,A1,0.4512
C:\Users\teflo\Desktop\Study\VLU\Comp vision\BT\Final\processed_data\test\A2\A2.06.VCB-Tow_37_patch_3_1.jpg,A2,B2,0.4268
C:\Users\teflo\Desktop\Study\VLU\Comp vision\BT\Final\processed_data\test\A2\A2.06.VCB-Tow_38_patch_0_2.jpg,A2,B2,0.4504
C:\Users\teflo\Desktop\Study\VLU\Comp vision\BT\Final\processed_data\test\A2\A2.06.VCB-Tow_38_patch_1_5.jpg,A2,B2,0.6344
C:\Users\teflo\Desktop\Study\VLU\Comp vision\BT\Final\processed_data\test\A2\A2.06.VCB-Tow_38_patch_3_2.jpg,A2,B1,0.4573
C:\Users\teflo\Desktop\Study\VLU\Comp vision\BT\Final\processed_data\test\A2\A2.06.VCB-Tow_39_patch_0_0.jpg,A2,B1,0.6263
C:\Users\teflo\Desktop\Study\VLU\Comp vision\BT\Final\processed_data\test\A2\A2.06.VCB-Tow_39_patch_0_5.jpg,A2,B2,0.5755
C:\Users\teflo\Desktop\Study\VLU\Comp vision\BT\Final\processed_data\test\A2\A2.06.VCB-Tow_39_patch_3_1.jpg,A2,B1,0.5216
C:\Users\teflo\Desktop\Study\VLU\Comp vision\BT\Final\processed_data\test\A2\A2.06.VCB-Tow_40_patch_2_1.jpg,A2,B2,0.5099
C:\Users\teflo\Desktop\Study\VLU\Comp vision\BT\Final\processed_data\test\A2\A2.06.VCB-Tow_43_patch_3_1.jpg,A2,B2,0.6509
C:\Users\teflo\Desktop\Study\VLU\Comp vision\BT\Final\processed_data\test\A2\A2.06.VCB-Tow_44_patch_0_0.jpg,A2,B1,0.4397
C:\Users\teflo\Desktop\Study\VLU\Comp vision\BT\Final\processed_data\test\A2\A2.06.VCB-Tow_45_patch_0_4.jpg,A2,B2,0.4724
C:\Users\teflo\Desktop\Study\VLU\Comp vision\BT\Final\processed_data\test\A2\A2.06.VCB-Tow_45_patch_2_1.jpg,A2,B1,0.6952
C:\Users\teflo\Desktop\Study\VLU\Comp vision\BT\Final\processed_data\test\A2\A2.26.Sou-Mil_01_patch_2_3.jpg,A2,A1,0.6088
C:\Users\teflo\Desktop\Study\VLU\Comp vision\BT\Final\processed_data\test\A2\A2.26.Sou-Mil_01_patch_3_3.jpg,A2,A1,0.5406
C:\Users\teflo\Desktop\Study\VLU\Comp vision\BT\Final\processed_data\test\A2\A2.26.Sou-Mil_02_patch_2_1.jpg,A2,B2,0.3388
C:\Users\teflo\Desktop\Study\VLU\Comp vision\BT\Final\processed_data\test\A2\A2.26.Sou-Mil_02_patch_3_0.jpg,A2,B2,0.4913
C:\Users\teflo\Desktop\Study\VLU\Comp vision\BT\Final\processed_data\test\A2\A2.26.Sou-Mil_03_patch_3_0.jpg,A2,B1,0.417
C:\Users\teflo\Desktop\Study\VLU\Comp vision\BT\Final\processed_data\test\A2\A2.26.Sou-Mil_03_patch_3_5.jpg,A2,B2,0.6489
C:\Users\teflo\Desktop\Study\VLU\Comp vision\BT\Final\processed_data\test\A2\A2.26.Sou-Mil_04_patch_1_1.jpg,A2,B2,0.7759
C:\Users\teflo\Desktop\Study\VLU\Comp vision\BT\Final\processed_data\test\A2\A2.26.Sou-Mil_04_patch_2_0.jpg,A2,B1,0.4935
C:\Users\teflo\Desktop\Study\VLU\Comp vision\BT\Final\processed_data\test\A2\A2.26.Sou-Mil_04_patch_2_5.jpg,A2,A1,0.4729
C:\Users\teflo\Desktop\Study\VLU\Comp vision\BT\Final\processed_data\test\A2\A2.26.Sou-Mil_04_patch_3_3.jpg,A2,A1,0.7563
C:\Users\teflo\Desktop\Study\VLU\Comp vision\BT\Final\processed_data\test\A2\A2.26.Sou-Mil_05_patch_3_2.jpg,A2,B1,0.6953
C:\Users\teflo\Desktop\Study\VLU\Comp vision\BT\Final\processed_data\test\A2\A2.26.Sou-Mil_06_patch_1_4.jpg,A2,B1,0.6082
C:\Users\teflo\Desktop\Study\VLU\Comp vision\BT\Final\processed_data\test\A2\A2.26.Sou-Mil_06_patch_2_3.jpg,A2,B1,0.7189
C:\Users\teflo\Desktop\Study\VLU\Comp vision\BT\Final\processed_data\test\A2\A2.26.Sou-Mil_06_patch_3_2.jpg,A2,B1,0.6494
C:\Users\teflo\Desktop\Study\VLU\Comp vision\BT\Final\processed_data\test\A2\A2.26.Sou-Mil_08_patch_1_0.jpg,A2,B2,0.3882
C:\Users\teflo\Desktop\Study\VLU\Comp vision\BT\Final\processed_data\test\A2\A2.26.Sou-Mil_08_patch_2_3.jpg,A2,A1,0.49
C:\Users\teflo\Desktop\Study\VLU\Comp vision\BT\Final\processed_data\test\A2\A2.26.Sou-Mil_09_patch_1_5.jpg,A2,A1,0.7146
C:\Users\teflo\Desktop\Study\VLU\Comp vision\BT\Final\processed_data\test\A2\A2.26.Sou-Mil_09_patch_3_3.jpg,A2,B2,0.483
C:\Users\teflo\Desktop\Study\VLU\Comp vision\BT\Final\processed_data\test\A2\A2.26.Sou-Mil_10_patch_2_0.jpg,A2,A1,0.5939
C:\Users\teflo\Desktop\Study\VLU\Comp vision\BT\Final\processed_data\test\A2\A2.26.Sou-Mil_10_patch_3_4.jpg,A2,A1,0.7984
C:\Users\teflo\Desktop\Study\VLU\Comp vision\BT\Final\processed_data\test\A2\A2.26.Sou-Mil_11_patch_1_4.jpg,A2,A1,0.4687
C:\Users\teflo\Desktop\Study\VLU\Comp vision\BT\Final\processed_data\test\A2\A2.26.Sou-Mil_11_patch_2_2.jpg,A2,A1,0.4079
C:\Users\teflo\Desktop\Study\VLU\Comp vision\BT\Final\processed_data\test\A2\A2.26.Sou-Mil_11_patch_3_1.jpg,A2,A1,0.5933
C:\Users\teflo\Desktop\Study\VLU\Comp vision\BT\Final\processed_data\test\A2\A2.26.Sou-Mil_12_patch_3_3.jpg,A2,B1,0.4135
C:\Users\teflo\Desktop\Study\VLU\Comp vision\BT\Final\processed_data\test\A2\A2.26.Sou-Mil_13_patch_1_2.jpg,A2,A1,0.4294
C:\Users\teflo\Desktop\Study\VLU\Comp vision\BT\Final\processed_data\test\A2\A2.26.Sou-Mil_13_patch_2_1.jpg,A2,A1,0.7363
C:\Users\teflo\Desktop\Study\VLU\Comp vision\BT\Final\processed_data\test\A2\A2.26.Sou-Mil_13_patch_2_5.jpg,A2,A1,0.4341
C:\Users\teflo\Desktop\Study\VLU\Comp vision\BT\Final\processed_data\test\A2\A2.26.Sou-Mil_13_patch_3_4.jpg,A2,B2,0.4025
C:\Users\teflo\Desktop\Study\VLU\Comp vision\BT\Final\processed_data\test\A2\A2.26.Sou-Mil_14_patch_0_3.jpg,A2,B2,0.4856
C:\Users\teflo\Desktop\Study\VLU\Comp vision\BT\Final\processed_data\test\A2\A2.26.Sou-Mil_14_patch_2_0.jpg,A2,B2,0.6054
C:\Users\teflo\Desktop\Study\VLU\Comp vision\BT\Final\processed_data\test\A2\A2.26.Sou-Mil_14_patch_2_4.jpg,A2,A1,0.6234
C:\Users\teflo\Desktop\Study\VLU\Comp vision\BT\Final\processed_data\test\A2\A2.26.Sou-Mil_14_patch_3_3.jpg,A2,B2,0.8438
C:\Users\teflo\Desktop\Study\VLU\Comp vision\BT\Final\processed_data\test\A2\A2.26.Sou-Mil_15_patch_3_2.jpg,A2,A1,0.6654
C:\Users\teflo\Desktop\Study\VLU\Comp vision\BT\Final\processed_data\test\A2\A2.26.Sou-Mil_18_patch_0_1.jpg,A2,A1,0.7329
C:\Users\teflo\Desktop\Study\VLU\Comp vision\BT\Final\processed_data\test\A2\A2.26.Sou-Mil_18_patch_1_1.jpg,A2,B1,0.4641
C:\Users\teflo\Desktop\Study\VLU\Comp vision\BT\Final\processed_data\test\A2\A2.26.Sou-Mil_18_patch_2_0.jpg,A2,B1,0.615
C:\Users\teflo\Desktop\Study\VLU\Comp vision\BT\Final\processed_data\test\A2\A2.26.Sou-Mil_18_patch_2_4.jpg,A2,B1,0.5547
C:\Users\teflo\Desktop\Study\VLU\Comp vision\BT\Final\processed_data\test\A2\A2.26.Sou-Mil_19_patch_0_1.jpg,A2,B1,0.3959
C:\Users\teflo\Desktop\Study\VLU\Comp vision\BT\Final\processed_data\test\A2\A2.26.Sou-Mil_19_patch_1_0.jpg,A2,B1,0.4044
C:\Users\teflo\Desktop\Study\VLU\Comp vision\BT\Final\processed_data\test\A2\A2.26.Sou-Mil_19_patch_1_5.jpg,A2,A1,0.4622
C:\Users\teflo\Desktop\Study\VLU\Comp vision\BT\Final\processed_data\test\A2\A2.26.Sou-Mil_19_patch_2_3.jpg,A2,B1,0.5002
C:\Users\teflo\Desktop\Study\VLU\Comp vision\BT\Final\processed_data\test\A2\A2.26.Sou-Mil_19_patch_3_2.jpg,A2,B1,0.7099
C:\Users\teflo\Desktop\Study\VLU\Comp vision\BT\Final\processed_data\test\A2\A2.26.Sou-Mil_20_patch_3_2.jpg,A2,B1,0.6232
C:\Users\teflo\Desktop\Study\VLU\Comp vision\BT\Final\processed_data\test\A2\A2.26.Sou-Mil_22_patch_3_1.jpg,A2,B2,0.3295
C:\Users\teflo\Desktop\Study\VLU\Comp vision\BT\Final\processed_data\test\A2\A2.26.Sou-Mil_23_patch_3_1.jpg,A2,A1,0.3974
C:\Users\teflo\Desktop\Study\VLU\Comp vision\BT\Final\processed_data\test\A2\A2.26.Sou-Mil_24_patch_0_0.jpg,A2,B1,0.4936
C:\Users\teflo\Desktop\Study\VLU\Comp vision\BT\Final\processed_data\test\A2\A2.26.Sou-Mil_24_patch_0_4.jpg,A2,B1,0.6576
C:\Users\teflo\Desktop\Study\VLU\Comp vision\BT\Final\processed_data\test\A2\A2.26.Sou-Mil_25_patch_0_0.jpg,A2,B1,0.4761
C:\Users\teflo\Desktop\Study\VLU\Comp vision\BT\Final\processed_data\test\A2\A2.26.Sou-Mil_25_patch_3_0.jpg,A2,B1,0.7166
C:\Users\teflo\Desktop\Study\VLU\Comp vision\BT\Final\processed_data\test\A2\A2.26.Sou-Mil_26_patch_0_0.jpg,A2,B1,0.9183
C:\Users\teflo\Desktop\Study\VLU\Comp vision\BT\Final\processed_data\test\A2\A2.26.Sou-Mil_26_patch_0_4.jpg,A2,B1,0.5049
C:\Users\teflo\Desktop\Study\VLU\Comp vision\BT\Final\processed_data\test\A2\A2.26.Sou-Mil_26_patch_3_0.jpg,A2,B1,0.5668
C:\Users\teflo\Desktop\Study\VLU\Comp vision\BT\Final\processed_data\test\A2\A2.26.Sou-Mil_27_patch_0_1.jpg,A2,A1,0.4958
C:\Users\teflo\Desktop\Study\VLU\Comp vision\BT\Final\processed_data\test\A2\A2.26.Sou-Mil_28_patch_3_1.jpg,A2,A1,0.5977
C:\Users\teflo\Desktop\Study\VLU\Comp vision\BT\Final\processed_data\test\A2\A2.26.Sou-Mil_29_patch_0_1.jpg,A2,B1,0.6615
C:\Users\teflo\Desktop\Study\VLU\Comp vision\BT\Final\processed_data\test\A2\A2.26.Sou-Mil_29_patch_2_1.jpg,A2,B1,0.7566
C:\Users\teflo\Desktop\Study\VLU\Comp vision\BT\Final\processed_data\test\A2\A2.26.Sou-Mil_29_patch_3_0.jpg,A2,B1,0.7603
C:\Users\teflo\Desktop\Study\VLU\Comp vision\BT\Final\processed_data\test\A2\A2.26.Sou-Mil_30_patch_1_1.jpg,A2,B2,0.4442
C:\Users\teflo\Desktop\Study\VLU\Comp vision\BT\Final\processed_data\test\A2\A2.26.Sou-Mil_30_patch_3_0.jpg,A2,B1,0.7229
C:\Users\teflo\Desktop\Study\VLU\Comp vision\BT\Final\processed_data\test\A2\A2.26.Sou-Mil_31_patch_1_1.jpg,A2,B1,0.5835
C:\Users\teflo\Desktop\Study\VLU\Comp vision\BT\Final\processed_data\test\A2\A2.26.Sou-Mil_32_patch_1_2.jpg,A2,B2,0.519
C:\Users\teflo\Desktop\Study\VLU\Comp vision\BT\Final\processed_data\test\A2\A2.26.Sou-Mil_33_patch_3_1.jpg,A2,B1,0.6889
C:\Users\teflo\Desktop\Study\VLU\Comp vision\BT\Final\processed_data\test\A2\A2.26.Sou-Mil_34_patch_1_4.jpg,A2,A1,0.5605
C:\Users\teflo\Desktop\Study\VLU\Comp vision\BT\Final\processed_data\test\A2\A2.26.Sou-Mil_34_patch_2_2.jpg,A2,B2,0.8571
C:\Users\teflo\Desktop\Study\VLU\Comp vision\BT\Final\processed_data\test\A2\A2.26.Sou-Mil_34_patch_3_1.jpg,A2,B2,0.4603
C:\Users\teflo\Desktop\Study\VLU\Comp vision\BT\Final\processed_data\test\B1\B1.05.Uni-Med_01_patch_3_3.jpg,B1,A2,0.3919
C:\Users\teflo\Desktop\Study\VLU\Comp vision\BT\Final\processed_data\test\B1\B1.05.Uni-Med_04_patch_3_1.jpg,B1,A1,0.3655
C:\Users\teflo\Desktop\Study\VLU\Comp vision\BT\Final\processed_data\test\B1\B1.05.Uni-Med_08_patch_2_3.jpg,B1,A1,0.6259
C:\Users\teflo\Desktop\Study\VLU\Comp vision\BT\Final\processed_data\test\B1\B1.05.Uni-Med_100_patch_2_0.jpg,B1,A1,0.465
C:\Users\teflo\Desktop\Study\VLU\Comp vision\BT\Final\processed_data\test\B1\B1.05.Uni-Med_101_patch_1_5.jpg,B1,A1,0.5326
C:\Users\teflo\Desktop\Study\VLU\Comp vision\BT\Final\processed_data\test\B1\B1.05.Uni-Med_102_patch_1_5.jpg,B1,A2,0.545
C:\Users\teflo\Desktop\Study\VLU\Comp vision\BT\Final\processed_data\test\B1\B1.05.Uni-Med_106_patch_1_1.jpg,B1,B2,0.4302
C:\Users\teflo\Desktop\Study\VLU\Comp vision\BT\Final\processed_data\test\B1\B1.05.Uni-Med_108_patch_0_5.jpg,B1,A1,0.4779
C:\Users\teflo\Desktop\Study\VLU\Comp vision\BT\Final\processed_data\test\B1\B1.05.Uni-Med_10_patch_0_3.jpg,B1,A1,0.558
C:\Users\teflo\Desktop\Study\VLU\Comp vision\BT\Final\processed_data\test\B1\B1.05.Uni-Med_111_patch_0_1.jpg,B1,A2,0.4089
C:\Users\teflo\Desktop\Study\VLU\Comp vision\BT\Final\processed_data\test\B1\B1.05.Uni-Med_113_patch_3_5.jpg,B1,A2,0.4613
C:\Users\teflo\Desktop\Study\VLU\Comp vision\BT\Final\processed_data\test\B1\B1.05.Uni-Med_116_patch_3_3.jpg,B1,A1,0.788
C:\Users\teflo\Desktop\Study\VLU\Comp vision\BT\Final\processed_data\test\B1\B1.05.Uni-Med_121_patch_2_2.jpg,B1,B2,0.3921
C:\Users\teflo\Desktop\Study\VLU\Comp vision\BT\Final\processed_data\test\B1\B1.05.Uni-Med_122_patch_2_0.jpg,B1,A2,0.7186
C:\Users\teflo\Desktop\Study\VLU\Comp vision\BT\Final\processed_data\test\B1\B1.05.Uni-Med_123_patch_1_5.jpg,B1,A2,0.5047
C:\Users\teflo\Desktop\Study\VLU\Comp vision\BT\Final\processed_data\test\B1\B1.05.Uni-Med_12_patch_1_4.jpg,B1,A1,0.3179
C:\Users\teflo\Desktop\Study\VLU\Comp vision\BT\Final\processed_data\test\B1\B1.05.Uni-Med_133_patch_1_1.jpg,B1,A2,0.4685
C:\Users\teflo\Desktop\Study\VLU\Comp vision\BT\Final\processed_data\test\B1\B1.05.Uni-Med_134_patch_0_5.jpg,B1,A2,0.542
C:\Users\teflo\Desktop\Study\VLU\Comp vision\BT\Final\processed_data\test\B1\B1.05.Uni-Med_136_patch_0_3.jpg,B1,B2,0.3873
C:\Users\teflo\Desktop\Study\VLU\Comp vision\BT\Final\processed_data\test\B1\B1.05.Uni-Med_143_patch_2_5.jpg,B1,A2,0.3899
C:\Users\teflo\Desktop\Study\VLU\Comp vision\BT\Final\processed_data\test\B1\B1.05.Uni-Med_154_patch_0_5.jpg,B1,A2,0.8296
C:\Users\teflo\Desktop\Study\VLU\Comp vision\BT\Final\processed_data\test\B1\B1.05.Uni-Med_157_patch_0_2.jpg,B1,B2,0.7135
C:\Users\teflo\Desktop\Study\VLU\Comp vision\BT\Final\processed_data\test\B1\B1.05.Uni-Med_158_patch_0_0.jpg,B1,A2,0.837
C:\Users\teflo\Desktop\Study\VLU\Comp vision\BT\Final\processed_data\test\B1\B1.05.Uni-Med_158_patch_3_5.jpg,B1,A2,0.5038
C:\Users\teflo\Desktop\Study\VLU\Comp vision\BT\Final\processed_data\test\B1\B1.05.Uni-Med_169_patch_1_5.jpg,B1,A1,0.6521
C:\Users\teflo\Desktop\Study\VLU\Comp vision\BT\Final\processed_data\test\B1\B1.05.Uni-Med_173_patch_2_0.jpg,B1,A2,0.7002
C:\Users\teflo\Desktop\Study\VLU\Comp vision\BT\Final\processed_data\test\B1\B1.05.Uni-Med_174_patch_2_1.jpg,B1,A2,0.6471
C:\Users\teflo\Desktop\Study\VLU\Comp vision\BT\Final\processed_data\test\B1\B1.05.Uni-Med_175_patch_2_0.jpg,B1,A2,0.4892
C:\Users\teflo\Desktop\Study\VLU\Comp vision\BT\Final\processed_data\test\B1\B1.05.Uni-Med_177_patch_2_0.jpg,B1,A2,0.8297
C:\Users\teflo\Desktop\Study\VLU\Comp vision\BT\Final\processed_data\test\B1\B1.05.Uni-Med_17_patch_1_5.jpg,B1,A2,0.3839
C:\Users\teflo\Desktop\Study\VLU\Comp vision\BT\Final\processed_data\test\B1\B1.05.Uni-Med_18_patch_1_3.jpg,B1,A2,0.524
C:\Users\teflo\Desktop\Study\VLU\Comp vision\BT\Final\processed_data\test\B1\B1.05.Uni-Med_25_patch_1_2.jpg,B1,A2,0.5483
C:\Users\teflo\Desktop\Study\VLU\Comp vision\BT\Final\processed_data\test\B1\B1.05.Uni-Med_26_patch_1_0.jpg,B1,A2,0.7603
C:\Users\teflo\Desktop\Study\VLU\Comp vision\BT\Final\processed_data\test\B1\B1.05.Uni-Med_27_patch_1_0.jpg,B1,A1,0.5345
C:\Users\teflo\Desktop\Study\VLU\Comp vision\BT\Final\processed_data\test\B1\B1.05.Uni-Med_29_patch_0_5.jpg,B1,A2,0.8073
C:\Users\teflo\Desktop\Study\VLU\Comp vision\BT\Final\processed_data\test\B1\B1.05.Uni-Med_30_patch_0_4.jpg,B1,A2,0.6538
C:\Users\teflo\Desktop\Study\VLU\Comp vision\BT\Final\processed_data\test\B1\B1.05.Uni-Med_32_patch_0_4.jpg,B1,B2,0.4531
C:\Users\teflo\Desktop\Study\VLU\Comp vision\BT\Final\processed_data\test\B1\B1.05.Uni-Med_45_patch_1_5.jpg,B1,A2,0.7287
C:\Users\teflo\Desktop\Study\VLU\Comp vision\BT\Final\processed_data\test\B1\B1.05.Uni-Med_55_patch_3_3.jpg,B1,A2,0.5245
C:\Users\teflo\Desktop\Study\VLU\Comp vision\BT\Final\processed_data\test\B1\B1.05.Uni-Med_57_patch_3_1.jpg,B1,A1,0.3543
C:\Users\teflo\Desktop\Study\VLU\Comp vision\BT\Final\processed_data\test\B1\B1.05.Uni-Med_69_patch_1_5.jpg,B1,A1,0.3914
C:\Users\teflo\Desktop\Study\VLU\Comp vision\BT\Final\processed_data\test\B1\B1.05.Uni-Med_74_patch_0_5.jpg,B1,A2,0.5066
C:\Users\teflo\Desktop\Study\VLU\Comp vision\BT\Final\processed_data\test\B1\B1.05.Uni-Med_79_patch_0_2.jpg,B1,A1,0.2815
C:\Users\teflo\Desktop\Study\VLU\Comp vision\BT\Final\processed_data\test\B1\B1.05.Uni-Med_82_patch_3_3.jpg,B1,A1,0.4814
C:\Users\teflo\Desktop\Study\VLU\Comp vision\BT\Final\processed_data\test\B1\B1.05.Uni-Med_86_patch_2_4.jpg,B1,A2,0.6861
C:\Users\teflo\Desktop\Study\VLU\Comp vision\BT\Final\processed_data\test\B1\B1.05.Uni-Med_89_patch_2_0.jpg,B1,A1,0.5532
C:\Users\teflo\Desktop\Study\VLU\Comp vision\BT\Final\processed_data\test\B1\B1.05.Uni-Med_90_patch_1_5.jpg,B1,A2,0.4377
C:\Users\teflo\Desktop\Study\VLU\Comp vision\BT\Final\processed_data\test\B1\B1.05.Uni-Med_91_patch_1_4.jpg,B1,B2,0.4146
C:\Users\teflo\Desktop\Study\VLU\Comp vision\BT\Final\processed_data\test\B1\B1.05.Uni-Med_93_patch_1_1.jpg,B1,A1,0.6064
C:\Users\teflo\Desktop\Study\VLU\Comp vision\BT\Final\processed_data\test\B1\B1.05.Uni-Med_95_patch_0_5.jpg,B1,B2,0.3527
C:\Users\teflo\Desktop\Study\VLU\Comp vision\BT\Final\processed_data\test\B1\B1.05.Uni-Med_97_patch_0_2.jpg,B1,B2,0.4602
C:\Users\teflo\Desktop\Study\VLU\Comp vision\BT\Final\processed_data\test\B1\B1.07.Tho-Nha_111_patch_2_0.jpg,B1,A2,0.4003
C:\Users\teflo\Desktop\Study\VLU\Comp vision\BT\Final\processed_data\test\B1\B1.07.Tho-Nha_113_patch_3_4.jpg,B1,A2,0.9127
C:\Users\teflo\Desktop\Study\VLU\Comp vision\BT\Final\processed_data\test\B1\B1.07.Tho-Nha_117_patch_3_4.jpg,B1,A2,0.8149
C:\Users\teflo\Desktop\Study\VLU\Comp vision\BT\Final\processed_data\test\B1\B1.07.Tho-Nha_121_patch_2_0.jpg,B1,B2,0.6969
C:\Users\teflo\Desktop\Study\VLU\Comp vision\BT\Final\processed_data\test\B1\B1.07.Tho-Nha_123_patch_3_0.jpg,B1,A1,0.8752
C:\Users\teflo\Desktop\Study\VLU\Comp vision\BT\Final\processed_data\test\B1\B1.07.Tho-Nha_124_patch_3_0.jpg,B1,B2,0.7244
C:\Users\teflo\Desktop\Study\VLU\Comp vision\BT\Final\processed_data\test\B1\B1.07.Tho-Nha_127_patch_0_0.jpg,B1,B2,0.6729
C:\Users\teflo\Desktop\Study\VLU\Comp vision\BT\Final\processed_data\test\B1\B1.07.Tho-Nha_128_patch_1_3.jpg,B1,B2,0.7502
C:\Users\teflo\Desktop\Study\VLU\Comp vision\BT\Final\processed_data\test\B1\B1.07.Tho-Nha_131_patch_3_1.jpg,B1,A1,0.772
C:\Users\teflo\Desktop\Study\VLU\Comp vision\BT\Final\processed_data\test\B1\B1.07.Tho-Nha_133_patch_0_0.jpg,B1,A2,0.5944
C:\Users\teflo\Desktop\Study\VLU\Comp vision\BT\Final\processed_data\test\B1\B1.07.Tho-Nha_136_patch_2_0.jpg,B1,B2,0.5924
C:\Users\teflo\Desktop\Study\VLU\Comp vision\BT\Final\processed_data\test\B1\B1.07.Tho-Nha_139_patch_2_4.jpg,B1,B2,0.5158
C:\Users\teflo\Desktop\Study\VLU\Comp vision\BT\Final\processed_data\test\B1\B1.07.Tho-Nha_140_patch_2_2.jpg,B1,A2,0.5233
C:\Users\teflo\Desktop\Study\VLU\Comp vision\BT\Final\processed_data\test\B1\B1.07.Tho-Nha_141_patch_2_2.jpg,B1,B2,0.5039
C:\Users\teflo\Desktop\Study\VLU\Comp vision\BT\Final\processed_data\test\B1\B1.07.Tho-Nha_142_patch_2_5.jpg,B1,A2,0.574
C:\Users\teflo\Desktop\Study\VLU\Comp vision\BT\Final\processed_data\test\B1\B1.07.Tho-Nha_145_patch_0_1.jpg,B1,B2,0.4654
C:\Users\teflo\Desktop\Study\VLU\Comp vision\BT\Final\processed_data\test\B1\B1.07.Tho-Nha_146_patch_1_0.jpg,B1,B2,0.5305
C:\Users\teflo\Desktop\Study\VLU\Comp vision\BT\Final\processed_data\test\B1\B1.07.Tho-Nha_147_patch_1_5.jpg,B1,A2,0.903
C:\Users\teflo\Desktop\Study\VLU\Comp vision\BT\Final\processed_data\test\B1\B1.07.Tho-Nha_148_patch_1_4.jpg,B1,B2,0.7904
C:\Users\teflo\Desktop\Study\VLU\Comp vision\BT\Final\processed_data\test\B1\B1.07.Tho-Nha_149_patch_1_3.jpg,B1,B2,0.7585
C:\Users\teflo\Desktop\Study\VLU\Comp vision\BT\Final\processed_data\test\B1\B1.07.Tho-Nha_150_patch_1_1.jpg,B1,B2,0.867
C:\Users\teflo\Desktop\Study\VLU\Comp vision\BT\Final\processed_data\test\B1\B1.07.Tho-Nha_151_patch_1_0.jpg,B1,B2,0.8818
C:\Users\teflo\Desktop\Study\VLU\Comp vision\BT\Final\processed_data\test\B1\B1.07.Tho-Nha_152_patch_0_5.jpg,B1,B2,0.6677
C:\Users\teflo\Desktop\Study\VLU\Comp vision\BT\Final\processed_data\test\B1\B1.07.Tho-Nha_153_patch_0_3.jpg,B1,B2,0.7996
C:\Users\teflo\Desktop\Study\VLU\Comp vision\BT\Final\processed_data\test\B1\B1.07.Tho-Nha_154_patch_0_3.jpg,B1,A2,0.5213
C:\Users\teflo\Desktop\Study\VLU\Comp vision\BT\Final\processed_data\test\B1\B1.07.Tho-Nha_155_patch_1_2.jpg,B1,A2,0.5146
C:\Users\teflo\Desktop\Study\VLU\Comp vision\BT\Final\processed_data\test\B1\B1.07.Tho-Nha_157_patch_1_0.jpg,B1,B2,0.4968
C:\Users\teflo\Desktop\Study\VLU\Comp vision\BT\Final\processed_data\test\B1\B1.07.Tho-Nha_158_patch_1_0.jpg,B1,A2,0.4448
C:\Users\teflo\Desktop\Study\VLU\Comp vision\BT\Final\processed_data\test\B1\B1.07.Tho-Nha_159_patch_0_5.jpg,B1,A1,0.5062
C:\Users\teflo\Desktop\Study\VLU\Comp vision\BT\Final\processed_data\test\B1\B1.07.Tho-Nha_160_patch_0_2.jpg,B1,A2,0.5334
C:\Users\teflo\Desktop\Study\VLU\Comp vision\BT\Final\processed_data\test\B1\B1.07.Tho-Nha_163_patch_1_0.jpg,B1,A2,0.8042
C:\Users\teflo\Desktop\Study\VLU\Comp vision\BT\Final\processed_data\test\B1\B1.07.Tho-Nha_164_patch_1_1.jpg,B1,A2,0.42
C:\Users\teflo\Desktop\Study\VLU\Comp vision\BT\Final\processed_data\test\B1\B1.07.Tho-Nha_165_patch_1_0.jpg,B1,B2,0.3467
C:\Users\teflo\Desktop\Study\VLU\Comp vision\BT\Final\processed_data\test\B1\B1.07.Tho-Nha_167_patch_0_3.jpg,B1,B2,0.4691
C:\Users\teflo\Desktop\Study\VLU\Comp vision\BT\Final\processed_data\test\B1\B1.07.Tho-Nha_168_patch_0_3.jpg,B1,A2,0.5637
C:\Users\teflo\Desktop\Study\VLU\Comp vision\BT\Final\processed_data\test\B1\B1.07.Tho-Nha_169_patch_0_5.jpg,B1,A1,0.5867
C:\Users\teflo\Desktop\Study\VLU\Comp vision\BT\Final\processed_data\test\B1\B1.07.Tho-Nha_173_patch_2_3.jpg,B1,B2,0.4878
C:\Users\teflo\Desktop\Study\VLU\Comp vision\BT\Final\processed_data\test\B1\B1.07.Tho-Nha_178_patch_3_2.jpg,B1,A2,0.6505
C:\Users\teflo\Desktop\Study\VLU\Comp vision\BT\Final\processed_data\test\B1\B1.07.Tho-Nha_179_patch_3_1.jpg,B1,A1,0.5543
C:\Users\teflo\Desktop\Study\VLU\Comp vision\BT\Final\processed_data\test\B1\B1.07.Tho-Nha_180_patch_3_0.jpg,B1,B2,0.5502
C:\Users\teflo\Desktop\Study\VLU\Comp vision\BT\Final\processed_data\test\B1\B1.07.Tho-Nha_181_patch_2_5.jpg,B1,A2,0.4878
C:\Users\teflo\Desktop\Study\VLU\Comp vision\BT\Final\processed_data\test\B1\B1.07.Tho-Nha_183_patch_2_2.jpg,B1,A2,0.6113
C:\Users\teflo\Desktop\Study\VLU\Comp vision\BT\Final\processed_data\test\B1\B1.07.Tho-Nha_184_patch_3_0.jpg,B1,B2,0.7785
C:\Users\teflo\Desktop\Study\VLU\Comp vision\BT\Final\processed_data\test\B1\B1.07.Tho-Nha_185_patch_3_0.jpg,B1,B2,0.5496
C:\Users\teflo\Desktop\Study\VLU\Comp vision\BT\Final\processed_data\test\B1\B1.07.Tho-Nha_55_patch_1_0.jpg,B1,B2,0.6119
C:\Users\teflo\Desktop\Study\VLU\Comp vision\BT\Final\processed_data\test\B1\B1.07.Tho-Nha_74_patch_0_0.jpg,B1,A2,0.4631
C:\Users\teflo\Desktop\Study\VLU\Comp vision\BT\Final\processed_data\test\B1\B1.07.Tho-Nha_86_patch_0_1.jpg,B1,A2,0.7869
C:\Users\teflo\Desktop\Study\VLU\Comp vision\BT\Final\processed_data\test\B1\B1.23.Offi-Gov_02_patch_0_2.jpg,B1,A2,0.8138
C:\Users\teflo\Desktop\Study\VLU\Comp vision\BT\Final\processed_data\test\B1\B1.23.Offi-Gov_03_patch_0_1.jpg,B1,A2,0.5133
C:\Users\teflo\Desktop\Study\VLU\Comp vision\BT\Final\processed_data\test\B1\B1.23.Offi-Gov_04_patch_0_0.jpg,B1,B2,0.7369
C:\Users\teflo\Desktop\Study\VLU\Comp vision\BT\Final\processed_data\test\B1\B1.23.Offi-Gov_04_patch_3_5.jpg,B1,B2,0.4812
C:\Users\teflo\Desktop\Study\VLU\Comp vision\BT\Final\processed_data\test\B1\B1.23.Offi-Gov_05_patch_3_3.jpg,B1,A2,0.8888
C:\Users\teflo\Desktop\Study\VLU\Comp vision\BT\Final\processed_data\test\B1\B1.23.Offi-Gov_07_patch_0_0.jpg,B1,A2,0.9016
C:\Users\teflo\Desktop\Study\VLU\Comp vision\BT\Final\processed_data\test\B1\B1.23.Offi-Gov_07_patch_3_5.jpg,B1,B2,0.604
C:\Users\teflo\Desktop\Study\VLU\Comp vision\BT\Final\processed_data\test\B1\B1.23.Offi-Gov_12_patch_3_4.jpg,B1,B2,0.5229
C:\Users\teflo\Desktop\Study\VLU\Comp vision\BT\Final\processed_data\test\B1\B1.23.Offi-Gov_14_patch_0_1.jpg,B1,A2,0.6461
C:\Users\teflo\Desktop\Study\VLU\Comp vision\BT\Final\processed_data\test\B1\B1.23.Offi-Gov_15_patch_1_0.jpg,B1,A2,0.5294
C:\Users\teflo\Desktop\Study\VLU\Comp vision\BT\Final\processed_data\test\B1\B1.23.Offi-Gov_18_patch_1_0.jpg,B1,A2,0.5664
C:\Users\teflo\Desktop\Study\VLU\Comp vision\BT\Final\processed_data\test\B1\B1.23.Offi-Gov_19_patch_0_4.jpg,B1,A2,0.5365
C:\Users\teflo\Desktop\Study\VLU\Comp vision\BT\Final\processed_data\test\B1\B1.23.Offi-Gov_20_patch_0_3.jpg,B1,A2,0.4657
C:\Users\teflo\Desktop\Study\VLU\Comp vision\BT\Final\processed_data\test\B1\B1.23.Offi-Gov_21_patch_0_4.jpg,B1,A2,0.3087
C:\Users\teflo\Desktop\Study\VLU\Comp vision\BT\Final\processed_data\test\B1\B1.23.Offi-Gov_22_patch_0_5.jpg,B1,A1,0.5003
C:\Users\teflo\Desktop\Study\VLU\Comp vision\BT\Final\processed_data\test\B1\B1.23.Offi-Gov_23_patch_1_0.jpg,B1,A2,0.5246
C:\Users\teflo\Desktop\Study\VLU\Comp vision\BT\Final\processed_data\test\B1\B1.23.Offi-Gov_24_patch_1_0.jpg,B1,A2,0.6164
C:\Users\teflo\Desktop\Study\VLU\Comp vision\BT\Final\processed_data\test\B1\B1.23.Offi-Gov_26_patch_1_0.jpg,B1,A2,0.6305
C:\Users\teflo\Desktop\Study\VLU\Comp vision\BT\Final\processed_data\test\B1\B1.23.Offi-Gov_27_patch_0_5.jpg,B1,A2,0.3685
C:\Users\teflo\Desktop\Study\VLU\Comp vision\BT\Final\processed_data\test\B1\B1.23.Offi-Gov_28_patch_0_5.jpg,B1,A2,0.3909
C:\Users\teflo\Desktop\Study\VLU\Comp vision\BT\Final\processed_data\test\B1\B1.24.Rex-Hot_01_patch_1_0.jpg,B1,A2,0.3829
C:\Users\teflo\Desktop\Study\VLU\Comp vision\BT\Final\processed_data\test\B1\B1.24.Rex-Hot_06_patch_2_0.jpg,B1,A1,0.8242
C:\Users\teflo\Desktop\Study\VLU\Comp vision\BT\Final\processed_data\test\B1\B1.24.Rex-Hot_07_patch_1_4.jpg,B1,A1,0.4246
C:\Users\teflo\Desktop\Study\VLU\Comp vision\BT\Final\processed_data\test\B1\B1.24.Rex-Hot_08_patch_2_0.jpg,B1,A1,0.6451
C:\Users\teflo\Desktop\Study\VLU\Comp vision\BT\Final\processed_data\test\B1\B1.24.Rex-Hot_10_patch_1_5.jpg,B1,A2,0.6067
C:\Users\teflo\Desktop\Study\VLU\Comp vision\BT\Final\processed_data\test\B1\B1.24.Rex-Hot_13_patch_1_5.jpg,B1,A2,0.745
C:\Users\teflo\Desktop\Study\VLU\Comp vision\BT\Final\processed_data\test\B1\B1.24.Rex-Hot_15_patch_1_5.jpg,B1,A2,0.7103
C:\Users\teflo\Desktop\Study\VLU\Comp vision\BT\Final\processed_data\test\B1\B1.24.Rex-Hot_17_patch_1_3.jpg,B1,A1,0.4321
C:\Users\teflo\Desktop\Study\VLU\Comp vision\BT\Final\processed_data\test\B1\B1.24.Rex-Hot_18_patch_2_2.jpg,B1,A2,0.7544
C:\Users\teflo\Desktop\Study\VLU\Comp vision\BT\Final\processed_data\test\B1\B1.24.Rex-Hot_19_patch_2_3.jpg,B1,A1,0.4336
C:\Users\teflo\Desktop\Study\VLU\Comp vision\BT\Final\processed_data\test\B1\B1.24.Rex-Hot_22_patch_3_0.jpg,B1,B2,0.5344
C:\Users\teflo\Desktop\Study\VLU\Comp vision\BT\Final\processed_data\test\B1\B1.24.Rex-Hot_23_patch_3_0.jpg,B1,A2,0.3562
C:\Users\teflo\Desktop\Study\VLU\Comp vision\BT\Final\processed_data\test\B1\B1.24.Rex-Hot_24_patch_2_5.jpg,B1,A2,0.5626
C:\Users\teflo\Desktop\Study\VLU\Comp vision\BT\Final\processed_data\test\B1\B1.24.Rex-Hot_26_patch_2_3.jpg,B1,A1,0.5285
C:\Users\teflo\Desktop\Study\VLU\Comp vision\BT\Final\processed_data\test\B1\B1.24.Rex-Hot_27_patch_3_4.jpg,B1,A1,0.5366
C:\Users\teflo\Desktop\Study\VLU\Comp vision\BT\Final\processed_data\test\B1\B1.24.Rex-Hot_28_patch_3_2.jpg,B1,A1,0.4772
C:\Users\teflo\Desktop\Study\VLU\Comp vision\BT\Final\processed_data\test\B1\B1.24.Rex-Hot_30_patch_0_0.jpg,B1,A1,0.5138
C:\Users\teflo\Desktop\Study\VLU\Comp vision\BT\Final\processed_data\test\B1\B1.24.Rex-Hot_32_patch_3_4.jpg,B1,A2,0.6767
C:\Users\teflo\Desktop\Study\VLU\Comp vision\BT\Final\processed_data\test\B1\B1.24.Rex-Hot_34_patch_1_1.jpg,B1,A2,0.3937
C:\Users\teflo\Desktop\Study\VLU\Comp vision\BT\Final\processed_data\test\B1\B1.24.Rex-Hot_35_patch_1_2.jpg,B1,A2,0.6793
C:\Users\teflo\Desktop\Study\VLU\Comp vision\BT\Final\processed_data\test\B1\B1.28.VB-Bui_01_patch_1_4.jpg,B1,B2,0.5755
C:\Users\teflo\Desktop\Study\VLU\Comp vision\BT\Final\processed_data\test\B1\B1.28.VB-Bui_02_patch_1_3.jpg,B1,B2,0.3763
C:\Users\teflo\Desktop\Study\VLU\Comp vision\BT\Final\processed_data\test\B1\B1.28.VB-Bui_10_patch_1_2.jpg,B1,A2,0.4218
C:\Users\teflo\Desktop\Study\VLU\Comp vision\BT\Final\processed_data\test\B1\B1.28.VB-Bui_14_patch_0_5.jpg,B1,B2,0.5562
C:\Users\teflo\Desktop\Study\VLU\Comp vision\BT\Final\processed_data\test\B1\B1.28.VB-Bui_16_patch_0_3.jpg,B1,B2,0.4757
C:\Users\teflo\Desktop\Study\VLU\Comp vision\BT\Final\processed_data\test\B1\DSC00060_patch_0_2.jpg,B1,A2,0.5459
C:\Users\teflo\Desktop\Study\VLU\Comp vision\BT\Final\processed_data\test\B1\DSC00061_patch_0_0.jpg,B1,A2,0.4372
C:\Users\teflo\Desktop\Study\VLU\Comp vision\BT\Final\processed_data\test\B1\DSC00062_patch_0_1.jpg,B1,A2,0.755
C:\Users\teflo\Desktop\Study\VLU\Comp vision\BT\Final\processed_data\test\B1\DSC00063_patch_0_2.jpg,B1,A2,0.3693
C:\Users\teflo\Desktop\Study\VLU\Comp vision\BT\Final\processed_data\test\B1\DSC00064_patch_0_2.jpg,B1,A2,0.8243
C:\Users\teflo\Desktop\Study\VLU\Comp vision\BT\Final\processed_data\test\B1\DSC00065_patch_0_2.jpg,B1,A2,0.4517
C:\Users\teflo\Desktop\Study\VLU\Comp vision\BT\Final\processed_data\test\B1\DSC00067_patch_0_3.jpg,B1,A2,0.7204
C:\Users\teflo\Desktop\Study\VLU\Comp vision\BT\Final\processed_data\test\B1\DSC00068_patch_0_3.jpg,B1,A2,0.6919
C:\Users\teflo\Desktop\Study\VLU\Comp vision\BT\Final\processed_data\test\B1\DSC00069_patch_0_2.jpg,B1,B2,0.5614
C:\Users\teflo\Desktop\Study\VLU\Comp vision\BT\Final\processed_data\test\B1\DSC00071_patch_0_3.jpg,B1,A2,0.6215
C:\Users\teflo\Desktop\Study\VLU\Comp vision\BT\Final\processed_data\test\B1\DSC00144_patch_0_2.jpg,B1,A2,0.9727
C:\Users\teflo\Desktop\Study\VLU\Comp vision\BT\Final\processed_data\test\B1\DSC00145_patch_0_1.jpg,B1,B2,0.3896
C:\Users\teflo\Desktop\Study\VLU\Comp vision\BT\Final\processed_data\test\B1\DSC00146_patch_0_5.jpg,B1,A2,0.7448
C:\Users\teflo\Desktop\Study\VLU\Comp vision\BT\Final\processed_data\test\B1\DSC00147_patch_0_3.jpg,B1,A2,0.5701
C:\Users\teflo\Desktop\Study\VLU\Comp vision\BT\Final\processed_data\test\B1\DSC00148_patch_0_2.jpg,B1,A2,0.8346
C:\Users\teflo\Desktop\Study\VLU\Comp vision\BT\Final\processed_data\test\B1\DSC00149_patch_1_0.jpg,B1,A2,0.6612
C:\Users\teflo\Desktop\Study\VLU\Comp vision\BT\Final\processed_data\test\B1\DSC00152_patch_2_2.jpg,B1,A2,0.5464
C:\Users\teflo\Desktop\Study\VLU\Comp vision\BT\Final\processed_data\test\B1\DSC00153_patch_2_1.jpg,B1,B2,0.5145
C:\Users\teflo\Desktop\Study\VLU\Comp vision\BT\Final\processed_data\test\B1\DSC00154_patch_2_0.jpg,B1,A2,0.4437
C:\Users\teflo\Desktop\Study\VLU\Comp vision\BT\Final\processed_data\test\B1\DSC00155_patch_1_4.jpg,B1,B2,0.4099
C:\Users\teflo\Desktop\Study\VLU\Comp vision\BT\Final\processed_data\test\B1\DSC00156_patch_2_2.jpg,B1,A2,0.7165
C:\Users\teflo\Desktop\Study\VLU\Comp vision\BT\Final\processed_data\test\B1\DSC00157_patch_2_1.jpg,B1,A2,0.4669
C:\Users\teflo\Desktop\Study\VLU\Comp vision\BT\Final\processed_data\test\B1\DSC00158_patch_2_0.jpg,B1,B2,0.4084
C:\Users\teflo\Desktop\Study\VLU\Comp vision\BT\Final\processed_data\test\B1\DSC04598_patch_1_5.jpg,B1,A2,0.4764
C:\Users\teflo\Desktop\Study\VLU\Comp vision\BT\Final\processed_data\test\B1\DSC04600_patch_2_3.jpg,B1,A2,0.4743
C:\Users\teflo\Desktop\Study\VLU\Comp vision\BT\Final\processed_data\test\B1\DSC04601_patch_2_2.jpg,B1,A2,0.3906
C:\Users\teflo\Desktop\Study\VLU\Comp vision\BT\Final\processed_data\test\B1\DSC04602_patch_2_1.jpg,B1,A2,0.5939
C:\Users\teflo\Desktop\Study\VLU\Comp vision\BT\Final\processed_data\test\B1\DSC04603_patch_2_0.jpg,B1,A1,0.5054
C:\Users\teflo\Desktop\Study\VLU\Comp vision\BT\Final\processed_data\test\B1\DSC04604_patch_1_5.jpg,B1,A2,0.6047
C:\Users\teflo\Desktop\Study\VLU\Comp vision\BT\Final\processed_data\test\B1\DSC04607_patch_1_4.jpg,B1,A1,0.6322
C:\Users\teflo\Desktop\Study\VLU\Comp vision\BT\Final\processed_data\test\B1\DSC04608_patch_1_2.jpg,B1,A2,0.5427
C:\Users\teflo\Desktop\Study\VLU\Comp vision\BT\Final\processed_data\test\B1\DSC04616_patch_1_1.jpg,B1,A2,0.6871
C:\Users\teflo\Desktop\Study\VLU\Comp vision\BT\Final\processed_data\test\B1\DSC04618_patch_1_2.jpg,B1,A2,0.9693
C:\Users\teflo\Desktop\Study\VLU\Comp vision\BT\Final\processed_data\test\B1\DSC04619_patch_2_2.jpg,B1,A2,0.9239
C:\Users\teflo\Desktop\Study\VLU\Comp vision\BT\Final\processed_data\test\B1\DSC04620_patch_3_0.jpg,B1,A2,0.798
C:\Users\teflo\Desktop\Study\VLU\Comp vision\BT\Final\processed_data\test\B1\DSC04622_patch_2_5.jpg,B1,A2,0.5694
C:\Users\teflo\Desktop\Study\VLU\Comp vision\BT\Final\processed_data\test\B1\DSC04624_patch_2_4.jpg,B1,A2,0.6383
C:\Users\teflo\Desktop\Study\VLU\Comp vision\BT\Final\processed_data\test\B1\DSC04625_patch_2_4.jpg,B1,A2,0.9215
C:\Users\teflo\Desktop\Study\VLU\Comp vision\BT\Final\processed_data\test\B1\DSC04626_patch_2_5.jpg,B1,A2,0.9674
C:\Users\teflo\Desktop\Study\VLU\Comp vision\BT\Final\processed_data\test\B1\DSC04628_patch_2_2.jpg,B1,A1,0.5644
C:\Users\teflo\Desktop\Study\VLU\Comp vision\BT\Final\processed_data\test\B1\DSC04629_patch_2_1.jpg,B1,B2,0.6952
C:\Users\teflo\Desktop\Study\VLU\Comp vision\BT\Final\processed_data\test\B1\DSC04632_patch_2_0.jpg,B1,A2,0.9535
C:\Users\teflo\Desktop\Study\VLU\Comp vision\BT\Final\processed_data\test\B1\DSC04633_patch_2_2.jpg,B1,A2,0.5633
C:\Users\teflo\Desktop\Study\VLU\Comp vision\BT\Final\processed_data\test\B1\DSC04634_patch_2_2.jpg,B1,A2,0.5784
C:\Users\teflo\Desktop\Study\VLU\Comp vision\BT\Final\processed_data\test\B1\DSC04635_patch_2_1.jpg,B1,B2,0.4275
C:\Users\teflo\Desktop\Study\VLU\Comp vision\BT\Final\processed_data\test\B1\DSC04636_patch_2_2.jpg,B1,A1,0.3803
C:\Users\teflo\Desktop\Study\VLU\Comp vision\BT\Final\processed_data\test\B1\DSC04637_patch_2_2.jpg,B1,A2,0.4732
C:\Users\teflo\Desktop\Study\VLU\Comp vision\BT\Final\processed_data\test\B1\DSC04639_patch_1_5.jpg,B1,A2,0.5631
C:\Users\teflo\Desktop\Study\VLU\Comp vision\BT\Final\processed_data\test\B1\DSC04659_patch_1_5.jpg,B1,A2,0.4283
C:\Users\teflo\Desktop\Study\VLU\Comp vision\BT\Final\processed_data\test\B1\DSC04660_patch_1_4.jpg,B1,A2,0.5969
C:\Users\teflo\Desktop\Study\VLU\Comp vision\BT\Final\processed_data\test\B1\DSC04661_patch_1_3.jpg,B1,A2,0.9704
C:\Users\teflo\Desktop\Study\VLU\Comp vision\BT\Final\processed_data\test\B1\DSC04662_patch_1_2.jpg,B1,A2,0.6318
C:\Users\teflo\Desktop\Study\VLU\Comp vision\BT\Final\processed_data\test\B1\DSC04663_patch_1_0.jpg,B1,A1,0.3988
C:\Users\teflo\Desktop\Study\VLU\Comp vision\BT\Final\processed_data\test\B1\DSC04664_patch_0_5.jpg,B1,A2,0.6222
C:\Users\teflo\Desktop\Study\VLU\Comp vision\BT\Final\processed_data\test\B1\DSC04665_patch_0_4.jpg,B1,A2,0.7168
C:\Users\teflo\Desktop\Study\VLU\Comp vision\BT\Final\processed_data\test\B1\DSC04666_patch_0_3.jpg,B1,A2,0.5062
C:\Users\teflo\Desktop\Study\VLU\Comp vision\BT\Final\processed_data\test\B1\DSC04670_patch_0_1.jpg,B1,A2,0.7926
C:\Users\teflo\Desktop\Study\VLU\Comp vision\BT\Final\processed_data\test\B1\DSC04672_patch_0_0.jpg,B1,A2,0.4887
C:\Users\teflo\Desktop\Study\VLU\Comp vision\BT\Final\processed_data\test\B1\DSC04672_patch_3_5.jpg,B1,A2,0.5071
C:\Users\teflo\Desktop\Study\VLU\Comp vision\BT\Final\processed_data\test\B1\DSC04673_patch_3_4.jpg,B1,A2,0.6364
C:\Users\teflo\Desktop\Study\VLU\Comp vision\BT\Final\processed_data\test\B1\DSC04681_patch_3_0.jpg,B1,A2,0.8663
C:\Users\teflo\Desktop\Study\VLU\Comp vision\BT\Final\processed_data\test\B1\DSC04682_patch_2_5.jpg,B1,A2,0.4833
C:\Users\teflo\Desktop\Study\VLU\Comp vision\BT\Final\processed_data\test\B1\DSC04685_patch_2_2.jpg,B1,A2,0.5525
C:\Users\teflo\Desktop\Study\VLU\Comp vision\BT\Final\processed_data\test\B1\DSC04686_patch_2_1.jpg,B1,A2,0.8475
C:\Users\teflo\Desktop\Study\VLU\Comp vision\BT\Final\processed_data\test\B1\DSC04689_patch_1_5.jpg,B1,A2,0.4932
C:\Users\teflo\Desktop\Study\VLU\Comp vision\BT\Final\processed_data\test\B1\DSC04690_patch_1_4.jpg,B1,A2,0.9108
C:\Users\teflo\Desktop\Study\VLU\Comp vision\BT\Final\processed_data\test\B1\DSC04692_patch_1_4.jpg,B1,A2,0.5848
C:\Users\teflo\Desktop\Study\VLU\Comp vision\BT\Final\processed_data\test\B1\DSC04693_patch_1_3.jpg,B1,A1,0.4601
C:\Users\teflo\Desktop\Study\VLU\Comp vision\BT\Final\processed_data\test\B1\DSC04694_patch_1_2.jpg,B1,A2,0.6695
C:\Users\teflo\Desktop\Study\VLU\Comp vision\BT\Final\processed_data\test\B1\DSC04697_patch_1_0.jpg,B1,A2,0.6446
C:\Users\teflo\Desktop\Study\VLU\Comp vision\BT\Final\processed_data\test\B1\DSC04698_patch_1_5.jpg,B1,A2,0.6321
C:\Users\teflo\Desktop\Study\VLU\Comp vision\BT\Final\processed_data\test\B1\DSC04699_patch_2_4.jpg,B1,A2,0.7069
C:\Users\teflo\Desktop\Study\VLU\Comp vision\BT\Final\processed_data\test\B1\DSC04700_patch_2_4.jpg,B1,A2,0.8152
C:\Users\teflo\Desktop\Study\VLU\Comp vision\BT\Final\processed_data\test\B1\DSC04701_patch_2_3.jpg,B1,A2,0.7975
C:\Users\teflo\Desktop\Study\VLU\Comp vision\BT\Final\processed_data\test\B1\DSC04702_patch_2_2.jpg,B1,A2,0.8835
C:\Users\teflo\Desktop\Study\VLU\Comp vision\BT\Final\processed_data\test\B1\DSC04703_patch_2_1.jpg,B1,A1,0.5325
C:\Users\teflo\Desktop\Study\VLU\Comp vision\BT\Final\processed_data\test\B1\DSC04704_patch_2_1.jpg,B1,A1,0.4068
C:\Users\teflo\Desktop\Study\VLU\Comp vision\BT\Final\processed_data\test\B1\DSC04705_patch_1_5.jpg,B1,A2,0.4595
C:\Users\teflo\Desktop\Study\VLU\Comp vision\BT\Final\processed_data\test\B1\DSC04706_patch_1_5.jpg,B1,A2,0.9229
C:\Users\teflo\Desktop\Study\VLU\Comp vision\BT\Final\processed_data\test\B1\DSC04707_patch_1_5.jpg,B1,A2,0.9018
C:\Users\teflo\Desktop\Study\VLU\Comp vision\BT\Final\processed_data\test\B1\DSC04708_patch_1_5.jpg,B1,A1,0.6142
C:\Users\teflo\Desktop\Study\VLU\Comp vision\BT\Final\processed_data\test\B1\DSC04710_patch_1_4.jpg,B1,A2,0.9738
C:\Users\teflo\Desktop\Study\VLU\Comp vision\BT\Final\processed_data\test\B1\DSC04711_patch_2_0.jpg,B1,A2,0.9578
C:\Users\teflo\Desktop\Study\VLU\Comp vision\BT\Final\processed_data\test\B1\DSC04712_patch_2_3.jpg,B1,A2,0.7999
C:\Users\teflo\Desktop\Study\VLU\Comp vision\BT\Final\processed_data\test\B1\DSC04713_patch_2_5.jpg,B1,A1,0.4119
C:\Users\teflo\Desktop\Study\VLU\Comp vision\BT\Final\processed_data\test\B1\DSC04714_patch_3_2.jpg,B1,A2,0.6272
C:\Users\teflo\Desktop\Study\VLU\Comp vision\BT\Final\processed_data\test\B1\DSC04716_patch_0_3.jpg,B1,B2,0.6919
C:\Users\teflo\Desktop\Study\VLU\Comp vision\BT\Final\processed_data\test\B1\DSC04717_patch_1_5.jpg,B1,A2,0.7479
C:\Users\teflo\Desktop\Study\VLU\Comp vision\BT\Final\processed_data\test\B1\DSC04718_patch_2_0.jpg,B1,A2,0.9392
C:\Users\teflo\Desktop\Study\VLU\Comp vision\BT\Final\processed_data\test\B1\DSC04751_patch_1_5.jpg,B1,B2,0.6093
C:\Users\teflo\Desktop\Study\VLU\Comp vision\BT\Final\processed_data\test\B1\DSC04753_patch_1_3.jpg,B1,A1,0.4296
C:\Users\teflo\Desktop\Study\VLU\Comp vision\BT\Final\processed_data\test\B1\DSC04754_patch_1_2.jpg,B1,A2,0.8693
C:\Users\teflo\Desktop\Study\VLU\Comp vision\BT\Final\processed_data\test\B1\DSC04755_patch_1_1.jpg,B1,A2,0.5815
C:\Users\teflo\Desktop\Study\VLU\Comp vision\BT\Final\processed_data\test\B1\DSC04792_patch_0_5.jpg,B1,A2,0.7033
C:\Users\teflo\Desktop\Study\VLU\Comp vision\BT\Final\processed_data\test\B1\DSC04793_patch_0_4.jpg,B1,A2,0.8317
C:\Users\teflo\Desktop\Study\VLU\Comp vision\BT\Final\processed_data\test\B1\DSC04794_patch_0_3.jpg,B1,B2,0.3576
C:\Users\teflo\Desktop\Study\VLU\Comp vision\BT\Final\processed_data\test\B1\DSC04795_patch_0_2.jpg,B1,A2,0.7939
C:\Users\teflo\Desktop\Study\VLU\Comp vision\BT\Final\processed_data\test\B1\DSC04796_patch_0_0.jpg,B1,A2,0.4038
C:\Users\teflo\Desktop\Study\VLU\Comp vision\BT\Final\processed_data\test\B1\DSC04799_patch_3_5.jpg,B1,B2,0.5126
C:\Users\teflo\Desktop\Study\VLU\Comp vision\BT\Final\processed_data\test\B1\DSC04800_patch_3_4.jpg,B1,B2,0.5829
C:\Users\teflo\Desktop\Study\VLU\Comp vision\BT\Final\processed_data\test\B1\DSC04801_patch_3_4.jpg,B1,A1,0.684
C:\Users\teflo\Desktop\Study\VLU\Comp vision\BT\Final\processed_data\test\B1\DSC04838_patch_3_3.jpg,B1,A2,0.7856
C:\Users\teflo\Desktop\Study\VLU\Comp vision\BT\Final\processed_data\test\B1\DSC04839_patch_3_3.jpg,B1,A2,0.76
C:\Users\teflo\Desktop\Study\VLU\Comp vision\BT\Final\processed_data\test\B1\DSC04841_patch_3_0.jpg,B1,A2,0.7306
C:\Users\teflo\Desktop\Study\VLU\Comp vision\BT\Final\processed_data\test\B1\DSC04843_patch_2_5.jpg,B1,B2,0.5856
C:\Users\teflo\Desktop\Study\VLU\Comp vision\BT\Final\processed_data\test\B1\DSC04851_patch_2_4.jpg,B1,B2,0.493
C:\Users\teflo\Desktop\Study\VLU\Comp vision\BT\Final\processed_data\test\B1\DSC04853_patch_2_1.jpg,B1,A2,0.5821
C:\Users\teflo\Desktop\Study\VLU\Comp vision\BT\Final\processed_data\test\B1\DSC04854_patch_2_0.jpg,B1,A2,0.7759
C:\Users\teflo\Desktop\Study\VLU\Comp vision\BT\Final\processed_data\test\B1\DSC04855_patch_1_5.jpg,B1,A2,0.4826
C:\Users\teflo\Desktop\Study\VLU\Comp vision\BT\Final\processed_data\test\B1\DSC04856_patch_1_3.jpg,B1,A2,0.9438
C:\Users\teflo\Desktop\Study\VLU\Comp vision\BT\Final\processed_data\test\B1\DSC04870_patch_1_2.jpg,B1,B2,0.3533
C:\Users\teflo\Desktop\Study\VLU\Comp vision\BT\Final\processed_data\test\B1\DSC04871_patch_1_1.jpg,B1,B2,0.4148
C:\Users\teflo\Desktop\Study\VLU\Comp vision\BT\Final\processed_data\test\B1\DSC04872_patch_1_0.jpg,B1,B2,0.6097
C:\Users\teflo\Desktop\Study\VLU\Comp vision\BT\Final\processed_data\test\B1\DSC04874_patch_0_4.jpg,B1,A2,0.8851
C:\Users\teflo\Desktop\Study\VLU\Comp vision\BT\Final\processed_data\test\B1\DSC04875_patch_0_3.jpg,B1,A2,0.9078
C:\Users\teflo\Desktop\Study\VLU\Comp vision\BT\Final\processed_data\test\B1\DSC04876_patch_0_2.jpg,B1,A2,0.6948
C:\Users\teflo\Desktop\Study\VLU\Comp vision\BT\Final\processed_data\test\B1\DSC04877_patch_0_1.jpg,B1,B2,0.433
C:\Users\teflo\Desktop\Study\VLU\Comp vision\BT\Final\processed_data\test\B1\DSC04879_patch_3_4.jpg,B1,A2,0.5724
C:\Users\teflo\Desktop\Study\VLU\Comp vision\BT\Final\processed_data\test\B1\DSC04881_patch_0_0.jpg,B1,A2,0.5298
C:\Users\teflo\Desktop\Study\VLU\Comp vision\BT\Final\processed_data\test\B1\DSC04885_patch_3_5.jpg,B1,B2,0.3428
C:\Users\teflo\Desktop\Study\VLU\Comp vision\BT\Final\processed_data\test\B1\DSC04888_patch_0_1.jpg,B1,A1,0.3537
C:\Users\teflo\Desktop\Study\VLU\Comp vision\BT\Final\processed_data\test\B1\DSC04965_patch_0_0.jpg,B1,B2,0.7619
C:\Users\teflo\Desktop\Study\VLU\Comp vision\BT\Final\processed_data\test\B1\DSC04965_patch_3_5.jpg,B1,A2,0.5179
C:\Users\teflo\Desktop\Study\VLU\Comp vision\BT\Final\processed_data\test\B1\DSC04966_patch_3_4.jpg,B1,A2,0.5407
C:\Users\teflo\Desktop\Study\VLU\Comp vision\BT\Final\processed_data\test\B1\DSC04967_patch_3_3.jpg,B1,A2,0.4008
C:\Users\teflo\Desktop\Study\VLU\Comp vision\BT\Final\processed_data\test\B1\DSC04968_patch_3_2.jpg,B1,A2,0.8516
C:\Users\teflo\Desktop\Study\VLU\Comp vision\BT\Final\processed_data\test\B1\DSC04969_patch_3_0.jpg,B1,A2,0.7482
C:\Users\teflo\Desktop\Study\VLU\Comp vision\BT\Final\processed_data\test\B1\DSC04972_patch_2_5.jpg,B1,A2,0.4745
C:\Users\teflo\Desktop\Study\VLU\Comp vision\BT\Final\processed_data\test\B1\DSC04973_patch_2_4.jpg,B1,A2,0.6134
C:\Users\teflo\Desktop\Study\VLU\Comp vision\BT\Final\processed_data\test\B1\DSC04974_patch_2_3.jpg,B1,A2,0.7431
C:\Users\teflo\Desktop\Study\VLU\Comp vision\BT\Final\processed_data\test\B1\DSC04977_patch_2_1.jpg,B1,A2,0.8293
C:\Users\teflo\Desktop\Study\VLU\Comp vision\BT\Final\processed_data\test\B1\DSC04978_patch_2_0.jpg,B1,A2,0.5903
C:\Users\teflo\Desktop\Study\VLU\Comp vision\BT\Final\processed_data\test\B1\DSC04981_patch_1_5.jpg,B1,A2,0.7458
C:\Users\teflo\Desktop\Study\VLU\Comp vision\BT\Final\processed_data\test\B1\DSC04982_patch_1_4.jpg,B1,A1,0.4185
C:\Users\teflo\Desktop\Study\VLU\Comp vision\BT\Final\processed_data\test\B1\DSC04984_patch_1_2.jpg,B1,A1,0.5298
C:\Users\teflo\Desktop\Study\VLU\Comp vision\BT\Final\processed_data\test\B1\DSC04985_patch_1_1.jpg,B1,B2,0.7522
C:\Users\teflo\Desktop\Study\VLU\Comp vision\BT\Final\processed_data\test\B1\DSC05001_patch_0_5.jpg,B1,A1,0.4701
C:\Users\teflo\Desktop\Study\VLU\Comp vision\BT\Final\processed_data\test\B1\DSC05004_patch_0_1.jpg,B1,A2,0.4817
C:\Users\teflo\Desktop\Study\VLU\Comp vision\BT\Final\processed_data\test\B1\DSC05005_patch_0_1.jpg,B1,A2,0.9111
C:\Users\teflo\Desktop\Study\VLU\Comp vision\BT\Final\processed_data\test\B2\DSC02087_patch_0_1.jpg,B2,B1,0.7774
C:\Users\teflo\Desktop\Study\VLU\Comp vision\BT\Final\processed_data\test\B2\DSC02088_patch_0_1.jpg,B2,B1,0.7702
C:\Users\teflo\Desktop\Study\VLU\Comp vision\BT\Final\processed_data\test\B2\DSC02090_patch_0_0.jpg,B2,B1,0.8052
C:\Users\teflo\Desktop\Study\VLU\Comp vision\BT\Final\processed_data\test\B2\DSC02090_patch_3_5.jpg,B2,A2,0.4947
C:\Users\teflo\Desktop\Study\VLU\Comp vision\BT\Final\processed_data\test\B2\DSC02092_patch_0_0.jpg,B2,A2,0.3902
C:\Users\teflo\Desktop\Study\VLU\Comp vision\BT\Final\processed_data\test\B2\DSC02092_patch_3_5.jpg,B2,A2,0.4823
C:\Users\teflo\Desktop\Study\VLU\Comp vision\BT\Final\processed_data\test\B2\DSC02093_patch_3_4.jpg,B2,A1,0.4625
C:\Users\teflo\Desktop\Study\VLU\Comp vision\BT\Final\processed_data\test\B2\DSC02094_patch_3_3.jpg,B2,B1,0.4207
C:\Users\teflo\Desktop\Study\VLU\Comp vision\BT\Final\processed_data\test\B2\DSC02096_patch_3_3.jpg,B2,B1,0.4448
C:\Users\teflo\Desktop\Study\VLU\Comp vision\BT\Final\processed_data\test\B2\DSC02098_patch_3_2.jpg,B2,A1,0.6431
C:\Users\teflo\Desktop\Study\VLU\Comp vision\BT\Final\processed_data\test\B2\DSC02099_patch_3_0.jpg,B2,A1,0.4722
C:\Users\teflo\Desktop\Study\VLU\Comp vision\BT\Final\processed_data\test\B2\DSC02100_patch_2_5.jpg,B2,A1,0.5108
C:\Users\teflo\Desktop\Study\VLU\Comp vision\BT\Final\processed_data\test\B2\DSC02101_patch_2_4.jpg,B2,A2,0.3744
C:\Users\teflo\Desktop\Study\VLU\Comp vision\BT\Final\processed_data\test\B2\DSC02102_patch_2_2.jpg,B2,B1,0.6679
C:\Users\teflo\Desktop\Study\VLU\Comp vision\BT\Final\processed_data\test\B2\DSC02105_patch_3_0.jpg,B2,B1,0.544
C:\Users\teflo\Desktop\Study\VLU\Comp vision\BT\Final\processed_data\test\B2\DSC02107_patch_0_3.jpg,B2,A1,0.417
C:\Users\teflo\Desktop\Study\VLU\Comp vision\BT\Final\processed_data\test\B2\DSC02109_patch_3_4.jpg,B2,A2,0.7531
C:\Users\teflo\Desktop\Study\VLU\Comp vision\BT\Final\processed_data\test\B2\DSC02111_patch_0_0.jpg,B2,B1,0.5816
C:\Users\teflo\Desktop\Study\VLU\Comp vision\BT\Final\processed_data\test\B2\DSC02113_patch_0_2.jpg,B2,B1,0.8604
C:\Users\teflo\Desktop\Study\VLU\Comp vision\BT\Final\processed_data\test\B2\DSC02114_patch_1_1.jpg,B2,B1,0.4133
C:\Users\teflo\Desktop\Study\VLU\Comp vision\BT\Final\processed_data\test\B2\DSC02115_patch_1_2.jpg,B2,B1,0.5423
C:\Users\teflo\Desktop\Study\VLU\Comp vision\BT\Final\processed_data\test\B2\DSC02116_patch_1_1.jpg,B2,B1,0.7474
C:\Users\teflo\Desktop\Study\VLU\Comp vision\BT\Final\processed_data\test\B2\DSC02117_patch_1_1.jpg,B2,B1,0.8536
C:\Users\teflo\Desktop\Study\VLU\Comp vision\BT\Final\processed_data\test\B2\DSC02118_patch_2_4.jpg,B2,A2,0.3729
C:\Users\teflo\Desktop\Study\VLU\Comp vision\BT\Final\processed_data\test\B2\DSC02119_patch_3_0.jpg,B2,A2,0.5556
C:\Users\teflo\Desktop\Study\VLU\Comp vision\BT\Final\processed_data\test\B2\DSC02120_patch_3_4.jpg,B2,A2,0.646
C:\Users\teflo\Desktop\Study\VLU\Comp vision\BT\Final\processed_data\test\B2\DSC02129_patch_2_1.jpg,B2,B1,0.489
C:\Users\teflo\Desktop\Study\VLU\Comp vision\BT\Final\processed_data\test\B2\DSC02130_patch_2_3.jpg,B2,A2,0.5758
C:\Users\teflo\Desktop\Study\VLU\Comp vision\BT\Final\processed_data\test\B2\DSC02131_patch_2_5.jpg,B2,A2,0.4759
C:\Users\teflo\Desktop\Study\VLU\Comp vision\BT\Final\processed_data\test\B2\DSC02132_patch_3_3.jpg,B2,A2,0.586
C:\Users\teflo\Desktop\Study\VLU\Comp vision\BT\Final\processed_data\test\B2\DSC02137_patch_1_0.jpg,B2,A2,0.6296
C:\Users\teflo\Desktop\Study\VLU\Comp vision\BT\Final\processed_data\test\B2\DSC02139_patch_2_3.jpg,B2,A2,0.5388
C:\Users\teflo\Desktop\Study\VLU\Comp vision\BT\Final\processed_data\test\B2\DSC02140_patch_3_2.jpg,B2,A2,0.365
C:\Users\teflo\Desktop\Study\VLU\Comp vision\BT\Final\processed_data\test\B2\DSC02142_patch_0_0.jpg,B2,A2,0.3527
C:\Users\teflo\Desktop\Study\VLU\Comp vision\BT\Final\processed_data\test\B2\DSC02142_patch_3_5.jpg,B2,A2,0.8707
C:\Users\teflo\Desktop\Study\VLU\Comp vision\BT\Final\processed_data\test\B2\DSC02143_patch_3_4.jpg,B2,B1,0.5041
C:\Users\teflo\Desktop\Study\VLU\Comp vision\BT\Final\processed_data\test\B2\DSC02144_patch_3_3.jpg,B2,B1,0.6052
C:\Users\teflo\Desktop\Study\VLU\Comp vision\BT\Final\processed_data\test\B2\DSC02146_patch_3_0.jpg,B2,B1,0.5036
C:\Users\teflo\Desktop\Study\VLU\Comp vision\BT\Final\processed_data\test\B2\DSC02147_patch_2_5.jpg,B2,A2,0.5766
C:\Users\teflo\Desktop\Study\VLU\Comp vision\BT\Final\processed_data\test\B2\DSC02148_patch_2_3.jpg,B2,A2,0.4222
C:\Users\teflo\Desktop\Study\VLU\Comp vision\BT\Final\processed_data\test\B2\DSC02151_patch_2_4.jpg,B2,B1,0.4562
C:\Users\teflo\Desktop\Study\VLU\Comp vision\BT\Final\processed_data\test\B2\DSC02152_patch_2_4.jpg,B2,B1,0.6707
C:\Users\teflo\Desktop\Study\VLU\Comp vision\BT\Final\processed_data\test\B2\DSC02154_patch_2_4.jpg,B2,A2,0.7547
C:\Users\teflo\Desktop\Study\VLU\Comp vision\BT\Final\processed_data\test\B2\DSC02155_patch_2_4.jpg,B2,A2,0.4329
C:\Users\teflo\Desktop\Study\VLU\Comp vision\BT\Final\processed_data\test\B2\DSC02156_patch_2_4.jpg,B2,A1,0.5816
C:\Users\teflo\Desktop\Study\VLU\Comp vision\BT\Final\processed_data\test\B2\DSC02157_patch_2_5.jpg,B2,A2,0.3785
C:\Users\teflo\Desktop\Study\VLU\Comp vision\BT\Final\processed_data\test\B2\DSC02170_patch_3_1.jpg,B2,B1,0.4968
C:\Users\teflo\Desktop\Study\VLU\Comp vision\BT\Final\processed_data\test\B2\DSC02174_patch_0_1.jpg,B2,A1,0.6756
C:\Users\teflo\Desktop\Study\VLU\Comp vision\BT\Final\processed_data\test\B2\DSC02178_patch_2_1.jpg,B2,A1,0.5497
C:\Users\teflo\Desktop\Study\VLU\Comp vision\BT\Final\processed_data\test\B2\DSC02179_patch_2_0.jpg,B2,A1,0.4497
C:\Users\teflo\Desktop\Study\VLU\Comp vision\BT\Final\processed_data\test\B2\DSC02180_patch_1_5.jpg,B2,A1,0.7112
C:\Users\teflo\Desktop\Study\VLU\Comp vision\BT\Final\processed_data\test\B2\DSC02181_patch_2_1.jpg,B2,B1,0.5869
C:\Users\teflo\Desktop\Study\VLU\Comp vision\BT\Final\processed_data\test\B2\DSC02184_patch_0_3.jpg,B2,A1,0.5586
C:\Users\teflo\Desktop\Study\VLU\Comp vision\BT\Final\processed_data\test\B2\DSC02187_patch_2_1.jpg,B2,A1,0.5183
C:\Users\teflo\Desktop\Study\VLU\Comp vision\BT\Final\processed_data\test\B2\DSC02188_patch_3_0.jpg,B2,B1,0.6765
C:\Users\teflo\Desktop\Study\VLU\Comp vision\BT\Final\processed_data\test\B2\DSC02190_patch_0_0.jpg,B2,A1,0.4553
C:\Users\teflo\Desktop\Study\VLU\Comp vision\BT\Final\processed_data\test\B2\DSC02192_patch_0_0.jpg,B2,B1,0.5331
C:\Users\teflo\Desktop\Study\VLU\Comp vision\BT\Final\processed_data\test\B2\DSC02193_patch_3_4.jpg,B2,A1,0.6718
C:\Users\teflo\Desktop\Study\VLU\Comp vision\BT\Final\processed_data\test\B2\DSC02198_patch_3_2.jpg,B2,B1,0.5305
C:\Users\teflo\Desktop\Study\VLU\Comp vision\BT\Final\processed_data\test\B2\DSC02203_patch_3_0.jpg,B2,A1,0.4458
C:\Users\teflo\Desktop\Study\VLU\Comp vision\BT\Final\processed_data\test\B2\DSC02206_patch_2_5.jpg,B2,A2,0.5209
C:\Users\teflo\Desktop\Study\VLU\Comp vision\BT\Final\processed_data\test\B2\DSC02209_patch_2_3.jpg,B2,B1,0.4414
C:\Users\teflo\Desktop\Study\VLU\Comp vision\BT\Final\processed_data\test\B2\DSC02210_patch_2_4.jpg,B2,B1,0.5663
C:\Users\teflo\Desktop\Study\VLU\Comp vision\BT\Final\processed_data\test\B2\DSC02211_patch_3_1.jpg,B2,A2,0.4064
C:\Users\teflo\Desktop\Study\VLU\Comp vision\BT\Final\processed_data\test\B2\DSC02212_patch_3_1.jpg,B2,A1,0.4693
C:\Users\teflo\Desktop\Study\VLU\Comp vision\BT\Final\processed_data\test\B2\DSC02213_patch_2_5.jpg,B2,B1,0.5598
C:\Users\teflo\Desktop\Study\VLU\Comp vision\BT\Final\processed_data\test\B2\DSC02214_patch_2_4.jpg,B2,B1,0.3539
C:\Users\teflo\Desktop\Study\VLU\Comp vision\BT\Final\processed_data\test\B2\DSC02215_patch_2_3.jpg,B2,A1,0.4942
C:\Users\teflo\Desktop\Study\VLU\Comp vision\BT\Final\processed_data\test\B2\DSC02216_patch_2_1.jpg,B2,A1,0.5666
C:\Users\teflo\Desktop\Study\VLU\Comp vision\BT\Final\processed_data\test\B2\DSC02217_patch_1_5.jpg,B2,A2,0.332
C:\Users\teflo\Desktop\Study\VLU\Comp vision\BT\Final\processed_data\test\B2\DSC02218_patch_1_3.jpg,B2,A1,0.3802
C:\Users\teflo\Desktop\Study\VLU\Comp vision\BT\Final\processed_data\test\B2\DSC02220_patch_1_2.jpg,B2,B1,0.8272
C:\Users\teflo\Desktop\Study\VLU\Comp vision\BT\Final\processed_data\test\B2\DSC02221_patch_1_0.jpg,B2,B1,0.651
C:\Users\teflo\Desktop\Study\VLU\Comp vision\BT\Final\processed_data\test\B2\DSC02222_patch_0_4.jpg,B2,B1,0.3696
C:\Users\teflo\Desktop\Study\VLU\Comp vision\BT\Final\processed_data\test\B2\DSC02223_patch_0_2.jpg,B2,A1,0.3876
C:\Users\teflo\Desktop\Study\VLU\Comp vision\BT\Final\processed_data\test\B2\DSC02224_patch_0_1.jpg,B2,B1,0.5369
C:\Users\teflo\Desktop\Study\VLU\Comp vision\BT\Final\processed_data\test\B2\DSC02224_patch_3_5.jpg,B2,B1,0.4724
C:\Users\teflo\Desktop\Study\VLU\Comp vision\BT\Final\processed_data\test\B2\DSC02232_patch_3_3.jpg,B2,A2,0.4652
C:\Users\teflo\Desktop\Study\VLU\Comp vision\BT\Final\processed_data\test\B2\DSC02239_patch_3_3.jpg,B2,A1,0.3881
C:\Users\teflo\Desktop\Study\VLU\Comp vision\BT\Final\processed_data\test\B2\DSC02240_patch_3_4.jpg,B2,A1,0.473
C:\Users\teflo\Desktop\Study\VLU\Comp vision\BT\Final\processed_data\test\B2\DSC02241_patch_3_4.jpg,B2,B1,0.4951
C:\Users\teflo\Desktop\Study\VLU\Comp vision\BT\Final\processed_data\test\B2\DSC02242_patch_3_4.jpg,B2,A1,0.659
C:\Users\teflo\Desktop\Study\VLU\Comp vision\BT\Final\processed_data\test\B2\DSC02244_patch_1_2.jpg,B2,B1,0.664
C:\Users\teflo\Desktop\Study\VLU\Comp vision\BT\Final\processed_data\test\B2\DSC02245_patch_3_1.jpg,B2,B1,0.4111
C:\Users\teflo\Desktop\Study\VLU\Comp vision\BT\Final\processed_data\test\B2\DSC02246_patch_3_3.jpg,B2,A1,0.5203
C:\Users\teflo\Desktop\Study\VLU\Comp vision\BT\Final\processed_data\test\B2\DSC02247_patch_3_5.jpg,B2,A2,0.5171
C:\Users\teflo\Desktop\Study\VLU\Comp vision\BT\Final\processed_data\test\B2\DSC02249_patch_0_2.jpg,B2,A1,0.3573
C:\Users\teflo\Desktop\Study\VLU\Comp vision\BT\Final\processed_data\test\B2\DSC02250_patch_0_2.jpg,B2,B1,0.5781
C:\Users\teflo\Desktop\Study\VLU\Comp vision\BT\Final\processed_data\test\B2\DSC02251_patch_0_0.jpg,B2,B1,0.6195
C:\Users\teflo\Desktop\Study\VLU\Comp vision\BT\Final\processed_data\test\B2\DSC02251_patch_3_5.jpg,B2,A2,0.5526
C:\Users\teflo\Desktop\Study\VLU\Comp vision\BT\Final\processed_data\test\B2\DSC02260_patch_2_3.jpg,B2,A1,0.7892
C:\Users\teflo\Desktop\Study\VLU\Comp vision\BT\Final\processed_data\test\B2\DSC02262_patch_3_2.jpg,B2,B1,0.7582
C:\Users\teflo\Desktop\Study\VLU\Comp vision\BT\Final\processed_data\test\B2\DSC02264_patch_0_1.jpg,B2,B1,0.4404
C:\Users\teflo\Desktop\Study\VLU\Comp vision\BT\Final\processed_data\test\B2\DSC02267_patch_0_0.jpg,B2,A1,0.5576
C:\Users\teflo\Desktop\Study\VLU\Comp vision\BT\Final\processed_data\test\B2\DSC02267_patch_3_5.jpg,B2,A1,0.4189
C:\Users\teflo\Desktop\Study\VLU\Comp vision\BT\Final\processed_data\test\B2\DSC02269_patch_0_0.jpg,B2,A2,0.6624
C:\Users\teflo\Desktop\Study\VLU\Comp vision\BT\Final\processed_data\test\B2\DSC02269_patch_3_5.jpg,B2,A2,0.4908
C:\Users\teflo\Desktop\Study\VLU\Comp vision\BT\Final\processed_data\test\B2\DSC02270_patch_3_4.jpg,B2,A2,0.4141
C:\Users\teflo\Desktop\Study\VLU\Comp vision\BT\Final\processed_data\test\B2\DSC02272_patch_0_0.jpg,B2,A2,0.5077
C:\Users\teflo\Desktop\Study\VLU\Comp vision\BT\Final\processed_data\test\B2\DSC02273_patch_0_2.jpg,B2,A1,0.3626
C:\Users\teflo\Desktop\Study\VLU\Comp vision\BT\Final\processed_data\test\B2\DSC02274_patch_0_3.jpg,B2,B1,0.5878
C:\Users\teflo\Desktop\Study\VLU\Comp vision\BT\Final\processed_data\test\B2\DSC02275_patch_0_5.jpg,B2,A2,0.4749
C:\Users\teflo\Desktop\Study\VLU\Comp vision\BT\Final\processed_data\test\B2\DSC02276_patch_2_2.jpg,B2,A1,0.3919
C:\Users\teflo\Desktop\Study\VLU\Comp vision\BT\Final\processed_data\test\B2\DSC02277_patch_2_5.jpg,B2,A1,0.3637
C:\Users\teflo\Desktop\Study\VLU\Comp vision\BT\Final\processed_data\test\B2\DSC02280_patch_2_3.jpg,B2,B1,0.3184
C:\Users\teflo\Desktop\Study\VLU\Comp vision\BT\Final\processed_data\test\B2\DSC02283_patch_3_1.jpg,B2,B1,0.494
C:\Users\teflo\Desktop\Study\VLU\Comp vision\BT\Final\processed_data\test\B2\DSC02284_patch_3_3.jpg,B2,B1,0.3925
C:\Users\teflo\Desktop\Study\VLU\Comp vision\BT\Final\processed_data\test\B2\DSC02285_patch_3_2.jpg,B2,A2,0.6246
C:\Users\teflo\Desktop\Study\VLU\Comp vision\BT\Final\processed_data\test\B2\DSC02286_patch_3_5.jpg,B2,A1,0.3954
C:\Users\teflo\Desktop\Study\VLU\Comp vision\BT\Final\processed_data\test\B2\DSC02290_patch_0_0.jpg,B2,A2,0.3495
C:\Users\teflo\Desktop\Study\VLU\Comp vision\BT\Final\processed_data\test\B2\DSC02290_patch_3_4.jpg,B2,A2,0.558
C:\Users\teflo\Desktop\Study\VLU\Comp vision\BT\Final\processed_data\test\B2\DSC02296_patch_0_0.jpg,B2,B1,0.3914
C:\Users\teflo\Desktop\Study\VLU\Comp vision\BT\Final\processed_data\test\B2\DSC02301_patch_1_0.jpg,B2,B1,0.493
C:\Users\teflo\Desktop\Study\VLU\Comp vision\BT\Final\processed_data\test\B2\DSC02306_patch_0_4.jpg,B2,B1,0.4217
C:\Users\teflo\Desktop\Study\VLU\Comp vision\BT\Final\processed_data\test\B2\DSC02307_patch_0_2.jpg,B2,B1,0.494
C:\Users\teflo\Desktop\Study\VLU\Comp vision\BT\Final\processed_data\test\B2\DSC02308_patch_0_2.jpg,B2,B1,0.4611
C:\Users\teflo\Desktop\Study\VLU\Comp vision\BT\Final\processed_data\test\B2\DSC02309_patch_0_0.jpg,B2,B1,0.5696
C:\Users\teflo\Desktop\Study\VLU\Comp vision\BT\Final\processed_data\test\B2\DSC02309_patch_3_4.jpg,B2,B1,0.3859
C:\Users\teflo\Desktop\Study\VLU\Comp vision\BT\Final\processed_data\test\B2\DSC02310_patch_3_4.jpg,B2,B1,0.4704
C:\Users\teflo\Desktop\Study\VLU\Comp vision\BT\Final\processed_data\test\B2\DSC02311_patch_3_4.jpg,B2,B1,0.5469
C:\Users\teflo\Desktop\Study\VLU\Comp vision\BT\Final\processed_data\test\B2\DSC03143_patch_3_3.jpg,B2,B1,0.8443
C:\Users\teflo\Desktop\Study\VLU\Comp vision\BT\Final\processed_data\test\B2\DSC03144_patch_3_1.jpg,B2,B1,0.9321
C:\Users\teflo\Desktop\Study\VLU\Comp vision\BT\Final\processed_data\test\B2\DSC03145_patch_2_5.jpg,B2,A2,0.5163
C:\Users\teflo\Desktop\Study\VLU\Comp vision\BT\Final\processed_data\test\B2\DSC03146_patch_3_1.jpg,B2,B1,0.7843
C:\Users\teflo\Desktop\Study\VLU\Comp vision\BT\Final\processed_data\test\B2\DSC03147_patch_3_1.jpg,B2,B1,0.754
C:\Users\teflo\Desktop\Study\VLU\Comp vision\BT\Final\processed_data\test\B2\DSC03148_patch_3_4.jpg,B2,B1,0.6239
C:\Users\teflo\Desktop\Study\VLU\Comp vision\BT\Final\processed_data\test\B2\DSC03149_patch_3_3.jpg,B2,B1,0.4854
C:\Users\teflo\Desktop\Study\VLU\Comp vision\BT\Final\processed_data\test\B2\DSC03152_patch_3_2.jpg,B2,A1,0.4165
C:\Users\teflo\Desktop\Study\VLU\Comp vision\BT\Final\processed_data\test\B2\DSC03155_patch_3_1.jpg,B2,B1,0.8155
C:\Users\teflo\Desktop\Study\VLU\Comp vision\BT\Final\processed_data\test\B2\DSC03157_patch_2_5.jpg,B2,B1,0.3647
C:\Users\teflo\Desktop\Study\VLU\Comp vision\BT\Final\processed_data\test\B2\DSC03158_patch_2_4.jpg,B2,A2,0.4697
C:\Users\teflo\Desktop\Study\VLU\Comp vision\BT\Final\processed_data\test\B2\DSC03161_patch_3_1.jpg,B2,B1,0.5325
C:\Users\teflo\Desktop\Study\VLU\Comp vision\BT\Final\processed_data\test\B2\DSC03162_patch_3_2.jpg,B2,B1,0.5334
C:\Users\teflo\Desktop\Study\VLU\Comp vision\BT\Final\processed_data\test\B2\DSC03163_patch_3_0.jpg,B2,B1,0.5679
C:\Users\teflo\Desktop\Study\VLU\Comp vision\BT\Final\processed_data\test\B2\DSC03165_patch_2_5.jpg,B2,B1,0.5088
C:\Users\teflo\Desktop\Study\VLU\Comp vision\BT\Final\processed_data\test\B2\DSC03169_patch_2_3.jpg,B2,B1,0.4176
C:\Users\teflo\Desktop\Study\VLU\Comp vision\BT\Final\processed_data\test\B2\DSC03171_patch_2_0.jpg,B2,B1,0.8853
C:\Users\teflo\Desktop\Study\VLU\Comp vision\BT\Final\processed_data\test\B2\DSC03172_patch_1_4.jpg,B2,B1,0.7982
C:\Users\teflo\Desktop\Study\VLU\Comp vision\BT\Final\processed_data\test\B2\DSC03173_patch_1_2.jpg,B2,B1,0.6709
C:\Users\teflo\Desktop\Study\VLU\Comp vision\BT\Final\processed_data\test\B2\DSC03174_patch_1_0.jpg,B2,A2,0.7236
C:\Users\teflo\Desktop\Study\VLU\Comp vision\BT\Final\processed_data\test\B2\DSC03175_patch_1_4.jpg,B2,A2,0.8854
C:\Users\teflo\Desktop\Study\VLU\Comp vision\BT\Final\processed_data\test\B2\DSC03176_patch_1_5.jpg,B2,A2,0.6191
C:\Users\teflo\Desktop\Study\VLU\Comp vision\BT\Final\processed_data\test\B2\DSC03177_patch_2_5.jpg,B2,A2,0.4458
C:\Users\teflo\Desktop\Study\VLU\Comp vision\BT\Final\processed_data\test\B2\DSC03179_patch_2_3.jpg,B2,A2,0.3909
C:\Users\teflo\Desktop\Study\VLU\Comp vision\BT\Final\processed_data\test\B2\DSC03180_patch_2_5.jpg,B2,A1,0.4171
C:\Users\teflo\Desktop\Study\VLU\Comp vision\BT\Final\processed_data\test\B2\DSC03181_patch_2_4.jpg,B2,A1,0.6531
C:\Users\teflo\Desktop\Study\VLU\Comp vision\BT\Final\processed_data\test\B2\DSC03182_patch_2_3.jpg,B2,A1,0.4262
C:\Users\teflo\Desktop\Study\VLU\Comp vision\BT\Final\processed_data\test\B2\DSC03183_patch_2_3.jpg,B2,B1,0.4897
C:\Users\teflo\Desktop\Study\VLU\Comp vision\BT\Final\processed_data\test\B2\DSC03195_patch_3_4.jpg,B2,B1,0.3915
C:\Users\teflo\Desktop\Study\VLU\Comp vision\BT\Final\processed_data\test\B2\DSC03196_patch_3_3.jpg,B2,B1,0.3649
C:\Users\teflo\Desktop\Study\VLU\Comp vision\BT\Final\processed_data\test\B2\DSC03204_patch_3_0.jpg,B2,B1,0.5879
C:\Users\teflo\Desktop\Study\VLU\Comp vision\BT\Final\processed_data\test\B2\DSC03205_patch_2_4.jpg,B2,A2,0.6562
C:\Users\teflo\Desktop\Study\VLU\Comp vision\BT\Final\processed_data\test\B2\DSC03207_patch_2_1.jpg,B2,A2,0.4023
C:\Users\teflo\Desktop\Study\VLU\Comp vision\BT\Final\processed_data\test\B2\DSC03208_patch_1_5.jpg,B2,B1,0.5971
C:\Users\teflo\Desktop\Study\VLU\Comp vision\BT\Final\processed_data\test\B2\DSC03211_patch_1_1.jpg,B2,B1,0.5848
C:\Users\teflo\Desktop\Study\VLU\Comp vision\BT\Final\processed_data\test\B2\DSC03212_patch_1_1.jpg,B2,B1,0.4879
C:\Users\teflo\Desktop\Study\VLU\Comp vision\BT\Final\processed_data\test\B2\DSC03214_patch_0_4.jpg,B2,B1,0.4557
C:\Users\teflo\Desktop\Study\VLU\Comp vision\BT\Final\processed_data\test\B2\DSC03215_patch_0_4.jpg,B2,B1,0.7692
C:\Users\teflo\Desktop\Study\VLU\Comp vision\BT\Final\processed_data\test\B2\DSC03216_patch_1_0.jpg,B2,A1,0.6095
C:\Users\teflo\Desktop\Study\VLU\Comp vision\BT\Final\processed_data\test\B2\DSC03217_patch_1_2.jpg,B2,B1,0.6917
C:\Users\teflo\Desktop\Study\VLU\Comp vision\BT\Final\processed_data\test\B2\DSC03218_patch_2_0.jpg,B2,A1,0.4627
C:\Users\teflo\Desktop\Study\VLU\Comp vision\BT\Final\processed_data\test\B2\DSC03219_patch_2_2.jpg,B2,A1,0.5225
C:\Users\teflo\Desktop\Study\VLU\Comp vision\BT\Final\processed_data\test\B2\DSC03222_patch_2_2.jpg,B2,A2,0.3756
C:\Users\teflo\Desktop\Study\VLU\Comp vision\BT\Final\processed_data\test\B2\DSC03224_patch_2_0.jpg,B2,A2,0.6539
C:\Users\teflo\Desktop\Study\VLU\Comp vision\BT\Final\processed_data\test\B2\DSC03228_patch_1_4.jpg,B2,B1,0.4885
C:\Users\teflo\Desktop\Study\VLU\Comp vision\BT\Final\processed_data\test\B2\DSC03229_patch_1_3.jpg,B2,B1,0.6582
C:\Users\teflo\Desktop\Study\VLU\Comp vision\BT\Final\processed_data\test\B2\DSC03231_patch_1_0.jpg,B2,B1,0.8126
C:\Users\teflo\Desktop\Study\VLU\Comp vision\BT\Final\processed_data\test\B2\DSC03234_patch_0_4.jpg,B2,B1,0.8541
C:\Users\teflo\Desktop\Study\VLU\Comp vision\BT\Final\processed_data\test\B2\DSC03235_patch_0_2.jpg,B2,B1,0.7617
C:\Users\teflo\Desktop\Study\VLU\Comp vision\BT\Final\processed_data\test\B2\DSC03281_patch_0_0.jpg,B2,A2,0.6816
C:\Users\teflo\Desktop\Study\VLU\Comp vision\BT\Final\processed_data\test\B2\DSC03283_patch_0_0.jpg,B2,B1,0.6844
C:\Users\teflo\Desktop\Study\VLU\Comp vision\BT\Final\processed_data\test\B2\DSC03284_patch_0_0.jpg,B2,B1,0.6114
C:\Users\teflo\Desktop\Study\VLU\Comp vision\BT\Final\processed_data\test\B2\DSC03287_patch_0_1.jpg,B2,B1,0.7371
C:\Users\teflo\Desktop\Study\VLU\Comp vision\BT\Final\processed_data\test\B2\DSC03289_patch_0_1.jpg,B2,B1,0.8088
C:\Users\teflo\Desktop\Study\VLU\Comp vision\BT\Final\processed_data\test\B2\DSC03290_patch_0_1.jpg,B2,A1,0.503
C:\Users\teflo\Desktop\Study\VLU\Comp vision\BT\Final\processed_data\test\B2\DSC03291_patch_0_2.jpg,B2,B1,0.5752
C:\Users\teflo\Desktop\Study\VLU\Comp vision\BT\Final\processed_data\test\B2\DSC03292_patch_0_2.jpg,B2,A1,0.4933
C:\Users\teflo\Desktop\Study\VLU\Comp vision\BT\Final\processed_data\test\B2\DSC03293_patch_0_1.jpg,B2,A1,0.7027
C:\Users\teflo\Desktop\Study\VLU\Comp vision\BT\Final\processed_data\test\B2\DSC03294_patch_0_1.jpg,B2,A1,0.694
C:\Users\teflo\Desktop\Study\VLU\Comp vision\BT\Final\processed_data\test\B2\DSC03294_patch_3_5.jpg,B2,B1,0.8311
C:\Users\teflo\Desktop\Study\VLU\Comp vision\BT\Final\processed_data\test\B2\DSC03295_patch_3_3.jpg,B2,A2,0.4295
C:\Users\teflo\Desktop\Study\VLU\Comp vision\BT\Final\processed_data\test\B2\DSC03296_patch_3_3.jpg,B2,A2,0.5233
C:\Users\teflo\Desktop\Study\VLU\Comp vision\BT\Final\processed_data\test\B2\DSC03297_patch_3_2.jpg,B2,B1,0.4525
C:\Users\teflo\Desktop\Study\VLU\Comp vision\BT\Final\processed_data\test\B2\DSC03298_patch_3_0.jpg,B2,B1,0.9041
C:\Users\teflo\Desktop\Study\VLU\Comp vision\BT\Final\processed_data\test\B2\DSC03299_patch_2_4.jpg,B2,B1,0.8756
C:\Users\teflo\Desktop\Study\VLU\Comp vision\BT\Final\processed_data\test\B2\DSC03300_patch_2_3.jpg,B2,A1,0.4696
C:\Users\teflo\Desktop\Study\VLU\Comp vision\BT\Final\processed_data\test\B2\DSC03301_patch_2_1.jpg,B2,B1,0.6513
C:\Users\teflo\Desktop\Study\VLU\Comp vision\BT\Final\processed_data\test\B2\DSC03302_patch_1_5.jpg,B2,B1,0.7697
C:\Users\teflo\Desktop\Study\VLU\Comp vision\BT\Final\processed_data\test\B2\DSC03303_patch_1_4.jpg,B2,B1,0.5811
C:\Users\teflo\Desktop\Study\VLU\Comp vision\BT\Final\processed_data\test\B2\DSC03304_patch_1_2.jpg,B2,B1,0.4626
C:\Users\teflo\Desktop\Study\VLU\Comp vision\BT\Final\processed_data\test\B2\DSC03305_patch_1_0.jpg,B2,B1,0.594
C:\Users\teflo\Desktop\Study\VLU\Comp vision\BT\Final\processed_data\test\B2\DSC03307_patch_0_3.jpg,B2,B1,0.5772
C:\Users\teflo\Desktop\Study\VLU\Comp vision\BT\Final\processed_data\test\B2\DSC03308_patch_3_5.jpg,B2,A2,0.3872
C:\Users\teflo\Desktop\Study\VLU\Comp vision\BT\Final\processed_data\test\B2\DSC03309_patch_3_3.jpg,B2,A2,0.598
C:\Users\teflo\Desktop\Study\VLU\Comp vision\BT\Final\processed_data\test\B2\DSC03310_patch_3_2.jpg,B2,A2,0.5109
C:\Users\teflo\Desktop\Study\VLU\Comp vision\BT\Final\processed_data\test\B2\DSC03311_patch_3_0.jpg,B2,A2,0.6047
C:\Users\teflo\Desktop\Study\VLU\Comp vision\BT\Final\processed_data\test\B2\DSC03313_patch_2_4.jpg,B2,B1,0.4367
C:\Users\teflo\Desktop\Study\VLU\Comp vision\BT\Final\processed_data\test\B2\DSC03315_patch_2_2.jpg,B2,B1,0.7668
C:\Users\teflo\Desktop\Study\VLU\Comp vision\BT\Final\processed_data\test\B2\DSC03316_patch_2_1.jpg,B2,A2,0.4166
C:\Users\teflo\Desktop\Study\VLU\Comp vision\BT\Final\processed_data\test\B2\DSC03317_patch_1_5.jpg,B2,B1,0.623
C:\Users\teflo\Desktop\Study\VLU\Comp vision\BT\Final\processed_data\test\B2\DSC03318_patch_1_3.jpg,B2,B1,0.5024
C:\Users\teflo\Desktop\Study\VLU\Comp vision\BT\Final\processed_data\test\B2\DSC03319_patch_1_2.jpg,B2,B1,0.6361
C:\Users\teflo\Desktop\Study\VLU\Comp vision\BT\Final\processed_data\test\B2\DSC03320_patch_1_0.jpg,B2,B1,0.6319
C:\Users\teflo\Desktop\Study\VLU\Comp vision\BT\Final\processed_data\test\B2\DSC03321_patch_0_4.jpg,B2,B1,0.719
C:\Users\teflo\Desktop\Study\VLU\Comp vision\BT\Final\processed_data\test\B2\DSC03322_patch_0_2.jpg,B2,B1,0.6068
C:\Users\teflo\Desktop\Study\VLU\Comp vision\BT\Final\processed_data\test\B2\DSC03324_patch_0_2.jpg,B2,A1,0.4919
C:\Users\teflo\Desktop\Study\VLU\Comp vision\BT\Final\processed_data\test\B2\DSC03325_patch_0_0.jpg,B2,B1,0.3766
C:\Users\teflo\Desktop\Study\VLU\Comp vision\BT\Final\processed_data\test\B2\DSC03326_patch_3_2.jpg,B2,B1,0.4835
C:\Users\teflo\Desktop\Study\VLU\Comp vision\BT\Final\processed_data\test\B2\DSC03327_patch_3_1.jpg,B2,B1,0.6759
C:\Users\teflo\Desktop\Study\VLU\Comp vision\BT\Final\processed_data\test\B2\DSC03328_patch_2_5.jpg,B2,A2,0.5512
C:\Users\teflo\Desktop\Study\VLU\Comp vision\BT\Final\processed_data\test\B2\DSC03329_patch_2_4.jpg,B2,A2,0.613
C:\Users\teflo\Desktop\Study\VLU\Comp vision\BT\Final\processed_data\test\B2\DSC03330_patch_2_4.jpg,B2,A2,0.831
C:\Users\teflo\Desktop\Study\VLU\Comp vision\BT\Final\processed_data\test\B2\DSC03331_patch_2_2.jpg,B2,B1,0.6278
C:\Users\teflo\Desktop\Study\VLU\Comp vision\BT\Final\processed_data\test\B2\DSC03332_patch_2_0.jpg,B2,B1,0.4397
C:\Users\teflo\Desktop\Study\VLU\Comp vision\BT\Final\processed_data\test\B2\DSC03334_patch_1_4.jpg,B2,A1,0.4077
C:\Users\teflo\Desktop\Study\VLU\Comp vision\BT\Final\processed_data\test\B2\DSC03336_patch_1_3.jpg,B2,B1,0.8094
C:\Users\teflo\Desktop\Study\VLU\Comp vision\BT\Final\processed_data\test\B2\DSC03337_patch_1_2.jpg,B2,B1,0.6972
C:\Users\teflo\Desktop\Study\VLU\Comp vision\BT\Final\processed_data\test\B2\DSC03338_patch_1_1.jpg,B2,B1,0.787
C:\Users\teflo\Desktop\Study\VLU\Comp vision\BT\Final\processed_data\test\B2\DSC03341_patch_1_1.jpg,B2,A2,0.4503
C:\Users\teflo\Desktop\Study\VLU\Comp vision\BT\Final\processed_data\test\B2\DSC03342_patch_1_2.jpg,B2,A2,0.5202
C:\Users\teflo\Desktop\Study\VLU\Comp vision\BT\Final\processed_data\test\B2\DSC03345_patch_1_3.jpg,B2,B1,0.7884
C:\Users\teflo\Desktop\Study\VLU\Comp vision\BT\Final\processed_data\test\B2\DSC03346_patch_1_1.jpg,B2,B1,0.764
C:\Users\teflo\Desktop\Study\VLU\Comp vision\BT\Final\processed_data\test\B2\DSC03348_patch_1_0.jpg,B2,B1,0.8411
C:\Users\teflo\Desktop\Study\VLU\Comp vision\BT\Final\processed_data\test\B2\DSC03349_patch_0_4.jpg,B2,B1,0.4131
C:\Users\teflo\Desktop\Study\VLU\Comp vision\BT\Final\processed_data\test\B2\DSC03350_patch_0_2.jpg,B2,B1,0.5421
C:\Users\teflo\Desktop\Study\VLU\Comp vision\BT\Final\processed_data\test\B2\DSC03351_patch_0_1.jpg,B2,B1,0.8009
C:\Users\teflo\Desktop\Study\VLU\Comp vision\BT\Final\processed_data\test\B2\DSC03351_patch_3_5.jpg,B2,A2,0.5105
C:\Users\teflo\Desktop\Study\VLU\Comp vision\BT\Final\processed_data\test\B2\DSC03352_patch_3_3.jpg,B2,B1,0.6826
C:\Users\teflo\Desktop\Study\VLU\Comp vision\BT\Final\processed_data\test\B2\DSC03353_patch_3_1.jpg,B2,B1,0.6429
C:\Users\teflo\Desktop\Study\VLU\Comp vision\BT\Final\processed_data\test\B2\DSC03354_patch_3_2.jpg,B2,B1,0.636
C:\Users\teflo\Desktop\Study\VLU\Comp vision\BT\Final\processed_data\test\B2\DSC03357_patch_3_0.jpg,B2,A2,0.5329
C:\Users\teflo\Desktop\Study\VLU\Comp vision\BT\Final\processed_data\test\B2\DSC03358_patch_3_0.jpg,B2,B1,0.8473
C:\Users\teflo\Desktop\Study\VLU\Comp vision\BT\Final\processed_data\test\B2\DSC03359_patch_2_4.jpg,B2,A2,0.7133
C:\Users\teflo\Desktop\Study\VLU\Comp vision\BT\Final\processed_data\test\B2\DSC03360_patch_2_3.jpg,B2,B1,0.6057
C:\Users\teflo\Desktop\Study\VLU\Comp vision\BT\Final\processed_data\test\B2\DSC03361_patch_2_1.jpg,B2,B1,0.7851
C:\Users\teflo\Desktop\Study\VLU\Comp vision\BT\Final\processed_data\test\B2\DSC03363_patch_1_5.jpg,B2,B1,0.3954
C:\Users\teflo\Desktop\Study\VLU\Comp vision\BT\Final\processed_data\test\B2\DSC03366_patch_3_1.jpg,B2,B1,0.7388
C:\Users\teflo\Desktop\Study\VLU\Comp vision\BT\Final\processed_data\test\B2\DSC03367_patch_3_3.jpg,B2,A2,0.5448
C:\Users\teflo\Desktop\Study\VLU\Comp vision\BT\Final\processed_data\test\B2\DSC03370_patch_0_0.jpg,B2,B1,0.4174
C:\Users\teflo\Desktop\Study\VLU\Comp vision\BT\Final\processed_data\test\B2\DSC03372_patch_0_4.jpg,B2,B1,0.7635
C:\Users\teflo\Desktop\Study\VLU\Comp vision\BT\Final\processed_data\test\B2\DSC03373_patch_0_3.jpg,B2,B1,0.45
C:\Users\teflo\Desktop\Study\VLU\Comp vision\BT\Final\processed_data\test\B2\DSC03374_patch_0_2.jpg,B2,B1,0.547
C:\Users\teflo\Desktop\Study\VLU\Comp vision\BT\Final\processed_data\test\B2\DSC03376_patch_0_0.jpg,B2,A2,0.607
C:\Users\teflo\Desktop\Study\VLU\Comp vision\BT\Final\processed_data\test\B2\DSC03376_patch_3_4.jpg,B2,B1,0.5097
C:\Users\teflo\Desktop\Study\VLU\Comp vision\BT\Final\processed_data\test\B2\DSC03377_patch_3_2.jpg,B2,A1,0.5097
C:\Users\teflo\Desktop\Study\VLU\Comp vision\BT\Final\processed_data\test\B2\DSC03378_patch_3_0.jpg,B2,B1,0.5031
C:\Users\teflo\Desktop\Study\VLU\Comp vision\BT\Final\processed_data\test\B2\DSC03379_patch_2_5.jpg,B2,B1,0.4665
C:\Users\teflo\Desktop\Study\VLU\Comp vision\BT\Final\processed_data\test\B2\DSC03380_patch_2_3.jpg,B2,B1,0.4353
C:\Users\teflo\Desktop\Study\VLU\Comp vision\BT\Final\processed_data\test\B2\DSC03381_patch_2_1.jpg,B2,A2,0.5163
C:\Users\teflo\Desktop\Study\VLU\Comp vision\BT\Final\processed_data\test\B2\DSC03383_patch_1_4.jpg,B2,B1,0.727
C:\Users\teflo\Desktop\Study\VLU\Comp vision\BT\Final\processed_data\test\B2\DSC03384_patch_1_5.jpg,B2,B1,0.5369
C:\Users\teflo\Desktop\Study\VLU\Comp vision\BT\Final\processed_data\test\B2\DSC03385_patch_2_1.jpg,B2,B1,0.6772
C:\Users\teflo\Desktop\Study\VLU\Comp vision\BT\Final\processed_data\test\B2\DSC03386_patch_2_1.jpg,B2,B1,0.5463
C:\Users\teflo\Desktop\Study\VLU\Comp vision\BT\Final\processed_data\test\B2\DSC03387_patch_2_0.jpg,B2,B1,0.6065
C:\Users\teflo\Desktop\Study\VLU\Comp vision\BT\Final\processed_data\test\B2\DSC03389_patch_1_4.jpg,B2,A2,0.6194
C:\Users\teflo\Desktop\Study\VLU\Comp vision\BT\Final\processed_data\test\B2\DSC03390_patch_1_4.jpg,B2,A2,0.8859
C:\Users\teflo\Desktop\Study\VLU\Comp vision\BT\Final\processed_data\test\B2\DSC03391_patch_1_4.jpg,B2,A2,0.7246
C:\Users\teflo\Desktop\Study\VLU\Comp vision\BT\Final\processed_data\test\B2\DSC03395_patch_1_3.jpg,B2,B1,0.7495
C:\Users\teflo\Desktop\Study\VLU\Comp vision\BT\Final\processed_data\test\B2\DSC03398_patch_1_1.jpg,B2,B1,0.7158
C:\Users\teflo\Desktop\Study\VLU\Comp vision\BT\Final\processed_data\test\B2\DSC03400_patch_0_4.jpg,B2,B1,0.5086
C:\Users\teflo\Desktop\Study\VLU\Comp vision\BT\Final\processed_data\test\B2\DSC03401_patch_0_2.jpg,B2,A2,0.5124
C:\Users\teflo\Desktop\Study\VLU\Comp vision\BT\Final\processed_data\test\B2\DSC03402_patch_0_0.jpg,B2,B1,0.5412
C:\Users\teflo\Desktop\Study\VLU\Comp vision\BT\Final\processed_data\test\B2\DSC03402_patch_3_5.jpg,B2,A2,0.4745
C:\Users\teflo\Desktop\Study\VLU\Comp vision\BT\Final\processed_data\test\B2\DSC03404_patch_3_2.jpg,B2,A2,0.4822
C:\Users\teflo\Desktop\Study\VLU\Comp vision\BT\Final\processed_data\test\B2\DSC03405_patch_3_0.jpg,B2,B1,0.8661
C:\Users\teflo\Desktop\Study\VLU\Comp vision\BT\Final\processed_data\test\B2\DSC03407_patch_2_5.jpg,B2,B1,0.4794
C:\Users\teflo\Desktop\Study\VLU\Comp vision\BT\Final\processed_data\test\B2\DSC03409_patch_2_1.jpg,B2,B1,0.7213
C:\Users\teflo\Desktop\Study\VLU\Comp vision\BT\Final\processed_data\test\B2\DSC03410_patch_1_5.jpg,B2,B1,0.7588
C:\Users\teflo\Desktop\Study\VLU\Comp vision\BT\Final\processed_data\test\B2\DSC03411_patch_1_4.jpg,B2,B1,0.6347
C:\Users\teflo\Desktop\Study\VLU\Comp vision\BT\Final\processed_data\test\B2\DSC03412_patch_1_2.jpg,B2,B1,0.8706
C:\Users\teflo\Desktop\Study\VLU\Comp vision\BT\Final\processed_data\test\B2\DSC03413_patch_1_0.jpg,B2,B1,0.9057
C:\Users\teflo\Desktop\Study\VLU\Comp vision\BT\Final\processed_data\test\B2\DSC03414_patch_0_4.jpg,B2,B1,0.5691
C:\Users\teflo\Desktop\Study\VLU\Comp vision\BT\Final\processed_data\test\B2\DSC03416_patch_0_4.jpg,B2,B1,0.8189
C:\Users\teflo\Desktop\Study\VLU\Comp vision\BT\Final\processed_data\test\B2\DSC03419_patch_0_2.jpg,B2,B1,0.8129
C:\Users\teflo\Desktop\Study\VLU\Comp vision\BT\Final\processed_data\test\B2\DSC03421_patch_0_1.jpg,B2,B1,0.7859
C:\Users\teflo\Desktop\Study\VLU\Comp vision\BT\Final\processed_data\test\B2\DSC03422_patch_0_0.jpg,B2,B1,0.9686
C:\Users\teflo\Desktop\Study\VLU\Comp vision\BT\Final\processed_data\test\B2\DSC03422_patch_3_5.jpg,B2,B1,0.7296
C:\Users\teflo\Desktop\Study\VLU\Comp vision\BT\Final\processed_data\test\B2\DSC03425_patch_3_3.jpg,B2,B1,0.9151
C:\Users\teflo\Desktop\Study\VLU\Comp vision\BT\Final\processed_data\test\B2\DSC03428_patch_3_0.jpg,B2,B1,0.6793
C:\Users\teflo\Desktop\Study\VLU\Comp vision\BT\Final\processed_data\test\B2\DSC03431_patch_3_0.jpg,B2,B1,0.7464
C:\Users\teflo\Desktop\Study\VLU\Comp vision\BT\Final\processed_data\test\B2\DSC03432_patch_3_0.jpg,B2,B1,0.8382
C:\Users\teflo\Desktop\Study\VLU\Comp vision\BT\Final\processed_data\test\B2\DSC03433_patch_2_5.jpg,B2,A2,0.6513
C:\Users\teflo\Desktop\Study\VLU\Comp vision\BT\Final\processed_data\test\B2\DSC03434_patch_2_5.jpg,B2,A2,0.7694
C:\Users\teflo\Desktop\Study\VLU\Comp vision\BT\Final\processed_data\test\B2\DSC03435_patch_2_4.jpg,B2,A2,0.3931
C:\Users\teflo\Desktop\Study\VLU\Comp vision\BT\Final\processed_data\test\B2\DSC03438_patch_2_2.jpg,B2,B1,0.4696
C:\Users\teflo\Desktop\Study\VLU\Comp vision\BT\Final\processed_data\test\B2\DSC03442_patch_2_0.jpg,B2,B1,0.4459
C:\Users\teflo\Desktop\Study\VLU\Comp vision\BT\Final\processed_data\test\B2\DSC03443_patch_1_4.jpg,B2,A2,0.4154
C:\Users\teflo\Desktop\Study\VLU\Comp vision\BT\Final\processed_data\test\B2\DSC03445_patch_1_3.jpg,B2,B1,0.9028
C:\Users\teflo\Desktop\Study\VLU\Comp vision\BT\Final\processed_data\test\B2\DSC03446_patch_1_3.jpg,B2,B1,0.9106
C:\Users\teflo\Desktop\Study\VLU\Comp vision\BT\Final\processed_data\test\B2\DSC03447_patch_1_3.jpg,B2,B1,0.823
C:\Users\teflo\Desktop\Study\VLU\Comp vision\BT\Final\processed_data\test\B2\DSC03448_patch_1_2.jpg,B2,B1,0.7868
C:\Users\teflo\Desktop\Study\VLU\Comp vision\BT\Final\processed_data\test\B2\DSC03451_patch_1_2.jpg,B2,B1,0.8756
C:\Users\teflo\Desktop\Study\VLU\Comp vision\BT\Final\processed_data\test\B2\DSC03453_patch_1_1.jpg,B2,B1,0.9086
C:\Users\teflo\Desktop\Study\VLU\Comp vision\BT\Final\processed_data\test\B2\DSC03454_patch_1_0.jpg,B2,B1,0.6173
C:\Users\teflo\Desktop\Study\VLU\Comp vision\BT\Final\processed_data\test\B2\DSC03455_patch_0_5.jpg,B2,B1,0.374
C:\Users\teflo\Desktop\Study\VLU\Comp vision\BT\Final\processed_data\test\B2\DSC03456_patch_0_5.jpg,B2,A2,0.8327
C:\Users\teflo\Desktop\Study\VLU\Comp vision\BT\Final\processed_data\test\B2\DSC03457_patch_0_3.jpg,B2,B1,0.6127
C:\Users\teflo\Desktop\Study\VLU\Comp vision\BT\Final\processed_data\test\B2\DSC03458_patch_0_1.jpg,B2,B1,0.7946
C:\Users\teflo\Desktop\Study\VLU\Comp vision\BT\Final\processed_data\test\B2\DSC03458_patch_3_5.jpg,B2,B1,0.6838
C:\Users\teflo\Desktop\Study\VLU\Comp vision\BT\Final\processed_data\test\B2\DSC03459_patch_3_4.jpg,B2,B1,0.484
C:\Users\teflo\Desktop\Study\VLU\Comp vision\BT\Final\processed_data\test\B2\DSC03460_patch_3_2.jpg,B2,B1,0.5614
C:\Users\teflo\Desktop\Study\VLU\Comp vision\BT\Final\processed_data\test\B2\DSC03462_patch_3_0.jpg,B2,B1,0.5615
C:\Users\teflo\Desktop\Study\VLU\Comp vision\BT\Final\processed_data\test\B2\DSC03463_patch_2_5.jpg,B2,B1,0.6476
C:\Users\teflo\Desktop\Study\VLU\Comp vision\BT\Final\processed_data\test\B2\DSC03466_patch_2_3.jpg,B2,B1,0.4857
C:\Users\teflo\Desktop\Study\VLU\Comp vision\BT\Final\processed_data\test\B2\DSC03468_patch_2_2.jpg,B2,B1,0.5859
C:\Users\teflo\Desktop\Study\VLU\Comp vision\BT\Final\processed_data\test\B2\DSC03470_patch_2_1.jpg,B2,B1,0.53
C:\Users\teflo\Desktop\Study\VLU\Comp vision\BT\Final\processed_data\test\B2\DSC03471_patch_1_5.jpg,B2,B1,0.6435
C:\Users\teflo\Desktop\Study\VLU\Comp vision\BT\Final\processed_data\test\B2\DSC03472_patch_1_3.jpg,B2,B1,0.433
C:\Users\teflo\Desktop\Study\VLU\Comp vision\BT\Final\processed_data\test\B2\DSC03474_patch_1_1.jpg,B2,B1,0.7145
C:\Users\teflo\Desktop\Study\VLU\Comp vision\BT\Final\processed_data\test\B2\DSC03475_patch_1_0.jpg,B2,B1,0.6632
C:\Users\teflo\Desktop\Study\VLU\Comp vision\BT\Final\processed_data\test\B2\DSC03477_patch_1_2.jpg,B2,A1,0.4224
C:\Users\teflo\Desktop\Study\VLU\Comp vision\BT\Final\processed_data\test\B2\DSC03478_patch_1_3.jpg,B2,A2,0.5906
C:\Users\teflo\Desktop\Study\VLU\Comp vision\BT\Final\processed_data\test\B2\DSC03479_patch_1_4.jpg,B2,B1,0.7244
C:\Users\teflo\Desktop\Study\VLU\Comp vision\BT\Final\processed_data\test\B2\DSC03480_patch_1_3.jpg,B2,B1,0.7978
C:\Users\teflo\Desktop\Study\VLU\Comp vision\BT\Final\processed_data\test\B2\DSC03481_patch_1_3.jpg,B2,B1,0.5719
C:\Users\teflo\Desktop\Study\VLU\Comp vision\BT\Final\processed_data\test\B2\DSC03484_patch_1_2.jpg,B2,B1,0.807
C:\Users\teflo\Desktop\Study\VLU\Comp vision\BT\Final\processed_data\test\B2\DSC03485_patch_1_1.jpg,B2,B1,0.8714
C:\Users\teflo\Desktop\Study\VLU\Comp vision\BT\Final\processed_data\test\B2\DSC03486_patch_0_5.jpg,B2,B1,0.6897
C:\Users\teflo\Desktop\Study\VLU\Comp vision\BT\Final\processed_data\test\B2\DSC03487_patch_0_3.jpg,B2,B1,0.8108
C:\Users\teflo\Desktop\Study\VLU\Comp vision\BT\Final\processed_data\test\B2\DSC03488_patch_0_1.jpg,B2,B1,0.862
C:\Users\teflo\Desktop\Study\VLU\Comp vision\BT\Final\processed_data\test\B2\DSC03489_patch_0_0.jpg,B2,B1,0.8368
C:\Users\teflo\Desktop\Study\VLU\Comp vision\BT\Final\processed_data\test\B2\DSC03489_patch_3_4.jpg,B2,B1,0.5872
C:\Users\teflo\Desktop\Study\VLU\Comp vision\BT\Final\processed_data\test\B2\DSC03490_patch_3_2.jpg,B2,B1,0.4505
C:\Users\teflo\Desktop\Study\VLU\Comp vision\BT\Final\processed_data\test\B2\DSC03491_patch_3_1.jpg,B2,B1,0.5938
C:\Users\teflo\Desktop\Study\VLU\Comp vision\BT\Final\processed_data\test\B2\DSC03493_patch_3_0.jpg,B2,B1,0.4835
C:\Users\teflo\Desktop\Study\VLU\Comp vision\BT\Final\processed_data\test\B2\DSC03494_patch_2_4.jpg,B2,A1,0.377
C:\Users\teflo\Desktop\Study\VLU\Comp vision\BT\Final\processed_data\test\B2\DSC03495_patch_2_3.jpg,B2,B1,0.4656
C:\Users\teflo\Desktop\Study\VLU\Comp vision\BT\Final\processed_data\test\B2\DSC03496_patch_2_3.jpg,B2,B1,0.7911
C:\Users\teflo\Desktop\Study\VLU\Comp vision\BT\Final\processed_data\test\B2\DSC03498_patch_2_2.jpg,B2,B1,0.3702
C:\Users\teflo\Desktop\Study\VLU\Comp vision\BT\Final\processed_data\test\B2\DSC03500_patch_2_1.jpg,B2,B1,0.7082
C:\Users\teflo\Desktop\Study\VLU\Comp vision\BT\Final\processed_data\test\B2\DSC03501_patch_2_0.jpg,B2,B1,0.4603
C:\Users\teflo\Desktop\Study\VLU\Comp vision\BT\Final\processed_data\test\B2\DSC03502_patch_1_5.jpg,B2,B1,0.5391
C:\Users\teflo\Desktop\Study\VLU\Comp vision\BT\Final\processed_data\test\B2\DSC03503_patch_1_3.jpg,B2,B1,0.7813
C:\Users\teflo\Desktop\Study\VLU\Comp vision\BT\Final\processed_data\test\B2\DSC03504_patch_1_1.jpg,B2,B1,0.5343
C:\Users\teflo\Desktop\Study\VLU\Comp vision\BT\Final\processed_data\test\B2\DSC03505_patch_1_1.jpg,B2,A2,0.5325
C:\Users\teflo\Desktop\Study\VLU\Comp vision\BT\Final\processed_data\test\B2\DSC03506_patch_1_5.jpg,B2,A1,0.499
C:\Users\teflo\Desktop\Study\VLU\Comp vision\BT\Final\processed_data\test\B2\DSC03507_patch_1_3.jpg,B2,B1,0.5954
C:\Users\teflo\Desktop\Study\VLU\Comp vision\BT\Final\processed_data\test\B2\DSC03508_patch_1_4.jpg,B2,B1,0.6389
C:\Users\teflo\Desktop\Study\VLU\Comp vision\BT\Final\processed_data\test\B2\DSC04205_patch_2_0.jpg,B2,A2,0.4718
C:\Users\teflo\Desktop\Study\VLU\Comp vision\BT\Final\processed_data\test\B2\DSC04211_patch_3_3.jpg,B2,A2,0.3847
C:\Users\teflo\Desktop\Study\VLU\Comp vision\BT\Final\processed_data\test\B2\DSC04212_patch_3_5.jpg,B2,B1,0.4244
C:\Users\teflo\Desktop\Study\VLU\Comp vision\BT\Final\processed_data\test\B2\DSC04214_patch_3_1.jpg,B2,B1,0.4637
C:\Users\teflo\Desktop\Study\VLU\Comp vision\BT\Final\processed_data\test\B2\DSC07102_patch_3_1.jpg,B2,A2,0.9578
C:\Users\teflo\Desktop\Study\VLU\Comp vision\BT\Final\processed_data\test\B2\DSC07103_patch_3_1.jpg,B2,A2,0.8947
C:\Users\teflo\Desktop\Study\VLU\Comp vision\BT\Final\processed_data\test\B2\DSC07104_patch_2_5.jpg,B2,A2,0.942
C:\Users\teflo\Desktop\Study\VLU\Comp vision\BT\Final\processed_data\test\B2\DSC07105_patch_2_3.jpg,B2,A2,0.9145
C:\Users\teflo\Desktop\Study\VLU\Comp vision\BT\Final\processed_data\test\B2\DSC07106_patch_2_1.jpg,B2,A2,0.5625
C:\Users\teflo\Desktop\Study\VLU\Comp vision\BT\Final\processed_data\test\B2\DSC07108_patch_1_4.jpg,B2,A2,0.7854
C:\Users\teflo\Desktop\Study\VLU\Comp vision\BT\Final\processed_data\test\B2\DSC07109_patch_1_3.jpg,B2,A2,0.9464
C:\Users\teflo\Desktop\Study\VLU\Comp vision\BT\Final\processed_data\test\B2\DSC07110_patch_1_2.jpg,B2,A2,0.9209
C:\Users\teflo\Desktop\Study\VLU\Comp vision\BT\Final\processed_data\test\B2\DSC07111_patch_1_1.jpg,B2,A2,0.9272
C:\Users\teflo\Desktop\Study\VLU\Comp vision\BT\Final\processed_data\test\B2\DSC07114_patch_0_3.jpg,B2,A2,0.9271
C:\Users\teflo\Desktop\Study\VLU\Comp vision\BT\Final\processed_data\test\B2\DSC07115_patch_0_2.jpg,B2,A2,0.9027
C:\Users\teflo\Desktop\Study\VLU\Comp vision\BT\Final\processed_data\test\B2\DSC07116_patch_0_0.jpg,B2,A2,0.8992
C:\Users\teflo\Desktop\Study\VLU\Comp vision\BT\Final\processed_data\test\B2\DSC07116_patch_3_4.jpg,B2,A2,0.9311
C:\Users\teflo\Desktop\Study\VLU\Comp vision\BT\Final\processed_data\test\B2\DSC07117_patch_3_4.jpg,B2,A2,0.912
C:\Users\teflo\Desktop\Study\VLU\Comp vision\BT\Final\processed_data\test\B2\DSC07118_patch_3_3.jpg,B2,A2,0.4771
C:\Users\teflo\Desktop\Study\VLU\Comp vision\BT\Final\processed_data\test\B2\DSC07120_patch_3_1.jpg,B2,B1,0.7492
C:\Users\teflo\Desktop\Study\VLU\Comp vision\BT\Final\processed_data\test\B2\DSC07123_patch_2_5.jpg,B2,A2,0.4671
C:\Users\teflo\Desktop\Study\VLU\Comp vision\BT\Final\processed_data\test\B2\DSC07124_patch_2_3.jpg,B2,B1,0.4388
C:\Users\teflo\Desktop\Study\VLU\Comp vision\BT\Final\processed_data\test\B2\DSC07125_patch_2_2.jpg,B2,A2,0.895
C:\Users\teflo\Desktop\Study\VLU\Comp vision\BT\Final\processed_data\test\B2\DSC07126_patch_2_0.jpg,B2,A2,0.6654
C:\Users\teflo\Desktop\Study\VLU\Comp vision\BT\Final\processed_data\test\B2\DSC07130_patch_1_4.jpg,B2,B1,0.3855
C:\Users\teflo\Desktop\Study\VLU\Comp vision\BT\Final\processed_data\test\B2\DSC07131_patch_1_3.jpg,B2,A2,0.5364
C:\Users\teflo\Desktop\Study\VLU\Comp vision\BT\Final\processed_data\test\B2\DSC07132_patch_1_1.jpg,B2,A2,0.8129
C:\Users\teflo\Desktop\Study\VLU\Comp vision\BT\Final\processed_data\test\B2\DSC07133_patch_0_5.jpg,B2,A2,0.5912
C:\Users\teflo\Desktop\Study\VLU\Comp vision\BT\Final\processed_data\test\B2\DSC08413_patch_0_3.jpg,B2,A2,0.9169
C:\Users\teflo\Desktop\Study\VLU\Comp vision\BT\Final\processed_data\test\B2\DSC08414_patch_0_2.jpg,B2,B1,0.4516
C:\Users\teflo\Desktop\Study\VLU\Comp vision\BT\Final\processed_data\test\B2\DSC08417_patch_0_0.jpg,B2,B1,0.4525
C:\Users\teflo\Desktop\Study\VLU\Comp vision\BT\Final\processed_data\test\B2\DSC08417_patch_3_4.jpg,B2,A2,0.9393
C:\Users\teflo\Desktop\Study\VLU\Comp vision\BT\Final\processed_data\test\B2\DSC08419_patch_3_2.jpg,B2,A2,0.6722
C:\Users\teflo\Desktop\Study\VLU\Comp vision\BT\Final\processed_data\test\B2\DSC08539_patch_3_3.jpg,B2,A2,0.4575
C:\Users\teflo\Desktop\Study\VLU\Comp vision\BT\Final\processed_data\test\B2\DSC08569_patch_1_1.jpg,B2,A2,0.9276
C:\Users\teflo\Desktop\Study\VLU\Comp vision\BT\Final\processed_data\test\B2\DSC08570_patch_1_3.jpg,B2,A2,0.9537
C:\Users\teflo\Desktop\Study\VLU\Comp vision\BT\Final\processed_data\test\B2\DSC08577_patch_1_4.jpg,B2,A2,0.9185
C:\Users\teflo\Desktop\Study\VLU\Comp vision\BT\Final\processed_data\test\B2\DSC08578_patch_1_3.jpg,B2,A2,0.8585
C:\Users\teflo\Desktop\Study\VLU\Comp vision\BT\Final\processed_data\test\B2\DSC08589_patch_1_2.jpg,B2,A2,0.9276
C:\Users\teflo\Desktop\Study\VLU\Comp vision\BT\Final\processed_data\test\B2\DSC08591_patch_2_0.jpg,B2,A2,0.7422
C:\Users\teflo\Desktop\Study\VLU\Comp vision\BT\Final\processed_data\test\B2\DSC08593_patch_1_5.jpg,B2,A2,0.8709
C:\Users\teflo\Desktop\Study\VLU\Comp vision\BT\Final\processed_data\test\B2\DSC08660_patch_1_3.jpg,B2,A2,0.8018
C:\Users\teflo\Desktop\Study\VLU\Comp vision\BT\Final\processed_data\test\B2\DSC08666_patch_1_1.jpg,B2,A2,0.7359
C:\Users\teflo\Desktop\Study\VLU\Comp vision\BT\Final\processed_data\test\B2\DSC08667_patch_0_5.jpg,B2,A1,0.4648
C:\Users\teflo\Desktop\Study\VLU\Comp vision\BT\Final\processed_data\test\B2\DSC08668_patch_0_4.jpg,B2,A2,0.9086
C:\Users\teflo\Desktop\Study\VLU\Comp vision\BT\Final\processed_data\test\B2\DSC08669_patch_0_2.jpg,B2,A1,0.4862
C:\Users\teflo\Desktop\Study\VLU\Comp vision\BT\Final\processed_data\test\B2\DSC08670_patch_0_0.jpg,B2,A2,0.4756
C:\Users\teflo\Desktop\Study\VLU\Comp vision\BT\Final\processed_data\test\B2\DSC08670_patch_3_4.jpg,B2,A2,0.4616
C:\Users\teflo\Desktop\Study\VLU\Comp vision\BT\Final\processed_data\test\B2\DSC08671_patch_3_3.jpg,B2,B1,0.6703
C:\Users\teflo\Desktop\Study\VLU\Comp vision\BT\Final\processed_data\test\B2\DSC08672_patch_3_1.jpg,B2,A2,0.7267
C:\Users\teflo\Desktop\Study\VLU\Comp vision\BT\Final\processed_data\test\B2\DSC08673_patch_3_4.jpg,B2,A2,0.9363
C:\Users\teflo\Desktop\Study\VLU\Comp vision\BT\Final\processed_data\test\B2\DSC08674_patch_3_2.jpg,B2,A2,0.964
C:\Users\teflo\Desktop\Study\VLU\Comp vision\BT\Final\processed_data\test\B2\DSC08675_patch_3_1.jpg,B2,B1,0.6427
C:\Users\teflo\Desktop\Study\VLU\Comp vision\BT\Final\processed_data\test\B2\DSC08676_patch_3_1.jpg,B2,A2,0.4522
C:\Users\teflo\Desktop\Study\VLU\Comp vision\BT\Final\processed_data\test\B2\DSC08677_patch_2_5.jpg,B2,A2,0.5984
C:\Users\teflo\Desktop\Study\VLU\Comp vision\BT\Final\processed_data\test\B2\DSC08678_patch_2_4.jpg,B2,A2,0.7975
C:\Users\teflo\Desktop\Study\VLU\Comp vision\BT\Final\processed_data\test\B2\DSC08679_patch_2_2.jpg,B2,A2,0.6415
C:\Users\teflo\Desktop\Study\VLU\Comp vision\BT\Final\processed_data\test\B2\DSC08680_patch_2_0.jpg,B2,A2,0.7275
C:\Users\teflo\Desktop\Study\VLU\Comp vision\BT\Final\processed_data\test\B2\DSC08681_patch_1_4.jpg,B2,A2,0.882
C:\Users\teflo\Desktop\Study\VLU\Comp vision\BT\Final\processed_data\test\B2\DSC08682_patch_1_3.jpg,B2,A1,0.5935
C:\Users\teflo\Desktop\Study\VLU\Comp vision\BT\Final\processed_data\test\B2\DSC08684_patch_1_1.jpg,B2,A2,0.9008
C:\Users\teflo\Desktop\Study\VLU\Comp vision\BT\Final\processed_data\test\B2\DSC08686_patch_0_5.jpg,B2,A2,0.9278
C:\Users\teflo\Desktop\Study\VLU\Comp vision\BT\Final\processed_data\test\B2\DSC08687_patch_1_2.jpg,B2,A2,0.9604
C:\Users\teflo\Desktop\Study\VLU\Comp vision\BT\Final\processed_data\test\B2\DSC08688_patch_1_0.jpg,B2,A2,0.826
C:\Users\teflo\Desktop\Study\VLU\Comp vision\BT\Final\processed_data\test\B2\DSC08692_patch_0_4.jpg,B2,A2,0.7376
C:\Users\teflo\Desktop\Study\VLU\Comp vision\BT\Final\processed_data\test\B2\DSC08693_patch_0_3.jpg,B2,A2,0.8879
C:\Users\teflo\Desktop\Study\VLU\Comp vision\BT\Final\processed_data\test\B2\DSC08696_patch_0_1.jpg,B2,B1,0.6391
C:\Users\teflo\Desktop\Study\VLU\Comp vision\BT\Final\processed_data\test\B2\DSC08698_patch_0_0.jpg,B2,A2,0.4771
C:\Users\teflo\Desktop\Study\VLU\Comp vision\BT\Final\processed_data\test\B2\DSC08698_patch_3_4.jpg,B2,B1,0.5237
C:\Users\teflo\Desktop\Study\VLU\Comp vision\BT\Final\processed_data\test\B2\DSC08699_patch_3_4.jpg,B2,A2,0.7675
C:\Users\teflo\Desktop\Study\VLU\Comp vision\BT\Final\processed_data\test\B2\DSC08839_patch_3_4.jpg,B2,B1,0.5474
C:\Users\teflo\Desktop\Study\VLU\Comp vision\BT\Final\processed_data\test\B2\DSC08840_patch_3_3.jpg,B2,B1,0.6904
C:\Users\teflo\Desktop\Study\VLU\Comp vision\BT\Final\processed_data\test\B2\DSC08841_patch_3_2.jpg,B2,B1,0.6092
C:\Users\teflo\Desktop\Study\VLU\Comp vision\BT\Final\processed_data\test\B2\DSC08842_patch_3_4.jpg,B2,A1,0.4473
C:\Users\teflo\Desktop\Study\VLU\Comp vision\BT\Final\processed_data\test\B2\DSC08844_patch_0_2.jpg,B2,A2,0.8867
C:\Users\teflo\Desktop\Study\VLU\Comp vision\BT\Final\processed_data\test\B2\DSC08845_patch_0_1.jpg,B2,B1,0.7041
C:\Users\teflo\Desktop\Study\VLU\Comp vision\BT\Final\processed_data\test\B2\DSC08845_patch_3_5.jpg,B2,B1,0.8041
C:\Users\teflo\Desktop\Study\VLU\Comp vision\BT\Final\processed_data\test\B2\DSC08847_patch_3_3.jpg,B2,B1,0.8998
C:\Users\teflo\Desktop\Study\VLU\Comp vision\BT\Final\processed_data\test\B2\DSC08848_patch_3_1.jpg,B2,B1,0.791
C:\Users\teflo\Desktop\Study\VLU\Comp vision\BT\Final\processed_data\test\B2\DSC08849_patch_3_2.jpg,B2,B1,0.9196
C:\Users\teflo\Desktop\Study\VLU\Comp vision\BT\Final\processed_data\test\B2\DSC08850_patch_3_4.jpg,B2,B1,0.7934
C:\Users\teflo\Desktop\Study\VLU\Comp vision\BT\Final\processed_data\test\B2\DSC08851_patch_3_2.jpg,B2,B1,0.8258
C:\Users\teflo\Desktop\Study\VLU\Comp vision\BT\Final\processed_data\test\B2\DSC08852_patch_3_0.jpg,B2,B1,0.7141
C:\Users\teflo\Desktop\Study\VLU\Comp vision\BT\Final\processed_data\test\B2\DSC08853_patch_2_5.jpg,B2,B1,0.7991
C:\Users\teflo\Desktop\Study\VLU\Comp vision\BT\Final\processed_data\test\B2\DSC08854_patch_3_2.jpg,B2,B1,0.5252
C:\Users\teflo\Desktop\Study\VLU\Comp vision\BT\Final\processed_data\test\B2\DSC08855_patch_3_1.jpg,B2,B1,0.4835
C:\Users\teflo\Desktop\Study\VLU\Comp vision\BT\Final\processed_data\test\B2\DSC08858_patch_0_0.jpg,B2,B1,0.6252
C:\Users\teflo\Desktop\Study\VLU\Comp vision\BT\Final\processed_data\test\B2\DSC08862_patch_2_0.jpg,B2,B1,0.4395
C:\Users\teflo\Desktop\Study\VLU\Comp vision\BT\Final\processed_data\test\B2\DSC08863_patch_1_5.jpg,B2,B1,0.5117
C:\Users\teflo\Desktop\Study\VLU\Comp vision\BT\Final\processed_data\test\B2\DSC08864_patch_2_1.jpg,B2,B1,0.5256
C:\Users\teflo\Desktop\Study\VLU\Comp vision\BT\Final\processed_data\test\B2\DSC08865_patch_1_5.jpg,B2,B1,0.4006
C:\Users\teflo\Desktop\Study\VLU\Comp vision\BT\Final\processed_data\test\B2\DSC08872_patch_2_0.jpg,B2,B1,0.6351
C:\Users\teflo\Desktop\Study\VLU\Comp vision\BT\Final\processed_data\test\B2\DSC08876_patch_1_4.jpg,B2,A1,0.6805
C:\Users\teflo\Desktop\Study\VLU\Comp vision\BT\Final\processed_data\test\B2\DSC08881_patch_0_5.jpg,B2,B1,0.565
C:\Users\teflo\Desktop\Study\VLU\Comp vision\BT\Final\processed_data\test\B2\DSC08883_patch_1_3.jpg,B2,A2,0.6114
C:\Users\teflo\Desktop\Study\VLU\Comp vision\BT\Final\processed_data\test\B2\DSC08884_patch_1_3.jpg,B2,A2,0.5548
C:\Users\teflo\Desktop\Study\VLU\Comp vision\BT\Final\processed_data\test\B2\DSC08885_patch_1_2.jpg,B2,B1,0.6193
C:\Users\teflo\Desktop\Study\VLU\Comp vision\BT\Final\processed_data\test\B2\DSC09103_patch_1_4.jpg,B2,A2,0.529
C:\Users\teflo\Desktop\Study\VLU\Comp vision\BT\Final\processed_data\test\B2\DSC09105_patch_1_4.jpg,B2,A1,0.4008
C:\Users\teflo\Desktop\Study\VLU\Comp vision\BT\Final\processed_data\test\B2\DSC09106_patch_2_4.jpg,B2,A2,0.8325
C:\Users\teflo\Desktop\Study\VLU\Comp vision\BT\Final\processed_data\test\B2\DSC09107_patch_2_5.jpg,B2,A2,0.8021
C:\Users\teflo\Desktop\Study\VLU\Comp vision\BT\Final\processed_data\test\B2\DSC09108_patch_2_4.jpg,B2,B1,0.5049
C:\Users\teflo\Desktop\Study\VLU\Comp vision\BT\Final\processed_data\test\B2\DSC09131_patch_3_1.jpg,B2,A2,0.8146
