path,true,pred,confidence
C:\Users\teflo\Desktop\Study\VLU\Comp vision\BT\Final\processed_data\test\A1\1_patch_0_0.jpg,A1,A2,0.3751
C:\Users\teflo\Desktop\Study\VLU\Comp vision\BT\Final\processed_data\test\A1\A1.01.Peo-com_104_patch_1_2.jpg,A1,A2,0.4303
C:\Users\teflo\Desktop\Study\VLU\Comp vision\BT\Final\processed_data\test\A1\A1.01.Peo-com_110_patch_3_0.jpg,A1,A2,0.7994
C:\Users\teflo\Desktop\Study\VLU\Comp vision\BT\Final\processed_data\test\A1\A1.01.Peo-com_117_patch_3_1.jpg,A1,B2,0.3386
C:\Users\teflo\Desktop\Study\VLU\Comp vision\BT\Final\processed_data\test\A1\A1.01.Peo-com_129_patch_2_2.jpg,A1,A2,0.8366
C:\Users\teflo\Desktop\Study\VLU\Comp vision\BT\Final\processed_data\test\A1\A1.01.Peo-com_134_patch_3_3.jpg,A1,A2,0.6721
C:\Users\teflo\Desktop\Study\VLU\Comp vision\BT\Final\processed_data\test\A1\A1.01.Peo-com_141_patch_0_1.jpg,A1,A2,0.8959
C:\Users\teflo\Desktop\Study\VLU\Comp vision\BT\Final\processed_data\test\A1\A1.01.Peo-com_147_patch_3_1.jpg,A1,A2,0.4529
C:\Users\teflo\Desktop\Study\VLU\Comp vision\BT\Final\processed_data\test\A1\A1.01.Peo-com_152_patch_3_3.jpg,A1,A2,0.5741
C:\Users\teflo\Desktop\Study\VLU\Comp vision\BT\Final\processed_data\test\A1\A1.01.Peo-com_164_patch_0_3.jpg,A1,A2,0.9765
C:\Users\teflo\Desktop\Study\VLU\Comp vision\BT\Final\processed_data\test\A1\A1.01.Peo-com_170_patch_2_4.jpg,A1,A2,0.4088
C:\Users\teflo\Desktop\Study\VLU\Comp vision\BT\Final\processed_data\test\A1\A1.01.Peo-com_38_patch_3_2.jpg,A1,A2,0.7504
C:\Users\teflo\Desktop\Study\VLU\Comp vision\BT\Final\processed_data\test\A1\A1.01.Peo-com_44_patch_3_2.jpg,A1,A2,0.3588
C:\Users\teflo\Desktop\Study\VLU\Comp vision\BT\Final\processed_data\test\A1\A1.01.Peo-com_60_patch_1_1.jpg,A1,A2,0.6027
C:\Users\teflo\Desktop\Study\VLU\Comp vision\BT\Final\processed_data\test\A1\A1.01.Peo-com_70_patch_1_3.jpg,A1,A2,0.8078
C:\Users\teflo\Desktop\Study\VLU\Comp vision\BT\Final\processed_data\test\A1\A1.01.Peo-com_76_patch_2_1.jpg,A1,A2,0.5794
C:\Users\teflo\Desktop\Study\VLU\Comp vision\BT\Final\processed_data\test\A1\A1.01.Peo-com_82_patch_3_3.jpg,A1,A2,0.9772
C:\Users\teflo\Desktop\Study\VLU\Comp vision\BT\Final\processed_data\test\A1\A1.01.Peo-com_92_patch_2_3.jpg,A1,B2,0.3387
C:\Users\teflo\Desktop\Study\VLU\Comp vision\BT\Final\processed_data\test\A1\A1.01.Peo-com_98_patch_3_3.jpg,A1,B1,0.2852
C:\Users\teflo\Desktop\Study\VLU\Comp vision\BT\Final\processed_data\test\A1\A1.02.Peo-Cou_05_patch_3_3.jpg,A1,A2,0.5909
C:\Users\teflo\Desktop\Study\VLU\Comp vision\BT\Final\processed_data\test\A1\A1.02.Peo-Cou_101_patch_3_3.jpg,A1,B2,0.4118
C:\Users\teflo\Desktop\Study\VLU\Comp vision\BT\Final\processed_data\test\A1\A1.02.Peo-Cou_19_patch_2_3.jpg,A1,B1,0.3736
C:\Users\teflo\Desktop\Study\VLU\Comp vision\BT\Final\processed_data\test\A1\A1.02.Peo-Cou_25_patch_2_0.jpg,A1,B2,0.3642
C:\Users\teflo\Desktop\Study\VLU\Comp vision\BT\Final\processed_data\test\A1\A1.02.Peo-Cou_38_patch_0_5.jpg,A1,B2,0.3579
C:\Users\teflo\Desktop\Study\VLU\Comp vision\BT\Final\processed_data\test\A1\A1.02.Peo-Cou_60_patch_0_0.jpg,A1,A2,0.4686
C:\Users\teflo\Desktop\Study\VLU\Comp vision\BT\Final\processed_data\test\A1\A1.02.Peo-Cou_67_patch_1_0.jpg,A1,A2,0.365
C:\Users\teflo\Desktop\Study\VLU\Comp vision\BT\Final\processed_data\test\A1\A1.02.Peo-Cou_81_patch_2_5.jpg,A1,A2,0.4369
C:\Users\teflo\Desktop\Study\VLU\Comp vision\BT\Final\processed_data\test\A1\A1.02.Peo-Cou_87_patch_2_5.jpg,A1,B1,0.4379
C:\Users\teflo\Desktop\Study\VLU\Comp vision\BT\Final\processed_data\test\A1\A1.02.Peo-Cou_99_patch_3_3.jpg,A1,B1,0.4303
C:\Users\teflo\Desktop\Study\VLU\Comp vision\BT\Final\processed_data\test\A1\A1.03.Ope-Hou_06_patch_3_5.jpg,A1,A2,0.6616
C:\Users\teflo\Desktop\Study\VLU\Comp vision\BT\Final\processed_data\test\A1\A1.03.Ope-Hou_115_patch_2_4.jpg,A1,B1,0.429
C:\Users\teflo\Desktop\Study\VLU\Comp vision\BT\Final\processed_data\test\A1\A1.03.Ope-Hou_120_patch_2_5.jpg,A1,A2,0.4949
C:\Users\teflo\Desktop\Study\VLU\Comp vision\BT\Final\processed_data\test\A1\A1.03.Ope-Hou_139_patch_3_5.jpg,A1,A2,0.8045
C:\Users\teflo\Desktop\Study\VLU\Comp vision\BT\Final\processed_data\test\A1\A1.03.Ope-Hou_146_patch_1_0.jpg,A1,A2,0.6926
C:\Users\teflo\Desktop\Study\VLU\Comp vision\BT\Final\processed_data\test\A1\A1.03.Ope-Hou_151_patch_0_4.jpg,A1,B2,0.5523
C:\Users\teflo\Desktop\Study\VLU\Comp vision\BT\Final\processed_data\test\A1\A1.03.Ope-Hou_15_patch_2_4.jpg,A1,A2,0.4406
C:\Users\teflo\Desktop\Study\VLU\Comp vision\BT\Final\processed_data\test\A1\A1.03.Ope-Hou_166_patch_1_2.jpg,A1,A2,0.6527
C:\Users\teflo\Desktop\Study\VLU\Comp vision\BT\Final\processed_data\test\A1\A1.03.Ope-Hou_171_patch_1_3.jpg,A1,A2,0.6424
C:\Users\teflo\Desktop\Study\VLU\Comp vision\BT\Final\processed_data\test\A1\A1.03.Ope-Hou_17_patch_0_3.jpg,A1,A2,0.9762
C:\Users\teflo\Desktop\Study\VLU\Comp vision\BT\Final\processed_data\test\A1\A1.03.Ope-Hou_185_patch_0_2.jpg,A1,A2,0.4727
C:\Users\teflo\Desktop\Study\VLU\Comp vision\BT\Final\processed_data\test\A1\A1.03.Ope-Hou_196_patch_0_1.jpg,A1,A2,0.8494
C:\Users\teflo\Desktop\Study\VLU\Comp vision\BT\Final\processed_data\test\A1\A1.03.Ope-Hou_201_patch_0_2.jpg,A1,A2,0.4889
C:\Users\teflo\Desktop\Study\VLU\Comp vision\BT\Final\processed_data\test\A1\A1.03.Ope-Hou_206_patch_3_5.jpg,A1,B1,0.4812
C:\Users\teflo\Desktop\Study\VLU\Comp vision\BT\Final\processed_data\test\A1\A1.03.Ope-Hou_213_patch_0_3.jpg,A1,A2,0.902
C:\Users\teflo\Desktop\Study\VLU\Comp vision\BT\Final\processed_data\test\A1\A1.03.Ope-Hou_21_patch_1_1.jpg,A1,A2,0.9685
C:\Users\teflo\Desktop\Study\VLU\Comp vision\BT\Final\processed_data\test\A1\A1.03.Ope-Hou_226_patch_1_0.jpg,A1,A2,0.9486
C:\Users\teflo\Desktop\Study\VLU\Comp vision\BT\Final\processed_data\test\A1\A1.03.Ope-Hou_246_patch_2_5.jpg,A1,A2,0.9375
C:\Users\teflo\Desktop\Study\VLU\Comp vision\BT\Final\processed_data\test\A1\A1.03.Ope-Hou_253_patch_1_1.jpg,A1,A2,0.9407
C:\Users\teflo\Desktop\Study\VLU\Comp vision\BT\Final\processed_data\test\A1\A1.03.Ope-Hou_259_patch_2_0.jpg,A1,A2,0.6077
C:\Users\teflo\Desktop\Study\VLU\Comp vision\BT\Final\processed_data\test\A1\A1.03.Ope-Hou_264_patch_3_1.jpg,A1,A2,0.3962
C:\Users\teflo\Desktop\Study\VLU\Comp vision\BT\Final\processed_data\test\A1\A1.03.Ope-Hou_270_patch_3_1.jpg,A1,A2,0.5914
C:\Users\teflo\Desktop\Study\VLU\Comp vision\BT\Final\processed_data\test\A1\A1.03.Ope-Hou_31_patch_0_2.jpg,A1,A2,0.3849
C:\Users\teflo\Desktop\Study\VLU\Comp vision\BT\Final\processed_data\test\A1\A1.03.Ope-Hou_44_patch_2_5.jpg,A1,B1,0.4458
C:\Users\teflo\Desktop\Study\VLU\Comp vision\BT\Final\processed_data\test\A1\A1.03.Ope-Hou_50_patch_2_5.jpg,A1,A2,0.4009
C:\Users\teflo\Desktop\Study\VLU\Comp vision\BT\Final\processed_data\test\A1\A1.03.Ope-Hou_56_patch_3_0.jpg,A1,B1,0.5441
C:\Users\teflo\Desktop\Study\VLU\Comp vision\BT\Final\processed_data\test\A1\A1.03.Ope-Hou_63_patch_3_4.jpg,A1,A2,0.6389
C:\Users\teflo\Desktop\Study\VLU\Comp vision\BT\Final\processed_data\test\A1\A1.03.Ope-Hou_71_patch_1_2.jpg,A1,A2,0.9725
C:\Users\teflo\Desktop\Study\VLU\Comp vision\BT\Final\processed_data\test\A1\A1.03.Ope-Hou_78_patch_2_1.jpg,A1,A2,0.6461
C:\Users\teflo\Desktop\Study\VLU\Comp vision\BT\Final\processed_data\test\A1\A1.03.Ope-Hou_84_patch_2_3.jpg,A1,A2,0.8318
C:\Users\teflo\Desktop\Study\VLU\Comp vision\BT\Final\processed_data\test\A1\A1.03.Ope-Hou_90_patch_3_0.jpg,A1,A2,0.6368
C:\Users\teflo\Desktop\Study\VLU\Comp vision\BT\Final\processed_data\test\A1\A1.03.Ope-Hou_98_patch_1_3.jpg,A1,A2,0.9366
C:\Users\teflo\Desktop\Study\VLU\Comp vision\BT\Final\processed_data\test\A1\A1.05.Mus-His_39_patch_2_5.jpg,A1,B1,0.605
C:\Users\teflo\Desktop\Study\VLU\Comp vision\BT\Final\processed_data\test\A1\A1.05.Mus-His_59_patch_0_5.jpg,A1,B1,0.3941
C:\Users\teflo\Desktop\Study\VLU\Comp vision\BT\Final\processed_data\test\A1\A1.05.Mus-His_65_patch_1_4.jpg,A1,B1,0.4942
C:\Users\teflo\Desktop\Study\VLU\Comp vision\BT\Final\processed_data\test\A1\A1.05.Mus-His_71_patch_1_4.jpg,A1,A2,0.5775
C:\Users\teflo\Desktop\Study\VLU\Comp vision\BT\Final\processed_data\test\A1\A1.06.TDN-Sch_08_patch_2_5.jpg,A1,B2,0.4886
C:\Users\teflo\Desktop\Study\VLU\Comp vision\BT\Final\processed_data\test\A1\A1.06.TDN-Sch_106_patch_0_1.jpg,A1,B1,0.4773
C:\Users\teflo\Desktop\Study\VLU\Comp vision\BT\Final\processed_data\test\A1\A1.06.TDN-Sch_111_patch_1_0.jpg,A1,A2,0.684
C:\Users\teflo\Desktop\Study\VLU\Comp vision\BT\Final\processed_data\test\A1\A1.06.TDN-Sch_117_patch_0_3.jpg,A1,A2,0.895
C:\Users\teflo\Desktop\Study\VLU\Comp vision\BT\Final\processed_data\test\A1\A1.06.TDN-Sch_122_patch_0_3.jpg,A1,A2,0.7949
C:\Users\teflo\Desktop\Study\VLU\Comp vision\BT\Final\processed_data\test\A1\A1.06.TDN-Sch_128_patch_2_1.jpg,A1,A2,0.8026
C:\Users\teflo\Desktop\Study\VLU\Comp vision\BT\Final\processed_data\test\A1\A1.06.TDN-Sch_134_patch_2_2.jpg,A1,A2,0.4437
C:\Users\teflo\Desktop\Study\VLU\Comp vision\BT\Final\processed_data\test\A1\A1.06.TDN-Sch_13_patch_3_5.jpg,A1,B1,0.5191
C:\Users\teflo\Desktop\Study\VLU\Comp vision\BT\Final\processed_data\test\A1\A1.06.TDN-Sch_147_patch_2_4.jpg,A1,B2,0.9723
C:\Users\teflo\Desktop\Study\VLU\Comp vision\BT\Final\processed_data\test\A1\A1.06.TDN-Sch_154_patch_0_4.jpg,A1,A2,0.6926
C:\Users\teflo\Desktop\Study\VLU\Comp vision\BT\Final\processed_data\test\A1\A1.06.TDN-Sch_167_patch_0_3.jpg,A1,A2,0.9525
C:\Users\teflo\Desktop\Study\VLU\Comp vision\BT\Final\processed_data\test\A1\A1.06.TDN-Sch_172_patch_1_4.jpg,A1,B2,0.3459
C:\Users\teflo\Desktop\Study\VLU\Comp vision\BT\Final\processed_data\test\A1\A1.06.TDN-Sch_34_patch_2_0.jpg,A1,A2,0.4191
C:\Users\teflo\Desktop\Study\VLU\Comp vision\BT\Final\processed_data\test\A1\A1.06.TDN-Sch_41_patch_2_4.jpg,A1,B1,0.4015
C:\Users\teflo\Desktop\Study\VLU\Comp vision\BT\Final\processed_data\test\A1\A1.06.TDN-Sch_48_patch_3_1.jpg,A1,B2,0.3944
C:\Users\teflo\Desktop\Study\VLU\Comp vision\BT\Final\processed_data\test\A1\A1.06.TDN-Sch_60_patch_3_2.jpg,A1,B1,0.5876
C:\Users\teflo\Desktop\Study\VLU\Comp vision\BT\Final\processed_data\test\A1\A1.06.TDN-Sch_67_patch_3_2.jpg,A1,A2,0.5933
C:\Users\teflo\Desktop\Study\VLU\Comp vision\BT\Final\processed_data\test\A1\A1.06.TDN-Sch_73_patch_2_5.jpg,A1,B1,0.4527
C:\Users\teflo\Desktop\Study\VLU\Comp vision\BT\Final\processed_data\test\A1\A1.06.TDN-Sch_92_patch_1_3.jpg,A1,A2,0.394
C:\Users\teflo\Desktop\Study\VLU\Comp vision\BT\Final\processed_data\test\A1\A1.06.TDN-Sch_98_patch_2_3.jpg,A1,B1,0.4869
C:\Users\teflo\Desktop\Study\VLU\Comp vision\BT\Final\processed_data\test\A1\A1.07.Hot-Con_06_patch_2_3.jpg,A1,A2,0.5786
C:\Users\teflo\Desktop\Study\VLU\Comp vision\BT\Final\processed_data\test\A1\A1.07.Hot-Con_12_patch_3_4.jpg,A1,A2,0.7301
C:\Users\teflo\Desktop\Study\VLU\Comp vision\BT\Final\processed_data\test\A1\A1.07.Hot-Con_19_patch_0_4.jpg,A1,A2,0.3629
C:\Users\teflo\Desktop\Study\VLU\Comp vision\BT\Final\processed_data\test\A1\A1.07.Hot-Con_31_patch_2_1.jpg,A1,A2,0.7838
C:\Users\teflo\Desktop\Study\VLU\Comp vision\BT\Final\processed_data\test\A1\A1.07.Hot-Con_37_patch_1_5.jpg,A1,A2,0.7811
C:\Users\teflo\Desktop\Study\VLU\Comp vision\BT\Final\processed_data\test\A1\A1.07.Hot-Con_46_patch_1_3.jpg,A1,A2,0.4885
C:\Users\teflo\Desktop\Study\VLU\Comp vision\BT\Final\processed_data\test\A1\A1.07.Hot-Con_56_patch_1_5.jpg,A1,A2,0.7725
C:\Users\teflo\Desktop\Study\VLU\Comp vision\BT\Final\processed_data\test\A1\A1.07.Hot-Con_62_patch_1_3.jpg,A1,B1,0.5356
C:\Users\teflo\Desktop\Study\VLU\Comp vision\BT\Final\processed_data\test\A1\A1.07.Hot-Con_70_patch_0_5.jpg,A1,A2,0.9436
C:\Users\teflo\Desktop\Study\VLU\Comp vision\BT\Final\processed_data\test\A1\A1.07.Hot-Con_78_patch_1_1.jpg,A1,A2,0.764
C:\Users\teflo\Desktop\Study\VLU\Comp vision\BT\Final\processed_data\test\A1\A1.08.MCH-Sch_04_patch_0_5.jpg,A1,B1,0.3706
C:\Users\teflo\Desktop\Study\VLU\Comp vision\BT\Final\processed_data\test\A1\A1.08.MCH-Sch_10_patch_0_2.jpg,A1,B1,0.4288
C:\Users\teflo\Desktop\Study\VLU\Comp vision\BT\Final\processed_data\test\A1\A1.08.MCH-Sch_21_patch_3_2.jpg,A1,A2,0.3359
C:\Users\teflo\Desktop\Study\VLU\Comp vision\BT\Final\processed_data\test\A1\A1.08.MCH-Sch_27_patch_2_5.jpg,A1,A2,0.2678
C:\Users\teflo\Desktop\Study\VLU\Comp vision\BT\Final\processed_data\test\A1\A1.08.MCH-Sch_33_patch_2_2.jpg,A1,B1,0.5536
C:\Users\teflo\Desktop\Study\VLU\Comp vision\BT\Final\processed_data\test\A1\A1.08.MCH-Sch_39_patch_2_5.jpg,A1,B1,0.6296
C:\Users\teflo\Desktop\Study\VLU\Comp vision\BT\Final\processed_data\test\A1\A1.08.MCH-Sch_52_patch_2_4.jpg,A1,B2,0.3581
C:\Users\teflo\Desktop\Study\VLU\Comp vision\BT\Final\processed_data\test\A1\A1.08.MCH-Sch_58_patch_2_3.jpg,A1,A2,0.3263
C:\Users\teflo\Desktop\Study\VLU\Comp vision\BT\Final\processed_data\test\A1\A1.08.MCH-Sch_64_patch_2_1.jpg,A1,A2,0.6872
C:\Users\teflo\Desktop\Study\VLU\Comp vision\BT\Final\processed_data\test\A1\A1.08.MCH-Sch_82_patch_2_4.jpg,A1,B1,0.4149
C:\Users\teflo\Desktop\Study\VLU\Comp vision\BT\Final\processed_data\test\A1\A1.08.MCH-Sch_88_patch_3_4.jpg,A1,B2,0.5176
C:\Users\teflo\Desktop\Study\VLU\Comp vision\BT\Final\processed_data\test\A1\A1.09.Eye-Hos_07_patch_1_2.jpg,A1,A2,0.5279
C:\Users\teflo\Desktop\Study\VLU\Comp vision\BT\Final\processed_data\test\A1\A1.09.Eye-Hos_103_patch_2_4.jpg,A1,A2,0.309
C:\Users\teflo\Desktop\Study\VLU\Comp vision\BT\Final\processed_data\test\A1\A1.09.Eye-Hos_109_patch_3_0.jpg,A1,A2,0.3334
C:\Users\teflo\Desktop\Study\VLU\Comp vision\BT\Final\processed_data\test\A1\A1.09.Eye-Hos_114_patch_3_3.jpg,A1,B1,0.712
C:\Users\teflo\Desktop\Study\VLU\Comp vision\BT\Final\processed_data\test\A1\A1.09.Eye-Hos_120_patch_0_4.jpg,A1,B2,0.4918
C:\Users\teflo\Desktop\Study\VLU\Comp vision\BT\Final\processed_data\test\A1\A1.09.Eye-Hos_16_patch_1_1.jpg,A1,B1,0.4253
C:\Users\teflo\Desktop\Study\VLU\Comp vision\BT\Final\processed_data\test\A1\A1.09.Eye-Hos_29_patch_3_0.jpg,A1,B1,0.3625
C:\Users\teflo\Desktop\Study\VLU\Comp vision\BT\Final\processed_data\test\A1\A1.09.Eye-Hos_35_patch_3_3.jpg,A1,B1,0.5834
C:\Users\teflo\Desktop\Study\VLU\Comp vision\BT\Final\processed_data\test\A1\A1.09.Eye-Hos_48_patch_1_5.jpg,A1,B1,0.472
C:\Users\teflo\Desktop\Study\VLU\Comp vision\BT\Final\processed_data\test\A1\A1.09.Eye-Hos_54_patch_3_1.jpg,A1,B2,0.3971
C:\Users\teflo\Desktop\Study\VLU\Comp vision\BT\Final\processed_data\test\A1\A1.09.Eye-Hos_61_patch_0_1.jpg,A1,A2,0.5882
C:\Users\teflo\Desktop\Study\VLU\Comp vision\BT\Final\processed_data\test\A1\A1.09.Eye-Hos_67_patch_1_0.jpg,A1,A2,0.5494
C:\Users\teflo\Desktop\Study\VLU\Comp vision\BT\Final\processed_data\test\A1\A1.09.Eye-Hos_73_patch_0_5.jpg,A1,A2,0.7947
C:\Users\teflo\Desktop\Study\VLU\Comp vision\BT\Final\processed_data\test\A1\A1.09.Eye-Hos_79_patch_1_0.jpg,A1,A2,0.5274
C:\Users\teflo\Desktop\Study\VLU\Comp vision\BT\Final\processed_data\test\A1\A1.09.Eye-Hos_85_patch_1_5.jpg,A1,A2,0.5315
C:\Users\teflo\Desktop\Study\VLU\Comp vision\BT\Final\processed_data\test\A1\A1.09.Eye-Hos_91_patch_1_5.jpg,A1,A2,0.4264
C:\Users\teflo\Desktop\Study\VLU\Comp vision\BT\Final\processed_data\test\A1\A1.09.Eye-Hos_98_patch_0_4.jpg,A1,A2,0.4825
C:\Users\teflo\Desktop\Study\VLU\Comp vision\BT\Final\processed_data\test\A1\A1.11.LQD-Sch_18_patch_0_3.jpg,A1,B2,0.5003
C:\Users\teflo\Desktop\Study\VLU\Comp vision\BT\Final\processed_data\test\A1\A1.11.LQD-Sch_29_patch_3_5.jpg,A1,A2,0.7389
C:\Users\teflo\Desktop\Study\VLU\Comp vision\BT\Final\processed_data\test\A1\A1.11.LQD-Sch_36_patch_0_0.jpg,A1,B2,0.3224
C:\Users\teflo\Desktop\Study\VLU\Comp vision\BT\Final\processed_data\test\A1\A1.11.LQD-Sch_54_patch_0_2.jpg,A1,B1,0.5836
C:\Users\teflo\Desktop\Study\VLU\Comp vision\BT\Final\processed_data\test\A1\A1.12.Chi-Hou_03_patch_0_1.jpg,A1,B1,0.4624
C:\Users\teflo\Desktop\Study\VLU\Comp vision\BT\Final\processed_data\test\A1\A1.12.Chi-Hou_09_patch_1_1.jpg,A1,A2,0.909
C:\Users\teflo\Desktop\Study\VLU\Comp vision\BT\Final\processed_data\test\A1\A1.12.Chi-Hou_107_patch_1_2.jpg,A1,B1,0.3227
C:\Users\teflo\Desktop\Study\VLU\Comp vision\BT\Final\processed_data\test\A1\A1.12.Chi-Hou_113_patch_1_3.jpg,A1,A2,0.4494
C:\Users\teflo\Desktop\Study\VLU\Comp vision\BT\Final\processed_data\test\A1\A1.12.Chi-Hou_125_patch_1_0.jpg,A1,A2,0.658
C:\Users\teflo\Desktop\Study\VLU\Comp vision\BT\Final\processed_data\test\A1\A1.12.Chi-Hou_130_patch_2_2.jpg,A1,A2,0.9299
C:\Users\teflo\Desktop\Study\VLU\Comp vision\BT\Final\processed_data\test\A1\A1.12.Chi-Hou_141_patch_3_0.jpg,A1,B1,0.6405
C:\Users\teflo\Desktop\Study\VLU\Comp vision\BT\Final\processed_data\test\A1\A1.12.Chi-Hou_153_patch_0_4.jpg,A1,A2,0.671
C:\Users\teflo\Desktop\Study\VLU\Comp vision\BT\Final\processed_data\test\A1\A1.12.Chi-Hou_159_patch_0_5.jpg,A1,A2,0.4109
C:\Users\teflo\Desktop\Study\VLU\Comp vision\BT\Final\processed_data\test\A1\A1.12.Chi-Hou_164_patch_1_0.jpg,A1,B1,0.3741
C:\Users\teflo\Desktop\Study\VLU\Comp vision\BT\Final\processed_data\test\A1\A1.12.Chi-Hou_30_patch_2_2.jpg,A1,B1,0.3559
C:\Users\teflo\Desktop\Study\VLU\Comp vision\BT\Final\processed_data\test\A1\A1.12.Chi-Hou_36_patch_2_2.jpg,A1,B1,0.5689
C:\Users\teflo\Desktop\Study\VLU\Comp vision\BT\Final\processed_data\test\A1\A1.12.Chi-Hou_48_patch_2_3.jpg,A1,A2,0.7167
C:\Users\teflo\Desktop\Study\VLU\Comp vision\BT\Final\processed_data\test\A1\A1.12.Chi-Hou_54_patch_2_4.jpg,A1,A2,0.4087
C:\Users\teflo\Desktop\Study\VLU\Comp vision\BT\Final\processed_data\test\A1\A1.12.Chi-Hou_60_patch_2_2.jpg,A1,A2,0.4576
C:\Users\teflo\Desktop\Study\VLU\Comp vision\BT\Final\processed_data\test\A1\A1.12.Chi-Hou_66_patch_2_5.jpg,A1,A2,0.4575
C:\Users\teflo\Desktop\Study\VLU\Comp vision\BT\Final\processed_data\test\A1\A1.12.Chi-Hou_73_patch_0_1.jpg,A1,A2,0.5116
C:\Users\teflo\Desktop\Study\VLU\Comp vision\BT\Final\processed_data\test\A1\A1.12.Chi-Hou_79_patch_3_3.jpg,A1,A2,0.7372
C:\Users\teflo\Desktop\Study\VLU\Comp vision\BT\Final\processed_data\test\A1\A1.12.Chi-Hou_86_patch_3_5.jpg,A1,A2,0.4108
C:\Users\teflo\Desktop\Study\VLU\Comp vision\BT\Final\processed_data\test\A1\A1.12.Chi-Hou_95_patch_1_0.jpg,A1,B1,0.4329
C:\Users\teflo\Desktop\Study\VLU\Comp vision\BT\Final\processed_data\test\A1\A1.13.Pas-Ins_106_patch_2_3.jpg,A1,B1,0.4732
C:\Users\teflo\Desktop\Study\VLU\Comp vision\BT\Final\processed_data\test\A1\A1.13.Pas-Ins_111_patch_2_0.jpg,A1,B1,0.4624
C:\Users\teflo\Desktop\Study\VLU\Comp vision\BT\Final\processed_data\test\A1\A1.13.Pas-Ins_128_patch_2_4.jpg,A1,A2,0.3096
C:\Users\teflo\Desktop\Study\VLU\Comp vision\BT\Final\processed_data\test\A1\A1.13.Pas-Ins_139_patch_3_0.jpg,A1,B1,0.5837
C:\Users\teflo\Desktop\Study\VLU\Comp vision\BT\Final\processed_data\test\A1\A1.13.Pas-Ins_144_patch_3_3.jpg,A1,B1,0.6493
C:\Users\teflo\Desktop\Study\VLU\Comp vision\BT\Final\processed_data\test\A1\A1.13.Pas-Ins_16_patch_1_4.jpg,A1,B2,0.5844
C:\Users\teflo\Desktop\Study\VLU\Comp vision\BT\Final\processed_data\test\A1\A1.13.Pas-Ins_40_patch_1_3.jpg,A1,B1,0.4432
C:\Users\teflo\Desktop\Study\VLU\Comp vision\BT\Final\processed_data\test\A1\A1.13.Pas-Ins_58_patch_2_4.jpg,A1,B1,0.4159
C:\Users\teflo\Desktop\Study\VLU\Comp vision\BT\Final\processed_data\test\A1\A1.13.Pas-Ins_76_patch_2_3.jpg,A1,A2,0.4424
C:\Users\teflo\Desktop\Study\VLU\Comp vision\BT\Final\processed_data\test\A1\A1.13.Pas-Ins_84_patch_0_4.jpg,A1,B1,0.505
C:\Users\teflo\Desktop\Study\VLU\Comp vision\BT\Final\processed_data\test\A1\A1.13.Pas-Ins_90_patch_2_5.jpg,A1,B1,0.4298
C:\Users\teflo\Desktop\Study\VLU\Comp vision\BT\Final\processed_data\test\A1\A1.14.Chi-Hos2_03_patch_3_0.jpg,A1,B2,0.393
C:\Users\teflo\Desktop\Study\VLU\Comp vision\BT\Final\processed_data\test\A1\A1.14.Chi-Hos2_09_patch_2_5.jpg,A1,B1,0.42
C:\Users\teflo\Desktop\Study\VLU\Comp vision\BT\Final\processed_data\test\A1\A1.14.Chi-Hos2_105_patch_3_2.jpg,A1,B2,0.2922
C:\Users\teflo\Desktop\Study\VLU\Comp vision\BT\Final\processed_data\test\A1\A1.14.Chi-Hos2_110_patch_2_5.jpg,A1,B1,0.342
C:\Users\teflo\Desktop\Study\VLU\Comp vision\BT\Final\processed_data\test\A1\A1.14.Chi-Hos2_127_patch_2_5.jpg,A1,B2,0.3189
C:\Users\teflo\Desktop\Study\VLU\Comp vision\BT\Final\processed_data\test\A1\A1.14.Chi-Hos2_138_patch_3_2.jpg,A1,B1,0.3743
C:\Users\teflo\Desktop\Study\VLU\Comp vision\BT\Final\processed_data\test\A1\A1.14.Chi-Hos2_143_patch_3_1.jpg,A1,B1,0.4359
C:\Users\teflo\Desktop\Study\VLU\Comp vision\BT\Final\processed_data\test\A1\A1.14.Chi-Hos2_155_patch_0_2.jpg,A1,B2,0.343
C:\Users\teflo\Desktop\Study\VLU\Comp vision\BT\Final\processed_data\test\A1\A1.14.Chi-Hos2_160_patch_0_4.jpg,A1,B1,0.6163
C:\Users\teflo\Desktop\Study\VLU\Comp vision\BT\Final\processed_data\test\A1\A1.14.Chi-Hos2_17_patch_0_1.jpg,A1,A2,0.45
C:\Users\teflo\Desktop\Study\VLU\Comp vision\BT\Final\processed_data\test\A1\A1.14.Chi-Hos2_22_patch_3_5.jpg,A1,B1,0.5667
C:\Users\teflo\Desktop\Study\VLU\Comp vision\BT\Final\processed_data\test\A1\A1.14.Chi-Hos2_29_patch_0_3.jpg,A1,B2,0.472
C:\Users\teflo\Desktop\Study\VLU\Comp vision\BT\Final\processed_data\test\A1\A1.14.Chi-Hos2_35_patch_0_1.jpg,A1,A2,0.2923
C:\Users\teflo\Desktop\Study\VLU\Comp vision\BT\Final\processed_data\test\A1\A1.14.Chi-Hos2_40_patch_3_5.jpg,A1,A2,0.3734
C:\Users\teflo\Desktop\Study\VLU\Comp vision\BT\Final\processed_data\test\A1\A1.14.Chi-Hos2_47_patch_0_4.jpg,A1,B1,0.5973
C:\Users\teflo\Desktop\Study\VLU\Comp vision\BT\Final\processed_data\test\A1\A1.14.Chi-Hos2_53_patch_1_5.jpg,A1,B1,0.4137
C:\Users\teflo\Desktop\Study\VLU\Comp vision\BT\Final\processed_data\test\A1\A1.14.Chi-Hos2_59_patch_2_4.jpg,A1,B1,0.4165
C:\Users\teflo\Desktop\Study\VLU\Comp vision\BT\Final\processed_data\test\A1\A1.14.Chi-Hos2_66_patch_1_3.jpg,A1,B1,0.6479
C:\Users\teflo\Desktop\Study\VLU\Comp vision\BT\Final\processed_data\test\A1\A1.14.Chi-Hos2_72_patch_3_0.jpg,A1,B1,0.4976
C:\Users\teflo\Desktop\Study\VLU\Comp vision\BT\Final\processed_data\test\A1\A1.14.Chi-Hos2_78_patch_2_3.jpg,A1,A2,0.8048
C:\Users\teflo\Desktop\Study\VLU\Comp vision\BT\Final\processed_data\test\A1\A1.14.Chi-Hos2_84_patch_2_0.jpg,A1,B2,0.4053
C:\Users\teflo\Desktop\Study\VLU\Comp vision\BT\Final\processed_data\test\A1\A1.14.Chi-Hos2_90_patch_1_3.jpg,A1,B2,0.3873
C:\Users\teflo\Desktop\Study\VLU\Comp vision\BT\Final\processed_data\test\A1\A1.14.Chi-Hos2_96_patch_1_0.jpg,A1,B1,0.3617
C:\Users\teflo\Desktop\Study\VLU\Comp vision\BT\Final\processed_data\test\A1\A1.15.VTT-Sch_03_patch_1_3.jpg,A1,A2,0.406
C:\Users\teflo\Desktop\Study\VLU\Comp vision\BT\Final\processed_data\test\A1\A1.15.VTT-Sch_09_patch_2_0.jpg,A1,A2,0.5677
C:\Users\teflo\Desktop\Study\VLU\Comp vision\BT\Final\processed_data\test\A1\A1.15.VTT-Sch_22_patch_1_1.jpg,A1,B1,0.572
C:\Users\teflo\Desktop\Study\VLU\Comp vision\BT\Final\processed_data\test\A1\A1.15.VTT-Sch_36_patch_0_2.jpg,A1,B1,0.3717
C:\Users\teflo\Desktop\Study\VLU\Comp vision\BT\Final\processed_data\test\A1\A1.16.LHP-Sch_09_patch_0_5.jpg,A1,B2,0.3503
C:\Users\teflo\Desktop\Study\VLU\Comp vision\BT\Final\processed_data\test\A1\A1.16.LHP-Sch_21_patch_1_4.jpg,A1,B1,0.4473
C:\Users\teflo\Desktop\Study\VLU\Comp vision\BT\Final\processed_data\test\A1\A1.16.LHP-Sch_27_patch_1_1.jpg,A1,B1,0.6561
C:\Users\teflo\Desktop\Study\VLU\Comp vision\BT\Final\processed_data\test\A1\A1.16.LHP-Sch_33_patch_2_1.jpg,A1,B1,0.4191
C:\Users\teflo\Desktop\Study\VLU\Comp vision\BT\Final\processed_data\test\A1\A1.16.LHP-Sch_39_patch_3_0.jpg,A1,B2,0.3591
C:\Users\teflo\Desktop\Study\VLU\Comp vision\BT\Final\processed_data\test\A1\A1.16.LHP-Sch_46_patch_1_5.jpg,A1,B1,0.5337
C:\Users\teflo\Desktop\Study\VLU\Comp vision\BT\Final\processed_data\test\A1\A1.16.LHP-Sch_59_patch_2_2.jpg,A1,B1,0.3376
C:\Users\teflo\Desktop\Study\VLU\Comp vision\BT\Final\processed_data\test\A1\A1.16.LHP-Sch_72_patch_2_4.jpg,A1,B2,0.3015
C:\Users\teflo\Desktop\Study\VLU\Comp vision\BT\Final\processed_data\test\A1\A1.17.Sai-Uni_04_patch_3_2.jpg,A1,A2,0.3784
C:\Users\teflo\Desktop\Study\VLU\Comp vision\BT\Final\processed_data\test\A1\A1.17.Sai-Uni_101_patch_0_3.jpg,A1,A2,0.4253
C:\Users\teflo\Desktop\Study\VLU\Comp vision\BT\Final\processed_data\test\A1\A1.17.Sai-Uni_32_patch_0_0.jpg,A1,B1,0.4479
C:\Users\teflo\Desktop\Study\VLU\Comp vision\BT\Final\processed_data\test\A1\A1.17.Sai-Uni_39_patch_2_0.jpg,A1,B1,0.3928
C:\Users\teflo\Desktop\Study\VLU\Comp vision\BT\Final\processed_data\test\A1\A1.17.Sai-Uni_45_patch_3_4.jpg,A1,A2,0.7195
C:\Users\teflo\Desktop\Study\VLU\Comp vision\BT\Final\processed_data\test\A1\A1.17.Sai-Uni_52_patch_0_4.jpg,A1,B1,0.4571
C:\Users\teflo\Desktop\Study\VLU\Comp vision\BT\Final\processed_data\test\A1\A1.17.Sai-Uni_65_patch_1_2.jpg,A1,A2,0.4286
C:\Users\teflo\Desktop\Study\VLU\Comp vision\BT\Final\processed_data\test\A1\A1.17.Sai-Uni_89_patch_1_5.jpg,A1,B1,0.4461
C:\Users\teflo\Desktop\Study\VLU\Comp vision\BT\Final\processed_data\test\A1\A1.18.TaD-Mar_04_patch_1_5.jpg,A1,B2,0.5229
C:\Users\teflo\Desktop\Study\VLU\Comp vision\BT\Final\processed_data\test\A1\A1.18.TaD-Mar_13_patch_1_3.jpg,A1,A2,0.3783
C:\Users\teflo\Desktop\Study\VLU\Comp vision\BT\Final\processed_data\test\A1\A1.18.TaD-Mar_23_patch_1_2.jpg,A1,B1,0.539
C:\Users\teflo\Desktop\Study\VLU\Comp vision\BT\Final\processed_data\test\A1\A1.18.TaD-Mar_39_patch_1_0.jpg,A1,B2,0.4948
C:\Users\teflo\Desktop\Study\VLU\Comp vision\BT\Final\processed_data\test\A1\A1.18.TaD-Mar_47_patch_1_1.jpg,A1,B1,0.5193
C:\Users\teflo\Desktop\Study\VLU\Comp vision\BT\Final\processed_data\test\A1\A1.19.TuD-DiB_03_patch_2_5.jpg,A1,A2,0.7014
C:\Users\teflo\Desktop\Study\VLU\Comp vision\BT\Final\processed_data\test\A1\A1.19.TuD-DiB_15_patch_3_3.jpg,A1,A2,0.8593
C:\Users\teflo\Desktop\Study\VLU\Comp vision\BT\Final\processed_data\test\A1\A1.19.TuD-DiB_34_patch_1_3.jpg,A1,A2,0.7032
C:\Users\teflo\Desktop\Study\VLU\Comp vision\BT\Final\processed_data\test\A1\A1.19.TuD-DiB_40_patch_1_5.jpg,A1,A2,0.4281
C:\Users\teflo\Desktop\Study\VLU\Comp vision\BT\Final\processed_data\test\A1\A1.20.Peo-Com_01_patch_1_0.jpg,A1,B2,0.3721
C:\Users\teflo\Desktop\Study\VLU\Comp vision\BT\Final\processed_data\test\A1\A1.21.Rai-Bui_04_patch_2_1.jpg,A1,B1,0.3235
C:\Users\teflo\Desktop\Study\VLU\Comp vision\BT\Final\processed_data\test\A1\A1.21.Rai-Bui_23_patch_0_5.jpg,A1,B2,0.5553
C:\Users\teflo\Desktop\Study\VLU\Comp vision\BT\Final\processed_data\test\A1\A1.21.Rai-Bui_35_patch_1_4.jpg,A1,B1,0.3453
C:\Users\teflo\Desktop\Study\VLU\Comp vision\BT\Final\processed_data\test\A1\A1.21.Rai-Bui_41_patch_1_4.jpg,A1,A2,0.3588
C:\Users\teflo\Desktop\Study\VLU\Comp vision\BT\Final\processed_data\test\A1\A1.22.Ben-Tha_82_patch_0_2.jpg,A1,B2,0.3723
C:\Users\teflo\Desktop\Study\VLU\Comp vision\BT\Final\processed_data\test\A1\A1.22.Ben-Tha_96_patch_0_2.jpg,A1,B2,0.34
C:\Users\teflo\Desktop\Study\VLU\Comp vision\BT\Final\processed_data\test\A1\A1.23.Tru-Vuo_05_patch_2_3.jpg,A1,A2,0.3362
C:\Users\teflo\Desktop\Study\VLU\Comp vision\BT\Final\processed_data\test\A1\A1.23.Tru-Vuo_112_patch_2_5.jpg,A1,B2,0.4891
C:\Users\teflo\Desktop\Study\VLU\Comp vision\BT\Final\processed_data\test\A1\A1.23.Tru-Vuo_22_patch_3_4.jpg,A1,B1,0.4778
C:\Users\teflo\Desktop\Study\VLU\Comp vision\BT\Final\processed_data\test\A1\A1.23.Tru-Vuo_47_patch_2_1.jpg,A1,B1,0.3224
C:\Users\teflo\Desktop\Study\VLU\Comp vision\BT\Final\processed_data\test\A1\A1.23.Tru-Vuo_73_patch_0_2.jpg,A1,B1,0.4747
C:\Users\teflo\Desktop\Study\VLU\Comp vision\BT\Final\processed_data\test\A1\A1.23.Tru-Vuo_79_patch_0_5.jpg,A1,B1,0.3933
C:\Users\teflo\Desktop\Study\VLU\Comp vision\BT\Final\processed_data\test\A1\A1.23.Tru-Vuo_91_patch_0_5.jpg,A1,A2,0.5005
C:\Users\teflo\Desktop\Study\VLU\Comp vision\BT\Final\processed_data\test\A1\A1.23.Tru-Vuo_97_patch_1_0.jpg,A1,B1,0.542
C:\Users\teflo\Desktop\Study\VLU\Comp vision\BT\Final\processed_data\test\A1\A1.24.Indo-Ban_04_patch_1_3.jpg,A1,B1,0.4911
C:\Users\teflo\Desktop\Study\VLU\Comp vision\BT\Final\processed_data\test\A1\A1.24.Indo-Ban_100_patch_1_3.jpg,A1,A2,0.9295
C:\Users\teflo\Desktop\Study\VLU\Comp vision\BT\Final\processed_data\test\A1\A1.24.Indo-Ban_106_patch_1_3.jpg,A1,A2,0.6905
C:\Users\teflo\Desktop\Study\VLU\Comp vision\BT\Final\processed_data\test\A1\A1.24.Indo-Ban_111_patch_2_2.jpg,A1,A2,0.4176
C:\Users\teflo\Desktop\Study\VLU\Comp vision\BT\Final\processed_data\test\A1\A1.24.Indo-Ban_118_patch_1_5.jpg,A1,B1,0.4916
C:\Users\teflo\Desktop\Study\VLU\Comp vision\BT\Final\processed_data\test\A1\A1.24.Indo-Ban_12_patch_2_4.jpg,A1,B1,0.585
C:\Users\teflo\Desktop\Study\VLU\Comp vision\BT\Final\processed_data\test\A1\A1.24.Indo-Ban_136_patch_1_2.jpg,A1,B1,0.5462
C:\Users\teflo\Desktop\Study\VLU\Comp vision\BT\Final\processed_data\test\A1\A1.24.Indo-Ban_141_patch_2_3.jpg,A1,A2,0.5475
C:\Users\teflo\Desktop\Study\VLU\Comp vision\BT\Final\processed_data\test\A1\A1.24.Indo-Ban_148_patch_2_1.jpg,A1,A2,0.6717
C:\Users\teflo\Desktop\Study\VLU\Comp vision\BT\Final\processed_data\test\A1\A1.24.Indo-Ban_153_patch_1_4.jpg,A1,B1,0.5566
C:\Users\teflo\Desktop\Study\VLU\Comp vision\BT\Final\processed_data\test\A1\A1.24.Indo-Ban_159_patch_3_5.jpg,A1,B2,0.8808
C:\Users\teflo\Desktop\Study\VLU\Comp vision\BT\Final\processed_data\test\A1\A1.24.Indo-Ban_165_patch_0_2.jpg,A1,B1,0.5954
C:\Users\teflo\Desktop\Study\VLU\Comp vision\BT\Final\processed_data\test\A1\A1.24.Indo-Ban_176_patch_1_3.jpg,A1,A2,0.7057
C:\Users\teflo\Desktop\Study\VLU\Comp vision\BT\Final\processed_data\test\A1\A1.24.Indo-Ban_183_patch_3_1.jpg,A1,B1,0.5531
C:\Users\teflo\Desktop\Study\VLU\Comp vision\BT\Final\processed_data\test\A1\A1.24.Indo-Ban_189_patch_3_5.jpg,A1,B1,0.694
C:\Users\teflo\Desktop\Study\VLU\Comp vision\BT\Final\processed_data\test\A1\A1.24.Indo-Ban_194_patch_3_3.jpg,A1,A2,0.7709
C:\Users\teflo\Desktop\Study\VLU\Comp vision\BT\Final\processed_data\test\A1\A1.24.Indo-Ban_204_patch_1_2.jpg,A1,B2,0.8519
C:\Users\teflo\Desktop\Study\VLU\Comp vision\BT\Final\processed_data\test\A1\A1.24.Indo-Ban_20_patch_3_0.jpg,A1,B1,0.5081
C:\Users\teflo\Desktop\Study\VLU\Comp vision\BT\Final\processed_data\test\A1\A1.24.Indo-Ban_218_patch_0_4.jpg,A1,B1,0.3299
C:\Users\teflo\Desktop\Study\VLU\Comp vision\BT\Final\processed_data\test\A1\A1.24.Indo-Ban_229_patch_1_0.jpg,A1,B1,0.5033
C:\Users\teflo\Desktop\Study\VLU\Comp vision\BT\Final\processed_data\test\A1\A1.24.Indo-Ban_234_patch_3_0.jpg,A1,B1,0.4424
C:\Users\teflo\Desktop\Study\VLU\Comp vision\BT\Final\processed_data\test\A1\A1.24.Indo-Ban_23_patch_3_1.jpg,A1,A2,0.4973
C:\Users\teflo\Desktop\Study\VLU\Comp vision\BT\Final\processed_data\test\A1\A1.24.Indo-Ban_245_patch_3_3.jpg,A1,B1,0.6123
C:\Users\teflo\Desktop\Study\VLU\Comp vision\BT\Final\processed_data\test\A1\A1.24.Indo-Ban_254_patch_2_0.jpg,A1,A2,0.4543
C:\Users\teflo\Desktop\Study\VLU\Comp vision\BT\Final\processed_data\test\A1\A1.24.Indo-Ban_25_patch_1_4.jpg,A1,A2,0.7594
C:\Users\teflo\Desktop\Study\VLU\Comp vision\BT\Final\processed_data\test\A1\A1.24.Indo-Ban_270_patch_2_0.jpg,A1,B2,0.4402
C:\Users\teflo\Desktop\Study\VLU\Comp vision\BT\Final\processed_data\test\A1\A1.24.Indo-Ban_276_patch_1_5.jpg,A1,B2,0.4448
C:\Users\teflo\Desktop\Study\VLU\Comp vision\BT\Final\processed_data\test\A1\A1.24.Indo-Ban_281_patch_2_2.jpg,A1,B2,0.3868
C:\Users\teflo\Desktop\Study\VLU\Comp vision\BT\Final\processed_data\test\A1\A1.24.Indo-Ban_287_patch_2_3.jpg,A1,A2,0.8558
C:\Users\teflo\Desktop\Study\VLU\Comp vision\BT\Final\processed_data\test\A1\A1.24.Indo-Ban_292_patch_3_2.jpg,A1,A2,0.4906
C:\Users\teflo\Desktop\Study\VLU\Comp vision\BT\Final\processed_data\test\A1\A1.24.Indo-Ban_298_patch_3_2.jpg,A1,B1,0.5315
C:\Users\teflo\Desktop\Study\VLU\Comp vision\BT\Final\processed_data\test\A1\A1.24.Indo-Ban_303_patch_3_2.jpg,A1,B1,0.4563
C:\Users\teflo\Desktop\Study\VLU\Comp vision\BT\Final\processed_data\test\A1\A1.24.Indo-Ban_30_patch_2_5.jpg,A1,A2,0.3913
C:\Users\teflo\Desktop\Study\VLU\Comp vision\BT\Final\processed_data\test\A1\A1.24.Indo-Ban_315_patch_3_4.jpg,A1,A2,0.6758
C:\Users\teflo\Desktop\Study\VLU\Comp vision\BT\Final\processed_data\test\A1\A1.24.Indo-Ban_322_patch_0_5.jpg,A1,B1,0.6124
C:\Users\teflo\Desktop\Study\VLU\Comp vision\BT\Final\processed_data\test\A1\A1.24.Indo-Ban_328_patch_1_2.jpg,A1,B1,0.4711
C:\Users\teflo\Desktop\Study\VLU\Comp vision\BT\Final\processed_data\test\A1\A1.24.Indo-Ban_333_patch_2_0.jpg,A1,B1,0.5543
C:\Users\teflo\Desktop\Study\VLU\Comp vision\BT\Final\processed_data\test\A1\A1.24.Indo-Ban_339_patch_2_3.jpg,A1,B1,0.4193
C:\Users\teflo\Desktop\Study\VLU\Comp vision\BT\Final\processed_data\test\A1\A1.24.Indo-Ban_345_patch_3_0.jpg,A1,A2,0.5635
C:\Users\teflo\Desktop\Study\VLU\Comp vision\BT\Final\processed_data\test\A1\A1.24.Indo-Ban_350_patch_3_5.jpg,A1,B1,0.4838
C:\Users\teflo\Desktop\Study\VLU\Comp vision\BT\Final\processed_data\test\A1\A1.24.Indo-Ban_357_patch_0_2.jpg,A1,B2,0.5508
C:\Users\teflo\Desktop\Study\VLU\Comp vision\BT\Final\processed_data\test\A1\A1.24.Indo-Ban_41_patch_0_2.jpg,A1,B1,0.6523
C:\Users\teflo\Desktop\Study\VLU\Comp vision\BT\Final\processed_data\test\A1\A1.24.Indo-Ban_46_patch_3_5.jpg,A1,B1,0.3655
C:\Users\teflo\Desktop\Study\VLU\Comp vision\BT\Final\processed_data\test\A1\A1.24.Indo-Ban_53_patch_1_1.jpg,A1,A2,0.6089
C:\Users\teflo\Desktop\Study\VLU\Comp vision\BT\Final\processed_data\test\A1\A1.24.Indo-Ban_59_patch_2_3.jpg,A1,B1,0.3957
C:\Users\teflo\Desktop\Study\VLU\Comp vision\BT\Final\processed_data\test\A1\A1.24.Indo-Ban_65_patch_3_3.jpg,A1,A2,0.7718
C:\Users\teflo\Desktop\Study\VLU\Comp vision\BT\Final\processed_data\test\A1\A1.24.Indo-Ban_71_patch_3_4.jpg,A1,A2,0.5861
C:\Users\teflo\Desktop\Study\VLU\Comp vision\BT\Final\processed_data\test\A1\A1.24.Indo-Ban_78_patch_0_0.jpg,A1,B1,0.5469
C:\Users\teflo\Desktop\Study\VLU\Comp vision\BT\Final\processed_data\test\A1\A1.24.Indo-Ban_84_patch_1_3.jpg,A1,A2,0.5738
C:\Users\teflo\Desktop\Study\VLU\Comp vision\BT\Final\processed_data\test\A1\A1.24.Indo-Ban_90_patch_1_5.jpg,A1,A2,0.7193
C:\Users\teflo\Desktop\Study\VLU\Comp vision\BT\Final\processed_data\test\A1\A1.24.Indo-Ban_96_patch_1_4.jpg,A1,A2,0.6699
C:\Users\teflo\Desktop\Study\VLU\Comp vision\BT\Final\processed_data\test\A1\A1.25.Gra-Sai_03_patch_2_1.jpg,A1,A2,0.4693
C:\Users\teflo\Desktop\Study\VLU\Comp vision\BT\Final\processed_data\test\A1\A1.25.Gra-Sai_09_patch_2_4.jpg,A1,A2,0.3792
C:\Users\teflo\Desktop\Study\VLU\Comp vision\BT\Final\processed_data\test\A1\A1.25.Gra-Sai_16_patch_0_1.jpg,A1,A2,0.5735
C:\Users\teflo\Desktop\Study\VLU\Comp vision\BT\Final\processed_data\test\A1\A1.25.Gra-Sai_22_patch_2_3.jpg,A1,A2,0.669
C:\Users\teflo\Desktop\Study\VLU\Comp vision\BT\Final\processed_data\test\A1\A1.25.Gra-Sai_28_patch_3_1.jpg,A1,A2,0.6997
C:\Users\teflo\Desktop\Study\VLU\Comp vision\BT\Final\processed_data\test\A1\A1.25.Gra-Sai_34_patch_3_4.jpg,A1,A2,0.924
C:\Users\teflo\Desktop\Study\VLU\Comp vision\BT\Final\processed_data\test\A1\A1.25.Gra-Sai_40_patch_3_2.jpg,A1,A2,0.4926
C:\Users\teflo\Desktop\Study\VLU\Comp vision\BT\Final\processed_data\test\A1\A1.25.Gra-Sai_47_patch_2_0.jpg,A1,B1,0.5266
C:\Users\teflo\Desktop\Study\VLU\Comp vision\BT\Final\processed_data\test\A1\A1.25.Gra-Sai_53_patch_2_3.jpg,A1,B1,0.3419
C:\Users\teflo\Desktop\Study\VLU\Comp vision\BT\Final\processed_data\test\A1\A1.25.Gra-Sai_59_patch_2_3.jpg,A1,A2,0.6634
C:\Users\teflo\Desktop\Study\VLU\Comp vision\BT\Final\processed_data\test\A1\A1.25.Gra-Sai_65_patch_3_3.jpg,A1,B1,0.2664
C:\Users\teflo\Desktop\Study\VLU\Comp vision\BT\Final\processed_data\test\A1\A1.25.Gra-Sai_71_patch_3_4.jpg,A1,A2,0.6777
C:\Users\teflo\Desktop\Study\VLU\Comp vision\BT\Final\processed_data\test\A1\A1.25.Gra-Sai_77_patch_3_1.jpg,A1,A2,0.8932
C:\Users\teflo\Desktop\Study\VLU\Comp vision\BT\Final\processed_data\test\A1\A1.25.Gra-Sai_83_patch_3_2.jpg,A1,A2,0.5605
C:\Users\teflo\Desktop\Study\VLU\Comp vision\BT\Final\processed_data\test\A1\A1.25.Gra-Sai_90_patch_0_3.jpg,A1,A2,0.6487
C:\Users\teflo\Desktop\Study\VLU\Comp vision\BT\Final\processed_data\test\A1\A1.26.Tan-Din_101_patch_2_1.jpg,A1,A2,0.5584
C:\Users\teflo\Desktop\Study\VLU\Comp vision\BT\Final\processed_data\test\A1\A1.26.Tan-Din_108_patch_1_0.jpg,A1,A2,0.9742
C:\Users\teflo\Desktop\Study\VLU\Comp vision\BT\Final\processed_data\test\A1\A1.26.Tan-Din_11_patch_2_1.jpg,A1,A2,0.7763
C:\Users\teflo\Desktop\Study\VLU\Comp vision\BT\Final\processed_data\test\A1\A1.26.Tan-Din_126_patch_2_1.jpg,A1,B2,0.3422
C:\Users\teflo\Desktop\Study\VLU\Comp vision\BT\Final\processed_data\test\A1\A1.26.Tan-Din_138_patch_1_3.jpg,A1,A2,0.3453
C:\Users\teflo\Desktop\Study\VLU\Comp vision\BT\Final\processed_data\test\A1\A1.26.Tan-Din_143_patch_2_5.jpg,A1,A2,0.3599
C:\Users\teflo\Desktop\Study\VLU\Comp vision\BT\Final\processed_data\test\A1\A1.26.Tan-Din_149_patch_3_1.jpg,A1,A2,0.329
C:\Users\teflo\Desktop\Study\VLU\Comp vision\BT\Final\processed_data\test\A1\A1.26.Tan-Din_154_patch_3_3.jpg,A1,B2,0.3795
C:\Users\teflo\Desktop\Study\VLU\Comp vision\BT\Final\processed_data\test\A1\A1.26.Tan-Din_47_patch_2_5.jpg,A1,A2,0.6345
C:\Users\teflo\Desktop\Study\VLU\Comp vision\BT\Final\processed_data\test\A1\A1.26.Tan-Din_56_patch_0_1.jpg,A1,A2,0.4831
C:\Users\teflo\Desktop\Study\VLU\Comp vision\BT\Final\processed_data\test\A1\A1.26.Tan-Din_72_patch_1_0.jpg,A1,A2,0.686
C:\Users\teflo\Desktop\Study\VLU\Comp vision\BT\Final\processed_data\test\A1\A1.26.Tan-Din_79_patch_3_0.jpg,A1,B1,0.3963
C:\Users\teflo\Desktop\Study\VLU\Comp vision\BT\Final\processed_data\test\A1\A1.26.Tan-Din_85_patch_3_3.jpg,A1,A2,0.6682
C:\Users\teflo\Desktop\Study\VLU\Comp vision\BT\Final\processed_data\test\A1\A1.26.Tan-Din_93_patch_3_0.jpg,A1,A2,0.4253
C:\Users\teflo\Desktop\Study\VLU\Comp vision\BT\Final\processed_data\test\A1\A1.27.Tu-Du_15_patch_0_4.jpg,A1,B2,0.2906
C:\Users\teflo\Desktop\Study\VLU\Comp vision\BT\Final\processed_data\test\A1\A1.27.Tu-Du_33_patch_2_3.jpg,A1,B1,0.3452
C:\Users\teflo\Desktop\Study\VLU\Comp vision\BT\Final\processed_data\test\A1\A1.27.Tu-Du_45_patch_2_0.jpg,A1,B1,0.3767
C:\Users\teflo\Desktop\Study\VLU\Comp vision\BT\Final\processed_data\test\A1\A1.28.Cam-Mus_14_patch_1_4.jpg,A1,B2,0.9709
C:\Users\teflo\Desktop\Study\VLU\Comp vision\BT\Final\processed_data\test\A1\A1.28.Cam-Mus_21_patch_3_4.jpg,A1,A2,0.795
C:\Users\teflo\Desktop\Study\VLU\Comp vision\BT\Final\processed_data\test\A1\A1.28.Cam-Mus_29_patch_0_2.jpg,A1,A2,0.4348
C:\Users\teflo\Desktop\Study\VLU\Comp vision\BT\Final\processed_data\test\A1\A1.28.Cam-Mus_35_patch_2_2.jpg,A1,B1,0.4145
C:\Users\teflo\Desktop\Study\VLU\Comp vision\BT\Final\processed_data\test\A1\A1.28.Cam-Mus_41_patch_3_5.jpg,A1,B1,0.4247
C:\Users\teflo\Desktop\Study\VLU\Comp vision\BT\Final\processed_data\test\A1\A1.28.Cam-Mus_48_patch_2_2.jpg,A1,B2,0.3905
C:\Users\teflo\Desktop\Study\VLU\Comp vision\BT\Final\processed_data\test\A1\A1.28.Cam-Mus_54_patch_1_4.jpg,A1,B1,0.4137
C:\Users\teflo\Desktop\Study\VLU\Comp vision\BT\Final\processed_data\test\A1\A1.29.Lab-Cul_03_patch_3_1.jpg,A1,B1,0.5998
C:\Users\teflo\Desktop\Study\VLU\Comp vision\BT\Final\processed_data\test\A1\A1.29.Lab-Cul_09_patch_3_1.jpg,A1,B2,0.3742
C:\Users\teflo\Desktop\Study\VLU\Comp vision\BT\Final\processed_data\test\A1\A1.29.Lab-Cul_15_patch_3_5.jpg,A1,B2,0.4213
C:\Users\teflo\Desktop\Study\VLU\Comp vision\BT\Final\processed_data\test\A1\A1.29.Lab-Cul_22_patch_3_2.jpg,A1,B1,0.7368
C:\Users\teflo\Desktop\Study\VLU\Comp vision\BT\Final\processed_data\test\A1\A1.29.Lab-Cul_35_patch_0_5.jpg,A1,B2,0.4685
C:\Users\teflo\Desktop\Study\VLU\Comp vision\BT\Final\processed_data\test\A1\A1.32.Sec-Adm_18_patch_0_1.jpg,A1,B1,0.4952
C:\Users\teflo\Desktop\Study\VLU\Comp vision\BT\Final\processed_data\test\A1\A1.32.Sec-Adm_23_patch_3_3.jpg,A1,A2,0.6577
C:\Users\teflo\Desktop\Study\VLU\Comp vision\BT\Final\processed_data\test\A1\A1.32.Sec-Adm_29_patch_3_1.jpg,A1,B1,0.404
C:\Users\teflo\Desktop\Study\VLU\Comp vision\BT\Final\processed_data\test\A1\A1.34.Maj-Hot_01_patch_3_5.jpg,A1,B1,0.4312
C:\Users\teflo\Desktop\Study\VLU\Comp vision\BT\Final\processed_data\test\A1\A1.34.Maj-Hot_08_patch_3_0.jpg,A1,A2,0.5962
C:\Users\teflo\Desktop\Study\VLU\Comp vision\BT\Final\processed_data\test\A1\A1.36.St-Paul_01_patch_1_0.jpg,A1,A2,0.2855
C:\Users\teflo\Desktop\Study\VLU\Comp vision\BT\Final\processed_data\test\A1\A1.36.St-Paul_07_patch_1_3.jpg,A1,A2,0.5309
C:\Users\teflo\Desktop\Study\VLU\Comp vision\BT\Final\processed_data\test\A1\A1.36.St-Paul_19_patch_1_4.jpg,A1,A2,0.4085
C:\Users\teflo\Desktop\Study\VLU\Comp vision\BT\Final\processed_data\test\A1\A1.36.St-Paul_27_patch_1_2.jpg,A1,B1,0.3754
C:\Users\teflo\Desktop\Study\VLU\Comp vision\BT\Final\processed_data\test\A1\A1.36.St-Paul_35_patch_1_4.jpg,A1,A2,0.8754
C:\Users\teflo\Desktop\Study\VLU\Comp vision\BT\Final\processed_data\test\A1\A1.36.St-Paul_41_patch_2_2.jpg,A1,A2,0.7343
C:\Users\teflo\Desktop\Study\VLU\Comp vision\BT\Final\processed_data\test\A1\A1.36.St-Paul_48_patch_0_0.jpg,A1,A2,0.7865
C:\Users\teflo\Desktop\Study\VLU\Comp vision\BT\Final\processed_data\test\A1\A1.36.St-Paul_54_patch_1_0.jpg,A1,A2,0.3807
C:\Users\teflo\Desktop\Study\VLU\Comp vision\BT\Final\processed_data\test\A1\A1.36.St-Paul_61_patch_0_0.jpg,A1,A2,0.6547
C:\Users\teflo\Desktop\Study\VLU\Comp vision\BT\Final\processed_data\test\A1\A1.36.St-Paul_67_patch_2_1.jpg,A1,A2,0.3222
C:\Users\teflo\Desktop\Study\VLU\Comp vision\BT\Final\processed_data\test\A1\A1.36.St-Paul_74_patch_2_1.jpg,A1,A2,0.8285
C:\Users\teflo\Desktop\Study\VLU\Comp vision\BT\Final\processed_data\test\A1\A1.36.St-Paul_80_patch_3_3.jpg,A1,A2,0.6525
C:\Users\teflo\Desktop\Study\VLU\Comp vision\BT\Final\processed_data\test\A1\A1.36.St-Paul_87_patch_0_1.jpg,A1,A2,0.4604
C:\Users\teflo\Desktop\Study\VLU\Comp vision\BT\Final\processed_data\test\A1\A1.39.Oil-Buid_03_patch_1_1.jpg,A1,A2,0.7379
C:\Users\teflo\Desktop\Study\VLU\Comp vision\BT\Final\processed_data\test\A1\A1.39.Oil-Buid_15_patch_0_2.jpg,A1,B2,0.4561
C:\Users\teflo\Desktop\Study\VLU\Comp vision\BT\Final\processed_data\test\A1\A1.39.Oil-Buid_21_patch_3_1.jpg,A1,A2,0.6237
C:\Users\teflo\Desktop\Study\VLU\Comp vision\BT\Final\processed_data\test\A1\A1.39.Oil-Buid_27_patch_3_2.jpg,A1,B2,0.3471
C:\Users\teflo\Desktop\Study\VLU\Comp vision\BT\Final\processed_data\test\A1\A1.39.Oil-Buid_33_patch_3_3.jpg,A1,A2,0.8316
C:\Users\teflo\Desktop\Study\VLU\Comp vision\BT\Final\processed_data\test\A1\A1.39.Oil-Buid_39_patch_3_4.jpg,A1,B1,0.447
C:\Users\teflo\Desktop\Study\VLU\Comp vision\BT\Final\processed_data\test\A1\A1.39.Oil-Buid_45_patch_3_2.jpg,A1,B1,0.3658
C:\Users\teflo\Desktop\Study\VLU\Comp vision\BT\Final\processed_data\test\A1\A1.39.Oil-Buid_51_patch_3_0.jpg,A1,B1,0.3491
C:\Users\teflo\Desktop\Study\VLU\Comp vision\BT\Final\processed_data\test\A1\A1.39.Oil-Buid_57_patch_3_5.jpg,A1,A2,0.6084
C:\Users\teflo\Desktop\Study\VLU\Comp vision\BT\Final\processed_data\test\A1\A1.39.Oil-Buid_63_patch_3_5.jpg,A1,B1,0.4251
C:\Users\teflo\Desktop\Study\VLU\Comp vision\BT\Final\processed_data\test\A1\A1.41.Sto-Exc_06_patch_1_5.jpg,A1,A2,0.422
C:\Users\teflo\Desktop\Study\VLU\Comp vision\BT\Final\processed_data\test\A1\A1.41.Sto-Exc_13_patch_0_4.jpg,A1,B1,0.5413
C:\Users\teflo\Desktop\Study\VLU\Comp vision\BT\Final\processed_data\test\A1\A1.41.Sto-Exc_19_patch_0_3.jpg,A1,A2,0.4647
C:\Users\teflo\Desktop\Study\VLU\Comp vision\BT\Final\processed_data\test\A1\A1.41.Sto-Exc_25_patch_0_0.jpg,A1,B2,0.3608
C:\Users\teflo\Desktop\Study\VLU\Comp vision\BT\Final\processed_data\test\A1\A1.41.Sto-Exc_37_patch_1_3.jpg,A1,A2,0.5379
C:\Users\teflo\Desktop\Study\VLU\Comp vision\BT\Final\processed_data\test\A1\A1.41.Sto-Exc_43_patch_2_2.jpg,A1,A2,0.6223
C:\Users\teflo\Desktop\Study\VLU\Comp vision\BT\Final\processed_data\test\A1\A1.42.BIDV-Bui_05_patch_3_2.jpg,A1,B2,0.4188
C:\Users\teflo\Desktop\Study\VLU\Comp vision\BT\Final\processed_data\test\A1\A1.42.BIDV-Bui_11_patch_3_2.jpg,A1,A2,0.5858
C:\Users\teflo\Desktop\Study\VLU\Comp vision\BT\Final\processed_data\test\A1\A1.42.BIDV-Bui_18_patch_3_1.jpg,A1,A2,0.9675
C:\Users\teflo\Desktop\Study\VLU\Comp vision\BT\Final\processed_data\test\A1\A1.42.BIDV-Bui_25_patch_3_5.jpg,A1,A2,0.4169
C:\Users\teflo\Desktop\Study\VLU\Comp vision\BT\Final\processed_data\test\A1\A1.42.BIDV-Bui_32_patch_2_2.jpg,A1,B1,0.4404
C:\Users\teflo\Desktop\Study\VLU\Comp vision\BT\Final\processed_data\test\A1\A1.42.BIDV-Bui_38_patch_3_5.jpg,A1,B1,0.3571
C:\Users\teflo\Desktop\Study\VLU\Comp vision\BT\Final\processed_data\test\A1\A1.42.BIDV-Bui_45_patch_1_1.jpg,A1,A2,0.704
C:\Users\teflo\Desktop\Study\VLU\Comp vision\BT\Final\processed_data\test\A1\A1.43.Sta-Tre_17_patch_2_1.jpg,A1,A2,0.6055
C:\Users\teflo\Desktop\Study\VLU\Comp vision\BT\Final\processed_data\test\A1\A1.43.Sta-Tre_23_patch_3_2.jpg,A1,A2,0.5484
C:\Users\teflo\Desktop\Study\VLU\Comp vision\BT\Final\processed_data\test\A1\A1.43.Sta-Tre_30_patch_1_5.jpg,A1,A2,0.6843
C:\Users\teflo\Desktop\Study\VLU\Comp vision\BT\Final\processed_data\test\A1\A1.43.Sta-Tre_42_patch_3_0.jpg,A1,B1,0.501
C:\Users\teflo\Desktop\Study\VLU\Comp vision\BT\Final\processed_data\test\A1\A1.43.Sta-Tre_54_patch_2_3.jpg,A1,B1,0.3877
C:\Users\teflo\Desktop\Study\VLU\Comp vision\BT\Final\processed_data\test\A2\A2.05.Pub-Ser_01_patch_0_0.jpg,A2,A1,0.686
C:\Users\teflo\Desktop\Study\VLU\Comp vision\BT\Final\processed_data\test\A2\A2.05.Pub-Ser_01_patch_0_4.jpg,A2,A1,0.4299
C:\Users\teflo\Desktop\Study\VLU\Comp vision\BT\Final\processed_data\test\A2\A2.05.Pub-Ser_01_patch_1_3.jpg,A2,A1,0.3591
C:\Users\teflo\Desktop\Study\VLU\Comp vision\BT\Final\processed_data\test\A2\A2.05.Pub-Ser_01_patch_3_0.jpg,A2,A1,0.6785
C:\Users\teflo\Desktop\Study\VLU\Comp vision\BT\Final\processed_data\test\A2\A2.05.Pub-Ser_01_patch_3_4.jpg,A2,A1,0.3674
C:\Users\teflo\Desktop\Study\VLU\Comp vision\BT\Final\processed_data\test\A2\A2.05.Pub-Ser_03_patch_0_0.jpg,A2,A1,0.2752
C:\Users\teflo\Desktop\Study\VLU\Comp vision\BT\Final\processed_data\test\A2\A2.05.Pub-Ser_03_patch_2_3.jpg,A2,A1,0.4003
C:\Users\teflo\Desktop\Study\VLU\Comp vision\BT\Final\processed_data\test\A2\A2.05.Pub-Ser_03_patch_3_1.jpg,A2,B2,0.47
C:\Users\teflo\Desktop\Study\VLU\Comp vision\BT\Final\processed_data\test\A2\A2.05.Pub-Ser_04_patch_0_0.jpg,A2,A1,0.5179
C:\Users\teflo\Desktop\Study\VLU\Comp vision\BT\Final\processed_data\test\A2\A2.05.Pub-Ser_04_patch_0_4.jpg,A2,A1,0.422
C:\Users\teflo\Desktop\Study\VLU\Comp vision\BT\Final\processed_data\test\A2\A2.05.Pub-Ser_04_patch_2_3.jpg,A2,B1,0.4427
C:\Users\teflo\Desktop\Study\VLU\Comp vision\BT\Final\processed_data\test\A2\A2.05.Pub-Ser_04_patch_3_1.jpg,A2,B1,0.4073
C:\Users\teflo\Desktop\Study\VLU\Comp vision\BT\Final\processed_data\test\A2\A2.05.Pub-Ser_05_patch_1_3.jpg,A2,B2,0.4934
C:\Users\teflo\Desktop\Study\VLU\Comp vision\BT\Final\processed_data\test\A2\A2.05.Pub-Ser_05_patch_2_2.jpg,A2,A1,0.4918
C:\Users\teflo\Desktop\Study\VLU\Comp vision\BT\Final\processed_data\test\A2\A2.05.Pub-Ser_05_patch_3_0.jpg,A2,B2,0.4768
C:\Users\teflo\Desktop\Study\VLU\Comp vision\BT\Final\processed_data\test\A2\A2.05.Pub-Ser_05_patch_3_5.jpg,A2,A1,0.3483
C:\Users\teflo\Desktop\Study\VLU\Comp vision\BT\Final\processed_data\test\A2\A2.05.Pub-Ser_06_patch_1_1.jpg,A2,B1,0.6072
C:\Users\teflo\Desktop\Study\VLU\Comp vision\BT\Final\processed_data\test\A2\A2.05.Pub-Ser_06_patch_2_3.jpg,A2,B1,0.5
C:\Users\teflo\Desktop\Study\VLU\Comp vision\BT\Final\processed_data\test\A2\A2.05.Pub-Ser_07_patch_1_0.jpg,A2,B1,0.3523
C:\Users\teflo\Desktop\Study\VLU\Comp vision\BT\Final\processed_data\test\A2\A2.05.Pub-Ser_07_patch_3_0.jpg,A2,B1,0.5884
C:\Users\teflo\Desktop\Study\VLU\Comp vision\BT\Final\processed_data\test\A2\A2.05.Pub-Ser_07_patch_3_5.jpg,A2,B1,0.6444
C:\Users\teflo\Desktop\Study\VLU\Comp vision\BT\Final\processed_data\test\A2\A2.05.Pub-Ser_08_patch_0_4.jpg,A2,B2,0.3614
C:\Users\teflo\Desktop\Study\VLU\Comp vision\BT\Final\processed_data\test\A2\A2.05.Pub-Ser_08_patch_1_2.jpg,A2,B1,0.3747
C:\Users\teflo\Desktop\Study\VLU\Comp vision\BT\Final\processed_data\test\A2\A2.05.Pub-Ser_08_patch_3_0.jpg,A2,A1,0.3785
C:\Users\teflo\Desktop\Study\VLU\Comp vision\BT\Final\processed_data\test\A2\A2.05.Pub-Ser_08_patch_3_5.jpg,A2,B1,0.4376
C:\Users\teflo\Desktop\Study\VLU\Comp vision\BT\Final\processed_data\test\A2\A2.05.Pub-Ser_10_patch_2_3.jpg,A2,B2,0.2983
C:\Users\teflo\Desktop\Study\VLU\Comp vision\BT\Final\processed_data\test\A2\A2.05.Pub-Ser_10_patch_3_1.jpg,A2,B2,0.3287
C:\Users\teflo\Desktop\Study\VLU\Comp vision\BT\Final\processed_data\test\A2\A2.05.Pub-Ser_11_patch_0_0.jpg,A2,B2,0.4074
C:\Users\teflo\Desktop\Study\VLU\Comp vision\BT\Final\processed_data\test\A2\A2.05.Pub-Ser_11_patch_1_0.jpg,A2,B2,0.3143
C:\Users\teflo\Desktop\Study\VLU\Comp vision\BT\Final\processed_data\test\A2\A2.05.Pub-Ser_11_patch_3_1.jpg,A2,B2,0.4854
C:\Users\teflo\Desktop\Study\VLU\Comp vision\BT\Final\processed_data\test\A2\A2.05.Pub-Ser_12_patch_1_4.jpg,A2,B1,0.53
C:\Users\teflo\Desktop\Study\VLU\Comp vision\BT\Final\processed_data\test\A2\A2.05.Pub-Ser_12_patch_2_3.jpg,A2,B2,0.386
C:\Users\teflo\Desktop\Study\VLU\Comp vision\BT\Final\processed_data\test\A2\A2.05.Pub-Ser_12_patch_3_1.jpg,A2,B1,0.4186
C:\Users\teflo\Desktop\Study\VLU\Comp vision\BT\Final\processed_data\test\A2\A2.05.Pub-Ser_13_patch_2_2.jpg,A2,B2,0.4614
C:\Users\teflo\Desktop\Study\VLU\Comp vision\BT\Final\processed_data\test\A2\A2.05.Pub-Ser_13_patch_3_0.jpg,A2,B1,0.3972
C:\Users\teflo\Desktop\Study\VLU\Comp vision\BT\Final\processed_data\test\A2\A2.05.Pub-Ser_14_patch_0_0.jpg,A2,B2,0.4383
C:\Users\teflo\Desktop\Study\VLU\Comp vision\BT\Final\processed_data\test\A2\A2.05.Pub-Ser_14_patch_1_5.jpg,A2,A1,0.428
C:\Users\teflo\Desktop\Study\VLU\Comp vision\BT\Final\processed_data\test\A2\A2.05.Pub-Ser_14_patch_2_4.jpg,A2,A1,0.3269
C:\Users\teflo\Desktop\Study\VLU\Comp vision\BT\Final\processed_data\test\A2\A2.05.Pub-Ser_15_patch_1_0.jpg,A2,A1,0.3691
C:\Users\teflo\Desktop\Study\VLU\Comp vision\BT\Final\processed_data\test\A2\A2.05.Pub-Ser_15_patch_3_1.jpg,A2,B2,0.3303
C:\Users\teflo\Desktop\Study\VLU\Comp vision\BT\Final\processed_data\test\A2\A2.05.Pub-Ser_16_patch_0_5.jpg,A2,B1,0.2829
C:\Users\teflo\Desktop\Study\VLU\Comp vision\BT\Final\processed_data\test\A2\A2.05.Pub-Ser_16_patch_1_3.jpg,A2,B2,0.3084
C:\Users\teflo\Desktop\Study\VLU\Comp vision\BT\Final\processed_data\test\A2\A2.05.Pub-Ser_16_patch_3_0.jpg,A2,A1,0.3456
C:\Users\teflo\Desktop\Study\VLU\Comp vision\BT\Final\processed_data\test\A2\A2.05.Pub-Ser_16_patch_3_5.jpg,A2,B1,0.4118
C:\Users\teflo\Desktop\Study\VLU\Comp vision\BT\Final\processed_data\test\A2\A2.05.Pub-Ser_17_patch_0_5.jpg,A2,A1,0.4767
C:\Users\teflo\Desktop\Study\VLU\Comp vision\BT\Final\processed_data\test\A2\A2.05.Pub-Ser_17_patch_1_3.jpg,A2,B1,0.447
C:\Users\teflo\Desktop\Study\VLU\Comp vision\BT\Final\processed_data\test\A2\A2.05.Pub-Ser_17_patch_3_1.jpg,A2,B1,0.4349
C:\Users\teflo\Desktop\Study\VLU\Comp vision\BT\Final\processed_data\test\A2\A2.05.Pub-Ser_18_patch_0_5.jpg,A2,B2,0.3598
C:\Users\teflo\Desktop\Study\VLU\Comp vision\BT\Final\processed_data\test\A2\A2.05.Pub-Ser_18_patch_2_2.jpg,A2,A1,0.4312
C:\Users\teflo\Desktop\Study\VLU\Comp vision\BT\Final\processed_data\test\A2\A2.05.Pub-Ser_20_patch_2_2.jpg,A2,B1,0.5396
C:\Users\teflo\Desktop\Study\VLU\Comp vision\BT\Final\processed_data\test\A2\A2.05.Pub-Ser_20_patch_3_2.jpg,A2,B1,0.5699
C:\Users\teflo\Desktop\Study\VLU\Comp vision\BT\Final\processed_data\test\A2\A2.05.Pub-Ser_21_patch_0_0.jpg,A2,A1,0.3324
C:\Users\teflo\Desktop\Study\VLU\Comp vision\BT\Final\processed_data\test\A2\A2.05.Pub-Ser_21_patch_3_2.jpg,A2,B2,0.4241
C:\Users\teflo\Desktop\Study\VLU\Comp vision\BT\Final\processed_data\test\A2\A2.05.Pub-Ser_22_patch_0_0.jpg,A2,B2,0.2979
C:\Users\teflo\Desktop\Study\VLU\Comp vision\BT\Final\processed_data\test\A2\A2.05.Pub-Ser_22_patch_0_5.jpg,A2,B2,0.5185
C:\Users\teflo\Desktop\Study\VLU\Comp vision\BT\Final\processed_data\test\A2\A2.05.Pub-Ser_22_patch_2_2.jpg,A2,B2,0.3348
C:\Users\teflo\Desktop\Study\VLU\Comp vision\BT\Final\processed_data\test\A2\A2.05.Pub-Ser_22_patch_3_5.jpg,A2,A1,0.395
C:\Users\teflo\Desktop\Study\VLU\Comp vision\BT\Final\processed_data\test\A2\A2.06.VCB-Tow_01_patch_0_1.jpg,A2,B1,0.4191
C:\Users\teflo\Desktop\Study\VLU\Comp vision\BT\Final\processed_data\test\A2\A2.06.VCB-Tow_01_patch_1_4.jpg,A2,B2,0.6209
C:\Users\teflo\Desktop\Study\VLU\Comp vision\BT\Final\processed_data\test\A2\A2.06.VCB-Tow_01_patch_3_1.jpg,A2,B2,0.4322
C:\Users\teflo\Desktop\Study\VLU\Comp vision\BT\Final\processed_data\test\A2\A2.06.VCB-Tow_02_patch_0_0.jpg,A2,B1,0.4136
C:\Users\teflo\Desktop\Study\VLU\Comp vision\BT\Final\processed_data\test\A2\A2.06.VCB-Tow_02_patch_1_3.jpg,A2,B1,0.4311
C:\Users\teflo\Desktop\Study\VLU\Comp vision\BT\Final\processed_data\test\A2\A2.06.VCB-Tow_02_patch_2_2.jpg,A2,B1,0.8287
C:\Users\teflo\Desktop\Study\VLU\Comp vision\BT\Final\processed_data\test\A2\A2.06.VCB-Tow_02_patch_3_0.jpg,A2,B1,0.3618
C:\Users\teflo\Desktop\Study\VLU\Comp vision\BT\Final\processed_data\test\A2\A2.06.VCB-Tow_03_patch_2_1.jpg,A2,B1,0.4883
C:\Users\teflo\Desktop\Study\VLU\Comp vision\BT\Final\processed_data\test\A2\A2.06.VCB-Tow_03_patch_3_4.jpg,A2,B1,0.6834
C:\Users\teflo\Desktop\Study\VLU\Comp vision\BT\Final\processed_data\test\A2\A2.06.VCB-Tow_04_patch_1_1.jpg,A2,B1,0.3586
C:\Users\teflo\Desktop\Study\VLU\Comp vision\BT\Final\processed_data\test\A2\A2.06.VCB-Tow_04_patch_2_0.jpg,A2,B1,0.3745
C:\Users\teflo\Desktop\Study\VLU\Comp vision\BT\Final\processed_data\test\A2\A2.06.VCB-Tow_04_patch_3_3.jpg,A2,B1,0.372
C:\Users\teflo\Desktop\Study\VLU\Comp vision\BT\Final\processed_data\test\A2\A2.06.VCB-Tow_05_patch_1_0.jpg,A2,B1,0.435
C:\Users\teflo\Desktop\Study\VLU\Comp vision\BT\Final\processed_data\test\A2\A2.06.VCB-Tow_05_patch_1_5.jpg,A2,B2,0.4479
C:\Users\teflo\Desktop\Study\VLU\Comp vision\BT\Final\processed_data\test\A2\A2.06.VCB-Tow_05_patch_3_2.jpg,A2,B2,0.4567
C:\Users\teflo\Desktop\Study\VLU\Comp vision\BT\Final\processed_data\test\A2\A2.06.VCB-Tow_06_patch_1_4.jpg,A2,B1,0.3422
C:\Users\teflo\Desktop\Study\VLU\Comp vision\BT\Final\processed_data\test\A2\A2.06.VCB-Tow_06_patch_2_2.jpg,A2,B1,0.4848
C:\Users\teflo\Desktop\Study\VLU\Comp vision\BT\Final\processed_data\test\A2\A2.06.VCB-Tow_06_patch_3_1.jpg,A2,A1,0.4461
C:\Users\teflo\Desktop\Study\VLU\Comp vision\BT\Final\processed_data\test\A2\A2.06.VCB-Tow_07_patch_0_2.jpg,A2,B2,0.3689
C:\Users\teflo\Desktop\Study\VLU\Comp vision\BT\Final\processed_data\test\A2\A2.06.VCB-Tow_07_patch_2_0.jpg,A2,B2,0.4514
C:\Users\teflo\Desktop\Study\VLU\Comp vision\BT\Final\processed_data\test\A2\A2.06.VCB-Tow_08_patch_0_1.jpg,A2,B2,0.4445
C:\Users\teflo\Desktop\Study\VLU\Comp vision\BT\Final\processed_data\test\A2\A2.06.VCB-Tow_08_patch_1_0.jpg,A2,B2,0.5364
C:\Users\teflo\Desktop\Study\VLU\Comp vision\BT\Final\processed_data\test\A2\A2.06.VCB-Tow_09_patch_1_0.jpg,A2,B2,0.4308
C:\Users\teflo\Desktop\Study\VLU\Comp vision\BT\Final\processed_data\test\A2\A2.06.VCB-Tow_10_patch_2_4.jpg,A2,B2,0.4628
C:\Users\teflo\Desktop\Study\VLU\Comp vision\BT\Final\processed_data\test\A2\A2.06.VCB-Tow_10_patch_3_3.jpg,A2,B2,0.5876
C:\Users\teflo\Desktop\Study\VLU\Comp vision\BT\Final\processed_data\test\A2\A2.06.VCB-Tow_11_patch_0_2.jpg,A2,B2,0.6493
C:\Users\teflo\Desktop\Study\VLU\Comp vision\BT\Final\processed_data\test\A2\A2.06.VCB-Tow_11_patch_1_2.jpg,A2,B2,0.2868
C:\Users\teflo\Desktop\Study\VLU\Comp vision\BT\Final\processed_data\test\A2\A2.06.VCB-Tow_11_patch_3_0.jpg,A2,B2,0.4838
C:\Users\teflo\Desktop\Study\VLU\Comp vision\BT\Final\processed_data\test\A2\A2.06.VCB-Tow_12_patch_0_3.jpg,A2,B2,0.4297
C:\Users\teflo\Desktop\Study\VLU\Comp vision\BT\Final\processed_data\test\A2\A2.06.VCB-Tow_12_patch_2_5.jpg,A2,B2,0.4091
C:\Users\teflo\Desktop\Study\VLU\Comp vision\BT\Final\processed_data\test\A2\A2.06.VCB-Tow_12_patch_3_4.jpg,A2,B2,0.509
C:\Users\teflo\Desktop\Study\VLU\Comp vision\BT\Final\processed_data\test\A2\A2.06.VCB-Tow_13_patch_2_0.jpg,A2,B1,0.5822
C:\Users\teflo\Desktop\Study\VLU\Comp vision\BT\Final\processed_data\test\A2\A2.06.VCB-Tow_17_patch_0_3.jpg,A2,B2,0.5353
C:\Users\teflo\Desktop\Study\VLU\Comp vision\BT\Final\processed_data\test\A2\A2.06.VCB-Tow_17_patch_2_0.jpg,A2,B2,0.5057
C:\Users\teflo\Desktop\Study\VLU\Comp vision\BT\Final\processed_data\test\A2\A2.06.VCB-Tow_18_patch_2_4.jpg,A2,B2,0.5529
C:\Users\teflo\Desktop\Study\VLU\Comp vision\BT\Final\processed_data\test\A2\A2.06.VCB-Tow_19_patch_0_1.jpg,A2,B2,0.4605
C:\Users\teflo\Desktop\Study\VLU\Comp vision\BT\Final\processed_data\test\A2\A2.06.VCB-Tow_19_patch_1_0.jpg,A2,B2,0.516
C:\Users\teflo\Desktop\Study\VLU\Comp vision\BT\Final\processed_data\test\A2\A2.06.VCB-Tow_19_patch_3_1.jpg,A2,B2,0.5641
C:\Users\teflo\Desktop\Study\VLU\Comp vision\BT\Final\processed_data\test\A2\A2.06.VCB-Tow_20_patch_2_2.jpg,A2,B2,0.3363
C:\Users\teflo\Desktop\Study\VLU\Comp vision\BT\Final\processed_data\test\A2\A2.06.VCB-Tow_21_patch_0_3.jpg,A2,B2,0.3187
C:\Users\teflo\Desktop\Study\VLU\Comp vision\BT\Final\processed_data\test\A2\A2.06.VCB-Tow_21_patch_2_1.jpg,A2,B1,0.4246
C:\Users\teflo\Desktop\Study\VLU\Comp vision\BT\Final\processed_data\test\A2\A2.06.VCB-Tow_21_patch_3_4.jpg,A2,B1,0.4353
C:\Users\teflo\Desktop\Study\VLU\Comp vision\BT\Final\processed_data\test\A2\A2.06.VCB-Tow_22_patch_1_1.jpg,A2,B2,0.5028
C:\Users\teflo\Desktop\Study\VLU\Comp vision\BT\Final\processed_data\test\A2\A2.06.VCB-Tow_22_patch_2_0.jpg,A2,A1,0.3413
C:\Users\teflo\Desktop\Study\VLU\Comp vision\BT\Final\processed_data\test\A2\A2.06.VCB-Tow_23_patch_1_0.jpg,A2,B1,0.3604
C:\Users\teflo\Desktop\Study\VLU\Comp vision\BT\Final\processed_data\test\A2\A2.06.VCB-Tow_23_patch_2_3.jpg,A2,B1,0.4213
C:\Users\teflo\Desktop\Study\VLU\Comp vision\BT\Final\processed_data\test\A2\A2.06.VCB-Tow_23_patch_3_2.jpg,A2,B1,0.3739
C:\Users\teflo\Desktop\Study\VLU\Comp vision\BT\Final\processed_data\test\A2\A2.06.VCB-Tow_24_patch_3_1.jpg,A2,B1,0.4075
C:\Users\teflo\Desktop\Study\VLU\Comp vision\BT\Final\processed_data\test\A2\A2.06.VCB-Tow_25_patch_2_2.jpg,A2,B1,0.3926
C:\Users\teflo\Desktop\Study\VLU\Comp vision\BT\Final\processed_data\test\A2\A2.06.VCB-Tow_30_patch_0_0.jpg,A2,B1,0.4768
C:\Users\teflo\Desktop\Study\VLU\Comp vision\BT\Final\processed_data\test\A2\A2.06.VCB-Tow_30_patch_3_0.jpg,A2,A1,0.3863
C:\Users\teflo\Desktop\Study\VLU\Comp vision\BT\Final\processed_data\test\A2\A2.06.VCB-Tow_30_patch_3_5.jpg,A2,B2,0.5367
C:\Users\teflo\Desktop\Study\VLU\Comp vision\BT\Final\processed_data\test\A2\A2.06.VCB-Tow_31_patch_2_1.jpg,A2,B2,0.3919
C:\Users\teflo\Desktop\Study\VLU\Comp vision\BT\Final\processed_data\test\A2\A2.06.VCB-Tow_32_patch_2_1.jpg,A2,B1,0.3522
C:\Users\teflo\Desktop\Study\VLU\Comp vision\BT\Final\processed_data\test\A2\A2.06.VCB-Tow_32_patch_2_5.jpg,A2,B1,0.4814
C:\Users\teflo\Desktop\Study\VLU\Comp vision\BT\Final\processed_data\test\A2\A2.06.VCB-Tow_35_patch_0_1.jpg,A2,B2,0.5394
C:\Users\teflo\Desktop\Study\VLU\Comp vision\BT\Final\processed_data\test\A2\A2.06.VCB-Tow_35_patch_0_5.jpg,A2,B2,0.4302
C:\Users\teflo\Desktop\Study\VLU\Comp vision\BT\Final\processed_data\test\A2\A2.06.VCB-Tow_35_patch_1_4.jpg,A2,B2,0.617
C:\Users\teflo\Desktop\Study\VLU\Comp vision\BT\Final\processed_data\test\A2\A2.06.VCB-Tow_36_patch_0_0.jpg,A2,B2,0.6501
C:\Users\teflo\Desktop\Study\VLU\Comp vision\BT\Final\processed_data\test\A2\A2.06.VCB-Tow_36_patch_0_4.jpg,A2,B2,0.6063
C:\Users\teflo\Desktop\Study\VLU\Comp vision\BT\Final\processed_data\test\A2\A2.06.VCB-Tow_36_patch_1_3.jpg,A2,B2,0.5546
C:\Users\teflo\Desktop\Study\VLU\Comp vision\BT\Final\processed_data\test\A2\A2.06.VCB-Tow_36_patch_2_1.jpg,A2,B2,0.4391
C:\Users\teflo\Desktop\Study\VLU\Comp vision\BT\Final\processed_data\test\A2\A2.06.VCB-Tow_36_patch_3_0.jpg,A2,B2,0.5793
C:\Users\teflo\Desktop\Study\VLU\Comp vision\BT\Final\processed_data\test\A2\A2.06.VCB-Tow_36_patch_3_5.jpg,A2,B2,0.3866
C:\Users\teflo\Desktop\Study\VLU\Comp vision\BT\Final\processed_data\test\A2\A2.06.VCB-Tow_37_patch_0_3.jpg,A2,B2,0.4286
C:\Users\teflo\Desktop\Study\VLU\Comp vision\BT\Final\processed_data\test\A2\A2.06.VCB-Tow_37_patch_1_3.jpg,A2,B2,0.3642
C:\Users\teflo\Desktop\Study\VLU\Comp vision\BT\Final\processed_data\test\A2\A2.06.VCB-Tow_37_patch_2_1.jpg,A2,B2,0.5918
C:\Users\teflo\Desktop\Study\VLU\Comp vision\BT\Final\processed_data\test\A2\A2.06.VCB-Tow_37_patch_3_1.jpg,A2,B2,0.454
C:\Users\teflo\Desktop\Study\VLU\Comp vision\BT\Final\processed_data\test\A2\A2.06.VCB-Tow_38_patch_0_2.jpg,A2,B2,0.4588
C:\Users\teflo\Desktop\Study\VLU\Comp vision\BT\Final\processed_data\test\A2\A2.06.VCB-Tow_38_patch_1_0.jpg,A2,B1,0.3689
C:\Users\teflo\Desktop\Study\VLU\Comp vision\BT\Final\processed_data\test\A2\A2.06.VCB-Tow_38_patch_1_5.jpg,A2,B2,0.4969
C:\Users\teflo\Desktop\Study\VLU\Comp vision\BT\Final\processed_data\test\A2\A2.06.VCB-Tow_39_patch_0_0.jpg,A2,B1,0.6206
C:\Users\teflo\Desktop\Study\VLU\Comp vision\BT\Final\processed_data\test\A2\A2.06.VCB-Tow_40_patch_2_1.jpg,A2,B2,0.455
C:\Users\teflo\Desktop\Study\VLU\Comp vision\BT\Final\processed_data\test\A2\A2.06.VCB-Tow_40_patch_3_0.jpg,A2,B1,0.3564
C:\Users\teflo\Desktop\Study\VLU\Comp vision\BT\Final\processed_data\test\A2\A2.06.VCB-Tow_40_patch_3_4.jpg,A2,B1,0.6711
C:\Users\teflo\Desktop\Study\VLU\Comp vision\BT\Final\processed_data\test\A2\A2.06.VCB-Tow_42_patch_2_4.jpg,A2,B1,0.4258
C:\Users\teflo\Desktop\Study\VLU\Comp vision\BT\Final\processed_data\test\A2\A2.06.VCB-Tow_42_patch_3_2.jpg,A2,B1,0.4241
C:\Users\teflo\Desktop\Study\VLU\Comp vision\BT\Final\processed_data\test\A2\A2.06.VCB-Tow_43_patch_1_0.jpg,A2,B1,0.333
C:\Users\teflo\Desktop\Study\VLU\Comp vision\BT\Final\processed_data\test\A2\A2.06.VCB-Tow_43_patch_3_1.jpg,A2,B2,0.3966
C:\Users\teflo\Desktop\Study\VLU\Comp vision\BT\Final\processed_data\test\A2\A2.06.VCB-Tow_44_patch_0_0.jpg,A2,B2,0.4351
C:\Users\teflo\Desktop\Study\VLU\Comp vision\BT\Final\processed_data\test\A2\A2.06.VCB-Tow_44_patch_0_5.jpg,A2,B2,0.4794
C:\Users\teflo\Desktop\Study\VLU\Comp vision\BT\Final\processed_data\test\A2\A2.06.VCB-Tow_44_patch_1_3.jpg,A2,B2,0.5296
C:\Users\teflo\Desktop\Study\VLU\Comp vision\BT\Final\processed_data\test\A2\A2.06.VCB-Tow_44_patch_2_2.jpg,A2,B2,0.5523
C:\Users\teflo\Desktop\Study\VLU\Comp vision\BT\Final\processed_data\test\A2\A2.06.VCB-Tow_45_patch_2_5.jpg,A2,B2,0.5223
C:\Users\teflo\Desktop\Study\VLU\Comp vision\BT\Final\processed_data\test\A2\A2.06.VCB-Tow_45_patch_3_4.jpg,A2,B2,0.4706
C:\Users\teflo\Desktop\Study\VLU\Comp vision\BT\Final\processed_data\test\A2\A2.26.Sou-Mil_01_patch_1_2.jpg,A2,B2,0.3536
C:\Users\teflo\Desktop\Study\VLU\Comp vision\BT\Final\processed_data\test\A2\A2.26.Sou-Mil_01_patch_2_3.jpg,A2,A1,0.3742
C:\Users\teflo\Desktop\Study\VLU\Comp vision\BT\Final\processed_data\test\A2\A2.26.Sou-Mil_01_patch_3_3.jpg,A2,A1,0.5425
C:\Users\teflo\Desktop\Study\VLU\Comp vision\BT\Final\processed_data\test\A2\A2.26.Sou-Mil_02_patch_1_0.jpg,A2,B2,0.4412
C:\Users\teflo\Desktop\Study\VLU\Comp vision\BT\Final\processed_data\test\A2\A2.26.Sou-Mil_02_patch_3_0.jpg,A2,B2,0.5344
C:\Users\teflo\Desktop\Study\VLU\Comp vision\BT\Final\processed_data\test\A2\A2.26.Sou-Mil_02_patch_3_5.jpg,A2,B1,0.56
C:\Users\teflo\Desktop\Study\VLU\Comp vision\BT\Final\processed_data\test\A2\A2.26.Sou-Mil_03_patch_1_3.jpg,A2,B2,0.4727
C:\Users\teflo\Desktop\Study\VLU\Comp vision\BT\Final\processed_data\test\A2\A2.26.Sou-Mil_03_patch_2_2.jpg,A2,B2,0.3195
C:\Users\teflo\Desktop\Study\VLU\Comp vision\BT\Final\processed_data\test\A2\A2.26.Sou-Mil_03_patch_3_0.jpg,A2,B1,0.3957
C:\Users\teflo\Desktop\Study\VLU\Comp vision\BT\Final\processed_data\test\A2\A2.26.Sou-Mil_03_patch_3_5.jpg,A2,B1,0.4401
C:\Users\teflo\Desktop\Study\VLU\Comp vision\BT\Final\processed_data\test\A2\A2.26.Sou-Mil_04_patch_1_1.jpg,A2,B2,0.4814
C:\Users\teflo\Desktop\Study\VLU\Comp vision\BT\Final\processed_data\test\A2\A2.26.Sou-Mil_04_patch_2_0.jpg,A2,B1,0.3519
C:\Users\teflo\Desktop\Study\VLU\Comp vision\BT\Final\processed_data\test\A2\A2.26.Sou-Mil_04_patch_3_3.jpg,A2,B1,0.3717
C:\Users\teflo\Desktop\Study\VLU\Comp vision\BT\Final\processed_data\test\A2\A2.26.Sou-Mil_05_patch_3_2.jpg,A2,B1,0.78
C:\Users\teflo\Desktop\Study\VLU\Comp vision\BT\Final\processed_data\test\A2\A2.26.Sou-Mil_06_patch_0_1.jpg,A2,B2,0.4435
C:\Users\teflo\Desktop\Study\VLU\Comp vision\BT\Final\processed_data\test\A2\A2.26.Sou-Mil_06_patch_1_0.jpg,A2,B2,0.5174
C:\Users\teflo\Desktop\Study\VLU\Comp vision\BT\Final\processed_data\test\A2\A2.26.Sou-Mil_06_patch_1_4.jpg,A2,B1,0.3873
C:\Users\teflo\Desktop\Study\VLU\Comp vision\BT\Final\processed_data\test\A2\A2.26.Sou-Mil_06_patch_2_3.jpg,A2,B1,0.5469
C:\Users\teflo\Desktop\Study\VLU\Comp vision\BT\Final\processed_data\test\A2\A2.26.Sou-Mil_06_patch_3_2.jpg,A2,B1,0.3753
C:\Users\teflo\Desktop\Study\VLU\Comp vision\BT\Final\processed_data\test\A2\A2.26.Sou-Mil_07_patch_0_1.jpg,A2,B2,0.3615
C:\Users\teflo\Desktop\Study\VLU\Comp vision\BT\Final\processed_data\test\A2\A2.26.Sou-Mil_07_patch_2_4.jpg,A2,B2,0.4572
C:\Users\teflo\Desktop\Study\VLU\Comp vision\BT\Final\processed_data\test\A2\A2.26.Sou-Mil_07_patch_3_3.jpg,A2,B2,0.3369
C:\Users\teflo\Desktop\Study\VLU\Comp vision\BT\Final\processed_data\test\A2\A2.26.Sou-Mil_08_patch_1_0.jpg,A2,A1,0.3629
C:\Users\teflo\Desktop\Study\VLU\Comp vision\BT\Final\processed_data\test\A2\A2.26.Sou-Mil_08_patch_1_4.jpg,A2,B2,0.3478
C:\Users\teflo\Desktop\Study\VLU\Comp vision\BT\Final\processed_data\test\A2\A2.26.Sou-Mil_08_patch_2_3.jpg,A2,B2,0.3821
C:\Users\teflo\Desktop\Study\VLU\Comp vision\BT\Final\processed_data\test\A2\A2.26.Sou-Mil_08_patch_3_2.jpg,A2,B2,0.4155
C:\Users\teflo\Desktop\Study\VLU\Comp vision\BT\Final\processed_data\test\A2\A2.26.Sou-Mil_09_patch_1_1.jpg,A2,B2,0.415
C:\Users\teflo\Desktop\Study\VLU\Comp vision\BT\Final\processed_data\test\A2\A2.26.Sou-Mil_09_patch_1_5.jpg,A2,A1,0.3519
C:\Users\teflo\Desktop\Study\VLU\Comp vision\BT\Final\processed_data\test\A2\A2.26.Sou-Mil_09_patch_2_4.jpg,A2,A1,0.3144
C:\Users\teflo\Desktop\Study\VLU\Comp vision\BT\Final\processed_data\test\A2\A2.26.Sou-Mil_09_patch_3_3.jpg,A2,B2,0.4414
C:\Users\teflo\Desktop\Study\VLU\Comp vision\BT\Final\processed_data\test\A2\A2.26.Sou-Mil_10_patch_2_0.jpg,A2,B2,0.9508
C:\Users\teflo\Desktop\Study\VLU\Comp vision\BT\Final\processed_data\test\A2\A2.26.Sou-Mil_10_patch_3_4.jpg,A2,B2,0.5569
C:\Users\teflo\Desktop\Study\VLU\Comp vision\BT\Final\processed_data\test\A2\A2.26.Sou-Mil_11_patch_0_5.jpg,A2,A1,0.3858
C:\Users\teflo\Desktop\Study\VLU\Comp vision\BT\Final\processed_data\test\A2\A2.26.Sou-Mil_11_patch_1_4.jpg,A2,A1,0.4915
C:\Users\teflo\Desktop\Study\VLU\Comp vision\BT\Final\processed_data\test\A2\A2.26.Sou-Mil_11_patch_2_2.jpg,A2,A1,0.3396
C:\Users\teflo\Desktop\Study\VLU\Comp vision\BT\Final\processed_data\test\A2\A2.26.Sou-Mil_11_patch_3_1.jpg,A2,A1,0.3452
C:\Users\teflo\Desktop\Study\VLU\Comp vision\BT\Final\processed_data\test\A2\A2.26.Sou-Mil_12_patch_0_1.jpg,A2,A1,0.6015
C:\Users\teflo\Desktop\Study\VLU\Comp vision\BT\Final\processed_data\test\A2\A2.26.Sou-Mil_12_patch_2_0.jpg,A2,B2,0.4463
C:\Users\teflo\Desktop\Study\VLU\Comp vision\BT\Final\processed_data\test\A2\A2.26.Sou-Mil_12_patch_3_3.jpg,A2,B2,0.4183
C:\Users\teflo\Desktop\Study\VLU\Comp vision\BT\Final\processed_data\test\A2\A2.26.Sou-Mil_13_patch_0_4.jpg,A2,A1,0.4095
C:\Users\teflo\Desktop\Study\VLU\Comp vision\BT\Final\processed_data\test\A2\A2.26.Sou-Mil_13_patch_1_2.jpg,A2,A1,0.4247
C:\Users\teflo\Desktop\Study\VLU\Comp vision\BT\Final\processed_data\test\A2\A2.26.Sou-Mil_13_patch_2_1.jpg,A2,B2,0.4778
C:\Users\teflo\Desktop\Study\VLU\Comp vision\BT\Final\processed_data\test\A2\A2.26.Sou-Mil_13_patch_2_5.jpg,A2,B1,0.3502
C:\Users\teflo\Desktop\Study\VLU\Comp vision\BT\Final\processed_data\test\A2\A2.26.Sou-Mil_13_patch_3_4.jpg,A2,B2,0.4666
C:\Users\teflo\Desktop\Study\VLU\Comp vision\BT\Final\processed_data\test\A2\A2.26.Sou-Mil_14_patch_0_3.jpg,A2,A1,0.4881
C:\Users\teflo\Desktop\Study\VLU\Comp vision\BT\Final\processed_data\test\A2\A2.26.Sou-Mil_14_patch_1_1.jpg,A2,B2,0.5677
C:\Users\teflo\Desktop\Study\VLU\Comp vision\BT\Final\processed_data\test\A2\A2.26.Sou-Mil_14_patch_2_0.jpg,A2,B2,0.3819
C:\Users\teflo\Desktop\Study\VLU\Comp vision\BT\Final\processed_data\test\A2\A2.26.Sou-Mil_14_patch_2_4.jpg,A2,B2,0.5062
C:\Users\teflo\Desktop\Study\VLU\Comp vision\BT\Final\processed_data\test\A2\A2.26.Sou-Mil_14_patch_3_3.jpg,A2,B1,0.363
C:\Users\teflo\Desktop\Study\VLU\Comp vision\BT\Final\processed_data\test\A2\A2.26.Sou-Mil_15_patch_0_1.jpg,A2,B2,0.3871
C:\Users\teflo\Desktop\Study\VLU\Comp vision\BT\Final\processed_data\test\A2\A2.26.Sou-Mil_15_patch_1_0.jpg,A2,A1,0.3409
C:\Users\teflo\Desktop\Study\VLU\Comp vision\BT\Final\processed_data\test\A2\A2.26.Sou-Mil_15_patch_3_2.jpg,A2,A1,0.649
C:\Users\teflo\Desktop\Study\VLU\Comp vision\BT\Final\processed_data\test\A2\A2.26.Sou-Mil_16_patch_2_3.jpg,A2,B2,0.515
C:\Users\teflo\Desktop\Study\VLU\Comp vision\BT\Final\processed_data\test\A2\A2.26.Sou-Mil_16_patch_3_2.jpg,A2,B1,0.4725
C:\Users\teflo\Desktop\Study\VLU\Comp vision\BT\Final\processed_data\test\A2\A2.26.Sou-Mil_17_patch_0_5.jpg,A2,B2,0.355
C:\Users\teflo\Desktop\Study\VLU\Comp vision\BT\Final\processed_data\test\A2\A2.26.Sou-Mil_17_patch_2_3.jpg,A2,B2,0.3983
C:\Users\teflo\Desktop\Study\VLU\Comp vision\BT\Final\processed_data\test\A2\A2.26.Sou-Mil_17_patch_3_2.jpg,A2,B2,0.3796
C:\Users\teflo\Desktop\Study\VLU\Comp vision\BT\Final\processed_data\test\A2\A2.26.Sou-Mil_18_patch_0_1.jpg,A2,A1,0.3171
C:\Users\teflo\Desktop\Study\VLU\Comp vision\BT\Final\processed_data\test\A2\A2.26.Sou-Mil_18_patch_1_1.jpg,A2,A1,0.4977
C:\Users\teflo\Desktop\Study\VLU\Comp vision\BT\Final\processed_data\test\A2\A2.26.Sou-Mil_18_patch_2_0.jpg,A2,B1,0.4655
C:\Users\teflo\Desktop\Study\VLU\Comp vision\BT\Final\processed_data\test\A2\A2.26.Sou-Mil_18_patch_2_4.jpg,A2,B2,0.2903
C:\Users\teflo\Desktop\Study\VLU\Comp vision\BT\Final\processed_data\test\A2\A2.26.Sou-Mil_18_patch_3_3.jpg,A2,B2,0.3273
C:\Users\teflo\Desktop\Study\VLU\Comp vision\BT\Final\processed_data\test\A2\A2.26.Sou-Mil_19_patch_0_1.jpg,A2,B1,0.6614
C:\Users\teflo\Desktop\Study\VLU\Comp vision\BT\Final\processed_data\test\A2\A2.26.Sou-Mil_19_patch_1_0.jpg,A2,B1,0.4704
C:\Users\teflo\Desktop\Study\VLU\Comp vision\BT\Final\processed_data\test\A2\A2.26.Sou-Mil_19_patch_2_3.jpg,A2,B1,0.3631
C:\Users\teflo\Desktop\Study\VLU\Comp vision\BT\Final\processed_data\test\A2\A2.26.Sou-Mil_19_patch_3_2.jpg,A2,B1,0.6295
C:\Users\teflo\Desktop\Study\VLU\Comp vision\BT\Final\processed_data\test\A2\A2.26.Sou-Mil_20_patch_0_0.jpg,A2,B1,0.3988
C:\Users\teflo\Desktop\Study\VLU\Comp vision\BT\Final\processed_data\test\A2\A2.26.Sou-Mil_20_patch_1_4.jpg,A2,B1,0.6208
C:\Users\teflo\Desktop\Study\VLU\Comp vision\BT\Final\processed_data\test\A2\A2.26.Sou-Mil_20_patch_3_2.jpg,A2,B1,0.4995
C:\Users\teflo\Desktop\Study\VLU\Comp vision\BT\Final\processed_data\test\A2\A2.26.Sou-Mil_21_patch_2_5.jpg,A2,B2,0.3756
C:\Users\teflo\Desktop\Study\VLU\Comp vision\BT\Final\processed_data\test\A2\A2.26.Sou-Mil_22_patch_0_2.jpg,A2,B1,0.4145
C:\Users\teflo\Desktop\Study\VLU\Comp vision\BT\Final\processed_data\test\A2\A2.26.Sou-Mil_22_patch_1_2.jpg,A2,A1,0.3355
C:\Users\teflo\Desktop\Study\VLU\Comp vision\BT\Final\processed_data\test\A2\A2.26.Sou-Mil_22_patch_2_3.jpg,A2,A1,0.4112
C:\Users\teflo\Desktop\Study\VLU\Comp vision\BT\Final\processed_data\test\A2\A2.26.Sou-Mil_22_patch_3_1.jpg,A2,B2,0.4523
C:\Users\teflo\Desktop\Study\VLU\Comp vision\BT\Final\processed_data\test\A2\A2.26.Sou-Mil_23_patch_0_0.jpg,A2,B2,0.3537
C:\Users\teflo\Desktop\Study\VLU\Comp vision\BT\Final\processed_data\test\A2\A2.26.Sou-Mil_23_patch_0_5.jpg,A2,A1,0.3509
C:\Users\teflo\Desktop\Study\VLU\Comp vision\BT\Final\processed_data\test\A2\A2.26.Sou-Mil_24_patch_0_0.jpg,A2,B1,0.5053
C:\Users\teflo\Desktop\Study\VLU\Comp vision\BT\Final\processed_data\test\A2\A2.26.Sou-Mil_24_patch_0_4.jpg,A2,B1,0.4918
C:\Users\teflo\Desktop\Study\VLU\Comp vision\BT\Final\processed_data\test\A2\A2.26.Sou-Mil_24_patch_1_3.jpg,A2,B2,0.3983
C:\Users\teflo\Desktop\Study\VLU\Comp vision\BT\Final\processed_data\test\A2\A2.26.Sou-Mil_25_patch_0_0.jpg,A2,B1,0.4308
C:\Users\teflo\Desktop\Study\VLU\Comp vision\BT\Final\processed_data\test\A2\A2.26.Sou-Mil_25_patch_0_4.jpg,A2,B1,0.3976
C:\Users\teflo\Desktop\Study\VLU\Comp vision\BT\Final\processed_data\test\A2\A2.26.Sou-Mil_25_patch_1_3.jpg,A2,B2,0.4486
C:\Users\teflo\Desktop\Study\VLU\Comp vision\BT\Final\processed_data\test\A2\A2.26.Sou-Mil_25_patch_2_2.jpg,A2,B2,0.4166
C:\Users\teflo\Desktop\Study\VLU\Comp vision\BT\Final\processed_data\test\A2\A2.26.Sou-Mil_25_patch_3_0.jpg,A2,B1,0.5584
C:\Users\teflo\Desktop\Study\VLU\Comp vision\BT\Final\processed_data\test\A2\A2.26.Sou-Mil_26_patch_0_0.jpg,A2,B1,0.7658
C:\Users\teflo\Desktop\Study\VLU\Comp vision\BT\Final\processed_data\test\A2\A2.26.Sou-Mil_26_patch_0_4.jpg,A2,B2,0.5399
C:\Users\teflo\Desktop\Study\VLU\Comp vision\BT\Final\processed_data\test\A2\A2.26.Sou-Mil_26_patch_2_2.jpg,A2,B2,0.5176
C:\Users\teflo\Desktop\Study\VLU\Comp vision\BT\Final\processed_data\test\A2\A2.26.Sou-Mil_26_patch_3_0.jpg,A2,B1,0.6817
C:\Users\teflo\Desktop\Study\VLU\Comp vision\BT\Final\processed_data\test\A2\A2.26.Sou-Mil_27_patch_0_1.jpg,A2,B1,0.5963
C:\Users\teflo\Desktop\Study\VLU\Comp vision\BT\Final\processed_data\test\A2\A2.26.Sou-Mil_27_patch_0_5.jpg,A2,A1,0.6019
C:\Users\teflo\Desktop\Study\VLU\Comp vision\BT\Final\processed_data\test\A2\A2.26.Sou-Mil_28_patch_0_1.jpg,A2,B2,0.3888
C:\Users\teflo\Desktop\Study\VLU\Comp vision\BT\Final\processed_data\test\A2\A2.26.Sou-Mil_28_patch_3_1.jpg,A2,B1,0.5695
C:\Users\teflo\Desktop\Study\VLU\Comp vision\BT\Final\processed_data\test\A2\A2.26.Sou-Mil_29_patch_0_1.jpg,A2,B1,0.3625
C:\Users\teflo\Desktop\Study\VLU\Comp vision\BT\Final\processed_data\test\A2\A2.26.Sou-Mil_29_patch_1_1.jpg,A2,B1,0.4015
C:\Users\teflo\Desktop\Study\VLU\Comp vision\BT\Final\processed_data\test\A2\A2.26.Sou-Mil_29_patch_2_1.jpg,A2,B1,0.5709
C:\Users\teflo\Desktop\Study\VLU\Comp vision\BT\Final\processed_data\test\A2\A2.26.Sou-Mil_29_patch_3_0.jpg,A2,B1,0.4697
C:\Users\teflo\Desktop\Study\VLU\Comp vision\BT\Final\processed_data\test\A2\A2.26.Sou-Mil_29_patch_3_4.jpg,A2,B2,0.344
C:\Users\teflo\Desktop\Study\VLU\Comp vision\BT\Final\processed_data\test\A2\A2.26.Sou-Mil_30_patch_1_1.jpg,A2,B1,0.4415
C:\Users\teflo\Desktop\Study\VLU\Comp vision\BT\Final\processed_data\test\A2\A2.26.Sou-Mil_30_patch_2_1.jpg,A2,B1,0.5772
C:\Users\teflo\Desktop\Study\VLU\Comp vision\BT\Final\processed_data\test\A2\A2.26.Sou-Mil_30_patch_3_0.jpg,A2,B1,0.5393
C:\Users\teflo\Desktop\Study\VLU\Comp vision\BT\Final\processed_data\test\A2\A2.26.Sou-Mil_30_patch_3_4.jpg,A2,B1,0.2845
C:\Users\teflo\Desktop\Study\VLU\Comp vision\BT\Final\processed_data\test\A2\A2.26.Sou-Mil_31_patch_1_1.jpg,A2,B2,0.417
C:\Users\teflo\Desktop\Study\VLU\Comp vision\BT\Final\processed_data\test\A2\A2.26.Sou-Mil_31_patch_2_0.jpg,A2,B2,0.4612
C:\Users\teflo\Desktop\Study\VLU\Comp vision\BT\Final\processed_data\test\A2\A2.26.Sou-Mil_31_patch_3_3.jpg,A2,A1,0.3944
C:\Users\teflo\Desktop\Study\VLU\Comp vision\BT\Final\processed_data\test\A2\A2.26.Sou-Mil_32_patch_0_4.jpg,A2,A1,0.4084
C:\Users\teflo\Desktop\Study\VLU\Comp vision\BT\Final\processed_data\test\A2\A2.26.Sou-Mil_32_patch_1_2.jpg,A2,B2,0.4547
C:\Users\teflo\Desktop\Study\VLU\Comp vision\BT\Final\processed_data\test\A2\A2.26.Sou-Mil_32_patch_2_2.jpg,A2,B2,0.4749
C:\Users\teflo\Desktop\Study\VLU\Comp vision\BT\Final\processed_data\test\A2\A2.26.Sou-Mil_33_patch_2_2.jpg,A2,B1,0.3648
C:\Users\teflo\Desktop\Study\VLU\Comp vision\BT\Final\processed_data\test\A2\A2.26.Sou-Mil_33_patch_3_1.jpg,A2,B1,0.4023
C:\Users\teflo\Desktop\Study\VLU\Comp vision\BT\Final\processed_data\test\A2\A2.26.Sou-Mil_34_patch_0_5.jpg,A2,B2,0.3644
C:\Users\teflo\Desktop\Study\VLU\Comp vision\BT\Final\processed_data\test\A2\A2.26.Sou-Mil_34_patch_1_4.jpg,A2,A1,0.4853
C:\Users\teflo\Desktop\Study\VLU\Comp vision\BT\Final\processed_data\test\A2\A2.26.Sou-Mil_34_patch_2_2.jpg,A2,B2,0.4427
C:\Users\teflo\Desktop\Study\VLU\Comp vision\BT\Final\processed_data\test\A2\A2.26.Sou-Mil_34_patch_3_1.jpg,A2,B2,0.5907
C:\Users\teflo\Desktop\Study\VLU\Comp vision\BT\Final\processed_data\test\B1\aWIo8Jhh_patch_0_0.jpg,B1,B2,0.4776
C:\Users\teflo\Desktop\Study\VLU\Comp vision\BT\Final\processed_data\test\B1\B1.05.Uni-Med_01_patch_3_3.jpg,B1,B2,0.3833
C:\Users\teflo\Desktop\Study\VLU\Comp vision\BT\Final\processed_data\test\B1\B1.05.Uni-Med_04_patch_3_1.jpg,B1,A2,0.4631
C:\Users\teflo\Desktop\Study\VLU\Comp vision\BT\Final\processed_data\test\B1\B1.05.Uni-Med_106_patch_1_1.jpg,B1,B2,0.4299
C:\Users\teflo\Desktop\Study\VLU\Comp vision\BT\Final\processed_data\test\B1\B1.05.Uni-Med_108_patch_0_5.jpg,B1,A1,0.3639
C:\Users\teflo\Desktop\Study\VLU\Comp vision\BT\Final\processed_data\test\B1\B1.05.Uni-Med_109_patch_0_4.jpg,B1,B2,0.3492
C:\Users\teflo\Desktop\Study\VLU\Comp vision\BT\Final\processed_data\test\B1\B1.05.Uni-Med_113_patch_3_5.jpg,B1,A1,0.412
C:\Users\teflo\Desktop\Study\VLU\Comp vision\BT\Final\processed_data\test\B1\B1.05.Uni-Med_122_patch_2_0.jpg,B1,A2,0.3769
C:\Users\teflo\Desktop\Study\VLU\Comp vision\BT\Final\processed_data\test\B1\B1.05.Uni-Med_125_patch_2_0.jpg,B1,A1,0.5308
C:\Users\teflo\Desktop\Study\VLU\Comp vision\BT\Final\processed_data\test\B1\B1.05.Uni-Med_12_patch_1_4.jpg,B1,A1,0.4523
C:\Users\teflo\Desktop\Study\VLU\Comp vision\BT\Final\processed_data\test\B1\B1.05.Uni-Med_136_patch_0_3.jpg,B1,A2,0.3912
C:\Users\teflo\Desktop\Study\VLU\Comp vision\BT\Final\processed_data\test\B1\B1.05.Uni-Med_138_patch_0_0.jpg,B1,A1,0.3762
C:\Users\teflo\Desktop\Study\VLU\Comp vision\BT\Final\processed_data\test\B1\B1.05.Uni-Med_139_patch_3_4.jpg,B1,B2,0.4224
C:\Users\teflo\Desktop\Study\VLU\Comp vision\BT\Final\processed_data\test\B1\B1.05.Uni-Med_148_patch_0_0.jpg,B1,A2,0.4295
C:\Users\teflo\Desktop\Study\VLU\Comp vision\BT\Final\processed_data\test\B1\B1.05.Uni-Med_152_patch_1_1.jpg,B1,B2,0.3917
C:\Users\teflo\Desktop\Study\VLU\Comp vision\BT\Final\processed_data\test\B1\B1.05.Uni-Med_153_patch_0_5.jpg,B1,A1,0.4007
C:\Users\teflo\Desktop\Study\VLU\Comp vision\BT\Final\processed_data\test\B1\B1.05.Uni-Med_154_patch_0_5.jpg,B1,A1,0.3791
C:\Users\teflo\Desktop\Study\VLU\Comp vision\BT\Final\processed_data\test\B1\B1.05.Uni-Med_155_patch_0_4.jpg,B1,A2,0.4165
C:\Users\teflo\Desktop\Study\VLU\Comp vision\BT\Final\processed_data\test\B1\B1.05.Uni-Med_156_patch_0_3.jpg,B1,A2,0.3682
C:\Users\teflo\Desktop\Study\VLU\Comp vision\BT\Final\processed_data\test\B1\B1.05.Uni-Med_15_patch_3_3.jpg,B1,A2,0.4265
C:\Users\teflo\Desktop\Study\VLU\Comp vision\BT\Final\processed_data\test\B1\B1.05.Uni-Med_162_patch_2_5.jpg,B1,B2,0.7626
C:\Users\teflo\Desktop\Study\VLU\Comp vision\BT\Final\processed_data\test\B1\B1.05.Uni-Med_169_patch_1_5.jpg,B1,A1,0.5344
C:\Users\teflo\Desktop\Study\VLU\Comp vision\BT\Final\processed_data\test\B1\B1.05.Uni-Med_173_patch_2_0.jpg,B1,A2,0.5725
C:\Users\teflo\Desktop\Study\VLU\Comp vision\BT\Final\processed_data\test\B1\B1.05.Uni-Med_174_patch_2_1.jpg,B1,A2,0.4345
C:\Users\teflo\Desktop\Study\VLU\Comp vision\BT\Final\processed_data\test\B1\B1.05.Uni-Med_175_patch_2_0.jpg,B1,A2,0.5955
C:\Users\teflo\Desktop\Study\VLU\Comp vision\BT\Final\processed_data\test\B1\B1.05.Uni-Med_177_patch_2_0.jpg,B1,A2,0.573
C:\Users\teflo\Desktop\Study\VLU\Comp vision\BT\Final\processed_data\test\B1\B1.05.Uni-Med_18_patch_1_3.jpg,B1,A2,0.6135
C:\Users\teflo\Desktop\Study\VLU\Comp vision\BT\Final\processed_data\test\B1\B1.05.Uni-Med_29_patch_0_5.jpg,B1,B2,0.3476
C:\Users\teflo\Desktop\Study\VLU\Comp vision\BT\Final\processed_data\test\B1\B1.05.Uni-Med_30_patch_0_4.jpg,B1,A2,0.4229
C:\Users\teflo\Desktop\Study\VLU\Comp vision\BT\Final\processed_data\test\B1\B1.05.Uni-Med_32_patch_0_4.jpg,B1,B2,0.4259
C:\Users\teflo\Desktop\Study\VLU\Comp vision\BT\Final\processed_data\test\B1\B1.05.Uni-Med_35_patch_0_0.jpg,B1,B2,0.5248
C:\Users\teflo\Desktop\Study\VLU\Comp vision\BT\Final\processed_data\test\B1\B1.05.Uni-Med_57_patch_3_1.jpg,B1,A1,0.4489
C:\Users\teflo\Desktop\Study\VLU\Comp vision\BT\Final\processed_data\test\B1\B1.05.Uni-Med_76_patch_0_2.jpg,B1,A2,0.4727
C:\Users\teflo\Desktop\Study\VLU\Comp vision\BT\Final\processed_data\test\B1\B1.05.Uni-Med_79_patch_0_2.jpg,B1,A1,0.4936
C:\Users\teflo\Desktop\Study\VLU\Comp vision\BT\Final\processed_data\test\B1\B1.05.Uni-Med_81_patch_3_4.jpg,B1,A1,0.4982
C:\Users\teflo\Desktop\Study\VLU\Comp vision\BT\Final\processed_data\test\B1\B1.05.Uni-Med_89_patch_2_0.jpg,B1,A2,0.3537
C:\Users\teflo\Desktop\Study\VLU\Comp vision\BT\Final\processed_data\test\B1\B1.05.Uni-Med_90_patch_1_5.jpg,B1,B2,0.9946
C:\Users\teflo\Desktop\Study\VLU\Comp vision\BT\Final\processed_data\test\B1\B1.05.Uni-Med_93_patch_1_1.jpg,B1,A1,0.427
C:\Users\teflo\Desktop\Study\VLU\Comp vision\BT\Final\processed_data\test\B1\B1.05.Uni-Med_95_patch_0_5.jpg,B1,B2,0.3449
C:\Users\teflo\Desktop\Study\VLU\Comp vision\BT\Final\processed_data\test\B1\B1.05.Uni-Med_99_patch_0_0.jpg,B1,A1,0.5378
C:\Users\teflo\Desktop\Study\VLU\Comp vision\BT\Final\processed_data\test\B1\B1.05.Uni-Med_99_patch_3_5.jpg,B1,A2,0.7269
C:\Users\teflo\Desktop\Study\VLU\Comp vision\BT\Final\processed_data\test\B1\B1.07.Tho-Nha_111_patch_2_0.jpg,B1,B2,0.3339
C:\Users\teflo\Desktop\Study\VLU\Comp vision\BT\Final\processed_data\test\B1\B1.07.Tho-Nha_112_patch_2_3.jpg,B1,B2,0.4391
C:\Users\teflo\Desktop\Study\VLU\Comp vision\BT\Final\processed_data\test\B1\B1.07.Tho-Nha_113_patch_3_4.jpg,B1,B2,0.3263
C:\Users\teflo\Desktop\Study\VLU\Comp vision\BT\Final\processed_data\test\B1\B1.07.Tho-Nha_117_patch_3_4.jpg,B1,B2,0.3693
C:\Users\teflo\Desktop\Study\VLU\Comp vision\BT\Final\processed_data\test\B1\B1.07.Tho-Nha_121_patch_2_0.jpg,B1,B2,0.4101
C:\Users\teflo\Desktop\Study\VLU\Comp vision\BT\Final\processed_data\test\B1\B1.07.Tho-Nha_123_patch_3_0.jpg,B1,A1,0.807
C:\Users\teflo\Desktop\Study\VLU\Comp vision\BT\Final\processed_data\test\B1\B1.07.Tho-Nha_124_patch_3_0.jpg,B1,A2,0.3814
C:\Users\teflo\Desktop\Study\VLU\Comp vision\BT\Final\processed_data\test\B1\B1.07.Tho-Nha_128_patch_1_3.jpg,B1,B2,0.4802
C:\Users\teflo\Desktop\Study\VLU\Comp vision\BT\Final\processed_data\test\B1\B1.07.Tho-Nha_130_patch_2_3.jpg,B1,B2,0.4505
C:\Users\teflo\Desktop\Study\VLU\Comp vision\BT\Final\processed_data\test\B1\B1.07.Tho-Nha_133_patch_0_0.jpg,B1,A2,0.6985
C:\Users\teflo\Desktop\Study\VLU\Comp vision\BT\Final\processed_data\test\B1\B1.07.Tho-Nha_134_patch_0_2.jpg,B1,B2,0.4278
C:\Users\teflo\Desktop\Study\VLU\Comp vision\BT\Final\processed_data\test\B1\B1.07.Tho-Nha_135_patch_1_1.jpg,B1,A2,0.4631
C:\Users\teflo\Desktop\Study\VLU\Comp vision\BT\Final\processed_data\test\B1\B1.07.Tho-Nha_137_patch_2_3.jpg,B1,B2,0.3693
C:\Users\teflo\Desktop\Study\VLU\Comp vision\BT\Final\processed_data\test\B1\B1.07.Tho-Nha_138_patch_2_5.jpg,B1,B2,0.3879
C:\Users\teflo\Desktop\Study\VLU\Comp vision\BT\Final\processed_data\test\B1\B1.07.Tho-Nha_139_patch_2_4.jpg,B1,A1,0.8221
C:\Users\teflo\Desktop\Study\VLU\Comp vision\BT\Final\processed_data\test\B1\B1.07.Tho-Nha_140_patch_2_2.jpg,B1,B2,0.4051
C:\Users\teflo\Desktop\Study\VLU\Comp vision\BT\Final\processed_data\test\B1\B1.07.Tho-Nha_141_patch_2_2.jpg,B1,B2,0.4952
C:\Users\teflo\Desktop\Study\VLU\Comp vision\BT\Final\processed_data\test\B1\B1.07.Tho-Nha_142_patch_2_5.jpg,B1,A1,0.4195
C:\Users\teflo\Desktop\Study\VLU\Comp vision\BT\Final\processed_data\test\B1\B1.07.Tho-Nha_146_patch_1_0.jpg,B1,B2,0.5554
C:\Users\teflo\Desktop\Study\VLU\Comp vision\BT\Final\processed_data\test\B1\B1.07.Tho-Nha_147_patch_1_5.jpg,B1,B2,0.3697
C:\Users\teflo\Desktop\Study\VLU\Comp vision\BT\Final\processed_data\test\B1\B1.07.Tho-Nha_148_patch_1_4.jpg,B1,B2,0.3886
C:\Users\teflo\Desktop\Study\VLU\Comp vision\BT\Final\processed_data\test\B1\B1.07.Tho-Nha_149_patch_1_3.jpg,B1,B2,0.5805
C:\Users\teflo\Desktop\Study\VLU\Comp vision\BT\Final\processed_data\test\B1\B1.07.Tho-Nha_150_patch_1_1.jpg,B1,B2,0.7781
C:\Users\teflo\Desktop\Study\VLU\Comp vision\BT\Final\processed_data\test\B1\B1.07.Tho-Nha_151_patch_1_0.jpg,B1,B2,0.5821
C:\Users\teflo\Desktop\Study\VLU\Comp vision\BT\Final\processed_data\test\B1\B1.07.Tho-Nha_152_patch_0_5.jpg,B1,B2,0.4933
C:\Users\teflo\Desktop\Study\VLU\Comp vision\BT\Final\processed_data\test\B1\B1.07.Tho-Nha_153_patch_0_3.jpg,B1,B2,0.6171
C:\Users\teflo\Desktop\Study\VLU\Comp vision\BT\Final\processed_data\test\B1\B1.07.Tho-Nha_154_patch_0_3.jpg,B1,B2,0.5041
C:\Users\teflo\Desktop\Study\VLU\Comp vision\BT\Final\processed_data\test\B1\B1.07.Tho-Nha_155_patch_1_2.jpg,B1,B2,0.5138
C:\Users\teflo\Desktop\Study\VLU\Comp vision\BT\Final\processed_data\test\B1\B1.07.Tho-Nha_158_patch_1_0.jpg,B1,B2,0.5134
C:\Users\teflo\Desktop\Study\VLU\Comp vision\BT\Final\processed_data\test\B1\B1.07.Tho-Nha_160_patch_0_2.jpg,B1,B2,0.3232
C:\Users\teflo\Desktop\Study\VLU\Comp vision\BT\Final\processed_data\test\B1\B1.07.Tho-Nha_162_patch_0_1.jpg,B1,A2,0.386
C:\Users\teflo\Desktop\Study\VLU\Comp vision\BT\Final\processed_data\test\B1\B1.07.Tho-Nha_163_patch_1_0.jpg,B1,B2,0.4116
C:\Users\teflo\Desktop\Study\VLU\Comp vision\BT\Final\processed_data\test\B1\B1.07.Tho-Nha_164_patch_1_1.jpg,B1,B2,0.622
C:\Users\teflo\Desktop\Study\VLU\Comp vision\BT\Final\processed_data\test\B1\B1.07.Tho-Nha_165_patch_1_0.jpg,B1,A1,0.4696
C:\Users\teflo\Desktop\Study\VLU\Comp vision\BT\Final\processed_data\test\B1\B1.07.Tho-Nha_166_patch_0_5.jpg,B1,B2,0.651
C:\Users\teflo\Desktop\Study\VLU\Comp vision\BT\Final\processed_data\test\B1\B1.07.Tho-Nha_167_patch_0_3.jpg,B1,A1,0.6317
C:\Users\teflo\Desktop\Study\VLU\Comp vision\BT\Final\processed_data\test\B1\B1.07.Tho-Nha_168_patch_0_3.jpg,B1,B2,0.4572
C:\Users\teflo\Desktop\Study\VLU\Comp vision\BT\Final\processed_data\test\B1\B1.07.Tho-Nha_169_patch_0_5.jpg,B1,A1,0.4246
C:\Users\teflo\Desktop\Study\VLU\Comp vision\BT\Final\processed_data\test\B1\B1.07.Tho-Nha_171_patch_0_5.jpg,B1,A2,0.3326
C:\Users\teflo\Desktop\Study\VLU\Comp vision\BT\Final\processed_data\test\B1\B1.07.Tho-Nha_173_patch_2_3.jpg,B1,B2,0.3257
C:\Users\teflo\Desktop\Study\VLU\Comp vision\BT\Final\processed_data\test\B1\B1.07.Tho-Nha_175_patch_2_3.jpg,B1,B2,0.5457
C:\Users\teflo\Desktop\Study\VLU\Comp vision\BT\Final\processed_data\test\B1\B1.07.Tho-Nha_178_patch_3_2.jpg,B1,A2,0.5091
C:\Users\teflo\Desktop\Study\VLU\Comp vision\BT\Final\processed_data\test\B1\B1.07.Tho-Nha_180_patch_3_0.jpg,B1,A2,0.3696
C:\Users\teflo\Desktop\Study\VLU\Comp vision\BT\Final\processed_data\test\B1\B1.07.Tho-Nha_182_patch_2_3.jpg,B1,A2,0.6058
C:\Users\teflo\Desktop\Study\VLU\Comp vision\BT\Final\processed_data\test\B1\B1.07.Tho-Nha_183_patch_2_2.jpg,B1,B2,0.3446
C:\Users\teflo\Desktop\Study\VLU\Comp vision\BT\Final\processed_data\test\B1\B1.07.Tho-Nha_33_patch_1_0.jpg,B1,A1,0.3491
C:\Users\teflo\Desktop\Study\VLU\Comp vision\BT\Final\processed_data\test\B1\B1.07.Tho-Nha_74_patch_0_0.jpg,B1,B2,0.4473
C:\Users\teflo\Desktop\Study\VLU\Comp vision\BT\Final\processed_data\test\B1\B1.07.Tho-Nha_86_patch_0_1.jpg,B1,A2,0.3124
C:\Users\teflo\Desktop\Study\VLU\Comp vision\BT\Final\processed_data\test\B1\B1.23.Offi-Gov_01_patch_0_4.jpg,B1,A2,0.5738
C:\Users\teflo\Desktop\Study\VLU\Comp vision\BT\Final\processed_data\test\B1\B1.23.Offi-Gov_02_patch_0_2.jpg,B1,A2,0.3646
C:\Users\teflo\Desktop\Study\VLU\Comp vision\BT\Final\processed_data\test\B1\B1.23.Offi-Gov_03_patch_0_1.jpg,B1,A1,0.3503
C:\Users\teflo\Desktop\Study\VLU\Comp vision\BT\Final\processed_data\test\B1\B1.23.Offi-Gov_04_patch_0_0.jpg,B1,B2,0.507
C:\Users\teflo\Desktop\Study\VLU\Comp vision\BT\Final\processed_data\test\B1\B1.23.Offi-Gov_04_patch_3_5.jpg,B1,B2,0.4248
C:\Users\teflo\Desktop\Study\VLU\Comp vision\BT\Final\processed_data\test\B1\B1.23.Offi-Gov_05_patch_3_3.jpg,B1,B2,0.3756
C:\Users\teflo\Desktop\Study\VLU\Comp vision\BT\Final\processed_data\test\B1\B1.23.Offi-Gov_07_patch_0_0.jpg,B1,A2,0.4244
C:\Users\teflo\Desktop\Study\VLU\Comp vision\BT\Final\processed_data\test\B1\B1.23.Offi-Gov_12_patch_3_4.jpg,B1,B2,0.6312
C:\Users\teflo\Desktop\Study\VLU\Comp vision\BT\Final\processed_data\test\B1\B1.23.Offi-Gov_14_patch_0_1.jpg,B1,A2,0.3695
C:\Users\teflo\Desktop\Study\VLU\Comp vision\BT\Final\processed_data\test\B1\B1.23.Offi-Gov_19_patch_0_4.jpg,B1,A2,0.3733
C:\Users\teflo\Desktop\Study\VLU\Comp vision\BT\Final\processed_data\test\B1\B1.23.Offi-Gov_20_patch_0_3.jpg,B1,A2,0.7885
C:\Users\teflo\Desktop\Study\VLU\Comp vision\BT\Final\processed_data\test\B1\B1.23.Offi-Gov_21_patch_0_4.jpg,B1,A2,0.4547
C:\Users\teflo\Desktop\Study\VLU\Comp vision\BT\Final\processed_data\test\B1\B1.23.Offi-Gov_22_patch_0_5.jpg,B1,A1,0.4936
C:\Users\teflo\Desktop\Study\VLU\Comp vision\BT\Final\processed_data\test\B1\B1.23.Offi-Gov_23_patch_1_0.jpg,B1,A2,0.4422
C:\Users\teflo\Desktop\Study\VLU\Comp vision\BT\Final\processed_data\test\B1\B1.23.Offi-Gov_24_patch_1_0.jpg,B1,B2,0.3801
C:\Users\teflo\Desktop\Study\VLU\Comp vision\BT\Final\processed_data\test\B1\B1.23.Offi-Gov_25_patch_1_1.jpg,B1,A2,0.4418
C:\Users\teflo\Desktop\Study\VLU\Comp vision\BT\Final\processed_data\test\B1\B1.23.Offi-Gov_26_patch_1_0.jpg,B1,A2,0.5772
C:\Users\teflo\Desktop\Study\VLU\Comp vision\BT\Final\processed_data\test\B1\B1.23.Offi-Gov_29_patch_1_1.jpg,B1,A2,0.4083
C:\Users\teflo\Desktop\Study\VLU\Comp vision\BT\Final\processed_data\test\B1\B1.24.Rex-Hot_02_patch_1_1.jpg,B1,A2,0.4691
C:\Users\teflo\Desktop\Study\VLU\Comp vision\BT\Final\processed_data\test\B1\B1.24.Rex-Hot_03_patch_2_0.jpg,B1,A2,0.5071
C:\Users\teflo\Desktop\Study\VLU\Comp vision\BT\Final\processed_data\test\B1\B1.24.Rex-Hot_04_patch_2_0.jpg,B1,A2,0.7993
C:\Users\teflo\Desktop\Study\VLU\Comp vision\BT\Final\processed_data\test\B1\B1.24.Rex-Hot_06_patch_2_0.jpg,B1,A2,0.4316
C:\Users\teflo\Desktop\Study\VLU\Comp vision\BT\Final\processed_data\test\B1\B1.24.Rex-Hot_07_patch_1_4.jpg,B1,B2,0.3776
C:\Users\teflo\Desktop\Study\VLU\Comp vision\BT\Final\processed_data\test\B1\B1.24.Rex-Hot_08_patch_2_0.jpg,B1,A2,0.3213
C:\Users\teflo\Desktop\Study\VLU\Comp vision\BT\Final\processed_data\test\B1\B1.24.Rex-Hot_09_patch_2_0.jpg,B1,A2,0.4131
C:\Users\teflo\Desktop\Study\VLU\Comp vision\BT\Final\processed_data\test\B1\B1.24.Rex-Hot_10_patch_1_5.jpg,B1,A2,0.5277
C:\Users\teflo\Desktop\Study\VLU\Comp vision\BT\Final\processed_data\test\B1\B1.24.Rex-Hot_11_patch_1_3.jpg,B1,A2,0.4898
C:\Users\teflo\Desktop\Study\VLU\Comp vision\BT\Final\processed_data\test\B1\B1.24.Rex-Hot_12_patch_1_2.jpg,B1,A1,0.4038
C:\Users\teflo\Desktop\Study\VLU\Comp vision\BT\Final\processed_data\test\B1\B1.24.Rex-Hot_13_patch_1_5.jpg,B1,A2,0.4654
C:\Users\teflo\Desktop\Study\VLU\Comp vision\BT\Final\processed_data\test\B1\B1.24.Rex-Hot_15_patch_1_5.jpg,B1,A2,0.5511
C:\Users\teflo\Desktop\Study\VLU\Comp vision\BT\Final\processed_data\test\B1\B1.24.Rex-Hot_17_patch_1_3.jpg,B1,A2,0.5036
C:\Users\teflo\Desktop\Study\VLU\Comp vision\BT\Final\processed_data\test\B1\B1.24.Rex-Hot_18_patch_2_2.jpg,B1,A2,0.3693
C:\Users\teflo\Desktop\Study\VLU\Comp vision\BT\Final\processed_data\test\B1\B1.24.Rex-Hot_19_patch_2_3.jpg,B1,A2,0.4545
C:\Users\teflo\Desktop\Study\VLU\Comp vision\BT\Final\processed_data\test\B1\B1.24.Rex-Hot_22_patch_3_0.jpg,B1,B2,0.6114
C:\Users\teflo\Desktop\Study\VLU\Comp vision\BT\Final\processed_data\test\B1\B1.24.Rex-Hot_23_patch_3_0.jpg,B1,B2,0.3726
C:\Users\teflo\Desktop\Study\VLU\Comp vision\BT\Final\processed_data\test\B1\B1.24.Rex-Hot_24_patch_2_5.jpg,B1,A2,0.6321
C:\Users\teflo\Desktop\Study\VLU\Comp vision\BT\Final\processed_data\test\B1\B1.24.Rex-Hot_25_patch_2_4.jpg,B1,A1,0.6091
C:\Users\teflo\Desktop\Study\VLU\Comp vision\BT\Final\processed_data\test\B1\B1.24.Rex-Hot_28_patch_3_2.jpg,B1,A2,0.6159
C:\Users\teflo\Desktop\Study\VLU\Comp vision\BT\Final\processed_data\test\B1\B1.24.Rex-Hot_31_patch_0_1.jpg,B1,A1,0.4968
C:\Users\teflo\Desktop\Study\VLU\Comp vision\BT\Final\processed_data\test\B1\B1.24.Rex-Hot_32_patch_3_4.jpg,B1,A2,0.502
C:\Users\teflo\Desktop\Study\VLU\Comp vision\BT\Final\processed_data\test\B1\B1.24.Rex-Hot_34_patch_1_1.jpg,B1,B2,0.5963
C:\Users\teflo\Desktop\Study\VLU\Comp vision\BT\Final\processed_data\test\B1\B1.24.Rex-Hot_35_patch_1_2.jpg,B1,A2,0.5394
C:\Users\teflo\Desktop\Study\VLU\Comp vision\BT\Final\processed_data\test\B1\B1.24.Rex-Hot_36_patch_2_0.jpg,B1,B2,0.5103
C:\Users\teflo\Desktop\Study\VLU\Comp vision\BT\Final\processed_data\test\B1\B1.28.VB-Bui_01_patch_1_4.jpg,B1,B2,0.4897
C:\Users\teflo\Desktop\Study\VLU\Comp vision\BT\Final\processed_data\test\B1\B1.28.VB-Bui_02_patch_1_3.jpg,B1,B2,0.4206
C:\Users\teflo\Desktop\Study\VLU\Comp vision\BT\Final\processed_data\test\B1\B1.28.VB-Bui_03_patch_1_3.jpg,B1,B2,0.4399
C:\Users\teflo\Desktop\Study\VLU\Comp vision\BT\Final\processed_data\test\B1\B1.28.VB-Bui_04_patch_1_2.jpg,B1,A2,0.4128
C:\Users\teflo\Desktop\Study\VLU\Comp vision\BT\Final\processed_data\test\B1\B1.28.VB-Bui_05_patch_1_1.jpg,B1,A2,0.3706
C:\Users\teflo\Desktop\Study\VLU\Comp vision\BT\Final\processed_data\test\B1\B1.28.VB-Bui_06_patch_0_5.jpg,B1,A2,0.4085
C:\Users\teflo\Desktop\Study\VLU\Comp vision\BT\Final\processed_data\test\B1\B1.28.VB-Bui_07_patch_0_4.jpg,B1,A2,0.7183
C:\Users\teflo\Desktop\Study\VLU\Comp vision\BT\Final\processed_data\test\B1\B1.28.VB-Bui_08_patch_1_1.jpg,B1,B2,0.6154
C:\Users\teflo\Desktop\Study\VLU\Comp vision\BT\Final\processed_data\test\B1\B1.28.VB-Bui_09_patch_1_2.jpg,B1,B2,0.4264
C:\Users\teflo\Desktop\Study\VLU\Comp vision\BT\Final\processed_data\test\B1\B1.28.VB-Bui_10_patch_1_2.jpg,B1,B2,0.38
C:\Users\teflo\Desktop\Study\VLU\Comp vision\BT\Final\processed_data\test\B1\B1.28.VB-Bui_14_patch_0_5.jpg,B1,B2,0.4681
C:\Users\teflo\Desktop\Study\VLU\Comp vision\BT\Final\processed_data\test\B1\B1.28.VB-Bui_15_patch_0_4.jpg,B1,B2,0.5997
C:\Users\teflo\Desktop\Study\VLU\Comp vision\BT\Final\processed_data\test\B1\B1.28.VB-Bui_16_patch_0_3.jpg,B1,B2,0.6325
C:\Users\teflo\Desktop\Study\VLU\Comp vision\BT\Final\processed_data\test\B1\DSC00060_patch_0_2.jpg,B1,B2,0.4585
C:\Users\teflo\Desktop\Study\VLU\Comp vision\BT\Final\processed_data\test\B1\DSC00061_patch_0_0.jpg,B1,B2,0.4407
C:\Users\teflo\Desktop\Study\VLU\Comp vision\BT\Final\processed_data\test\B1\DSC00062_patch_0_1.jpg,B1,B2,0.4502
C:\Users\teflo\Desktop\Study\VLU\Comp vision\BT\Final\processed_data\test\B1\DSC00063_patch_0_2.jpg,B1,A2,0.4629
C:\Users\teflo\Desktop\Study\VLU\Comp vision\BT\Final\processed_data\test\B1\DSC00064_patch_0_2.jpg,B1,B2,0.4869
C:\Users\teflo\Desktop\Study\VLU\Comp vision\BT\Final\processed_data\test\B1\DSC00065_patch_0_2.jpg,B1,B2,0.6013
C:\Users\teflo\Desktop\Study\VLU\Comp vision\BT\Final\processed_data\test\B1\DSC00066_patch_0_4.jpg,B1,A2,0.754
C:\Users\teflo\Desktop\Study\VLU\Comp vision\BT\Final\processed_data\test\B1\DSC00067_patch_0_3.jpg,B1,B2,0.4087
C:\Users\teflo\Desktop\Study\VLU\Comp vision\BT\Final\processed_data\test\B1\DSC00068_patch_0_3.jpg,B1,B2,0.5375
C:\Users\teflo\Desktop\Study\VLU\Comp vision\BT\Final\processed_data\test\B1\DSC00069_patch_0_2.jpg,B1,B2,0.4367
C:\Users\teflo\Desktop\Study\VLU\Comp vision\BT\Final\processed_data\test\B1\DSC00071_patch_0_3.jpg,B1,A2,0.5445
C:\Users\teflo\Desktop\Study\VLU\Comp vision\BT\Final\processed_data\test\B1\DSC00144_patch_0_2.jpg,B1,A2,0.6542
C:\Users\teflo\Desktop\Study\VLU\Comp vision\BT\Final\processed_data\test\B1\DSC00145_patch_0_1.jpg,B1,A2,0.3733
C:\Users\teflo\Desktop\Study\VLU\Comp vision\BT\Final\processed_data\test\B1\DSC00146_patch_0_5.jpg,B1,B2,0.4363
C:\Users\teflo\Desktop\Study\VLU\Comp vision\BT\Final\processed_data\test\B1\DSC00147_patch_0_3.jpg,B1,B2,0.4523
C:\Users\teflo\Desktop\Study\VLU\Comp vision\BT\Final\processed_data\test\B1\DSC00148_patch_0_2.jpg,B1,A2,0.4485
C:\Users\teflo\Desktop\Study\VLU\Comp vision\BT\Final\processed_data\test\B1\DSC00149_patch_1_0.jpg,B1,B2,0.4674
C:\Users\teflo\Desktop\Study\VLU\Comp vision\BT\Final\processed_data\test\B1\DSC00150_patch_2_1.jpg,B1,B2,0.6438
C:\Users\teflo\Desktop\Study\VLU\Comp vision\BT\Final\processed_data\test\B1\DSC00151_patch_2_0.jpg,B1,A1,0.3894
C:\Users\teflo\Desktop\Study\VLU\Comp vision\BT\Final\processed_data\test\B1\DSC00152_patch_2_2.jpg,B1,B2,0.5322
C:\Users\teflo\Desktop\Study\VLU\Comp vision\BT\Final\processed_data\test\B1\DSC00153_patch_2_1.jpg,B1,B2,0.414
C:\Users\teflo\Desktop\Study\VLU\Comp vision\BT\Final\processed_data\test\B1\DSC00154_patch_2_0.jpg,B1,A2,0.3459
C:\Users\teflo\Desktop\Study\VLU\Comp vision\BT\Final\processed_data\test\B1\DSC00155_patch_1_4.jpg,B1,B2,0.3666
C:\Users\teflo\Desktop\Study\VLU\Comp vision\BT\Final\processed_data\test\B1\DSC00156_patch_2_2.jpg,B1,B2,0.6937
C:\Users\teflo\Desktop\Study\VLU\Comp vision\BT\Final\processed_data\test\B1\DSC00157_patch_2_1.jpg,B1,B2,0.3016
C:\Users\teflo\Desktop\Study\VLU\Comp vision\BT\Final\processed_data\test\B1\DSC00158_patch_2_0.jpg,B1,A2,0.4109
C:\Users\teflo\Desktop\Study\VLU\Comp vision\BT\Final\processed_data\test\B1\DSC04596_patch_1_5.jpg,B1,B2,0.5134
C:\Users\teflo\Desktop\Study\VLU\Comp vision\BT\Final\processed_data\test\B1\DSC04597_patch_1_3.jpg,B1,B2,0.3141
C:\Users\teflo\Desktop\Study\VLU\Comp vision\BT\Final\processed_data\test\B1\DSC04598_patch_1_5.jpg,B1,B2,0.3098
C:\Users\teflo\Desktop\Study\VLU\Comp vision\BT\Final\processed_data\test\B1\DSC04600_patch_2_3.jpg,B1,B2,0.3899
C:\Users\teflo\Desktop\Study\VLU\Comp vision\BT\Final\processed_data\test\B1\DSC04601_patch_2_2.jpg,B1,A1,0.443
C:\Users\teflo\Desktop\Study\VLU\Comp vision\BT\Final\processed_data\test\B1\DSC04602_patch_2_1.jpg,B1,B2,0.2869
C:\Users\teflo\Desktop\Study\VLU\Comp vision\BT\Final\processed_data\test\B1\DSC04603_patch_2_0.jpg,B1,B2,0.3103
C:\Users\teflo\Desktop\Study\VLU\Comp vision\BT\Final\processed_data\test\B1\DSC04604_patch_1_5.jpg,B1,A1,0.6409
C:\Users\teflo\Desktop\Study\VLU\Comp vision\BT\Final\processed_data\test\B1\DSC04607_patch_1_4.jpg,B1,A1,0.4215
C:\Users\teflo\Desktop\Study\VLU\Comp vision\BT\Final\processed_data\test\B1\DSC04608_patch_1_2.jpg,B1,A2,0.3227
C:\Users\teflo\Desktop\Study\VLU\Comp vision\BT\Final\processed_data\test\B1\DSC04616_patch_1_1.jpg,B1,B2,0.7794
C:\Users\teflo\Desktop\Study\VLU\Comp vision\BT\Final\processed_data\test\B1\DSC04618_patch_1_2.jpg,B1,A2,0.5435
C:\Users\teflo\Desktop\Study\VLU\Comp vision\BT\Final\processed_data\test\B1\DSC04619_patch_2_2.jpg,B1,A2,0.4877
C:\Users\teflo\Desktop\Study\VLU\Comp vision\BT\Final\processed_data\test\B1\DSC04620_patch_3_0.jpg,B1,A2,0.859
C:\Users\teflo\Desktop\Study\VLU\Comp vision\BT\Final\processed_data\test\B1\DSC04622_patch_2_5.jpg,B1,B2,0.4477
C:\Users\teflo\Desktop\Study\VLU\Comp vision\BT\Final\processed_data\test\B1\DSC04624_patch_2_4.jpg,B1,A2,0.4598
C:\Users\teflo\Desktop\Study\VLU\Comp vision\BT\Final\processed_data\test\B1\DSC04625_patch_2_4.jpg,B1,A2,0.7413
C:\Users\teflo\Desktop\Study\VLU\Comp vision\BT\Final\processed_data\test\B1\DSC04626_patch_2_5.jpg,B1,A2,0.8311
C:\Users\teflo\Desktop\Study\VLU\Comp vision\BT\Final\processed_data\test\B1\DSC04628_patch_2_2.jpg,B1,A1,0.4893
C:\Users\teflo\Desktop\Study\VLU\Comp vision\BT\Final\processed_data\test\B1\DSC04629_patch_2_1.jpg,B1,B2,0.4825
C:\Users\teflo\Desktop\Study\VLU\Comp vision\BT\Final\processed_data\test\B1\DSC04632_patch_2_0.jpg,B1,A2,0.6406
C:\Users\teflo\Desktop\Study\VLU\Comp vision\BT\Final\processed_data\test\B1\DSC04633_patch_2_2.jpg,B1,A2,0.3787
C:\Users\teflo\Desktop\Study\VLU\Comp vision\BT\Final\processed_data\test\B1\DSC04634_patch_2_2.jpg,B1,B2,0.3825
C:\Users\teflo\Desktop\Study\VLU\Comp vision\BT\Final\processed_data\test\B1\DSC04635_patch_2_1.jpg,B1,B2,0.4777
C:\Users\teflo\Desktop\Study\VLU\Comp vision\BT\Final\processed_data\test\B1\DSC04636_patch_2_2.jpg,B1,B2,0.3063
C:\Users\teflo\Desktop\Study\VLU\Comp vision\BT\Final\processed_data\test\B1\DSC04637_patch_2_2.jpg,B1,B2,0.4499
C:\Users\teflo\Desktop\Study\VLU\Comp vision\BT\Final\processed_data\test\B1\DSC04638_patch_2_1.jpg,B1,A1,0.689
C:\Users\teflo\Desktop\Study\VLU\Comp vision\BT\Final\processed_data\test\B1\DSC04639_patch_1_5.jpg,B1,A2,0.3955
C:\Users\teflo\Desktop\Study\VLU\Comp vision\BT\Final\processed_data\test\B1\DSC04659_patch_1_5.jpg,B1,A2,0.4286
C:\Users\teflo\Desktop\Study\VLU\Comp vision\BT\Final\processed_data\test\B1\DSC04660_patch_1_4.jpg,B1,A2,0.5248
C:\Users\teflo\Desktop\Study\VLU\Comp vision\BT\Final\processed_data\test\B1\DSC04661_patch_1_3.jpg,B1,A2,0.5759
C:\Users\teflo\Desktop\Study\VLU\Comp vision\BT\Final\processed_data\test\B1\DSC04662_patch_1_2.jpg,B1,B2,0.5082
C:\Users\teflo\Desktop\Study\VLU\Comp vision\BT\Final\processed_data\test\B1\DSC04663_patch_1_0.jpg,B1,A1,0.3442
C:\Users\teflo\Desktop\Study\VLU\Comp vision\BT\Final\processed_data\test\B1\DSC04664_patch_0_5.jpg,B1,B2,0.4177
C:\Users\teflo\Desktop\Study\VLU\Comp vision\BT\Final\processed_data\test\B1\DSC04665_patch_0_4.jpg,B1,B2,0.3559
C:\Users\teflo\Desktop\Study\VLU\Comp vision\BT\Final\processed_data\test\B1\DSC04666_patch_0_3.jpg,B1,B2,0.4225
C:\Users\teflo\Desktop\Study\VLU\Comp vision\BT\Final\processed_data\test\B1\DSC04670_patch_0_1.jpg,B1,A1,0.5216
C:\Users\teflo\Desktop\Study\VLU\Comp vision\BT\Final\processed_data\test\B1\DSC04672_patch_0_0.jpg,B1,A1,0.5089
C:\Users\teflo\Desktop\Study\VLU\Comp vision\BT\Final\processed_data\test\B1\DSC04672_patch_3_5.jpg,B1,A2,0.3536
C:\Users\teflo\Desktop\Study\VLU\Comp vision\BT\Final\processed_data\test\B1\DSC04673_patch_3_4.jpg,B1,B2,0.3822
C:\Users\teflo\Desktop\Study\VLU\Comp vision\BT\Final\processed_data\test\B1\DSC04681_patch_3_0.jpg,B1,A2,0.4552
C:\Users\teflo\Desktop\Study\VLU\Comp vision\BT\Final\processed_data\test\B1\DSC04682_patch_2_5.jpg,B1,A2,0.4322
C:\Users\teflo\Desktop\Study\VLU\Comp vision\BT\Final\processed_data\test\B1\DSC04683_patch_2_3.jpg,B1,B2,0.616
C:\Users\teflo\Desktop\Study\VLU\Comp vision\BT\Final\processed_data\test\B1\DSC04685_patch_2_2.jpg,B1,A2,0.478
C:\Users\teflo\Desktop\Study\VLU\Comp vision\BT\Final\processed_data\test\B1\DSC04686_patch_2_1.jpg,B1,A2,0.4138
C:\Users\teflo\Desktop\Study\VLU\Comp vision\BT\Final\processed_data\test\B1\DSC04688_patch_2_0.jpg,B1,A2,0.6528
C:\Users\teflo\Desktop\Study\VLU\Comp vision\BT\Final\processed_data\test\B1\DSC04689_patch_1_5.jpg,B1,B2,0.5343
C:\Users\teflo\Desktop\Study\VLU\Comp vision\BT\Final\processed_data\test\B1\DSC04690_patch_1_4.jpg,B1,A2,0.4087
C:\Users\teflo\Desktop\Study\VLU\Comp vision\BT\Final\processed_data\test\B1\DSC04692_patch_1_4.jpg,B1,A1,0.5148
C:\Users\teflo\Desktop\Study\VLU\Comp vision\BT\Final\processed_data\test\B1\DSC04693_patch_1_3.jpg,B1,A2,0.3452
C:\Users\teflo\Desktop\Study\VLU\Comp vision\BT\Final\processed_data\test\B1\DSC04694_patch_1_2.jpg,B1,A1,0.5465
C:\Users\teflo\Desktop\Study\VLU\Comp vision\BT\Final\processed_data\test\B1\DSC04697_patch_1_0.jpg,B1,A1,0.3242
C:\Users\teflo\Desktop\Study\VLU\Comp vision\BT\Final\processed_data\test\B1\DSC04698_patch_1_5.jpg,B1,A1,0.4954
C:\Users\teflo\Desktop\Study\VLU\Comp vision\BT\Final\processed_data\test\B1\DSC04699_patch_2_4.jpg,B1,A2,0.6336
C:\Users\teflo\Desktop\Study\VLU\Comp vision\BT\Final\processed_data\test\B1\DSC04700_patch_2_4.jpg,B1,A2,0.7116
C:\Users\teflo\Desktop\Study\VLU\Comp vision\BT\Final\processed_data\test\B1\DSC04701_patch_2_3.jpg,B1,A2,0.4597
C:\Users\teflo\Desktop\Study\VLU\Comp vision\BT\Final\processed_data\test\B1\DSC04702_patch_2_2.jpg,B1,A2,0.5473
C:\Users\teflo\Desktop\Study\VLU\Comp vision\BT\Final\processed_data\test\B1\DSC04703_patch_2_1.jpg,B1,A1,0.5523
C:\Users\teflo\Desktop\Study\VLU\Comp vision\BT\Final\processed_data\test\B1\DSC04704_patch_2_1.jpg,B1,A1,0.4296
C:\Users\teflo\Desktop\Study\VLU\Comp vision\BT\Final\processed_data\test\B1\DSC04705_patch_1_5.jpg,B1,B2,0.3609
C:\Users\teflo\Desktop\Study\VLU\Comp vision\BT\Final\processed_data\test\B1\DSC04706_patch_1_5.jpg,B1,A2,0.7997
C:\Users\teflo\Desktop\Study\VLU\Comp vision\BT\Final\processed_data\test\B1\DSC04707_patch_1_5.jpg,B1,A2,0.9528
C:\Users\teflo\Desktop\Study\VLU\Comp vision\BT\Final\processed_data\test\B1\DSC04708_patch_1_5.jpg,B1,B2,0.3232
C:\Users\teflo\Desktop\Study\VLU\Comp vision\BT\Final\processed_data\test\B1\DSC04710_patch_1_4.jpg,B1,A2,0.6918
C:\Users\teflo\Desktop\Study\VLU\Comp vision\BT\Final\processed_data\test\B1\DSC04711_patch_2_0.jpg,B1,A2,0.6413
C:\Users\teflo\Desktop\Study\VLU\Comp vision\BT\Final\processed_data\test\B1\DSC04712_patch_2_3.jpg,B1,A2,0.8814
C:\Users\teflo\Desktop\Study\VLU\Comp vision\BT\Final\processed_data\test\B1\DSC04713_patch_2_5.jpg,B1,A2,0.5097
C:\Users\teflo\Desktop\Study\VLU\Comp vision\BT\Final\processed_data\test\B1\DSC04714_patch_3_2.jpg,B1,A2,0.4427
C:\Users\teflo\Desktop\Study\VLU\Comp vision\BT\Final\processed_data\test\B1\DSC04716_patch_0_3.jpg,B1,B2,0.6241
C:\Users\teflo\Desktop\Study\VLU\Comp vision\BT\Final\processed_data\test\B1\DSC04717_patch_1_5.jpg,B1,B2,0.3244
C:\Users\teflo\Desktop\Study\VLU\Comp vision\BT\Final\processed_data\test\B1\DSC04718_patch_2_0.jpg,B1,A2,0.4577
C:\Users\teflo\Desktop\Study\VLU\Comp vision\BT\Final\processed_data\test\B1\DSC04751_patch_1_5.jpg,B1,B2,0.5505
C:\Users\teflo\Desktop\Study\VLU\Comp vision\BT\Final\processed_data\test\B1\DSC04752_patch_1_4.jpg,B1,A1,0.4182
C:\Users\teflo\Desktop\Study\VLU\Comp vision\BT\Final\processed_data\test\B1\DSC04753_patch_1_3.jpg,B1,A1,0.4388
C:\Users\teflo\Desktop\Study\VLU\Comp vision\BT\Final\processed_data\test\B1\DSC04754_patch_1_2.jpg,B1,B2,0.5129
C:\Users\teflo\Desktop\Study\VLU\Comp vision\BT\Final\processed_data\test\B1\DSC04755_patch_1_1.jpg,B1,B2,0.479
C:\Users\teflo\Desktop\Study\VLU\Comp vision\BT\Final\processed_data\test\B1\DSC04793_patch_0_4.jpg,B1,B2,0.5667
C:\Users\teflo\Desktop\Study\VLU\Comp vision\BT\Final\processed_data\test\B1\DSC04794_patch_0_3.jpg,B1,B2,0.3233
C:\Users\teflo\Desktop\Study\VLU\Comp vision\BT\Final\processed_data\test\B1\DSC04795_patch_0_2.jpg,B1,A2,0.4224
C:\Users\teflo\Desktop\Study\VLU\Comp vision\BT\Final\processed_data\test\B1\DSC04796_patch_0_0.jpg,B1,A2,0.6728
C:\Users\teflo\Desktop\Study\VLU\Comp vision\BT\Final\processed_data\test\B1\DSC04798_patch_0_0.jpg,B1,A2,0.4312
C:\Users\teflo\Desktop\Study\VLU\Comp vision\BT\Final\processed_data\test\B1\DSC04798_patch_3_5.jpg,B1,A1,0.3745
C:\Users\teflo\Desktop\Study\VLU\Comp vision\BT\Final\processed_data\test\B1\DSC04799_patch_3_5.jpg,B1,B2,0.4683
C:\Users\teflo\Desktop\Study\VLU\Comp vision\BT\Final\processed_data\test\B1\DSC04801_patch_3_4.jpg,B1,A1,0.3682
C:\Users\teflo\Desktop\Study\VLU\Comp vision\BT\Final\processed_data\test\B1\DSC04838_patch_3_3.jpg,B1,A2,0.6156
C:\Users\teflo\Desktop\Study\VLU\Comp vision\BT\Final\processed_data\test\B1\DSC04839_patch_3_3.jpg,B1,A2,0.5695
C:\Users\teflo\Desktop\Study\VLU\Comp vision\BT\Final\processed_data\test\B1\DSC04840_patch_3_2.jpg,B1,A2,0.4517
C:\Users\teflo\Desktop\Study\VLU\Comp vision\BT\Final\processed_data\test\B1\DSC04841_patch_3_0.jpg,B1,A1,0.4272
C:\Users\teflo\Desktop\Study\VLU\Comp vision\BT\Final\processed_data\test\B1\DSC04842_patch_2_5.jpg,B1,A2,0.2903
C:\Users\teflo\Desktop\Study\VLU\Comp vision\BT\Final\processed_data\test\B1\DSC04843_patch_2_5.jpg,B1,A1,0.3101
C:\Users\teflo\Desktop\Study\VLU\Comp vision\BT\Final\processed_data\test\B1\DSC04851_patch_2_4.jpg,B1,A2,0.4074
C:\Users\teflo\Desktop\Study\VLU\Comp vision\BT\Final\processed_data\test\B1\DSC04852_patch_2_2.jpg,B1,B2,0.4604
C:\Users\teflo\Desktop\Study\VLU\Comp vision\BT\Final\processed_data\test\B1\DSC04853_patch_2_1.jpg,B1,A2,0.3672
C:\Users\teflo\Desktop\Study\VLU\Comp vision\BT\Final\processed_data\test\B1\DSC04854_patch_2_0.jpg,B1,A2,0.3006
C:\Users\teflo\Desktop\Study\VLU\Comp vision\BT\Final\processed_data\test\B1\DSC04855_patch_1_5.jpg,B1,A2,0.4699
C:\Users\teflo\Desktop\Study\VLU\Comp vision\BT\Final\processed_data\test\B1\DSC04856_patch_1_3.jpg,B1,A2,0.3176
C:\Users\teflo\Desktop\Study\VLU\Comp vision\BT\Final\processed_data\test\B1\DSC04870_patch_1_2.jpg,B1,A1,0.5585
C:\Users\teflo\Desktop\Study\VLU\Comp vision\BT\Final\processed_data\test\B1\DSC04872_patch_1_0.jpg,B1,B2,0.4776
C:\Users\teflo\Desktop\Study\VLU\Comp vision\BT\Final\processed_data\test\B1\DSC04873_patch_0_5.jpg,B1,A1,0.5217
C:\Users\teflo\Desktop\Study\VLU\Comp vision\BT\Final\processed_data\test\B1\DSC04875_patch_0_3.jpg,B1,A2,0.5038
C:\Users\teflo\Desktop\Study\VLU\Comp vision\BT\Final\processed_data\test\B1\DSC04876_patch_0_2.jpg,B1,A2,0.562
C:\Users\teflo\Desktop\Study\VLU\Comp vision\BT\Final\processed_data\test\B1\DSC04877_patch_0_1.jpg,B1,A2,0.3922
C:\Users\teflo\Desktop\Study\VLU\Comp vision\BT\Final\processed_data\test\B1\DSC04878_patch_3_5.jpg,B1,A1,0.4114
C:\Users\teflo\Desktop\Study\VLU\Comp vision\BT\Final\processed_data\test\B1\DSC04879_patch_3_4.jpg,B1,A1,0.4201
C:\Users\teflo\Desktop\Study\VLU\Comp vision\BT\Final\processed_data\test\B1\DSC04881_patch_0_0.jpg,B1,B2,0.3241
C:\Users\teflo\Desktop\Study\VLU\Comp vision\BT\Final\processed_data\test\B1\DSC04881_patch_3_4.jpg,B1,B2,0.3622
C:\Users\teflo\Desktop\Study\VLU\Comp vision\BT\Final\processed_data\test\B1\DSC04885_patch_3_5.jpg,B1,B2,0.2888
C:\Users\teflo\Desktop\Study\VLU\Comp vision\BT\Final\processed_data\test\B1\DSC04887_patch_0_1.jpg,B1,B2,0.3545
C:\Users\teflo\Desktop\Study\VLU\Comp vision\BT\Final\processed_data\test\B1\DSC04888_patch_0_1.jpg,B1,B2,0.4511
C:\Users\teflo\Desktop\Study\VLU\Comp vision\BT\Final\processed_data\test\B1\DSC04965_patch_0_0.jpg,B1,B2,0.5234
C:\Users\teflo\Desktop\Study\VLU\Comp vision\BT\Final\processed_data\test\B1\DSC04967_patch_3_3.jpg,B1,B2,0.4253
C:\Users\teflo\Desktop\Study\VLU\Comp vision\BT\Final\processed_data\test\B1\DSC04968_patch_3_2.jpg,B1,A2,0.3959
C:\Users\teflo\Desktop\Study\VLU\Comp vision\BT\Final\processed_data\test\B1\DSC04969_patch_3_0.jpg,B1,B2,0.3655
C:\Users\teflo\Desktop\Study\VLU\Comp vision\BT\Final\processed_data\test\B1\DSC04972_patch_2_5.jpg,B1,B2,0.4492
C:\Users\teflo\Desktop\Study\VLU\Comp vision\BT\Final\processed_data\test\B1\DSC04974_patch_2_3.jpg,B1,A2,0.8748
C:\Users\teflo\Desktop\Study\VLU\Comp vision\BT\Final\processed_data\test\B1\DSC04977_patch_2_1.jpg,B1,A2,0.5591
C:\Users\teflo\Desktop\Study\VLU\Comp vision\BT\Final\processed_data\test\B1\DSC04978_patch_2_0.jpg,B1,A2,0.362
C:\Users\teflo\Desktop\Study\VLU\Comp vision\BT\Final\processed_data\test\B1\DSC04981_patch_1_5.jpg,B1,A2,0.6642
C:\Users\teflo\Desktop\Study\VLU\Comp vision\BT\Final\processed_data\test\B1\DSC04982_patch_1_4.jpg,B1,A1,0.5091
C:\Users\teflo\Desktop\Study\VLU\Comp vision\BT\Final\processed_data\test\B1\DSC04984_patch_1_2.jpg,B1,A2,0.3406
C:\Users\teflo\Desktop\Study\VLU\Comp vision\BT\Final\processed_data\test\B1\DSC04985_patch_1_1.jpg,B1,B2,0.6458
C:\Users\teflo\Desktop\Study\VLU\Comp vision\BT\Final\processed_data\test\B1\DSC04986_patch_1_0.jpg,B1,A2,0.3002
C:\Users\teflo\Desktop\Study\VLU\Comp vision\BT\Final\processed_data\test\B1\DSC05001_patch_0_5.jpg,B1,A1,0.332
C:\Users\teflo\Desktop\Study\VLU\Comp vision\BT\Final\processed_data\test\B1\DSC05002_patch_0_3.jpg,B1,B2,0.3651
C:\Users\teflo\Desktop\Study\VLU\Comp vision\BT\Final\processed_data\test\B1\DSC05003_patch_0_2.jpg,B1,A1,0.5295
C:\Users\teflo\Desktop\Study\VLU\Comp vision\BT\Final\processed_data\test\B1\DSC05005_patch_0_1.jpg,B1,B2,0.3747
C:\Users\teflo\Desktop\Study\VLU\Comp vision\BT\Final\processed_data\test\B2\DSC02087_patch_0_1.jpg,B2,B1,0.7803
C:\Users\teflo\Desktop\Study\VLU\Comp vision\BT\Final\processed_data\test\B2\DSC02088_patch_0_1.jpg,B2,B1,0.8013
C:\Users\teflo\Desktop\Study\VLU\Comp vision\BT\Final\processed_data\test\B2\DSC02090_patch_0_0.jpg,B2,B1,0.7955
C:\Users\teflo\Desktop\Study\VLU\Comp vision\BT\Final\processed_data\test\B2\DSC02090_patch_3_5.jpg,B2,B1,0.6004
C:\Users\teflo\Desktop\Study\VLU\Comp vision\BT\Final\processed_data\test\B2\DSC02092_patch_0_0.jpg,B2,A1,0.3802
C:\Users\teflo\Desktop\Study\VLU\Comp vision\BT\Final\processed_data\test\B2\DSC02094_patch_3_3.jpg,B2,B1,0.5925
C:\Users\teflo\Desktop\Study\VLU\Comp vision\BT\Final\processed_data\test\B2\DSC02096_patch_3_3.jpg,B2,A2,0.4288
C:\Users\teflo\Desktop\Study\VLU\Comp vision\BT\Final\processed_data\test\B2\DSC02098_patch_3_2.jpg,B2,A1,0.3565
C:\Users\teflo\Desktop\Study\VLU\Comp vision\BT\Final\processed_data\test\B2\DSC02099_patch_3_0.jpg,B2,B1,0.6786
C:\Users\teflo\Desktop\Study\VLU\Comp vision\BT\Final\processed_data\test\B2\DSC02100_patch_2_5.jpg,B2,B1,0.415
C:\Users\teflo\Desktop\Study\VLU\Comp vision\BT\Final\processed_data\test\B2\DSC02105_patch_3_0.jpg,B2,A2,0.3672
C:\Users\teflo\Desktop\Study\VLU\Comp vision\BT\Final\processed_data\test\B2\DSC02107_patch_0_3.jpg,B2,B1,0.4078
C:\Users\teflo\Desktop\Study\VLU\Comp vision\BT\Final\processed_data\test\B2\DSC02108_patch_2_3.jpg,B2,B1,0.7938
C:\Users\teflo\Desktop\Study\VLU\Comp vision\BT\Final\processed_data\test\B2\DSC02109_patch_3_4.jpg,B2,B1,0.5587
C:\Users\teflo\Desktop\Study\VLU\Comp vision\BT\Final\processed_data\test\B2\DSC02111_patch_0_0.jpg,B2,B1,0.487
C:\Users\teflo\Desktop\Study\VLU\Comp vision\BT\Final\processed_data\test\B2\DSC02112_patch_0_1.jpg,B2,A2,0.3587
C:\Users\teflo\Desktop\Study\VLU\Comp vision\BT\Final\processed_data\test\B2\DSC02113_patch_0_2.jpg,B2,B1,0.7433
C:\Users\teflo\Desktop\Study\VLU\Comp vision\BT\Final\processed_data\test\B2\DSC02114_patch_1_1.jpg,B2,B1,0.4311
C:\Users\teflo\Desktop\Study\VLU\Comp vision\BT\Final\processed_data\test\B2\DSC02115_patch_1_2.jpg,B2,B1,0.3244
C:\Users\teflo\Desktop\Study\VLU\Comp vision\BT\Final\processed_data\test\B2\DSC02116_patch_1_1.jpg,B2,B1,0.6167
C:\Users\teflo\Desktop\Study\VLU\Comp vision\BT\Final\processed_data\test\B2\DSC02117_patch_1_1.jpg,B2,B1,0.8989
C:\Users\teflo\Desktop\Study\VLU\Comp vision\BT\Final\processed_data\test\B2\DSC02119_patch_3_0.jpg,B2,B1,0.4349
C:\Users\teflo\Desktop\Study\VLU\Comp vision\BT\Final\processed_data\test\B2\DSC02120_patch_3_4.jpg,B2,A2,0.3666
C:\Users\teflo\Desktop\Study\VLU\Comp vision\BT\Final\processed_data\test\B2\DSC02123_patch_0_4.jpg,B2,B1,0.4557
C:\Users\teflo\Desktop\Study\VLU\Comp vision\BT\Final\processed_data\test\B2\DSC02124_patch_1_1.jpg,B2,A2,0.4442
C:\Users\teflo\Desktop\Study\VLU\Comp vision\BT\Final\processed_data\test\B2\DSC02125_patch_1_3.jpg,B2,A2,0.4666
C:\Users\teflo\Desktop\Study\VLU\Comp vision\BT\Final\processed_data\test\B2\DSC02129_patch_2_1.jpg,B2,B1,0.4459
C:\Users\teflo\Desktop\Study\VLU\Comp vision\BT\Final\processed_data\test\B2\DSC02132_patch_3_3.jpg,B2,A2,0.4812
C:\Users\teflo\Desktop\Study\VLU\Comp vision\BT\Final\processed_data\test\B2\DSC02137_patch_1_0.jpg,B2,A2,0.3995
C:\Users\teflo\Desktop\Study\VLU\Comp vision\BT\Final\processed_data\test\B2\DSC02138_patch_2_1.jpg,B2,A2,0.5786
C:\Users\teflo\Desktop\Study\VLU\Comp vision\BT\Final\processed_data\test\B2\DSC02139_patch_2_3.jpg,B2,B1,0.3316
C:\Users\teflo\Desktop\Study\VLU\Comp vision\BT\Final\processed_data\test\B2\DSC02142_patch_0_0.jpg,B2,A1,0.4276
C:\Users\teflo\Desktop\Study\VLU\Comp vision\BT\Final\processed_data\test\B2\DSC02142_patch_3_5.jpg,B2,A2,0.5232
C:\Users\teflo\Desktop\Study\VLU\Comp vision\BT\Final\processed_data\test\B2\DSC02144_patch_3_3.jpg,B2,B1,0.3505
C:\Users\teflo\Desktop\Study\VLU\Comp vision\BT\Final\processed_data\test\B2\DSC02151_patch_2_4.jpg,B2,B1,0.3417
C:\Users\teflo\Desktop\Study\VLU\Comp vision\BT\Final\processed_data\test\B2\DSC02152_patch_2_4.jpg,B2,B1,0.4179
C:\Users\teflo\Desktop\Study\VLU\Comp vision\BT\Final\processed_data\test\B2\DSC02155_patch_2_4.jpg,B2,A2,0.4384
C:\Users\teflo\Desktop\Study\VLU\Comp vision\BT\Final\processed_data\test\B2\DSC02156_patch_2_4.jpg,B2,A1,0.4514
C:\Users\teflo\Desktop\Study\VLU\Comp vision\BT\Final\processed_data\test\B2\DSC02157_patch_2_5.jpg,B2,A1,0.4101
C:\Users\teflo\Desktop\Study\VLU\Comp vision\BT\Final\processed_data\test\B2\DSC02170_patch_3_1.jpg,B2,B1,0.4748
C:\Users\teflo\Desktop\Study\VLU\Comp vision\BT\Final\processed_data\test\B2\DSC02174_patch_0_1.jpg,B2,A2,0.3081
C:\Users\teflo\Desktop\Study\VLU\Comp vision\BT\Final\processed_data\test\B2\DSC02178_patch_2_1.jpg,B2,A2,0.4674
C:\Users\teflo\Desktop\Study\VLU\Comp vision\BT\Final\processed_data\test\B2\DSC02180_patch_1_5.jpg,B2,B1,0.514
C:\Users\teflo\Desktop\Study\VLU\Comp vision\BT\Final\processed_data\test\B2\DSC02181_patch_2_1.jpg,B2,A2,0.6903
C:\Users\teflo\Desktop\Study\VLU\Comp vision\BT\Final\processed_data\test\B2\DSC02184_patch_0_3.jpg,B2,B1,0.4387
C:\Users\teflo\Desktop\Study\VLU\Comp vision\BT\Final\processed_data\test\B2\DSC02187_patch_2_1.jpg,B2,A2,0.5361
C:\Users\teflo\Desktop\Study\VLU\Comp vision\BT\Final\processed_data\test\B2\DSC02188_patch_3_0.jpg,B2,A2,0.5997
C:\Users\teflo\Desktop\Study\VLU\Comp vision\BT\Final\processed_data\test\B2\DSC02190_patch_0_0.jpg,B2,B1,0.4631
C:\Users\teflo\Desktop\Study\VLU\Comp vision\BT\Final\processed_data\test\B2\DSC02192_patch_0_0.jpg,B2,B1,0.4744
C:\Users\teflo\Desktop\Study\VLU\Comp vision\BT\Final\processed_data\test\B2\DSC02193_patch_3_4.jpg,B2,B1,0.3659
C:\Users\teflo\Desktop\Study\VLU\Comp vision\BT\Final\processed_data\test\B2\DSC02198_patch_3_2.jpg,B2,B1,0.4327
C:\Users\teflo\Desktop\Study\VLU\Comp vision\BT\Final\processed_data\test\B2\DSC02203_patch_3_0.jpg,B2,B1,0.4548
C:\Users\teflo\Desktop\Study\VLU\Comp vision\BT\Final\processed_data\test\B2\DSC02206_patch_2_5.jpg,B2,A2,0.5539
C:\Users\teflo\Desktop\Study\VLU\Comp vision\BT\Final\processed_data\test\B2\DSC02212_patch_3_1.jpg,B2,A1,0.2715
C:\Users\teflo\Desktop\Study\VLU\Comp vision\BT\Final\processed_data\test\B2\DSC02213_patch_2_5.jpg,B2,A2,0.3893
C:\Users\teflo\Desktop\Study\VLU\Comp vision\BT\Final\processed_data\test\B2\DSC02216_patch_2_1.jpg,B2,A1,0.3452
C:\Users\teflo\Desktop\Study\VLU\Comp vision\BT\Final\processed_data\test\B2\DSC02218_patch_1_3.jpg,B2,A2,0.3613
C:\Users\teflo\Desktop\Study\VLU\Comp vision\BT\Final\processed_data\test\B2\DSC02220_patch_1_2.jpg,B2,B1,0.5487
C:\Users\teflo\Desktop\Study\VLU\Comp vision\BT\Final\processed_data\test\B2\DSC02221_patch_1_0.jpg,B2,A2,0.4468
C:\Users\teflo\Desktop\Study\VLU\Comp vision\BT\Final\processed_data\test\B2\DSC02222_patch_0_4.jpg,B2,B1,0.3808
C:\Users\teflo\Desktop\Study\VLU\Comp vision\BT\Final\processed_data\test\B2\DSC02223_patch_0_2.jpg,B2,A2,0.274
C:\Users\teflo\Desktop\Study\VLU\Comp vision\BT\Final\processed_data\test\B2\DSC02224_patch_3_5.jpg,B2,A2,0.41
C:\Users\teflo\Desktop\Study\VLU\Comp vision\BT\Final\processed_data\test\B2\DSC02232_patch_3_3.jpg,B2,A2,0.3344
C:\Users\teflo\Desktop\Study\VLU\Comp vision\BT\Final\processed_data\test\B2\DSC02239_patch_3_3.jpg,B2,B1,0.4773
C:\Users\teflo\Desktop\Study\VLU\Comp vision\BT\Final\processed_data\test\B2\DSC02240_patch_3_4.jpg,B2,B1,0.4498
C:\Users\teflo\Desktop\Study\VLU\Comp vision\BT\Final\processed_data\test\B2\DSC02241_patch_3_4.jpg,B2,B1,0.3386
C:\Users\teflo\Desktop\Study\VLU\Comp vision\BT\Final\processed_data\test\B2\DSC02242_patch_3_4.jpg,B2,A1,0.4169
C:\Users\teflo\Desktop\Study\VLU\Comp vision\BT\Final\processed_data\test\B2\DSC02244_patch_1_2.jpg,B2,B1,0.4418
C:\Users\teflo\Desktop\Study\VLU\Comp vision\BT\Final\processed_data\test\B2\DSC02245_patch_3_1.jpg,B2,A2,0.3435
C:\Users\teflo\Desktop\Study\VLU\Comp vision\BT\Final\processed_data\test\B2\DSC02246_patch_3_3.jpg,B2,B1,0.4139
C:\Users\teflo\Desktop\Study\VLU\Comp vision\BT\Final\processed_data\test\B2\DSC02250_patch_0_2.jpg,B2,B1,0.6699
C:\Users\teflo\Desktop\Study\VLU\Comp vision\BT\Final\processed_data\test\B2\DSC02251_patch_0_0.jpg,B2,B1,0.4517
C:\Users\teflo\Desktop\Study\VLU\Comp vision\BT\Final\processed_data\test\B2\DSC02251_patch_3_5.jpg,B2,B1,0.4293
C:\Users\teflo\Desktop\Study\VLU\Comp vision\BT\Final\processed_data\test\B2\DSC02254_patch_3_1.jpg,B2,A2,0.5505
C:\Users\teflo\Desktop\Study\VLU\Comp vision\BT\Final\processed_data\test\B2\DSC02256_patch_3_1.jpg,B2,A2,0.5601
C:\Users\teflo\Desktop\Study\VLU\Comp vision\BT\Final\processed_data\test\B2\DSC02257_patch_3_0.jpg,B2,A2,0.5013
C:\Users\teflo\Desktop\Study\VLU\Comp vision\BT\Final\processed_data\test\B2\DSC02258_patch_2_4.jpg,B2,B1,0.5077
C:\Users\teflo\Desktop\Study\VLU\Comp vision\BT\Final\processed_data\test\B2\DSC02260_patch_2_3.jpg,B2,B1,0.5414
C:\Users\teflo\Desktop\Study\VLU\Comp vision\BT\Final\processed_data\test\B2\DSC02262_patch_3_2.jpg,B2,B1,0.5865
C:\Users\teflo\Desktop\Study\VLU\Comp vision\BT\Final\processed_data\test\B2\DSC02264_patch_0_1.jpg,B2,B1,0.6024
C:\Users\teflo\Desktop\Study\VLU\Comp vision\BT\Final\processed_data\test\B2\DSC02267_patch_0_0.jpg,B2,A2,0.3837
C:\Users\teflo\Desktop\Study\VLU\Comp vision\BT\Final\processed_data\test\B2\DSC02267_patch_3_5.jpg,B2,B1,0.5673
C:\Users\teflo\Desktop\Study\VLU\Comp vision\BT\Final\processed_data\test\B2\DSC02269_patch_0_0.jpg,B2,A2,0.3632
C:\Users\teflo\Desktop\Study\VLU\Comp vision\BT\Final\processed_data\test\B2\DSC02270_patch_3_4.jpg,B2,B1,0.6908
C:\Users\teflo\Desktop\Study\VLU\Comp vision\BT\Final\processed_data\test\B2\DSC02272_patch_0_0.jpg,B2,A2,0.3144
C:\Users\teflo\Desktop\Study\VLU\Comp vision\BT\Final\processed_data\test\B2\DSC02273_patch_0_2.jpg,B2,A2,0.6512
C:\Users\teflo\Desktop\Study\VLU\Comp vision\BT\Final\processed_data\test\B2\DSC02274_patch_0_3.jpg,B2,B1,0.6072
C:\Users\teflo\Desktop\Study\VLU\Comp vision\BT\Final\processed_data\test\B2\DSC02275_patch_0_5.jpg,B2,B1,0.5261
C:\Users\teflo\Desktop\Study\VLU\Comp vision\BT\Final\processed_data\test\B2\DSC02276_patch_2_2.jpg,B2,B1,0.5156
C:\Users\teflo\Desktop\Study\VLU\Comp vision\BT\Final\processed_data\test\B2\DSC02277_patch_2_5.jpg,B2,B1,0.4841
C:\Users\teflo\Desktop\Study\VLU\Comp vision\BT\Final\processed_data\test\B2\DSC02279_patch_2_3.jpg,B2,B1,0.6559
C:\Users\teflo\Desktop\Study\VLU\Comp vision\BT\Final\processed_data\test\B2\DSC02280_patch_2_3.jpg,B2,B1,0.5777
C:\Users\teflo\Desktop\Study\VLU\Comp vision\BT\Final\processed_data\test\B2\DSC02283_patch_3_1.jpg,B2,B1,0.6553
C:\Users\teflo\Desktop\Study\VLU\Comp vision\BT\Final\processed_data\test\B2\DSC02284_patch_3_3.jpg,B2,A2,0.5951
C:\Users\teflo\Desktop\Study\VLU\Comp vision\BT\Final\processed_data\test\B2\DSC02290_patch_0_0.jpg,B2,A1,0.4001
C:\Users\teflo\Desktop\Study\VLU\Comp vision\BT\Final\processed_data\test\B2\DSC02296_patch_0_0.jpg,B2,B1,0.6695
C:\Users\teflo\Desktop\Study\VLU\Comp vision\BT\Final\processed_data\test\B2\DSC02301_patch_1_0.jpg,B2,A2,0.5018
C:\Users\teflo\Desktop\Study\VLU\Comp vision\BT\Final\processed_data\test\B2\DSC02308_patch_0_2.jpg,B2,B1,0.4511
C:\Users\teflo\Desktop\Study\VLU\Comp vision\BT\Final\processed_data\test\B2\DSC02309_patch_0_0.jpg,B2,A2,0.5601
C:\Users\teflo\Desktop\Study\VLU\Comp vision\BT\Final\processed_data\test\B2\DSC02309_patch_3_4.jpg,B2,B1,0.5166
C:\Users\teflo\Desktop\Study\VLU\Comp vision\BT\Final\processed_data\test\B2\DSC02310_patch_3_4.jpg,B2,A2,0.2933
C:\Users\teflo\Desktop\Study\VLU\Comp vision\BT\Final\processed_data\test\B2\DSC02311_patch_3_4.jpg,B2,B1,0.4194
C:\Users\teflo\Desktop\Study\VLU\Comp vision\BT\Final\processed_data\test\B2\DSC03143_patch_3_3.jpg,B2,A2,0.5719
C:\Users\teflo\Desktop\Study\VLU\Comp vision\BT\Final\processed_data\test\B2\DSC03144_patch_3_1.jpg,B2,B1,0.4749
C:\Users\teflo\Desktop\Study\VLU\Comp vision\BT\Final\processed_data\test\B2\DSC03145_patch_2_5.jpg,B2,A1,0.37
C:\Users\teflo\Desktop\Study\VLU\Comp vision\BT\Final\processed_data\test\B2\DSC03146_patch_3_1.jpg,B2,A2,0.536
C:\Users\teflo\Desktop\Study\VLU\Comp vision\BT\Final\processed_data\test\B2\DSC03147_patch_3_1.jpg,B2,B1,0.6654
C:\Users\teflo\Desktop\Study\VLU\Comp vision\BT\Final\processed_data\test\B2\DSC03149_patch_3_3.jpg,B2,B1,0.657
C:\Users\teflo\Desktop\Study\VLU\Comp vision\BT\Final\processed_data\test\B2\DSC03152_patch_3_2.jpg,B2,B1,0.38
C:\Users\teflo\Desktop\Study\VLU\Comp vision\BT\Final\processed_data\test\B2\DSC03157_patch_2_5.jpg,B2,A1,0.4096
C:\Users\teflo\Desktop\Study\VLU\Comp vision\BT\Final\processed_data\test\B2\DSC03158_patch_2_4.jpg,B2,A2,0.3473
C:\Users\teflo\Desktop\Study\VLU\Comp vision\BT\Final\processed_data\test\B2\DSC03162_patch_3_2.jpg,B2,B1,0.4167
C:\Users\teflo\Desktop\Study\VLU\Comp vision\BT\Final\processed_data\test\B2\DSC03163_patch_3_0.jpg,B2,A2,0.5209
C:\Users\teflo\Desktop\Study\VLU\Comp vision\BT\Final\processed_data\test\B2\DSC03165_patch_2_5.jpg,B2,B1,0.4504
C:\Users\teflo\Desktop\Study\VLU\Comp vision\BT\Final\processed_data\test\B2\DSC03169_patch_2_3.jpg,B2,B1,0.7323
C:\Users\teflo\Desktop\Study\VLU\Comp vision\BT\Final\processed_data\test\B2\DSC03170_patch_2_1.jpg,B2,B1,0.6409
C:\Users\teflo\Desktop\Study\VLU\Comp vision\BT\Final\processed_data\test\B2\DSC03172_patch_1_4.jpg,B2,B1,0.7543
C:\Users\teflo\Desktop\Study\VLU\Comp vision\BT\Final\processed_data\test\B2\DSC03173_patch_1_2.jpg,B2,A2,0.3636
C:\Users\teflo\Desktop\Study\VLU\Comp vision\BT\Final\processed_data\test\B2\DSC03175_patch_1_4.jpg,B2,A1,0.4282
C:\Users\teflo\Desktop\Study\VLU\Comp vision\BT\Final\processed_data\test\B2\DSC03179_patch_2_3.jpg,B2,A2,0.4541
C:\Users\teflo\Desktop\Study\VLU\Comp vision\BT\Final\processed_data\test\B2\DSC03180_patch_2_5.jpg,B2,A1,0.4945
C:\Users\teflo\Desktop\Study\VLU\Comp vision\BT\Final\processed_data\test\B2\DSC03181_patch_2_4.jpg,B2,A1,0.3757
C:\Users\teflo\Desktop\Study\VLU\Comp vision\BT\Final\processed_data\test\B2\DSC03182_patch_2_3.jpg,B2,B1,0.3469
C:\Users\teflo\Desktop\Study\VLU\Comp vision\BT\Final\processed_data\test\B2\DSC03183_patch_2_3.jpg,B2,A2,0.671
C:\Users\teflo\Desktop\Study\VLU\Comp vision\BT\Final\processed_data\test\B2\DSC03187_patch_1_3.jpg,B2,B1,0.5516
C:\Users\teflo\Desktop\Study\VLU\Comp vision\BT\Final\processed_data\test\B2\DSC03203_patch_3_0.jpg,B2,A2,0.3463
C:\Users\teflo\Desktop\Study\VLU\Comp vision\BT\Final\processed_data\test\B2\DSC03208_patch_1_5.jpg,B2,A2,0.4118
C:\Users\teflo\Desktop\Study\VLU\Comp vision\BT\Final\processed_data\test\B2\DSC03210_patch_1_3.jpg,B2,A1,0.4715
C:\Users\teflo\Desktop\Study\VLU\Comp vision\BT\Final\processed_data\test\B2\DSC03214_patch_0_4.jpg,B2,A2,0.6026
C:\Users\teflo\Desktop\Study\VLU\Comp vision\BT\Final\processed_data\test\B2\DSC03215_patch_0_4.jpg,B2,A2,0.574
C:\Users\teflo\Desktop\Study\VLU\Comp vision\BT\Final\processed_data\test\B2\DSC03216_patch_1_0.jpg,B2,B1,0.3815
C:\Users\teflo\Desktop\Study\VLU\Comp vision\BT\Final\processed_data\test\B2\DSC03217_patch_1_2.jpg,B2,A2,0.3587
C:\Users\teflo\Desktop\Study\VLU\Comp vision\BT\Final\processed_data\test\B2\DSC03218_patch_2_0.jpg,B2,B1,0.5151
C:\Users\teflo\Desktop\Study\VLU\Comp vision\BT\Final\processed_data\test\B2\DSC03219_patch_2_2.jpg,B2,B1,0.5331
C:\Users\teflo\Desktop\Study\VLU\Comp vision\BT\Final\processed_data\test\B2\DSC03222_patch_2_2.jpg,B2,A2,0.5716
C:\Users\teflo\Desktop\Study\VLU\Comp vision\BT\Final\processed_data\test\B2\DSC03224_patch_2_0.jpg,B2,A2,0.7297
C:\Users\teflo\Desktop\Study\VLU\Comp vision\BT\Final\processed_data\test\B2\DSC03228_patch_1_4.jpg,B2,B1,0.3802
C:\Users\teflo\Desktop\Study\VLU\Comp vision\BT\Final\processed_data\test\B2\DSC03234_patch_0_4.jpg,B2,B1,0.5915
C:\Users\teflo\Desktop\Study\VLU\Comp vision\BT\Final\processed_data\test\B2\DSC03235_patch_0_2.jpg,B2,B1,0.5148
C:\Users\teflo\Desktop\Study\VLU\Comp vision\BT\Final\processed_data\test\B2\DSC03283_patch_0_0.jpg,B2,B1,0.4054
C:\Users\teflo\Desktop\Study\VLU\Comp vision\BT\Final\processed_data\test\B2\DSC03284_patch_0_0.jpg,B2,B1,0.4474
C:\Users\teflo\Desktop\Study\VLU\Comp vision\BT\Final\processed_data\test\B2\DSC03287_patch_0_1.jpg,B2,B1,0.4169
C:\Users\teflo\Desktop\Study\VLU\Comp vision\BT\Final\processed_data\test\B2\DSC03287_patch_3_5.jpg,B2,A1,0.3429
C:\Users\teflo\Desktop\Study\VLU\Comp vision\BT\Final\processed_data\test\B2\DSC03289_patch_0_1.jpg,B2,B1,0.4401
C:\Users\teflo\Desktop\Study\VLU\Comp vision\BT\Final\processed_data\test\B2\DSC03290_patch_0_1.jpg,B2,B1,0.7007
C:\Users\teflo\Desktop\Study\VLU\Comp vision\BT\Final\processed_data\test\B2\DSC03291_patch_0_2.jpg,B2,B1,0.3921
C:\Users\teflo\Desktop\Study\VLU\Comp vision\BT\Final\processed_data\test\B2\DSC03292_patch_0_2.jpg,B2,B1,0.4336
C:\Users\teflo\Desktop\Study\VLU\Comp vision\BT\Final\processed_data\test\B2\DSC03293_patch_0_1.jpg,B2,A2,0.4351
C:\Users\teflo\Desktop\Study\VLU\Comp vision\BT\Final\processed_data\test\B2\DSC03294_patch_0_1.jpg,B2,B1,0.7218
C:\Users\teflo\Desktop\Study\VLU\Comp vision\BT\Final\processed_data\test\B2\DSC03294_patch_3_5.jpg,B2,B1,0.4183
C:\Users\teflo\Desktop\Study\VLU\Comp vision\BT\Final\processed_data\test\B2\DSC03295_patch_3_3.jpg,B2,B1,0.7041
C:\Users\teflo\Desktop\Study\VLU\Comp vision\BT\Final\processed_data\test\B2\DSC03297_patch_3_2.jpg,B2,B1,0.6693
C:\Users\teflo\Desktop\Study\VLU\Comp vision\BT\Final\processed_data\test\B2\DSC03298_patch_3_0.jpg,B2,B1,0.4607
C:\Users\teflo\Desktop\Study\VLU\Comp vision\BT\Final\processed_data\test\B2\DSC03299_patch_2_4.jpg,B2,B1,0.7588
C:\Users\teflo\Desktop\Study\VLU\Comp vision\BT\Final\processed_data\test\B2\DSC03301_patch_2_1.jpg,B2,B1,0.5167
C:\Users\teflo\Desktop\Study\VLU\Comp vision\BT\Final\processed_data\test\B2\DSC03302_patch_1_5.jpg,B2,B1,0.8824
C:\Users\teflo\Desktop\Study\VLU\Comp vision\BT\Final\processed_data\test\B2\DSC03303_patch_1_4.jpg,B2,B1,0.8699
C:\Users\teflo\Desktop\Study\VLU\Comp vision\BT\Final\processed_data\test\B2\DSC03304_patch_1_2.jpg,B2,B1,0.4434
C:\Users\teflo\Desktop\Study\VLU\Comp vision\BT\Final\processed_data\test\B2\DSC03305_patch_1_0.jpg,B2,A2,0.3303
C:\Users\teflo\Desktop\Study\VLU\Comp vision\BT\Final\processed_data\test\B2\DSC03307_patch_0_3.jpg,B2,B1,0.4481
C:\Users\teflo\Desktop\Study\VLU\Comp vision\BT\Final\processed_data\test\B2\DSC03308_patch_0_1.jpg,B2,B1,0.4752
C:\Users\teflo\Desktop\Study\VLU\Comp vision\BT\Final\processed_data\test\B2\DSC03308_patch_3_5.jpg,B2,A1,0.4726
C:\Users\teflo\Desktop\Study\VLU\Comp vision\BT\Final\processed_data\test\B2\DSC03309_patch_3_3.jpg,B2,B1,0.4167
C:\Users\teflo\Desktop\Study\VLU\Comp vision\BT\Final\processed_data\test\B2\DSC03310_patch_3_2.jpg,B2,B1,0.4041
C:\Users\teflo\Desktop\Study\VLU\Comp vision\BT\Final\processed_data\test\B2\DSC03311_patch_3_0.jpg,B2,B1,0.657
C:\Users\teflo\Desktop\Study\VLU\Comp vision\BT\Final\processed_data\test\B2\DSC03313_patch_2_4.jpg,B2,B1,0.3886
C:\Users\teflo\Desktop\Study\VLU\Comp vision\BT\Final\processed_data\test\B2\DSC03315_patch_2_2.jpg,B2,B1,0.4255
C:\Users\teflo\Desktop\Study\VLU\Comp vision\BT\Final\processed_data\test\B2\DSC03316_patch_2_1.jpg,B2,B1,0.3864
C:\Users\teflo\Desktop\Study\VLU\Comp vision\BT\Final\processed_data\test\B2\DSC03317_patch_1_5.jpg,B2,B1,0.5045
C:\Users\teflo\Desktop\Study\VLU\Comp vision\BT\Final\processed_data\test\B2\DSC03318_patch_1_3.jpg,B2,B1,0.6987
C:\Users\teflo\Desktop\Study\VLU\Comp vision\BT\Final\processed_data\test\B2\DSC03319_patch_1_2.jpg,B2,B1,0.6087
C:\Users\teflo\Desktop\Study\VLU\Comp vision\BT\Final\processed_data\test\B2\DSC03320_patch_1_0.jpg,B2,B1,0.5609
C:\Users\teflo\Desktop\Study\VLU\Comp vision\BT\Final\processed_data\test\B2\DSC03321_patch_0_4.jpg,B2,B1,0.3433
C:\Users\teflo\Desktop\Study\VLU\Comp vision\BT\Final\processed_data\test\B2\DSC03322_patch_0_2.jpg,B2,B1,0.683
C:\Users\teflo\Desktop\Study\VLU\Comp vision\BT\Final\processed_data\test\B2\DSC03324_patch_0_2.jpg,B2,A1,0.3121
C:\Users\teflo\Desktop\Study\VLU\Comp vision\BT\Final\processed_data\test\B2\DSC03325_patch_0_0.jpg,B2,B1,0.5883
C:\Users\teflo\Desktop\Study\VLU\Comp vision\BT\Final\processed_data\test\B2\DSC03326_patch_3_2.jpg,B2,B1,0.5349
C:\Users\teflo\Desktop\Study\VLU\Comp vision\BT\Final\processed_data\test\B2\DSC03327_patch_3_1.jpg,B2,B1,0.7381
C:\Users\teflo\Desktop\Study\VLU\Comp vision\BT\Final\processed_data\test\B2\DSC03328_patch_2_5.jpg,B2,B1,0.5868
C:\Users\teflo\Desktop\Study\VLU\Comp vision\BT\Final\processed_data\test\B2\DSC03329_patch_2_4.jpg,B2,B1,0.5788
C:\Users\teflo\Desktop\Study\VLU\Comp vision\BT\Final\processed_data\test\B2\DSC03330_patch_2_4.jpg,B2,B1,0.5521
C:\Users\teflo\Desktop\Study\VLU\Comp vision\BT\Final\processed_data\test\B2\DSC03331_patch_2_2.jpg,B2,B1,0.6731
C:\Users\teflo\Desktop\Study\VLU\Comp vision\BT\Final\processed_data\test\B2\DSC03332_patch_2_0.jpg,B2,B1,0.5453
C:\Users\teflo\Desktop\Study\VLU\Comp vision\BT\Final\processed_data\test\B2\DSC03334_patch_1_4.jpg,B2,B1,0.493
C:\Users\teflo\Desktop\Study\VLU\Comp vision\BT\Final\processed_data\test\B2\DSC03336_patch_1_3.jpg,B2,B1,0.7572
C:\Users\teflo\Desktop\Study\VLU\Comp vision\BT\Final\processed_data\test\B2\DSC03337_patch_1_2.jpg,B2,B1,0.8562
C:\Users\teflo\Desktop\Study\VLU\Comp vision\BT\Final\processed_data\test\B2\DSC03338_patch_1_1.jpg,B2,B1,0.8075
C:\Users\teflo\Desktop\Study\VLU\Comp vision\BT\Final\processed_data\test\B2\DSC03341_patch_1_1.jpg,B2,B1,0.4838
C:\Users\teflo\Desktop\Study\VLU\Comp vision\BT\Final\processed_data\test\B2\DSC03342_patch_1_2.jpg,B2,B1,0.4756
C:\Users\teflo\Desktop\Study\VLU\Comp vision\BT\Final\processed_data\test\B2\DSC03345_patch_1_3.jpg,B2,B1,0.7516
C:\Users\teflo\Desktop\Study\VLU\Comp vision\BT\Final\processed_data\test\B2\DSC03346_patch_1_1.jpg,B2,B1,0.6317
C:\Users\teflo\Desktop\Study\VLU\Comp vision\BT\Final\processed_data\test\B2\DSC03348_patch_1_0.jpg,B2,B1,0.4919
C:\Users\teflo\Desktop\Study\VLU\Comp vision\BT\Final\processed_data\test\B2\DSC03349_patch_0_4.jpg,B2,A2,0.491
C:\Users\teflo\Desktop\Study\VLU\Comp vision\BT\Final\processed_data\test\B2\DSC03350_patch_0_2.jpg,B2,B1,0.3153
C:\Users\teflo\Desktop\Study\VLU\Comp vision\BT\Final\processed_data\test\B2\DSC03351_patch_0_1.jpg,B2,B1,0.4799
C:\Users\teflo\Desktop\Study\VLU\Comp vision\BT\Final\processed_data\test\B2\DSC03351_patch_3_5.jpg,B2,B1,0.5381
C:\Users\teflo\Desktop\Study\VLU\Comp vision\BT\Final\processed_data\test\B2\DSC03352_patch_3_3.jpg,B2,B1,0.7667
C:\Users\teflo\Desktop\Study\VLU\Comp vision\BT\Final\processed_data\test\B2\DSC03353_patch_3_1.jpg,B2,B1,0.6358
C:\Users\teflo\Desktop\Study\VLU\Comp vision\BT\Final\processed_data\test\B2\DSC03354_patch_3_2.jpg,B2,B1,0.4943
C:\Users\teflo\Desktop\Study\VLU\Comp vision\BT\Final\processed_data\test\B2\DSC03357_patch_3_0.jpg,B2,B1,0.4021
C:\Users\teflo\Desktop\Study\VLU\Comp vision\BT\Final\processed_data\test\B2\DSC03358_patch_3_0.jpg,B2,B1,0.7746
C:\Users\teflo\Desktop\Study\VLU\Comp vision\BT\Final\processed_data\test\B2\DSC03359_patch_2_4.jpg,B2,A2,0.5882
C:\Users\teflo\Desktop\Study\VLU\Comp vision\BT\Final\processed_data\test\B2\DSC03360_patch_2_3.jpg,B2,B1,0.8411
C:\Users\teflo\Desktop\Study\VLU\Comp vision\BT\Final\processed_data\test\B2\DSC03361_patch_2_1.jpg,B2,B1,0.7536
C:\Users\teflo\Desktop\Study\VLU\Comp vision\BT\Final\processed_data\test\B2\DSC03363_patch_1_5.jpg,B2,B1,0.4664
C:\Users\teflo\Desktop\Study\VLU\Comp vision\BT\Final\processed_data\test\B2\DSC03366_patch_3_1.jpg,B2,B1,0.7123
C:\Users\teflo\Desktop\Study\VLU\Comp vision\BT\Final\processed_data\test\B2\DSC03367_patch_3_3.jpg,B2,B1,0.4332
C:\Users\teflo\Desktop\Study\VLU\Comp vision\BT\Final\processed_data\test\B2\DSC03370_patch_0_0.jpg,B2,B1,0.5301
C:\Users\teflo\Desktop\Study\VLU\Comp vision\BT\Final\processed_data\test\B2\DSC03372_patch_0_4.jpg,B2,B1,0.4797
C:\Users\teflo\Desktop\Study\VLU\Comp vision\BT\Final\processed_data\test\B2\DSC03373_patch_0_3.jpg,B2,B1,0.4134
C:\Users\teflo\Desktop\Study\VLU\Comp vision\BT\Final\processed_data\test\B2\DSC03374_patch_0_2.jpg,B2,B1,0.3778
C:\Users\teflo\Desktop\Study\VLU\Comp vision\BT\Final\processed_data\test\B2\DSC03375_patch_0_1.jpg,B2,A2,0.5236
C:\Users\teflo\Desktop\Study\VLU\Comp vision\BT\Final\processed_data\test\B2\DSC03376_patch_0_0.jpg,B2,B1,0.4843
C:\Users\teflo\Desktop\Study\VLU\Comp vision\BT\Final\processed_data\test\B2\DSC03376_patch_3_4.jpg,B2,B1,0.4612
C:\Users\teflo\Desktop\Study\VLU\Comp vision\BT\Final\processed_data\test\B2\DSC03377_patch_3_2.jpg,B2,A1,0.3994
C:\Users\teflo\Desktop\Study\VLU\Comp vision\BT\Final\processed_data\test\B2\DSC03378_patch_3_0.jpg,B2,B1,0.5653
C:\Users\teflo\Desktop\Study\VLU\Comp vision\BT\Final\processed_data\test\B2\DSC03379_patch_2_5.jpg,B2,B1,0.438
C:\Users\teflo\Desktop\Study\VLU\Comp vision\BT\Final\processed_data\test\B2\DSC03383_patch_1_4.jpg,B2,B1,0.4403
C:\Users\teflo\Desktop\Study\VLU\Comp vision\BT\Final\processed_data\test\B2\DSC03384_patch_1_5.jpg,B2,B1,0.4998
C:\Users\teflo\Desktop\Study\VLU\Comp vision\BT\Final\processed_data\test\B2\DSC03385_patch_2_1.jpg,B2,B1,0.604
C:\Users\teflo\Desktop\Study\VLU\Comp vision\BT\Final\processed_data\test\B2\DSC03386_patch_2_1.jpg,B2,B1,0.641
C:\Users\teflo\Desktop\Study\VLU\Comp vision\BT\Final\processed_data\test\B2\DSC03387_patch_2_0.jpg,B2,B1,0.3718
C:\Users\teflo\Desktop\Study\VLU\Comp vision\BT\Final\processed_data\test\B2\DSC03389_patch_1_4.jpg,B2,B1,0.5423
C:\Users\teflo\Desktop\Study\VLU\Comp vision\BT\Final\processed_data\test\B2\DSC03390_patch_1_4.jpg,B2,B1,0.7025
C:\Users\teflo\Desktop\Study\VLU\Comp vision\BT\Final\processed_data\test\B2\DSC03391_patch_1_4.jpg,B2,B1,0.6646
C:\Users\teflo\Desktop\Study\VLU\Comp vision\BT\Final\processed_data\test\B2\DSC03395_patch_1_3.jpg,B2,B1,0.5316
C:\Users\teflo\Desktop\Study\VLU\Comp vision\BT\Final\processed_data\test\B2\DSC03398_patch_1_1.jpg,B2,B1,0.6734
C:\Users\teflo\Desktop\Study\VLU\Comp vision\BT\Final\processed_data\test\B2\DSC03400_patch_0_4.jpg,B2,B1,0.6265
C:\Users\teflo\Desktop\Study\VLU\Comp vision\BT\Final\processed_data\test\B2\DSC03402_patch_0_0.jpg,B2,A1,0.4499
C:\Users\teflo\Desktop\Study\VLU\Comp vision\BT\Final\processed_data\test\B2\DSC03402_patch_3_5.jpg,B2,B1,0.5235
C:\Users\teflo\Desktop\Study\VLU\Comp vision\BT\Final\processed_data\test\B2\DSC03403_patch_3_3.jpg,B2,A2,0.3833
C:\Users\teflo\Desktop\Study\VLU\Comp vision\BT\Final\processed_data\test\B2\DSC03404_patch_3_2.jpg,B2,A2,0.6424
C:\Users\teflo\Desktop\Study\VLU\Comp vision\BT\Final\processed_data\test\B2\DSC03405_patch_3_0.jpg,B2,B1,0.5295
C:\Users\teflo\Desktop\Study\VLU\Comp vision\BT\Final\processed_data\test\B2\DSC03407_patch_2_5.jpg,B2,B1,0.477
C:\Users\teflo\Desktop\Study\VLU\Comp vision\BT\Final\processed_data\test\B2\DSC03408_patch_2_3.jpg,B2,B1,0.59
C:\Users\teflo\Desktop\Study\VLU\Comp vision\BT\Final\processed_data\test\B2\DSC03409_patch_2_1.jpg,B2,B1,0.3992
C:\Users\teflo\Desktop\Study\VLU\Comp vision\BT\Final\processed_data\test\B2\DSC03410_patch_1_5.jpg,B2,B1,0.5943
C:\Users\teflo\Desktop\Study\VLU\Comp vision\BT\Final\processed_data\test\B2\DSC03411_patch_1_4.jpg,B2,B1,0.6364
C:\Users\teflo\Desktop\Study\VLU\Comp vision\BT\Final\processed_data\test\B2\DSC03412_patch_1_2.jpg,B2,B1,0.7445
C:\Users\teflo\Desktop\Study\VLU\Comp vision\BT\Final\processed_data\test\B2\DSC03413_patch_1_0.jpg,B2,B1,0.5191
C:\Users\teflo\Desktop\Study\VLU\Comp vision\BT\Final\processed_data\test\B2\DSC03414_patch_0_4.jpg,B2,B1,0.7786
C:\Users\teflo\Desktop\Study\VLU\Comp vision\BT\Final\processed_data\test\B2\DSC03416_patch_0_4.jpg,B2,B1,0.6015
C:\Users\teflo\Desktop\Study\VLU\Comp vision\BT\Final\processed_data\test\B2\DSC03419_patch_0_2.jpg,B2,B1,0.6921
C:\Users\teflo\Desktop\Study\VLU\Comp vision\BT\Final\processed_data\test\B2\DSC03421_patch_0_1.jpg,B2,B1,0.5271
C:\Users\teflo\Desktop\Study\VLU\Comp vision\BT\Final\processed_data\test\B2\DSC03422_patch_0_0.jpg,B2,B1,0.5307
C:\Users\teflo\Desktop\Study\VLU\Comp vision\BT\Final\processed_data\test\B2\DSC03422_patch_3_5.jpg,B2,B1,0.4291
C:\Users\teflo\Desktop\Study\VLU\Comp vision\BT\Final\processed_data\test\B2\DSC03425_patch_3_3.jpg,B2,B1,0.8038
C:\Users\teflo\Desktop\Study\VLU\Comp vision\BT\Final\processed_data\test\B2\DSC03428_patch_3_0.jpg,B2,B1,0.7005
C:\Users\teflo\Desktop\Study\VLU\Comp vision\BT\Final\processed_data\test\B2\DSC03431_patch_3_0.jpg,B2,B1,0.6108
C:\Users\teflo\Desktop\Study\VLU\Comp vision\BT\Final\processed_data\test\B2\DSC03432_patch_3_0.jpg,B2,B1,0.4883
C:\Users\teflo\Desktop\Study\VLU\Comp vision\BT\Final\processed_data\test\B2\DSC03433_patch_2_5.jpg,B2,B1,0.4222
C:\Users\teflo\Desktop\Study\VLU\Comp vision\BT\Final\processed_data\test\B2\DSC03434_patch_2_5.jpg,B2,B1,0.5068
C:\Users\teflo\Desktop\Study\VLU\Comp vision\BT\Final\processed_data\test\B2\DSC03435_patch_2_4.jpg,B2,B1,0.332
C:\Users\teflo\Desktop\Study\VLU\Comp vision\BT\Final\processed_data\test\B2\DSC03437_patch_2_3.jpg,B2,B1,0.5615
C:\Users\teflo\Desktop\Study\VLU\Comp vision\BT\Final\processed_data\test\B2\DSC03442_patch_2_0.jpg,B2,B1,0.8495
C:\Users\teflo\Desktop\Study\VLU\Comp vision\BT\Final\processed_data\test\B2\DSC03443_patch_1_4.jpg,B2,B1,0.5963
C:\Users\teflo\Desktop\Study\VLU\Comp vision\BT\Final\processed_data\test\B2\DSC03445_patch_1_3.jpg,B2,B1,0.6799
C:\Users\teflo\Desktop\Study\VLU\Comp vision\BT\Final\processed_data\test\B2\DSC03446_patch_1_3.jpg,B2,B1,0.7201
C:\Users\teflo\Desktop\Study\VLU\Comp vision\BT\Final\processed_data\test\B2\DSC03447_patch_1_3.jpg,B2,B1,0.6173
C:\Users\teflo\Desktop\Study\VLU\Comp vision\BT\Final\processed_data\test\B2\DSC03448_patch_1_2.jpg,B2,B1,0.532
C:\Users\teflo\Desktop\Study\VLU\Comp vision\BT\Final\processed_data\test\B2\DSC03451_patch_1_2.jpg,B2,B1,0.5998
C:\Users\teflo\Desktop\Study\VLU\Comp vision\BT\Final\processed_data\test\B2\DSC03453_patch_1_1.jpg,B2,B1,0.5285
C:\Users\teflo\Desktop\Study\VLU\Comp vision\BT\Final\processed_data\test\B2\DSC03454_patch_1_0.jpg,B2,B1,0.5422
C:\Users\teflo\Desktop\Study\VLU\Comp vision\BT\Final\processed_data\test\B2\DSC03455_patch_0_5.jpg,B2,B1,0.4692
C:\Users\teflo\Desktop\Study\VLU\Comp vision\BT\Final\processed_data\test\B2\DSC03456_patch_0_5.jpg,B2,A2,0.3876
C:\Users\teflo\Desktop\Study\VLU\Comp vision\BT\Final\processed_data\test\B2\DSC03457_patch_0_3.jpg,B2,B1,0.6666
C:\Users\teflo\Desktop\Study\VLU\Comp vision\BT\Final\processed_data\test\B2\DSC03458_patch_0_1.jpg,B2,B1,0.8177
C:\Users\teflo\Desktop\Study\VLU\Comp vision\BT\Final\processed_data\test\B2\DSC03458_patch_3_5.jpg,B2,B1,0.5843
C:\Users\teflo\Desktop\Study\VLU\Comp vision\BT\Final\processed_data\test\B2\DSC03459_patch_3_4.jpg,B2,B1,0.63
C:\Users\teflo\Desktop\Study\VLU\Comp vision\BT\Final\processed_data\test\B2\DSC03462_patch_3_0.jpg,B2,B1,0.6616
C:\Users\teflo\Desktop\Study\VLU\Comp vision\BT\Final\processed_data\test\B2\DSC03463_patch_2_5.jpg,B2,B1,0.6338
C:\Users\teflo\Desktop\Study\VLU\Comp vision\BT\Final\processed_data\test\B2\DSC03466_patch_2_3.jpg,B2,B1,0.5207
C:\Users\teflo\Desktop\Study\VLU\Comp vision\BT\Final\processed_data\test\B2\DSC03467_patch_2_3.jpg,B2,B1,0.3898
C:\Users\teflo\Desktop\Study\VLU\Comp vision\BT\Final\processed_data\test\B2\DSC03468_patch_2_2.jpg,B2,B1,0.6679
C:\Users\teflo\Desktop\Study\VLU\Comp vision\BT\Final\processed_data\test\B2\DSC03470_patch_2_1.jpg,B2,B1,0.8124
C:\Users\teflo\Desktop\Study\VLU\Comp vision\BT\Final\processed_data\test\B2\DSC03471_patch_1_5.jpg,B2,B1,0.3192
C:\Users\teflo\Desktop\Study\VLU\Comp vision\BT\Final\processed_data\test\B2\DSC03472_patch_1_3.jpg,B2,B1,0.5246
C:\Users\teflo\Desktop\Study\VLU\Comp vision\BT\Final\processed_data\test\B2\DSC03474_patch_1_1.jpg,B2,B1,0.4917
C:\Users\teflo\Desktop\Study\VLU\Comp vision\BT\Final\processed_data\test\B2\DSC03475_patch_1_0.jpg,B2,B1,0.5769
C:\Users\teflo\Desktop\Study\VLU\Comp vision\BT\Final\processed_data\test\B2\DSC03477_patch_1_2.jpg,B2,B1,0.3898
C:\Users\teflo\Desktop\Study\VLU\Comp vision\BT\Final\processed_data\test\B2\DSC03478_patch_1_3.jpg,B2,B1,0.4865
C:\Users\teflo\Desktop\Study\VLU\Comp vision\BT\Final\processed_data\test\B2\DSC03479_patch_1_4.jpg,B2,B1,0.3863
C:\Users\teflo\Desktop\Study\VLU\Comp vision\BT\Final\processed_data\test\B2\DSC03480_patch_1_3.jpg,B2,B1,0.4873
C:\Users\teflo\Desktop\Study\VLU\Comp vision\BT\Final\processed_data\test\B2\DSC03481_patch_1_3.jpg,B2,A1,0.427
C:\Users\teflo\Desktop\Study\VLU\Comp vision\BT\Final\processed_data\test\B2\DSC03484_patch_1_2.jpg,B2,A1,0.3882
C:\Users\teflo\Desktop\Study\VLU\Comp vision\BT\Final\processed_data\test\B2\DSC03485_patch_1_1.jpg,B2,B1,0.5883
C:\Users\teflo\Desktop\Study\VLU\Comp vision\BT\Final\processed_data\test\B2\DSC03486_patch_0_5.jpg,B2,A2,0.5226
C:\Users\teflo\Desktop\Study\VLU\Comp vision\BT\Final\processed_data\test\B2\DSC03487_patch_0_3.jpg,B2,B1,0.701
C:\Users\teflo\Desktop\Study\VLU\Comp vision\BT\Final\processed_data\test\B2\DSC03488_patch_0_1.jpg,B2,B1,0.7939
C:\Users\teflo\Desktop\Study\VLU\Comp vision\BT\Final\processed_data\test\B2\DSC03489_patch_0_0.jpg,B2,B1,0.5743
C:\Users\teflo\Desktop\Study\VLU\Comp vision\BT\Final\processed_data\test\B2\DSC03489_patch_3_4.jpg,B2,B1,0.538
C:\Users\teflo\Desktop\Study\VLU\Comp vision\BT\Final\processed_data\test\B2\DSC03490_patch_3_2.jpg,B2,B1,0.7741
C:\Users\teflo\Desktop\Study\VLU\Comp vision\BT\Final\processed_data\test\B2\DSC03491_patch_3_1.jpg,B2,B1,0.5259
C:\Users\teflo\Desktop\Study\VLU\Comp vision\BT\Final\processed_data\test\B2\DSC03493_patch_3_0.jpg,B2,B1,0.3552
C:\Users\teflo\Desktop\Study\VLU\Comp vision\BT\Final\processed_data\test\B2\DSC03495_patch_2_3.jpg,B2,B1,0.5856
C:\Users\teflo\Desktop\Study\VLU\Comp vision\BT\Final\processed_data\test\B2\DSC03496_patch_2_3.jpg,B2,B1,0.8357
C:\Users\teflo\Desktop\Study\VLU\Comp vision\BT\Final\processed_data\test\B2\DSC03498_patch_2_2.jpg,B2,B1,0.6764
C:\Users\teflo\Desktop\Study\VLU\Comp vision\BT\Final\processed_data\test\B2\DSC03500_patch_2_1.jpg,B2,B1,0.8124
C:\Users\teflo\Desktop\Study\VLU\Comp vision\BT\Final\processed_data\test\B2\DSC03501_patch_2_0.jpg,B2,A1,0.638
C:\Users\teflo\Desktop\Study\VLU\Comp vision\BT\Final\processed_data\test\B2\DSC03502_patch_1_5.jpg,B2,A1,0.4391
C:\Users\teflo\Desktop\Study\VLU\Comp vision\BT\Final\processed_data\test\B2\DSC03503_patch_1_3.jpg,B2,B1,0.6322
C:\Users\teflo\Desktop\Study\VLU\Comp vision\BT\Final\processed_data\test\B2\DSC03504_patch_1_1.jpg,B2,B1,0.527
C:\Users\teflo\Desktop\Study\VLU\Comp vision\BT\Final\processed_data\test\B2\DSC03505_patch_1_1.jpg,B2,B1,0.5028
C:\Users\teflo\Desktop\Study\VLU\Comp vision\BT\Final\processed_data\test\B2\DSC03506_patch_1_5.jpg,B2,B1,0.4641
C:\Users\teflo\Desktop\Study\VLU\Comp vision\BT\Final\processed_data\test\B2\DSC03507_patch_1_3.jpg,B2,B1,0.5991
C:\Users\teflo\Desktop\Study\VLU\Comp vision\BT\Final\processed_data\test\B2\DSC03508_patch_1_4.jpg,B2,B1,0.5023
C:\Users\teflo\Desktop\Study\VLU\Comp vision\BT\Final\processed_data\test\B2\DSC04213_patch_3_3.jpg,B2,A2,0.3262
C:\Users\teflo\Desktop\Study\VLU\Comp vision\BT\Final\processed_data\test\B2\DSC04214_patch_3_1.jpg,B2,A2,0.4117
C:\Users\teflo\Desktop\Study\VLU\Comp vision\BT\Final\processed_data\test\B2\DSC07102_patch_3_1.jpg,B2,A2,0.4903
C:\Users\teflo\Desktop\Study\VLU\Comp vision\BT\Final\processed_data\test\B2\DSC07103_patch_3_1.jpg,B2,A2,0.5677
C:\Users\teflo\Desktop\Study\VLU\Comp vision\BT\Final\processed_data\test\B2\DSC07104_patch_2_5.jpg,B2,A2,0.5597
C:\Users\teflo\Desktop\Study\VLU\Comp vision\BT\Final\processed_data\test\B2\DSC07105_patch_2_3.jpg,B2,A2,0.8088
C:\Users\teflo\Desktop\Study\VLU\Comp vision\BT\Final\processed_data\test\B2\DSC07106_patch_2_1.jpg,B2,A2,0.33
C:\Users\teflo\Desktop\Study\VLU\Comp vision\BT\Final\processed_data\test\B2\DSC07107_patch_2_0.jpg,B2,A2,0.4148
C:\Users\teflo\Desktop\Study\VLU\Comp vision\BT\Final\processed_data\test\B2\DSC07108_patch_1_4.jpg,B2,A2,0.6835
C:\Users\teflo\Desktop\Study\VLU\Comp vision\BT\Final\processed_data\test\B2\DSC07109_patch_1_3.jpg,B2,B1,0.4099
C:\Users\teflo\Desktop\Study\VLU\Comp vision\BT\Final\processed_data\test\B2\DSC07111_patch_1_1.jpg,B2,A2,0.8015
C:\Users\teflo\Desktop\Study\VLU\Comp vision\BT\Final\processed_data\test\B2\DSC07114_patch_0_3.jpg,B2,A2,0.8958
C:\Users\teflo\Desktop\Study\VLU\Comp vision\BT\Final\processed_data\test\B2\DSC07115_patch_0_2.jpg,B2,A2,0.9513
C:\Users\teflo\Desktop\Study\VLU\Comp vision\BT\Final\processed_data\test\B2\DSC07116_patch_0_0.jpg,B2,A2,0.9871
C:\Users\teflo\Desktop\Study\VLU\Comp vision\BT\Final\processed_data\test\B2\DSC07116_patch_3_4.jpg,B2,A2,0.9021
C:\Users\teflo\Desktop\Study\VLU\Comp vision\BT\Final\processed_data\test\B2\DSC07117_patch_3_4.jpg,B2,A2,0.7074
C:\Users\teflo\Desktop\Study\VLU\Comp vision\BT\Final\processed_data\test\B2\DSC07118_patch_3_3.jpg,B2,A2,0.7477
C:\Users\teflo\Desktop\Study\VLU\Comp vision\BT\Final\processed_data\test\B2\DSC07120_patch_3_1.jpg,B2,B1,0.6088
C:\Users\teflo\Desktop\Study\VLU\Comp vision\BT\Final\processed_data\test\B2\DSC07123_patch_2_5.jpg,B2,A1,0.3202
C:\Users\teflo\Desktop\Study\VLU\Comp vision\BT\Final\processed_data\test\B2\DSC07124_patch_2_3.jpg,B2,B1,0.526
C:\Users\teflo\Desktop\Study\VLU\Comp vision\BT\Final\processed_data\test\B2\DSC07126_patch_2_0.jpg,B2,A2,0.4475
C:\Users\teflo\Desktop\Study\VLU\Comp vision\BT\Final\processed_data\test\B2\DSC07130_patch_1_4.jpg,B2,B1,0.7462
C:\Users\teflo\Desktop\Study\VLU\Comp vision\BT\Final\processed_data\test\B2\DSC07131_patch_1_3.jpg,B2,B1,0.3868
C:\Users\teflo\Desktop\Study\VLU\Comp vision\BT\Final\processed_data\test\B2\DSC07132_patch_1_1.jpg,B2,A2,0.845
C:\Users\teflo\Desktop\Study\VLU\Comp vision\BT\Final\processed_data\test\B2\DSC07133_patch_0_5.jpg,B2,A2,0.3516
C:\Users\teflo\Desktop\Study\VLU\Comp vision\BT\Final\processed_data\test\B2\DSC08413_patch_0_3.jpg,B2,A2,0.5335
C:\Users\teflo\Desktop\Study\VLU\Comp vision\BT\Final\processed_data\test\B2\DSC08414_patch_0_2.jpg,B2,B1,0.4038
C:\Users\teflo\Desktop\Study\VLU\Comp vision\BT\Final\processed_data\test\B2\DSC08417_patch_0_0.jpg,B2,B1,0.5528
C:\Users\teflo\Desktop\Study\VLU\Comp vision\BT\Final\processed_data\test\B2\DSC08417_patch_3_4.jpg,B2,A2,0.6328
C:\Users\teflo\Desktop\Study\VLU\Comp vision\BT\Final\processed_data\test\B2\DSC08419_patch_3_2.jpg,B2,B1,0.5244
C:\Users\teflo\Desktop\Study\VLU\Comp vision\BT\Final\processed_data\test\B2\DSC08570_patch_1_3.jpg,B2,A2,0.5501
C:\Users\teflo\Desktop\Study\VLU\Comp vision\BT\Final\processed_data\test\B2\DSC08577_patch_1_4.jpg,B2,A2,0.3914
C:\Users\teflo\Desktop\Study\VLU\Comp vision\BT\Final\processed_data\test\B2\DSC08578_patch_1_3.jpg,B2,A2,0.5819
C:\Users\teflo\Desktop\Study\VLU\Comp vision\BT\Final\processed_data\test\B2\DSC08589_patch_1_2.jpg,B2,A2,0.51
C:\Users\teflo\Desktop\Study\VLU\Comp vision\BT\Final\processed_data\test\B2\DSC08591_patch_2_0.jpg,B2,A2,0.5723
C:\Users\teflo\Desktop\Study\VLU\Comp vision\BT\Final\processed_data\test\B2\DSC08593_patch_1_5.jpg,B2,A2,0.5537
C:\Users\teflo\Desktop\Study\VLU\Comp vision\BT\Final\processed_data\test\B2\DSC08660_patch_1_3.jpg,B2,B1,0.3747
C:\Users\teflo\Desktop\Study\VLU\Comp vision\BT\Final\processed_data\test\B2\DSC08666_patch_1_1.jpg,B2,A2,0.3906
C:\Users\teflo\Desktop\Study\VLU\Comp vision\BT\Final\processed_data\test\B2\DSC08668_patch_0_4.jpg,B2,A2,0.3923
C:\Users\teflo\Desktop\Study\VLU\Comp vision\BT\Final\processed_data\test\B2\DSC08669_patch_0_2.jpg,B2,A1,0.3436
C:\Users\teflo\Desktop\Study\VLU\Comp vision\BT\Final\processed_data\test\B2\DSC08670_patch_0_0.jpg,B2,A1,0.47
C:\Users\teflo\Desktop\Study\VLU\Comp vision\BT\Final\processed_data\test\B2\DSC08670_patch_3_4.jpg,B2,B1,0.6003
C:\Users\teflo\Desktop\Study\VLU\Comp vision\BT\Final\processed_data\test\B2\DSC08671_patch_3_3.jpg,B2,B1,0.4117
C:\Users\teflo\Desktop\Study\VLU\Comp vision\BT\Final\processed_data\test\B2\DSC08672_patch_3_1.jpg,B2,A2,0.4964
C:\Users\teflo\Desktop\Study\VLU\Comp vision\BT\Final\processed_data\test\B2\DSC08673_patch_3_4.jpg,B2,A2,0.9105
C:\Users\teflo\Desktop\Study\VLU\Comp vision\BT\Final\processed_data\test\B2\DSC08674_patch_3_2.jpg,B2,A2,0.6787
C:\Users\teflo\Desktop\Study\VLU\Comp vision\BT\Final\processed_data\test\B2\DSC08675_patch_3_1.jpg,B2,B1,0.5153
C:\Users\teflo\Desktop\Study\VLU\Comp vision\BT\Final\processed_data\test\B2\DSC08676_patch_3_1.jpg,B2,A2,0.4018
C:\Users\teflo\Desktop\Study\VLU\Comp vision\BT\Final\processed_data\test\B2\DSC08677_patch_2_5.jpg,B2,B1,0.7081
C:\Users\teflo\Desktop\Study\VLU\Comp vision\BT\Final\processed_data\test\B2\DSC08678_patch_2_4.jpg,B2,A2,0.9146
C:\Users\teflo\Desktop\Study\VLU\Comp vision\BT\Final\processed_data\test\B2\DSC08679_patch_2_2.jpg,B2,A2,0.4339
C:\Users\teflo\Desktop\Study\VLU\Comp vision\BT\Final\processed_data\test\B2\DSC08680_patch_2_0.jpg,B2,B1,0.3669
C:\Users\teflo\Desktop\Study\VLU\Comp vision\BT\Final\processed_data\test\B2\DSC08681_patch_1_4.jpg,B2,A2,0.787
C:\Users\teflo\Desktop\Study\VLU\Comp vision\BT\Final\processed_data\test\B2\DSC08682_patch_1_3.jpg,B2,B1,0.4056
C:\Users\teflo\Desktop\Study\VLU\Comp vision\BT\Final\processed_data\test\B2\DSC08684_patch_1_1.jpg,B2,A2,0.9234
C:\Users\teflo\Desktop\Study\VLU\Comp vision\BT\Final\processed_data\test\B2\DSC08686_patch_0_5.jpg,B2,A2,0.5742
C:\Users\teflo\Desktop\Study\VLU\Comp vision\BT\Final\processed_data\test\B2\DSC08687_patch_1_2.jpg,B2,B1,0.5405
C:\Users\teflo\Desktop\Study\VLU\Comp vision\BT\Final\processed_data\test\B2\DSC08688_patch_1_0.jpg,B2,A1,0.4637
C:\Users\teflo\Desktop\Study\VLU\Comp vision\BT\Final\processed_data\test\B2\DSC08692_patch_0_4.jpg,B2,A1,0.4245
C:\Users\teflo\Desktop\Study\VLU\Comp vision\BT\Final\processed_data\test\B2\DSC08693_patch_0_3.jpg,B2,A2,0.7488
C:\Users\teflo\Desktop\Study\VLU\Comp vision\BT\Final\processed_data\test\B2\DSC08696_patch_0_1.jpg,B2,B1,0.4834
C:\Users\teflo\Desktop\Study\VLU\Comp vision\BT\Final\processed_data\test\B2\DSC08698_patch_0_0.jpg,B2,A2,0.6137
C:\Users\teflo\Desktop\Study\VLU\Comp vision\BT\Final\processed_data\test\B2\DSC08698_patch_3_4.jpg,B2,B1,0.4215
C:\Users\teflo\Desktop\Study\VLU\Comp vision\BT\Final\processed_data\test\B2\DSC08699_patch_3_4.jpg,B2,B1,0.7216
C:\Users\teflo\Desktop\Study\VLU\Comp vision\BT\Final\processed_data\test\B2\DSC08839_patch_3_4.jpg,B2,B1,0.4004
C:\Users\teflo\Desktop\Study\VLU\Comp vision\BT\Final\processed_data\test\B2\DSC08840_patch_3_3.jpg,B2,B1,0.6061
C:\Users\teflo\Desktop\Study\VLU\Comp vision\BT\Final\processed_data\test\B2\DSC08841_patch_3_2.jpg,B2,B1,0.552
C:\Users\teflo\Desktop\Study\VLU\Comp vision\BT\Final\processed_data\test\B2\DSC08842_patch_3_4.jpg,B2,A1,0.3822
C:\Users\teflo\Desktop\Study\VLU\Comp vision\BT\Final\processed_data\test\B2\DSC08845_patch_0_1.jpg,B2,B1,0.3991
C:\Users\teflo\Desktop\Study\VLU\Comp vision\BT\Final\processed_data\test\B2\DSC08845_patch_3_5.jpg,B2,B1,0.5483
C:\Users\teflo\Desktop\Study\VLU\Comp vision\BT\Final\processed_data\test\B2\DSC08847_patch_3_3.jpg,B2,B1,0.7505
C:\Users\teflo\Desktop\Study\VLU\Comp vision\BT\Final\processed_data\test\B2\DSC08848_patch_3_1.jpg,B2,B1,0.5807
C:\Users\teflo\Desktop\Study\VLU\Comp vision\BT\Final\processed_data\test\B2\DSC08849_patch_3_2.jpg,B2,B1,0.7446
C:\Users\teflo\Desktop\Study\VLU\Comp vision\BT\Final\processed_data\test\B2\DSC08850_patch_3_4.jpg,B2,A2,0.5288
C:\Users\teflo\Desktop\Study\VLU\Comp vision\BT\Final\processed_data\test\B2\DSC08851_patch_3_2.jpg,B2,B1,0.5042
C:\Users\teflo\Desktop\Study\VLU\Comp vision\BT\Final\processed_data\test\B2\DSC08852_patch_3_0.jpg,B2,B1,0.5863
C:\Users\teflo\Desktop\Study\VLU\Comp vision\BT\Final\processed_data\test\B2\DSC08853_patch_2_5.jpg,B2,B1,0.5664
C:\Users\teflo\Desktop\Study\VLU\Comp vision\BT\Final\processed_data\test\B2\DSC08854_patch_3_2.jpg,B2,A2,0.4463
C:\Users\teflo\Desktop\Study\VLU\Comp vision\BT\Final\processed_data\test\B2\DSC08855_patch_3_1.jpg,B2,B1,0.446
C:\Users\teflo\Desktop\Study\VLU\Comp vision\BT\Final\processed_data\test\B2\DSC08858_patch_0_0.jpg,B2,B1,0.4188
C:\Users\teflo\Desktop\Study\VLU\Comp vision\BT\Final\processed_data\test\B2\DSC08862_patch_2_0.jpg,B2,B1,0.6987
C:\Users\teflo\Desktop\Study\VLU\Comp vision\BT\Final\processed_data\test\B2\DSC08864_patch_2_1.jpg,B2,B1,0.6033
C:\Users\teflo\Desktop\Study\VLU\Comp vision\BT\Final\processed_data\test\B2\DSC08872_patch_2_0.jpg,B2,A2,0.4887
C:\Users\teflo\Desktop\Study\VLU\Comp vision\BT\Final\processed_data\test\B2\DSC08876_patch_1_4.jpg,B2,A2,0.3362
C:\Users\teflo\Desktop\Study\VLU\Comp vision\BT\Final\processed_data\test\B2\DSC08881_patch_0_5.jpg,B2,A2,0.6134
C:\Users\teflo\Desktop\Study\VLU\Comp vision\BT\Final\processed_data\test\B2\DSC08883_patch_1_3.jpg,B2,A2,0.6389
C:\Users\teflo\Desktop\Study\VLU\Comp vision\BT\Final\processed_data\test\B2\DSC08884_patch_1_3.jpg,B2,B1,0.5861
C:\Users\teflo\Desktop\Study\VLU\Comp vision\BT\Final\processed_data\test\B2\DSC08885_patch_1_2.jpg,B2,B1,0.6653
C:\Users\teflo\Desktop\Study\VLU\Comp vision\BT\Final\processed_data\test\B2\DSC09103_patch_1_4.jpg,B2,A2,0.5349
C:\Users\teflo\Desktop\Study\VLU\Comp vision\BT\Final\processed_data\test\B2\DSC09105_patch_1_4.jpg,B2,A2,0.3191
C:\Users\teflo\Desktop\Study\VLU\Comp vision\BT\Final\processed_data\test\B2\DSC09106_patch_2_4.jpg,B2,A2,0.743
C:\Users\teflo\Desktop\Study\VLU\Comp vision\BT\Final\processed_data\test\B2\DSC09107_patch_2_5.jpg,B2,A2,0.4865
C:\Users\teflo\Desktop\Study\VLU\Comp vision\BT\Final\processed_data\test\B2\DSC09108_patch_2_4.jpg,B2,B1,0.4098
