path,true,pred,confidence
C:\Users\teflo\Desktop\Study\VLU\Comp vision\BT\Final\processed_data\test\A1\1_patch_0_0.jpg,A1,B2,0.5254
C:\Users\teflo\Desktop\Study\VLU\Comp vision\BT\Final\processed_data\test\A1\A1.01.Peo-com_104_patch_1_2.jpg,A1,A2,0.5699
C:\Users\teflo\Desktop\Study\VLU\Comp vision\BT\Final\processed_data\test\A1\A1.01.Peo-com_110_patch_3_0.jpg,A1,A2,0.6215
C:\Users\teflo\Desktop\Study\VLU\Comp vision\BT\Final\processed_data\test\A1\A1.01.Peo-com_129_patch_2_2.jpg,A1,A2,0.5548
C:\Users\teflo\Desktop\Study\VLU\Comp vision\BT\Final\processed_data\test\A1\A1.01.Peo-com_134_patch_3_3.jpg,A1,A2,0.6111
C:\Users\teflo\Desktop\Study\VLU\Comp vision\BT\Final\processed_data\test\A1\A1.01.Peo-com_141_patch_0_1.jpg,A1,A2,0.8329
C:\Users\teflo\Desktop\Study\VLU\Comp vision\BT\Final\processed_data\test\A1\A1.01.Peo-com_147_patch_3_1.jpg,A1,A2,0.5977
C:\Users\teflo\Desktop\Study\VLU\Comp vision\BT\Final\processed_data\test\A1\A1.01.Peo-com_152_patch_3_3.jpg,A1,A2,0.7572
C:\Users\teflo\Desktop\Study\VLU\Comp vision\BT\Final\processed_data\test\A1\A1.01.Peo-com_158_patch_3_0.jpg,A1,A2,0.4361
C:\Users\teflo\Desktop\Study\VLU\Comp vision\BT\Final\processed_data\test\A1\A1.01.Peo-com_164_patch_0_3.jpg,A1,A2,0.9285
C:\Users\teflo\Desktop\Study\VLU\Comp vision\BT\Final\processed_data\test\A1\A1.01.Peo-com_170_patch_2_4.jpg,A1,A2,0.6041
C:\Users\teflo\Desktop\Study\VLU\Comp vision\BT\Final\processed_data\test\A1\A1.01.Peo-com_177_patch_2_3.jpg,A1,A2,0.6081
C:\Users\teflo\Desktop\Study\VLU\Comp vision\BT\Final\processed_data\test\A1\A1.01.Peo-com_38_patch_3_2.jpg,A1,A2,0.5917
C:\Users\teflo\Desktop\Study\VLU\Comp vision\BT\Final\processed_data\test\A1\A1.01.Peo-com_44_patch_3_2.jpg,A1,B2,0.4937
C:\Users\teflo\Desktop\Study\VLU\Comp vision\BT\Final\processed_data\test\A1\A1.01.Peo-com_51_patch_3_5.jpg,A1,A2,0.596
C:\Users\teflo\Desktop\Study\VLU\Comp vision\BT\Final\processed_data\test\A1\A1.01.Peo-com_76_patch_2_1.jpg,A1,A2,0.5208
C:\Users\teflo\Desktop\Study\VLU\Comp vision\BT\Final\processed_data\test\A1\A1.01.Peo-com_82_patch_3_3.jpg,A1,A2,0.8298
C:\Users\teflo\Desktop\Study\VLU\Comp vision\BT\Final\processed_data\test\A1\A1.01.Peo-com_92_patch_2_3.jpg,A1,A2,0.3986
C:\Users\teflo\Desktop\Study\VLU\Comp vision\BT\Final\processed_data\test\A1\A1.01.Peo-com_98_patch_3_3.jpg,A1,B2,0.3783
C:\Users\teflo\Desktop\Study\VLU\Comp vision\BT\Final\processed_data\test\A1\A1.02.Peo-Cou_101_patch_3_3.jpg,A1,B1,0.5846
C:\Users\teflo\Desktop\Study\VLU\Comp vision\BT\Final\processed_data\test\A1\A1.02.Peo-Cou_25_patch_2_0.jpg,A1,B2,0.3896
C:\Users\teflo\Desktop\Study\VLU\Comp vision\BT\Final\processed_data\test\A1\A1.02.Peo-Cou_38_patch_0_5.jpg,A1,A2,0.4087
C:\Users\teflo\Desktop\Study\VLU\Comp vision\BT\Final\processed_data\test\A1\A1.02.Peo-Cou_67_patch_1_0.jpg,A1,A2,0.504
C:\Users\teflo\Desktop\Study\VLU\Comp vision\BT\Final\processed_data\test\A1\A1.02.Peo-Cou_81_patch_2_5.jpg,A1,A2,0.445
C:\Users\teflo\Desktop\Study\VLU\Comp vision\BT\Final\processed_data\test\A1\A1.02.Peo-Cou_99_patch_3_3.jpg,A1,B1,0.3753
C:\Users\teflo\Desktop\Study\VLU\Comp vision\BT\Final\processed_data\test\A1\A1.03.Ope-Hou_115_patch_2_4.jpg,A1,A2,0.5462
C:\Users\teflo\Desktop\Study\VLU\Comp vision\BT\Final\processed_data\test\A1\A1.03.Ope-Hou_120_patch_2_5.jpg,A1,B2,0.6399
C:\Users\teflo\Desktop\Study\VLU\Comp vision\BT\Final\processed_data\test\A1\A1.03.Ope-Hou_132_patch_3_3.jpg,A1,A2,0.4969
C:\Users\teflo\Desktop\Study\VLU\Comp vision\BT\Final\processed_data\test\A1\A1.03.Ope-Hou_139_patch_3_5.jpg,A1,A2,0.6825
C:\Users\teflo\Desktop\Study\VLU\Comp vision\BT\Final\processed_data\test\A1\A1.03.Ope-Hou_146_patch_1_0.jpg,A1,A2,0.6593
C:\Users\teflo\Desktop\Study\VLU\Comp vision\BT\Final\processed_data\test\A1\A1.03.Ope-Hou_151_patch_0_4.jpg,A1,B2,0.3801
C:\Users\teflo\Desktop\Study\VLU\Comp vision\BT\Final\processed_data\test\A1\A1.03.Ope-Hou_15_patch_2_4.jpg,A1,A2,0.7962
C:\Users\teflo\Desktop\Study\VLU\Comp vision\BT\Final\processed_data\test\A1\A1.03.Ope-Hou_166_patch_1_2.jpg,A1,A2,0.6711
C:\Users\teflo\Desktop\Study\VLU\Comp vision\BT\Final\processed_data\test\A1\A1.03.Ope-Hou_171_patch_1_3.jpg,A1,A2,0.6504
C:\Users\teflo\Desktop\Study\VLU\Comp vision\BT\Final\processed_data\test\A1\A1.03.Ope-Hou_17_patch_0_3.jpg,A1,A2,0.7802
C:\Users\teflo\Desktop\Study\VLU\Comp vision\BT\Final\processed_data\test\A1\A1.03.Ope-Hou_185_patch_0_2.jpg,A1,A2,0.7411
C:\Users\teflo\Desktop\Study\VLU\Comp vision\BT\Final\processed_data\test\A1\A1.03.Ope-Hou_196_patch_0_1.jpg,A1,A2,0.8721
C:\Users\teflo\Desktop\Study\VLU\Comp vision\BT\Final\processed_data\test\A1\A1.03.Ope-Hou_206_patch_3_5.jpg,A1,B1,0.3839
C:\Users\teflo\Desktop\Study\VLU\Comp vision\BT\Final\processed_data\test\A1\A1.03.Ope-Hou_213_patch_0_3.jpg,A1,A2,0.8028
C:\Users\teflo\Desktop\Study\VLU\Comp vision\BT\Final\processed_data\test\A1\A1.03.Ope-Hou_21_patch_1_1.jpg,A1,A2,0.9201
C:\Users\teflo\Desktop\Study\VLU\Comp vision\BT\Final\processed_data\test\A1\A1.03.Ope-Hou_226_patch_1_0.jpg,A1,A2,0.8913
C:\Users\teflo\Desktop\Study\VLU\Comp vision\BT\Final\processed_data\test\A1\A1.03.Ope-Hou_246_patch_2_5.jpg,A1,A2,0.7963
C:\Users\teflo\Desktop\Study\VLU\Comp vision\BT\Final\processed_data\test\A1\A1.03.Ope-Hou_253_patch_1_1.jpg,A1,A2,0.7633
C:\Users\teflo\Desktop\Study\VLU\Comp vision\BT\Final\processed_data\test\A1\A1.03.Ope-Hou_259_patch_2_0.jpg,A1,A2,0.7152
C:\Users\teflo\Desktop\Study\VLU\Comp vision\BT\Final\processed_data\test\A1\A1.03.Ope-Hou_270_patch_3_1.jpg,A1,B1,0.4259
C:\Users\teflo\Desktop\Study\VLU\Comp vision\BT\Final\processed_data\test\A1\A1.03.Ope-Hou_31_patch_0_2.jpg,A1,A2,0.3227
C:\Users\teflo\Desktop\Study\VLU\Comp vision\BT\Final\processed_data\test\A1\A1.03.Ope-Hou_44_patch_2_5.jpg,A1,B1,0.3148
C:\Users\teflo\Desktop\Study\VLU\Comp vision\BT\Final\processed_data\test\A1\A1.03.Ope-Hou_56_patch_3_0.jpg,A1,A2,0.3112
C:\Users\teflo\Desktop\Study\VLU\Comp vision\BT\Final\processed_data\test\A1\A1.03.Ope-Hou_63_patch_3_4.jpg,A1,A2,0.6269
C:\Users\teflo\Desktop\Study\VLU\Comp vision\BT\Final\processed_data\test\A1\A1.03.Ope-Hou_71_patch_1_2.jpg,A1,A2,0.8485
C:\Users\teflo\Desktop\Study\VLU\Comp vision\BT\Final\processed_data\test\A1\A1.03.Ope-Hou_78_patch_2_1.jpg,A1,A2,0.3449
C:\Users\teflo\Desktop\Study\VLU\Comp vision\BT\Final\processed_data\test\A1\A1.03.Ope-Hou_84_patch_2_3.jpg,A1,A2,0.5176
C:\Users\teflo\Desktop\Study\VLU\Comp vision\BT\Final\processed_data\test\A1\A1.03.Ope-Hou_90_patch_3_0.jpg,A1,A2,0.6644
C:\Users\teflo\Desktop\Study\VLU\Comp vision\BT\Final\processed_data\test\A1\A1.03.Ope-Hou_98_patch_1_3.jpg,A1,A2,0.6055
C:\Users\teflo\Desktop\Study\VLU\Comp vision\BT\Final\processed_data\test\A1\A1.05.Mus-His_39_patch_2_5.jpg,A1,B2,0.4434
C:\Users\teflo\Desktop\Study\VLU\Comp vision\BT\Final\processed_data\test\A1\A1.05.Mus-His_59_patch_0_5.jpg,A1,B1,0.5191
C:\Users\teflo\Desktop\Study\VLU\Comp vision\BT\Final\processed_data\test\A1\A1.05.Mus-His_65_patch_1_4.jpg,A1,B2,0.3999
C:\Users\teflo\Desktop\Study\VLU\Comp vision\BT\Final\processed_data\test\A1\A1.05.Mus-His_77_patch_2_5.jpg,A1,A2,0.4172
C:\Users\teflo\Desktop\Study\VLU\Comp vision\BT\Final\processed_data\test\A1\A1.06.TDN-Sch_08_patch_2_5.jpg,A1,B1,0.3551
C:\Users\teflo\Desktop\Study\VLU\Comp vision\BT\Final\processed_data\test\A1\A1.06.TDN-Sch_106_patch_0_1.jpg,A1,A2,0.3461
C:\Users\teflo\Desktop\Study\VLU\Comp vision\BT\Final\processed_data\test\A1\A1.06.TDN-Sch_111_patch_1_0.jpg,A1,A2,0.4136
C:\Users\teflo\Desktop\Study\VLU\Comp vision\BT\Final\processed_data\test\A1\A1.06.TDN-Sch_117_patch_0_3.jpg,A1,A2,0.7639
C:\Users\teflo\Desktop\Study\VLU\Comp vision\BT\Final\processed_data\test\A1\A1.06.TDN-Sch_122_patch_0_3.jpg,A1,A2,0.7518
C:\Users\teflo\Desktop\Study\VLU\Comp vision\BT\Final\processed_data\test\A1\A1.06.TDN-Sch_128_patch_2_1.jpg,A1,A2,0.6422
C:\Users\teflo\Desktop\Study\VLU\Comp vision\BT\Final\processed_data\test\A1\A1.06.TDN-Sch_134_patch_2_2.jpg,A1,B2,0.3221
C:\Users\teflo\Desktop\Study\VLU\Comp vision\BT\Final\processed_data\test\A1\A1.06.TDN-Sch_13_patch_3_5.jpg,A1,B1,0.6758
C:\Users\teflo\Desktop\Study\VLU\Comp vision\BT\Final\processed_data\test\A1\A1.06.TDN-Sch_147_patch_2_4.jpg,A1,A2,0.5172
C:\Users\teflo\Desktop\Study\VLU\Comp vision\BT\Final\processed_data\test\A1\A1.06.TDN-Sch_15_patch_2_0.jpg,A1,A2,0.6068
C:\Users\teflo\Desktop\Study\VLU\Comp vision\BT\Final\processed_data\test\A1\A1.06.TDN-Sch_167_patch_0_3.jpg,A1,A2,0.6884
C:\Users\teflo\Desktop\Study\VLU\Comp vision\BT\Final\processed_data\test\A1\A1.06.TDN-Sch_172_patch_1_4.jpg,A1,B2,0.332
C:\Users\teflo\Desktop\Study\VLU\Comp vision\BT\Final\processed_data\test\A1\A1.06.TDN-Sch_28_patch_2_0.jpg,A1,B2,0.308
C:\Users\teflo\Desktop\Study\VLU\Comp vision\BT\Final\processed_data\test\A1\A1.06.TDN-Sch_41_patch_2_4.jpg,A1,B1,0.3424
C:\Users\teflo\Desktop\Study\VLU\Comp vision\BT\Final\processed_data\test\A1\A1.06.TDN-Sch_54_patch_3_4.jpg,A1,B1,0.4254
C:\Users\teflo\Desktop\Study\VLU\Comp vision\BT\Final\processed_data\test\A1\A1.06.TDN-Sch_60_patch_3_2.jpg,A1,B1,0.5577
C:\Users\teflo\Desktop\Study\VLU\Comp vision\BT\Final\processed_data\test\A1\A1.06.TDN-Sch_73_patch_2_5.jpg,A1,B1,0.4606
C:\Users\teflo\Desktop\Study\VLU\Comp vision\BT\Final\processed_data\test\A1\A1.06.TDN-Sch_98_patch_2_3.jpg,A1,B1,0.6516
C:\Users\teflo\Desktop\Study\VLU\Comp vision\BT\Final\processed_data\test\A1\A1.07.Hot-Con_06_patch_2_3.jpg,A1,A2,0.7651
C:\Users\teflo\Desktop\Study\VLU\Comp vision\BT\Final\processed_data\test\A1\A1.07.Hot-Con_25_patch_1_1.jpg,A1,A2,0.6198
C:\Users\teflo\Desktop\Study\VLU\Comp vision\BT\Final\processed_data\test\A1\A1.07.Hot-Con_31_patch_2_1.jpg,A1,A2,0.5188
C:\Users\teflo\Desktop\Study\VLU\Comp vision\BT\Final\processed_data\test\A1\A1.07.Hot-Con_37_patch_1_5.jpg,A1,A2,0.54
C:\Users\teflo\Desktop\Study\VLU\Comp vision\BT\Final\processed_data\test\A1\A1.07.Hot-Con_46_patch_1_3.jpg,A1,B2,0.4463
C:\Users\teflo\Desktop\Study\VLU\Comp vision\BT\Final\processed_data\test\A1\A1.07.Hot-Con_56_patch_1_5.jpg,A1,A2,0.5491
C:\Users\teflo\Desktop\Study\VLU\Comp vision\BT\Final\processed_data\test\A1\A1.07.Hot-Con_70_patch_0_5.jpg,A1,A2,0.8352
C:\Users\teflo\Desktop\Study\VLU\Comp vision\BT\Final\processed_data\test\A1\A1.07.Hot-Con_78_patch_1_1.jpg,A1,A2,0.7553
C:\Users\teflo\Desktop\Study\VLU\Comp vision\BT\Final\processed_data\test\A1\A1.08.MCH-Sch_10_patch_0_2.jpg,A1,B1,0.427
C:\Users\teflo\Desktop\Study\VLU\Comp vision\BT\Final\processed_data\test\A1\A1.08.MCH-Sch_39_patch_2_5.jpg,A1,B1,0.3998
C:\Users\teflo\Desktop\Study\VLU\Comp vision\BT\Final\processed_data\test\A1\A1.08.MCH-Sch_52_patch_2_4.jpg,A1,B2,0.699
C:\Users\teflo\Desktop\Study\VLU\Comp vision\BT\Final\processed_data\test\A1\A1.08.MCH-Sch_64_patch_2_1.jpg,A1,A2,0.4367
C:\Users\teflo\Desktop\Study\VLU\Comp vision\BT\Final\processed_data\test\A1\A1.08.MCH-Sch_88_patch_3_4.jpg,A1,B2,0.545
C:\Users\teflo\Desktop\Study\VLU\Comp vision\BT\Final\processed_data\test\A1\A1.09.Eye-Hos_07_patch_1_2.jpg,A1,A2,0.3458
C:\Users\teflo\Desktop\Study\VLU\Comp vision\BT\Final\processed_data\test\A1\A1.09.Eye-Hos_109_patch_3_0.jpg,A1,B2,0.3744
C:\Users\teflo\Desktop\Study\VLU\Comp vision\BT\Final\processed_data\test\A1\A1.09.Eye-Hos_114_patch_3_3.jpg,A1,B1,0.5387
C:\Users\teflo\Desktop\Study\VLU\Comp vision\BT\Final\processed_data\test\A1\A1.09.Eye-Hos_120_patch_0_4.jpg,A1,B2,0.5402
C:\Users\teflo\Desktop\Study\VLU\Comp vision\BT\Final\processed_data\test\A1\A1.09.Eye-Hos_23_patch_2_1.jpg,A1,A2,0.3742
C:\Users\teflo\Desktop\Study\VLU\Comp vision\BT\Final\processed_data\test\A1\A1.09.Eye-Hos_29_patch_3_0.jpg,A1,B1,0.4151
C:\Users\teflo\Desktop\Study\VLU\Comp vision\BT\Final\processed_data\test\A1\A1.09.Eye-Hos_35_patch_3_3.jpg,A1,B2,0.3728
C:\Users\teflo\Desktop\Study\VLU\Comp vision\BT\Final\processed_data\test\A1\A1.09.Eye-Hos_48_patch_1_5.jpg,A1,A2,0.6797
C:\Users\teflo\Desktop\Study\VLU\Comp vision\BT\Final\processed_data\test\A1\A1.09.Eye-Hos_54_patch_3_1.jpg,A1,B2,0.3924
C:\Users\teflo\Desktop\Study\VLU\Comp vision\BT\Final\processed_data\test\A1\A1.09.Eye-Hos_67_patch_1_0.jpg,A1,B2,0.5448
C:\Users\teflo\Desktop\Study\VLU\Comp vision\BT\Final\processed_data\test\A1\A1.09.Eye-Hos_73_patch_0_5.jpg,A1,B2,0.4326
C:\Users\teflo\Desktop\Study\VLU\Comp vision\BT\Final\processed_data\test\A1\A1.09.Eye-Hos_79_patch_1_0.jpg,A1,A2,0.6652
C:\Users\teflo\Desktop\Study\VLU\Comp vision\BT\Final\processed_data\test\A1\A1.09.Eye-Hos_85_patch_1_5.jpg,A1,A2,0.4064
C:\Users\teflo\Desktop\Study\VLU\Comp vision\BT\Final\processed_data\test\A1\A1.11.LQD-Sch_29_patch_3_5.jpg,A1,A2,0.4458
C:\Users\teflo\Desktop\Study\VLU\Comp vision\BT\Final\processed_data\test\A1\A1.11.LQD-Sch_36_patch_0_0.jpg,A1,B1,0.4142
C:\Users\teflo\Desktop\Study\VLU\Comp vision\BT\Final\processed_data\test\A1\A1.11.LQD-Sch_48_patch_0_4.jpg,A1,B1,0.4808
C:\Users\teflo\Desktop\Study\VLU\Comp vision\BT\Final\processed_data\test\A1\A1.12.Chi-Hou_09_patch_1_1.jpg,A1,A2,0.4564
C:\Users\teflo\Desktop\Study\VLU\Comp vision\BT\Final\processed_data\test\A1\A1.12.Chi-Hou_107_patch_1_2.jpg,A1,A2,0.4665
C:\Users\teflo\Desktop\Study\VLU\Comp vision\BT\Final\processed_data\test\A1\A1.12.Chi-Hou_113_patch_1_3.jpg,A1,A2,0.657
C:\Users\teflo\Desktop\Study\VLU\Comp vision\BT\Final\processed_data\test\A1\A1.12.Chi-Hou_125_patch_1_0.jpg,A1,A2,0.4795
C:\Users\teflo\Desktop\Study\VLU\Comp vision\BT\Final\processed_data\test\A1\A1.12.Chi-Hou_130_patch_2_2.jpg,A1,A2,0.8001
C:\Users\teflo\Desktop\Study\VLU\Comp vision\BT\Final\processed_data\test\A1\A1.12.Chi-Hou_141_patch_3_0.jpg,A1,B1,0.3648
C:\Users\teflo\Desktop\Study\VLU\Comp vision\BT\Final\processed_data\test\A1\A1.12.Chi-Hou_147_patch_3_3.jpg,A1,A2,0.4647
C:\Users\teflo\Desktop\Study\VLU\Comp vision\BT\Final\processed_data\test\A1\A1.12.Chi-Hou_153_patch_0_4.jpg,A1,A2,0.4357
C:\Users\teflo\Desktop\Study\VLU\Comp vision\BT\Final\processed_data\test\A1\A1.12.Chi-Hou_159_patch_0_5.jpg,A1,A2,0.7632
C:\Users\teflo\Desktop\Study\VLU\Comp vision\BT\Final\processed_data\test\A1\A1.12.Chi-Hou_164_patch_1_0.jpg,A1,A2,0.534
C:\Users\teflo\Desktop\Study\VLU\Comp vision\BT\Final\processed_data\test\A1\A1.12.Chi-Hou_30_patch_2_2.jpg,A1,A2,0.3996
C:\Users\teflo\Desktop\Study\VLU\Comp vision\BT\Final\processed_data\test\A1\A1.12.Chi-Hou_48_patch_2_3.jpg,A1,A2,0.5301
C:\Users\teflo\Desktop\Study\VLU\Comp vision\BT\Final\processed_data\test\A1\A1.12.Chi-Hou_54_patch_2_4.jpg,A1,A2,0.3227
C:\Users\teflo\Desktop\Study\VLU\Comp vision\BT\Final\processed_data\test\A1\A1.12.Chi-Hou_79_patch_3_3.jpg,A1,A2,0.6061
C:\Users\teflo\Desktop\Study\VLU\Comp vision\BT\Final\processed_data\test\A1\A1.12.Chi-Hou_86_patch_3_5.jpg,A1,A2,0.487
C:\Users\teflo\Desktop\Study\VLU\Comp vision\BT\Final\processed_data\test\A1\A1.12.Chi-Hou_95_patch_1_0.jpg,A1,A2,0.6006
C:\Users\teflo\Desktop\Study\VLU\Comp vision\BT\Final\processed_data\test\A1\A1.13.Pas-Ins_106_patch_2_3.jpg,A1,B1,0.4907
C:\Users\teflo\Desktop\Study\VLU\Comp vision\BT\Final\processed_data\test\A1\A1.13.Pas-Ins_111_patch_2_0.jpg,A1,B1,0.6312
C:\Users\teflo\Desktop\Study\VLU\Comp vision\BT\Final\processed_data\test\A1\A1.13.Pas-Ins_128_patch_2_4.jpg,A1,B2,0.3272
C:\Users\teflo\Desktop\Study\VLU\Comp vision\BT\Final\processed_data\test\A1\A1.13.Pas-Ins_139_patch_3_0.jpg,A1,B1,0.8965
C:\Users\teflo\Desktop\Study\VLU\Comp vision\BT\Final\processed_data\test\A1\A1.13.Pas-Ins_144_patch_3_3.jpg,A1,B1,0.5467
C:\Users\teflo\Desktop\Study\VLU\Comp vision\BT\Final\processed_data\test\A1\A1.13.Pas-Ins_16_patch_1_4.jpg,A1,B2,0.5304
C:\Users\teflo\Desktop\Study\VLU\Comp vision\BT\Final\processed_data\test\A1\A1.13.Pas-Ins_34_patch_1_3.jpg,A1,A2,0.4013
C:\Users\teflo\Desktop\Study\VLU\Comp vision\BT\Final\processed_data\test\A1\A1.13.Pas-Ins_40_patch_1_3.jpg,A1,B1,0.5398
C:\Users\teflo\Desktop\Study\VLU\Comp vision\BT\Final\processed_data\test\A1\A1.13.Pas-Ins_46_patch_1_1.jpg,A1,B2,0.3989
C:\Users\teflo\Desktop\Study\VLU\Comp vision\BT\Final\processed_data\test\A1\A1.13.Pas-Ins_52_patch_1_3.jpg,A1,B2,0.3622
C:\Users\teflo\Desktop\Study\VLU\Comp vision\BT\Final\processed_data\test\A1\A1.13.Pas-Ins_76_patch_2_3.jpg,A1,B1,0.4682
C:\Users\teflo\Desktop\Study\VLU\Comp vision\BT\Final\processed_data\test\A1\A1.14.Chi-Hos2_03_patch_3_0.jpg,A1,B1,0.3761
C:\Users\teflo\Desktop\Study\VLU\Comp vision\BT\Final\processed_data\test\A1\A1.14.Chi-Hos2_105_patch_3_2.jpg,A1,B1,0.4055
C:\Users\teflo\Desktop\Study\VLU\Comp vision\BT\Final\processed_data\test\A1\A1.14.Chi-Hos2_110_patch_2_5.jpg,A1,B1,0.519
C:\Users\teflo\Desktop\Study\VLU\Comp vision\BT\Final\processed_data\test\A1\A1.14.Chi-Hos2_138_patch_3_2.jpg,A1,B2,0.6061
C:\Users\teflo\Desktop\Study\VLU\Comp vision\BT\Final\processed_data\test\A1\A1.14.Chi-Hos2_143_patch_3_1.jpg,A1,B2,0.4217
C:\Users\teflo\Desktop\Study\VLU\Comp vision\BT\Final\processed_data\test\A1\A1.14.Chi-Hos2_160_patch_0_4.jpg,A1,B2,0.4773
C:\Users\teflo\Desktop\Study\VLU\Comp vision\BT\Final\processed_data\test\A1\A1.14.Chi-Hos2_17_patch_0_1.jpg,A1,A2,0.4271
C:\Users\teflo\Desktop\Study\VLU\Comp vision\BT\Final\processed_data\test\A1\A1.14.Chi-Hos2_22_patch_3_5.jpg,A1,B1,0.3988
C:\Users\teflo\Desktop\Study\VLU\Comp vision\BT\Final\processed_data\test\A1\A1.14.Chi-Hos2_29_patch_0_3.jpg,A1,B2,0.6703
C:\Users\teflo\Desktop\Study\VLU\Comp vision\BT\Final\processed_data\test\A1\A1.14.Chi-Hos2_35_patch_0_1.jpg,A1,A2,0.4541
C:\Users\teflo\Desktop\Study\VLU\Comp vision\BT\Final\processed_data\test\A1\A1.14.Chi-Hos2_53_patch_1_5.jpg,A1,B2,0.3642
C:\Users\teflo\Desktop\Study\VLU\Comp vision\BT\Final\processed_data\test\A1\A1.14.Chi-Hos2_66_patch_1_3.jpg,A1,B2,0.3661
C:\Users\teflo\Desktop\Study\VLU\Comp vision\BT\Final\processed_data\test\A1\A1.14.Chi-Hos2_72_patch_3_0.jpg,A1,B1,0.5154
C:\Users\teflo\Desktop\Study\VLU\Comp vision\BT\Final\processed_data\test\A1\A1.14.Chi-Hos2_78_patch_2_3.jpg,A1,A2,0.6754
C:\Users\teflo\Desktop\Study\VLU\Comp vision\BT\Final\processed_data\test\A1\A1.14.Chi-Hos2_84_patch_2_0.jpg,A1,B1,0.3417
C:\Users\teflo\Desktop\Study\VLU\Comp vision\BT\Final\processed_data\test\A1\A1.14.Chi-Hos2_90_patch_1_3.jpg,A1,B2,0.342
C:\Users\teflo\Desktop\Study\VLU\Comp vision\BT\Final\processed_data\test\A1\A1.14.Chi-Hos2_96_patch_1_0.jpg,A1,B1,0.603
C:\Users\teflo\Desktop\Study\VLU\Comp vision\BT\Final\processed_data\test\A1\A1.15.VTT-Sch_09_patch_2_0.jpg,A1,A2,0.5299
C:\Users\teflo\Desktop\Study\VLU\Comp vision\BT\Final\processed_data\test\A1\A1.15.VTT-Sch_22_patch_1_1.jpg,A1,B1,0.4033
C:\Users\teflo\Desktop\Study\VLU\Comp vision\BT\Final\processed_data\test\A1\A1.15.VTT-Sch_36_patch_0_2.jpg,A1,A2,0.3812
C:\Users\teflo\Desktop\Study\VLU\Comp vision\BT\Final\processed_data\test\A1\A1.16.LHP-Sch_15_patch_1_5.jpg,A1,B1,0.3184
C:\Users\teflo\Desktop\Study\VLU\Comp vision\BT\Final\processed_data\test\A1\A1.16.LHP-Sch_21_patch_1_4.jpg,A1,B1,0.439
C:\Users\teflo\Desktop\Study\VLU\Comp vision\BT\Final\processed_data\test\A1\A1.16.LHP-Sch_33_patch_2_1.jpg,A1,A2,0.3289
C:\Users\teflo\Desktop\Study\VLU\Comp vision\BT\Final\processed_data\test\A1\A1.16.LHP-Sch_39_patch_3_0.jpg,A1,B2,0.5689
C:\Users\teflo\Desktop\Study\VLU\Comp vision\BT\Final\processed_data\test\A1\A1.16.LHP-Sch_46_patch_1_5.jpg,A1,B1,0.4904
C:\Users\teflo\Desktop\Study\VLU\Comp vision\BT\Final\processed_data\test\A1\A1.16.LHP-Sch_59_patch_2_2.jpg,A1,B2,0.4377
C:\Users\teflo\Desktop\Study\VLU\Comp vision\BT\Final\processed_data\test\A1\A1.17.Sai-Uni_04_patch_3_2.jpg,A1,B2,0.3233
C:\Users\teflo\Desktop\Study\VLU\Comp vision\BT\Final\processed_data\test\A1\A1.17.Sai-Uni_12_patch_2_0.jpg,A1,A2,0.4888
C:\Users\teflo\Desktop\Study\VLU\Comp vision\BT\Final\processed_data\test\A1\A1.17.Sai-Uni_39_patch_2_0.jpg,A1,B1,0.5562
C:\Users\teflo\Desktop\Study\VLU\Comp vision\BT\Final\processed_data\test\A1\A1.17.Sai-Uni_45_patch_3_4.jpg,A1,A2,0.6976
C:\Users\teflo\Desktop\Study\VLU\Comp vision\BT\Final\processed_data\test\A1\A1.18.TaD-Mar_23_patch_1_2.jpg,A1,B2,0.5312
C:\Users\teflo\Desktop\Study\VLU\Comp vision\BT\Final\processed_data\test\A1\A1.18.TaD-Mar_39_patch_1_0.jpg,A1,B1,0.4721
C:\Users\teflo\Desktop\Study\VLU\Comp vision\BT\Final\processed_data\test\A1\A1.18.TaD-Mar_47_patch_1_1.jpg,A1,B2,0.3643
C:\Users\teflo\Desktop\Study\VLU\Comp vision\BT\Final\processed_data\test\A1\A1.19.TuD-DiB_03_patch_2_5.jpg,A1,A2,0.6001
C:\Users\teflo\Desktop\Study\VLU\Comp vision\BT\Final\processed_data\test\A1\A1.19.TuD-DiB_15_patch_3_3.jpg,A1,A2,0.8484
C:\Users\teflo\Desktop\Study\VLU\Comp vision\BT\Final\processed_data\test\A1\A1.19.TuD-DiB_28_patch_0_2.jpg,A1,A2,0.5023
C:\Users\teflo\Desktop\Study\VLU\Comp vision\BT\Final\processed_data\test\A1\A1.19.TuD-DiB_34_patch_1_3.jpg,A1,A2,0.5448
C:\Users\teflo\Desktop\Study\VLU\Comp vision\BT\Final\processed_data\test\A1\A1.19.TuD-DiB_40_patch_1_5.jpg,A1,B1,0.4335
C:\Users\teflo\Desktop\Study\VLU\Comp vision\BT\Final\processed_data\test\A1\A1.19.TuD-DiB_46_patch_1_3.jpg,A1,B2,0.3728
C:\Users\teflo\Desktop\Study\VLU\Comp vision\BT\Final\processed_data\test\A1\A1.20.Peo-Com_01_patch_1_0.jpg,A1,B2,0.5921
C:\Users\teflo\Desktop\Study\VLU\Comp vision\BT\Final\processed_data\test\A1\A1.20.Peo-Com_13_patch_0_3.jpg,A1,A2,0.5839
C:\Users\teflo\Desktop\Study\VLU\Comp vision\BT\Final\processed_data\test\A1\A1.21.Rai-Bui_04_patch_2_1.jpg,A1,A2,0.3042
C:\Users\teflo\Desktop\Study\VLU\Comp vision\BT\Final\processed_data\test\A1\A1.21.Rai-Bui_23_patch_0_5.jpg,A1,B2,0.4863
C:\Users\teflo\Desktop\Study\VLU\Comp vision\BT\Final\processed_data\test\A1\A1.21.Rai-Bui_35_patch_1_4.jpg,A1,A2,0.5513
C:\Users\teflo\Desktop\Study\VLU\Comp vision\BT\Final\processed_data\test\A1\A1.21.Rai-Bui_41_patch_1_4.jpg,A1,A2,0.5863
C:\Users\teflo\Desktop\Study\VLU\Comp vision\BT\Final\processed_data\test\A1\A1.21.Rai-Bui_47_patch_1_5.jpg,A1,A2,0.4225
C:\Users\teflo\Desktop\Study\VLU\Comp vision\BT\Final\processed_data\test\A1\A1.22.Ben-Tha_82_patch_0_2.jpg,A1,A2,0.4765
C:\Users\teflo\Desktop\Study\VLU\Comp vision\BT\Final\processed_data\test\A1\A1.22.Ben-Tha_96_patch_0_2.jpg,A1,A2,0.3305
C:\Users\teflo\Desktop\Study\VLU\Comp vision\BT\Final\processed_data\test\A1\A1.23.Tru-Vuo_05_patch_2_3.jpg,A1,B2,0.2956
C:\Users\teflo\Desktop\Study\VLU\Comp vision\BT\Final\processed_data\test\A1\A1.23.Tru-Vuo_101_patch_3_2.jpg,A1,B2,0.5237
C:\Users\teflo\Desktop\Study\VLU\Comp vision\BT\Final\processed_data\test\A1\A1.23.Tru-Vuo_112_patch_2_5.jpg,A1,B2,0.8113
C:\Users\teflo\Desktop\Study\VLU\Comp vision\BT\Final\processed_data\test\A1\A1.23.Tru-Vuo_35_patch_0_5.jpg,A1,A2,0.2881
C:\Users\teflo\Desktop\Study\VLU\Comp vision\BT\Final\processed_data\test\A1\A1.23.Tru-Vuo_79_patch_0_5.jpg,A1,B1,0.568
C:\Users\teflo\Desktop\Study\VLU\Comp vision\BT\Final\processed_data\test\A1\A1.23.Tru-Vuo_91_patch_0_5.jpg,A1,A2,0.4267
C:\Users\teflo\Desktop\Study\VLU\Comp vision\BT\Final\processed_data\test\A1\A1.23.Tru-Vuo_97_patch_1_0.jpg,A1,B1,0.5434
C:\Users\teflo\Desktop\Study\VLU\Comp vision\BT\Final\processed_data\test\A1\A1.24.Indo-Ban_04_patch_1_3.jpg,A1,A2,0.5071
C:\Users\teflo\Desktop\Study\VLU\Comp vision\BT\Final\processed_data\test\A1\A1.24.Indo-Ban_100_patch_1_3.jpg,A1,A2,0.6058
C:\Users\teflo\Desktop\Study\VLU\Comp vision\BT\Final\processed_data\test\A1\A1.24.Indo-Ban_106_patch_1_3.jpg,A1,A2,0.7918
C:\Users\teflo\Desktop\Study\VLU\Comp vision\BT\Final\processed_data\test\A1\A1.24.Indo-Ban_111_patch_2_2.jpg,A1,B1,0.4138
C:\Users\teflo\Desktop\Study\VLU\Comp vision\BT\Final\processed_data\test\A1\A1.24.Indo-Ban_118_patch_1_5.jpg,A1,B2,0.4001
C:\Users\teflo\Desktop\Study\VLU\Comp vision\BT\Final\processed_data\test\A1\A1.24.Indo-Ban_12_patch_2_4.jpg,A1,A2,0.5098
C:\Users\teflo\Desktop\Study\VLU\Comp vision\BT\Final\processed_data\test\A1\A1.24.Indo-Ban_136_patch_1_2.jpg,A1,A2,0.4953
C:\Users\teflo\Desktop\Study\VLU\Comp vision\BT\Final\processed_data\test\A1\A1.24.Indo-Ban_141_patch_2_3.jpg,A1,A2,0.3295
C:\Users\teflo\Desktop\Study\VLU\Comp vision\BT\Final\processed_data\test\A1\A1.24.Indo-Ban_148_patch_2_1.jpg,A1,A2,0.5661
C:\Users\teflo\Desktop\Study\VLU\Comp vision\BT\Final\processed_data\test\A1\A1.24.Indo-Ban_153_patch_1_4.jpg,A1,A2,0.6278
C:\Users\teflo\Desktop\Study\VLU\Comp vision\BT\Final\processed_data\test\A1\A1.24.Indo-Ban_159_patch_3_5.jpg,A1,B1,0.381
C:\Users\teflo\Desktop\Study\VLU\Comp vision\BT\Final\processed_data\test\A1\A1.24.Indo-Ban_170_patch_1_0.jpg,A1,B1,0.5713
C:\Users\teflo\Desktop\Study\VLU\Comp vision\BT\Final\processed_data\test\A1\A1.24.Indo-Ban_176_patch_1_3.jpg,A1,A2,0.4655
C:\Users\teflo\Desktop\Study\VLU\Comp vision\BT\Final\processed_data\test\A1\A1.24.Indo-Ban_183_patch_3_1.jpg,A1,A2,0.4241
C:\Users\teflo\Desktop\Study\VLU\Comp vision\BT\Final\processed_data\test\A1\A1.24.Indo-Ban_189_patch_3_5.jpg,A1,B1,0.4531
C:\Users\teflo\Desktop\Study\VLU\Comp vision\BT\Final\processed_data\test\A1\A1.24.Indo-Ban_194_patch_3_3.jpg,A1,A2,0.5372
C:\Users\teflo\Desktop\Study\VLU\Comp vision\BT\Final\processed_data\test\A1\A1.24.Indo-Ban_204_patch_1_2.jpg,A1,A2,0.5777
C:\Users\teflo\Desktop\Study\VLU\Comp vision\BT\Final\processed_data\test\A1\A1.24.Indo-Ban_20_patch_3_0.jpg,A1,B1,0.6328
C:\Users\teflo\Desktop\Study\VLU\Comp vision\BT\Final\processed_data\test\A1\A1.24.Indo-Ban_218_patch_0_4.jpg,A1,A2,0.6249
C:\Users\teflo\Desktop\Study\VLU\Comp vision\BT\Final\processed_data\test\A1\A1.24.Indo-Ban_223_patch_0_4.jpg,A1,A2,0.8661
C:\Users\teflo\Desktop\Study\VLU\Comp vision\BT\Final\processed_data\test\A1\A1.24.Indo-Ban_229_patch_1_0.jpg,A1,B1,0.4034
C:\Users\teflo\Desktop\Study\VLU\Comp vision\BT\Final\processed_data\test\A1\A1.24.Indo-Ban_234_patch_3_0.jpg,A1,B1,0.5751
C:\Users\teflo\Desktop\Study\VLU\Comp vision\BT\Final\processed_data\test\A1\A1.24.Indo-Ban_23_patch_3_1.jpg,A1,A2,0.5221
C:\Users\teflo\Desktop\Study\VLU\Comp vision\BT\Final\processed_data\test\A1\A1.24.Indo-Ban_245_patch_3_3.jpg,A1,B1,0.4561
C:\Users\teflo\Desktop\Study\VLU\Comp vision\BT\Final\processed_data\test\A1\A1.24.Indo-Ban_254_patch_2_0.jpg,A1,A2,0.5844
C:\Users\teflo\Desktop\Study\VLU\Comp vision\BT\Final\processed_data\test\A1\A1.24.Indo-Ban_25_patch_1_4.jpg,A1,A2,0.7517
C:\Users\teflo\Desktop\Study\VLU\Comp vision\BT\Final\processed_data\test\A1\A1.24.Indo-Ban_270_patch_2_0.jpg,A1,A2,0.3681
C:\Users\teflo\Desktop\Study\VLU\Comp vision\BT\Final\processed_data\test\A1\A1.24.Indo-Ban_276_patch_1_5.jpg,A1,A2,0.3715
C:\Users\teflo\Desktop\Study\VLU\Comp vision\BT\Final\processed_data\test\A1\A1.24.Indo-Ban_281_patch_2_2.jpg,A1,A2,0.3074
C:\Users\teflo\Desktop\Study\VLU\Comp vision\BT\Final\processed_data\test\A1\A1.24.Indo-Ban_287_patch_2_3.jpg,A1,A2,0.4675
C:\Users\teflo\Desktop\Study\VLU\Comp vision\BT\Final\processed_data\test\A1\A1.24.Indo-Ban_292_patch_3_2.jpg,A1,B1,0.682
C:\Users\teflo\Desktop\Study\VLU\Comp vision\BT\Final\processed_data\test\A1\A1.24.Indo-Ban_298_patch_3_2.jpg,A1,A2,0.5949
C:\Users\teflo\Desktop\Study\VLU\Comp vision\BT\Final\processed_data\test\A1\A1.24.Indo-Ban_303_patch_3_2.jpg,A1,B1,0.4266
C:\Users\teflo\Desktop\Study\VLU\Comp vision\BT\Final\processed_data\test\A1\A1.24.Indo-Ban_30_patch_2_5.jpg,A1,B2,0.4678
C:\Users\teflo\Desktop\Study\VLU\Comp vision\BT\Final\processed_data\test\A1\A1.24.Indo-Ban_315_patch_3_4.jpg,A1,A2,0.7737
C:\Users\teflo\Desktop\Study\VLU\Comp vision\BT\Final\processed_data\test\A1\A1.24.Indo-Ban_322_patch_0_5.jpg,A1,B2,0.4574
C:\Users\teflo\Desktop\Study\VLU\Comp vision\BT\Final\processed_data\test\A1\A1.24.Indo-Ban_328_patch_1_2.jpg,A1,B2,0.5595
C:\Users\teflo\Desktop\Study\VLU\Comp vision\BT\Final\processed_data\test\A1\A1.24.Indo-Ban_333_patch_2_0.jpg,A1,B1,0.3883
C:\Users\teflo\Desktop\Study\VLU\Comp vision\BT\Final\processed_data\test\A1\A1.24.Indo-Ban_339_patch_2_3.jpg,A1,A2,0.6738
C:\Users\teflo\Desktop\Study\VLU\Comp vision\BT\Final\processed_data\test\A1\A1.24.Indo-Ban_345_patch_3_0.jpg,A1,A2,0.6799
C:\Users\teflo\Desktop\Study\VLU\Comp vision\BT\Final\processed_data\test\A1\A1.24.Indo-Ban_350_patch_3_5.jpg,A1,B1,0.4758
C:\Users\teflo\Desktop\Study\VLU\Comp vision\BT\Final\processed_data\test\A1\A1.24.Indo-Ban_357_patch_0_2.jpg,A1,B2,0.5357
C:\Users\teflo\Desktop\Study\VLU\Comp vision\BT\Final\processed_data\test\A1\A1.24.Indo-Ban_362_patch_0_3.jpg,A1,B1,0.5925
C:\Users\teflo\Desktop\Study\VLU\Comp vision\BT\Final\processed_data\test\A1\A1.24.Indo-Ban_41_patch_0_2.jpg,A1,B1,0.5361
C:\Users\teflo\Desktop\Study\VLU\Comp vision\BT\Final\processed_data\test\A1\A1.24.Indo-Ban_46_patch_3_5.jpg,A1,A2,0.3943
C:\Users\teflo\Desktop\Study\VLU\Comp vision\BT\Final\processed_data\test\A1\A1.24.Indo-Ban_53_patch_1_1.jpg,A1,A2,0.3669
C:\Users\teflo\Desktop\Study\VLU\Comp vision\BT\Final\processed_data\test\A1\A1.24.Indo-Ban_59_patch_2_3.jpg,A1,B1,0.435
C:\Users\teflo\Desktop\Study\VLU\Comp vision\BT\Final\processed_data\test\A1\A1.24.Indo-Ban_65_patch_3_3.jpg,A1,A2,0.8885
C:\Users\teflo\Desktop\Study\VLU\Comp vision\BT\Final\processed_data\test\A1\A1.24.Indo-Ban_71_patch_3_4.jpg,A1,A2,0.4991
C:\Users\teflo\Desktop\Study\VLU\Comp vision\BT\Final\processed_data\test\A1\A1.24.Indo-Ban_78_patch_0_0.jpg,A1,A2,0.5071
C:\Users\teflo\Desktop\Study\VLU\Comp vision\BT\Final\processed_data\test\A1\A1.24.Indo-Ban_84_patch_1_3.jpg,A1,A2,0.5998
C:\Users\teflo\Desktop\Study\VLU\Comp vision\BT\Final\processed_data\test\A1\A1.24.Indo-Ban_90_patch_1_5.jpg,A1,A2,0.5136
C:\Users\teflo\Desktop\Study\VLU\Comp vision\BT\Final\processed_data\test\A1\A1.24.Indo-Ban_96_patch_1_4.jpg,A1,A2,0.4648
C:\Users\teflo\Desktop\Study\VLU\Comp vision\BT\Final\processed_data\test\A1\A1.25.Gra-Sai_03_patch_2_1.jpg,A1,A2,0.437
C:\Users\teflo\Desktop\Study\VLU\Comp vision\BT\Final\processed_data\test\A1\A1.25.Gra-Sai_09_patch_2_4.jpg,A1,A2,0.65
C:\Users\teflo\Desktop\Study\VLU\Comp vision\BT\Final\processed_data\test\A1\A1.25.Gra-Sai_22_patch_2_3.jpg,A1,A2,0.5089
C:\Users\teflo\Desktop\Study\VLU\Comp vision\BT\Final\processed_data\test\A1\A1.25.Gra-Sai_28_patch_3_1.jpg,A1,A2,0.2866
C:\Users\teflo\Desktop\Study\VLU\Comp vision\BT\Final\processed_data\test\A1\A1.25.Gra-Sai_34_patch_3_4.jpg,A1,B1,0.3437
C:\Users\teflo\Desktop\Study\VLU\Comp vision\BT\Final\processed_data\test\A1\A1.25.Gra-Sai_40_patch_3_2.jpg,A1,B1,0.3738
C:\Users\teflo\Desktop\Study\VLU\Comp vision\BT\Final\processed_data\test\A1\A1.25.Gra-Sai_53_patch_2_3.jpg,A1,B2,0.2985
C:\Users\teflo\Desktop\Study\VLU\Comp vision\BT\Final\processed_data\test\A1\A1.25.Gra-Sai_59_patch_2_3.jpg,A1,A2,0.5349
C:\Users\teflo\Desktop\Study\VLU\Comp vision\BT\Final\processed_data\test\A1\A1.25.Gra-Sai_65_patch_3_3.jpg,A1,B1,0.4666
C:\Users\teflo\Desktop\Study\VLU\Comp vision\BT\Final\processed_data\test\A1\A1.25.Gra-Sai_71_patch_3_4.jpg,A1,A2,0.491
C:\Users\teflo\Desktop\Study\VLU\Comp vision\BT\Final\processed_data\test\A1\A1.25.Gra-Sai_77_patch_3_1.jpg,A1,B2,0.3727
C:\Users\teflo\Desktop\Study\VLU\Comp vision\BT\Final\processed_data\test\A1\A1.25.Gra-Sai_83_patch_3_2.jpg,A1,A2,0.7361
C:\Users\teflo\Desktop\Study\VLU\Comp vision\BT\Final\processed_data\test\A1\A1.25.Gra-Sai_90_patch_0_3.jpg,A1,A2,0.5808
C:\Users\teflo\Desktop\Study\VLU\Comp vision\BT\Final\processed_data\test\A1\A1.26.Tan-Din_03_patch_1_1.jpg,A1,B2,0.4658
C:\Users\teflo\Desktop\Study\VLU\Comp vision\BT\Final\processed_data\test\A1\A1.26.Tan-Din_108_patch_1_0.jpg,A1,A2,0.8923
C:\Users\teflo\Desktop\Study\VLU\Comp vision\BT\Final\processed_data\test\A1\A1.26.Tan-Din_11_patch_2_1.jpg,A1,A2,0.5678
C:\Users\teflo\Desktop\Study\VLU\Comp vision\BT\Final\processed_data\test\A1\A1.26.Tan-Din_126_patch_2_1.jpg,A1,A2,0.5272
C:\Users\teflo\Desktop\Study\VLU\Comp vision\BT\Final\processed_data\test\A1\A1.26.Tan-Din_132_patch_0_3.jpg,A1,B2,0.2946
C:\Users\teflo\Desktop\Study\VLU\Comp vision\BT\Final\processed_data\test\A1\A1.26.Tan-Din_138_patch_1_3.jpg,A1,A2,0.3167
C:\Users\teflo\Desktop\Study\VLU\Comp vision\BT\Final\processed_data\test\A1\A1.26.Tan-Din_154_patch_3_3.jpg,A1,B2,0.3681
C:\Users\teflo\Desktop\Study\VLU\Comp vision\BT\Final\processed_data\test\A1\A1.26.Tan-Din_28_patch_1_4.jpg,A1,B2,0.6882
C:\Users\teflo\Desktop\Study\VLU\Comp vision\BT\Final\processed_data\test\A1\A1.26.Tan-Din_34_patch_3_4.jpg,A1,B2,0.4186
C:\Users\teflo\Desktop\Study\VLU\Comp vision\BT\Final\processed_data\test\A1\A1.26.Tan-Din_41_patch_0_5.jpg,A1,A2,0.588
C:\Users\teflo\Desktop\Study\VLU\Comp vision\BT\Final\processed_data\test\A1\A1.26.Tan-Din_47_patch_2_5.jpg,A1,A2,0.3712
C:\Users\teflo\Desktop\Study\VLU\Comp vision\BT\Final\processed_data\test\A1\A1.26.Tan-Din_56_patch_0_1.jpg,A1,A2,0.5193
C:\Users\teflo\Desktop\Study\VLU\Comp vision\BT\Final\processed_data\test\A1\A1.26.Tan-Din_63_patch_0_5.jpg,A1,A2,0.6866
C:\Users\teflo\Desktop\Study\VLU\Comp vision\BT\Final\processed_data\test\A1\A1.26.Tan-Din_72_patch_1_0.jpg,A1,A2,0.7144
C:\Users\teflo\Desktop\Study\VLU\Comp vision\BT\Final\processed_data\test\A1\A1.26.Tan-Din_79_patch_3_0.jpg,A1,B1,0.3985
C:\Users\teflo\Desktop\Study\VLU\Comp vision\BT\Final\processed_data\test\A1\A1.26.Tan-Din_85_patch_3_3.jpg,A1,A2,0.6204
C:\Users\teflo\Desktop\Study\VLU\Comp vision\BT\Final\processed_data\test\A1\A1.27.Tu-Du_21_patch_0_1.jpg,A1,B2,0.4877
C:\Users\teflo\Desktop\Study\VLU\Comp vision\BT\Final\processed_data\test\A1\A1.27.Tu-Du_27_patch_0_3.jpg,A1,A2,0.3795
C:\Users\teflo\Desktop\Study\VLU\Comp vision\BT\Final\processed_data\test\A1\A1.27.Tu-Du_33_patch_2_3.jpg,A1,B2,0.5866
C:\Users\teflo\Desktop\Study\VLU\Comp vision\BT\Final\processed_data\test\A1\A1.27.Tu-Du_45_patch_2_0.jpg,A1,B2,0.4681
C:\Users\teflo\Desktop\Study\VLU\Comp vision\BT\Final\processed_data\test\A1\A1.28.Cam-Mus_14_patch_1_4.jpg,A1,B2,0.4551
C:\Users\teflo\Desktop\Study\VLU\Comp vision\BT\Final\processed_data\test\A1\A1.28.Cam-Mus_21_patch_3_4.jpg,A1,A2,0.6238
C:\Users\teflo\Desktop\Study\VLU\Comp vision\BT\Final\processed_data\test\A1\A1.28.Cam-Mus_29_patch_0_2.jpg,A1,B2,0.4283
C:\Users\teflo\Desktop\Study\VLU\Comp vision\BT\Final\processed_data\test\A1\A1.28.Cam-Mus_35_patch_2_2.jpg,A1,B2,0.4256
C:\Users\teflo\Desktop\Study\VLU\Comp vision\BT\Final\processed_data\test\A1\A1.28.Cam-Mus_41_patch_3_5.jpg,A1,B2,0.3861
C:\Users\teflo\Desktop\Study\VLU\Comp vision\BT\Final\processed_data\test\A1\A1.28.Cam-Mus_48_patch_2_2.jpg,A1,B2,0.5091
C:\Users\teflo\Desktop\Study\VLU\Comp vision\BT\Final\processed_data\test\A1\A1.28.Cam-Mus_54_patch_1_4.jpg,A1,B1,0.3739
C:\Users\teflo\Desktop\Study\VLU\Comp vision\BT\Final\processed_data\test\A1\A1.29.Lab-Cul_09_patch_3_1.jpg,A1,B2,0.5442
C:\Users\teflo\Desktop\Study\VLU\Comp vision\BT\Final\processed_data\test\A1\A1.29.Lab-Cul_15_patch_3_5.jpg,A1,B2,0.4498
C:\Users\teflo\Desktop\Study\VLU\Comp vision\BT\Final\processed_data\test\A1\A1.29.Lab-Cul_22_patch_3_2.jpg,A1,B1,0.9009
C:\Users\teflo\Desktop\Study\VLU\Comp vision\BT\Final\processed_data\test\A1\A1.29.Lab-Cul_35_patch_0_5.jpg,A1,B2,0.5018
C:\Users\teflo\Desktop\Study\VLU\Comp vision\BT\Final\processed_data\test\A1\A1.32.Sec-Adm_18_patch_0_1.jpg,A1,B1,0.566
C:\Users\teflo\Desktop\Study\VLU\Comp vision\BT\Final\processed_data\test\A1\A1.32.Sec-Adm_23_patch_3_3.jpg,A1,A2,0.4994
C:\Users\teflo\Desktop\Study\VLU\Comp vision\BT\Final\processed_data\test\A1\A1.32.Sec-Adm_29_patch_3_1.jpg,A1,B2,0.4224
C:\Users\teflo\Desktop\Study\VLU\Comp vision\BT\Final\processed_data\test\A1\A1.34.Maj-Hot_01_patch_3_5.jpg,A1,B1,0.469
C:\Users\teflo\Desktop\Study\VLU\Comp vision\BT\Final\processed_data\test\A1\A1.34.Maj-Hot_08_patch_3_0.jpg,A1,A2,0.6359
C:\Users\teflo\Desktop\Study\VLU\Comp vision\BT\Final\processed_data\test\A1\A1.36.St-Paul_01_patch_1_0.jpg,A1,B1,0.6155
C:\Users\teflo\Desktop\Study\VLU\Comp vision\BT\Final\processed_data\test\A1\A1.36.St-Paul_07_patch_1_3.jpg,A1,A2,0.4845
C:\Users\teflo\Desktop\Study\VLU\Comp vision\BT\Final\processed_data\test\A1\A1.36.St-Paul_19_patch_1_4.jpg,A1,B2,0.2879
C:\Users\teflo\Desktop\Study\VLU\Comp vision\BT\Final\processed_data\test\A1\A1.36.St-Paul_27_patch_1_2.jpg,A1,B1,0.3895
C:\Users\teflo\Desktop\Study\VLU\Comp vision\BT\Final\processed_data\test\A1\A1.36.St-Paul_35_patch_1_4.jpg,A1,A2,0.4006
C:\Users\teflo\Desktop\Study\VLU\Comp vision\BT\Final\processed_data\test\A1\A1.36.St-Paul_41_patch_2_2.jpg,A1,A2,0.4184
C:\Users\teflo\Desktop\Study\VLU\Comp vision\BT\Final\processed_data\test\A1\A1.36.St-Paul_48_patch_0_0.jpg,A1,A2,0.6781
C:\Users\teflo\Desktop\Study\VLU\Comp vision\BT\Final\processed_data\test\A1\A1.36.St-Paul_61_patch_0_0.jpg,A1,B1,0.2845
C:\Users\teflo\Desktop\Study\VLU\Comp vision\BT\Final\processed_data\test\A1\A1.36.St-Paul_67_patch_2_1.jpg,A1,B2,0.3796
C:\Users\teflo\Desktop\Study\VLU\Comp vision\BT\Final\processed_data\test\A1\A1.36.St-Paul_74_patch_2_1.jpg,A1,A2,0.6259
C:\Users\teflo\Desktop\Study\VLU\Comp vision\BT\Final\processed_data\test\A1\A1.36.St-Paul_87_patch_0_1.jpg,A1,A2,0.3251
C:\Users\teflo\Desktop\Study\VLU\Comp vision\BT\Final\processed_data\test\A1\A1.39.Oil-Buid_03_patch_1_1.jpg,A1,A2,0.6002
C:\Users\teflo\Desktop\Study\VLU\Comp vision\BT\Final\processed_data\test\A1\A1.39.Oil-Buid_15_patch_0_2.jpg,A1,B2,0.5733
C:\Users\teflo\Desktop\Study\VLU\Comp vision\BT\Final\processed_data\test\A1\A1.39.Oil-Buid_21_patch_3_1.jpg,A1,A2,0.804
C:\Users\teflo\Desktop\Study\VLU\Comp vision\BT\Final\processed_data\test\A1\A1.39.Oil-Buid_27_patch_3_2.jpg,A1,A2,0.5325
C:\Users\teflo\Desktop\Study\VLU\Comp vision\BT\Final\processed_data\test\A1\A1.39.Oil-Buid_33_patch_3_3.jpg,A1,A2,0.7088
C:\Users\teflo\Desktop\Study\VLU\Comp vision\BT\Final\processed_data\test\A1\A1.39.Oil-Buid_39_patch_3_4.jpg,A1,B1,0.7799
C:\Users\teflo\Desktop\Study\VLU\Comp vision\BT\Final\processed_data\test\A1\A1.39.Oil-Buid_45_patch_3_2.jpg,A1,A2,0.3697
C:\Users\teflo\Desktop\Study\VLU\Comp vision\BT\Final\processed_data\test\A1\A1.39.Oil-Buid_51_patch_3_0.jpg,A1,B1,0.3718
C:\Users\teflo\Desktop\Study\VLU\Comp vision\BT\Final\processed_data\test\A1\A1.39.Oil-Buid_57_patch_3_5.jpg,A1,A2,0.449
C:\Users\teflo\Desktop\Study\VLU\Comp vision\BT\Final\processed_data\test\A1\A1.39.Oil-Buid_63_patch_3_5.jpg,A1,B1,0.3823
C:\Users\teflo\Desktop\Study\VLU\Comp vision\BT\Final\processed_data\test\A1\A1.41.Sto-Exc_06_patch_1_5.jpg,A1,A2,0.5275
C:\Users\teflo\Desktop\Study\VLU\Comp vision\BT\Final\processed_data\test\A1\A1.41.Sto-Exc_13_patch_0_4.jpg,A1,A2,0.45
C:\Users\teflo\Desktop\Study\VLU\Comp vision\BT\Final\processed_data\test\A1\A1.41.Sto-Exc_19_patch_0_3.jpg,A1,A2,0.4174
C:\Users\teflo\Desktop\Study\VLU\Comp vision\BT\Final\processed_data\test\A1\A1.41.Sto-Exc_25_patch_0_0.jpg,A1,B1,0.3007
C:\Users\teflo\Desktop\Study\VLU\Comp vision\BT\Final\processed_data\test\A1\A1.41.Sto-Exc_43_patch_2_2.jpg,A1,A2,0.5909
C:\Users\teflo\Desktop\Study\VLU\Comp vision\BT\Final\processed_data\test\A1\A1.42.BIDV-Bui_05_patch_3_2.jpg,A1,B2,0.619
C:\Users\teflo\Desktop\Study\VLU\Comp vision\BT\Final\processed_data\test\A1\A1.42.BIDV-Bui_11_patch_3_2.jpg,A1,A2,0.5377
C:\Users\teflo\Desktop\Study\VLU\Comp vision\BT\Final\processed_data\test\A1\A1.42.BIDV-Bui_18_patch_3_1.jpg,A1,A2,0.7406
C:\Users\teflo\Desktop\Study\VLU\Comp vision\BT\Final\processed_data\test\A1\A1.42.BIDV-Bui_25_patch_3_5.jpg,A1,B1,0.3418
C:\Users\teflo\Desktop\Study\VLU\Comp vision\BT\Final\processed_data\test\A1\A1.42.BIDV-Bui_32_patch_2_2.jpg,A1,B1,0.673
C:\Users\teflo\Desktop\Study\VLU\Comp vision\BT\Final\processed_data\test\A1\A1.42.BIDV-Bui_45_patch_1_1.jpg,A1,A2,0.6879
C:\Users\teflo\Desktop\Study\VLU\Comp vision\BT\Final\processed_data\test\A1\A1.43.Sta-Tre_17_patch_2_1.jpg,A1,A2,0.375
C:\Users\teflo\Desktop\Study\VLU\Comp vision\BT\Final\processed_data\test\A1\A1.43.Sta-Tre_23_patch_3_2.jpg,A1,B2,0.5143
C:\Users\teflo\Desktop\Study\VLU\Comp vision\BT\Final\processed_data\test\A1\A1.43.Sta-Tre_30_patch_1_5.jpg,A1,A2,0.5759
C:\Users\teflo\Desktop\Study\VLU\Comp vision\BT\Final\processed_data\test\A1\A1.43.Sta-Tre_36_patch_3_2.jpg,A1,B2,0.5308
C:\Users\teflo\Desktop\Study\VLU\Comp vision\BT\Final\processed_data\test\A1\A1.43.Sta-Tre_42_patch_3_0.jpg,A1,B1,0.699
C:\Users\teflo\Desktop\Study\VLU\Comp vision\BT\Final\processed_data\test\A2\A2.05.Pub-Ser_01_patch_0_0.jpg,A2,A1,0.7175
C:\Users\teflo\Desktop\Study\VLU\Comp vision\BT\Final\processed_data\test\A2\A2.05.Pub-Ser_01_patch_0_4.jpg,A2,A1,0.4101
C:\Users\teflo\Desktop\Study\VLU\Comp vision\BT\Final\processed_data\test\A2\A2.05.Pub-Ser_01_patch_1_3.jpg,A2,A1,0.5498
C:\Users\teflo\Desktop\Study\VLU\Comp vision\BT\Final\processed_data\test\A2\A2.05.Pub-Ser_01_patch_3_0.jpg,A2,B1,0.3898
C:\Users\teflo\Desktop\Study\VLU\Comp vision\BT\Final\processed_data\test\A2\A2.05.Pub-Ser_01_patch_3_4.jpg,A2,A1,0.396
C:\Users\teflo\Desktop\Study\VLU\Comp vision\BT\Final\processed_data\test\A2\A2.05.Pub-Ser_03_patch_0_0.jpg,A2,B2,0.3246
C:\Users\teflo\Desktop\Study\VLU\Comp vision\BT\Final\processed_data\test\A2\A2.05.Pub-Ser_03_patch_2_3.jpg,A2,B2,0.56
C:\Users\teflo\Desktop\Study\VLU\Comp vision\BT\Final\processed_data\test\A2\A2.05.Pub-Ser_03_patch_3_1.jpg,A2,A1,0.529
C:\Users\teflo\Desktop\Study\VLU\Comp vision\BT\Final\processed_data\test\A2\A2.05.Pub-Ser_04_patch_0_0.jpg,A2,A1,0.4859
C:\Users\teflo\Desktop\Study\VLU\Comp vision\BT\Final\processed_data\test\A2\A2.05.Pub-Ser_04_patch_2_3.jpg,A2,A1,0.4309
C:\Users\teflo\Desktop\Study\VLU\Comp vision\BT\Final\processed_data\test\A2\A2.05.Pub-Ser_05_patch_3_0.jpg,A2,B2,0.4419
C:\Users\teflo\Desktop\Study\VLU\Comp vision\BT\Final\processed_data\test\A2\A2.05.Pub-Ser_06_patch_1_1.jpg,A2,B2,0.3214
C:\Users\teflo\Desktop\Study\VLU\Comp vision\BT\Final\processed_data\test\A2\A2.05.Pub-Ser_06_patch_2_3.jpg,A2,B1,0.512
C:\Users\teflo\Desktop\Study\VLU\Comp vision\BT\Final\processed_data\test\A2\A2.05.Pub-Ser_07_patch_3_0.jpg,A2,A1,0.2746
C:\Users\teflo\Desktop\Study\VLU\Comp vision\BT\Final\processed_data\test\A2\A2.05.Pub-Ser_07_patch_3_5.jpg,A2,A1,0.3052
C:\Users\teflo\Desktop\Study\VLU\Comp vision\BT\Final\processed_data\test\A2\A2.05.Pub-Ser_08_patch_0_4.jpg,A2,B2,0.4493
C:\Users\teflo\Desktop\Study\VLU\Comp vision\BT\Final\processed_data\test\A2\A2.05.Pub-Ser_08_patch_1_2.jpg,A2,A1,0.3637
C:\Users\teflo\Desktop\Study\VLU\Comp vision\BT\Final\processed_data\test\A2\A2.05.Pub-Ser_08_patch_2_2.jpg,A2,B2,0.5933
C:\Users\teflo\Desktop\Study\VLU\Comp vision\BT\Final\processed_data\test\A2\A2.05.Pub-Ser_08_patch_3_0.jpg,A2,B2,0.495
C:\Users\teflo\Desktop\Study\VLU\Comp vision\BT\Final\processed_data\test\A2\A2.05.Pub-Ser_08_patch_3_5.jpg,A2,A1,0.3741
C:\Users\teflo\Desktop\Study\VLU\Comp vision\BT\Final\processed_data\test\A2\A2.05.Pub-Ser_10_patch_1_0.jpg,A2,B2,0.3259
C:\Users\teflo\Desktop\Study\VLU\Comp vision\BT\Final\processed_data\test\A2\A2.05.Pub-Ser_10_patch_2_3.jpg,A2,A1,0.3977
C:\Users\teflo\Desktop\Study\VLU\Comp vision\BT\Final\processed_data\test\A2\A2.05.Pub-Ser_11_patch_1_0.jpg,A2,A1,0.3861
C:\Users\teflo\Desktop\Study\VLU\Comp vision\BT\Final\processed_data\test\A2\A2.05.Pub-Ser_11_patch_3_1.jpg,A2,B2,0.3988
C:\Users\teflo\Desktop\Study\VLU\Comp vision\BT\Final\processed_data\test\A2\A2.05.Pub-Ser_12_patch_0_1.jpg,A2,A1,0.4354
C:\Users\teflo\Desktop\Study\VLU\Comp vision\BT\Final\processed_data\test\A2\A2.05.Pub-Ser_12_patch_1_0.jpg,A2,A1,0.2753
C:\Users\teflo\Desktop\Study\VLU\Comp vision\BT\Final\processed_data\test\A2\A2.05.Pub-Ser_12_patch_1_4.jpg,A2,B2,0.3371
C:\Users\teflo\Desktop\Study\VLU\Comp vision\BT\Final\processed_data\test\A2\A2.05.Pub-Ser_12_patch_2_3.jpg,A2,A1,0.3781
C:\Users\teflo\Desktop\Study\VLU\Comp vision\BT\Final\processed_data\test\A2\A2.05.Pub-Ser_12_patch_3_1.jpg,A2,B2,0.6789
C:\Users\teflo\Desktop\Study\VLU\Comp vision\BT\Final\processed_data\test\A2\A2.05.Pub-Ser_13_patch_0_0.jpg,A2,B2,0.4911
C:\Users\teflo\Desktop\Study\VLU\Comp vision\BT\Final\processed_data\test\A2\A2.05.Pub-Ser_13_patch_2_2.jpg,A2,B1,0.3886
C:\Users\teflo\Desktop\Study\VLU\Comp vision\BT\Final\processed_data\test\A2\A2.05.Pub-Ser_13_patch_3_0.jpg,A2,A1,0.4774
C:\Users\teflo\Desktop\Study\VLU\Comp vision\BT\Final\processed_data\test\A2\A2.05.Pub-Ser_14_patch_0_0.jpg,A2,B2,0.3723
C:\Users\teflo\Desktop\Study\VLU\Comp vision\BT\Final\processed_data\test\A2\A2.05.Pub-Ser_14_patch_1_5.jpg,A2,B2,0.4742
C:\Users\teflo\Desktop\Study\VLU\Comp vision\BT\Final\processed_data\test\A2\A2.05.Pub-Ser_14_patch_2_4.jpg,A2,A1,0.3187
C:\Users\teflo\Desktop\Study\VLU\Comp vision\BT\Final\processed_data\test\A2\A2.05.Pub-Ser_14_patch_3_2.jpg,A2,B2,0.4824
C:\Users\teflo\Desktop\Study\VLU\Comp vision\BT\Final\processed_data\test\A2\A2.05.Pub-Ser_15_patch_1_0.jpg,A2,A1,0.3682
C:\Users\teflo\Desktop\Study\VLU\Comp vision\BT\Final\processed_data\test\A2\A2.05.Pub-Ser_15_patch_2_3.jpg,A2,B2,0.4173
C:\Users\teflo\Desktop\Study\VLU\Comp vision\BT\Final\processed_data\test\A2\A2.05.Pub-Ser_15_patch_3_1.jpg,A2,B2,0.4242
C:\Users\teflo\Desktop\Study\VLU\Comp vision\BT\Final\processed_data\test\A2\A2.05.Pub-Ser_16_patch_0_5.jpg,A2,B1,0.2959
C:\Users\teflo\Desktop\Study\VLU\Comp vision\BT\Final\processed_data\test\A2\A2.05.Pub-Ser_16_patch_1_3.jpg,A2,B2,0.3139
C:\Users\teflo\Desktop\Study\VLU\Comp vision\BT\Final\processed_data\test\A2\A2.05.Pub-Ser_16_patch_2_2.jpg,A2,B2,0.4261
C:\Users\teflo\Desktop\Study\VLU\Comp vision\BT\Final\processed_data\test\A2\A2.05.Pub-Ser_16_patch_3_0.jpg,A2,B2,0.4708
C:\Users\teflo\Desktop\Study\VLU\Comp vision\BT\Final\processed_data\test\A2\A2.05.Pub-Ser_16_patch_3_5.jpg,A2,B1,0.4334
C:\Users\teflo\Desktop\Study\VLU\Comp vision\BT\Final\processed_data\test\A2\A2.05.Pub-Ser_17_patch_0_5.jpg,A2,A1,0.7239
C:\Users\teflo\Desktop\Study\VLU\Comp vision\BT\Final\processed_data\test\A2\A2.05.Pub-Ser_17_patch_1_3.jpg,A2,A1,0.3764
C:\Users\teflo\Desktop\Study\VLU\Comp vision\BT\Final\processed_data\test\A2\A2.05.Pub-Ser_17_patch_3_1.jpg,A2,A1,0.342
C:\Users\teflo\Desktop\Study\VLU\Comp vision\BT\Final\processed_data\test\A2\A2.05.Pub-Ser_18_patch_0_0.jpg,A2,B2,0.3925
C:\Users\teflo\Desktop\Study\VLU\Comp vision\BT\Final\processed_data\test\A2\A2.05.Pub-Ser_18_patch_2_2.jpg,A2,A1,0.3582
C:\Users\teflo\Desktop\Study\VLU\Comp vision\BT\Final\processed_data\test\A2\A2.05.Pub-Ser_18_patch_3_2.jpg,A2,A1,0.47
C:\Users\teflo\Desktop\Study\VLU\Comp vision\BT\Final\processed_data\test\A2\A2.05.Pub-Ser_20_patch_2_2.jpg,A2,B2,0.3417
C:\Users\teflo\Desktop\Study\VLU\Comp vision\BT\Final\processed_data\test\A2\A2.05.Pub-Ser_20_patch_3_2.jpg,A2,B2,0.6145
C:\Users\teflo\Desktop\Study\VLU\Comp vision\BT\Final\processed_data\test\A2\A2.05.Pub-Ser_22_patch_0_0.jpg,A2,A1,0.445
C:\Users\teflo\Desktop\Study\VLU\Comp vision\BT\Final\processed_data\test\A2\A2.05.Pub-Ser_22_patch_2_2.jpg,A2,A1,0.444
C:\Users\teflo\Desktop\Study\VLU\Comp vision\BT\Final\processed_data\test\A2\A2.05.Pub-Ser_22_patch_3_1.jpg,A2,B2,0.3567
C:\Users\teflo\Desktop\Study\VLU\Comp vision\BT\Final\processed_data\test\A2\A2.05.Pub-Ser_22_patch_3_5.jpg,A2,B2,0.4222
C:\Users\teflo\Desktop\Study\VLU\Comp vision\BT\Final\processed_data\test\A2\A2.06.VCB-Tow_01_patch_0_1.jpg,A2,B1,0.5713
C:\Users\teflo\Desktop\Study\VLU\Comp vision\BT\Final\processed_data\test\A2\A2.06.VCB-Tow_01_patch_0_5.jpg,A2,B2,0.456
C:\Users\teflo\Desktop\Study\VLU\Comp vision\BT\Final\processed_data\test\A2\A2.06.VCB-Tow_01_patch_1_4.jpg,A2,B2,0.7881
C:\Users\teflo\Desktop\Study\VLU\Comp vision\BT\Final\processed_data\test\A2\A2.06.VCB-Tow_01_patch_3_1.jpg,A2,B2,0.4806
C:\Users\teflo\Desktop\Study\VLU\Comp vision\BT\Final\processed_data\test\A2\A2.06.VCB-Tow_02_patch_2_2.jpg,A2,B1,0.3749
C:\Users\teflo\Desktop\Study\VLU\Comp vision\BT\Final\processed_data\test\A2\A2.06.VCB-Tow_03_patch_0_3.jpg,A2,B2,0.4568
C:\Users\teflo\Desktop\Study\VLU\Comp vision\BT\Final\processed_data\test\A2\A2.06.VCB-Tow_03_patch_2_1.jpg,A2,B1,0.481
C:\Users\teflo\Desktop\Study\VLU\Comp vision\BT\Final\processed_data\test\A2\A2.06.VCB-Tow_03_patch_2_5.jpg,A2,A1,0.3718
C:\Users\teflo\Desktop\Study\VLU\Comp vision\BT\Final\processed_data\test\A2\A2.06.VCB-Tow_04_patch_1_1.jpg,A2,B1,0.4642
C:\Users\teflo\Desktop\Study\VLU\Comp vision\BT\Final\processed_data\test\A2\A2.06.VCB-Tow_04_patch_2_0.jpg,A2,B1,0.3135
C:\Users\teflo\Desktop\Study\VLU\Comp vision\BT\Final\processed_data\test\A2\A2.06.VCB-Tow_04_patch_2_4.jpg,A2,B2,0.5605
C:\Users\teflo\Desktop\Study\VLU\Comp vision\BT\Final\processed_data\test\A2\A2.06.VCB-Tow_04_patch_3_3.jpg,A2,B2,0.7161
C:\Users\teflo\Desktop\Study\VLU\Comp vision\BT\Final\processed_data\test\A2\A2.06.VCB-Tow_06_patch_3_1.jpg,A2,A1,0.3465
C:\Users\teflo\Desktop\Study\VLU\Comp vision\BT\Final\processed_data\test\A2\A2.06.VCB-Tow_07_patch_3_3.jpg,A2,B1,0.3756
C:\Users\teflo\Desktop\Study\VLU\Comp vision\BT\Final\processed_data\test\A2\A2.06.VCB-Tow_08_patch_1_0.jpg,A2,B2,0.461
C:\Users\teflo\Desktop\Study\VLU\Comp vision\BT\Final\processed_data\test\A2\A2.06.VCB-Tow_08_patch_1_5.jpg,A2,B2,0.6285
C:\Users\teflo\Desktop\Study\VLU\Comp vision\BT\Final\processed_data\test\A2\A2.06.VCB-Tow_08_patch_2_3.jpg,A2,B2,0.4821
C:\Users\teflo\Desktop\Study\VLU\Comp vision\BT\Final\processed_data\test\A2\A2.06.VCB-Tow_09_patch_2_4.jpg,A2,B2,0.3833
C:\Users\teflo\Desktop\Study\VLU\Comp vision\BT\Final\processed_data\test\A2\A2.06.VCB-Tow_10_patch_0_1.jpg,A2,B2,0.6422
C:\Users\teflo\Desktop\Study\VLU\Comp vision\BT\Final\processed_data\test\A2\A2.06.VCB-Tow_10_patch_1_1.jpg,A2,B2,0.6252
C:\Users\teflo\Desktop\Study\VLU\Comp vision\BT\Final\processed_data\test\A2\A2.06.VCB-Tow_10_patch_2_0.jpg,A2,B2,0.5024
C:\Users\teflo\Desktop\Study\VLU\Comp vision\BT\Final\processed_data\test\A2\A2.06.VCB-Tow_10_patch_2_4.jpg,A2,B2,0.6761
C:\Users\teflo\Desktop\Study\VLU\Comp vision\BT\Final\processed_data\test\A2\A2.06.VCB-Tow_10_patch_3_3.jpg,A2,B2,0.51
C:\Users\teflo\Desktop\Study\VLU\Comp vision\BT\Final\processed_data\test\A2\A2.06.VCB-Tow_11_patch_0_2.jpg,A2,B2,0.7286
C:\Users\teflo\Desktop\Study\VLU\Comp vision\BT\Final\processed_data\test\A2\A2.06.VCB-Tow_11_patch_1_2.jpg,A2,B2,0.5062
C:\Users\teflo\Desktop\Study\VLU\Comp vision\BT\Final\processed_data\test\A2\A2.06.VCB-Tow_11_patch_2_2.jpg,A2,B2,0.5562
C:\Users\teflo\Desktop\Study\VLU\Comp vision\BT\Final\processed_data\test\A2\A2.06.VCB-Tow_11_patch_3_0.jpg,A2,B2,0.5936
C:\Users\teflo\Desktop\Study\VLU\Comp vision\BT\Final\processed_data\test\A2\A2.06.VCB-Tow_12_patch_1_2.jpg,A2,B2,0.6251
C:\Users\teflo\Desktop\Study\VLU\Comp vision\BT\Final\processed_data\test\A2\A2.06.VCB-Tow_12_patch_2_1.jpg,A2,B2,0.4432
C:\Users\teflo\Desktop\Study\VLU\Comp vision\BT\Final\processed_data\test\A2\A2.06.VCB-Tow_12_patch_2_5.jpg,A2,B2,0.7219
C:\Users\teflo\Desktop\Study\VLU\Comp vision\BT\Final\processed_data\test\A2\A2.06.VCB-Tow_12_patch_3_4.jpg,A2,B2,0.5022
C:\Users\teflo\Desktop\Study\VLU\Comp vision\BT\Final\processed_data\test\A2\A2.06.VCB-Tow_13_patch_0_2.jpg,A2,A1,0.3372
C:\Users\teflo\Desktop\Study\VLU\Comp vision\BT\Final\processed_data\test\A2\A2.06.VCB-Tow_13_patch_2_4.jpg,A2,B2,0.5139
C:\Users\teflo\Desktop\Study\VLU\Comp vision\BT\Final\processed_data\test\A2\A2.06.VCB-Tow_15_patch_0_5.jpg,A2,B2,0.5724
C:\Users\teflo\Desktop\Study\VLU\Comp vision\BT\Final\processed_data\test\A2\A2.06.VCB-Tow_16_patch_0_4.jpg,A2,B2,0.4713
C:\Users\teflo\Desktop\Study\VLU\Comp vision\BT\Final\processed_data\test\A2\A2.06.VCB-Tow_17_patch_0_3.jpg,A2,B2,0.736
C:\Users\teflo\Desktop\Study\VLU\Comp vision\BT\Final\processed_data\test\A2\A2.06.VCB-Tow_17_patch_2_0.jpg,A2,B2,0.5766
C:\Users\teflo\Desktop\Study\VLU\Comp vision\BT\Final\processed_data\test\A2\A2.06.VCB-Tow_18_patch_0_2.jpg,A2,B2,0.524
C:\Users\teflo\Desktop\Study\VLU\Comp vision\BT\Final\processed_data\test\A2\A2.06.VCB-Tow_18_patch_2_4.jpg,A2,B2,0.6057
C:\Users\teflo\Desktop\Study\VLU\Comp vision\BT\Final\processed_data\test\A2\A2.06.VCB-Tow_19_patch_0_1.jpg,A2,B2,0.5142
C:\Users\teflo\Desktop\Study\VLU\Comp vision\BT\Final\processed_data\test\A2\A2.06.VCB-Tow_19_patch_1_0.jpg,A2,B2,0.501
C:\Users\teflo\Desktop\Study\VLU\Comp vision\BT\Final\processed_data\test\A2\A2.06.VCB-Tow_19_patch_3_1.jpg,A2,B2,0.5616
C:\Users\teflo\Desktop\Study\VLU\Comp vision\BT\Final\processed_data\test\A2\A2.06.VCB-Tow_21_patch_3_4.jpg,A2,B1,0.3212
C:\Users\teflo\Desktop\Study\VLU\Comp vision\BT\Final\processed_data\test\A2\A2.06.VCB-Tow_22_patch_1_1.jpg,A2,A1,0.4328
C:\Users\teflo\Desktop\Study\VLU\Comp vision\BT\Final\processed_data\test\A2\A2.06.VCB-Tow_22_patch_2_0.jpg,A2,A1,0.3808
C:\Users\teflo\Desktop\Study\VLU\Comp vision\BT\Final\processed_data\test\A2\A2.06.VCB-Tow_23_patch_1_0.jpg,A2,B1,0.4568
C:\Users\teflo\Desktop\Study\VLU\Comp vision\BT\Final\processed_data\test\A2\A2.06.VCB-Tow_23_patch_1_5.jpg,A2,B2,0.6402
C:\Users\teflo\Desktop\Study\VLU\Comp vision\BT\Final\processed_data\test\A2\A2.06.VCB-Tow_23_patch_2_3.jpg,A2,B2,0.3926
C:\Users\teflo\Desktop\Study\VLU\Comp vision\BT\Final\processed_data\test\A2\A2.06.VCB-Tow_23_patch_3_2.jpg,A2,B2,0.3636
C:\Users\teflo\Desktop\Study\VLU\Comp vision\BT\Final\processed_data\test\A2\A2.06.VCB-Tow_24_patch_0_0.jpg,A2,B2,0.4331
C:\Users\teflo\Desktop\Study\VLU\Comp vision\BT\Final\processed_data\test\A2\A2.06.VCB-Tow_24_patch_0_5.jpg,A2,B2,0.5854
C:\Users\teflo\Desktop\Study\VLU\Comp vision\BT\Final\processed_data\test\A2\A2.06.VCB-Tow_25_patch_0_4.jpg,A2,B2,0.3265
C:\Users\teflo\Desktop\Study\VLU\Comp vision\BT\Final\processed_data\test\A2\A2.06.VCB-Tow_25_patch_2_2.jpg,A2,B1,0.5412
C:\Users\teflo\Desktop\Study\VLU\Comp vision\BT\Final\processed_data\test\A2\A2.06.VCB-Tow_26_patch_3_0.jpg,A2,B2,0.5753
C:\Users\teflo\Desktop\Study\VLU\Comp vision\BT\Final\processed_data\test\A2\A2.06.VCB-Tow_27_patch_2_0.jpg,A2,B2,0.3783
C:\Users\teflo\Desktop\Study\VLU\Comp vision\BT\Final\processed_data\test\A2\A2.06.VCB-Tow_28_patch_1_1.jpg,A2,B2,0.569
C:\Users\teflo\Desktop\Study\VLU\Comp vision\BT\Final\processed_data\test\A2\A2.06.VCB-Tow_29_patch_1_0.jpg,A2,B2,0.4935
C:\Users\teflo\Desktop\Study\VLU\Comp vision\BT\Final\processed_data\test\A2\A2.06.VCB-Tow_30_patch_0_0.jpg,A2,B2,0.5086
C:\Users\teflo\Desktop\Study\VLU\Comp vision\BT\Final\processed_data\test\A2\A2.06.VCB-Tow_30_patch_1_3.jpg,A2,B2,0.5574
C:\Users\teflo\Desktop\Study\VLU\Comp vision\BT\Final\processed_data\test\A2\A2.06.VCB-Tow_30_patch_3_5.jpg,A2,B2,0.6019
C:\Users\teflo\Desktop\Study\VLU\Comp vision\BT\Final\processed_data\test\A2\A2.06.VCB-Tow_31_patch_2_1.jpg,A2,B2,0.4529
C:\Users\teflo\Desktop\Study\VLU\Comp vision\BT\Final\processed_data\test\A2\A2.06.VCB-Tow_32_patch_2_1.jpg,A2,B1,0.43
C:\Users\teflo\Desktop\Study\VLU\Comp vision\BT\Final\processed_data\test\A2\A2.06.VCB-Tow_32_patch_2_5.jpg,A2,B1,0.654
C:\Users\teflo\Desktop\Study\VLU\Comp vision\BT\Final\processed_data\test\A2\A2.06.VCB-Tow_32_patch_3_4.jpg,A2,B1,0.4327
C:\Users\teflo\Desktop\Study\VLU\Comp vision\BT\Final\processed_data\test\A2\A2.06.VCB-Tow_33_patch_3_3.jpg,A2,B2,0.459
C:\Users\teflo\Desktop\Study\VLU\Comp vision\BT\Final\processed_data\test\A2\A2.06.VCB-Tow_35_patch_0_1.jpg,A2,B2,0.5694
C:\Users\teflo\Desktop\Study\VLU\Comp vision\BT\Final\processed_data\test\A2\A2.06.VCB-Tow_35_patch_1_4.jpg,A2,B2,0.3815
C:\Users\teflo\Desktop\Study\VLU\Comp vision\BT\Final\processed_data\test\A2\A2.06.VCB-Tow_35_patch_2_2.jpg,A2,B2,0.5666
C:\Users\teflo\Desktop\Study\VLU\Comp vision\BT\Final\processed_data\test\A2\A2.06.VCB-Tow_35_patch_3_1.jpg,A2,B2,0.4454
C:\Users\teflo\Desktop\Study\VLU\Comp vision\BT\Final\processed_data\test\A2\A2.06.VCB-Tow_36_patch_0_0.jpg,A2,B2,0.5163
C:\Users\teflo\Desktop\Study\VLU\Comp vision\BT\Final\processed_data\test\A2\A2.06.VCB-Tow_36_patch_0_4.jpg,A2,B2,0.4763
C:\Users\teflo\Desktop\Study\VLU\Comp vision\BT\Final\processed_data\test\A2\A2.06.VCB-Tow_36_patch_1_3.jpg,A2,B2,0.7224
C:\Users\teflo\Desktop\Study\VLU\Comp vision\BT\Final\processed_data\test\A2\A2.06.VCB-Tow_36_patch_2_1.jpg,A2,B2,0.6185
C:\Users\teflo\Desktop\Study\VLU\Comp vision\BT\Final\processed_data\test\A2\A2.06.VCB-Tow_36_patch_3_0.jpg,A2,B2,0.535
C:\Users\teflo\Desktop\Study\VLU\Comp vision\BT\Final\processed_data\test\A2\A2.06.VCB-Tow_36_patch_3_5.jpg,A2,B2,0.4622
C:\Users\teflo\Desktop\Study\VLU\Comp vision\BT\Final\processed_data\test\A2\A2.06.VCB-Tow_37_patch_1_3.jpg,A2,B2,0.6973
C:\Users\teflo\Desktop\Study\VLU\Comp vision\BT\Final\processed_data\test\A2\A2.06.VCB-Tow_37_patch_2_1.jpg,A2,B2,0.6945
C:\Users\teflo\Desktop\Study\VLU\Comp vision\BT\Final\processed_data\test\A2\A2.06.VCB-Tow_37_patch_3_1.jpg,A2,B2,0.6782
C:\Users\teflo\Desktop\Study\VLU\Comp vision\BT\Final\processed_data\test\A2\A2.06.VCB-Tow_38_patch_1_0.jpg,A2,B1,0.4542
C:\Users\teflo\Desktop\Study\VLU\Comp vision\BT\Final\processed_data\test\A2\A2.06.VCB-Tow_38_patch_1_5.jpg,A2,B2,0.7213
C:\Users\teflo\Desktop\Study\VLU\Comp vision\BT\Final\processed_data\test\A2\A2.06.VCB-Tow_38_patch_3_2.jpg,A2,B1,0.3209
C:\Users\teflo\Desktop\Study\VLU\Comp vision\BT\Final\processed_data\test\A2\A2.06.VCB-Tow_39_patch_0_5.jpg,A2,B2,0.5944
C:\Users\teflo\Desktop\Study\VLU\Comp vision\BT\Final\processed_data\test\A2\A2.06.VCB-Tow_39_patch_1_4.jpg,A2,B2,0.442
C:\Users\teflo\Desktop\Study\VLU\Comp vision\BT\Final\processed_data\test\A2\A2.06.VCB-Tow_39_patch_3_5.jpg,A2,B2,0.5457
C:\Users\teflo\Desktop\Study\VLU\Comp vision\BT\Final\processed_data\test\A2\A2.06.VCB-Tow_40_patch_2_1.jpg,A2,B2,0.4426
C:\Users\teflo\Desktop\Study\VLU\Comp vision\BT\Final\processed_data\test\A2\A2.06.VCB-Tow_40_patch_3_4.jpg,A2,B1,0.573
C:\Users\teflo\Desktop\Study\VLU\Comp vision\BT\Final\processed_data\test\A2\A2.06.VCB-Tow_41_patch_1_2.jpg,A2,B2,0.4436
C:\Users\teflo\Desktop\Study\VLU\Comp vision\BT\Final\processed_data\test\A2\A2.06.VCB-Tow_41_patch_2_0.jpg,A2,B2,0.4658
C:\Users\teflo\Desktop\Study\VLU\Comp vision\BT\Final\processed_data\test\A2\A2.06.VCB-Tow_42_patch_0_2.jpg,A2,B2,0.4063
C:\Users\teflo\Desktop\Study\VLU\Comp vision\BT\Final\processed_data\test\A2\A2.06.VCB-Tow_42_patch_1_1.jpg,A2,B2,0.4525
C:\Users\teflo\Desktop\Study\VLU\Comp vision\BT\Final\processed_data\test\A2\A2.06.VCB-Tow_42_patch_3_2.jpg,A2,B1,0.3273
C:\Users\teflo\Desktop\Study\VLU\Comp vision\BT\Final\processed_data\test\A2\A2.06.VCB-Tow_43_patch_0_1.jpg,A2,B2,0.4221
C:\Users\teflo\Desktop\Study\VLU\Comp vision\BT\Final\processed_data\test\A2\A2.06.VCB-Tow_43_patch_3_1.jpg,A2,B2,0.4092
C:\Users\teflo\Desktop\Study\VLU\Comp vision\BT\Final\processed_data\test\A2\A2.06.VCB-Tow_44_patch_0_0.jpg,A2,B2,0.6695
C:\Users\teflo\Desktop\Study\VLU\Comp vision\BT\Final\processed_data\test\A2\A2.06.VCB-Tow_44_patch_1_3.jpg,A2,B2,0.5341
C:\Users\teflo\Desktop\Study\VLU\Comp vision\BT\Final\processed_data\test\A2\A2.06.VCB-Tow_44_patch_2_2.jpg,A2,B2,0.6726
C:\Users\teflo\Desktop\Study\VLU\Comp vision\BT\Final\processed_data\test\A2\A2.06.VCB-Tow_44_patch_3_5.jpg,A2,B2,0.5793
C:\Users\teflo\Desktop\Study\VLU\Comp vision\BT\Final\processed_data\test\A2\A2.06.VCB-Tow_45_patch_0_4.jpg,A2,B2,0.673
C:\Users\teflo\Desktop\Study\VLU\Comp vision\BT\Final\processed_data\test\A2\A2.06.VCB-Tow_45_patch_2_1.jpg,A2,B2,0.4015
C:\Users\teflo\Desktop\Study\VLU\Comp vision\BT\Final\processed_data\test\A2\A2.06.VCB-Tow_45_patch_2_5.jpg,A2,B2,0.7602
C:\Users\teflo\Desktop\Study\VLU\Comp vision\BT\Final\processed_data\test\A2\A2.06.VCB-Tow_45_patch_3_4.jpg,A2,B2,0.4092
C:\Users\teflo\Desktop\Study\VLU\Comp vision\BT\Final\processed_data\test\A2\A2.26.Sou-Mil_01_patch_1_2.jpg,A2,B1,0.279
C:\Users\teflo\Desktop\Study\VLU\Comp vision\BT\Final\processed_data\test\A2\A2.26.Sou-Mil_01_patch_2_3.jpg,A2,A1,0.5555
C:\Users\teflo\Desktop\Study\VLU\Comp vision\BT\Final\processed_data\test\A2\A2.26.Sou-Mil_01_patch_3_3.jpg,A2,A1,0.3192
C:\Users\teflo\Desktop\Study\VLU\Comp vision\BT\Final\processed_data\test\A2\A2.26.Sou-Mil_02_patch_1_0.jpg,A2,A1,0.3747
C:\Users\teflo\Desktop\Study\VLU\Comp vision\BT\Final\processed_data\test\A2\A2.26.Sou-Mil_02_patch_3_5.jpg,A2,A1,0.5921
C:\Users\teflo\Desktop\Study\VLU\Comp vision\BT\Final\processed_data\test\A2\A2.26.Sou-Mil_03_patch_1_3.jpg,A2,B2,0.5387
C:\Users\teflo\Desktop\Study\VLU\Comp vision\BT\Final\processed_data\test\A2\A2.26.Sou-Mil_03_patch_3_0.jpg,A2,B1,0.4751
C:\Users\teflo\Desktop\Study\VLU\Comp vision\BT\Final\processed_data\test\A2\A2.26.Sou-Mil_03_patch_3_5.jpg,A2,B2,0.3013
C:\Users\teflo\Desktop\Study\VLU\Comp vision\BT\Final\processed_data\test\A2\A2.26.Sou-Mil_04_patch_2_0.jpg,A2,B2,0.4175
C:\Users\teflo\Desktop\Study\VLU\Comp vision\BT\Final\processed_data\test\A2\A2.26.Sou-Mil_04_patch_2_5.jpg,A2,A1,0.412
C:\Users\teflo\Desktop\Study\VLU\Comp vision\BT\Final\processed_data\test\A2\A2.26.Sou-Mil_04_patch_3_3.jpg,A2,B1,0.4424
C:\Users\teflo\Desktop\Study\VLU\Comp vision\BT\Final\processed_data\test\A2\A2.26.Sou-Mil_05_patch_3_2.jpg,A2,B1,0.5995
C:\Users\teflo\Desktop\Study\VLU\Comp vision\BT\Final\processed_data\test\A2\A2.26.Sou-Mil_06_patch_1_0.jpg,A2,A1,0.3999
C:\Users\teflo\Desktop\Study\VLU\Comp vision\BT\Final\processed_data\test\A2\A2.26.Sou-Mil_06_patch_1_4.jpg,A2,B1,0.4335
C:\Users\teflo\Desktop\Study\VLU\Comp vision\BT\Final\processed_data\test\A2\A2.26.Sou-Mil_06_patch_2_3.jpg,A2,B1,0.4237
C:\Users\teflo\Desktop\Study\VLU\Comp vision\BT\Final\processed_data\test\A2\A2.26.Sou-Mil_07_patch_1_1.jpg,A2,B2,0.2996
C:\Users\teflo\Desktop\Study\VLU\Comp vision\BT\Final\processed_data\test\A2\A2.26.Sou-Mil_07_patch_2_4.jpg,A2,A1,0.3702
C:\Users\teflo\Desktop\Study\VLU\Comp vision\BT\Final\processed_data\test\A2\A2.26.Sou-Mil_07_patch_3_3.jpg,A2,B2,0.3188
C:\Users\teflo\Desktop\Study\VLU\Comp vision\BT\Final\processed_data\test\A2\A2.26.Sou-Mil_08_patch_1_0.jpg,A2,B2,0.394
C:\Users\teflo\Desktop\Study\VLU\Comp vision\BT\Final\processed_data\test\A2\A2.26.Sou-Mil_08_patch_1_4.jpg,A2,B2,0.332
C:\Users\teflo\Desktop\Study\VLU\Comp vision\BT\Final\processed_data\test\A2\A2.26.Sou-Mil_08_patch_2_3.jpg,A2,A1,0.3827
C:\Users\teflo\Desktop\Study\VLU\Comp vision\BT\Final\processed_data\test\A2\A2.26.Sou-Mil_08_patch_3_2.jpg,A2,B2,0.5377
C:\Users\teflo\Desktop\Study\VLU\Comp vision\BT\Final\processed_data\test\A2\A2.26.Sou-Mil_09_patch_1_1.jpg,A2,B2,0.3216
C:\Users\teflo\Desktop\Study\VLU\Comp vision\BT\Final\processed_data\test\A2\A2.26.Sou-Mil_09_patch_1_5.jpg,A2,A1,0.5081
C:\Users\teflo\Desktop\Study\VLU\Comp vision\BT\Final\processed_data\test\A2\A2.26.Sou-Mil_10_patch_1_0.jpg,A2,A1,0.4383
C:\Users\teflo\Desktop\Study\VLU\Comp vision\BT\Final\processed_data\test\A2\A2.26.Sou-Mil_10_patch_2_0.jpg,A2,A1,0.4666
C:\Users\teflo\Desktop\Study\VLU\Comp vision\BT\Final\processed_data\test\A2\A2.26.Sou-Mil_10_patch_2_5.jpg,A2,A1,0.4451
C:\Users\teflo\Desktop\Study\VLU\Comp vision\BT\Final\processed_data\test\A2\A2.26.Sou-Mil_10_patch_3_4.jpg,A2,B2,0.5641
C:\Users\teflo\Desktop\Study\VLU\Comp vision\BT\Final\processed_data\test\A2\A2.26.Sou-Mil_11_patch_2_2.jpg,A2,A1,0.3646
C:\Users\teflo\Desktop\Study\VLU\Comp vision\BT\Final\processed_data\test\A2\A2.26.Sou-Mil_11_patch_3_1.jpg,A2,B1,0.2811
C:\Users\teflo\Desktop\Study\VLU\Comp vision\BT\Final\processed_data\test\A2\A2.26.Sou-Mil_12_patch_2_4.jpg,A2,A1,0.3532
C:\Users\teflo\Desktop\Study\VLU\Comp vision\BT\Final\processed_data\test\A2\A2.26.Sou-Mil_12_patch_3_3.jpg,A2,B2,0.524
C:\Users\teflo\Desktop\Study\VLU\Comp vision\BT\Final\processed_data\test\A2\A2.26.Sou-Mil_13_patch_0_4.jpg,A2,B2,0.4686
C:\Users\teflo\Desktop\Study\VLU\Comp vision\BT\Final\processed_data\test\A2\A2.26.Sou-Mil_13_patch_1_2.jpg,A2,A1,0.4265
C:\Users\teflo\Desktop\Study\VLU\Comp vision\BT\Final\processed_data\test\A2\A2.26.Sou-Mil_13_patch_2_1.jpg,A2,B2,0.412
C:\Users\teflo\Desktop\Study\VLU\Comp vision\BT\Final\processed_data\test\A2\A2.26.Sou-Mil_13_patch_2_5.jpg,A2,B2,0.3588
C:\Users\teflo\Desktop\Study\VLU\Comp vision\BT\Final\processed_data\test\A2\A2.26.Sou-Mil_13_patch_3_4.jpg,A2,B2,0.422
C:\Users\teflo\Desktop\Study\VLU\Comp vision\BT\Final\processed_data\test\A2\A2.26.Sou-Mil_14_patch_0_3.jpg,A2,A1,0.3439
C:\Users\teflo\Desktop\Study\VLU\Comp vision\BT\Final\processed_data\test\A2\A2.26.Sou-Mil_14_patch_2_0.jpg,A2,B2,0.3132
C:\Users\teflo\Desktop\Study\VLU\Comp vision\BT\Final\processed_data\test\A2\A2.26.Sou-Mil_14_patch_2_4.jpg,A2,A1,0.3823
C:\Users\teflo\Desktop\Study\VLU\Comp vision\BT\Final\processed_data\test\A2\A2.26.Sou-Mil_14_patch_3_3.jpg,A2,B2,0.5651
C:\Users\teflo\Desktop\Study\VLU\Comp vision\BT\Final\processed_data\test\A2\A2.26.Sou-Mil_15_patch_0_1.jpg,A2,B2,0.3633
C:\Users\teflo\Desktop\Study\VLU\Comp vision\BT\Final\processed_data\test\A2\A2.26.Sou-Mil_15_patch_1_0.jpg,A2,A1,0.4994
C:\Users\teflo\Desktop\Study\VLU\Comp vision\BT\Final\processed_data\test\A2\A2.26.Sou-Mil_15_patch_3_2.jpg,A2,A1,0.4607
C:\Users\teflo\Desktop\Study\VLU\Comp vision\BT\Final\processed_data\test\A2\A2.26.Sou-Mil_16_patch_1_5.jpg,A2,A1,0.4091
C:\Users\teflo\Desktop\Study\VLU\Comp vision\BT\Final\processed_data\test\A2\A2.26.Sou-Mil_16_patch_2_3.jpg,A2,B2,0.4887
C:\Users\teflo\Desktop\Study\VLU\Comp vision\BT\Final\processed_data\test\A2\A2.26.Sou-Mil_16_patch_3_2.jpg,A2,B1,0.6816
C:\Users\teflo\Desktop\Study\VLU\Comp vision\BT\Final\processed_data\test\A2\A2.26.Sou-Mil_17_patch_3_2.jpg,A2,B2,0.4533
C:\Users\teflo\Desktop\Study\VLU\Comp vision\BT\Final\processed_data\test\A2\A2.26.Sou-Mil_18_patch_0_1.jpg,A2,A1,0.4746
C:\Users\teflo\Desktop\Study\VLU\Comp vision\BT\Final\processed_data\test\A2\A2.26.Sou-Mil_18_patch_1_1.jpg,A2,B2,0.5892
C:\Users\teflo\Desktop\Study\VLU\Comp vision\BT\Final\processed_data\test\A2\A2.26.Sou-Mil_18_patch_2_0.jpg,A2,B1,0.5949
C:\Users\teflo\Desktop\Study\VLU\Comp vision\BT\Final\processed_data\test\A2\A2.26.Sou-Mil_18_patch_2_4.jpg,A2,A1,0.525
C:\Users\teflo\Desktop\Study\VLU\Comp vision\BT\Final\processed_data\test\A2\A2.26.Sou-Mil_18_patch_3_3.jpg,A2,B2,0.3368
C:\Users\teflo\Desktop\Study\VLU\Comp vision\BT\Final\processed_data\test\A2\A2.26.Sou-Mil_19_patch_0_1.jpg,A2,B1,0.5139
C:\Users\teflo\Desktop\Study\VLU\Comp vision\BT\Final\processed_data\test\A2\A2.26.Sou-Mil_19_patch_1_0.jpg,A2,B1,0.5397
C:\Users\teflo\Desktop\Study\VLU\Comp vision\BT\Final\processed_data\test\A2\A2.26.Sou-Mil_19_patch_2_3.jpg,A2,B2,0.4697
C:\Users\teflo\Desktop\Study\VLU\Comp vision\BT\Final\processed_data\test\A2\A2.26.Sou-Mil_19_patch_3_2.jpg,A2,B1,0.6452
C:\Users\teflo\Desktop\Study\VLU\Comp vision\BT\Final\processed_data\test\A2\A2.26.Sou-Mil_20_patch_0_0.jpg,A2,B2,0.3793
C:\Users\teflo\Desktop\Study\VLU\Comp vision\BT\Final\processed_data\test\A2\A2.26.Sou-Mil_20_patch_0_5.jpg,A2,B2,0.4834
C:\Users\teflo\Desktop\Study\VLU\Comp vision\BT\Final\processed_data\test\A2\A2.26.Sou-Mil_20_patch_1_4.jpg,A2,B2,0.4575
C:\Users\teflo\Desktop\Study\VLU\Comp vision\BT\Final\processed_data\test\A2\A2.26.Sou-Mil_20_patch_2_2.jpg,A2,B1,0.4286
C:\Users\teflo\Desktop\Study\VLU\Comp vision\BT\Final\processed_data\test\A2\A2.26.Sou-Mil_20_patch_3_2.jpg,A2,B1,0.3716
C:\Users\teflo\Desktop\Study\VLU\Comp vision\BT\Final\processed_data\test\A2\A2.26.Sou-Mil_21_patch_2_5.jpg,A2,A1,0.4509
C:\Users\teflo\Desktop\Study\VLU\Comp vision\BT\Final\processed_data\test\A2\A2.26.Sou-Mil_22_patch_0_2.jpg,A2,A1,0.7998
C:\Users\teflo\Desktop\Study\VLU\Comp vision\BT\Final\processed_data\test\A2\A2.26.Sou-Mil_22_patch_2_3.jpg,A2,B2,0.6167
C:\Users\teflo\Desktop\Study\VLU\Comp vision\BT\Final\processed_data\test\A2\A2.26.Sou-Mil_22_patch_3_1.jpg,A2,B2,0.4975
C:\Users\teflo\Desktop\Study\VLU\Comp vision\BT\Final\processed_data\test\A2\A2.26.Sou-Mil_23_patch_2_3.jpg,A2,B2,0.3997
C:\Users\teflo\Desktop\Study\VLU\Comp vision\BT\Final\processed_data\test\A2\A2.26.Sou-Mil_23_patch_3_1.jpg,A2,B1,0.6219
C:\Users\teflo\Desktop\Study\VLU\Comp vision\BT\Final\processed_data\test\A2\A2.26.Sou-Mil_24_patch_0_0.jpg,A2,B2,0.4177
C:\Users\teflo\Desktop\Study\VLU\Comp vision\BT\Final\processed_data\test\A2\A2.26.Sou-Mil_24_patch_0_4.jpg,A2,B2,0.6649
C:\Users\teflo\Desktop\Study\VLU\Comp vision\BT\Final\processed_data\test\A2\A2.26.Sou-Mil_24_patch_1_3.jpg,A2,B2,0.5101
C:\Users\teflo\Desktop\Study\VLU\Comp vision\BT\Final\processed_data\test\A2\A2.26.Sou-Mil_24_patch_2_2.jpg,A2,B2,0.4014
C:\Users\teflo\Desktop\Study\VLU\Comp vision\BT\Final\processed_data\test\A2\A2.26.Sou-Mil_25_patch_0_0.jpg,A2,B1,0.4793
C:\Users\teflo\Desktop\Study\VLU\Comp vision\BT\Final\processed_data\test\A2\A2.26.Sou-Mil_25_patch_0_4.jpg,A2,B2,0.4955
C:\Users\teflo\Desktop\Study\VLU\Comp vision\BT\Final\processed_data\test\A2\A2.26.Sou-Mil_25_patch_1_3.jpg,A2,B2,0.5762
C:\Users\teflo\Desktop\Study\VLU\Comp vision\BT\Final\processed_data\test\A2\A2.26.Sou-Mil_25_patch_3_0.jpg,A2,B2,0.5943
C:\Users\teflo\Desktop\Study\VLU\Comp vision\BT\Final\processed_data\test\A2\A2.26.Sou-Mil_26_patch_0_0.jpg,A2,B1,0.7364
C:\Users\teflo\Desktop\Study\VLU\Comp vision\BT\Final\processed_data\test\A2\A2.26.Sou-Mil_26_patch_2_2.jpg,A2,B2,0.5635
C:\Users\teflo\Desktop\Study\VLU\Comp vision\BT\Final\processed_data\test\A2\A2.26.Sou-Mil_26_patch_3_0.jpg,A2,B1,0.8145
C:\Users\teflo\Desktop\Study\VLU\Comp vision\BT\Final\processed_data\test\A2\A2.26.Sou-Mil_27_patch_0_1.jpg,A2,B2,0.3726
C:\Users\teflo\Desktop\Study\VLU\Comp vision\BT\Final\processed_data\test\A2\A2.26.Sou-Mil_28_patch_3_1.jpg,A2,B1,0.6118
C:\Users\teflo\Desktop\Study\VLU\Comp vision\BT\Final\processed_data\test\A2\A2.26.Sou-Mil_29_patch_0_1.jpg,A2,B2,0.6877
C:\Users\teflo\Desktop\Study\VLU\Comp vision\BT\Final\processed_data\test\A2\A2.26.Sou-Mil_29_patch_1_1.jpg,A2,B2,0.663
C:\Users\teflo\Desktop\Study\VLU\Comp vision\BT\Final\processed_data\test\A2\A2.26.Sou-Mil_29_patch_2_1.jpg,A2,B2,0.5524
C:\Users\teflo\Desktop\Study\VLU\Comp vision\BT\Final\processed_data\test\A2\A2.26.Sou-Mil_29_patch_3_0.jpg,A2,B1,0.5015
C:\Users\teflo\Desktop\Study\VLU\Comp vision\BT\Final\processed_data\test\A2\A2.26.Sou-Mil_29_patch_3_4.jpg,A2,B2,0.4206
C:\Users\teflo\Desktop\Study\VLU\Comp vision\BT\Final\processed_data\test\A2\A2.26.Sou-Mil_30_patch_1_1.jpg,A2,B2,0.6098
C:\Users\teflo\Desktop\Study\VLU\Comp vision\BT\Final\processed_data\test\A2\A2.26.Sou-Mil_30_patch_2_1.jpg,A2,B2,0.6871
C:\Users\teflo\Desktop\Study\VLU\Comp vision\BT\Final\processed_data\test\A2\A2.26.Sou-Mil_30_patch_3_0.jpg,A2,B1,0.6542
C:\Users\teflo\Desktop\Study\VLU\Comp vision\BT\Final\processed_data\test\A2\A2.26.Sou-Mil_30_patch_3_4.jpg,A2,B2,0.3298
C:\Users\teflo\Desktop\Study\VLU\Comp vision\BT\Final\processed_data\test\A2\A2.26.Sou-Mil_31_patch_1_1.jpg,A2,A1,0.3394
C:\Users\teflo\Desktop\Study\VLU\Comp vision\BT\Final\processed_data\test\A2\A2.26.Sou-Mil_31_patch_2_0.jpg,A2,B2,0.3977
C:\Users\teflo\Desktop\Study\VLU\Comp vision\BT\Final\processed_data\test\A2\A2.26.Sou-Mil_31_patch_3_3.jpg,A2,A1,0.5555
C:\Users\teflo\Desktop\Study\VLU\Comp vision\BT\Final\processed_data\test\A2\A2.26.Sou-Mil_33_patch_1_4.jpg,A2,B2,0.3013
C:\Users\teflo\Desktop\Study\VLU\Comp vision\BT\Final\processed_data\test\A2\A2.26.Sou-Mil_33_patch_2_2.jpg,A2,B1,0.5525
C:\Users\teflo\Desktop\Study\VLU\Comp vision\BT\Final\processed_data\test\A2\A2.26.Sou-Mil_33_patch_3_1.jpg,A2,B1,0.5442
C:\Users\teflo\Desktop\Study\VLU\Comp vision\BT\Final\processed_data\test\A2\A2.26.Sou-Mil_34_patch_0_5.jpg,A2,B2,0.3443
C:\Users\teflo\Desktop\Study\VLU\Comp vision\BT\Final\processed_data\test\A2\A2.26.Sou-Mil_34_patch_1_4.jpg,A2,B2,0.3177
C:\Users\teflo\Desktop\Study\VLU\Comp vision\BT\Final\processed_data\test\A2\A2.26.Sou-Mil_34_patch_2_2.jpg,A2,B2,0.7575
C:\Users\teflo\Desktop\Study\VLU\Comp vision\BT\Final\processed_data\test\A2\A2.26.Sou-Mil_34_patch_3_1.jpg,A2,B2,0.6338
C:\Users\teflo\Desktop\Study\VLU\Comp vision\BT\Final\processed_data\test\B1\aWIo8Jhh_patch_0_0.jpg,B1,B2,0.4716
C:\Users\teflo\Desktop\Study\VLU\Comp vision\BT\Final\processed_data\test\B1\B1.05.Uni-Med_04_patch_3_1.jpg,B1,A1,0.4697
C:\Users\teflo\Desktop\Study\VLU\Comp vision\BT\Final\processed_data\test\B1\B1.05.Uni-Med_100_patch_2_0.jpg,B1,A1,0.4726
C:\Users\teflo\Desktop\Study\VLU\Comp vision\BT\Final\processed_data\test\B1\B1.05.Uni-Med_106_patch_1_1.jpg,B1,B2,0.4219
C:\Users\teflo\Desktop\Study\VLU\Comp vision\BT\Final\processed_data\test\B1\B1.05.Uni-Med_113_patch_3_5.jpg,B1,A1,0.401
C:\Users\teflo\Desktop\Study\VLU\Comp vision\BT\Final\processed_data\test\B1\B1.05.Uni-Med_116_patch_3_3.jpg,B1,A1,0.6436
C:\Users\teflo\Desktop\Study\VLU\Comp vision\BT\Final\processed_data\test\B1\B1.05.Uni-Med_121_patch_2_2.jpg,B1,B2,0.3891
C:\Users\teflo\Desktop\Study\VLU\Comp vision\BT\Final\processed_data\test\B1\B1.05.Uni-Med_122_patch_2_0.jpg,B1,A1,0.4867
C:\Users\teflo\Desktop\Study\VLU\Comp vision\BT\Final\processed_data\test\B1\B1.05.Uni-Med_125_patch_2_0.jpg,B1,B2,0.3849
C:\Users\teflo\Desktop\Study\VLU\Comp vision\BT\Final\processed_data\test\B1\B1.05.Uni-Med_127_patch_1_3.jpg,B1,A1,0.4079
C:\Users\teflo\Desktop\Study\VLU\Comp vision\BT\Final\processed_data\test\B1\B1.05.Uni-Med_132_patch_1_2.jpg,B1,A2,0.4345
C:\Users\teflo\Desktop\Study\VLU\Comp vision\BT\Final\processed_data\test\B1\B1.05.Uni-Med_136_patch_0_3.jpg,B1,B2,0.5555
C:\Users\teflo\Desktop\Study\VLU\Comp vision\BT\Final\processed_data\test\B1\B1.05.Uni-Med_138_patch_0_0.jpg,B1,A1,0.3015
C:\Users\teflo\Desktop\Study\VLU\Comp vision\BT\Final\processed_data\test\B1\B1.05.Uni-Med_139_patch_3_4.jpg,B1,B2,0.4621
C:\Users\teflo\Desktop\Study\VLU\Comp vision\BT\Final\processed_data\test\B1\B1.05.Uni-Med_141_patch_3_1.jpg,B1,A1,0.7119
C:\Users\teflo\Desktop\Study\VLU\Comp vision\BT\Final\processed_data\test\B1\B1.05.Uni-Med_152_patch_1_1.jpg,B1,B2,0.8016
C:\Users\teflo\Desktop\Study\VLU\Comp vision\BT\Final\processed_data\test\B1\B1.05.Uni-Med_153_patch_0_5.jpg,B1,A1,0.4598
C:\Users\teflo\Desktop\Study\VLU\Comp vision\BT\Final\processed_data\test\B1\B1.05.Uni-Med_154_patch_0_5.jpg,B1,A2,0.3161
C:\Users\teflo\Desktop\Study\VLU\Comp vision\BT\Final\processed_data\test\B1\B1.05.Uni-Med_156_patch_0_3.jpg,B1,B2,0.4862
C:\Users\teflo\Desktop\Study\VLU\Comp vision\BT\Final\processed_data\test\B1\B1.05.Uni-Med_157_patch_0_2.jpg,B1,B2,0.7592
C:\Users\teflo\Desktop\Study\VLU\Comp vision\BT\Final\processed_data\test\B1\B1.05.Uni-Med_15_patch_3_3.jpg,B1,B2,0.4856
C:\Users\teflo\Desktop\Study\VLU\Comp vision\BT\Final\processed_data\test\B1\B1.05.Uni-Med_162_patch_2_5.jpg,B1,B2,0.595
C:\Users\teflo\Desktop\Study\VLU\Comp vision\BT\Final\processed_data\test\B1\B1.05.Uni-Med_168_patch_2_1.jpg,B1,B2,0.4613
C:\Users\teflo\Desktop\Study\VLU\Comp vision\BT\Final\processed_data\test\B1\B1.05.Uni-Med_169_patch_1_5.jpg,B1,A1,0.4117
C:\Users\teflo\Desktop\Study\VLU\Comp vision\BT\Final\processed_data\test\B1\B1.05.Uni-Med_173_patch_2_0.jpg,B1,A2,0.5123
C:\Users\teflo\Desktop\Study\VLU\Comp vision\BT\Final\processed_data\test\B1\B1.05.Uni-Med_174_patch_2_1.jpg,B1,A2,0.4951
C:\Users\teflo\Desktop\Study\VLU\Comp vision\BT\Final\processed_data\test\B1\B1.05.Uni-Med_177_patch_2_0.jpg,B1,A2,0.5178
C:\Users\teflo\Desktop\Study\VLU\Comp vision\BT\Final\processed_data\test\B1\B1.05.Uni-Med_17_patch_1_5.jpg,B1,B2,0.3991
C:\Users\teflo\Desktop\Study\VLU\Comp vision\BT\Final\processed_data\test\B1\B1.05.Uni-Med_18_patch_1_3.jpg,B1,A2,0.4305
C:\Users\teflo\Desktop\Study\VLU\Comp vision\BT\Final\processed_data\test\B1\B1.05.Uni-Med_25_patch_1_2.jpg,B1,A2,0.506
C:\Users\teflo\Desktop\Study\VLU\Comp vision\BT\Final\processed_data\test\B1\B1.05.Uni-Med_26_patch_1_0.jpg,B1,A2,0.5609
C:\Users\teflo\Desktop\Study\VLU\Comp vision\BT\Final\processed_data\test\B1\B1.05.Uni-Med_29_patch_0_5.jpg,B1,A2,0.3568
C:\Users\teflo\Desktop\Study\VLU\Comp vision\BT\Final\processed_data\test\B1\B1.05.Uni-Med_30_patch_0_4.jpg,B1,A2,0.5498
C:\Users\teflo\Desktop\Study\VLU\Comp vision\BT\Final\processed_data\test\B1\B1.05.Uni-Med_31_patch_0_4.jpg,B1,B2,0.4007
C:\Users\teflo\Desktop\Study\VLU\Comp vision\BT\Final\processed_data\test\B1\B1.05.Uni-Med_32_patch_0_4.jpg,B1,B2,0.619
C:\Users\teflo\Desktop\Study\VLU\Comp vision\BT\Final\processed_data\test\B1\B1.05.Uni-Med_34_patch_0_2.jpg,B1,B2,0.4307
C:\Users\teflo\Desktop\Study\VLU\Comp vision\BT\Final\processed_data\test\B1\B1.05.Uni-Med_35_patch_0_0.jpg,B1,A2,0.4476
C:\Users\teflo\Desktop\Study\VLU\Comp vision\BT\Final\processed_data\test\B1\B1.05.Uni-Med_39_patch_3_0.jpg,B1,B2,0.5621
C:\Users\teflo\Desktop\Study\VLU\Comp vision\BT\Final\processed_data\test\B1\B1.05.Uni-Med_40_patch_2_5.jpg,B1,A1,0.4081
C:\Users\teflo\Desktop\Study\VLU\Comp vision\BT\Final\processed_data\test\B1\B1.05.Uni-Med_50_patch_0_5.jpg,B1,A1,0.3637
C:\Users\teflo\Desktop\Study\VLU\Comp vision\BT\Final\processed_data\test\B1\B1.05.Uni-Med_53_patch_0_1.jpg,B1,A2,0.4127
C:\Users\teflo\Desktop\Study\VLU\Comp vision\BT\Final\processed_data\test\B1\B1.05.Uni-Med_62_patch_2_4.jpg,B1,A1,0.4557
C:\Users\teflo\Desktop\Study\VLU\Comp vision\BT\Final\processed_data\test\B1\B1.05.Uni-Med_69_patch_1_5.jpg,B1,A1,0.671
C:\Users\teflo\Desktop\Study\VLU\Comp vision\BT\Final\processed_data\test\B1\B1.05.Uni-Med_85_patch_2_5.jpg,B1,B2,0.5755
C:\Users\teflo\Desktop\Study\VLU\Comp vision\BT\Final\processed_data\test\B1\B1.05.Uni-Med_89_patch_2_0.jpg,B1,A1,0.3226
C:\Users\teflo\Desktop\Study\VLU\Comp vision\BT\Final\processed_data\test\B1\B1.05.Uni-Med_90_patch_1_5.jpg,B1,A2,0.4269
C:\Users\teflo\Desktop\Study\VLU\Comp vision\BT\Final\processed_data\test\B1\B1.05.Uni-Med_91_patch_1_4.jpg,B1,B2,0.4739
C:\Users\teflo\Desktop\Study\VLU\Comp vision\BT\Final\processed_data\test\B1\B1.05.Uni-Med_95_patch_0_5.jpg,B1,B2,0.5398
C:\Users\teflo\Desktop\Study\VLU\Comp vision\BT\Final\processed_data\test\B1\B1.07.Tho-Nha_104_patch_1_0.jpg,B1,B2,0.5524
C:\Users\teflo\Desktop\Study\VLU\Comp vision\BT\Final\processed_data\test\B1\B1.07.Tho-Nha_111_patch_2_0.jpg,B1,B2,0.4122
C:\Users\teflo\Desktop\Study\VLU\Comp vision\BT\Final\processed_data\test\B1\B1.07.Tho-Nha_112_patch_2_3.jpg,B1,B2,0.4841
C:\Users\teflo\Desktop\Study\VLU\Comp vision\BT\Final\processed_data\test\B1\B1.07.Tho-Nha_113_patch_3_4.jpg,B1,A2,0.5749
C:\Users\teflo\Desktop\Study\VLU\Comp vision\BT\Final\processed_data\test\B1\B1.07.Tho-Nha_115_patch_1_1.jpg,B1,B2,0.633
C:\Users\teflo\Desktop\Study\VLU\Comp vision\BT\Final\processed_data\test\B1\B1.07.Tho-Nha_117_patch_3_4.jpg,B1,A2,0.5625
C:\Users\teflo\Desktop\Study\VLU\Comp vision\BT\Final\processed_data\test\B1\B1.07.Tho-Nha_120_patch_1_2.jpg,B1,B2,0.6489
C:\Users\teflo\Desktop\Study\VLU\Comp vision\BT\Final\processed_data\test\B1\B1.07.Tho-Nha_121_patch_2_0.jpg,B1,B2,0.3328
C:\Users\teflo\Desktop\Study\VLU\Comp vision\BT\Final\processed_data\test\B1\B1.07.Tho-Nha_122_patch_2_3.jpg,B1,B2,0.7617
C:\Users\teflo\Desktop\Study\VLU\Comp vision\BT\Final\processed_data\test\B1\B1.07.Tho-Nha_123_patch_3_0.jpg,B1,A1,0.4487
C:\Users\teflo\Desktop\Study\VLU\Comp vision\BT\Final\processed_data\test\B1\B1.07.Tho-Nha_125_patch_3_2.jpg,B1,B2,0.4323
C:\Users\teflo\Desktop\Study\VLU\Comp vision\BT\Final\processed_data\test\B1\B1.07.Tho-Nha_128_patch_1_3.jpg,B1,B2,0.824
C:\Users\teflo\Desktop\Study\VLU\Comp vision\BT\Final\processed_data\test\B1\B1.07.Tho-Nha_130_patch_2_3.jpg,B1,B2,0.4953
C:\Users\teflo\Desktop\Study\VLU\Comp vision\BT\Final\processed_data\test\B1\B1.07.Tho-Nha_133_patch_0_0.jpg,B1,A1,0.3544
C:\Users\teflo\Desktop\Study\VLU\Comp vision\BT\Final\processed_data\test\B1\B1.07.Tho-Nha_134_patch_0_2.jpg,B1,B2,0.458
C:\Users\teflo\Desktop\Study\VLU\Comp vision\BT\Final\processed_data\test\B1\B1.07.Tho-Nha_135_patch_1_1.jpg,B1,B2,0.4193
C:\Users\teflo\Desktop\Study\VLU\Comp vision\BT\Final\processed_data\test\B1\B1.07.Tho-Nha_137_patch_2_3.jpg,B1,B2,0.5097
C:\Users\teflo\Desktop\Study\VLU\Comp vision\BT\Final\processed_data\test\B1\B1.07.Tho-Nha_138_patch_2_5.jpg,B1,B2,0.4744
C:\Users\teflo\Desktop\Study\VLU\Comp vision\BT\Final\processed_data\test\B1\B1.07.Tho-Nha_140_patch_2_2.jpg,B1,A1,0.2985
C:\Users\teflo\Desktop\Study\VLU\Comp vision\BT\Final\processed_data\test\B1\B1.07.Tho-Nha_141_patch_2_2.jpg,B1,B2,0.492
C:\Users\teflo\Desktop\Study\VLU\Comp vision\BT\Final\processed_data\test\B1\B1.07.Tho-Nha_142_patch_2_5.jpg,B1,A2,0.5125
C:\Users\teflo\Desktop\Study\VLU\Comp vision\BT\Final\processed_data\test\B1\B1.07.Tho-Nha_143_patch_3_2.jpg,B1,B2,0.7148
C:\Users\teflo\Desktop\Study\VLU\Comp vision\BT\Final\processed_data\test\B1\B1.07.Tho-Nha_146_patch_1_0.jpg,B1,B2,0.3962
C:\Users\teflo\Desktop\Study\VLU\Comp vision\BT\Final\processed_data\test\B1\B1.07.Tho-Nha_147_patch_1_5.jpg,B1,A2,0.3887
C:\Users\teflo\Desktop\Study\VLU\Comp vision\BT\Final\processed_data\test\B1\B1.07.Tho-Nha_148_patch_1_4.jpg,B1,B2,0.7283
C:\Users\teflo\Desktop\Study\VLU\Comp vision\BT\Final\processed_data\test\B1\B1.07.Tho-Nha_149_patch_1_3.jpg,B1,B2,0.7384
C:\Users\teflo\Desktop\Study\VLU\Comp vision\BT\Final\processed_data\test\B1\B1.07.Tho-Nha_150_patch_1_1.jpg,B1,B2,0.704
C:\Users\teflo\Desktop\Study\VLU\Comp vision\BT\Final\processed_data\test\B1\B1.07.Tho-Nha_151_patch_1_0.jpg,B1,B2,0.6942
C:\Users\teflo\Desktop\Study\VLU\Comp vision\BT\Final\processed_data\test\B1\B1.07.Tho-Nha_152_patch_0_5.jpg,B1,B2,0.5613
C:\Users\teflo\Desktop\Study\VLU\Comp vision\BT\Final\processed_data\test\B1\B1.07.Tho-Nha_153_patch_0_3.jpg,B1,B2,0.5733
C:\Users\teflo\Desktop\Study\VLU\Comp vision\BT\Final\processed_data\test\B1\B1.07.Tho-Nha_154_patch_0_3.jpg,B1,B2,0.7243
C:\Users\teflo\Desktop\Study\VLU\Comp vision\BT\Final\processed_data\test\B1\B1.07.Tho-Nha_155_patch_1_2.jpg,B1,B2,0.694
C:\Users\teflo\Desktop\Study\VLU\Comp vision\BT\Final\processed_data\test\B1\B1.07.Tho-Nha_157_patch_1_0.jpg,B1,B2,0.609
C:\Users\teflo\Desktop\Study\VLU\Comp vision\BT\Final\processed_data\test\B1\B1.07.Tho-Nha_158_patch_1_0.jpg,B1,B2,0.4391
C:\Users\teflo\Desktop\Study\VLU\Comp vision\BT\Final\processed_data\test\B1\B1.07.Tho-Nha_160_patch_0_2.jpg,B1,A2,0.3483
C:\Users\teflo\Desktop\Study\VLU\Comp vision\BT\Final\processed_data\test\B1\B1.07.Tho-Nha_162_patch_0_1.jpg,B1,B2,0.4296
C:\Users\teflo\Desktop\Study\VLU\Comp vision\BT\Final\processed_data\test\B1\B1.07.Tho-Nha_163_patch_1_0.jpg,B1,B2,0.5959
C:\Users\teflo\Desktop\Study\VLU\Comp vision\BT\Final\processed_data\test\B1\B1.07.Tho-Nha_164_patch_1_1.jpg,B1,B2,0.6299
C:\Users\teflo\Desktop\Study\VLU\Comp vision\BT\Final\processed_data\test\B1\B1.07.Tho-Nha_165_patch_1_0.jpg,B1,B2,0.5922
C:\Users\teflo\Desktop\Study\VLU\Comp vision\BT\Final\processed_data\test\B1\B1.07.Tho-Nha_166_patch_0_5.jpg,B1,B2,0.6523
C:\Users\teflo\Desktop\Study\VLU\Comp vision\BT\Final\processed_data\test\B1\B1.07.Tho-Nha_167_patch_0_3.jpg,B1,B2,0.4428
C:\Users\teflo\Desktop\Study\VLU\Comp vision\BT\Final\processed_data\test\B1\B1.07.Tho-Nha_168_patch_0_3.jpg,B1,A1,0.4911
C:\Users\teflo\Desktop\Study\VLU\Comp vision\BT\Final\processed_data\test\B1\B1.07.Tho-Nha_169_patch_0_5.jpg,B1,A1,0.5879
C:\Users\teflo\Desktop\Study\VLU\Comp vision\BT\Final\processed_data\test\B1\B1.07.Tho-Nha_171_patch_0_5.jpg,B1,B2,0.5211
C:\Users\teflo\Desktop\Study\VLU\Comp vision\BT\Final\processed_data\test\B1\B1.07.Tho-Nha_172_patch_1_1.jpg,B1,B2,0.5247
C:\Users\teflo\Desktop\Study\VLU\Comp vision\BT\Final\processed_data\test\B1\B1.07.Tho-Nha_173_patch_2_3.jpg,B1,B2,0.5762
C:\Users\teflo\Desktop\Study\VLU\Comp vision\BT\Final\processed_data\test\B1\B1.07.Tho-Nha_175_patch_2_3.jpg,B1,B2,0.5379
C:\Users\teflo\Desktop\Study\VLU\Comp vision\BT\Final\processed_data\test\B1\B1.07.Tho-Nha_178_patch_3_2.jpg,B1,A2,0.3452
C:\Users\teflo\Desktop\Study\VLU\Comp vision\BT\Final\processed_data\test\B1\B1.07.Tho-Nha_180_patch_3_0.jpg,B1,B2,0.553
C:\Users\teflo\Desktop\Study\VLU\Comp vision\BT\Final\processed_data\test\B1\B1.07.Tho-Nha_182_patch_2_3.jpg,B1,B2,0.5097
C:\Users\teflo\Desktop\Study\VLU\Comp vision\BT\Final\processed_data\test\B1\B1.07.Tho-Nha_183_patch_2_2.jpg,B1,A2,0.2669
C:\Users\teflo\Desktop\Study\VLU\Comp vision\BT\Final\processed_data\test\B1\B1.07.Tho-Nha_184_patch_3_0.jpg,B1,B2,0.5111
C:\Users\teflo\Desktop\Study\VLU\Comp vision\BT\Final\processed_data\test\B1\B1.07.Tho-Nha_74_patch_0_0.jpg,B1,B2,0.7675
C:\Users\teflo\Desktop\Study\VLU\Comp vision\BT\Final\processed_data\test\B1\B1.07.Tho-Nha_86_patch_0_1.jpg,B1,A1,0.4521
C:\Users\teflo\Desktop\Study\VLU\Comp vision\BT\Final\processed_data\test\B1\B1.23.Offi-Gov_01_patch_0_4.jpg,B1,B2,0.4772
C:\Users\teflo\Desktop\Study\VLU\Comp vision\BT\Final\processed_data\test\B1\B1.23.Offi-Gov_03_patch_0_1.jpg,B1,A1,0.4169
C:\Users\teflo\Desktop\Study\VLU\Comp vision\BT\Final\processed_data\test\B1\B1.23.Offi-Gov_04_patch_0_0.jpg,B1,B2,0.572
C:\Users\teflo\Desktop\Study\VLU\Comp vision\BT\Final\processed_data\test\B1\B1.23.Offi-Gov_04_patch_3_5.jpg,B1,B2,0.4377
C:\Users\teflo\Desktop\Study\VLU\Comp vision\BT\Final\processed_data\test\B1\B1.23.Offi-Gov_05_patch_3_3.jpg,B1,B2,0.6011
C:\Users\teflo\Desktop\Study\VLU\Comp vision\BT\Final\processed_data\test\B1\B1.23.Offi-Gov_07_patch_0_0.jpg,B1,B2,0.5584
C:\Users\teflo\Desktop\Study\VLU\Comp vision\BT\Final\processed_data\test\B1\B1.23.Offi-Gov_07_patch_3_5.jpg,B1,B2,0.5081
C:\Users\teflo\Desktop\Study\VLU\Comp vision\BT\Final\processed_data\test\B1\B1.23.Offi-Gov_11_patch_0_0.jpg,B1,B2,0.43
C:\Users\teflo\Desktop\Study\VLU\Comp vision\BT\Final\processed_data\test\B1\B1.23.Offi-Gov_11_patch_3_5.jpg,B1,B2,0.7211
C:\Users\teflo\Desktop\Study\VLU\Comp vision\BT\Final\processed_data\test\B1\B1.23.Offi-Gov_12_patch_3_4.jpg,B1,B2,0.6622
C:\Users\teflo\Desktop\Study\VLU\Comp vision\BT\Final\processed_data\test\B1\B1.23.Offi-Gov_14_patch_0_1.jpg,B1,B2,0.5345
C:\Users\teflo\Desktop\Study\VLU\Comp vision\BT\Final\processed_data\test\B1\B1.23.Offi-Gov_16_patch_1_1.jpg,B1,B2,0.4397
C:\Users\teflo\Desktop\Study\VLU\Comp vision\BT\Final\processed_data\test\B1\B1.23.Offi-Gov_17_patch_1_1.jpg,B1,B2,0.3828
C:\Users\teflo\Desktop\Study\VLU\Comp vision\BT\Final\processed_data\test\B1\B1.23.Offi-Gov_18_patch_1_0.jpg,B1,A2,0.3712
C:\Users\teflo\Desktop\Study\VLU\Comp vision\BT\Final\processed_data\test\B1\B1.23.Offi-Gov_19_patch_0_4.jpg,B1,A2,0.295
C:\Users\teflo\Desktop\Study\VLU\Comp vision\BT\Final\processed_data\test\B1\B1.23.Offi-Gov_20_patch_0_3.jpg,B1,B2,0.4718
C:\Users\teflo\Desktop\Study\VLU\Comp vision\BT\Final\processed_data\test\B1\B1.23.Offi-Gov_21_patch_0_4.jpg,B1,B2,0.5211
C:\Users\teflo\Desktop\Study\VLU\Comp vision\BT\Final\processed_data\test\B1\B1.23.Offi-Gov_22_patch_0_5.jpg,B1,A1,0.5407
C:\Users\teflo\Desktop\Study\VLU\Comp vision\BT\Final\processed_data\test\B1\B1.23.Offi-Gov_24_patch_1_0.jpg,B1,B2,0.3108
C:\Users\teflo\Desktop\Study\VLU\Comp vision\BT\Final\processed_data\test\B1\B1.23.Offi-Gov_25_patch_1_1.jpg,B1,B2,0.6085
C:\Users\teflo\Desktop\Study\VLU\Comp vision\BT\Final\processed_data\test\B1\B1.23.Offi-Gov_26_patch_1_0.jpg,B1,A2,0.6238
C:\Users\teflo\Desktop\Study\VLU\Comp vision\BT\Final\processed_data\test\B1\B1.23.Offi-Gov_29_patch_1_1.jpg,B1,B2,0.5828
C:\Users\teflo\Desktop\Study\VLU\Comp vision\BT\Final\processed_data\test\B1\B1.24.Rex-Hot_01_patch_1_0.jpg,B1,A1,0.4457
C:\Users\teflo\Desktop\Study\VLU\Comp vision\BT\Final\processed_data\test\B1\B1.24.Rex-Hot_02_patch_1_1.jpg,B1,B2,0.3592
C:\Users\teflo\Desktop\Study\VLU\Comp vision\BT\Final\processed_data\test\B1\B1.24.Rex-Hot_03_patch_2_0.jpg,B1,B2,0.3956
C:\Users\teflo\Desktop\Study\VLU\Comp vision\BT\Final\processed_data\test\B1\B1.24.Rex-Hot_04_patch_2_0.jpg,B1,A2,0.3297
C:\Users\teflo\Desktop\Study\VLU\Comp vision\BT\Final\processed_data\test\B1\B1.24.Rex-Hot_06_patch_2_0.jpg,B1,A1,0.3472
C:\Users\teflo\Desktop\Study\VLU\Comp vision\BT\Final\processed_data\test\B1\B1.24.Rex-Hot_08_patch_2_0.jpg,B1,A1,0.3936
C:\Users\teflo\Desktop\Study\VLU\Comp vision\BT\Final\processed_data\test\B1\B1.24.Rex-Hot_09_patch_2_0.jpg,B1,B2,0.3832
C:\Users\teflo\Desktop\Study\VLU\Comp vision\BT\Final\processed_data\test\B1\B1.24.Rex-Hot_10_patch_1_5.jpg,B1,A2,0.3203
C:\Users\teflo\Desktop\Study\VLU\Comp vision\BT\Final\processed_data\test\B1\B1.24.Rex-Hot_11_patch_1_3.jpg,B1,A2,0.4325
C:\Users\teflo\Desktop\Study\VLU\Comp vision\BT\Final\processed_data\test\B1\B1.24.Rex-Hot_12_patch_1_2.jpg,B1,A1,0.4506
C:\Users\teflo\Desktop\Study\VLU\Comp vision\BT\Final\processed_data\test\B1\B1.24.Rex-Hot_13_patch_1_5.jpg,B1,B2,0.4698
C:\Users\teflo\Desktop\Study\VLU\Comp vision\BT\Final\processed_data\test\B1\B1.24.Rex-Hot_15_patch_1_5.jpg,B1,A2,0.5473
C:\Users\teflo\Desktop\Study\VLU\Comp vision\BT\Final\processed_data\test\B1\B1.24.Rex-Hot_16_patch_1_4.jpg,B1,A1,0.3674
C:\Users\teflo\Desktop\Study\VLU\Comp vision\BT\Final\processed_data\test\B1\B1.24.Rex-Hot_17_patch_1_3.jpg,B1,A1,0.5884
C:\Users\teflo\Desktop\Study\VLU\Comp vision\BT\Final\processed_data\test\B1\B1.24.Rex-Hot_18_patch_2_2.jpg,B1,A2,0.4686
C:\Users\teflo\Desktop\Study\VLU\Comp vision\BT\Final\processed_data\test\B1\B1.24.Rex-Hot_19_patch_2_3.jpg,B1,A1,0.3654
C:\Users\teflo\Desktop\Study\VLU\Comp vision\BT\Final\processed_data\test\B1\B1.24.Rex-Hot_20_patch_2_2.jpg,B1,A1,0.4516
C:\Users\teflo\Desktop\Study\VLU\Comp vision\BT\Final\processed_data\test\B1\B1.24.Rex-Hot_21_patch_3_0.jpg,B1,A2,0.406
C:\Users\teflo\Desktop\Study\VLU\Comp vision\BT\Final\processed_data\test\B1\B1.24.Rex-Hot_22_patch_3_0.jpg,B1,B2,0.6249
C:\Users\teflo\Desktop\Study\VLU\Comp vision\BT\Final\processed_data\test\B1\B1.24.Rex-Hot_23_patch_3_0.jpg,B1,A1,0.2996
C:\Users\teflo\Desktop\Study\VLU\Comp vision\BT\Final\processed_data\test\B1\B1.24.Rex-Hot_24_patch_2_5.jpg,B1,A2,0.3376
C:\Users\teflo\Desktop\Study\VLU\Comp vision\BT\Final\processed_data\test\B1\B1.24.Rex-Hot_26_patch_2_3.jpg,B1,A1,0.469
C:\Users\teflo\Desktop\Study\VLU\Comp vision\BT\Final\processed_data\test\B1\B1.24.Rex-Hot_27_patch_3_4.jpg,B1,A2,0.5093
C:\Users\teflo\Desktop\Study\VLU\Comp vision\BT\Final\processed_data\test\B1\B1.24.Rex-Hot_28_patch_3_2.jpg,B1,A1,0.4952
C:\Users\teflo\Desktop\Study\VLU\Comp vision\BT\Final\processed_data\test\B1\B1.24.Rex-Hot_30_patch_0_0.jpg,B1,A1,0.4017
C:\Users\teflo\Desktop\Study\VLU\Comp vision\BT\Final\processed_data\test\B1\B1.24.Rex-Hot_31_patch_0_1.jpg,B1,A1,0.367
C:\Users\teflo\Desktop\Study\VLU\Comp vision\BT\Final\processed_data\test\B1\B1.24.Rex-Hot_32_patch_3_4.jpg,B1,A2,0.5606
C:\Users\teflo\Desktop\Study\VLU\Comp vision\BT\Final\processed_data\test\B1\B1.24.Rex-Hot_34_patch_1_1.jpg,B1,B2,0.5928
C:\Users\teflo\Desktop\Study\VLU\Comp vision\BT\Final\processed_data\test\B1\B1.24.Rex-Hot_35_patch_1_2.jpg,B1,A2,0.3904
C:\Users\teflo\Desktop\Study\VLU\Comp vision\BT\Final\processed_data\test\B1\B1.24.Rex-Hot_36_patch_2_0.jpg,B1,B2,0.5519
C:\Users\teflo\Desktop\Study\VLU\Comp vision\BT\Final\processed_data\test\B1\B1.28.VB-Bui_01_patch_1_4.jpg,B1,B2,0.4606
C:\Users\teflo\Desktop\Study\VLU\Comp vision\BT\Final\processed_data\test\B1\B1.28.VB-Bui_02_patch_1_3.jpg,B1,B2,0.8308
C:\Users\teflo\Desktop\Study\VLU\Comp vision\BT\Final\processed_data\test\B1\B1.28.VB-Bui_03_patch_1_3.jpg,B1,B2,0.6905
C:\Users\teflo\Desktop\Study\VLU\Comp vision\BT\Final\processed_data\test\B1\B1.28.VB-Bui_04_patch_1_2.jpg,B1,B2,0.4038
C:\Users\teflo\Desktop\Study\VLU\Comp vision\BT\Final\processed_data\test\B1\B1.28.VB-Bui_05_patch_1_1.jpg,B1,B2,0.5535
C:\Users\teflo\Desktop\Study\VLU\Comp vision\BT\Final\processed_data\test\B1\B1.28.VB-Bui_06_patch_0_5.jpg,B1,A2,0.414
C:\Users\teflo\Desktop\Study\VLU\Comp vision\BT\Final\processed_data\test\B1\B1.28.VB-Bui_07_patch_0_4.jpg,B1,B2,0.4199
C:\Users\teflo\Desktop\Study\VLU\Comp vision\BT\Final\processed_data\test\B1\B1.28.VB-Bui_08_patch_1_1.jpg,B1,B2,0.5333
C:\Users\teflo\Desktop\Study\VLU\Comp vision\BT\Final\processed_data\test\B1\B1.28.VB-Bui_09_patch_1_2.jpg,B1,B2,0.5783
C:\Users\teflo\Desktop\Study\VLU\Comp vision\BT\Final\processed_data\test\B1\B1.28.VB-Bui_10_patch_1_2.jpg,B1,B2,0.5795
C:\Users\teflo\Desktop\Study\VLU\Comp vision\BT\Final\processed_data\test\B1\B1.28.VB-Bui_12_patch_1_0.jpg,B1,B2,0.4868
C:\Users\teflo\Desktop\Study\VLU\Comp vision\BT\Final\processed_data\test\B1\B1.28.VB-Bui_13_patch_0_5.jpg,B1,B2,0.5711
C:\Users\teflo\Desktop\Study\VLU\Comp vision\BT\Final\processed_data\test\B1\B1.28.VB-Bui_14_patch_0_5.jpg,B1,A2,0.4907
C:\Users\teflo\Desktop\Study\VLU\Comp vision\BT\Final\processed_data\test\B1\B1.28.VB-Bui_15_patch_0_4.jpg,B1,B2,0.5067
C:\Users\teflo\Desktop\Study\VLU\Comp vision\BT\Final\processed_data\test\B1\B1.28.VB-Bui_16_patch_0_3.jpg,B1,B2,0.8192
C:\Users\teflo\Desktop\Study\VLU\Comp vision\BT\Final\processed_data\test\B1\DSC00061_patch_0_0.jpg,B1,B2,0.659
C:\Users\teflo\Desktop\Study\VLU\Comp vision\BT\Final\processed_data\test\B1\DSC00062_patch_0_1.jpg,B1,B2,0.3618
C:\Users\teflo\Desktop\Study\VLU\Comp vision\BT\Final\processed_data\test\B1\DSC00063_patch_0_2.jpg,B1,B2,0.5342
C:\Users\teflo\Desktop\Study\VLU\Comp vision\BT\Final\processed_data\test\B1\DSC00064_patch_0_2.jpg,B1,B2,0.5355
C:\Users\teflo\Desktop\Study\VLU\Comp vision\BT\Final\processed_data\test\B1\DSC00065_patch_0_2.jpg,B1,A2,0.544
C:\Users\teflo\Desktop\Study\VLU\Comp vision\BT\Final\processed_data\test\B1\DSC00066_patch_0_4.jpg,B1,A2,0.4849
C:\Users\teflo\Desktop\Study\VLU\Comp vision\BT\Final\processed_data\test\B1\DSC00067_patch_0_3.jpg,B1,A2,0.5183
C:\Users\teflo\Desktop\Study\VLU\Comp vision\BT\Final\processed_data\test\B1\DSC00068_patch_0_3.jpg,B1,B2,0.7222
C:\Users\teflo\Desktop\Study\VLU\Comp vision\BT\Final\processed_data\test\B1\DSC00069_patch_0_2.jpg,B1,B2,0.6727
C:\Users\teflo\Desktop\Study\VLU\Comp vision\BT\Final\processed_data\test\B1\DSC00071_patch_0_3.jpg,B1,B2,0.4921
C:\Users\teflo\Desktop\Study\VLU\Comp vision\BT\Final\processed_data\test\B1\DSC00144_patch_0_2.jpg,B1,A2,0.4423
C:\Users\teflo\Desktop\Study\VLU\Comp vision\BT\Final\processed_data\test\B1\DSC00145_patch_0_1.jpg,B1,B2,0.5121
C:\Users\teflo\Desktop\Study\VLU\Comp vision\BT\Final\processed_data\test\B1\DSC00146_patch_0_5.jpg,B1,B2,0.5083
C:\Users\teflo\Desktop\Study\VLU\Comp vision\BT\Final\processed_data\test\B1\DSC00147_patch_0_3.jpg,B1,B2,0.5012
C:\Users\teflo\Desktop\Study\VLU\Comp vision\BT\Final\processed_data\test\B1\DSC00148_patch_0_2.jpg,B1,A2,0.6276
C:\Users\teflo\Desktop\Study\VLU\Comp vision\BT\Final\processed_data\test\B1\DSC00149_patch_1_0.jpg,B1,B2,0.3807
C:\Users\teflo\Desktop\Study\VLU\Comp vision\BT\Final\processed_data\test\B1\DSC00151_patch_2_0.jpg,B1,B2,0.4801
C:\Users\teflo\Desktop\Study\VLU\Comp vision\BT\Final\processed_data\test\B1\DSC00152_patch_2_2.jpg,B1,B2,0.615
C:\Users\teflo\Desktop\Study\VLU\Comp vision\BT\Final\processed_data\test\B1\DSC00153_patch_2_1.jpg,B1,B2,0.6147
C:\Users\teflo\Desktop\Study\VLU\Comp vision\BT\Final\processed_data\test\B1\DSC00154_patch_2_0.jpg,B1,B2,0.7221
C:\Users\teflo\Desktop\Study\VLU\Comp vision\BT\Final\processed_data\test\B1\DSC00155_patch_1_4.jpg,B1,B2,0.6161
C:\Users\teflo\Desktop\Study\VLU\Comp vision\BT\Final\processed_data\test\B1\DSC00156_patch_2_2.jpg,B1,B2,0.769
C:\Users\teflo\Desktop\Study\VLU\Comp vision\BT\Final\processed_data\test\B1\DSC00157_patch_2_1.jpg,B1,B2,0.6648
C:\Users\teflo\Desktop\Study\VLU\Comp vision\BT\Final\processed_data\test\B1\DSC00158_patch_2_0.jpg,B1,B2,0.6044
C:\Users\teflo\Desktop\Study\VLU\Comp vision\BT\Final\processed_data\test\B1\DSC04596_patch_1_5.jpg,B1,B2,0.5247
C:\Users\teflo\Desktop\Study\VLU\Comp vision\BT\Final\processed_data\test\B1\DSC04597_patch_1_3.jpg,B1,B2,0.4191
C:\Users\teflo\Desktop\Study\VLU\Comp vision\BT\Final\processed_data\test\B1\DSC04598_patch_1_5.jpg,B1,B2,0.4132
C:\Users\teflo\Desktop\Study\VLU\Comp vision\BT\Final\processed_data\test\B1\DSC04600_patch_2_3.jpg,B1,A2,0.3039
C:\Users\teflo\Desktop\Study\VLU\Comp vision\BT\Final\processed_data\test\B1\DSC04601_patch_2_2.jpg,B1,A1,0.7446
C:\Users\teflo\Desktop\Study\VLU\Comp vision\BT\Final\processed_data\test\B1\DSC04602_patch_2_1.jpg,B1,B2,0.5262
C:\Users\teflo\Desktop\Study\VLU\Comp vision\BT\Final\processed_data\test\B1\DSC04603_patch_2_0.jpg,B1,B2,0.6487
C:\Users\teflo\Desktop\Study\VLU\Comp vision\BT\Final\processed_data\test\B1\DSC04604_patch_1_5.jpg,B1,A1,0.6898
C:\Users\teflo\Desktop\Study\VLU\Comp vision\BT\Final\processed_data\test\B1\DSC04607_patch_1_4.jpg,B1,A1,0.3567
C:\Users\teflo\Desktop\Study\VLU\Comp vision\BT\Final\processed_data\test\B1\DSC04608_patch_1_2.jpg,B1,A2,0.4612
C:\Users\teflo\Desktop\Study\VLU\Comp vision\BT\Final\processed_data\test\B1\DSC04616_patch_1_1.jpg,B1,B2,0.7416
C:\Users\teflo\Desktop\Study\VLU\Comp vision\BT\Final\processed_data\test\B1\DSC04618_patch_1_2.jpg,B1,A2,0.6166
C:\Users\teflo\Desktop\Study\VLU\Comp vision\BT\Final\processed_data\test\B1\DSC04619_patch_2_2.jpg,B1,B2,0.5276
C:\Users\teflo\Desktop\Study\VLU\Comp vision\BT\Final\processed_data\test\B1\DSC04620_patch_3_0.jpg,B1,A2,0.7796
C:\Users\teflo\Desktop\Study\VLU\Comp vision\BT\Final\processed_data\test\B1\DSC04622_patch_2_5.jpg,B1,B2,0.4932
C:\Users\teflo\Desktop\Study\VLU\Comp vision\BT\Final\processed_data\test\B1\DSC04624_patch_2_4.jpg,B1,B2,0.5402
C:\Users\teflo\Desktop\Study\VLU\Comp vision\BT\Final\processed_data\test\B1\DSC04625_patch_2_4.jpg,B1,A2,0.5116
C:\Users\teflo\Desktop\Study\VLU\Comp vision\BT\Final\processed_data\test\B1\DSC04626_patch_2_5.jpg,B1,A2,0.5619
C:\Users\teflo\Desktop\Study\VLU\Comp vision\BT\Final\processed_data\test\B1\DSC04627_patch_2_3.jpg,B1,A1,0.5371
C:\Users\teflo\Desktop\Study\VLU\Comp vision\BT\Final\processed_data\test\B1\DSC04628_patch_2_2.jpg,B1,A1,0.5635
C:\Users\teflo\Desktop\Study\VLU\Comp vision\BT\Final\processed_data\test\B1\DSC04629_patch_2_1.jpg,B1,B2,0.6169
C:\Users\teflo\Desktop\Study\VLU\Comp vision\BT\Final\processed_data\test\B1\DSC04630_patch_2_0.jpg,B1,B2,0.4727
C:\Users\teflo\Desktop\Study\VLU\Comp vision\BT\Final\processed_data\test\B1\DSC04632_patch_2_0.jpg,B1,A2,0.6316
C:\Users\teflo\Desktop\Study\VLU\Comp vision\BT\Final\processed_data\test\B1\DSC04633_patch_2_2.jpg,B1,B2,0.5079
C:\Users\teflo\Desktop\Study\VLU\Comp vision\BT\Final\processed_data\test\B1\DSC04634_patch_2_2.jpg,B1,B2,0.5125
C:\Users\teflo\Desktop\Study\VLU\Comp vision\BT\Final\processed_data\test\B1\DSC04635_patch_2_1.jpg,B1,B2,0.4641
C:\Users\teflo\Desktop\Study\VLU\Comp vision\BT\Final\processed_data\test\B1\DSC04636_patch_2_2.jpg,B1,A1,0.3107
C:\Users\teflo\Desktop\Study\VLU\Comp vision\BT\Final\processed_data\test\B1\DSC04637_patch_2_2.jpg,B1,B2,0.5331
C:\Users\teflo\Desktop\Study\VLU\Comp vision\BT\Final\processed_data\test\B1\DSC04638_patch_2_1.jpg,B1,B2,0.378
C:\Users\teflo\Desktop\Study\VLU\Comp vision\BT\Final\processed_data\test\B1\DSC04639_patch_1_5.jpg,B1,B2,0.3764
C:\Users\teflo\Desktop\Study\VLU\Comp vision\BT\Final\processed_data\test\B1\DSC04659_patch_1_5.jpg,B1,A2,0.4259
C:\Users\teflo\Desktop\Study\VLU\Comp vision\BT\Final\processed_data\test\B1\DSC04660_patch_1_4.jpg,B1,B2,0.4476
C:\Users\teflo\Desktop\Study\VLU\Comp vision\BT\Final\processed_data\test\B1\DSC04661_patch_1_3.jpg,B1,A2,0.6041
C:\Users\teflo\Desktop\Study\VLU\Comp vision\BT\Final\processed_data\test\B1\DSC04662_patch_1_2.jpg,B1,B2,0.7134
C:\Users\teflo\Desktop\Study\VLU\Comp vision\BT\Final\processed_data\test\B1\DSC04663_patch_1_0.jpg,B1,B2,0.598
C:\Users\teflo\Desktop\Study\VLU\Comp vision\BT\Final\processed_data\test\B1\DSC04664_patch_0_5.jpg,B1,B2,0.4596
C:\Users\teflo\Desktop\Study\VLU\Comp vision\BT\Final\processed_data\test\B1\DSC04665_patch_0_4.jpg,B1,B2,0.4363
C:\Users\teflo\Desktop\Study\VLU\Comp vision\BT\Final\processed_data\test\B1\DSC04666_patch_0_3.jpg,B1,B2,0.6968
C:\Users\teflo\Desktop\Study\VLU\Comp vision\BT\Final\processed_data\test\B1\DSC04670_patch_0_1.jpg,B1,A2,0.4584
C:\Users\teflo\Desktop\Study\VLU\Comp vision\BT\Final\processed_data\test\B1\DSC04672_patch_0_0.jpg,B1,A2,0.3216
C:\Users\teflo\Desktop\Study\VLU\Comp vision\BT\Final\processed_data\test\B1\DSC04672_patch_3_5.jpg,B1,A1,0.3389
C:\Users\teflo\Desktop\Study\VLU\Comp vision\BT\Final\processed_data\test\B1\DSC04673_patch_3_4.jpg,B1,B2,0.457
C:\Users\teflo\Desktop\Study\VLU\Comp vision\BT\Final\processed_data\test\B1\DSC04676_patch_3_2.jpg,B1,B2,0.4514
C:\Users\teflo\Desktop\Study\VLU\Comp vision\BT\Final\processed_data\test\B1\DSC04681_patch_3_0.jpg,B1,A1,0.3753
C:\Users\teflo\Desktop\Study\VLU\Comp vision\BT\Final\processed_data\test\B1\DSC04682_patch_2_5.jpg,B1,A1,0.5148
C:\Users\teflo\Desktop\Study\VLU\Comp vision\BT\Final\processed_data\test\B1\DSC04683_patch_2_3.jpg,B1,A1,0.4364
C:\Users\teflo\Desktop\Study\VLU\Comp vision\BT\Final\processed_data\test\B1\DSC04685_patch_2_2.jpg,B1,A2,0.5431
C:\Users\teflo\Desktop\Study\VLU\Comp vision\BT\Final\processed_data\test\B1\DSC04686_patch_2_1.jpg,B1,A2,0.6493
C:\Users\teflo\Desktop\Study\VLU\Comp vision\BT\Final\processed_data\test\B1\DSC04688_patch_2_0.jpg,B1,A2,0.4986
C:\Users\teflo\Desktop\Study\VLU\Comp vision\BT\Final\processed_data\test\B1\DSC04689_patch_1_5.jpg,B1,A1,0.3884
C:\Users\teflo\Desktop\Study\VLU\Comp vision\BT\Final\processed_data\test\B1\DSC04690_patch_1_4.jpg,B1,A1,0.3968
C:\Users\teflo\Desktop\Study\VLU\Comp vision\BT\Final\processed_data\test\B1\DSC04692_patch_1_4.jpg,B1,B2,0.4893
C:\Users\teflo\Desktop\Study\VLU\Comp vision\BT\Final\processed_data\test\B1\DSC04693_patch_1_3.jpg,B1,B2,0.4718
C:\Users\teflo\Desktop\Study\VLU\Comp vision\BT\Final\processed_data\test\B1\DSC04694_patch_1_2.jpg,B1,A2,0.4726
C:\Users\teflo\Desktop\Study\VLU\Comp vision\BT\Final\processed_data\test\B1\DSC04697_patch_1_0.jpg,B1,B2,0.5611
C:\Users\teflo\Desktop\Study\VLU\Comp vision\BT\Final\processed_data\test\B1\DSC04698_patch_1_5.jpg,B1,B2,0.3554
C:\Users\teflo\Desktop\Study\VLU\Comp vision\BT\Final\processed_data\test\B1\DSC04699_patch_2_4.jpg,B1,A2,0.6048
C:\Users\teflo\Desktop\Study\VLU\Comp vision\BT\Final\processed_data\test\B1\DSC04700_patch_2_4.jpg,B1,A2,0.7668
C:\Users\teflo\Desktop\Study\VLU\Comp vision\BT\Final\processed_data\test\B1\DSC04701_patch_2_3.jpg,B1,A2,0.3932
C:\Users\teflo\Desktop\Study\VLU\Comp vision\BT\Final\processed_data\test\B1\DSC04702_patch_2_2.jpg,B1,A2,0.4276
C:\Users\teflo\Desktop\Study\VLU\Comp vision\BT\Final\processed_data\test\B1\DSC04703_patch_2_1.jpg,B1,A1,0.38
C:\Users\teflo\Desktop\Study\VLU\Comp vision\BT\Final\processed_data\test\B1\DSC04704_patch_2_1.jpg,B1,B2,0.3825
C:\Users\teflo\Desktop\Study\VLU\Comp vision\BT\Final\processed_data\test\B1\DSC04705_patch_1_5.jpg,B1,B2,0.4112
C:\Users\teflo\Desktop\Study\VLU\Comp vision\BT\Final\processed_data\test\B1\DSC04706_patch_1_5.jpg,B1,B2,0.475
C:\Users\teflo\Desktop\Study\VLU\Comp vision\BT\Final\processed_data\test\B1\DSC04707_patch_1_5.jpg,B1,A2,0.4522
C:\Users\teflo\Desktop\Study\VLU\Comp vision\BT\Final\processed_data\test\B1\DSC04708_patch_1_5.jpg,B1,B2,0.6042
C:\Users\teflo\Desktop\Study\VLU\Comp vision\BT\Final\processed_data\test\B1\DSC04710_patch_1_4.jpg,B1,A2,0.6334
C:\Users\teflo\Desktop\Study\VLU\Comp vision\BT\Final\processed_data\test\B1\DSC04711_patch_2_0.jpg,B1,A2,0.5883
C:\Users\teflo\Desktop\Study\VLU\Comp vision\BT\Final\processed_data\test\B1\DSC04712_patch_2_3.jpg,B1,A2,0.766
C:\Users\teflo\Desktop\Study\VLU\Comp vision\BT\Final\processed_data\test\B1\DSC04713_patch_2_5.jpg,B1,B2,0.3772
C:\Users\teflo\Desktop\Study\VLU\Comp vision\BT\Final\processed_data\test\B1\DSC04714_patch_3_2.jpg,B1,B2,0.598
C:\Users\teflo\Desktop\Study\VLU\Comp vision\BT\Final\processed_data\test\B1\DSC04716_patch_0_3.jpg,B1,A2,0.3616
C:\Users\teflo\Desktop\Study\VLU\Comp vision\BT\Final\processed_data\test\B1\DSC04717_patch_1_5.jpg,B1,A2,0.3657
C:\Users\teflo\Desktop\Study\VLU\Comp vision\BT\Final\processed_data\test\B1\DSC04718_patch_2_0.jpg,B1,A2,0.6628
C:\Users\teflo\Desktop\Study\VLU\Comp vision\BT\Final\processed_data\test\B1\DSC04751_patch_1_5.jpg,B1,B2,0.4225
C:\Users\teflo\Desktop\Study\VLU\Comp vision\BT\Final\processed_data\test\B1\DSC04752_patch_1_4.jpg,B1,B2,0.464
C:\Users\teflo\Desktop\Study\VLU\Comp vision\BT\Final\processed_data\test\B1\DSC04753_patch_1_3.jpg,B1,A2,0.5245
C:\Users\teflo\Desktop\Study\VLU\Comp vision\BT\Final\processed_data\test\B1\DSC04754_patch_1_2.jpg,B1,B2,0.6623
C:\Users\teflo\Desktop\Study\VLU\Comp vision\BT\Final\processed_data\test\B1\DSC04755_patch_1_1.jpg,B1,A2,0.4778
C:\Users\teflo\Desktop\Study\VLU\Comp vision\BT\Final\processed_data\test\B1\DSC04792_patch_0_5.jpg,B1,B2,0.4821
C:\Users\teflo\Desktop\Study\VLU\Comp vision\BT\Final\processed_data\test\B1\DSC04793_patch_0_4.jpg,B1,A2,0.4466
C:\Users\teflo\Desktop\Study\VLU\Comp vision\BT\Final\processed_data\test\B1\DSC04794_patch_0_3.jpg,B1,B2,0.4772
C:\Users\teflo\Desktop\Study\VLU\Comp vision\BT\Final\processed_data\test\B1\DSC04795_patch_0_2.jpg,B1,A2,0.4288
C:\Users\teflo\Desktop\Study\VLU\Comp vision\BT\Final\processed_data\test\B1\DSC04796_patch_0_0.jpg,B1,A2,0.456
C:\Users\teflo\Desktop\Study\VLU\Comp vision\BT\Final\processed_data\test\B1\DSC04798_patch_3_5.jpg,B1,B2,0.4242
C:\Users\teflo\Desktop\Study\VLU\Comp vision\BT\Final\processed_data\test\B1\DSC04799_patch_3_5.jpg,B1,B2,0.2931
C:\Users\teflo\Desktop\Study\VLU\Comp vision\BT\Final\processed_data\test\B1\DSC04800_patch_3_4.jpg,B1,B2,0.6224
C:\Users\teflo\Desktop\Study\VLU\Comp vision\BT\Final\processed_data\test\B1\DSC04801_patch_3_4.jpg,B1,A1,0.5115
C:\Users\teflo\Desktop\Study\VLU\Comp vision\BT\Final\processed_data\test\B1\DSC04838_patch_3_3.jpg,B1,B2,0.4181
C:\Users\teflo\Desktop\Study\VLU\Comp vision\BT\Final\processed_data\test\B1\DSC04839_patch_3_3.jpg,B1,B2,0.462
C:\Users\teflo\Desktop\Study\VLU\Comp vision\BT\Final\processed_data\test\B1\DSC04840_patch_3_2.jpg,B1,B2,0.7441
C:\Users\teflo\Desktop\Study\VLU\Comp vision\BT\Final\processed_data\test\B1\DSC04841_patch_3_0.jpg,B1,B2,0.4301
C:\Users\teflo\Desktop\Study\VLU\Comp vision\BT\Final\processed_data\test\B1\DSC04842_patch_2_5.jpg,B1,A2,0.5416
C:\Users\teflo\Desktop\Study\VLU\Comp vision\BT\Final\processed_data\test\B1\DSC04843_patch_2_5.jpg,B1,B2,0.5668
C:\Users\teflo\Desktop\Study\VLU\Comp vision\BT\Final\processed_data\test\B1\DSC04851_patch_2_4.jpg,B1,A2,0.6365
C:\Users\teflo\Desktop\Study\VLU\Comp vision\BT\Final\processed_data\test\B1\DSC04852_patch_2_2.jpg,B1,A2,0.4888
C:\Users\teflo\Desktop\Study\VLU\Comp vision\BT\Final\processed_data\test\B1\DSC04853_patch_2_1.jpg,B1,A2,0.4649
C:\Users\teflo\Desktop\Study\VLU\Comp vision\BT\Final\processed_data\test\B1\DSC04854_patch_2_0.jpg,B1,A2,0.3765
C:\Users\teflo\Desktop\Study\VLU\Comp vision\BT\Final\processed_data\test\B1\DSC04855_patch_1_5.jpg,B1,B2,0.7462
C:\Users\teflo\Desktop\Study\VLU\Comp vision\BT\Final\processed_data\test\B1\DSC04856_patch_1_3.jpg,B1,A2,0.4313
C:\Users\teflo\Desktop\Study\VLU\Comp vision\BT\Final\processed_data\test\B1\DSC04870_patch_1_2.jpg,B1,B2,0.667
C:\Users\teflo\Desktop\Study\VLU\Comp vision\BT\Final\processed_data\test\B1\DSC04871_patch_1_1.jpg,B1,A2,0.4677
C:\Users\teflo\Desktop\Study\VLU\Comp vision\BT\Final\processed_data\test\B1\DSC04872_patch_1_0.jpg,B1,B2,0.7328
C:\Users\teflo\Desktop\Study\VLU\Comp vision\BT\Final\processed_data\test\B1\DSC04874_patch_0_4.jpg,B1,A1,0.6753
C:\Users\teflo\Desktop\Study\VLU\Comp vision\BT\Final\processed_data\test\B1\DSC04875_patch_0_3.jpg,B1,A2,0.5989
C:\Users\teflo\Desktop\Study\VLU\Comp vision\BT\Final\processed_data\test\B1\DSC04876_patch_0_2.jpg,B1,B2,0.4687
C:\Users\teflo\Desktop\Study\VLU\Comp vision\BT\Final\processed_data\test\B1\DSC04877_patch_0_1.jpg,B1,B2,0.5987
C:\Users\teflo\Desktop\Study\VLU\Comp vision\BT\Final\processed_data\test\B1\DSC04878_patch_0_0.jpg,B1,A2,0.2758
C:\Users\teflo\Desktop\Study\VLU\Comp vision\BT\Final\processed_data\test\B1\DSC04878_patch_3_5.jpg,B1,A1,0.4021
C:\Users\teflo\Desktop\Study\VLU\Comp vision\BT\Final\processed_data\test\B1\DSC04879_patch_3_4.jpg,B1,A1,0.362
C:\Users\teflo\Desktop\Study\VLU\Comp vision\BT\Final\processed_data\test\B1\DSC04881_patch_0_0.jpg,B1,B2,0.389
C:\Users\teflo\Desktop\Study\VLU\Comp vision\BT\Final\processed_data\test\B1\DSC04881_patch_3_4.jpg,B1,B2,0.4748
C:\Users\teflo\Desktop\Study\VLU\Comp vision\BT\Final\processed_data\test\B1\DSC04887_patch_0_1.jpg,B1,B2,0.4728
C:\Users\teflo\Desktop\Study\VLU\Comp vision\BT\Final\processed_data\test\B1\DSC04888_patch_0_1.jpg,B1,A2,0.4279
C:\Users\teflo\Desktop\Study\VLU\Comp vision\BT\Final\processed_data\test\B1\DSC04965_patch_0_0.jpg,B1,B2,0.6873
C:\Users\teflo\Desktop\Study\VLU\Comp vision\BT\Final\processed_data\test\B1\DSC04966_patch_3_4.jpg,B1,B2,0.382
C:\Users\teflo\Desktop\Study\VLU\Comp vision\BT\Final\processed_data\test\B1\DSC04967_patch_3_3.jpg,B1,B2,0.466
C:\Users\teflo\Desktop\Study\VLU\Comp vision\BT\Final\processed_data\test\B1\DSC04968_patch_3_2.jpg,B1,A2,0.4085
C:\Users\teflo\Desktop\Study\VLU\Comp vision\BT\Final\processed_data\test\B1\DSC04969_patch_3_0.jpg,B1,A1,0.5293
C:\Users\teflo\Desktop\Study\VLU\Comp vision\BT\Final\processed_data\test\B1\DSC04972_patch_2_5.jpg,B1,B2,0.4305
C:\Users\teflo\Desktop\Study\VLU\Comp vision\BT\Final\processed_data\test\B1\DSC04974_patch_2_3.jpg,B1,A2,0.5858
C:\Users\teflo\Desktop\Study\VLU\Comp vision\BT\Final\processed_data\test\B1\DSC04977_patch_2_1.jpg,B1,A2,0.5036
C:\Users\teflo\Desktop\Study\VLU\Comp vision\BT\Final\processed_data\test\B1\DSC04978_patch_2_0.jpg,B1,B2,0.4557
C:\Users\teflo\Desktop\Study\VLU\Comp vision\BT\Final\processed_data\test\B1\DSC04981_patch_1_5.jpg,B1,A2,0.5662
C:\Users\teflo\Desktop\Study\VLU\Comp vision\BT\Final\processed_data\test\B1\DSC04982_patch_1_4.jpg,B1,A1,0.542
C:\Users\teflo\Desktop\Study\VLU\Comp vision\BT\Final\processed_data\test\B1\DSC04984_patch_1_2.jpg,B1,A2,0.5187
C:\Users\teflo\Desktop\Study\VLU\Comp vision\BT\Final\processed_data\test\B1\DSC04985_patch_1_1.jpg,B1,B2,0.479
C:\Users\teflo\Desktop\Study\VLU\Comp vision\BT\Final\processed_data\test\B1\DSC04986_patch_1_0.jpg,B1,A1,0.5662
C:\Users\teflo\Desktop\Study\VLU\Comp vision\BT\Final\processed_data\test\B1\DSC05001_patch_0_5.jpg,B1,A1,0.5337
C:\Users\teflo\Desktop\Study\VLU\Comp vision\BT\Final\processed_data\test\B1\DSC05002_patch_0_3.jpg,B1,A1,0.5304
C:\Users\teflo\Desktop\Study\VLU\Comp vision\BT\Final\processed_data\test\B1\DSC05003_patch_0_2.jpg,B1,A1,0.5895
C:\Users\teflo\Desktop\Study\VLU\Comp vision\BT\Final\processed_data\test\B1\DSC05004_patch_0_1.jpg,B1,A2,0.3518
C:\Users\teflo\Desktop\Study\VLU\Comp vision\BT\Final\processed_data\test\B1\DSC05005_patch_0_1.jpg,B1,A1,0.5249
C:\Users\teflo\Desktop\Study\VLU\Comp vision\BT\Final\processed_data\test\B2\DSC02087_patch_0_1.jpg,B2,B1,0.7175
C:\Users\teflo\Desktop\Study\VLU\Comp vision\BT\Final\processed_data\test\B2\DSC02088_patch_0_1.jpg,B2,B1,0.7719
C:\Users\teflo\Desktop\Study\VLU\Comp vision\BT\Final\processed_data\test\B2\DSC02090_patch_0_0.jpg,B2,B1,0.8533
C:\Users\teflo\Desktop\Study\VLU\Comp vision\BT\Final\processed_data\test\B2\DSC02090_patch_3_5.jpg,B2,B1,0.6246
C:\Users\teflo\Desktop\Study\VLU\Comp vision\BT\Final\processed_data\test\B2\DSC02092_patch_0_0.jpg,B2,B1,0.4431
C:\Users\teflo\Desktop\Study\VLU\Comp vision\BT\Final\processed_data\test\B2\DSC02092_patch_3_5.jpg,B2,A1,0.4764
C:\Users\teflo\Desktop\Study\VLU\Comp vision\BT\Final\processed_data\test\B2\DSC02093_patch_3_4.jpg,B2,A1,0.3226
C:\Users\teflo\Desktop\Study\VLU\Comp vision\BT\Final\processed_data\test\B2\DSC02094_patch_3_3.jpg,B2,B1,0.4727
C:\Users\teflo\Desktop\Study\VLU\Comp vision\BT\Final\processed_data\test\B2\DSC02096_patch_3_3.jpg,B2,A2,0.2996
C:\Users\teflo\Desktop\Study\VLU\Comp vision\BT\Final\processed_data\test\B2\DSC02098_patch_3_2.jpg,B2,B1,0.4786
C:\Users\teflo\Desktop\Study\VLU\Comp vision\BT\Final\processed_data\test\B2\DSC02099_patch_3_0.jpg,B2,B1,0.4359
C:\Users\teflo\Desktop\Study\VLU\Comp vision\BT\Final\processed_data\test\B2\DSC02100_patch_2_5.jpg,B2,B1,0.2944
C:\Users\teflo\Desktop\Study\VLU\Comp vision\BT\Final\processed_data\test\B2\DSC02101_patch_2_4.jpg,B2,A1,0.6067
C:\Users\teflo\Desktop\Study\VLU\Comp vision\BT\Final\processed_data\test\B2\DSC02105_patch_3_0.jpg,B2,B1,0.4648
C:\Users\teflo\Desktop\Study\VLU\Comp vision\BT\Final\processed_data\test\B2\DSC02107_patch_0_3.jpg,B2,B1,0.4614
C:\Users\teflo\Desktop\Study\VLU\Comp vision\BT\Final\processed_data\test\B2\DSC02108_patch_2_3.jpg,B2,B1,0.3279
C:\Users\teflo\Desktop\Study\VLU\Comp vision\BT\Final\processed_data\test\B2\DSC02109_patch_3_4.jpg,B2,A2,0.3885
C:\Users\teflo\Desktop\Study\VLU\Comp vision\BT\Final\processed_data\test\B2\DSC02111_patch_0_0.jpg,B2,B1,0.7261
C:\Users\teflo\Desktop\Study\VLU\Comp vision\BT\Final\processed_data\test\B2\DSC02112_patch_0_1.jpg,B2,B1,0.5105
C:\Users\teflo\Desktop\Study\VLU\Comp vision\BT\Final\processed_data\test\B2\DSC02113_patch_0_2.jpg,B2,B1,0.5191
C:\Users\teflo\Desktop\Study\VLU\Comp vision\BT\Final\processed_data\test\B2\DSC02114_patch_1_1.jpg,B2,B1,0.5659
C:\Users\teflo\Desktop\Study\VLU\Comp vision\BT\Final\processed_data\test\B2\DSC02115_patch_1_2.jpg,B2,B1,0.6611
C:\Users\teflo\Desktop\Study\VLU\Comp vision\BT\Final\processed_data\test\B2\DSC02116_patch_1_1.jpg,B2,B1,0.6081
C:\Users\teflo\Desktop\Study\VLU\Comp vision\BT\Final\processed_data\test\B2\DSC02117_patch_1_1.jpg,B2,B1,0.5984
C:\Users\teflo\Desktop\Study\VLU\Comp vision\BT\Final\processed_data\test\B2\DSC02118_patch_2_4.jpg,B2,B1,0.4337
C:\Users\teflo\Desktop\Study\VLU\Comp vision\BT\Final\processed_data\test\B2\DSC02119_patch_3_0.jpg,B2,B1,0.3531
C:\Users\teflo\Desktop\Study\VLU\Comp vision\BT\Final\processed_data\test\B2\DSC02123_patch_0_4.jpg,B2,A2,0.4242
C:\Users\teflo\Desktop\Study\VLU\Comp vision\BT\Final\processed_data\test\B2\DSC02129_patch_2_1.jpg,B2,B1,0.3684
C:\Users\teflo\Desktop\Study\VLU\Comp vision\BT\Final\processed_data\test\B2\DSC02139_patch_2_3.jpg,B2,A2,0.3143
C:\Users\teflo\Desktop\Study\VLU\Comp vision\BT\Final\processed_data\test\B2\DSC02144_patch_3_3.jpg,B2,B1,0.4209
C:\Users\teflo\Desktop\Study\VLU\Comp vision\BT\Final\processed_data\test\B2\DSC02152_patch_2_4.jpg,B2,B1,0.5242
C:\Users\teflo\Desktop\Study\VLU\Comp vision\BT\Final\processed_data\test\B2\DSC02154_patch_2_4.jpg,B2,A2,0.3914
C:\Users\teflo\Desktop\Study\VLU\Comp vision\BT\Final\processed_data\test\B2\DSC02155_patch_2_4.jpg,B2,A2,0.4551
C:\Users\teflo\Desktop\Study\VLU\Comp vision\BT\Final\processed_data\test\B2\DSC02156_patch_2_4.jpg,B2,A1,0.7435
C:\Users\teflo\Desktop\Study\VLU\Comp vision\BT\Final\processed_data\test\B2\DSC02157_patch_2_5.jpg,B2,A1,0.5226
C:\Users\teflo\Desktop\Study\VLU\Comp vision\BT\Final\processed_data\test\B2\DSC02170_patch_3_1.jpg,B2,B1,0.6469
C:\Users\teflo\Desktop\Study\VLU\Comp vision\BT\Final\processed_data\test\B2\DSC02174_patch_0_1.jpg,B2,A1,0.2816
C:\Users\teflo\Desktop\Study\VLU\Comp vision\BT\Final\processed_data\test\B2\DSC02178_patch_2_1.jpg,B2,B1,0.383
C:\Users\teflo\Desktop\Study\VLU\Comp vision\BT\Final\processed_data\test\B2\DSC02180_patch_1_5.jpg,B2,A1,0.3318
C:\Users\teflo\Desktop\Study\VLU\Comp vision\BT\Final\processed_data\test\B2\DSC02181_patch_2_1.jpg,B2,A2,0.403
C:\Users\teflo\Desktop\Study\VLU\Comp vision\BT\Final\processed_data\test\B2\DSC02184_patch_0_3.jpg,B2,A1,0.4462
C:\Users\teflo\Desktop\Study\VLU\Comp vision\BT\Final\processed_data\test\B2\DSC02187_patch_2_1.jpg,B2,A1,0.3713
C:\Users\teflo\Desktop\Study\VLU\Comp vision\BT\Final\processed_data\test\B2\DSC02190_patch_0_0.jpg,B2,A1,0.3904
C:\Users\teflo\Desktop\Study\VLU\Comp vision\BT\Final\processed_data\test\B2\DSC02192_patch_0_0.jpg,B2,B1,0.3373
C:\Users\teflo\Desktop\Study\VLU\Comp vision\BT\Final\processed_data\test\B2\DSC02193_patch_3_4.jpg,B2,A1,0.4399
C:\Users\teflo\Desktop\Study\VLU\Comp vision\BT\Final\processed_data\test\B2\DSC02198_patch_3_2.jpg,B2,B1,0.5861
C:\Users\teflo\Desktop\Study\VLU\Comp vision\BT\Final\processed_data\test\B2\DSC02203_patch_3_0.jpg,B2,B1,0.5639
C:\Users\teflo\Desktop\Study\VLU\Comp vision\BT\Final\processed_data\test\B2\DSC02212_patch_3_1.jpg,B2,A2,0.3391
C:\Users\teflo\Desktop\Study\VLU\Comp vision\BT\Final\processed_data\test\B2\DSC02213_patch_2_5.jpg,B2,B1,0.3372
C:\Users\teflo\Desktop\Study\VLU\Comp vision\BT\Final\processed_data\test\B2\DSC02215_patch_2_3.jpg,B2,A1,0.7561
C:\Users\teflo\Desktop\Study\VLU\Comp vision\BT\Final\processed_data\test\B2\DSC02220_patch_1_2.jpg,B2,B1,0.3521
C:\Users\teflo\Desktop\Study\VLU\Comp vision\BT\Final\processed_data\test\B2\DSC02221_patch_1_0.jpg,B2,B1,0.6749
C:\Users\teflo\Desktop\Study\VLU\Comp vision\BT\Final\processed_data\test\B2\DSC02222_patch_0_4.jpg,B2,A1,0.337
C:\Users\teflo\Desktop\Study\VLU\Comp vision\BT\Final\processed_data\test\B2\DSC02223_patch_0_2.jpg,B2,A1,0.3868
C:\Users\teflo\Desktop\Study\VLU\Comp vision\BT\Final\processed_data\test\B2\DSC02228_patch_3_3.jpg,B2,B1,0.3867
C:\Users\teflo\Desktop\Study\VLU\Comp vision\BT\Final\processed_data\test\B2\DSC02240_patch_3_4.jpg,B2,A1,0.4729
C:\Users\teflo\Desktop\Study\VLU\Comp vision\BT\Final\processed_data\test\B2\DSC02241_patch_3_4.jpg,B2,A1,0.369
C:\Users\teflo\Desktop\Study\VLU\Comp vision\BT\Final\processed_data\test\B2\DSC02242_patch_3_4.jpg,B2,A1,0.6001
C:\Users\teflo\Desktop\Study\VLU\Comp vision\BT\Final\processed_data\test\B2\DSC02246_patch_3_3.jpg,B2,B1,0.6171
C:\Users\teflo\Desktop\Study\VLU\Comp vision\BT\Final\processed_data\test\B2\DSC02247_patch_3_5.jpg,B2,A1,0.3044
C:\Users\teflo\Desktop\Study\VLU\Comp vision\BT\Final\processed_data\test\B2\DSC02250_patch_0_2.jpg,B2,B1,0.7543
C:\Users\teflo\Desktop\Study\VLU\Comp vision\BT\Final\processed_data\test\B2\DSC02251_patch_0_0.jpg,B2,B1,0.3412
C:\Users\teflo\Desktop\Study\VLU\Comp vision\BT\Final\processed_data\test\B2\DSC02251_patch_3_5.jpg,B2,B1,0.5443
C:\Users\teflo\Desktop\Study\VLU\Comp vision\BT\Final\processed_data\test\B2\DSC02257_patch_3_0.jpg,B2,A2,0.4166
C:\Users\teflo\Desktop\Study\VLU\Comp vision\BT\Final\processed_data\test\B2\DSC02260_patch_2_3.jpg,B2,B1,0.5122
C:\Users\teflo\Desktop\Study\VLU\Comp vision\BT\Final\processed_data\test\B2\DSC02262_patch_3_2.jpg,B2,B1,0.5175
C:\Users\teflo\Desktop\Study\VLU\Comp vision\BT\Final\processed_data\test\B2\DSC02264_patch_0_1.jpg,B2,B1,0.3547
C:\Users\teflo\Desktop\Study\VLU\Comp vision\BT\Final\processed_data\test\B2\DSC02267_patch_0_0.jpg,B2,A2,0.443
C:\Users\teflo\Desktop\Study\VLU\Comp vision\BT\Final\processed_data\test\B2\DSC02269_patch_0_0.jpg,B2,A2,0.3451
C:\Users\teflo\Desktop\Study\VLU\Comp vision\BT\Final\processed_data\test\B2\DSC02269_patch_3_5.jpg,B2,A2,0.3673
C:\Users\teflo\Desktop\Study\VLU\Comp vision\BT\Final\processed_data\test\B2\DSC02270_patch_3_4.jpg,B2,A2,0.2884
C:\Users\teflo\Desktop\Study\VLU\Comp vision\BT\Final\processed_data\test\B2\DSC02272_patch_0_0.jpg,B2,A1,0.392
C:\Users\teflo\Desktop\Study\VLU\Comp vision\BT\Final\processed_data\test\B2\DSC02273_patch_0_2.jpg,B2,A2,0.3342
C:\Users\teflo\Desktop\Study\VLU\Comp vision\BT\Final\processed_data\test\B2\DSC02274_patch_0_3.jpg,B2,B1,0.3971
C:\Users\teflo\Desktop\Study\VLU\Comp vision\BT\Final\processed_data\test\B2\DSC02275_patch_0_5.jpg,B2,A1,0.3882
C:\Users\teflo\Desktop\Study\VLU\Comp vision\BT\Final\processed_data\test\B2\DSC02277_patch_2_5.jpg,B2,A2,0.41
C:\Users\teflo\Desktop\Study\VLU\Comp vision\BT\Final\processed_data\test\B2\DSC02279_patch_2_3.jpg,B2,B1,0.722
C:\Users\teflo\Desktop\Study\VLU\Comp vision\BT\Final\processed_data\test\B2\DSC02280_patch_2_3.jpg,B2,B1,0.531
C:\Users\teflo\Desktop\Study\VLU\Comp vision\BT\Final\processed_data\test\B2\DSC02283_patch_3_1.jpg,B2,B1,0.4397
C:\Users\teflo\Desktop\Study\VLU\Comp vision\BT\Final\processed_data\test\B2\DSC02284_patch_3_3.jpg,B2,A2,0.4146
C:\Users\teflo\Desktop\Study\VLU\Comp vision\BT\Final\processed_data\test\B2\DSC02285_patch_3_2.jpg,B2,A2,0.515
C:\Users\teflo\Desktop\Study\VLU\Comp vision\BT\Final\processed_data\test\B2\DSC02286_patch_3_5.jpg,B2,A1,0.4093
C:\Users\teflo\Desktop\Study\VLU\Comp vision\BT\Final\processed_data\test\B2\DSC02290_patch_0_0.jpg,B2,B1,0.2851
C:\Users\teflo\Desktop\Study\VLU\Comp vision\BT\Final\processed_data\test\B2\DSC02296_patch_0_0.jpg,B2,B1,0.6138
C:\Users\teflo\Desktop\Study\VLU\Comp vision\BT\Final\processed_data\test\B2\DSC02301_patch_1_0.jpg,B2,B1,0.6215
C:\Users\teflo\Desktop\Study\VLU\Comp vision\BT\Final\processed_data\test\B2\DSC02309_patch_0_0.jpg,B2,B1,0.6433
C:\Users\teflo\Desktop\Study\VLU\Comp vision\BT\Final\processed_data\test\B2\DSC02309_patch_3_4.jpg,B2,B1,0.5363
C:\Users\teflo\Desktop\Study\VLU\Comp vision\BT\Final\processed_data\test\B2\DSC02311_patch_3_4.jpg,B2,B1,0.525
C:\Users\teflo\Desktop\Study\VLU\Comp vision\BT\Final\processed_data\test\B2\DSC03143_patch_3_3.jpg,B2,A2,0.3552
C:\Users\teflo\Desktop\Study\VLU\Comp vision\BT\Final\processed_data\test\B2\DSC03145_patch_2_5.jpg,B2,A1,0.5159
C:\Users\teflo\Desktop\Study\VLU\Comp vision\BT\Final\processed_data\test\B2\DSC03146_patch_3_1.jpg,B2,B1,0.6001
C:\Users\teflo\Desktop\Study\VLU\Comp vision\BT\Final\processed_data\test\B2\DSC03147_patch_3_1.jpg,B2,B1,0.4733
C:\Users\teflo\Desktop\Study\VLU\Comp vision\BT\Final\processed_data\test\B2\DSC03148_patch_3_4.jpg,B2,B1,0.5036
C:\Users\teflo\Desktop\Study\VLU\Comp vision\BT\Final\processed_data\test\B2\DSC03152_patch_3_2.jpg,B2,A1,0.3498
C:\Users\teflo\Desktop\Study\VLU\Comp vision\BT\Final\processed_data\test\B2\DSC03155_patch_3_1.jpg,B2,B1,0.3923
C:\Users\teflo\Desktop\Study\VLU\Comp vision\BT\Final\processed_data\test\B2\DSC03157_patch_2_5.jpg,B2,A1,0.4513
C:\Users\teflo\Desktop\Study\VLU\Comp vision\BT\Final\processed_data\test\B2\DSC03163_patch_3_0.jpg,B2,B1,0.5046
C:\Users\teflo\Desktop\Study\VLU\Comp vision\BT\Final\processed_data\test\B2\DSC03165_patch_2_5.jpg,B2,B1,0.6836
C:\Users\teflo\Desktop\Study\VLU\Comp vision\BT\Final\processed_data\test\B2\DSC03169_patch_2_3.jpg,B2,A1,0.4503
C:\Users\teflo\Desktop\Study\VLU\Comp vision\BT\Final\processed_data\test\B2\DSC03170_patch_2_1.jpg,B2,B1,0.4789
C:\Users\teflo\Desktop\Study\VLU\Comp vision\BT\Final\processed_data\test\B2\DSC03172_patch_1_4.jpg,B2,B1,0.5924
C:\Users\teflo\Desktop\Study\VLU\Comp vision\BT\Final\processed_data\test\B2\DSC03173_patch_1_2.jpg,B2,A1,0.3353
C:\Users\teflo\Desktop\Study\VLU\Comp vision\BT\Final\processed_data\test\B2\DSC03175_patch_1_4.jpg,B2,A2,0.519
C:\Users\teflo\Desktop\Study\VLU\Comp vision\BT\Final\processed_data\test\B2\DSC03180_patch_2_5.jpg,B2,A1,0.5772
C:\Users\teflo\Desktop\Study\VLU\Comp vision\BT\Final\processed_data\test\B2\DSC03181_patch_2_4.jpg,B2,A1,0.4169
C:\Users\teflo\Desktop\Study\VLU\Comp vision\BT\Final\processed_data\test\B2\DSC03182_patch_2_3.jpg,B2,A1,0.4188
C:\Users\teflo\Desktop\Study\VLU\Comp vision\BT\Final\processed_data\test\B2\DSC03184_patch_2_2.jpg,B2,A2,0.5014
C:\Users\teflo\Desktop\Study\VLU\Comp vision\BT\Final\processed_data\test\B2\DSC03187_patch_1_3.jpg,B2,B1,0.4287
C:\Users\teflo\Desktop\Study\VLU\Comp vision\BT\Final\processed_data\test\B2\DSC03195_patch_0_0.jpg,B2,A1,0.4224
C:\Users\teflo\Desktop\Study\VLU\Comp vision\BT\Final\processed_data\test\B2\DSC03205_patch_2_4.jpg,B2,B1,0.3712
C:\Users\teflo\Desktop\Study\VLU\Comp vision\BT\Final\processed_data\test\B2\DSC03214_patch_0_4.jpg,B2,B1,0.3224
C:\Users\teflo\Desktop\Study\VLU\Comp vision\BT\Final\processed_data\test\B2\DSC03216_patch_1_0.jpg,B2,A1,0.5202
C:\Users\teflo\Desktop\Study\VLU\Comp vision\BT\Final\processed_data\test\B2\DSC03218_patch_2_0.jpg,B2,A1,0.4944
C:\Users\teflo\Desktop\Study\VLU\Comp vision\BT\Final\processed_data\test\B2\DSC03219_patch_2_2.jpg,B2,B1,0.4886
C:\Users\teflo\Desktop\Study\VLU\Comp vision\BT\Final\processed_data\test\B2\DSC03222_patch_2_2.jpg,B2,B1,0.5306
C:\Users\teflo\Desktop\Study\VLU\Comp vision\BT\Final\processed_data\test\B2\DSC03224_patch_2_0.jpg,B2,B1,0.4322
C:\Users\teflo\Desktop\Study\VLU\Comp vision\BT\Final\processed_data\test\B2\DSC03228_patch_1_4.jpg,B2,B1,0.5682
C:\Users\teflo\Desktop\Study\VLU\Comp vision\BT\Final\processed_data\test\B2\DSC03229_patch_1_3.jpg,B2,B1,0.4919
C:\Users\teflo\Desktop\Study\VLU\Comp vision\BT\Final\processed_data\test\B2\DSC03231_patch_1_0.jpg,B2,B1,0.5591
C:\Users\teflo\Desktop\Study\VLU\Comp vision\BT\Final\processed_data\test\B2\DSC03234_patch_0_4.jpg,B2,B1,0.7387
C:\Users\teflo\Desktop\Study\VLU\Comp vision\BT\Final\processed_data\test\B2\DSC03235_patch_0_2.jpg,B2,B1,0.5759
C:\Users\teflo\Desktop\Study\VLU\Comp vision\BT\Final\processed_data\test\B2\DSC03281_patch_0_0.jpg,B2,A2,0.4632
C:\Users\teflo\Desktop\Study\VLU\Comp vision\BT\Final\processed_data\test\B2\DSC03283_patch_0_0.jpg,B2,B1,0.4971
C:\Users\teflo\Desktop\Study\VLU\Comp vision\BT\Final\processed_data\test\B2\DSC03284_patch_0_0.jpg,B2,B1,0.5693
C:\Users\teflo\Desktop\Study\VLU\Comp vision\BT\Final\processed_data\test\B2\DSC03287_patch_0_1.jpg,B2,B1,0.3445
C:\Users\teflo\Desktop\Study\VLU\Comp vision\BT\Final\processed_data\test\B2\DSC03289_patch_0_1.jpg,B2,B1,0.3479
C:\Users\teflo\Desktop\Study\VLU\Comp vision\BT\Final\processed_data\test\B2\DSC03290_patch_0_1.jpg,B2,B1,0.6052
C:\Users\teflo\Desktop\Study\VLU\Comp vision\BT\Final\processed_data\test\B2\DSC03291_patch_0_2.jpg,B2,A1,0.7558
C:\Users\teflo\Desktop\Study\VLU\Comp vision\BT\Final\processed_data\test\B2\DSC03292_patch_0_2.jpg,B2,A1,0.739
C:\Users\teflo\Desktop\Study\VLU\Comp vision\BT\Final\processed_data\test\B2\DSC03293_patch_0_1.jpg,B2,A1,0.4082
C:\Users\teflo\Desktop\Study\VLU\Comp vision\BT\Final\processed_data\test\B2\DSC03294_patch_0_1.jpg,B2,B1,0.7934
C:\Users\teflo\Desktop\Study\VLU\Comp vision\BT\Final\processed_data\test\B2\DSC03294_patch_3_5.jpg,B2,B1,0.5332
C:\Users\teflo\Desktop\Study\VLU\Comp vision\BT\Final\processed_data\test\B2\DSC03295_patch_3_3.jpg,B2,B1,0.8905
C:\Users\teflo\Desktop\Study\VLU\Comp vision\BT\Final\processed_data\test\B2\DSC03297_patch_3_2.jpg,B2,A2,0.3753
C:\Users\teflo\Desktop\Study\VLU\Comp vision\BT\Final\processed_data\test\B2\DSC03298_patch_3_0.jpg,B2,B1,0.3898
C:\Users\teflo\Desktop\Study\VLU\Comp vision\BT\Final\processed_data\test\B2\DSC03299_patch_2_4.jpg,B2,B1,0.9252
C:\Users\teflo\Desktop\Study\VLU\Comp vision\BT\Final\processed_data\test\B2\DSC03300_patch_2_3.jpg,B2,B1,0.3755
C:\Users\teflo\Desktop\Study\VLU\Comp vision\BT\Final\processed_data\test\B2\DSC03301_patch_2_1.jpg,B2,B1,0.7431
C:\Users\teflo\Desktop\Study\VLU\Comp vision\BT\Final\processed_data\test\B2\DSC03302_patch_1_5.jpg,B2,B1,0.8482
C:\Users\teflo\Desktop\Study\VLU\Comp vision\BT\Final\processed_data\test\B2\DSC03303_patch_1_4.jpg,B2,B1,0.6622
C:\Users\teflo\Desktop\Study\VLU\Comp vision\BT\Final\processed_data\test\B2\DSC03304_patch_1_2.jpg,B2,B1,0.5014
C:\Users\teflo\Desktop\Study\VLU\Comp vision\BT\Final\processed_data\test\B2\DSC03305_patch_1_0.jpg,B2,B1,0.2731
C:\Users\teflo\Desktop\Study\VLU\Comp vision\BT\Final\processed_data\test\B2\DSC03307_patch_0_3.jpg,B2,B1,0.2816
C:\Users\teflo\Desktop\Study\VLU\Comp vision\BT\Final\processed_data\test\B2\DSC03308_patch_0_1.jpg,B2,B1,0.6997
C:\Users\teflo\Desktop\Study\VLU\Comp vision\BT\Final\processed_data\test\B2\DSC03308_patch_3_5.jpg,B2,A1,0.4112
C:\Users\teflo\Desktop\Study\VLU\Comp vision\BT\Final\processed_data\test\B2\DSC03309_patch_3_3.jpg,B2,B1,0.5656
C:\Users\teflo\Desktop\Study\VLU\Comp vision\BT\Final\processed_data\test\B2\DSC03310_patch_3_2.jpg,B2,B1,0.5022
C:\Users\teflo\Desktop\Study\VLU\Comp vision\BT\Final\processed_data\test\B2\DSC03311_patch_3_0.jpg,B2,B1,0.3758
C:\Users\teflo\Desktop\Study\VLU\Comp vision\BT\Final\processed_data\test\B2\DSC03313_patch_2_4.jpg,B2,B1,0.5531
C:\Users\teflo\Desktop\Study\VLU\Comp vision\BT\Final\processed_data\test\B2\DSC03315_patch_2_2.jpg,B2,B1,0.6173
C:\Users\teflo\Desktop\Study\VLU\Comp vision\BT\Final\processed_data\test\B2\DSC03317_patch_1_5.jpg,B2,B1,0.7136
C:\Users\teflo\Desktop\Study\VLU\Comp vision\BT\Final\processed_data\test\B2\DSC03318_patch_1_3.jpg,B2,B1,0.4627
C:\Users\teflo\Desktop\Study\VLU\Comp vision\BT\Final\processed_data\test\B2\DSC03319_patch_1_2.jpg,B2,B1,0.8549
C:\Users\teflo\Desktop\Study\VLU\Comp vision\BT\Final\processed_data\test\B2\DSC03320_patch_1_0.jpg,B2,B1,0.3778
C:\Users\teflo\Desktop\Study\VLU\Comp vision\BT\Final\processed_data\test\B2\DSC03321_patch_0_4.jpg,B2,B1,0.52
C:\Users\teflo\Desktop\Study\VLU\Comp vision\BT\Final\processed_data\test\B2\DSC03322_patch_0_2.jpg,B2,A2,0.416
C:\Users\teflo\Desktop\Study\VLU\Comp vision\BT\Final\processed_data\test\B2\DSC03324_patch_0_2.jpg,B2,B1,0.3138
C:\Users\teflo\Desktop\Study\VLU\Comp vision\BT\Final\processed_data\test\B2\DSC03325_patch_0_0.jpg,B2,B1,0.3722
C:\Users\teflo\Desktop\Study\VLU\Comp vision\BT\Final\processed_data\test\B2\DSC03326_patch_3_2.jpg,B2,B1,0.8316
C:\Users\teflo\Desktop\Study\VLU\Comp vision\BT\Final\processed_data\test\B2\DSC03327_patch_3_1.jpg,B2,B1,0.3687
C:\Users\teflo\Desktop\Study\VLU\Comp vision\BT\Final\processed_data\test\B2\DSC03328_patch_2_5.jpg,B2,B1,0.8525
C:\Users\teflo\Desktop\Study\VLU\Comp vision\BT\Final\processed_data\test\B2\DSC03329_patch_2_4.jpg,B2,B1,0.4762
C:\Users\teflo\Desktop\Study\VLU\Comp vision\BT\Final\processed_data\test\B2\DSC03330_patch_2_4.jpg,B2,B1,0.4339
C:\Users\teflo\Desktop\Study\VLU\Comp vision\BT\Final\processed_data\test\B2\DSC03331_patch_2_2.jpg,B2,A2,0.3771
C:\Users\teflo\Desktop\Study\VLU\Comp vision\BT\Final\processed_data\test\B2\DSC03332_patch_2_0.jpg,B2,B1,0.6471
C:\Users\teflo\Desktop\Study\VLU\Comp vision\BT\Final\processed_data\test\B2\DSC03334_patch_1_4.jpg,B2,B1,0.4624
C:\Users\teflo\Desktop\Study\VLU\Comp vision\BT\Final\processed_data\test\B2\DSC03336_patch_1_3.jpg,B2,B1,0.7398
C:\Users\teflo\Desktop\Study\VLU\Comp vision\BT\Final\processed_data\test\B2\DSC03337_patch_1_2.jpg,B2,B1,0.8623
C:\Users\teflo\Desktop\Study\VLU\Comp vision\BT\Final\processed_data\test\B2\DSC03338_patch_1_1.jpg,B2,B1,0.5761
C:\Users\teflo\Desktop\Study\VLU\Comp vision\BT\Final\processed_data\test\B2\DSC03341_patch_1_1.jpg,B2,B1,0.463
C:\Users\teflo\Desktop\Study\VLU\Comp vision\BT\Final\processed_data\test\B2\DSC03342_patch_1_2.jpg,B2,A2,0.2888
C:\Users\teflo\Desktop\Study\VLU\Comp vision\BT\Final\processed_data\test\B2\DSC03345_patch_1_3.jpg,B2,B1,0.8226
C:\Users\teflo\Desktop\Study\VLU\Comp vision\BT\Final\processed_data\test\B2\DSC03346_patch_1_1.jpg,B2,B1,0.7221
C:\Users\teflo\Desktop\Study\VLU\Comp vision\BT\Final\processed_data\test\B2\DSC03348_patch_1_0.jpg,B2,B1,0.7246
C:\Users\teflo\Desktop\Study\VLU\Comp vision\BT\Final\processed_data\test\B2\DSC03351_patch_0_1.jpg,B2,B1,0.4321
C:\Users\teflo\Desktop\Study\VLU\Comp vision\BT\Final\processed_data\test\B2\DSC03351_patch_3_5.jpg,B2,B1,0.6058
C:\Users\teflo\Desktop\Study\VLU\Comp vision\BT\Final\processed_data\test\B2\DSC03352_patch_3_3.jpg,B2,B1,0.7203
C:\Users\teflo\Desktop\Study\VLU\Comp vision\BT\Final\processed_data\test\B2\DSC03353_patch_3_1.jpg,B2,B1,0.7415
C:\Users\teflo\Desktop\Study\VLU\Comp vision\BT\Final\processed_data\test\B2\DSC03354_patch_3_2.jpg,B2,B1,0.5804
C:\Users\teflo\Desktop\Study\VLU\Comp vision\BT\Final\processed_data\test\B2\DSC03357_patch_3_0.jpg,B2,B1,0.5944
C:\Users\teflo\Desktop\Study\VLU\Comp vision\BT\Final\processed_data\test\B2\DSC03358_patch_3_0.jpg,B2,B1,0.8416
C:\Users\teflo\Desktop\Study\VLU\Comp vision\BT\Final\processed_data\test\B2\DSC03359_patch_2_4.jpg,B2,A2,0.5902
C:\Users\teflo\Desktop\Study\VLU\Comp vision\BT\Final\processed_data\test\B2\DSC03360_patch_2_3.jpg,B2,B1,0.948
C:\Users\teflo\Desktop\Study\VLU\Comp vision\BT\Final\processed_data\test\B2\DSC03361_patch_2_1.jpg,B2,B1,0.7699
C:\Users\teflo\Desktop\Study\VLU\Comp vision\BT\Final\processed_data\test\B2\DSC03366_patch_3_1.jpg,B2,B1,0.8803
C:\Users\teflo\Desktop\Study\VLU\Comp vision\BT\Final\processed_data\test\B2\DSC03370_patch_0_0.jpg,B2,B1,0.7189
C:\Users\teflo\Desktop\Study\VLU\Comp vision\BT\Final\processed_data\test\B2\DSC03372_patch_0_4.jpg,B2,B1,0.5932
C:\Users\teflo\Desktop\Study\VLU\Comp vision\BT\Final\processed_data\test\B2\DSC03374_patch_0_2.jpg,B2,B1,0.481
C:\Users\teflo\Desktop\Study\VLU\Comp vision\BT\Final\processed_data\test\B2\DSC03376_patch_3_4.jpg,B2,B1,0.4989
C:\Users\teflo\Desktop\Study\VLU\Comp vision\BT\Final\processed_data\test\B2\DSC03377_patch_3_2.jpg,B2,B1,0.4604
C:\Users\teflo\Desktop\Study\VLU\Comp vision\BT\Final\processed_data\test\B2\DSC03378_patch_3_0.jpg,B2,B1,0.6307
C:\Users\teflo\Desktop\Study\VLU\Comp vision\BT\Final\processed_data\test\B2\DSC03379_patch_2_5.jpg,B2,B1,0.4657
C:\Users\teflo\Desktop\Study\VLU\Comp vision\BT\Final\processed_data\test\B2\DSC03380_patch_2_3.jpg,B2,A1,0.3883
C:\Users\teflo\Desktop\Study\VLU\Comp vision\BT\Final\processed_data\test\B2\DSC03383_patch_1_4.jpg,B2,B1,0.5181
C:\Users\teflo\Desktop\Study\VLU\Comp vision\BT\Final\processed_data\test\B2\DSC03384_patch_1_5.jpg,B2,B1,0.5123
C:\Users\teflo\Desktop\Study\VLU\Comp vision\BT\Final\processed_data\test\B2\DSC03385_patch_2_1.jpg,B2,B1,0.6512
C:\Users\teflo\Desktop\Study\VLU\Comp vision\BT\Final\processed_data\test\B2\DSC03386_patch_2_1.jpg,B2,B1,0.6442
C:\Users\teflo\Desktop\Study\VLU\Comp vision\BT\Final\processed_data\test\B2\DSC03387_patch_2_0.jpg,B2,A1,0.3876
C:\Users\teflo\Desktop\Study\VLU\Comp vision\BT\Final\processed_data\test\B2\DSC03389_patch_1_4.jpg,B2,B1,0.4739
C:\Users\teflo\Desktop\Study\VLU\Comp vision\BT\Final\processed_data\test\B2\DSC03390_patch_1_4.jpg,B2,B1,0.5178
C:\Users\teflo\Desktop\Study\VLU\Comp vision\BT\Final\processed_data\test\B2\DSC03391_patch_1_4.jpg,B2,B1,0.7382
C:\Users\teflo\Desktop\Study\VLU\Comp vision\BT\Final\processed_data\test\B2\DSC03395_patch_1_3.jpg,B2,B1,0.8049
C:\Users\teflo\Desktop\Study\VLU\Comp vision\BT\Final\processed_data\test\B2\DSC03398_patch_1_1.jpg,B2,B1,0.4904
C:\Users\teflo\Desktop\Study\VLU\Comp vision\BT\Final\processed_data\test\B2\DSC03399_patch_0_5.jpg,B2,A1,0.652
C:\Users\teflo\Desktop\Study\VLU\Comp vision\BT\Final\processed_data\test\B2\DSC03400_patch_0_4.jpg,B2,B1,0.4788
C:\Users\teflo\Desktop\Study\VLU\Comp vision\BT\Final\processed_data\test\B2\DSC03402_patch_0_0.jpg,B2,B1,0.5194
C:\Users\teflo\Desktop\Study\VLU\Comp vision\BT\Final\processed_data\test\B2\DSC03402_patch_3_5.jpg,B2,B1,0.371
C:\Users\teflo\Desktop\Study\VLU\Comp vision\BT\Final\processed_data\test\B2\DSC03405_patch_3_0.jpg,B2,B1,0.7876
C:\Users\teflo\Desktop\Study\VLU\Comp vision\BT\Final\processed_data\test\B2\DSC03408_patch_2_3.jpg,B2,B1,0.6315
C:\Users\teflo\Desktop\Study\VLU\Comp vision\BT\Final\processed_data\test\B2\DSC03410_patch_1_5.jpg,B2,B1,0.86
C:\Users\teflo\Desktop\Study\VLU\Comp vision\BT\Final\processed_data\test\B2\DSC03411_patch_1_4.jpg,B2,B1,0.8273
C:\Users\teflo\Desktop\Study\VLU\Comp vision\BT\Final\processed_data\test\B2\DSC03412_patch_1_2.jpg,B2,B1,0.664
C:\Users\teflo\Desktop\Study\VLU\Comp vision\BT\Final\processed_data\test\B2\DSC03413_patch_1_0.jpg,B2,B1,0.6594
C:\Users\teflo\Desktop\Study\VLU\Comp vision\BT\Final\processed_data\test\B2\DSC03414_patch_0_4.jpg,B2,B1,0.7151
C:\Users\teflo\Desktop\Study\VLU\Comp vision\BT\Final\processed_data\test\B2\DSC03416_patch_0_4.jpg,B2,B1,0.4903
C:\Users\teflo\Desktop\Study\VLU\Comp vision\BT\Final\processed_data\test\B2\DSC03419_patch_0_2.jpg,B2,B1,0.8484
C:\Users\teflo\Desktop\Study\VLU\Comp vision\BT\Final\processed_data\test\B2\DSC03421_patch_0_1.jpg,B2,B1,0.7403
C:\Users\teflo\Desktop\Study\VLU\Comp vision\BT\Final\processed_data\test\B2\DSC03422_patch_0_0.jpg,B2,B1,0.5142
C:\Users\teflo\Desktop\Study\VLU\Comp vision\BT\Final\processed_data\test\B2\DSC03422_patch_3_5.jpg,B2,B1,0.4533
C:\Users\teflo\Desktop\Study\VLU\Comp vision\BT\Final\processed_data\test\B2\DSC03425_patch_3_3.jpg,B2,B1,0.7894
C:\Users\teflo\Desktop\Study\VLU\Comp vision\BT\Final\processed_data\test\B2\DSC03427_patch_3_1.jpg,B2,B1,0.3338
C:\Users\teflo\Desktop\Study\VLU\Comp vision\BT\Final\processed_data\test\B2\DSC03428_patch_3_0.jpg,B2,B1,0.4579
C:\Users\teflo\Desktop\Study\VLU\Comp vision\BT\Final\processed_data\test\B2\DSC03431_patch_3_0.jpg,B2,B1,0.9041
C:\Users\teflo\Desktop\Study\VLU\Comp vision\BT\Final\processed_data\test\B2\DSC03432_patch_3_0.jpg,B2,B1,0.6707
C:\Users\teflo\Desktop\Study\VLU\Comp vision\BT\Final\processed_data\test\B2\DSC03434_patch_2_5.jpg,B2,B1,0.5088
C:\Users\teflo\Desktop\Study\VLU\Comp vision\BT\Final\processed_data\test\B2\DSC03435_patch_2_4.jpg,B2,A2,0.3712
C:\Users\teflo\Desktop\Study\VLU\Comp vision\BT\Final\processed_data\test\B2\DSC03437_patch_2_3.jpg,B2,B1,0.7238
C:\Users\teflo\Desktop\Study\VLU\Comp vision\BT\Final\processed_data\test\B2\DSC03442_patch_2_0.jpg,B2,B1,0.672
C:\Users\teflo\Desktop\Study\VLU\Comp vision\BT\Final\processed_data\test\B2\DSC03443_patch_1_4.jpg,B2,B1,0.7075
C:\Users\teflo\Desktop\Study\VLU\Comp vision\BT\Final\processed_data\test\B2\DSC03445_patch_1_3.jpg,B2,B1,0.7676
C:\Users\teflo\Desktop\Study\VLU\Comp vision\BT\Final\processed_data\test\B2\DSC03446_patch_1_3.jpg,B2,B1,0.6883
C:\Users\teflo\Desktop\Study\VLU\Comp vision\BT\Final\processed_data\test\B2\DSC03447_patch_1_3.jpg,B2,B1,0.6943
C:\Users\teflo\Desktop\Study\VLU\Comp vision\BT\Final\processed_data\test\B2\DSC03448_patch_1_2.jpg,B2,B1,0.6841
C:\Users\teflo\Desktop\Study\VLU\Comp vision\BT\Final\processed_data\test\B2\DSC03451_patch_1_2.jpg,B2,B1,0.722
C:\Users\teflo\Desktop\Study\VLU\Comp vision\BT\Final\processed_data\test\B2\DSC03453_patch_1_1.jpg,B2,B1,0.7488
C:\Users\teflo\Desktop\Study\VLU\Comp vision\BT\Final\processed_data\test\B2\DSC03454_patch_1_0.jpg,B2,B1,0.6023
C:\Users\teflo\Desktop\Study\VLU\Comp vision\BT\Final\processed_data\test\B2\DSC03455_patch_0_5.jpg,B2,B1,0.683
C:\Users\teflo\Desktop\Study\VLU\Comp vision\BT\Final\processed_data\test\B2\DSC03456_patch_0_5.jpg,B2,B1,0.4177
C:\Users\teflo\Desktop\Study\VLU\Comp vision\BT\Final\processed_data\test\B2\DSC03457_patch_0_3.jpg,B2,B1,0.6582
C:\Users\teflo\Desktop\Study\VLU\Comp vision\BT\Final\processed_data\test\B2\DSC03458_patch_0_1.jpg,B2,B1,0.7365
C:\Users\teflo\Desktop\Study\VLU\Comp vision\BT\Final\processed_data\test\B2\DSC03458_patch_3_5.jpg,B2,B1,0.4123
C:\Users\teflo\Desktop\Study\VLU\Comp vision\BT\Final\processed_data\test\B2\DSC03459_patch_3_4.jpg,B2,B1,0.7764
C:\Users\teflo\Desktop\Study\VLU\Comp vision\BT\Final\processed_data\test\B2\DSC03460_patch_3_2.jpg,B2,B1,0.5332
C:\Users\teflo\Desktop\Study\VLU\Comp vision\BT\Final\processed_data\test\B2\DSC03462_patch_3_0.jpg,B2,B1,0.8176
C:\Users\teflo\Desktop\Study\VLU\Comp vision\BT\Final\processed_data\test\B2\DSC03463_patch_2_5.jpg,B2,B1,0.7364
C:\Users\teflo\Desktop\Study\VLU\Comp vision\BT\Final\processed_data\test\B2\DSC03466_patch_2_3.jpg,B2,B1,0.405
C:\Users\teflo\Desktop\Study\VLU\Comp vision\BT\Final\processed_data\test\B2\DSC03468_patch_2_2.jpg,B2,B1,0.5277
C:\Users\teflo\Desktop\Study\VLU\Comp vision\BT\Final\processed_data\test\B2\DSC03470_patch_2_1.jpg,B2,B1,0.769
C:\Users\teflo\Desktop\Study\VLU\Comp vision\BT\Final\processed_data\test\B2\DSC03472_patch_1_3.jpg,B2,B1,0.4044
C:\Users\teflo\Desktop\Study\VLU\Comp vision\BT\Final\processed_data\test\B2\DSC03474_patch_1_1.jpg,B2,B1,0.7369
C:\Users\teflo\Desktop\Study\VLU\Comp vision\BT\Final\processed_data\test\B2\DSC03475_patch_1_0.jpg,B2,B1,0.7098
C:\Users\teflo\Desktop\Study\VLU\Comp vision\BT\Final\processed_data\test\B2\DSC03478_patch_1_3.jpg,B2,B1,0.402
C:\Users\teflo\Desktop\Study\VLU\Comp vision\BT\Final\processed_data\test\B2\DSC03479_patch_1_4.jpg,B2,B1,0.472
C:\Users\teflo\Desktop\Study\VLU\Comp vision\BT\Final\processed_data\test\B2\DSC03480_patch_1_3.jpg,B2,B1,0.396
C:\Users\teflo\Desktop\Study\VLU\Comp vision\BT\Final\processed_data\test\B2\DSC03481_patch_1_3.jpg,B2,A1,0.725
C:\Users\teflo\Desktop\Study\VLU\Comp vision\BT\Final\processed_data\test\B2\DSC03484_patch_1_2.jpg,B2,A1,0.3878
C:\Users\teflo\Desktop\Study\VLU\Comp vision\BT\Final\processed_data\test\B2\DSC03485_patch_1_1.jpg,B2,B1,0.6724
C:\Users\teflo\Desktop\Study\VLU\Comp vision\BT\Final\processed_data\test\B2\DSC03486_patch_0_5.jpg,B2,B1,0.7262
C:\Users\teflo\Desktop\Study\VLU\Comp vision\BT\Final\processed_data\test\B2\DSC03487_patch_0_3.jpg,B2,A1,0.3601
C:\Users\teflo\Desktop\Study\VLU\Comp vision\BT\Final\processed_data\test\B2\DSC03488_patch_0_1.jpg,B2,B1,0.6373
C:\Users\teflo\Desktop\Study\VLU\Comp vision\BT\Final\processed_data\test\B2\DSC03489_patch_0_0.jpg,B2,B1,0.6005
C:\Users\teflo\Desktop\Study\VLU\Comp vision\BT\Final\processed_data\test\B2\DSC03489_patch_3_4.jpg,B2,B1,0.3357
C:\Users\teflo\Desktop\Study\VLU\Comp vision\BT\Final\processed_data\test\B2\DSC03490_patch_3_2.jpg,B2,B1,0.7486
C:\Users\teflo\Desktop\Study\VLU\Comp vision\BT\Final\processed_data\test\B2\DSC03491_patch_3_1.jpg,B2,B1,0.5789
C:\Users\teflo\Desktop\Study\VLU\Comp vision\BT\Final\processed_data\test\B2\DSC03493_patch_3_0.jpg,B2,B1,0.6264
C:\Users\teflo\Desktop\Study\VLU\Comp vision\BT\Final\processed_data\test\B2\DSC03495_patch_2_3.jpg,B2,B1,0.6343
C:\Users\teflo\Desktop\Study\VLU\Comp vision\BT\Final\processed_data\test\B2\DSC03496_patch_2_3.jpg,B2,B1,0.8646
C:\Users\teflo\Desktop\Study\VLU\Comp vision\BT\Final\processed_data\test\B2\DSC03498_patch_2_2.jpg,B2,B1,0.6536
C:\Users\teflo\Desktop\Study\VLU\Comp vision\BT\Final\processed_data\test\B2\DSC03501_patch_2_0.jpg,B2,B1,0.643
C:\Users\teflo\Desktop\Study\VLU\Comp vision\BT\Final\processed_data\test\B2\DSC03502_patch_1_5.jpg,B2,A1,0.4577
C:\Users\teflo\Desktop\Study\VLU\Comp vision\BT\Final\processed_data\test\B2\DSC03503_patch_1_3.jpg,B2,B1,0.6896
C:\Users\teflo\Desktop\Study\VLU\Comp vision\BT\Final\processed_data\test\B2\DSC03504_patch_1_1.jpg,B2,B1,0.677
C:\Users\teflo\Desktop\Study\VLU\Comp vision\BT\Final\processed_data\test\B2\DSC03505_patch_1_1.jpg,B2,B1,0.5356
C:\Users\teflo\Desktop\Study\VLU\Comp vision\BT\Final\processed_data\test\B2\DSC03506_patch_1_5.jpg,B2,A1,0.4764
C:\Users\teflo\Desktop\Study\VLU\Comp vision\BT\Final\processed_data\test\B2\DSC03507_patch_1_3.jpg,B2,B1,0.5476
C:\Users\teflo\Desktop\Study\VLU\Comp vision\BT\Final\processed_data\test\B2\DSC07102_patch_3_1.jpg,B2,A2,0.5588
C:\Users\teflo\Desktop\Study\VLU\Comp vision\BT\Final\processed_data\test\B2\DSC07104_patch_2_5.jpg,B2,A2,0.5191
C:\Users\teflo\Desktop\Study\VLU\Comp vision\BT\Final\processed_data\test\B2\DSC07105_patch_2_3.jpg,B2,A2,0.719
C:\Users\teflo\Desktop\Study\VLU\Comp vision\BT\Final\processed_data\test\B2\DSC07107_patch_2_0.jpg,B2,B1,0.3081
C:\Users\teflo\Desktop\Study\VLU\Comp vision\BT\Final\processed_data\test\B2\DSC07108_patch_1_4.jpg,B2,A2,0.4975
C:\Users\teflo\Desktop\Study\VLU\Comp vision\BT\Final\processed_data\test\B2\DSC07109_patch_1_3.jpg,B2,B1,0.4087
C:\Users\teflo\Desktop\Study\VLU\Comp vision\BT\Final\processed_data\test\B2\DSC07114_patch_0_3.jpg,B2,A2,0.8178
C:\Users\teflo\Desktop\Study\VLU\Comp vision\BT\Final\processed_data\test\B2\DSC07115_patch_0_2.jpg,B2,A2,0.8573
C:\Users\teflo\Desktop\Study\VLU\Comp vision\BT\Final\processed_data\test\B2\DSC07116_patch_0_0.jpg,B2,A2,0.7286
C:\Users\teflo\Desktop\Study\VLU\Comp vision\BT\Final\processed_data\test\B2\DSC07116_patch_3_4.jpg,B2,A2,0.6215
C:\Users\teflo\Desktop\Study\VLU\Comp vision\BT\Final\processed_data\test\B2\DSC07117_patch_3_4.jpg,B2,A2,0.7009
C:\Users\teflo\Desktop\Study\VLU\Comp vision\BT\Final\processed_data\test\B2\DSC07120_patch_3_1.jpg,B2,B1,0.5044
C:\Users\teflo\Desktop\Study\VLU\Comp vision\BT\Final\processed_data\test\B2\DSC07125_patch_2_2.jpg,B2,A2,0.595
C:\Users\teflo\Desktop\Study\VLU\Comp vision\BT\Final\processed_data\test\B2\DSC07126_patch_2_0.jpg,B2,A2,0.6332
C:\Users\teflo\Desktop\Study\VLU\Comp vision\BT\Final\processed_data\test\B2\DSC07130_patch_1_4.jpg,B2,B1,0.5856
C:\Users\teflo\Desktop\Study\VLU\Comp vision\BT\Final\processed_data\test\B2\DSC07132_patch_1_1.jpg,B2,A2,0.7019
C:\Users\teflo\Desktop\Study\VLU\Comp vision\BT\Final\processed_data\test\B2\DSC07133_patch_0_5.jpg,B2,A2,0.4059
C:\Users\teflo\Desktop\Study\VLU\Comp vision\BT\Final\processed_data\test\B2\DSC08413_patch_0_3.jpg,B2,A2,0.7216
C:\Users\teflo\Desktop\Study\VLU\Comp vision\BT\Final\processed_data\test\B2\DSC08417_patch_0_0.jpg,B2,B1,0.7006
C:\Users\teflo\Desktop\Study\VLU\Comp vision\BT\Final\processed_data\test\B2\DSC08419_patch_3_2.jpg,B2,A1,0.4438
C:\Users\teflo\Desktop\Study\VLU\Comp vision\BT\Final\processed_data\test\B2\DSC08569_patch_1_1.jpg,B2,A2,0.6874
C:\Users\teflo\Desktop\Study\VLU\Comp vision\BT\Final\processed_data\test\B2\DSC08570_patch_1_3.jpg,B2,A2,0.8272
C:\Users\teflo\Desktop\Study\VLU\Comp vision\BT\Final\processed_data\test\B2\DSC08577_patch_1_4.jpg,B2,A2,0.7361
C:\Users\teflo\Desktop\Study\VLU\Comp vision\BT\Final\processed_data\test\B2\DSC08578_patch_1_3.jpg,B2,A2,0.8379
C:\Users\teflo\Desktop\Study\VLU\Comp vision\BT\Final\processed_data\test\B2\DSC08589_patch_1_2.jpg,B2,A2,0.7575
C:\Users\teflo\Desktop\Study\VLU\Comp vision\BT\Final\processed_data\test\B2\DSC08591_patch_2_0.jpg,B2,A2,0.8124
C:\Users\teflo\Desktop\Study\VLU\Comp vision\BT\Final\processed_data\test\B2\DSC08593_patch_1_5.jpg,B2,A2,0.6942
C:\Users\teflo\Desktop\Study\VLU\Comp vision\BT\Final\processed_data\test\B2\DSC08660_patch_1_3.jpg,B2,A2,0.5797
C:\Users\teflo\Desktop\Study\VLU\Comp vision\BT\Final\processed_data\test\B2\DSC08666_patch_1_1.jpg,B2,A1,0.5461
C:\Users\teflo\Desktop\Study\VLU\Comp vision\BT\Final\processed_data\test\B2\DSC08667_patch_0_5.jpg,B2,B1,0.416
C:\Users\teflo\Desktop\Study\VLU\Comp vision\BT\Final\processed_data\test\B2\DSC08668_patch_0_4.jpg,B2,A2,0.4651
C:\Users\teflo\Desktop\Study\VLU\Comp vision\BT\Final\processed_data\test\B2\DSC08670_patch_0_0.jpg,B2,A1,0.575
C:\Users\teflo\Desktop\Study\VLU\Comp vision\BT\Final\processed_data\test\B2\DSC08670_patch_3_4.jpg,B2,A1,0.3831
C:\Users\teflo\Desktop\Study\VLU\Comp vision\BT\Final\processed_data\test\B2\DSC08671_patch_3_3.jpg,B2,B1,0.7278
C:\Users\teflo\Desktop\Study\VLU\Comp vision\BT\Final\processed_data\test\B2\DSC08672_patch_3_1.jpg,B2,B1,0.3928
C:\Users\teflo\Desktop\Study\VLU\Comp vision\BT\Final\processed_data\test\B2\DSC08673_patch_3_4.jpg,B2,A2,0.7785
C:\Users\teflo\Desktop\Study\VLU\Comp vision\BT\Final\processed_data\test\B2\DSC08674_patch_3_2.jpg,B2,A2,0.7552
C:\Users\teflo\Desktop\Study\VLU\Comp vision\BT\Final\processed_data\test\B2\DSC08675_patch_3_1.jpg,B2,A2,0.3644
C:\Users\teflo\Desktop\Study\VLU\Comp vision\BT\Final\processed_data\test\B2\DSC08676_patch_3_1.jpg,B2,A2,0.4873
C:\Users\teflo\Desktop\Study\VLU\Comp vision\BT\Final\processed_data\test\B2\DSC08677_patch_2_5.jpg,B2,B1,0.3063
C:\Users\teflo\Desktop\Study\VLU\Comp vision\BT\Final\processed_data\test\B2\DSC08678_patch_2_4.jpg,B2,A2,0.7566
C:\Users\teflo\Desktop\Study\VLU\Comp vision\BT\Final\processed_data\test\B2\DSC08679_patch_2_2.jpg,B2,A2,0.6019
C:\Users\teflo\Desktop\Study\VLU\Comp vision\BT\Final\processed_data\test\B2\DSC08680_patch_2_0.jpg,B2,A2,0.4462
C:\Users\teflo\Desktop\Study\VLU\Comp vision\BT\Final\processed_data\test\B2\DSC08681_patch_1_4.jpg,B2,A2,0.7648
C:\Users\teflo\Desktop\Study\VLU\Comp vision\BT\Final\processed_data\test\B2\DSC08682_patch_1_3.jpg,B2,B1,0.545
C:\Users\teflo\Desktop\Study\VLU\Comp vision\BT\Final\processed_data\test\B2\DSC08684_patch_1_1.jpg,B2,A2,0.8634
C:\Users\teflo\Desktop\Study\VLU\Comp vision\BT\Final\processed_data\test\B2\DSC08686_patch_0_5.jpg,B2,A2,0.5847
C:\Users\teflo\Desktop\Study\VLU\Comp vision\BT\Final\processed_data\test\B2\DSC08687_patch_1_2.jpg,B2,B1,0.3262
C:\Users\teflo\Desktop\Study\VLU\Comp vision\BT\Final\processed_data\test\B2\DSC08688_patch_1_0.jpg,B2,A1,0.3008
C:\Users\teflo\Desktop\Study\VLU\Comp vision\BT\Final\processed_data\test\B2\DSC08692_patch_0_4.jpg,B2,A2,0.5513
C:\Users\teflo\Desktop\Study\VLU\Comp vision\BT\Final\processed_data\test\B2\DSC08693_patch_0_3.jpg,B2,A2,0.5837
C:\Users\teflo\Desktop\Study\VLU\Comp vision\BT\Final\processed_data\test\B2\DSC08696_patch_0_1.jpg,B2,B1,0.4186
C:\Users\teflo\Desktop\Study\VLU\Comp vision\BT\Final\processed_data\test\B2\DSC08698_patch_3_4.jpg,B2,B1,0.4862
C:\Users\teflo\Desktop\Study\VLU\Comp vision\BT\Final\processed_data\test\B2\DSC08699_patch_3_4.jpg,B2,B1,0.467
C:\Users\teflo\Desktop\Study\VLU\Comp vision\BT\Final\processed_data\test\B2\DSC08839_patch_3_4.jpg,B2,B1,0.4487
C:\Users\teflo\Desktop\Study\VLU\Comp vision\BT\Final\processed_data\test\B2\DSC08841_patch_3_2.jpg,B2,B1,0.5526
C:\Users\teflo\Desktop\Study\VLU\Comp vision\BT\Final\processed_data\test\B2\DSC08842_patch_3_4.jpg,B2,A1,0.3698
C:\Users\teflo\Desktop\Study\VLU\Comp vision\BT\Final\processed_data\test\B2\DSC08844_patch_0_2.jpg,B2,A2,0.5984
C:\Users\teflo\Desktop\Study\VLU\Comp vision\BT\Final\processed_data\test\B2\DSC08845_patch_3_5.jpg,B2,B1,0.3724
C:\Users\teflo\Desktop\Study\VLU\Comp vision\BT\Final\processed_data\test\B2\DSC08847_patch_3_3.jpg,B2,B1,0.6797
C:\Users\teflo\Desktop\Study\VLU\Comp vision\BT\Final\processed_data\test\B2\DSC08848_patch_3_1.jpg,B2,B1,0.4556
C:\Users\teflo\Desktop\Study\VLU\Comp vision\BT\Final\processed_data\test\B2\DSC08849_patch_3_2.jpg,B2,B1,0.7062
C:\Users\teflo\Desktop\Study\VLU\Comp vision\BT\Final\processed_data\test\B2\DSC08850_patch_3_4.jpg,B2,A2,0.4075
C:\Users\teflo\Desktop\Study\VLU\Comp vision\BT\Final\processed_data\test\B2\DSC08851_patch_3_2.jpg,B2,B1,0.6612
C:\Users\teflo\Desktop\Study\VLU\Comp vision\BT\Final\processed_data\test\B2\DSC08852_patch_3_0.jpg,B2,B1,0.6547
C:\Users\teflo\Desktop\Study\VLU\Comp vision\BT\Final\processed_data\test\B2\DSC08853_patch_2_5.jpg,B2,B1,0.8218
C:\Users\teflo\Desktop\Study\VLU\Comp vision\BT\Final\processed_data\test\B2\DSC08854_patch_3_2.jpg,B2,B1,0.549
C:\Users\teflo\Desktop\Study\VLU\Comp vision\BT\Final\processed_data\test\B2\DSC08855_patch_3_1.jpg,B2,B1,0.8916
C:\Users\teflo\Desktop\Study\VLU\Comp vision\BT\Final\processed_data\test\B2\DSC08858_patch_0_0.jpg,B2,B1,0.4587
C:\Users\teflo\Desktop\Study\VLU\Comp vision\BT\Final\processed_data\test\B2\DSC08862_patch_2_0.jpg,B2,B1,0.3486
C:\Users\teflo\Desktop\Study\VLU\Comp vision\BT\Final\processed_data\test\B2\DSC08863_patch_1_5.jpg,B2,B1,0.3213
C:\Users\teflo\Desktop\Study\VLU\Comp vision\BT\Final\processed_data\test\B2\DSC08864_patch_2_1.jpg,B2,B1,0.6002
C:\Users\teflo\Desktop\Study\VLU\Comp vision\BT\Final\processed_data\test\B2\DSC08865_patch_1_5.jpg,B2,A2,0.3084
C:\Users\teflo\Desktop\Study\VLU\Comp vision\BT\Final\processed_data\test\B2\DSC08872_patch_2_0.jpg,B2,B1,0.3071
C:\Users\teflo\Desktop\Study\VLU\Comp vision\BT\Final\processed_data\test\B2\DSC08876_patch_1_4.jpg,B2,A1,0.5952
C:\Users\teflo\Desktop\Study\VLU\Comp vision\BT\Final\processed_data\test\B2\DSC08881_patch_0_5.jpg,B2,B1,0.5725
C:\Users\teflo\Desktop\Study\VLU\Comp vision\BT\Final\processed_data\test\B2\DSC08883_patch_1_3.jpg,B2,A2,0.7104
C:\Users\teflo\Desktop\Study\VLU\Comp vision\BT\Final\processed_data\test\B2\DSC08884_patch_1_3.jpg,B2,A2,0.5808
C:\Users\teflo\Desktop\Study\VLU\Comp vision\BT\Final\processed_data\test\B2\DSC08885_patch_1_2.jpg,B2,B1,0.5497
C:\Users\teflo\Desktop\Study\VLU\Comp vision\BT\Final\processed_data\test\B2\DSC09103_patch_1_4.jpg,B2,A2,0.5906
C:\Users\teflo\Desktop\Study\VLU\Comp vision\BT\Final\processed_data\test\B2\DSC09105_patch_1_4.jpg,B2,A2,0.4369
C:\Users\teflo\Desktop\Study\VLU\Comp vision\BT\Final\processed_data\test\B2\DSC09107_patch_2_5.jpg,B2,A2,0.6382
C:\Users\teflo\Desktop\Study\VLU\Comp vision\BT\Final\processed_data\test\B2\DSC09108_patch_2_4.jpg,B2,A1,0.3407
