path,true,pred,confidence
C:\Users\teflo\Desktop\Study\VLU\Comp vision\BT\Final\processed_data\test\A1\1_patch_0_0.jpg,A1,B2,0.6962
C:\Users\teflo\Desktop\Study\VLU\Comp vision\BT\Final\processed_data\test\A1\A1.01.Peo-com_104_patch_1_2.jpg,A1,A2,0.6452
C:\Users\teflo\Desktop\Study\VLU\Comp vision\BT\Final\processed_data\test\A1\A1.01.Peo-com_110_patch_3_0.jpg,A1,A2,0.5674
C:\Users\teflo\Desktop\Study\VLU\Comp vision\BT\Final\processed_data\test\A1\A1.01.Peo-com_129_patch_2_2.jpg,A1,A2,0.7498
C:\Users\teflo\Desktop\Study\VLU\Comp vision\BT\Final\processed_data\test\A1\A1.01.Peo-com_141_patch_0_1.jpg,A1,A2,0.6929
C:\Users\teflo\Desktop\Study\VLU\Comp vision\BT\Final\processed_data\test\A1\A1.01.Peo-com_170_patch_2_4.jpg,A1,A2,0.5434
C:\Users\teflo\Desktop\Study\VLU\Comp vision\BT\Final\processed_data\test\A1\A1.01.Peo-com_23_patch_0_1.jpg,A1,A2,0.6765
C:\Users\teflo\Desktop\Study\VLU\Comp vision\BT\Final\processed_data\test\A1\A1.01.Peo-com_38_patch_3_2.jpg,A1,A2,0.8366
C:\Users\teflo\Desktop\Study\VLU\Comp vision\BT\Final\processed_data\test\A1\A1.01.Peo-com_70_patch_1_3.jpg,A1,A2,0.6477
C:\Users\teflo\Desktop\Study\VLU\Comp vision\BT\Final\processed_data\test\A1\A1.01.Peo-com_98_patch_3_3.jpg,A1,A2,0.6255
C:\Users\teflo\Desktop\Study\VLU\Comp vision\BT\Final\processed_data\test\A1\A1.02.Peo-Cou_101_patch_3_3.jpg,A1,B1,0.7555
C:\Users\teflo\Desktop\Study\VLU\Comp vision\BT\Final\processed_data\test\A1\A1.02.Peo-Cou_25_patch_2_0.jpg,A1,B2,0.5329
C:\Users\teflo\Desktop\Study\VLU\Comp vision\BT\Final\processed_data\test\A1\A1.02.Peo-Cou_31_patch_1_3.jpg,A1,B2,0.5093
C:\Users\teflo\Desktop\Study\VLU\Comp vision\BT\Final\processed_data\test\A1\A1.02.Peo-Cou_81_patch_2_5.jpg,A1,A2,0.5935
C:\Users\teflo\Desktop\Study\VLU\Comp vision\BT\Final\processed_data\test\A1\A1.03.Ope-Hou_103_patch_3_0.jpg,A1,A2,0.5283
C:\Users\teflo\Desktop\Study\VLU\Comp vision\BT\Final\processed_data\test\A1\A1.03.Ope-Hou_115_patch_2_4.jpg,A1,B1,0.6661
C:\Users\teflo\Desktop\Study\VLU\Comp vision\BT\Final\processed_data\test\A1\A1.03.Ope-Hou_120_patch_2_5.jpg,A1,A2,0.571
C:\Users\teflo\Desktop\Study\VLU\Comp vision\BT\Final\processed_data\test\A1\A1.03.Ope-Hou_127_patch_3_4.jpg,A1,A2,0.6152
C:\Users\teflo\Desktop\Study\VLU\Comp vision\BT\Final\processed_data\test\A1\A1.03.Ope-Hou_132_patch_3_3.jpg,A1,A2,0.7526
C:\Users\teflo\Desktop\Study\VLU\Comp vision\BT\Final\processed_data\test\A1\A1.03.Ope-Hou_139_patch_3_5.jpg,A1,A2,0.8866
C:\Users\teflo\Desktop\Study\VLU\Comp vision\BT\Final\processed_data\test\A1\A1.03.Ope-Hou_146_patch_1_0.jpg,A1,A2,0.8325
C:\Users\teflo\Desktop\Study\VLU\Comp vision\BT\Final\processed_data\test\A1\A1.03.Ope-Hou_151_patch_0_4.jpg,A1,B2,0.8027
C:\Users\teflo\Desktop\Study\VLU\Comp vision\BT\Final\processed_data\test\A1\A1.03.Ope-Hou_15_patch_2_4.jpg,A1,A2,0.8422
C:\Users\teflo\Desktop\Study\VLU\Comp vision\BT\Final\processed_data\test\A1\A1.03.Ope-Hou_166_patch_1_2.jpg,A1,A2,0.8259
C:\Users\teflo\Desktop\Study\VLU\Comp vision\BT\Final\processed_data\test\A1\A1.03.Ope-Hou_171_patch_1_3.jpg,A1,A2,0.9045
C:\Users\teflo\Desktop\Study\VLU\Comp vision\BT\Final\processed_data\test\A1\A1.03.Ope-Hou_17_patch_0_3.jpg,A1,A2,0.5714
C:\Users\teflo\Desktop\Study\VLU\Comp vision\BT\Final\processed_data\test\A1\A1.03.Ope-Hou_185_patch_0_2.jpg,A1,A2,0.843
C:\Users\teflo\Desktop\Study\VLU\Comp vision\BT\Final\processed_data\test\A1\A1.03.Ope-Hou_196_patch_0_1.jpg,A1,A2,0.87
C:\Users\teflo\Desktop\Study\VLU\Comp vision\BT\Final\processed_data\test\A1\A1.03.Ope-Hou_201_patch_0_2.jpg,A1,B1,0.4675
C:\Users\teflo\Desktop\Study\VLU\Comp vision\BT\Final\processed_data\test\A1\A1.03.Ope-Hou_213_patch_0_3.jpg,A1,A2,0.9391
C:\Users\teflo\Desktop\Study\VLU\Comp vision\BT\Final\processed_data\test\A1\A1.03.Ope-Hou_21_patch_1_1.jpg,A1,A2,0.6936
C:\Users\teflo\Desktop\Study\VLU\Comp vision\BT\Final\processed_data\test\A1\A1.03.Ope-Hou_226_patch_1_0.jpg,A1,A2,0.9505
C:\Users\teflo\Desktop\Study\VLU\Comp vision\BT\Final\processed_data\test\A1\A1.03.Ope-Hou_246_patch_2_5.jpg,A1,A2,0.5173
C:\Users\teflo\Desktop\Study\VLU\Comp vision\BT\Final\processed_data\test\A1\A1.03.Ope-Hou_253_patch_1_1.jpg,A1,A2,0.7113
C:\Users\teflo\Desktop\Study\VLU\Comp vision\BT\Final\processed_data\test\A1\A1.03.Ope-Hou_259_patch_2_0.jpg,A1,A2,0.6769
C:\Users\teflo\Desktop\Study\VLU\Comp vision\BT\Final\processed_data\test\A1\A1.03.Ope-Hou_264_patch_3_1.jpg,A1,A2,0.7381
C:\Users\teflo\Desktop\Study\VLU\Comp vision\BT\Final\processed_data\test\A1\A1.03.Ope-Hou_270_patch_3_1.jpg,A1,A2,0.479
C:\Users\teflo\Desktop\Study\VLU\Comp vision\BT\Final\processed_data\test\A1\A1.03.Ope-Hou_31_patch_0_2.jpg,A1,A2,0.7426
C:\Users\teflo\Desktop\Study\VLU\Comp vision\BT\Final\processed_data\test\A1\A1.03.Ope-Hou_37_patch_2_0.jpg,A1,A2,0.5297
C:\Users\teflo\Desktop\Study\VLU\Comp vision\BT\Final\processed_data\test\A1\A1.03.Ope-Hou_44_patch_2_5.jpg,A1,B1,0.7678
C:\Users\teflo\Desktop\Study\VLU\Comp vision\BT\Final\processed_data\test\A1\A1.03.Ope-Hou_63_patch_3_4.jpg,A1,A2,0.802
C:\Users\teflo\Desktop\Study\VLU\Comp vision\BT\Final\processed_data\test\A1\A1.03.Ope-Hou_71_patch_1_2.jpg,A1,A2,0.8547
C:\Users\teflo\Desktop\Study\VLU\Comp vision\BT\Final\processed_data\test\A1\A1.03.Ope-Hou_90_patch_3_0.jpg,A1,A2,0.8022
C:\Users\teflo\Desktop\Study\VLU\Comp vision\BT\Final\processed_data\test\A1\A1.03.Ope-Hou_98_patch_1_3.jpg,A1,A2,0.9095
C:\Users\teflo\Desktop\Study\VLU\Comp vision\BT\Final\processed_data\test\A1\A1.04.HCM-Mus_47_patch_0_1.jpg,A1,B1,0.3816
C:\Users\teflo\Desktop\Study\VLU\Comp vision\BT\Final\processed_data\test\A1\A1.05.Mus-His_39_patch_2_5.jpg,A1,B1,0.6181
C:\Users\teflo\Desktop\Study\VLU\Comp vision\BT\Final\processed_data\test\A1\A1.05.Mus-His_59_patch_0_5.jpg,A1,B1,0.4648
C:\Users\teflo\Desktop\Study\VLU\Comp vision\BT\Final\processed_data\test\A1\A1.06.TDN-Sch_106_patch_0_1.jpg,A1,A2,0.5249
C:\Users\teflo\Desktop\Study\VLU\Comp vision\BT\Final\processed_data\test\A1\A1.06.TDN-Sch_111_patch_1_0.jpg,A1,B1,0.307
C:\Users\teflo\Desktop\Study\VLU\Comp vision\BT\Final\processed_data\test\A1\A1.06.TDN-Sch_134_patch_2_2.jpg,A1,B1,0.3943
C:\Users\teflo\Desktop\Study\VLU\Comp vision\BT\Final\processed_data\test\A1\A1.06.TDN-Sch_172_patch_1_4.jpg,A1,B1,0.5354
C:\Users\teflo\Desktop\Study\VLU\Comp vision\BT\Final\processed_data\test\A1\A1.06.TDN-Sch_54_patch_3_4.jpg,A1,B1,0.5764
C:\Users\teflo\Desktop\Study\VLU\Comp vision\BT\Final\processed_data\test\A1\A1.06.TDN-Sch_60_patch_3_2.jpg,A1,B1,0.47
C:\Users\teflo\Desktop\Study\VLU\Comp vision\BT\Final\processed_data\test\A1\A1.07.Hot-Con_06_patch_2_3.jpg,A1,A2,0.5071
C:\Users\teflo\Desktop\Study\VLU\Comp vision\BT\Final\processed_data\test\A1\A1.07.Hot-Con_31_patch_2_1.jpg,A1,A2,0.9167
C:\Users\teflo\Desktop\Study\VLU\Comp vision\BT\Final\processed_data\test\A1\A1.07.Hot-Con_37_patch_1_5.jpg,A1,B1,0.5436
C:\Users\teflo\Desktop\Study\VLU\Comp vision\BT\Final\processed_data\test\A1\A1.07.Hot-Con_46_patch_1_3.jpg,A1,A2,0.7319
C:\Users\teflo\Desktop\Study\VLU\Comp vision\BT\Final\processed_data\test\A1\A1.07.Hot-Con_56_patch_1_5.jpg,A1,A2,0.4646
C:\Users\teflo\Desktop\Study\VLU\Comp vision\BT\Final\processed_data\test\A1\A1.07.Hot-Con_78_patch_1_1.jpg,A1,A2,0.4876
C:\Users\teflo\Desktop\Study\VLU\Comp vision\BT\Final\processed_data\test\A1\A1.08.MCH-Sch_39_patch_2_5.jpg,A1,B1,0.3624
C:\Users\teflo\Desktop\Study\VLU\Comp vision\BT\Final\processed_data\test\A1\A1.08.MCH-Sch_64_patch_2_1.jpg,A1,B2,0.4278
C:\Users\teflo\Desktop\Study\VLU\Comp vision\BT\Final\processed_data\test\A1\A1.09.Eye-Hos_07_patch_1_2.jpg,A1,B1,0.6695
C:\Users\teflo\Desktop\Study\VLU\Comp vision\BT\Final\processed_data\test\A1\A1.09.Eye-Hos_109_patch_3_0.jpg,A1,B2,0.7057
C:\Users\teflo\Desktop\Study\VLU\Comp vision\BT\Final\processed_data\test\A1\A1.09.Eye-Hos_114_patch_3_3.jpg,A1,B1,0.8902
C:\Users\teflo\Desktop\Study\VLU\Comp vision\BT\Final\processed_data\test\A1\A1.09.Eye-Hos_120_patch_0_4.jpg,A1,B2,0.519
C:\Users\teflo\Desktop\Study\VLU\Comp vision\BT\Final\processed_data\test\A1\A1.09.Eye-Hos_35_patch_3_3.jpg,A1,B2,0.4317
C:\Users\teflo\Desktop\Study\VLU\Comp vision\BT\Final\processed_data\test\A1\A1.09.Eye-Hos_48_patch_1_5.jpg,A1,B1,0.4662
C:\Users\teflo\Desktop\Study\VLU\Comp vision\BT\Final\processed_data\test\A1\A1.09.Eye-Hos_54_patch_3_1.jpg,A1,A2,0.5807
C:\Users\teflo\Desktop\Study\VLU\Comp vision\BT\Final\processed_data\test\A1\A1.09.Eye-Hos_67_patch_1_0.jpg,A1,B1,0.3847
C:\Users\teflo\Desktop\Study\VLU\Comp vision\BT\Final\processed_data\test\A1\A1.09.Eye-Hos_73_patch_0_5.jpg,A1,A2,0.5123
C:\Users\teflo\Desktop\Study\VLU\Comp vision\BT\Final\processed_data\test\A1\A1.09.Eye-Hos_79_patch_1_0.jpg,A1,A2,0.5927
C:\Users\teflo\Desktop\Study\VLU\Comp vision\BT\Final\processed_data\test\A1\A1.09.Eye-Hos_85_patch_1_5.jpg,A1,A2,0.6394
C:\Users\teflo\Desktop\Study\VLU\Comp vision\BT\Final\processed_data\test\A1\A1.11.LQD-Sch_18_patch_0_3.jpg,A1,B2,0.5024
C:\Users\teflo\Desktop\Study\VLU\Comp vision\BT\Final\processed_data\test\A1\A1.11.LQD-Sch_36_patch_0_0.jpg,A1,B1,0.5073
C:\Users\teflo\Desktop\Study\VLU\Comp vision\BT\Final\processed_data\test\A1\A1.12.Chi-Hou_03_patch_0_1.jpg,A1,B1,0.4244
C:\Users\teflo\Desktop\Study\VLU\Comp vision\BT\Final\processed_data\test\A1\A1.12.Chi-Hou_130_patch_2_2.jpg,A1,A2,0.4977
C:\Users\teflo\Desktop\Study\VLU\Comp vision\BT\Final\processed_data\test\A1\A1.12.Chi-Hou_141_patch_3_0.jpg,A1,B1,0.5979
C:\Users\teflo\Desktop\Study\VLU\Comp vision\BT\Final\processed_data\test\A1\A1.12.Chi-Hou_36_patch_2_2.jpg,A1,B1,0.4962
C:\Users\teflo\Desktop\Study\VLU\Comp vision\BT\Final\processed_data\test\A1\A1.12.Chi-Hou_66_patch_2_5.jpg,A1,A2,0.5224
C:\Users\teflo\Desktop\Study\VLU\Comp vision\BT\Final\processed_data\test\A1\A1.12.Chi-Hou_95_patch_1_0.jpg,A1,B1,0.7802
C:\Users\teflo\Desktop\Study\VLU\Comp vision\BT\Final\processed_data\test\A1\A1.13.Pas-Ins_106_patch_2_3.jpg,A1,B1,0.6788
C:\Users\teflo\Desktop\Study\VLU\Comp vision\BT\Final\processed_data\test\A1\A1.13.Pas-Ins_111_patch_2_0.jpg,A1,B2,0.4858
C:\Users\teflo\Desktop\Study\VLU\Comp vision\BT\Final\processed_data\test\A1\A1.13.Pas-Ins_139_patch_3_0.jpg,A1,B1,0.8436
C:\Users\teflo\Desktop\Study\VLU\Comp vision\BT\Final\processed_data\test\A1\A1.13.Pas-Ins_144_patch_3_3.jpg,A1,B1,0.5107
C:\Users\teflo\Desktop\Study\VLU\Comp vision\BT\Final\processed_data\test\A1\A1.13.Pas-Ins_16_patch_1_4.jpg,A1,B2,0.7094
C:\Users\teflo\Desktop\Study\VLU\Comp vision\BT\Final\processed_data\test\A1\A1.13.Pas-Ins_64_patch_2_3.jpg,A1,A2,0.6107
C:\Users\teflo\Desktop\Study\VLU\Comp vision\BT\Final\processed_data\test\A1\A1.13.Pas-Ins_70_patch_2_0.jpg,A1,B2,0.4729
C:\Users\teflo\Desktop\Study\VLU\Comp vision\BT\Final\processed_data\test\A1\A1.13.Pas-Ins_76_patch_2_3.jpg,A1,B1,0.515
C:\Users\teflo\Desktop\Study\VLU\Comp vision\BT\Final\processed_data\test\A1\A1.14.Chi-Hos2_03_patch_3_0.jpg,A1,B2,0.6818
C:\Users\teflo\Desktop\Study\VLU\Comp vision\BT\Final\processed_data\test\A1\A1.14.Chi-Hos2_09_patch_2_5.jpg,A1,B2,0.6977
C:\Users\teflo\Desktop\Study\VLU\Comp vision\BT\Final\processed_data\test\A1\A1.14.Chi-Hos2_110_patch_2_5.jpg,A1,B1,0.7132
C:\Users\teflo\Desktop\Study\VLU\Comp vision\BT\Final\processed_data\test\A1\A1.14.Chi-Hos2_138_patch_3_2.jpg,A1,B2,0.4005
C:\Users\teflo\Desktop\Study\VLU\Comp vision\BT\Final\processed_data\test\A1\A1.14.Chi-Hos2_143_patch_3_1.jpg,A1,B1,0.4628
C:\Users\teflo\Desktop\Study\VLU\Comp vision\BT\Final\processed_data\test\A1\A1.14.Chi-Hos2_14_patch_0_3.jpg,A1,B2,0.5093
C:\Users\teflo\Desktop\Study\VLU\Comp vision\BT\Final\processed_data\test\A1\A1.14.Chi-Hos2_160_patch_0_4.jpg,A1,B2,0.3986
C:\Users\teflo\Desktop\Study\VLU\Comp vision\BT\Final\processed_data\test\A1\A1.14.Chi-Hos2_17_patch_0_1.jpg,A1,A2,0.7981
C:\Users\teflo\Desktop\Study\VLU\Comp vision\BT\Final\processed_data\test\A1\A1.14.Chi-Hos2_22_patch_3_5.jpg,A1,B1,0.8268
C:\Users\teflo\Desktop\Study\VLU\Comp vision\BT\Final\processed_data\test\A1\A1.14.Chi-Hos2_29_patch_0_3.jpg,A1,B2,0.3891
C:\Users\teflo\Desktop\Study\VLU\Comp vision\BT\Final\processed_data\test\A1\A1.14.Chi-Hos2_35_patch_0_1.jpg,A1,A2,0.5481
C:\Users\teflo\Desktop\Study\VLU\Comp vision\BT\Final\processed_data\test\A1\A1.14.Chi-Hos2_66_patch_1_3.jpg,A1,A2,0.4958
C:\Users\teflo\Desktop\Study\VLU\Comp vision\BT\Final\processed_data\test\A1\A1.14.Chi-Hos2_72_patch_3_0.jpg,A1,B1,0.5829
C:\Users\teflo\Desktop\Study\VLU\Comp vision\BT\Final\processed_data\test\A1\A1.14.Chi-Hos2_84_patch_2_0.jpg,A1,B1,0.4705
C:\Users\teflo\Desktop\Study\VLU\Comp vision\BT\Final\processed_data\test\A1\A1.14.Chi-Hos2_96_patch_1_0.jpg,A1,B1,0.8011
C:\Users\teflo\Desktop\Study\VLU\Comp vision\BT\Final\processed_data\test\A1\A1.16.LHP-Sch_21_patch_1_4.jpg,A1,B1,0.5921
C:\Users\teflo\Desktop\Study\VLU\Comp vision\BT\Final\processed_data\test\A1\A1.16.LHP-Sch_46_patch_1_5.jpg,A1,B1,0.4606
C:\Users\teflo\Desktop\Study\VLU\Comp vision\BT\Final\processed_data\test\A1\A1.16.LHP-Sch_59_patch_2_2.jpg,A1,A2,0.515
C:\Users\teflo\Desktop\Study\VLU\Comp vision\BT\Final\processed_data\test\A1\A1.16.LHP-Sch_66_patch_0_2.jpg,A1,B1,0.5094
C:\Users\teflo\Desktop\Study\VLU\Comp vision\BT\Final\processed_data\test\A1\A1.17.Sai-Uni_04_patch_3_2.jpg,A1,B2,0.5121
C:\Users\teflo\Desktop\Study\VLU\Comp vision\BT\Final\processed_data\test\A1\A1.17.Sai-Uni_32_patch_0_0.jpg,A1,B1,0.5382
C:\Users\teflo\Desktop\Study\VLU\Comp vision\BT\Final\processed_data\test\A1\A1.17.Sai-Uni_39_patch_2_0.jpg,A1,B1,0.7421
C:\Users\teflo\Desktop\Study\VLU\Comp vision\BT\Final\processed_data\test\A1\A1.17.Sai-Uni_45_patch_3_4.jpg,A1,A2,0.7698
C:\Users\teflo\Desktop\Study\VLU\Comp vision\BT\Final\processed_data\test\A1\A1.18.TaD-Mar_32_patch_1_3.jpg,A1,B1,0.4182
C:\Users\teflo\Desktop\Study\VLU\Comp vision\BT\Final\processed_data\test\A1\A1.18.TaD-Mar_39_patch_1_0.jpg,A1,B1,0.5639
C:\Users\teflo\Desktop\Study\VLU\Comp vision\BT\Final\processed_data\test\A1\A1.18.TaD-Mar_47_patch_1_1.jpg,A1,B1,0.5971
C:\Users\teflo\Desktop\Study\VLU\Comp vision\BT\Final\processed_data\test\A1\A1.19.TuD-DiB_09_patch_2_5.jpg,A1,A2,0.3702
C:\Users\teflo\Desktop\Study\VLU\Comp vision\BT\Final\processed_data\test\A1\A1.19.TuD-DiB_15_patch_3_3.jpg,A1,A2,0.9195
C:\Users\teflo\Desktop\Study\VLU\Comp vision\BT\Final\processed_data\test\A1\A1.19.TuD-DiB_22_patch_0_0.jpg,A1,B1,0.6714
C:\Users\teflo\Desktop\Study\VLU\Comp vision\BT\Final\processed_data\test\A1\A1.19.TuD-DiB_34_patch_1_3.jpg,A1,A2,0.9364
C:\Users\teflo\Desktop\Study\VLU\Comp vision\BT\Final\processed_data\test\A1\A1.19.TuD-DiB_40_patch_1_5.jpg,A1,B2,0.6326
C:\Users\teflo\Desktop\Study\VLU\Comp vision\BT\Final\processed_data\test\A1\A1.20.Peo-Com_01_patch_1_0.jpg,A1,B1,0.3396
C:\Users\teflo\Desktop\Study\VLU\Comp vision\BT\Final\processed_data\test\A1\A1.21.Rai-Bui_04_patch_2_1.jpg,A1,B1,0.3717
C:\Users\teflo\Desktop\Study\VLU\Comp vision\BT\Final\processed_data\test\A1\A1.21.Rai-Bui_23_patch_0_5.jpg,A1,B2,0.7025
C:\Users\teflo\Desktop\Study\VLU\Comp vision\BT\Final\processed_data\test\A1\A1.21.Rai-Bui_41_patch_1_4.jpg,A1,A2,0.7314
C:\Users\teflo\Desktop\Study\VLU\Comp vision\BT\Final\processed_data\test\A1\A1.22.Ben-Tha_96_patch_0_2.jpg,A1,B2,0.5935
C:\Users\teflo\Desktop\Study\VLU\Comp vision\BT\Final\processed_data\test\A1\A1.23.Tru-Vuo_05_patch_2_3.jpg,A1,B1,0.7853
C:\Users\teflo\Desktop\Study\VLU\Comp vision\BT\Final\processed_data\test\A1\A1.23.Tru-Vuo_107_patch_3_1.jpg,A1,A2,0.4698
C:\Users\teflo\Desktop\Study\VLU\Comp vision\BT\Final\processed_data\test\A1\A1.23.Tru-Vuo_112_patch_2_5.jpg,A1,B2,0.7262
C:\Users\teflo\Desktop\Study\VLU\Comp vision\BT\Final\processed_data\test\A1\A1.23.Tru-Vuo_79_patch_0_5.jpg,A1,B1,0.3966
C:\Users\teflo\Desktop\Study\VLU\Comp vision\BT\Final\processed_data\test\A1\A1.23.Tru-Vuo_91_patch_0_5.jpg,A1,B1,0.5255
C:\Users\teflo\Desktop\Study\VLU\Comp vision\BT\Final\processed_data\test\A1\A1.24.Indo-Ban_04_patch_1_3.jpg,A1,A2,0.3756
C:\Users\teflo\Desktop\Study\VLU\Comp vision\BT\Final\processed_data\test\A1\A1.24.Indo-Ban_100_patch_1_3.jpg,A1,A2,0.5357
C:\Users\teflo\Desktop\Study\VLU\Comp vision\BT\Final\processed_data\test\A1\A1.24.Indo-Ban_106_patch_1_3.jpg,A1,A2,0.8273
C:\Users\teflo\Desktop\Study\VLU\Comp vision\BT\Final\processed_data\test\A1\A1.24.Indo-Ban_118_patch_1_5.jpg,A1,B1,0.7335
C:\Users\teflo\Desktop\Study\VLU\Comp vision\BT\Final\processed_data\test\A1\A1.24.Indo-Ban_12_patch_2_4.jpg,A1,B1,0.44
C:\Users\teflo\Desktop\Study\VLU\Comp vision\BT\Final\processed_data\test\A1\A1.24.Indo-Ban_141_patch_2_3.jpg,A1,B1,0.5853
C:\Users\teflo\Desktop\Study\VLU\Comp vision\BT\Final\processed_data\test\A1\A1.24.Indo-Ban_148_patch_2_1.jpg,A1,B2,0.4441
C:\Users\teflo\Desktop\Study\VLU\Comp vision\BT\Final\processed_data\test\A1\A1.24.Indo-Ban_153_patch_1_4.jpg,A1,A2,0.4797
C:\Users\teflo\Desktop\Study\VLU\Comp vision\BT\Final\processed_data\test\A1\A1.24.Indo-Ban_159_patch_3_5.jpg,A1,B1,0.5628
C:\Users\teflo\Desktop\Study\VLU\Comp vision\BT\Final\processed_data\test\A1\A1.24.Indo-Ban_170_patch_1_0.jpg,A1,B1,0.7116
C:\Users\teflo\Desktop\Study\VLU\Comp vision\BT\Final\processed_data\test\A1\A1.24.Indo-Ban_176_patch_1_3.jpg,A1,A2,0.7079
C:\Users\teflo\Desktop\Study\VLU\Comp vision\BT\Final\processed_data\test\A1\A1.24.Indo-Ban_183_patch_3_1.jpg,A1,B2,0.3928
C:\Users\teflo\Desktop\Study\VLU\Comp vision\BT\Final\processed_data\test\A1\A1.24.Indo-Ban_189_patch_3_5.jpg,A1,B1,0.8075
C:\Users\teflo\Desktop\Study\VLU\Comp vision\BT\Final\processed_data\test\A1\A1.24.Indo-Ban_194_patch_3_3.jpg,A1,A2,0.596
C:\Users\teflo\Desktop\Study\VLU\Comp vision\BT\Final\processed_data\test\A1\A1.24.Indo-Ban_204_patch_1_2.jpg,A1,A2,0.3857
C:\Users\teflo\Desktop\Study\VLU\Comp vision\BT\Final\processed_data\test\A1\A1.24.Indo-Ban_20_patch_3_0.jpg,A1,B1,0.692
C:\Users\teflo\Desktop\Study\VLU\Comp vision\BT\Final\processed_data\test\A1\A1.24.Indo-Ban_218_patch_0_4.jpg,A1,A2,0.7366
C:\Users\teflo\Desktop\Study\VLU\Comp vision\BT\Final\processed_data\test\A1\A1.24.Indo-Ban_223_patch_0_4.jpg,A1,A2,0.7978
C:\Users\teflo\Desktop\Study\VLU\Comp vision\BT\Final\processed_data\test\A1\A1.24.Indo-Ban_229_patch_1_0.jpg,A1,B2,0.4493
C:\Users\teflo\Desktop\Study\VLU\Comp vision\BT\Final\processed_data\test\A1\A1.24.Indo-Ban_234_patch_3_0.jpg,A1,B1,0.4245
C:\Users\teflo\Desktop\Study\VLU\Comp vision\BT\Final\processed_data\test\A1\A1.24.Indo-Ban_23_patch_3_1.jpg,A1,A2,0.79
C:\Users\teflo\Desktop\Study\VLU\Comp vision\BT\Final\processed_data\test\A1\A1.24.Indo-Ban_245_patch_3_3.jpg,A1,B1,0.7369
C:\Users\teflo\Desktop\Study\VLU\Comp vision\BT\Final\processed_data\test\A1\A1.24.Indo-Ban_254_patch_2_0.jpg,A1,A2,0.5231
C:\Users\teflo\Desktop\Study\VLU\Comp vision\BT\Final\processed_data\test\A1\A1.24.Indo-Ban_270_patch_2_0.jpg,A1,B1,0.351
C:\Users\teflo\Desktop\Study\VLU\Comp vision\BT\Final\processed_data\test\A1\A1.24.Indo-Ban_276_patch_1_5.jpg,A1,A2,0.5517
C:\Users\teflo\Desktop\Study\VLU\Comp vision\BT\Final\processed_data\test\A1\A1.24.Indo-Ban_281_patch_2_2.jpg,A1,A2,0.642
C:\Users\teflo\Desktop\Study\VLU\Comp vision\BT\Final\processed_data\test\A1\A1.24.Indo-Ban_287_patch_2_3.jpg,A1,A2,0.5452
C:\Users\teflo\Desktop\Study\VLU\Comp vision\BT\Final\processed_data\test\A1\A1.24.Indo-Ban_292_patch_3_2.jpg,A1,B2,0.6707
C:\Users\teflo\Desktop\Study\VLU\Comp vision\BT\Final\processed_data\test\A1\A1.24.Indo-Ban_298_patch_3_2.jpg,A1,A2,0.8219
C:\Users\teflo\Desktop\Study\VLU\Comp vision\BT\Final\processed_data\test\A1\A1.24.Indo-Ban_303_patch_3_2.jpg,A1,A2,0.5789
C:\Users\teflo\Desktop\Study\VLU\Comp vision\BT\Final\processed_data\test\A1\A1.24.Indo-Ban_30_patch_2_5.jpg,A1,A2,0.4111
C:\Users\teflo\Desktop\Study\VLU\Comp vision\BT\Final\processed_data\test\A1\A1.24.Indo-Ban_315_patch_3_4.jpg,A1,A2,0.7669
C:\Users\teflo\Desktop\Study\VLU\Comp vision\BT\Final\processed_data\test\A1\A1.24.Indo-Ban_322_patch_0_5.jpg,A1,B1,0.3249
C:\Users\teflo\Desktop\Study\VLU\Comp vision\BT\Final\processed_data\test\A1\A1.24.Indo-Ban_328_patch_1_2.jpg,A1,B1,0.5638
C:\Users\teflo\Desktop\Study\VLU\Comp vision\BT\Final\processed_data\test\A1\A1.24.Indo-Ban_333_patch_2_0.jpg,A1,B1,0.6281
C:\Users\teflo\Desktop\Study\VLU\Comp vision\BT\Final\processed_data\test\A1\A1.24.Indo-Ban_339_patch_2_3.jpg,A1,A2,0.9023
C:\Users\teflo\Desktop\Study\VLU\Comp vision\BT\Final\processed_data\test\A1\A1.24.Indo-Ban_345_patch_3_0.jpg,A1,A2,0.6922
C:\Users\teflo\Desktop\Study\VLU\Comp vision\BT\Final\processed_data\test\A1\A1.24.Indo-Ban_350_patch_3_5.jpg,A1,B1,0.772
C:\Users\teflo\Desktop\Study\VLU\Comp vision\BT\Final\processed_data\test\A1\A1.24.Indo-Ban_357_patch_0_2.jpg,A1,B1,0.5798
C:\Users\teflo\Desktop\Study\VLU\Comp vision\BT\Final\processed_data\test\A1\A1.24.Indo-Ban_362_patch_0_3.jpg,A1,B1,0.4899
C:\Users\teflo\Desktop\Study\VLU\Comp vision\BT\Final\processed_data\test\A1\A1.24.Indo-Ban_41_patch_0_2.jpg,A1,B1,0.3594
C:\Users\teflo\Desktop\Study\VLU\Comp vision\BT\Final\processed_data\test\A1\A1.24.Indo-Ban_46_patch_3_5.jpg,A1,B1,0.4483
C:\Users\teflo\Desktop\Study\VLU\Comp vision\BT\Final\processed_data\test\A1\A1.24.Indo-Ban_53_patch_1_1.jpg,A1,B1,0.5348
C:\Users\teflo\Desktop\Study\VLU\Comp vision\BT\Final\processed_data\test\A1\A1.24.Indo-Ban_59_patch_2_3.jpg,A1,B1,0.5506
C:\Users\teflo\Desktop\Study\VLU\Comp vision\BT\Final\processed_data\test\A1\A1.24.Indo-Ban_65_patch_3_3.jpg,A1,A2,0.8537
C:\Users\teflo\Desktop\Study\VLU\Comp vision\BT\Final\processed_data\test\A1\A1.24.Indo-Ban_71_patch_3_4.jpg,A1,B1,0.595
C:\Users\teflo\Desktop\Study\VLU\Comp vision\BT\Final\processed_data\test\A1\A1.24.Indo-Ban_78_patch_0_0.jpg,A1,A2,0.9076
C:\Users\teflo\Desktop\Study\VLU\Comp vision\BT\Final\processed_data\test\A1\A1.24.Indo-Ban_84_patch_1_3.jpg,A1,A2,0.47
C:\Users\teflo\Desktop\Study\VLU\Comp vision\BT\Final\processed_data\test\A1\A1.24.Indo-Ban_96_patch_1_4.jpg,A1,A2,0.6694
C:\Users\teflo\Desktop\Study\VLU\Comp vision\BT\Final\processed_data\test\A1\A1.25.Gra-Sai_09_patch_2_4.jpg,A1,A2,0.7064
C:\Users\teflo\Desktop\Study\VLU\Comp vision\BT\Final\processed_data\test\A1\A1.25.Gra-Sai_16_patch_0_1.jpg,A1,A2,0.4291
C:\Users\teflo\Desktop\Study\VLU\Comp vision\BT\Final\processed_data\test\A1\A1.25.Gra-Sai_22_patch_2_3.jpg,A1,A2,0.9047
C:\Users\teflo\Desktop\Study\VLU\Comp vision\BT\Final\processed_data\test\A1\A1.25.Gra-Sai_28_patch_3_1.jpg,A1,B1,0.4173
C:\Users\teflo\Desktop\Study\VLU\Comp vision\BT\Final\processed_data\test\A1\A1.25.Gra-Sai_34_patch_3_4.jpg,A1,A2,0.7146
C:\Users\teflo\Desktop\Study\VLU\Comp vision\BT\Final\processed_data\test\A1\A1.25.Gra-Sai_40_patch_3_2.jpg,A1,B1,0.7879
C:\Users\teflo\Desktop\Study\VLU\Comp vision\BT\Final\processed_data\test\A1\A1.25.Gra-Sai_47_patch_2_0.jpg,A1,B1,0.6041
C:\Users\teflo\Desktop\Study\VLU\Comp vision\BT\Final\processed_data\test\A1\A1.25.Gra-Sai_53_patch_2_3.jpg,A1,B1,0.4364
C:\Users\teflo\Desktop\Study\VLU\Comp vision\BT\Final\processed_data\test\A1\A1.25.Gra-Sai_59_patch_2_3.jpg,A1,A2,0.5844
C:\Users\teflo\Desktop\Study\VLU\Comp vision\BT\Final\processed_data\test\A1\A1.25.Gra-Sai_71_patch_3_4.jpg,A1,A2,0.7595
C:\Users\teflo\Desktop\Study\VLU\Comp vision\BT\Final\processed_data\test\A1\A1.25.Gra-Sai_77_patch_3_1.jpg,A1,A2,0.7751
C:\Users\teflo\Desktop\Study\VLU\Comp vision\BT\Final\processed_data\test\A1\A1.25.Gra-Sai_83_patch_3_2.jpg,A1,A2,0.6087
C:\Users\teflo\Desktop\Study\VLU\Comp vision\BT\Final\processed_data\test\A1\A1.25.Gra-Sai_90_patch_0_3.jpg,A1,A2,0.4116
C:\Users\teflo\Desktop\Study\VLU\Comp vision\BT\Final\processed_data\test\A1\A1.26.Tan-Din_03_patch_1_1.jpg,A1,B1,0.6229
C:\Users\teflo\Desktop\Study\VLU\Comp vision\BT\Final\processed_data\test\A1\A1.26.Tan-Din_108_patch_1_0.jpg,A1,A2,0.5325
C:\Users\teflo\Desktop\Study\VLU\Comp vision\BT\Final\processed_data\test\A1\A1.26.Tan-Din_11_patch_2_1.jpg,A1,A2,0.5446
C:\Users\teflo\Desktop\Study\VLU\Comp vision\BT\Final\processed_data\test\A1\A1.26.Tan-Din_126_patch_2_1.jpg,A1,B2,0.4943
C:\Users\teflo\Desktop\Study\VLU\Comp vision\BT\Final\processed_data\test\A1\A1.26.Tan-Din_138_patch_1_3.jpg,A1,B2,0.4346
C:\Users\teflo\Desktop\Study\VLU\Comp vision\BT\Final\processed_data\test\A1\A1.26.Tan-Din_149_patch_3_1.jpg,A1,A2,0.5094
C:\Users\teflo\Desktop\Study\VLU\Comp vision\BT\Final\processed_data\test\A1\A1.26.Tan-Din_41_patch_0_5.jpg,A1,A2,0.7224
C:\Users\teflo\Desktop\Study\VLU\Comp vision\BT\Final\processed_data\test\A1\A1.26.Tan-Din_47_patch_2_5.jpg,A1,A2,0.7578
C:\Users\teflo\Desktop\Study\VLU\Comp vision\BT\Final\processed_data\test\A1\A1.26.Tan-Din_63_patch_0_5.jpg,A1,A2,0.5301
C:\Users\teflo\Desktop\Study\VLU\Comp vision\BT\Final\processed_data\test\A1\A1.26.Tan-Din_72_patch_1_0.jpg,A1,A2,0.9118
C:\Users\teflo\Desktop\Study\VLU\Comp vision\BT\Final\processed_data\test\A1\A1.27.Tu-Du_27_patch_0_3.jpg,A1,A2,0.537
C:\Users\teflo\Desktop\Study\VLU\Comp vision\BT\Final\processed_data\test\A1\A1.27.Tu-Du_45_patch_2_0.jpg,A1,B1,0.5051
C:\Users\teflo\Desktop\Study\VLU\Comp vision\BT\Final\processed_data\test\A1\A1.28.Cam-Mus_01_patch_2_4.jpg,A1,B1,0.6407
C:\Users\teflo\Desktop\Study\VLU\Comp vision\BT\Final\processed_data\test\A1\A1.28.Cam-Mus_14_patch_1_4.jpg,A1,B1,0.5818
C:\Users\teflo\Desktop\Study\VLU\Comp vision\BT\Final\processed_data\test\A1\A1.28.Cam-Mus_21_patch_3_4.jpg,A1,A2,0.4869
C:\Users\teflo\Desktop\Study\VLU\Comp vision\BT\Final\processed_data\test\A1\A1.28.Cam-Mus_35_patch_2_2.jpg,A1,B1,0.2974
C:\Users\teflo\Desktop\Study\VLU\Comp vision\BT\Final\processed_data\test\A1\A1.28.Cam-Mus_41_patch_3_5.jpg,A1,B2,0.506
C:\Users\teflo\Desktop\Study\VLU\Comp vision\BT\Final\processed_data\test\A1\A1.28.Cam-Mus_54_patch_1_4.jpg,A1,A2,0.4881
C:\Users\teflo\Desktop\Study\VLU\Comp vision\BT\Final\processed_data\test\A1\A1.29.Lab-Cul_09_patch_3_1.jpg,A1,B1,0.3536
C:\Users\teflo\Desktop\Study\VLU\Comp vision\BT\Final\processed_data\test\A1\A1.29.Lab-Cul_15_patch_3_5.jpg,A1,B2,0.8267
C:\Users\teflo\Desktop\Study\VLU\Comp vision\BT\Final\processed_data\test\A1\A1.29.Lab-Cul_22_patch_3_2.jpg,A1,B1,0.861
C:\Users\teflo\Desktop\Study\VLU\Comp vision\BT\Final\processed_data\test\A1\A1.32.Sec-Adm_29_patch_3_1.jpg,A1,B1,0.7991
C:\Users\teflo\Desktop\Study\VLU\Comp vision\BT\Final\processed_data\test\A1\A1.34.Maj-Hot_01_patch_3_5.jpg,A1,B1,0.6
C:\Users\teflo\Desktop\Study\VLU\Comp vision\BT\Final\processed_data\test\A1\A1.36.St-Paul_27_patch_1_2.jpg,A1,B2,0.5446
C:\Users\teflo\Desktop\Study\VLU\Comp vision\BT\Final\processed_data\test\A1\A1.36.St-Paul_41_patch_2_2.jpg,A1,A2,0.3603
C:\Users\teflo\Desktop\Study\VLU\Comp vision\BT\Final\processed_data\test\A1\A1.36.St-Paul_48_patch_0_0.jpg,A1,A2,0.3715
C:\Users\teflo\Desktop\Study\VLU\Comp vision\BT\Final\processed_data\test\A1\A1.36.St-Paul_54_patch_1_0.jpg,A1,A2,0.4846
C:\Users\teflo\Desktop\Study\VLU\Comp vision\BT\Final\processed_data\test\A1\A1.36.St-Paul_61_patch_0_0.jpg,A1,A2,0.7254
C:\Users\teflo\Desktop\Study\VLU\Comp vision\BT\Final\processed_data\test\A1\A1.36.St-Paul_74_patch_2_1.jpg,A1,A2,0.5252
C:\Users\teflo\Desktop\Study\VLU\Comp vision\BT\Final\processed_data\test\A1\A1.36.St-Paul_87_patch_0_1.jpg,A1,A2,0.4507
C:\Users\teflo\Desktop\Study\VLU\Comp vision\BT\Final\processed_data\test\A1\A1.39.Oil-Buid_03_patch_1_1.jpg,A1,A2,0.6968
C:\Users\teflo\Desktop\Study\VLU\Comp vision\BT\Final\processed_data\test\A1\A1.39.Oil-Buid_09_patch_0_5.jpg,A1,B1,0.3668
C:\Users\teflo\Desktop\Study\VLU\Comp vision\BT\Final\processed_data\test\A1\A1.39.Oil-Buid_15_patch_0_2.jpg,A1,B2,0.6689
C:\Users\teflo\Desktop\Study\VLU\Comp vision\BT\Final\processed_data\test\A1\A1.39.Oil-Buid_21_patch_3_1.jpg,A1,B1,0.4287
C:\Users\teflo\Desktop\Study\VLU\Comp vision\BT\Final\processed_data\test\A1\A1.39.Oil-Buid_27_patch_3_2.jpg,A1,B1,0.4021
C:\Users\teflo\Desktop\Study\VLU\Comp vision\BT\Final\processed_data\test\A1\A1.39.Oil-Buid_33_patch_3_3.jpg,A1,A2,0.7851
C:\Users\teflo\Desktop\Study\VLU\Comp vision\BT\Final\processed_data\test\A1\A1.39.Oil-Buid_39_patch_3_4.jpg,A1,B1,0.7974
C:\Users\teflo\Desktop\Study\VLU\Comp vision\BT\Final\processed_data\test\A1\A1.39.Oil-Buid_57_patch_3_5.jpg,A1,A2,0.6951
C:\Users\teflo\Desktop\Study\VLU\Comp vision\BT\Final\processed_data\test\A1\A1.39.Oil-Buid_63_patch_3_5.jpg,A1,A2,0.5547
C:\Users\teflo\Desktop\Study\VLU\Comp vision\BT\Final\processed_data\test\A1\A1.41.Sto-Exc_06_patch_1_5.jpg,A1,A2,0.7508
C:\Users\teflo\Desktop\Study\VLU\Comp vision\BT\Final\processed_data\test\A1\A1.41.Sto-Exc_13_patch_0_4.jpg,A1,B1,0.5549
C:\Users\teflo\Desktop\Study\VLU\Comp vision\BT\Final\processed_data\test\A1\A1.41.Sto-Exc_19_patch_0_3.jpg,A1,A2,0.4655
C:\Users\teflo\Desktop\Study\VLU\Comp vision\BT\Final\processed_data\test\A1\A1.41.Sto-Exc_43_patch_2_2.jpg,A1,A2,0.9709
C:\Users\teflo\Desktop\Study\VLU\Comp vision\BT\Final\processed_data\test\A1\A1.42.BIDV-Bui_05_patch_3_2.jpg,A1,B1,0.7652
C:\Users\teflo\Desktop\Study\VLU\Comp vision\BT\Final\processed_data\test\A1\A1.42.BIDV-Bui_11_patch_3_2.jpg,A1,A2,0.4698
C:\Users\teflo\Desktop\Study\VLU\Comp vision\BT\Final\processed_data\test\A1\A1.42.BIDV-Bui_18_patch_3_1.jpg,A1,A2,0.9754
C:\Users\teflo\Desktop\Study\VLU\Comp vision\BT\Final\processed_data\test\A1\A1.42.BIDV-Bui_25_patch_3_5.jpg,A1,A2,0.7646
C:\Users\teflo\Desktop\Study\VLU\Comp vision\BT\Final\processed_data\test\A1\A1.42.BIDV-Bui_32_patch_2_2.jpg,A1,B1,0.6763
C:\Users\teflo\Desktop\Study\VLU\Comp vision\BT\Final\processed_data\test\A1\A1.42.BIDV-Bui_38_patch_3_5.jpg,A1,B1,0.5977
C:\Users\teflo\Desktop\Study\VLU\Comp vision\BT\Final\processed_data\test\A1\A1.42.BIDV-Bui_45_patch_1_1.jpg,A1,A2,0.6585
C:\Users\teflo\Desktop\Study\VLU\Comp vision\BT\Final\processed_data\test\A1\A1.43.Sta-Tre_30_patch_1_5.jpg,A1,A2,0.772
C:\Users\teflo\Desktop\Study\VLU\Comp vision\BT\Final\processed_data\test\A1\A1.43.Sta-Tre_36_patch_3_2.jpg,A1,B2,0.3571
C:\Users\teflo\Desktop\Study\VLU\Comp vision\BT\Final\processed_data\test\A1\A1.43.Sta-Tre_42_patch_3_0.jpg,A1,B1,0.453
C:\Users\teflo\Desktop\Study\VLU\Comp vision\BT\Final\processed_data\test\A1\A1.43.Sta-Tre_54_patch_2_3.jpg,A1,B1,0.56
C:\Users\teflo\Desktop\Study\VLU\Comp vision\BT\Final\processed_data\test\A2\A2.05.Pub-Ser_01_patch_0_0.jpg,A2,A1,0.7938
C:\Users\teflo\Desktop\Study\VLU\Comp vision\BT\Final\processed_data\test\A2\A2.05.Pub-Ser_01_patch_0_4.jpg,A2,B1,0.5334
C:\Users\teflo\Desktop\Study\VLU\Comp vision\BT\Final\processed_data\test\A2\A2.05.Pub-Ser_01_patch_3_0.jpg,A2,B1,0.9415
C:\Users\teflo\Desktop\Study\VLU\Comp vision\BT\Final\processed_data\test\A2\A2.05.Pub-Ser_01_patch_3_4.jpg,A2,B1,0.5247
C:\Users\teflo\Desktop\Study\VLU\Comp vision\BT\Final\processed_data\test\A2\A2.05.Pub-Ser_02_patch_2_2.jpg,A2,B1,0.4307
C:\Users\teflo\Desktop\Study\VLU\Comp vision\BT\Final\processed_data\test\A2\A2.05.Pub-Ser_03_patch_0_0.jpg,A2,A1,0.3895
C:\Users\teflo\Desktop\Study\VLU\Comp vision\BT\Final\processed_data\test\A2\A2.05.Pub-Ser_03_patch_0_4.jpg,A2,A1,0.4701
C:\Users\teflo\Desktop\Study\VLU\Comp vision\BT\Final\processed_data\test\A2\A2.05.Pub-Ser_03_patch_3_1.jpg,A2,A1,0.4338
C:\Users\teflo\Desktop\Study\VLU\Comp vision\BT\Final\processed_data\test\A2\A2.05.Pub-Ser_04_patch_0_0.jpg,A2,A1,0.6635
C:\Users\teflo\Desktop\Study\VLU\Comp vision\BT\Final\processed_data\test\A2\A2.05.Pub-Ser_04_patch_2_3.jpg,A2,B1,0.3167
C:\Users\teflo\Desktop\Study\VLU\Comp vision\BT\Final\processed_data\test\A2\A2.05.Pub-Ser_04_patch_3_1.jpg,A2,B1,0.9218
C:\Users\teflo\Desktop\Study\VLU\Comp vision\BT\Final\processed_data\test\A2\A2.05.Pub-Ser_05_patch_0_0.jpg,A2,B1,0.3763
C:\Users\teflo\Desktop\Study\VLU\Comp vision\BT\Final\processed_data\test\A2\A2.05.Pub-Ser_05_patch_2_2.jpg,A2,B1,0.4551
C:\Users\teflo\Desktop\Study\VLU\Comp vision\BT\Final\processed_data\test\A2\A2.05.Pub-Ser_05_patch_3_5.jpg,A2,B1,0.4589
C:\Users\teflo\Desktop\Study\VLU\Comp vision\BT\Final\processed_data\test\A2\A2.05.Pub-Ser_06_patch_1_1.jpg,A2,B1,0.4734
C:\Users\teflo\Desktop\Study\VLU\Comp vision\BT\Final\processed_data\test\A2\A2.05.Pub-Ser_06_patch_2_3.jpg,A2,A1,0.5104
C:\Users\teflo\Desktop\Study\VLU\Comp vision\BT\Final\processed_data\test\A2\A2.05.Pub-Ser_07_patch_1_0.jpg,A2,B1,0.4398
C:\Users\teflo\Desktop\Study\VLU\Comp vision\BT\Final\processed_data\test\A2\A2.05.Pub-Ser_07_patch_3_0.jpg,A2,A1,0.446
C:\Users\teflo\Desktop\Study\VLU\Comp vision\BT\Final\processed_data\test\A2\A2.05.Pub-Ser_07_patch_3_5.jpg,A2,A1,0.5045
C:\Users\teflo\Desktop\Study\VLU\Comp vision\BT\Final\processed_data\test\A2\A2.05.Pub-Ser_08_patch_0_4.jpg,A2,A1,0.4166
C:\Users\teflo\Desktop\Study\VLU\Comp vision\BT\Final\processed_data\test\A2\A2.05.Pub-Ser_08_patch_1_2.jpg,A2,A1,0.7795
C:\Users\teflo\Desktop\Study\VLU\Comp vision\BT\Final\processed_data\test\A2\A2.05.Pub-Ser_08_patch_3_5.jpg,A2,B1,0.4092
C:\Users\teflo\Desktop\Study\VLU\Comp vision\BT\Final\processed_data\test\A2\A2.05.Pub-Ser_10_patch_1_0.jpg,A2,A1,0.4009
C:\Users\teflo\Desktop\Study\VLU\Comp vision\BT\Final\processed_data\test\A2\A2.05.Pub-Ser_11_patch_1_0.jpg,A2,A1,0.6485
C:\Users\teflo\Desktop\Study\VLU\Comp vision\BT\Final\processed_data\test\A2\A2.05.Pub-Ser_11_patch_1_4.jpg,A2,B1,0.4067
C:\Users\teflo\Desktop\Study\VLU\Comp vision\BT\Final\processed_data\test\A2\A2.05.Pub-Ser_12_patch_1_4.jpg,A2,B1,0.6606
C:\Users\teflo\Desktop\Study\VLU\Comp vision\BT\Final\processed_data\test\A2\A2.05.Pub-Ser_12_patch_2_3.jpg,A2,A1,0.4534
C:\Users\teflo\Desktop\Study\VLU\Comp vision\BT\Final\processed_data\test\A2\A2.05.Pub-Ser_12_patch_3_1.jpg,A2,B1,0.538
C:\Users\teflo\Desktop\Study\VLU\Comp vision\BT\Final\processed_data\test\A2\A2.05.Pub-Ser_13_patch_2_2.jpg,A2,A1,0.5219
C:\Users\teflo\Desktop\Study\VLU\Comp vision\BT\Final\processed_data\test\A2\A2.05.Pub-Ser_13_patch_3_0.jpg,A2,B1,0.4047
C:\Users\teflo\Desktop\Study\VLU\Comp vision\BT\Final\processed_data\test\A2\A2.05.Pub-Ser_14_patch_0_0.jpg,A2,B2,0.6071
C:\Users\teflo\Desktop\Study\VLU\Comp vision\BT\Final\processed_data\test\A2\A2.05.Pub-Ser_14_patch_1_1.jpg,A2,A1,0.4217
C:\Users\teflo\Desktop\Study\VLU\Comp vision\BT\Final\processed_data\test\A2\A2.05.Pub-Ser_14_patch_1_5.jpg,A2,B1,0.5116
C:\Users\teflo\Desktop\Study\VLU\Comp vision\BT\Final\processed_data\test\A2\A2.05.Pub-Ser_15_patch_1_0.jpg,A2,A1,0.6369
C:\Users\teflo\Desktop\Study\VLU\Comp vision\BT\Final\processed_data\test\A2\A2.05.Pub-Ser_16_patch_0_0.jpg,A2,B1,0.5263
C:\Users\teflo\Desktop\Study\VLU\Comp vision\BT\Final\processed_data\test\A2\A2.05.Pub-Ser_16_patch_1_3.jpg,A2,B2,0.3491
C:\Users\teflo\Desktop\Study\VLU\Comp vision\BT\Final\processed_data\test\A2\A2.05.Pub-Ser_16_patch_3_5.jpg,A2,B1,0.5481
C:\Users\teflo\Desktop\Study\VLU\Comp vision\BT\Final\processed_data\test\A2\A2.05.Pub-Ser_17_patch_0_5.jpg,A2,A1,0.6005
C:\Users\teflo\Desktop\Study\VLU\Comp vision\BT\Final\processed_data\test\A2\A2.05.Pub-Ser_17_patch_1_3.jpg,A2,A1,0.4289
C:\Users\teflo\Desktop\Study\VLU\Comp vision\BT\Final\processed_data\test\A2\A2.05.Pub-Ser_17_patch_3_1.jpg,A2,A1,0.5606
C:\Users\teflo\Desktop\Study\VLU\Comp vision\BT\Final\processed_data\test\A2\A2.05.Pub-Ser_18_patch_0_5.jpg,A2,A1,0.7837
C:\Users\teflo\Desktop\Study\VLU\Comp vision\BT\Final\processed_data\test\A2\A2.05.Pub-Ser_20_patch_3_2.jpg,A2,B1,0.3557
C:\Users\teflo\Desktop\Study\VLU\Comp vision\BT\Final\processed_data\test\A2\A2.05.Pub-Ser_21_patch_0_0.jpg,A2,B2,0.408
C:\Users\teflo\Desktop\Study\VLU\Comp vision\BT\Final\processed_data\test\A2\A2.05.Pub-Ser_21_patch_1_0.jpg,A2,A1,0.4233
C:\Users\teflo\Desktop\Study\VLU\Comp vision\BT\Final\processed_data\test\A2\A2.05.Pub-Ser_21_patch_1_5.jpg,A2,A1,0.4776
C:\Users\teflo\Desktop\Study\VLU\Comp vision\BT\Final\processed_data\test\A2\A2.05.Pub-Ser_22_patch_0_0.jpg,A2,A1,0.726
C:\Users\teflo\Desktop\Study\VLU\Comp vision\BT\Final\processed_data\test\A2\A2.05.Pub-Ser_23_patch_2_4.jpg,A2,A1,0.7094
C:\Users\teflo\Desktop\Study\VLU\Comp vision\BT\Final\processed_data\test\A2\A2.05.Pub-Ser_24_patch_3_4.jpg,A2,A1,0.4812
C:\Users\teflo\Desktop\Study\VLU\Comp vision\BT\Final\processed_data\test\A2\A2.05.Pub-Ser_25_patch_2_1.jpg,A2,A1,0.6441
C:\Users\teflo\Desktop\Study\VLU\Comp vision\BT\Final\processed_data\test\A2\A2.06.VCB-Tow_01_patch_0_5.jpg,A2,B1,0.6682
C:\Users\teflo\Desktop\Study\VLU\Comp vision\BT\Final\processed_data\test\A2\A2.06.VCB-Tow_01_patch_1_4.jpg,A2,B2,0.8752
C:\Users\teflo\Desktop\Study\VLU\Comp vision\BT\Final\processed_data\test\A2\A2.06.VCB-Tow_01_patch_3_1.jpg,A2,B2,0.6127
C:\Users\teflo\Desktop\Study\VLU\Comp vision\BT\Final\processed_data\test\A2\A2.06.VCB-Tow_02_patch_0_0.jpg,A2,A1,0.438
C:\Users\teflo\Desktop\Study\VLU\Comp vision\BT\Final\processed_data\test\A2\A2.06.VCB-Tow_02_patch_1_3.jpg,A2,B1,0.7152
C:\Users\teflo\Desktop\Study\VLU\Comp vision\BT\Final\processed_data\test\A2\A2.06.VCB-Tow_02_patch_2_2.jpg,A2,B1,0.562
C:\Users\teflo\Desktop\Study\VLU\Comp vision\BT\Final\processed_data\test\A2\A2.06.VCB-Tow_02_patch_3_0.jpg,A2,A1,0.4541
C:\Users\teflo\Desktop\Study\VLU\Comp vision\BT\Final\processed_data\test\A2\A2.06.VCB-Tow_04_patch_0_2.jpg,A2,B1,0.6971
C:\Users\teflo\Desktop\Study\VLU\Comp vision\BT\Final\processed_data\test\A2\A2.06.VCB-Tow_04_patch_1_1.jpg,A2,B1,0.32
C:\Users\teflo\Desktop\Study\VLU\Comp vision\BT\Final\processed_data\test\A2\A2.06.VCB-Tow_04_patch_2_0.jpg,A2,B1,0.3547
C:\Users\teflo\Desktop\Study\VLU\Comp vision\BT\Final\processed_data\test\A2\A2.06.VCB-Tow_04_patch_2_4.jpg,A2,B1,0.5278
C:\Users\teflo\Desktop\Study\VLU\Comp vision\BT\Final\processed_data\test\A2\A2.06.VCB-Tow_04_patch_3_3.jpg,A2,B2,0.7746
C:\Users\teflo\Desktop\Study\VLU\Comp vision\BT\Final\processed_data\test\A2\A2.06.VCB-Tow_05_patch_3_2.jpg,A2,B1,0.3186
C:\Users\teflo\Desktop\Study\VLU\Comp vision\BT\Final\processed_data\test\A2\A2.06.VCB-Tow_06_patch_0_0.jpg,A2,B1,0.7524
C:\Users\teflo\Desktop\Study\VLU\Comp vision\BT\Final\processed_data\test\A2\A2.06.VCB-Tow_06_patch_3_1.jpg,A2,A1,0.6754
C:\Users\teflo\Desktop\Study\VLU\Comp vision\BT\Final\processed_data\test\A2\A2.06.VCB-Tow_07_patch_1_1.jpg,A2,B2,0.4163
C:\Users\teflo\Desktop\Study\VLU\Comp vision\BT\Final\processed_data\test\A2\A2.06.VCB-Tow_07_patch_3_3.jpg,A2,B1,0.6478
C:\Users\teflo\Desktop\Study\VLU\Comp vision\BT\Final\processed_data\test\A2\A2.06.VCB-Tow_08_patch_1_5.jpg,A2,B2,0.7848
C:\Users\teflo\Desktop\Study\VLU\Comp vision\BT\Final\processed_data\test\A2\A2.06.VCB-Tow_10_patch_0_1.jpg,A2,B2,0.4088
C:\Users\teflo\Desktop\Study\VLU\Comp vision\BT\Final\processed_data\test\A2\A2.06.VCB-Tow_10_patch_2_0.jpg,A2,B2,0.691
C:\Users\teflo\Desktop\Study\VLU\Comp vision\BT\Final\processed_data\test\A2\A2.06.VCB-Tow_10_patch_2_4.jpg,A2,B2,0.6727
C:\Users\teflo\Desktop\Study\VLU\Comp vision\BT\Final\processed_data\test\A2\A2.06.VCB-Tow_10_patch_3_3.jpg,A2,B2,0.4725
C:\Users\teflo\Desktop\Study\VLU\Comp vision\BT\Final\processed_data\test\A2\A2.06.VCB-Tow_11_patch_0_2.jpg,A2,B2,0.7266
C:\Users\teflo\Desktop\Study\VLU\Comp vision\BT\Final\processed_data\test\A2\A2.06.VCB-Tow_11_patch_3_0.jpg,A2,B2,0.6112
C:\Users\teflo\Desktop\Study\VLU\Comp vision\BT\Final\processed_data\test\A2\A2.06.VCB-Tow_11_patch_3_5.jpg,A2,B2,0.6246
C:\Users\teflo\Desktop\Study\VLU\Comp vision\BT\Final\processed_data\test\A2\A2.06.VCB-Tow_12_patch_2_5.jpg,A2,B2,0.6246
C:\Users\teflo\Desktop\Study\VLU\Comp vision\BT\Final\processed_data\test\A2\A2.06.VCB-Tow_14_patch_3_2.jpg,A2,B1,0.5246
C:\Users\teflo\Desktop\Study\VLU\Comp vision\BT\Final\processed_data\test\A2\A2.06.VCB-Tow_15_patch_0_5.jpg,A2,B1,0.3999
C:\Users\teflo\Desktop\Study\VLU\Comp vision\BT\Final\processed_data\test\A2\A2.06.VCB-Tow_17_patch_1_2.jpg,A2,B2,0.4557
C:\Users\teflo\Desktop\Study\VLU\Comp vision\BT\Final\processed_data\test\A2\A2.06.VCB-Tow_17_patch_2_0.jpg,A2,B2,0.5145
C:\Users\teflo\Desktop\Study\VLU\Comp vision\BT\Final\processed_data\test\A2\A2.06.VCB-Tow_18_patch_0_2.jpg,A2,B2,0.3624
C:\Users\teflo\Desktop\Study\VLU\Comp vision\BT\Final\processed_data\test\A2\A2.06.VCB-Tow_18_patch_3_2.jpg,A2,B1,0.4191
C:\Users\teflo\Desktop\Study\VLU\Comp vision\BT\Final\processed_data\test\A2\A2.06.VCB-Tow_19_patch_0_1.jpg,A2,B2,0.4692
C:\Users\teflo\Desktop\Study\VLU\Comp vision\BT\Final\processed_data\test\A2\A2.06.VCB-Tow_19_patch_1_0.jpg,A2,B2,0.697
C:\Users\teflo\Desktop\Study\VLU\Comp vision\BT\Final\processed_data\test\A2\A2.06.VCB-Tow_20_patch_3_5.jpg,A2,B1,0.7065
C:\Users\teflo\Desktop\Study\VLU\Comp vision\BT\Final\processed_data\test\A2\A2.06.VCB-Tow_21_patch_3_4.jpg,A2,A1,0.446
C:\Users\teflo\Desktop\Study\VLU\Comp vision\BT\Final\processed_data\test\A2\A2.06.VCB-Tow_22_patch_1_1.jpg,A2,B1,0.3913
C:\Users\teflo\Desktop\Study\VLU\Comp vision\BT\Final\processed_data\test\A2\A2.06.VCB-Tow_22_patch_2_0.jpg,A2,B1,0.7026
C:\Users\teflo\Desktop\Study\VLU\Comp vision\BT\Final\processed_data\test\A2\A2.06.VCB-Tow_23_patch_0_1.jpg,A2,B2,0.4479
C:\Users\teflo\Desktop\Study\VLU\Comp vision\BT\Final\processed_data\test\A2\A2.06.VCB-Tow_23_patch_1_0.jpg,A2,A1,0.4763
C:\Users\teflo\Desktop\Study\VLU\Comp vision\BT\Final\processed_data\test\A2\A2.06.VCB-Tow_27_patch_2_0.jpg,A2,B1,0.6124
C:\Users\teflo\Desktop\Study\VLU\Comp vision\BT\Final\processed_data\test\A2\A2.06.VCB-Tow_27_patch_2_5.jpg,A2,B1,0.5694
C:\Users\teflo\Desktop\Study\VLU\Comp vision\BT\Final\processed_data\test\A2\A2.06.VCB-Tow_28_patch_1_1.jpg,A2,B2,0.6302
C:\Users\teflo\Desktop\Study\VLU\Comp vision\BT\Final\processed_data\test\A2\A2.06.VCB-Tow_30_patch_0_0.jpg,A2,B2,0.5147
C:\Users\teflo\Desktop\Study\VLU\Comp vision\BT\Final\processed_data\test\A2\A2.06.VCB-Tow_30_patch_0_5.jpg,A2,B2,0.489
C:\Users\teflo\Desktop\Study\VLU\Comp vision\BT\Final\processed_data\test\A2\A2.06.VCB-Tow_30_patch_3_0.jpg,A2,B2,0.3349
C:\Users\teflo\Desktop\Study\VLU\Comp vision\BT\Final\processed_data\test\A2\A2.06.VCB-Tow_30_patch_3_5.jpg,A2,B1,0.4608
C:\Users\teflo\Desktop\Study\VLU\Comp vision\BT\Final\processed_data\test\A2\A2.06.VCB-Tow_31_patch_1_2.jpg,A2,B1,0.5138
C:\Users\teflo\Desktop\Study\VLU\Comp vision\BT\Final\processed_data\test\A2\A2.06.VCB-Tow_31_patch_3_4.jpg,A2,B1,0.7503
C:\Users\teflo\Desktop\Study\VLU\Comp vision\BT\Final\processed_data\test\A2\A2.06.VCB-Tow_32_patch_2_1.jpg,A2,B2,0.7012
C:\Users\teflo\Desktop\Study\VLU\Comp vision\BT\Final\processed_data\test\A2\A2.06.VCB-Tow_32_patch_2_5.jpg,A2,B2,0.4503
C:\Users\teflo\Desktop\Study\VLU\Comp vision\BT\Final\processed_data\test\A2\A2.06.VCB-Tow_32_patch_3_4.jpg,A2,A1,0.3615
C:\Users\teflo\Desktop\Study\VLU\Comp vision\BT\Final\processed_data\test\A2\A2.06.VCB-Tow_33_patch_3_3.jpg,A2,B1,0.5477
C:\Users\teflo\Desktop\Study\VLU\Comp vision\BT\Final\processed_data\test\A2\A2.06.VCB-Tow_35_patch_0_1.jpg,A2,B2,0.5564
C:\Users\teflo\Desktop\Study\VLU\Comp vision\BT\Final\processed_data\test\A2\A2.06.VCB-Tow_35_patch_0_5.jpg,A2,A1,0.5263
C:\Users\teflo\Desktop\Study\VLU\Comp vision\BT\Final\processed_data\test\A2\A2.06.VCB-Tow_35_patch_1_4.jpg,A2,B2,0.6778
C:\Users\teflo\Desktop\Study\VLU\Comp vision\BT\Final\processed_data\test\A2\A2.06.VCB-Tow_35_patch_2_2.jpg,A2,B2,0.5717
C:\Users\teflo\Desktop\Study\VLU\Comp vision\BT\Final\processed_data\test\A2\A2.06.VCB-Tow_36_patch_0_0.jpg,A2,B2,0.5192
C:\Users\teflo\Desktop\Study\VLU\Comp vision\BT\Final\processed_data\test\A2\A2.06.VCB-Tow_36_patch_0_4.jpg,A2,B2,0.4328
C:\Users\teflo\Desktop\Study\VLU\Comp vision\BT\Final\processed_data\test\A2\A2.06.VCB-Tow_36_patch_1_3.jpg,A2,B2,0.4824
C:\Users\teflo\Desktop\Study\VLU\Comp vision\BT\Final\processed_data\test\A2\A2.06.VCB-Tow_36_patch_2_1.jpg,A2,B2,0.5373
C:\Users\teflo\Desktop\Study\VLU\Comp vision\BT\Final\processed_data\test\A2\A2.06.VCB-Tow_36_patch_3_0.jpg,A2,B1,0.4993
C:\Users\teflo\Desktop\Study\VLU\Comp vision\BT\Final\processed_data\test\A2\A2.06.VCB-Tow_37_patch_0_3.jpg,A2,A1,0.4914
C:\Users\teflo\Desktop\Study\VLU\Comp vision\BT\Final\processed_data\test\A2\A2.06.VCB-Tow_37_patch_1_3.jpg,A2,B2,0.525
C:\Users\teflo\Desktop\Study\VLU\Comp vision\BT\Final\processed_data\test\A2\A2.06.VCB-Tow_37_patch_2_1.jpg,A2,B2,0.6093
C:\Users\teflo\Desktop\Study\VLU\Comp vision\BT\Final\processed_data\test\A2\A2.06.VCB-Tow_37_patch_3_1.jpg,A2,B2,0.7726
C:\Users\teflo\Desktop\Study\VLU\Comp vision\BT\Final\processed_data\test\A2\A2.06.VCB-Tow_38_patch_1_0.jpg,A2,B1,0.6769
C:\Users\teflo\Desktop\Study\VLU\Comp vision\BT\Final\processed_data\test\A2\A2.06.VCB-Tow_38_patch_1_5.jpg,A2,B2,0.5124
C:\Users\teflo\Desktop\Study\VLU\Comp vision\BT\Final\processed_data\test\A2\A2.06.VCB-Tow_38_patch_3_2.jpg,A2,B1,0.5286
C:\Users\teflo\Desktop\Study\VLU\Comp vision\BT\Final\processed_data\test\A2\A2.06.VCB-Tow_39_patch_0_0.jpg,A2,B2,0.469
C:\Users\teflo\Desktop\Study\VLU\Comp vision\BT\Final\processed_data\test\A2\A2.06.VCB-Tow_39_patch_3_1.jpg,A2,B1,0.445
C:\Users\teflo\Desktop\Study\VLU\Comp vision\BT\Final\processed_data\test\A2\A2.06.VCB-Tow_40_patch_2_1.jpg,A2,B2,0.7073
C:\Users\teflo\Desktop\Study\VLU\Comp vision\BT\Final\processed_data\test\A2\A2.06.VCB-Tow_40_patch_3_0.jpg,A2,B2,0.7282
C:\Users\teflo\Desktop\Study\VLU\Comp vision\BT\Final\processed_data\test\A2\A2.06.VCB-Tow_40_patch_3_4.jpg,A2,B1,0.598
C:\Users\teflo\Desktop\Study\VLU\Comp vision\BT\Final\processed_data\test\A2\A2.06.VCB-Tow_41_patch_1_2.jpg,A2,B2,0.4933
C:\Users\teflo\Desktop\Study\VLU\Comp vision\BT\Final\processed_data\test\A2\A2.06.VCB-Tow_41_patch_2_0.jpg,A2,B2,0.4188
C:\Users\teflo\Desktop\Study\VLU\Comp vision\BT\Final\processed_data\test\A2\A2.06.VCB-Tow_43_patch_3_1.jpg,A2,B2,0.6311
C:\Users\teflo\Desktop\Study\VLU\Comp vision\BT\Final\processed_data\test\A2\A2.06.VCB-Tow_44_patch_1_3.jpg,A2,B2,0.4487
C:\Users\teflo\Desktop\Study\VLU\Comp vision\BT\Final\processed_data\test\A2\A2.06.VCB-Tow_44_patch_3_5.jpg,A2,B2,0.4035
C:\Users\teflo\Desktop\Study\VLU\Comp vision\BT\Final\processed_data\test\A2\A2.06.VCB-Tow_45_patch_1_2.jpg,A2,B2,0.6536
C:\Users\teflo\Desktop\Study\VLU\Comp vision\BT\Final\processed_data\test\A2\A2.06.VCB-Tow_45_patch_2_1.jpg,A2,B2,0.4415
C:\Users\teflo\Desktop\Study\VLU\Comp vision\BT\Final\processed_data\test\A2\A2.26.Sou-Mil_01_patch_0_4.jpg,A2,B1,0.4502
C:\Users\teflo\Desktop\Study\VLU\Comp vision\BT\Final\processed_data\test\A2\A2.26.Sou-Mil_01_patch_1_2.jpg,A2,B1,0.8679
C:\Users\teflo\Desktop\Study\VLU\Comp vision\BT\Final\processed_data\test\A2\A2.26.Sou-Mil_01_patch_2_3.jpg,A2,A1,0.9004
C:\Users\teflo\Desktop\Study\VLU\Comp vision\BT\Final\processed_data\test\A2\A2.26.Sou-Mil_01_patch_3_3.jpg,A2,A1,0.5664
C:\Users\teflo\Desktop\Study\VLU\Comp vision\BT\Final\processed_data\test\A2\A2.26.Sou-Mil_02_patch_1_0.jpg,A2,A1,0.8187
C:\Users\teflo\Desktop\Study\VLU\Comp vision\BT\Final\processed_data\test\A2\A2.26.Sou-Mil_02_patch_2_1.jpg,A2,B2,0.4556
C:\Users\teflo\Desktop\Study\VLU\Comp vision\BT\Final\processed_data\test\A2\A2.26.Sou-Mil_02_patch_3_0.jpg,A2,A1,0.4662
C:\Users\teflo\Desktop\Study\VLU\Comp vision\BT\Final\processed_data\test\A2\A2.26.Sou-Mil_02_patch_3_5.jpg,A2,A1,0.842
C:\Users\teflo\Desktop\Study\VLU\Comp vision\BT\Final\processed_data\test\A2\A2.26.Sou-Mil_03_patch_0_3.jpg,A2,A1,0.9686
C:\Users\teflo\Desktop\Study\VLU\Comp vision\BT\Final\processed_data\test\A2\A2.26.Sou-Mil_03_patch_1_3.jpg,A2,B1,0.4845
C:\Users\teflo\Desktop\Study\VLU\Comp vision\BT\Final\processed_data\test\A2\A2.26.Sou-Mil_03_patch_2_2.jpg,A2,A1,0.4104
C:\Users\teflo\Desktop\Study\VLU\Comp vision\BT\Final\processed_data\test\A2\A2.26.Sou-Mil_03_patch_3_0.jpg,A2,B1,0.8011
C:\Users\teflo\Desktop\Study\VLU\Comp vision\BT\Final\processed_data\test\A2\A2.26.Sou-Mil_03_patch_3_5.jpg,A2,B1,0.4087
C:\Users\teflo\Desktop\Study\VLU\Comp vision\BT\Final\processed_data\test\A2\A2.26.Sou-Mil_04_patch_1_1.jpg,A2,B2,0.3651
C:\Users\teflo\Desktop\Study\VLU\Comp vision\BT\Final\processed_data\test\A2\A2.26.Sou-Mil_04_patch_2_0.jpg,A2,B2,0.4973
C:\Users\teflo\Desktop\Study\VLU\Comp vision\BT\Final\processed_data\test\A2\A2.26.Sou-Mil_04_patch_2_5.jpg,A2,A1,0.7622
C:\Users\teflo\Desktop\Study\VLU\Comp vision\BT\Final\processed_data\test\A2\A2.26.Sou-Mil_04_patch_3_3.jpg,A2,B1,0.6456
C:\Users\teflo\Desktop\Study\VLU\Comp vision\BT\Final\processed_data\test\A2\A2.26.Sou-Mil_05_patch_0_5.jpg,A2,A1,0.63
C:\Users\teflo\Desktop\Study\VLU\Comp vision\BT\Final\processed_data\test\A2\A2.26.Sou-Mil_05_patch_1_3.jpg,A2,B1,0.4188
C:\Users\teflo\Desktop\Study\VLU\Comp vision\BT\Final\processed_data\test\A2\A2.26.Sou-Mil_05_patch_3_2.jpg,A2,B1,0.4798
C:\Users\teflo\Desktop\Study\VLU\Comp vision\BT\Final\processed_data\test\A2\A2.26.Sou-Mil_06_patch_0_1.jpg,A2,B1,0.5447
C:\Users\teflo\Desktop\Study\VLU\Comp vision\BT\Final\processed_data\test\A2\A2.26.Sou-Mil_06_patch_1_0.jpg,A2,A1,0.3866
C:\Users\teflo\Desktop\Study\VLU\Comp vision\BT\Final\processed_data\test\A2\A2.26.Sou-Mil_06_patch_1_4.jpg,A2,A1,0.7689
C:\Users\teflo\Desktop\Study\VLU\Comp vision\BT\Final\processed_data\test\A2\A2.26.Sou-Mil_06_patch_2_3.jpg,A2,A1,0.4415
C:\Users\teflo\Desktop\Study\VLU\Comp vision\BT\Final\processed_data\test\A2\A2.26.Sou-Mil_07_patch_2_4.jpg,A2,A1,0.7588
C:\Users\teflo\Desktop\Study\VLU\Comp vision\BT\Final\processed_data\test\A2\A2.26.Sou-Mil_07_patch_3_3.jpg,A2,A1,0.7946
C:\Users\teflo\Desktop\Study\VLU\Comp vision\BT\Final\processed_data\test\A2\A2.26.Sou-Mil_08_patch_1_0.jpg,A2,B1,0.5761
C:\Users\teflo\Desktop\Study\VLU\Comp vision\BT\Final\processed_data\test\A2\A2.26.Sou-Mil_08_patch_1_4.jpg,A2,B1,0.3335
C:\Users\teflo\Desktop\Study\VLU\Comp vision\BT\Final\processed_data\test\A2\A2.26.Sou-Mil_08_patch_2_3.jpg,A2,A1,0.7557
C:\Users\teflo\Desktop\Study\VLU\Comp vision\BT\Final\processed_data\test\A2\A2.26.Sou-Mil_08_patch_3_2.jpg,A2,A1,0.8052
C:\Users\teflo\Desktop\Study\VLU\Comp vision\BT\Final\processed_data\test\A2\A2.26.Sou-Mil_09_patch_1_1.jpg,A2,B1,0.3665
C:\Users\teflo\Desktop\Study\VLU\Comp vision\BT\Final\processed_data\test\A2\A2.26.Sou-Mil_09_patch_1_5.jpg,A2,A1,0.8109
C:\Users\teflo\Desktop\Study\VLU\Comp vision\BT\Final\processed_data\test\A2\A2.26.Sou-Mil_09_patch_2_4.jpg,A2,A1,0.7772
C:\Users\teflo\Desktop\Study\VLU\Comp vision\BT\Final\processed_data\test\A2\A2.26.Sou-Mil_09_patch_3_3.jpg,A2,B2,0.4525
C:\Users\teflo\Desktop\Study\VLU\Comp vision\BT\Final\processed_data\test\A2\A2.26.Sou-Mil_10_patch_1_0.jpg,A2,A1,0.79
C:\Users\teflo\Desktop\Study\VLU\Comp vision\BT\Final\processed_data\test\A2\A2.26.Sou-Mil_10_patch_2_0.jpg,A2,A1,0.7699
C:\Users\teflo\Desktop\Study\VLU\Comp vision\BT\Final\processed_data\test\A2\A2.26.Sou-Mil_10_patch_3_4.jpg,A2,A1,0.8795
C:\Users\teflo\Desktop\Study\VLU\Comp vision\BT\Final\processed_data\test\A2\A2.26.Sou-Mil_11_patch_1_4.jpg,A2,A1,0.6073
C:\Users\teflo\Desktop\Study\VLU\Comp vision\BT\Final\processed_data\test\A2\A2.26.Sou-Mil_11_patch_2_2.jpg,A2,A1,0.6019
C:\Users\teflo\Desktop\Study\VLU\Comp vision\BT\Final\processed_data\test\A2\A2.26.Sou-Mil_11_patch_3_1.jpg,A2,A1,0.8249
C:\Users\teflo\Desktop\Study\VLU\Comp vision\BT\Final\processed_data\test\A2\A2.26.Sou-Mil_12_patch_0_1.jpg,A2,A1,0.883
C:\Users\teflo\Desktop\Study\VLU\Comp vision\BT\Final\processed_data\test\A2\A2.26.Sou-Mil_12_patch_2_4.jpg,A2,B2,0.8822
C:\Users\teflo\Desktop\Study\VLU\Comp vision\BT\Final\processed_data\test\A2\A2.26.Sou-Mil_12_patch_3_3.jpg,A2,A1,0.5306
C:\Users\teflo\Desktop\Study\VLU\Comp vision\BT\Final\processed_data\test\A2\A2.26.Sou-Mil_13_patch_0_4.jpg,A2,A1,0.3951
C:\Users\teflo\Desktop\Study\VLU\Comp vision\BT\Final\processed_data\test\A2\A2.26.Sou-Mil_13_patch_1_2.jpg,A2,A1,0.3589
C:\Users\teflo\Desktop\Study\VLU\Comp vision\BT\Final\processed_data\test\A2\A2.26.Sou-Mil_13_patch_2_1.jpg,A2,A1,0.9295
C:\Users\teflo\Desktop\Study\VLU\Comp vision\BT\Final\processed_data\test\A2\A2.26.Sou-Mil_13_patch_2_5.jpg,A2,A1,0.3859
C:\Users\teflo\Desktop\Study\VLU\Comp vision\BT\Final\processed_data\test\A2\A2.26.Sou-Mil_13_patch_3_4.jpg,A2,A1,0.6156
C:\Users\teflo\Desktop\Study\VLU\Comp vision\BT\Final\processed_data\test\A2\A2.26.Sou-Mil_14_patch_1_1.jpg,A2,A1,0.4593
C:\Users\teflo\Desktop\Study\VLU\Comp vision\BT\Final\processed_data\test\A2\A2.26.Sou-Mil_14_patch_2_0.jpg,A2,B2,0.5333
C:\Users\teflo\Desktop\Study\VLU\Comp vision\BT\Final\processed_data\test\A2\A2.26.Sou-Mil_14_patch_3_3.jpg,A2,B2,0.6853
C:\Users\teflo\Desktop\Study\VLU\Comp vision\BT\Final\processed_data\test\A2\A2.26.Sou-Mil_15_patch_0_1.jpg,A2,A1,0.5274
C:\Users\teflo\Desktop\Study\VLU\Comp vision\BT\Final\processed_data\test\A2\A2.26.Sou-Mil_15_patch_1_0.jpg,A2,A1,0.8793
C:\Users\teflo\Desktop\Study\VLU\Comp vision\BT\Final\processed_data\test\A2\A2.26.Sou-Mil_15_patch_3_2.jpg,A2,A1,0.4916
C:\Users\teflo\Desktop\Study\VLU\Comp vision\BT\Final\processed_data\test\A2\A2.26.Sou-Mil_16_patch_0_1.jpg,A2,A1,0.8247
C:\Users\teflo\Desktop\Study\VLU\Comp vision\BT\Final\processed_data\test\A2\A2.26.Sou-Mil_16_patch_1_0.jpg,A2,A1,0.4814
C:\Users\teflo\Desktop\Study\VLU\Comp vision\BT\Final\processed_data\test\A2\A2.26.Sou-Mil_16_patch_1_5.jpg,A2,A1,0.4607
C:\Users\teflo\Desktop\Study\VLU\Comp vision\BT\Final\processed_data\test\A2\A2.26.Sou-Mil_16_patch_2_3.jpg,A2,B1,0.3103
C:\Users\teflo\Desktop\Study\VLU\Comp vision\BT\Final\processed_data\test\A2\A2.26.Sou-Mil_16_patch_3_2.jpg,A2,B1,0.6554
C:\Users\teflo\Desktop\Study\VLU\Comp vision\BT\Final\processed_data\test\A2\A2.26.Sou-Mil_17_patch_0_0.jpg,A2,A1,0.5986
C:\Users\teflo\Desktop\Study\VLU\Comp vision\BT\Final\processed_data\test\A2\A2.26.Sou-Mil_17_patch_0_5.jpg,A2,A1,0.3751
C:\Users\teflo\Desktop\Study\VLU\Comp vision\BT\Final\processed_data\test\A2\A2.26.Sou-Mil_17_patch_1_4.jpg,A2,A1,0.7486
C:\Users\teflo\Desktop\Study\VLU\Comp vision\BT\Final\processed_data\test\A2\A2.26.Sou-Mil_17_patch_2_3.jpg,A2,B1,0.4691
C:\Users\teflo\Desktop\Study\VLU\Comp vision\BT\Final\processed_data\test\A2\A2.26.Sou-Mil_18_patch_0_1.jpg,A2,A1,0.7261
C:\Users\teflo\Desktop\Study\VLU\Comp vision\BT\Final\processed_data\test\A2\A2.26.Sou-Mil_18_patch_1_1.jpg,A2,B1,0.7083
C:\Users\teflo\Desktop\Study\VLU\Comp vision\BT\Final\processed_data\test\A2\A2.26.Sou-Mil_18_patch_2_0.jpg,A2,B1,0.7688
C:\Users\teflo\Desktop\Study\VLU\Comp vision\BT\Final\processed_data\test\A2\A2.26.Sou-Mil_18_patch_2_4.jpg,A2,A1,0.48
C:\Users\teflo\Desktop\Study\VLU\Comp vision\BT\Final\processed_data\test\A2\A2.26.Sou-Mil_19_patch_0_1.jpg,A2,B1,0.4541
C:\Users\teflo\Desktop\Study\VLU\Comp vision\BT\Final\processed_data\test\A2\A2.26.Sou-Mil_19_patch_1_0.jpg,A2,B1,0.408
C:\Users\teflo\Desktop\Study\VLU\Comp vision\BT\Final\processed_data\test\A2\A2.26.Sou-Mil_19_patch_1_5.jpg,A2,A1,0.5245
C:\Users\teflo\Desktop\Study\VLU\Comp vision\BT\Final\processed_data\test\A2\A2.26.Sou-Mil_19_patch_2_3.jpg,A2,B1,0.7731
C:\Users\teflo\Desktop\Study\VLU\Comp vision\BT\Final\processed_data\test\A2\A2.26.Sou-Mil_19_patch_3_2.jpg,A2,B1,0.96
C:\Users\teflo\Desktop\Study\VLU\Comp vision\BT\Final\processed_data\test\A2\A2.26.Sou-Mil_20_patch_0_0.jpg,A2,B1,0.4868
C:\Users\teflo\Desktop\Study\VLU\Comp vision\BT\Final\processed_data\test\A2\A2.26.Sou-Mil_20_patch_0_5.jpg,A2,A1,0.3844
C:\Users\teflo\Desktop\Study\VLU\Comp vision\BT\Final\processed_data\test\A2\A2.26.Sou-Mil_20_patch_1_4.jpg,A2,B1,0.4761
C:\Users\teflo\Desktop\Study\VLU\Comp vision\BT\Final\processed_data\test\A2\A2.26.Sou-Mil_20_patch_2_2.jpg,A2,A1,0.3863
C:\Users\teflo\Desktop\Study\VLU\Comp vision\BT\Final\processed_data\test\A2\A2.26.Sou-Mil_20_patch_3_2.jpg,A2,B1,0.627
C:\Users\teflo\Desktop\Study\VLU\Comp vision\BT\Final\processed_data\test\A2\A2.26.Sou-Mil_21_patch_1_2.jpg,A2,A1,0.6869
C:\Users\teflo\Desktop\Study\VLU\Comp vision\BT\Final\processed_data\test\A2\A2.26.Sou-Mil_21_patch_2_1.jpg,A2,A1,0.3529
C:\Users\teflo\Desktop\Study\VLU\Comp vision\BT\Final\processed_data\test\A2\A2.26.Sou-Mil_21_patch_2_5.jpg,A2,A1,0.9184
C:\Users\teflo\Desktop\Study\VLU\Comp vision\BT\Final\processed_data\test\A2\A2.26.Sou-Mil_21_patch_3_4.jpg,A2,A1,0.6271
C:\Users\teflo\Desktop\Study\VLU\Comp vision\BT\Final\processed_data\test\A2\A2.26.Sou-Mil_22_patch_0_2.jpg,A2,A1,0.8976
C:\Users\teflo\Desktop\Study\VLU\Comp vision\BT\Final\processed_data\test\A2\A2.26.Sou-Mil_22_patch_1_2.jpg,A2,A1,0.8686
C:\Users\teflo\Desktop\Study\VLU\Comp vision\BT\Final\processed_data\test\A2\A2.26.Sou-Mil_22_patch_2_3.jpg,A2,A1,0.5824
C:\Users\teflo\Desktop\Study\VLU\Comp vision\BT\Final\processed_data\test\A2\A2.26.Sou-Mil_23_patch_0_0.jpg,A2,B2,0.3768
C:\Users\teflo\Desktop\Study\VLU\Comp vision\BT\Final\processed_data\test\A2\A2.26.Sou-Mil_23_patch_0_5.jpg,A2,B2,0.4941
C:\Users\teflo\Desktop\Study\VLU\Comp vision\BT\Final\processed_data\test\A2\A2.26.Sou-Mil_23_patch_1_4.jpg,A2,A1,0.6619
C:\Users\teflo\Desktop\Study\VLU\Comp vision\BT\Final\processed_data\test\A2\A2.26.Sou-Mil_23_patch_2_3.jpg,A2,B1,0.5272
C:\Users\teflo\Desktop\Study\VLU\Comp vision\BT\Final\processed_data\test\A2\A2.26.Sou-Mil_23_patch_3_1.jpg,A2,B1,0.3546
C:\Users\teflo\Desktop\Study\VLU\Comp vision\BT\Final\processed_data\test\A2\A2.26.Sou-Mil_24_patch_0_0.jpg,A2,B1,0.5118
C:\Users\teflo\Desktop\Study\VLU\Comp vision\BT\Final\processed_data\test\A2\A2.26.Sou-Mil_24_patch_0_4.jpg,A2,B1,0.6769
C:\Users\teflo\Desktop\Study\VLU\Comp vision\BT\Final\processed_data\test\A2\A2.26.Sou-Mil_24_patch_1_3.jpg,A2,B1,0.6135
C:\Users\teflo\Desktop\Study\VLU\Comp vision\BT\Final\processed_data\test\A2\A2.26.Sou-Mil_24_patch_3_1.jpg,A2,B1,0.5341
C:\Users\teflo\Desktop\Study\VLU\Comp vision\BT\Final\processed_data\test\A2\A2.26.Sou-Mil_25_patch_0_0.jpg,A2,A1,0.5442
C:\Users\teflo\Desktop\Study\VLU\Comp vision\BT\Final\processed_data\test\A2\A2.26.Sou-Mil_25_patch_0_4.jpg,A2,B1,0.6169
C:\Users\teflo\Desktop\Study\VLU\Comp vision\BT\Final\processed_data\test\A2\A2.26.Sou-Mil_25_patch_1_3.jpg,A2,B1,0.5658
C:\Users\teflo\Desktop\Study\VLU\Comp vision\BT\Final\processed_data\test\A2\A2.26.Sou-Mil_25_patch_3_0.jpg,A2,B1,0.7464
C:\Users\teflo\Desktop\Study\VLU\Comp vision\BT\Final\processed_data\test\A2\A2.26.Sou-Mil_26_patch_0_0.jpg,A2,B1,0.5646
C:\Users\teflo\Desktop\Study\VLU\Comp vision\BT\Final\processed_data\test\A2\A2.26.Sou-Mil_26_patch_0_4.jpg,A2,B2,0.6155
C:\Users\teflo\Desktop\Study\VLU\Comp vision\BT\Final\processed_data\test\A2\A2.26.Sou-Mil_26_patch_1_3.jpg,A2,B2,0.367
C:\Users\teflo\Desktop\Study\VLU\Comp vision\BT\Final\processed_data\test\A2\A2.26.Sou-Mil_26_patch_3_0.jpg,A2,B1,0.5953
C:\Users\teflo\Desktop\Study\VLU\Comp vision\BT\Final\processed_data\test\A2\A2.26.Sou-Mil_27_patch_0_1.jpg,A2,B1,0.388
C:\Users\teflo\Desktop\Study\VLU\Comp vision\BT\Final\processed_data\test\A2\A2.26.Sou-Mil_27_patch_0_5.jpg,A2,B2,0.5589
C:\Users\teflo\Desktop\Study\VLU\Comp vision\BT\Final\processed_data\test\A2\A2.26.Sou-Mil_27_patch_1_4.jpg,A2,B2,0.4264
C:\Users\teflo\Desktop\Study\VLU\Comp vision\BT\Final\processed_data\test\A2\A2.26.Sou-Mil_27_patch_3_2.jpg,A2,A1,0.6294
C:\Users\teflo\Desktop\Study\VLU\Comp vision\BT\Final\processed_data\test\A2\A2.26.Sou-Mil_28_patch_0_1.jpg,A2,B1,0.2963
C:\Users\teflo\Desktop\Study\VLU\Comp vision\BT\Final\processed_data\test\A2\A2.26.Sou-Mil_28_patch_0_5.jpg,A2,B2,0.4658
C:\Users\teflo\Desktop\Study\VLU\Comp vision\BT\Final\processed_data\test\A2\A2.26.Sou-Mil_28_patch_1_4.jpg,A2,B2,0.5741
C:\Users\teflo\Desktop\Study\VLU\Comp vision\BT\Final\processed_data\test\A2\A2.26.Sou-Mil_28_patch_2_3.jpg,A2,A1,0.6422
C:\Users\teflo\Desktop\Study\VLU\Comp vision\BT\Final\processed_data\test\A2\A2.26.Sou-Mil_28_patch_3_1.jpg,A2,B2,0.6292
C:\Users\teflo\Desktop\Study\VLU\Comp vision\BT\Final\processed_data\test\A2\A2.26.Sou-Mil_29_patch_0_1.jpg,A2,B2,0.5193
C:\Users\teflo\Desktop\Study\VLU\Comp vision\BT\Final\processed_data\test\A2\A2.26.Sou-Mil_29_patch_1_1.jpg,A2,B2,0.4779
C:\Users\teflo\Desktop\Study\VLU\Comp vision\BT\Final\processed_data\test\A2\A2.26.Sou-Mil_29_patch_3_0.jpg,A2,B1,0.7305
C:\Users\teflo\Desktop\Study\VLU\Comp vision\BT\Final\processed_data\test\A2\A2.26.Sou-Mil_30_patch_2_1.jpg,A2,B2,0.5135
C:\Users\teflo\Desktop\Study\VLU\Comp vision\BT\Final\processed_data\test\A2\A2.26.Sou-Mil_30_patch_3_0.jpg,A2,B1,0.6015
C:\Users\teflo\Desktop\Study\VLU\Comp vision\BT\Final\processed_data\test\A2\A2.26.Sou-Mil_31_patch_0_3.jpg,A2,B2,0.3695
C:\Users\teflo\Desktop\Study\VLU\Comp vision\BT\Final\processed_data\test\A2\A2.26.Sou-Mil_31_patch_1_1.jpg,A2,B1,0.7233
C:\Users\teflo\Desktop\Study\VLU\Comp vision\BT\Final\processed_data\test\A2\A2.26.Sou-Mil_31_patch_2_0.jpg,A2,B2,0.6897
C:\Users\teflo\Desktop\Study\VLU\Comp vision\BT\Final\processed_data\test\A2\A2.26.Sou-Mil_32_patch_0_4.jpg,A2,A1,0.6832
C:\Users\teflo\Desktop\Study\VLU\Comp vision\BT\Final\processed_data\test\A2\A2.26.Sou-Mil_32_patch_1_2.jpg,A2,A1,0.4433
C:\Users\teflo\Desktop\Study\VLU\Comp vision\BT\Final\processed_data\test\A2\A2.26.Sou-Mil_33_patch_0_0.jpg,A2,A1,0.6846
C:\Users\teflo\Desktop\Study\VLU\Comp vision\BT\Final\processed_data\test\A2\A2.26.Sou-Mil_33_patch_0_4.jpg,A2,A1,0.6368
C:\Users\teflo\Desktop\Study\VLU\Comp vision\BT\Final\processed_data\test\A2\A2.26.Sou-Mil_33_patch_1_4.jpg,A2,A1,0.5359
C:\Users\teflo\Desktop\Study\VLU\Comp vision\BT\Final\processed_data\test\A2\A2.26.Sou-Mil_33_patch_2_2.jpg,A2,B1,0.6356
C:\Users\teflo\Desktop\Study\VLU\Comp vision\BT\Final\processed_data\test\A2\A2.26.Sou-Mil_34_patch_0_1.jpg,A2,A1,0.3631
C:\Users\teflo\Desktop\Study\VLU\Comp vision\BT\Final\processed_data\test\A2\A2.26.Sou-Mil_34_patch_1_4.jpg,A2,A1,0.4817
C:\Users\teflo\Desktop\Study\VLU\Comp vision\BT\Final\processed_data\test\A2\A2.26.Sou-Mil_34_patch_2_2.jpg,A2,B2,0.6942
C:\Users\teflo\Desktop\Study\VLU\Comp vision\BT\Final\processed_data\test\A2\A2.26.Sou-Mil_34_patch_3_1.jpg,A2,B1,0.3672
C:\Users\teflo\Desktop\Study\VLU\Comp vision\BT\Final\processed_data\test\B1\B1.05.Uni-Med_01_patch_3_3.jpg,B1,A2,0.5877
C:\Users\teflo\Desktop\Study\VLU\Comp vision\BT\Final\processed_data\test\B1\B1.05.Uni-Med_02_patch_3_2.jpg,B1,A1,0.5399
C:\Users\teflo\Desktop\Study\VLU\Comp vision\BT\Final\processed_data\test\B1\B1.05.Uni-Med_04_patch_3_1.jpg,B1,B2,0.3489
C:\Users\teflo\Desktop\Study\VLU\Comp vision\BT\Final\processed_data\test\B1\B1.05.Uni-Med_104_patch_1_3.jpg,B1,B2,0.4971
C:\Users\teflo\Desktop\Study\VLU\Comp vision\BT\Final\processed_data\test\B1\B1.05.Uni-Med_106_patch_1_1.jpg,B1,A1,0.3394
C:\Users\teflo\Desktop\Study\VLU\Comp vision\BT\Final\processed_data\test\B1\B1.05.Uni-Med_108_patch_0_5.jpg,B1,A1,0.4492
C:\Users\teflo\Desktop\Study\VLU\Comp vision\BT\Final\processed_data\test\B1\B1.05.Uni-Med_10_patch_0_3.jpg,B1,A2,0.3476
C:\Users\teflo\Desktop\Study\VLU\Comp vision\BT\Final\processed_data\test\B1\B1.05.Uni-Med_111_patch_3_5.jpg,B1,A2,0.5457
C:\Users\teflo\Desktop\Study\VLU\Comp vision\BT\Final\processed_data\test\B1\B1.05.Uni-Med_113_patch_3_5.jpg,B1,A1,0.5077
C:\Users\teflo\Desktop\Study\VLU\Comp vision\BT\Final\processed_data\test\B1\B1.05.Uni-Med_116_patch_3_3.jpg,B1,A1,0.5827
C:\Users\teflo\Desktop\Study\VLU\Comp vision\BT\Final\processed_data\test\B1\B1.05.Uni-Med_122_patch_2_0.jpg,B1,A1,0.6806
C:\Users\teflo\Desktop\Study\VLU\Comp vision\BT\Final\processed_data\test\B1\B1.05.Uni-Med_123_patch_1_5.jpg,B1,A1,0.4078
C:\Users\teflo\Desktop\Study\VLU\Comp vision\BT\Final\processed_data\test\B1\B1.05.Uni-Med_129_patch_1_5.jpg,B1,A2,0.4118
C:\Users\teflo\Desktop\Study\VLU\Comp vision\BT\Final\processed_data\test\B1\B1.05.Uni-Med_134_patch_0_5.jpg,B1,A1,0.2997
C:\Users\teflo\Desktop\Study\VLU\Comp vision\BT\Final\processed_data\test\B1\B1.05.Uni-Med_137_patch_0_2.jpg,B1,B2,0.3772
C:\Users\teflo\Desktop\Study\VLU\Comp vision\BT\Final\processed_data\test\B1\B1.05.Uni-Med_139_patch_3_4.jpg,B1,B2,0.6147
C:\Users\teflo\Desktop\Study\VLU\Comp vision\BT\Final\processed_data\test\B1\B1.05.Uni-Med_142_patch_3_0.jpg,B1,B2,0.8276
C:\Users\teflo\Desktop\Study\VLU\Comp vision\BT\Final\processed_data\test\B1\B1.05.Uni-Med_143_patch_2_5.jpg,B1,A1,0.4346
C:\Users\teflo\Desktop\Study\VLU\Comp vision\BT\Final\processed_data\test\B1\B1.05.Uni-Med_148_patch_0_0.jpg,B1,A1,0.6126
C:\Users\teflo\Desktop\Study\VLU\Comp vision\BT\Final\processed_data\test\B1\B1.05.Uni-Med_151_patch_1_1.jpg,B1,B2,0.6603
C:\Users\teflo\Desktop\Study\VLU\Comp vision\BT\Final\processed_data\test\B1\B1.05.Uni-Med_154_patch_0_5.jpg,B1,A1,0.424
C:\Users\teflo\Desktop\Study\VLU\Comp vision\BT\Final\processed_data\test\B1\B1.05.Uni-Med_157_patch_0_2.jpg,B1,B2,0.9161
C:\Users\teflo\Desktop\Study\VLU\Comp vision\BT\Final\processed_data\test\B1\B1.05.Uni-Med_162_patch_2_5.jpg,B1,B2,0.6169
C:\Users\teflo\Desktop\Study\VLU\Comp vision\BT\Final\processed_data\test\B1\B1.05.Uni-Med_169_patch_1_5.jpg,B1,A1,0.5189
C:\Users\teflo\Desktop\Study\VLU\Comp vision\BT\Final\processed_data\test\B1\B1.05.Uni-Med_173_patch_2_0.jpg,B1,A2,0.462
C:\Users\teflo\Desktop\Study\VLU\Comp vision\BT\Final\processed_data\test\B1\B1.05.Uni-Med_174_patch_2_1.jpg,B1,A2,0.6255
C:\Users\teflo\Desktop\Study\VLU\Comp vision\BT\Final\processed_data\test\B1\B1.05.Uni-Med_177_patch_2_0.jpg,B1,A2,0.5862
C:\Users\teflo\Desktop\Study\VLU\Comp vision\BT\Final\processed_data\test\B1\B1.05.Uni-Med_17_patch_1_5.jpg,B1,B2,0.4618
C:\Users\teflo\Desktop\Study\VLU\Comp vision\BT\Final\processed_data\test\B1\B1.05.Uni-Med_20_patch_1_1.jpg,B1,A2,0.435
C:\Users\teflo\Desktop\Study\VLU\Comp vision\BT\Final\processed_data\test\B1\B1.05.Uni-Med_25_patch_1_2.jpg,B1,A2,0.3865
C:\Users\teflo\Desktop\Study\VLU\Comp vision\BT\Final\processed_data\test\B1\B1.05.Uni-Med_26_patch_1_0.jpg,B1,A2,0.8054
C:\Users\teflo\Desktop\Study\VLU\Comp vision\BT\Final\processed_data\test\B1\B1.05.Uni-Med_29_patch_0_5.jpg,B1,A1,0.5182
C:\Users\teflo\Desktop\Study\VLU\Comp vision\BT\Final\processed_data\test\B1\B1.05.Uni-Med_45_patch_1_5.jpg,B1,B2,0.436
C:\Users\teflo\Desktop\Study\VLU\Comp vision\BT\Final\processed_data\test\B1\B1.05.Uni-Med_54_patch_0_0.jpg,B1,B2,0.5319
C:\Users\teflo\Desktop\Study\VLU\Comp vision\BT\Final\processed_data\test\B1\B1.05.Uni-Med_59_patch_3_0.jpg,B1,B2,0.5253
C:\Users\teflo\Desktop\Study\VLU\Comp vision\BT\Final\processed_data\test\B1\B1.05.Uni-Med_62_patch_2_4.jpg,B1,A1,0.5123
C:\Users\teflo\Desktop\Study\VLU\Comp vision\BT\Final\processed_data\test\B1\B1.05.Uni-Med_69_patch_1_5.jpg,B1,B2,0.4648
C:\Users\teflo\Desktop\Study\VLU\Comp vision\BT\Final\processed_data\test\B1\B1.05.Uni-Med_76_patch_0_2.jpg,B1,A2,0.6316
C:\Users\teflo\Desktop\Study\VLU\Comp vision\BT\Final\processed_data\test\B1\B1.05.Uni-Med_89_patch_2_0.jpg,B1,A1,0.5392
C:\Users\teflo\Desktop\Study\VLU\Comp vision\BT\Final\processed_data\test\B1\B1.05.Uni-Med_90_patch_1_5.jpg,B1,B2,0.3902
C:\Users\teflo\Desktop\Study\VLU\Comp vision\BT\Final\processed_data\test\B1\B1.05.Uni-Med_91_patch_1_4.jpg,B1,A1,0.4003
C:\Users\teflo\Desktop\Study\VLU\Comp vision\BT\Final\processed_data\test\B1\B1.05.Uni-Med_93_patch_1_1.jpg,B1,A1,0.6999
C:\Users\teflo\Desktop\Study\VLU\Comp vision\BT\Final\processed_data\test\B1\B1.05.Uni-Med_95_patch_0_5.jpg,B1,A2,0.4217
C:\Users\teflo\Desktop\Study\VLU\Comp vision\BT\Final\processed_data\test\B1\B1.05.Uni-Med_99_patch_0_0.jpg,B1,A1,0.5536
C:\Users\teflo\Desktop\Study\VLU\Comp vision\BT\Final\processed_data\test\B1\B1.07.Tho-Nha_111_patch_2_0.jpg,B1,A2,0.3756
C:\Users\teflo\Desktop\Study\VLU\Comp vision\BT\Final\processed_data\test\B1\B1.07.Tho-Nha_112_patch_2_3.jpg,B1,B2,0.5645
C:\Users\teflo\Desktop\Study\VLU\Comp vision\BT\Final\processed_data\test\B1\B1.07.Tho-Nha_113_patch_3_4.jpg,B1,A2,0.5807
C:\Users\teflo\Desktop\Study\VLU\Comp vision\BT\Final\processed_data\test\B1\B1.07.Tho-Nha_115_patch_1_1.jpg,B1,B2,0.8281
C:\Users\teflo\Desktop\Study\VLU\Comp vision\BT\Final\processed_data\test\B1\B1.07.Tho-Nha_117_patch_3_4.jpg,B1,B2,0.5073
C:\Users\teflo\Desktop\Study\VLU\Comp vision\BT\Final\processed_data\test\B1\B1.07.Tho-Nha_121_patch_2_0.jpg,B1,A1,0.4041
C:\Users\teflo\Desktop\Study\VLU\Comp vision\BT\Final\processed_data\test\B1\B1.07.Tho-Nha_122_patch_2_3.jpg,B1,B2,0.5031
C:\Users\teflo\Desktop\Study\VLU\Comp vision\BT\Final\processed_data\test\B1\B1.07.Tho-Nha_123_patch_3_0.jpg,B1,A2,0.4094
C:\Users\teflo\Desktop\Study\VLU\Comp vision\BT\Final\processed_data\test\B1\B1.07.Tho-Nha_125_patch_3_2.jpg,B1,B2,0.5266
C:\Users\teflo\Desktop\Study\VLU\Comp vision\BT\Final\processed_data\test\B1\B1.07.Tho-Nha_127_patch_0_0.jpg,B1,B2,0.3987
C:\Users\teflo\Desktop\Study\VLU\Comp vision\BT\Final\processed_data\test\B1\B1.07.Tho-Nha_128_patch_1_3.jpg,B1,B2,0.6718
C:\Users\teflo\Desktop\Study\VLU\Comp vision\BT\Final\processed_data\test\B1\B1.07.Tho-Nha_129_patch_2_1.jpg,B1,B2,0.7029
C:\Users\teflo\Desktop\Study\VLU\Comp vision\BT\Final\processed_data\test\B1\B1.07.Tho-Nha_130_patch_2_3.jpg,B1,B2,0.8679
C:\Users\teflo\Desktop\Study\VLU\Comp vision\BT\Final\processed_data\test\B1\B1.07.Tho-Nha_131_patch_3_1.jpg,B1,B2,0.3653
C:\Users\teflo\Desktop\Study\VLU\Comp vision\BT\Final\processed_data\test\B1\B1.07.Tho-Nha_133_patch_0_0.jpg,B1,B2,0.5674
C:\Users\teflo\Desktop\Study\VLU\Comp vision\BT\Final\processed_data\test\B1\B1.07.Tho-Nha_135_patch_1_1.jpg,B1,B2,0.7245
C:\Users\teflo\Desktop\Study\VLU\Comp vision\BT\Final\processed_data\test\B1\B1.07.Tho-Nha_136_patch_2_0.jpg,B1,B2,0.5409
C:\Users\teflo\Desktop\Study\VLU\Comp vision\BT\Final\processed_data\test\B1\B1.07.Tho-Nha_137_patch_2_3.jpg,B1,B2,0.5457
C:\Users\teflo\Desktop\Study\VLU\Comp vision\BT\Final\processed_data\test\B1\B1.07.Tho-Nha_139_patch_2_4.jpg,B1,A1,0.5121
C:\Users\teflo\Desktop\Study\VLU\Comp vision\BT\Final\processed_data\test\B1\B1.07.Tho-Nha_140_patch_2_2.jpg,B1,B2,0.5953
C:\Users\teflo\Desktop\Study\VLU\Comp vision\BT\Final\processed_data\test\B1\B1.07.Tho-Nha_142_patch_2_5.jpg,B1,A1,0.3986
C:\Users\teflo\Desktop\Study\VLU\Comp vision\BT\Final\processed_data\test\B1\B1.07.Tho-Nha_147_patch_1_5.jpg,B1,B2,0.4076
C:\Users\teflo\Desktop\Study\VLU\Comp vision\BT\Final\processed_data\test\B1\B1.07.Tho-Nha_148_patch_1_4.jpg,B1,B2,0.5556
C:\Users\teflo\Desktop\Study\VLU\Comp vision\BT\Final\processed_data\test\B1\B1.07.Tho-Nha_149_patch_1_3.jpg,B1,B2,0.3511
C:\Users\teflo\Desktop\Study\VLU\Comp vision\BT\Final\processed_data\test\B1\B1.07.Tho-Nha_150_patch_1_1.jpg,B1,B2,0.7422
C:\Users\teflo\Desktop\Study\VLU\Comp vision\BT\Final\processed_data\test\B1\B1.07.Tho-Nha_151_patch_1_0.jpg,B1,B2,0.5276
C:\Users\teflo\Desktop\Study\VLU\Comp vision\BT\Final\processed_data\test\B1\B1.07.Tho-Nha_152_patch_0_5.jpg,B1,B2,0.4717
C:\Users\teflo\Desktop\Study\VLU\Comp vision\BT\Final\processed_data\test\B1\B1.07.Tho-Nha_153_patch_0_3.jpg,B1,B2,0.7593
C:\Users\teflo\Desktop\Study\VLU\Comp vision\BT\Final\processed_data\test\B1\B1.07.Tho-Nha_154_patch_0_3.jpg,B1,B2,0.7745
C:\Users\teflo\Desktop\Study\VLU\Comp vision\BT\Final\processed_data\test\B1\B1.07.Tho-Nha_155_patch_1_2.jpg,B1,A2,0.4435
C:\Users\teflo\Desktop\Study\VLU\Comp vision\BT\Final\processed_data\test\B1\B1.07.Tho-Nha_156_patch_1_2.jpg,B1,A2,0.4313
C:\Users\teflo\Desktop\Study\VLU\Comp vision\BT\Final\processed_data\test\B1\B1.07.Tho-Nha_157_patch_1_0.jpg,B1,B2,0.6978
C:\Users\teflo\Desktop\Study\VLU\Comp vision\BT\Final\processed_data\test\B1\B1.07.Tho-Nha_158_patch_1_0.jpg,B1,B2,0.4759
C:\Users\teflo\Desktop\Study\VLU\Comp vision\BT\Final\processed_data\test\B1\B1.07.Tho-Nha_159_patch_0_5.jpg,B1,A1,0.4857
C:\Users\teflo\Desktop\Study\VLU\Comp vision\BT\Final\processed_data\test\B1\B1.07.Tho-Nha_160_patch_0_2.jpg,B1,A1,0.4134
C:\Users\teflo\Desktop\Study\VLU\Comp vision\BT\Final\processed_data\test\B1\B1.07.Tho-Nha_163_patch_1_0.jpg,B1,B2,0.4644
C:\Users\teflo\Desktop\Study\VLU\Comp vision\BT\Final\processed_data\test\B1\B1.07.Tho-Nha_164_patch_1_1.jpg,B1,B2,0.6594
C:\Users\teflo\Desktop\Study\VLU\Comp vision\BT\Final\processed_data\test\B1\B1.07.Tho-Nha_165_patch_1_0.jpg,B1,A2,0.6735
C:\Users\teflo\Desktop\Study\VLU\Comp vision\BT\Final\processed_data\test\B1\B1.07.Tho-Nha_166_patch_0_5.jpg,B1,B2,0.4164
C:\Users\teflo\Desktop\Study\VLU\Comp vision\BT\Final\processed_data\test\B1\B1.07.Tho-Nha_167_patch_0_3.jpg,B1,B2,0.9076
C:\Users\teflo\Desktop\Study\VLU\Comp vision\BT\Final\processed_data\test\B1\B1.07.Tho-Nha_169_patch_0_5.jpg,B1,A1,0.7408
C:\Users\teflo\Desktop\Study\VLU\Comp vision\BT\Final\processed_data\test\B1\B1.07.Tho-Nha_171_patch_0_5.jpg,B1,B2,0.5522
C:\Users\teflo\Desktop\Study\VLU\Comp vision\BT\Final\processed_data\test\B1\B1.07.Tho-Nha_172_patch_1_1.jpg,B1,A2,0.5703
C:\Users\teflo\Desktop\Study\VLU\Comp vision\BT\Final\processed_data\test\B1\B1.07.Tho-Nha_173_patch_2_3.jpg,B1,B2,0.6335
C:\Users\teflo\Desktop\Study\VLU\Comp vision\BT\Final\processed_data\test\B1\B1.07.Tho-Nha_175_patch_2_3.jpg,B1,A1,0.3856
C:\Users\teflo\Desktop\Study\VLU\Comp vision\BT\Final\processed_data\test\B1\B1.07.Tho-Nha_178_patch_3_2.jpg,B1,A1,0.3404
C:\Users\teflo\Desktop\Study\VLU\Comp vision\BT\Final\processed_data\test\B1\B1.07.Tho-Nha_180_patch_3_0.jpg,B1,B2,0.8038
C:\Users\teflo\Desktop\Study\VLU\Comp vision\BT\Final\processed_data\test\B1\B1.07.Tho-Nha_181_patch_2_5.jpg,B1,A1,0.4589
C:\Users\teflo\Desktop\Study\VLU\Comp vision\BT\Final\processed_data\test\B1\B1.07.Tho-Nha_183_patch_2_2.jpg,B1,A1,0.4042
C:\Users\teflo\Desktop\Study\VLU\Comp vision\BT\Final\processed_data\test\B1\B1.07.Tho-Nha_184_patch_3_0.jpg,B1,B2,0.6561
C:\Users\teflo\Desktop\Study\VLU\Comp vision\BT\Final\processed_data\test\B1\B1.07.Tho-Nha_55_patch_1_0.jpg,B1,B2,0.8862
C:\Users\teflo\Desktop\Study\VLU\Comp vision\BT\Final\processed_data\test\B1\B1.07.Tho-Nha_74_patch_0_0.jpg,B1,B2,0.6942
C:\Users\teflo\Desktop\Study\VLU\Comp vision\BT\Final\processed_data\test\B1\B1.23.Offi-Gov_01_patch_0_4.jpg,B1,A2,0.3712
C:\Users\teflo\Desktop\Study\VLU\Comp vision\BT\Final\processed_data\test\B1\B1.23.Offi-Gov_02_patch_0_2.jpg,B1,A1,0.4567
C:\Users\teflo\Desktop\Study\VLU\Comp vision\BT\Final\processed_data\test\B1\B1.23.Offi-Gov_03_patch_0_1.jpg,B1,A1,0.6458
C:\Users\teflo\Desktop\Study\VLU\Comp vision\BT\Final\processed_data\test\B1\B1.23.Offi-Gov_04_patch_0_0.jpg,B1,B2,0.4646
C:\Users\teflo\Desktop\Study\VLU\Comp vision\BT\Final\processed_data\test\B1\B1.23.Offi-Gov_04_patch_3_5.jpg,B1,B2,0.4246
C:\Users\teflo\Desktop\Study\VLU\Comp vision\BT\Final\processed_data\test\B1\B1.23.Offi-Gov_05_patch_3_3.jpg,B1,A2,0.6204
C:\Users\teflo\Desktop\Study\VLU\Comp vision\BT\Final\processed_data\test\B1\B1.23.Offi-Gov_11_patch_3_5.jpg,B1,B2,0.4701
C:\Users\teflo\Desktop\Study\VLU\Comp vision\BT\Final\processed_data\test\B1\B1.23.Offi-Gov_12_patch_3_4.jpg,B1,B2,0.4295
C:\Users\teflo\Desktop\Study\VLU\Comp vision\BT\Final\processed_data\test\B1\B1.23.Offi-Gov_14_patch_0_1.jpg,B1,B2,0.3663
C:\Users\teflo\Desktop\Study\VLU\Comp vision\BT\Final\processed_data\test\B1\B1.23.Offi-Gov_15_patch_1_0.jpg,B1,A2,0.5858
C:\Users\teflo\Desktop\Study\VLU\Comp vision\BT\Final\processed_data\test\B1\B1.23.Offi-Gov_19_patch_0_4.jpg,B1,A1,0.4509
C:\Users\teflo\Desktop\Study\VLU\Comp vision\BT\Final\processed_data\test\B1\B1.23.Offi-Gov_20_patch_0_3.jpg,B1,A2,0.5938
C:\Users\teflo\Desktop\Study\VLU\Comp vision\BT\Final\processed_data\test\B1\B1.23.Offi-Gov_21_patch_0_4.jpg,B1,A2,0.6588
C:\Users\teflo\Desktop\Study\VLU\Comp vision\BT\Final\processed_data\test\B1\B1.23.Offi-Gov_24_patch_1_0.jpg,B1,A1,0.3345
C:\Users\teflo\Desktop\Study\VLU\Comp vision\BT\Final\processed_data\test\B1\B1.23.Offi-Gov_26_patch_1_0.jpg,B1,A2,0.5288
C:\Users\teflo\Desktop\Study\VLU\Comp vision\BT\Final\processed_data\test\B1\B1.23.Offi-Gov_27_patch_0_5.jpg,B1,A1,0.4057
C:\Users\teflo\Desktop\Study\VLU\Comp vision\BT\Final\processed_data\test\B1\B1.23.Offi-Gov_28_patch_0_5.jpg,B1,A1,0.8524
C:\Users\teflo\Desktop\Study\VLU\Comp vision\BT\Final\processed_data\test\B1\B1.23.Offi-Gov_29_patch_1_1.jpg,B1,B2,0.6401
C:\Users\teflo\Desktop\Study\VLU\Comp vision\BT\Final\processed_data\test\B1\B1.24.Rex-Hot_01_patch_1_0.jpg,B1,A1,0.3729
C:\Users\teflo\Desktop\Study\VLU\Comp vision\BT\Final\processed_data\test\B1\B1.24.Rex-Hot_02_patch_1_1.jpg,B1,A2,0.569
C:\Users\teflo\Desktop\Study\VLU\Comp vision\BT\Final\processed_data\test\B1\B1.24.Rex-Hot_03_patch_2_0.jpg,B1,A2,0.4663
C:\Users\teflo\Desktop\Study\VLU\Comp vision\BT\Final\processed_data\test\B1\B1.24.Rex-Hot_06_patch_2_0.jpg,B1,A1,0.5311
C:\Users\teflo\Desktop\Study\VLU\Comp vision\BT\Final\processed_data\test\B1\B1.24.Rex-Hot_08_patch_2_0.jpg,B1,A1,0.4463
C:\Users\teflo\Desktop\Study\VLU\Comp vision\BT\Final\processed_data\test\B1\B1.24.Rex-Hot_12_patch_1_2.jpg,B1,A1,0.5927
C:\Users\teflo\Desktop\Study\VLU\Comp vision\BT\Final\processed_data\test\B1\B1.24.Rex-Hot_13_patch_1_5.jpg,B1,A2,0.4833
C:\Users\teflo\Desktop\Study\VLU\Comp vision\BT\Final\processed_data\test\B1\B1.24.Rex-Hot_15_patch_1_5.jpg,B1,A2,0.5879
C:\Users\teflo\Desktop\Study\VLU\Comp vision\BT\Final\processed_data\test\B1\B1.24.Rex-Hot_16_patch_1_4.jpg,B1,A1,0.7446
C:\Users\teflo\Desktop\Study\VLU\Comp vision\BT\Final\processed_data\test\B1\B1.24.Rex-Hot_18_patch_2_2.jpg,B1,A2,0.5967
C:\Users\teflo\Desktop\Study\VLU\Comp vision\BT\Final\processed_data\test\B1\B1.24.Rex-Hot_20_patch_2_2.jpg,B1,A1,0.5874
C:\Users\teflo\Desktop\Study\VLU\Comp vision\BT\Final\processed_data\test\B1\B1.24.Rex-Hot_22_patch_3_0.jpg,B1,B2,0.5598
C:\Users\teflo\Desktop\Study\VLU\Comp vision\BT\Final\processed_data\test\B1\B1.24.Rex-Hot_23_patch_3_0.jpg,B1,A2,0.6028
C:\Users\teflo\Desktop\Study\VLU\Comp vision\BT\Final\processed_data\test\B1\B1.24.Rex-Hot_28_patch_3_2.jpg,B1,A2,0.6955
C:\Users\teflo\Desktop\Study\VLU\Comp vision\BT\Final\processed_data\test\B1\B1.24.Rex-Hot_30_patch_0_0.jpg,B1,A1,0.7569
C:\Users\teflo\Desktop\Study\VLU\Comp vision\BT\Final\processed_data\test\B1\B1.24.Rex-Hot_34_patch_1_1.jpg,B1,B2,0.7383
C:\Users\teflo\Desktop\Study\VLU\Comp vision\BT\Final\processed_data\test\B1\B1.24.Rex-Hot_35_patch_1_2.jpg,B1,A2,0.4719
C:\Users\teflo\Desktop\Study\VLU\Comp vision\BT\Final\processed_data\test\B1\B1.28.VB-Bui_01_patch_1_4.jpg,B1,B2,0.8488
C:\Users\teflo\Desktop\Study\VLU\Comp vision\BT\Final\processed_data\test\B1\B1.28.VB-Bui_02_patch_1_3.jpg,B1,B2,0.6675
C:\Users\teflo\Desktop\Study\VLU\Comp vision\BT\Final\processed_data\test\B1\B1.28.VB-Bui_03_patch_1_3.jpg,B1,B2,0.5322
C:\Users\teflo\Desktop\Study\VLU\Comp vision\BT\Final\processed_data\test\B1\B1.28.VB-Bui_06_patch_0_5.jpg,B1,B2,0.6609
C:\Users\teflo\Desktop\Study\VLU\Comp vision\BT\Final\processed_data\test\B1\B1.28.VB-Bui_07_patch_0_4.jpg,B1,A2,0.5001
C:\Users\teflo\Desktop\Study\VLU\Comp vision\BT\Final\processed_data\test\B1\B1.28.VB-Bui_08_patch_1_1.jpg,B1,A2,0.4477
C:\Users\teflo\Desktop\Study\VLU\Comp vision\BT\Final\processed_data\test\B1\B1.28.VB-Bui_11_patch_1_1.jpg,B1,B2,0.5608
C:\Users\teflo\Desktop\Study\VLU\Comp vision\BT\Final\processed_data\test\B1\B1.28.VB-Bui_12_patch_1_0.jpg,B1,B2,0.7004
C:\Users\teflo\Desktop\Study\VLU\Comp vision\BT\Final\processed_data\test\B1\B1.28.VB-Bui_13_patch_0_5.jpg,B1,B2,0.5626
C:\Users\teflo\Desktop\Study\VLU\Comp vision\BT\Final\processed_data\test\B1\B1.28.VB-Bui_14_patch_0_5.jpg,B1,B2,0.6243
C:\Users\teflo\Desktop\Study\VLU\Comp vision\BT\Final\processed_data\test\B1\B1.28.VB-Bui_15_patch_0_4.jpg,B1,B2,0.5869
C:\Users\teflo\Desktop\Study\VLU\Comp vision\BT\Final\processed_data\test\B1\B1.28.VB-Bui_16_patch_0_3.jpg,B1,A2,0.5991
C:\Users\teflo\Desktop\Study\VLU\Comp vision\BT\Final\processed_data\test\B1\DSC00060_patch_0_2.jpg,B1,A2,0.9222
C:\Users\teflo\Desktop\Study\VLU\Comp vision\BT\Final\processed_data\test\B1\DSC00061_patch_0_0.jpg,B1,A2,0.614
C:\Users\teflo\Desktop\Study\VLU\Comp vision\BT\Final\processed_data\test\B1\DSC00062_patch_0_1.jpg,B1,A2,0.5989
C:\Users\teflo\Desktop\Study\VLU\Comp vision\BT\Final\processed_data\test\B1\DSC00063_patch_0_2.jpg,B1,B2,0.5495
C:\Users\teflo\Desktop\Study\VLU\Comp vision\BT\Final\processed_data\test\B1\DSC00064_patch_0_2.jpg,B1,A2,0.4686
C:\Users\teflo\Desktop\Study\VLU\Comp vision\BT\Final\processed_data\test\B1\DSC00065_patch_0_2.jpg,B1,B2,0.4896
C:\Users\teflo\Desktop\Study\VLU\Comp vision\BT\Final\processed_data\test\B1\DSC00066_patch_0_4.jpg,B1,B2,0.3399
C:\Users\teflo\Desktop\Study\VLU\Comp vision\BT\Final\processed_data\test\B1\DSC00067_patch_0_3.jpg,B1,A1,0.5211
C:\Users\teflo\Desktop\Study\VLU\Comp vision\BT\Final\processed_data\test\B1\DSC00068_patch_0_3.jpg,B1,A2,0.5878
C:\Users\teflo\Desktop\Study\VLU\Comp vision\BT\Final\processed_data\test\B1\DSC00069_patch_0_2.jpg,B1,B2,0.631
C:\Users\teflo\Desktop\Study\VLU\Comp vision\BT\Final\processed_data\test\B1\DSC00071_patch_0_3.jpg,B1,A2,0.6026
C:\Users\teflo\Desktop\Study\VLU\Comp vision\BT\Final\processed_data\test\B1\DSC00144_patch_0_2.jpg,B1,A2,0.6269
C:\Users\teflo\Desktop\Study\VLU\Comp vision\BT\Final\processed_data\test\B1\DSC00145_patch_0_1.jpg,B1,A1,0.3899
C:\Users\teflo\Desktop\Study\VLU\Comp vision\BT\Final\processed_data\test\B1\DSC00147_patch_0_3.jpg,B1,A2,0.8321
C:\Users\teflo\Desktop\Study\VLU\Comp vision\BT\Final\processed_data\test\B1\DSC00148_patch_0_2.jpg,B1,A2,0.8772
C:\Users\teflo\Desktop\Study\VLU\Comp vision\BT\Final\processed_data\test\B1\DSC00149_patch_1_0.jpg,B1,A2,0.8391
C:\Users\teflo\Desktop\Study\VLU\Comp vision\BT\Final\processed_data\test\B1\DSC00150_patch_2_1.jpg,B1,B2,0.5557
C:\Users\teflo\Desktop\Study\VLU\Comp vision\BT\Final\processed_data\test\B1\DSC00151_patch_2_0.jpg,B1,B2,0.672
C:\Users\teflo\Desktop\Study\VLU\Comp vision\BT\Final\processed_data\test\B1\DSC00152_patch_2_2.jpg,B1,B2,0.4332
C:\Users\teflo\Desktop\Study\VLU\Comp vision\BT\Final\processed_data\test\B1\DSC00153_patch_2_1.jpg,B1,B2,0.517
C:\Users\teflo\Desktop\Study\VLU\Comp vision\BT\Final\processed_data\test\B1\DSC00154_patch_2_0.jpg,B1,A2,0.5339
C:\Users\teflo\Desktop\Study\VLU\Comp vision\BT\Final\processed_data\test\B1\DSC00155_patch_1_4.jpg,B1,B2,0.6273
C:\Users\teflo\Desktop\Study\VLU\Comp vision\BT\Final\processed_data\test\B1\DSC00156_patch_2_2.jpg,B1,A2,0.8668
C:\Users\teflo\Desktop\Study\VLU\Comp vision\BT\Final\processed_data\test\B1\DSC00157_patch_2_1.jpg,B1,B2,0.3783
C:\Users\teflo\Desktop\Study\VLU\Comp vision\BT\Final\processed_data\test\B1\DSC00158_patch_2_0.jpg,B1,A2,0.4088
C:\Users\teflo\Desktop\Study\VLU\Comp vision\BT\Final\processed_data\test\B1\DSC04596_patch_1_5.jpg,B1,A2,0.4683
C:\Users\teflo\Desktop\Study\VLU\Comp vision\BT\Final\processed_data\test\B1\DSC04597_patch_1_3.jpg,B1,A1,0.3315
C:\Users\teflo\Desktop\Study\VLU\Comp vision\BT\Final\processed_data\test\B1\DSC04598_patch_1_5.jpg,B1,A1,0.3631
C:\Users\teflo\Desktop\Study\VLU\Comp vision\BT\Final\processed_data\test\B1\DSC04600_patch_2_3.jpg,B1,A2,0.6161
C:\Users\teflo\Desktop\Study\VLU\Comp vision\BT\Final\processed_data\test\B1\DSC04603_patch_2_0.jpg,B1,A1,0.5745
C:\Users\teflo\Desktop\Study\VLU\Comp vision\BT\Final\processed_data\test\B1\DSC04604_patch_1_5.jpg,B1,A1,0.5061
C:\Users\teflo\Desktop\Study\VLU\Comp vision\BT\Final\processed_data\test\B1\DSC04607_patch_1_4.jpg,B1,A1,0.842
C:\Users\teflo\Desktop\Study\VLU\Comp vision\BT\Final\processed_data\test\B1\DSC04608_patch_1_2.jpg,B1,B2,0.6047
C:\Users\teflo\Desktop\Study\VLU\Comp vision\BT\Final\processed_data\test\B1\DSC04616_patch_1_1.jpg,B1,B2,0.78
C:\Users\teflo\Desktop\Study\VLU\Comp vision\BT\Final\processed_data\test\B1\DSC04618_patch_1_2.jpg,B1,A2,0.7606
C:\Users\teflo\Desktop\Study\VLU\Comp vision\BT\Final\processed_data\test\B1\DSC04619_patch_2_2.jpg,B1,A2,0.8454
C:\Users\teflo\Desktop\Study\VLU\Comp vision\BT\Final\processed_data\test\B1\DSC04620_patch_3_0.jpg,B1,A2,0.7814
C:\Users\teflo\Desktop\Study\VLU\Comp vision\BT\Final\processed_data\test\B1\DSC04622_patch_2_5.jpg,B1,A2,0.4579
C:\Users\teflo\Desktop\Study\VLU\Comp vision\BT\Final\processed_data\test\B1\DSC04624_patch_2_4.jpg,B1,A2,0.5179
C:\Users\teflo\Desktop\Study\VLU\Comp vision\BT\Final\processed_data\test\B1\DSC04625_patch_2_4.jpg,B1,A2,0.8717
C:\Users\teflo\Desktop\Study\VLU\Comp vision\BT\Final\processed_data\test\B1\DSC04626_patch_2_5.jpg,B1,A2,0.5648
C:\Users\teflo\Desktop\Study\VLU\Comp vision\BT\Final\processed_data\test\B1\DSC04628_patch_2_2.jpg,B1,A1,0.5298
C:\Users\teflo\Desktop\Study\VLU\Comp vision\BT\Final\processed_data\test\B1\DSC04629_patch_2_1.jpg,B1,A1,0.3215
C:\Users\teflo\Desktop\Study\VLU\Comp vision\BT\Final\processed_data\test\B1\DSC04630_patch_2_0.jpg,B1,A2,0.6109
C:\Users\teflo\Desktop\Study\VLU\Comp vision\BT\Final\processed_data\test\B1\DSC04632_patch_2_0.jpg,B1,A2,0.6942
C:\Users\teflo\Desktop\Study\VLU\Comp vision\BT\Final\processed_data\test\B1\DSC04635_patch_2_1.jpg,B1,B2,0.4735
C:\Users\teflo\Desktop\Study\VLU\Comp vision\BT\Final\processed_data\test\B1\DSC04659_patch_1_5.jpg,B1,B2,0.6215
C:\Users\teflo\Desktop\Study\VLU\Comp vision\BT\Final\processed_data\test\B1\DSC04660_patch_1_4.jpg,B1,A2,0.7447
C:\Users\teflo\Desktop\Study\VLU\Comp vision\BT\Final\processed_data\test\B1\DSC04661_patch_1_3.jpg,B1,A2,0.7963
C:\Users\teflo\Desktop\Study\VLU\Comp vision\BT\Final\processed_data\test\B1\DSC04662_patch_1_2.jpg,B1,B2,0.4337
C:\Users\teflo\Desktop\Study\VLU\Comp vision\BT\Final\processed_data\test\B1\DSC04663_patch_1_0.jpg,B1,B2,0.5262
C:\Users\teflo\Desktop\Study\VLU\Comp vision\BT\Final\processed_data\test\B1\DSC04665_patch_0_4.jpg,B1,A2,0.5816
C:\Users\teflo\Desktop\Study\VLU\Comp vision\BT\Final\processed_data\test\B1\DSC04666_patch_0_3.jpg,B1,A2,0.4441
C:\Users\teflo\Desktop\Study\VLU\Comp vision\BT\Final\processed_data\test\B1\DSC04672_patch_0_0.jpg,B1,A1,0.4475
C:\Users\teflo\Desktop\Study\VLU\Comp vision\BT\Final\processed_data\test\B1\DSC04672_patch_3_5.jpg,B1,A2,0.4819
C:\Users\teflo\Desktop\Study\VLU\Comp vision\BT\Final\processed_data\test\B1\DSC04679_patch_3_1.jpg,B1,B2,0.7678
C:\Users\teflo\Desktop\Study\VLU\Comp vision\BT\Final\processed_data\test\B1\DSC04681_patch_3_0.jpg,B1,A2,0.4302
C:\Users\teflo\Desktop\Study\VLU\Comp vision\BT\Final\processed_data\test\B1\DSC04683_patch_2_3.jpg,B1,A2,0.4166
C:\Users\teflo\Desktop\Study\VLU\Comp vision\BT\Final\processed_data\test\B1\DSC04685_patch_2_2.jpg,B1,A2,0.6298
C:\Users\teflo\Desktop\Study\VLU\Comp vision\BT\Final\processed_data\test\B1\DSC04686_patch_2_1.jpg,B1,A2,0.6679
C:\Users\teflo\Desktop\Study\VLU\Comp vision\BT\Final\processed_data\test\B1\DSC04689_patch_1_5.jpg,B1,A2,0.5434
C:\Users\teflo\Desktop\Study\VLU\Comp vision\BT\Final\processed_data\test\B1\DSC04690_patch_1_4.jpg,B1,A2,0.8568
C:\Users\teflo\Desktop\Study\VLU\Comp vision\BT\Final\processed_data\test\B1\DSC04693_patch_1_3.jpg,B1,A2,0.5122
C:\Users\teflo\Desktop\Study\VLU\Comp vision\BT\Final\processed_data\test\B1\DSC04694_patch_1_2.jpg,B1,A2,0.6799
C:\Users\teflo\Desktop\Study\VLU\Comp vision\BT\Final\processed_data\test\B1\DSC04697_patch_1_0.jpg,B1,A2,0.5144
C:\Users\teflo\Desktop\Study\VLU\Comp vision\BT\Final\processed_data\test\B1\DSC04698_patch_1_5.jpg,B1,A2,0.4103
C:\Users\teflo\Desktop\Study\VLU\Comp vision\BT\Final\processed_data\test\B1\DSC04699_patch_2_4.jpg,B1,A2,0.6603
C:\Users\teflo\Desktop\Study\VLU\Comp vision\BT\Final\processed_data\test\B1\DSC04700_patch_2_4.jpg,B1,A2,0.4401
C:\Users\teflo\Desktop\Study\VLU\Comp vision\BT\Final\processed_data\test\B1\DSC04701_patch_2_3.jpg,B1,A2,0.5519
C:\Users\teflo\Desktop\Study\VLU\Comp vision\BT\Final\processed_data\test\B1\DSC04702_patch_2_2.jpg,B1,A1,0.5854
C:\Users\teflo\Desktop\Study\VLU\Comp vision\BT\Final\processed_data\test\B1\DSC04703_patch_2_1.jpg,B1,A2,0.4393
C:\Users\teflo\Desktop\Study\VLU\Comp vision\BT\Final\processed_data\test\B1\DSC04704_patch_2_1.jpg,B1,A2,0.3581
C:\Users\teflo\Desktop\Study\VLU\Comp vision\BT\Final\processed_data\test\B1\DSC04705_patch_1_5.jpg,B1,A2,0.85
C:\Users\teflo\Desktop\Study\VLU\Comp vision\BT\Final\processed_data\test\B1\DSC04706_patch_1_5.jpg,B1,A2,0.832
C:\Users\teflo\Desktop\Study\VLU\Comp vision\BT\Final\processed_data\test\B1\DSC04707_patch_1_5.jpg,B1,A2,0.7547
C:\Users\teflo\Desktop\Study\VLU\Comp vision\BT\Final\processed_data\test\B1\DSC04708_patch_1_5.jpg,B1,A1,0.503
C:\Users\teflo\Desktop\Study\VLU\Comp vision\BT\Final\processed_data\test\B1\DSC04710_patch_1_4.jpg,B1,A2,0.9281
C:\Users\teflo\Desktop\Study\VLU\Comp vision\BT\Final\processed_data\test\B1\DSC04711_patch_2_0.jpg,B1,A2,0.6445
C:\Users\teflo\Desktop\Study\VLU\Comp vision\BT\Final\processed_data\test\B1\DSC04712_patch_2_3.jpg,B1,A2,0.4523
C:\Users\teflo\Desktop\Study\VLU\Comp vision\BT\Final\processed_data\test\B1\DSC04713_patch_2_5.jpg,B1,B2,0.4323
C:\Users\teflo\Desktop\Study\VLU\Comp vision\BT\Final\processed_data\test\B1\DSC04714_patch_3_2.jpg,B1,B2,0.4125
C:\Users\teflo\Desktop\Study\VLU\Comp vision\BT\Final\processed_data\test\B1\DSC04716_patch_0_3.jpg,B1,B2,0.7244
C:\Users\teflo\Desktop\Study\VLU\Comp vision\BT\Final\processed_data\test\B1\DSC04717_patch_1_5.jpg,B1,B2,0.7112
C:\Users\teflo\Desktop\Study\VLU\Comp vision\BT\Final\processed_data\test\B1\DSC04718_patch_2_0.jpg,B1,A2,0.7295
C:\Users\teflo\Desktop\Study\VLU\Comp vision\BT\Final\processed_data\test\B1\DSC04751_patch_1_5.jpg,B1,B2,0.4107
C:\Users\teflo\Desktop\Study\VLU\Comp vision\BT\Final\processed_data\test\B1\DSC04753_patch_1_3.jpg,B1,A1,0.8437
C:\Users\teflo\Desktop\Study\VLU\Comp vision\BT\Final\processed_data\test\B1\DSC04754_patch_1_2.jpg,B1,A2,0.5414
C:\Users\teflo\Desktop\Study\VLU\Comp vision\BT\Final\processed_data\test\B1\DSC04755_patch_1_1.jpg,B1,A1,0.4178
C:\Users\teflo\Desktop\Study\VLU\Comp vision\BT\Final\processed_data\test\B1\DSC04792_patch_0_5.jpg,B1,A2,0.6621
C:\Users\teflo\Desktop\Study\VLU\Comp vision\BT\Final\processed_data\test\B1\DSC04793_patch_0_4.jpg,B1,A1,0.5227
C:\Users\teflo\Desktop\Study\VLU\Comp vision\BT\Final\processed_data\test\B1\DSC04794_patch_0_3.jpg,B1,B2,0.6049
C:\Users\teflo\Desktop\Study\VLU\Comp vision\BT\Final\processed_data\test\B1\DSC04795_patch_0_2.jpg,B1,A2,0.8554
C:\Users\teflo\Desktop\Study\VLU\Comp vision\BT\Final\processed_data\test\B1\DSC04796_patch_0_0.jpg,B1,B2,0.4911
C:\Users\teflo\Desktop\Study\VLU\Comp vision\BT\Final\processed_data\test\B1\DSC04798_patch_0_0.jpg,B1,B2,0.5377
C:\Users\teflo\Desktop\Study\VLU\Comp vision\BT\Final\processed_data\test\B1\DSC04799_patch_3_5.jpg,B1,A2,0.4991
C:\Users\teflo\Desktop\Study\VLU\Comp vision\BT\Final\processed_data\test\B1\DSC04801_patch_3_4.jpg,B1,A1,0.7107
C:\Users\teflo\Desktop\Study\VLU\Comp vision\BT\Final\processed_data\test\B1\DSC04838_patch_3_3.jpg,B1,A2,0.6821
C:\Users\teflo\Desktop\Study\VLU\Comp vision\BT\Final\processed_data\test\B1\DSC04839_patch_3_3.jpg,B1,A2,0.9342
C:\Users\teflo\Desktop\Study\VLU\Comp vision\BT\Final\processed_data\test\B1\DSC04840_patch_3_2.jpg,B1,B2,0.6618
C:\Users\teflo\Desktop\Study\VLU\Comp vision\BT\Final\processed_data\test\B1\DSC04841_patch_3_0.jpg,B1,B2,0.3431
C:\Users\teflo\Desktop\Study\VLU\Comp vision\BT\Final\processed_data\test\B1\DSC04842_patch_2_5.jpg,B1,B2,0.6108
C:\Users\teflo\Desktop\Study\VLU\Comp vision\BT\Final\processed_data\test\B1\DSC04843_patch_2_5.jpg,B1,B2,0.869
C:\Users\teflo\Desktop\Study\VLU\Comp vision\BT\Final\processed_data\test\B1\DSC04851_patch_2_4.jpg,B1,A2,0.8122
C:\Users\teflo\Desktop\Study\VLU\Comp vision\BT\Final\processed_data\test\B1\DSC04852_patch_2_2.jpg,B1,B2,0.9035
C:\Users\teflo\Desktop\Study\VLU\Comp vision\BT\Final\processed_data\test\B1\DSC04853_patch_2_1.jpg,B1,B2,0.3903
C:\Users\teflo\Desktop\Study\VLU\Comp vision\BT\Final\processed_data\test\B1\DSC04856_patch_1_3.jpg,B1,B2,0.4879
C:\Users\teflo\Desktop\Study\VLU\Comp vision\BT\Final\processed_data\test\B1\DSC04870_patch_1_2.jpg,B1,B2,0.4418
C:\Users\teflo\Desktop\Study\VLU\Comp vision\BT\Final\processed_data\test\B1\DSC04871_patch_1_1.jpg,B1,B2,0.4742
C:\Users\teflo\Desktop\Study\VLU\Comp vision\BT\Final\processed_data\test\B1\DSC04872_patch_1_0.jpg,B1,A1,0.5633
C:\Users\teflo\Desktop\Study\VLU\Comp vision\BT\Final\processed_data\test\B1\DSC04873_patch_0_5.jpg,B1,B2,0.2885
C:\Users\teflo\Desktop\Study\VLU\Comp vision\BT\Final\processed_data\test\B1\DSC04874_patch_0_4.jpg,B1,A1,0.6638
C:\Users\teflo\Desktop\Study\VLU\Comp vision\BT\Final\processed_data\test\B1\DSC04876_patch_0_2.jpg,B1,B2,0.6257
C:\Users\teflo\Desktop\Study\VLU\Comp vision\BT\Final\processed_data\test\B1\DSC04877_patch_0_1.jpg,B1,B2,0.3798
C:\Users\teflo\Desktop\Study\VLU\Comp vision\BT\Final\processed_data\test\B1\DSC04878_patch_0_0.jpg,B1,A1,0.6802
C:\Users\teflo\Desktop\Study\VLU\Comp vision\BT\Final\processed_data\test\B1\DSC04878_patch_3_5.jpg,B1,A1,0.5843
C:\Users\teflo\Desktop\Study\VLU\Comp vision\BT\Final\processed_data\test\B1\DSC04881_patch_0_0.jpg,B1,A2,0.5717
C:\Users\teflo\Desktop\Study\VLU\Comp vision\BT\Final\processed_data\test\B1\DSC04881_patch_3_4.jpg,B1,A1,0.5252
C:\Users\teflo\Desktop\Study\VLU\Comp vision\BT\Final\processed_data\test\B1\DSC04885_patch_3_5.jpg,B1,A2,0.576
C:\Users\teflo\Desktop\Study\VLU\Comp vision\BT\Final\processed_data\test\B1\DSC04888_patch_0_1.jpg,B1,B2,0.4417
C:\Users\teflo\Desktop\Study\VLU\Comp vision\BT\Final\processed_data\test\B1\DSC04965_patch_0_0.jpg,B1,B2,0.5658
C:\Users\teflo\Desktop\Study\VLU\Comp vision\BT\Final\processed_data\test\B1\DSC04968_patch_3_2.jpg,B1,A2,0.653
C:\Users\teflo\Desktop\Study\VLU\Comp vision\BT\Final\processed_data\test\B1\DSC04969_patch_3_0.jpg,B1,A1,0.7791
C:\Users\teflo\Desktop\Study\VLU\Comp vision\BT\Final\processed_data\test\B1\DSC04974_patch_2_3.jpg,B1,A2,0.7873
C:\Users\teflo\Desktop\Study\VLU\Comp vision\BT\Final\processed_data\test\B1\DSC04977_patch_2_1.jpg,B1,A2,0.3911
C:\Users\teflo\Desktop\Study\VLU\Comp vision\BT\Final\processed_data\test\B1\DSC04978_patch_2_0.jpg,B1,B2,0.7585
C:\Users\teflo\Desktop\Study\VLU\Comp vision\BT\Final\processed_data\test\B1\DSC04981_patch_1_5.jpg,B1,A2,0.747
C:\Users\teflo\Desktop\Study\VLU\Comp vision\BT\Final\processed_data\test\B1\DSC04982_patch_1_4.jpg,B1,A1,0.7354
C:\Users\teflo\Desktop\Study\VLU\Comp vision\BT\Final\processed_data\test\B1\DSC04984_patch_1_2.jpg,B1,A2,0.8598
C:\Users\teflo\Desktop\Study\VLU\Comp vision\BT\Final\processed_data\test\B1\DSC04985_patch_1_1.jpg,B1,B2,0.7285
C:\Users\teflo\Desktop\Study\VLU\Comp vision\BT\Final\processed_data\test\B1\DSC04986_patch_1_0.jpg,B1,A1,0.6374
C:\Users\teflo\Desktop\Study\VLU\Comp vision\BT\Final\processed_data\test\B1\DSC05001_patch_0_5.jpg,B1,A1,0.7221
C:\Users\teflo\Desktop\Study\VLU\Comp vision\BT\Final\processed_data\test\B1\DSC05002_patch_0_3.jpg,B1,A1,0.3376
C:\Users\teflo\Desktop\Study\VLU\Comp vision\BT\Final\processed_data\test\B1\DSC05003_patch_0_2.jpg,B1,A2,0.6615
C:\Users\teflo\Desktop\Study\VLU\Comp vision\BT\Final\processed_data\test\B1\DSC05004_patch_0_1.jpg,B1,A1,0.4272
C:\Users\teflo\Desktop\Study\VLU\Comp vision\BT\Final\processed_data\test\B1\DSC05005_patch_0_1.jpg,B1,A1,0.6284
C:\Users\teflo\Desktop\Study\VLU\Comp vision\BT\Final\processed_data\test\B2\DSC02087_patch_0_1.jpg,B2,B1,0.755
C:\Users\teflo\Desktop\Study\VLU\Comp vision\BT\Final\processed_data\test\B2\DSC02088_patch_0_1.jpg,B2,A1,0.581
C:\Users\teflo\Desktop\Study\VLU\Comp vision\BT\Final\processed_data\test\B2\DSC02090_patch_0_0.jpg,B2,B1,0.9331
C:\Users\teflo\Desktop\Study\VLU\Comp vision\BT\Final\processed_data\test\B2\DSC02090_patch_3_5.jpg,B2,B1,0.7825
C:\Users\teflo\Desktop\Study\VLU\Comp vision\BT\Final\processed_data\test\B2\DSC02092_patch_0_0.jpg,B2,A1,0.5315
C:\Users\teflo\Desktop\Study\VLU\Comp vision\BT\Final\processed_data\test\B2\DSC02092_patch_3_5.jpg,B2,B1,0.4056
C:\Users\teflo\Desktop\Study\VLU\Comp vision\BT\Final\processed_data\test\B2\DSC02093_patch_3_4.jpg,B2,A1,0.6711
C:\Users\teflo\Desktop\Study\VLU\Comp vision\BT\Final\processed_data\test\B2\DSC02094_patch_3_3.jpg,B2,A1,0.4874
C:\Users\teflo\Desktop\Study\VLU\Comp vision\BT\Final\processed_data\test\B2\DSC02096_patch_3_3.jpg,B2,B1,0.4544
C:\Users\teflo\Desktop\Study\VLU\Comp vision\BT\Final\processed_data\test\B2\DSC02098_patch_3_2.jpg,B2,B1,0.4666
C:\Users\teflo\Desktop\Study\VLU\Comp vision\BT\Final\processed_data\test\B2\DSC02099_patch_3_0.jpg,B2,B1,0.7571
C:\Users\teflo\Desktop\Study\VLU\Comp vision\BT\Final\processed_data\test\B2\DSC02100_patch_2_5.jpg,B2,A1,0.6727
C:\Users\teflo\Desktop\Study\VLU\Comp vision\BT\Final\processed_data\test\B2\DSC02101_patch_2_4.jpg,B2,B1,0.5705
C:\Users\teflo\Desktop\Study\VLU\Comp vision\BT\Final\processed_data\test\B2\DSC02102_patch_2_2.jpg,B2,A2,0.3368
C:\Users\teflo\Desktop\Study\VLU\Comp vision\BT\Final\processed_data\test\B2\DSC02105_patch_3_0.jpg,B2,B1,0.5797
C:\Users\teflo\Desktop\Study\VLU\Comp vision\BT\Final\processed_data\test\B2\DSC02107_patch_0_3.jpg,B2,B1,0.8958
C:\Users\teflo\Desktop\Study\VLU\Comp vision\BT\Final\processed_data\test\B2\DSC02108_patch_2_3.jpg,B2,B1,0.6568
C:\Users\teflo\Desktop\Study\VLU\Comp vision\BT\Final\processed_data\test\B2\DSC02109_patch_3_4.jpg,B2,B1,0.826
C:\Users\teflo\Desktop\Study\VLU\Comp vision\BT\Final\processed_data\test\B2\DSC02111_patch_0_0.jpg,B2,B1,0.5692
C:\Users\teflo\Desktop\Study\VLU\Comp vision\BT\Final\processed_data\test\B2\DSC02112_patch_0_1.jpg,B2,A1,0.6413
C:\Users\teflo\Desktop\Study\VLU\Comp vision\BT\Final\processed_data\test\B2\DSC02113_patch_0_2.jpg,B2,B1,0.8188
C:\Users\teflo\Desktop\Study\VLU\Comp vision\BT\Final\processed_data\test\B2\DSC02114_patch_1_1.jpg,B2,B1,0.7436
C:\Users\teflo\Desktop\Study\VLU\Comp vision\BT\Final\processed_data\test\B2\DSC02115_patch_1_2.jpg,B2,B1,0.8557
C:\Users\teflo\Desktop\Study\VLU\Comp vision\BT\Final\processed_data\test\B2\DSC02116_patch_1_1.jpg,B2,B1,0.7907
C:\Users\teflo\Desktop\Study\VLU\Comp vision\BT\Final\processed_data\test\B2\DSC02117_patch_1_1.jpg,B2,B1,0.6301
C:\Users\teflo\Desktop\Study\VLU\Comp vision\BT\Final\processed_data\test\B2\DSC02118_patch_2_4.jpg,B2,B1,0.6011
C:\Users\teflo\Desktop\Study\VLU\Comp vision\BT\Final\processed_data\test\B2\DSC02119_patch_3_0.jpg,B2,B1,0.6926
C:\Users\teflo\Desktop\Study\VLU\Comp vision\BT\Final\processed_data\test\B2\DSC02123_patch_0_4.jpg,B2,A1,0.481
C:\Users\teflo\Desktop\Study\VLU\Comp vision\BT\Final\processed_data\test\B2\DSC02130_patch_2_3.jpg,B2,A1,0.5104
C:\Users\teflo\Desktop\Study\VLU\Comp vision\BT\Final\processed_data\test\B2\DSC02131_patch_2_5.jpg,B2,B1,0.7513
C:\Users\teflo\Desktop\Study\VLU\Comp vision\BT\Final\processed_data\test\B2\DSC02132_patch_3_3.jpg,B2,A2,0.5282
C:\Users\teflo\Desktop\Study\VLU\Comp vision\BT\Final\processed_data\test\B2\DSC02137_patch_1_0.jpg,B2,A2,0.5775
C:\Users\teflo\Desktop\Study\VLU\Comp vision\BT\Final\processed_data\test\B2\DSC02138_patch_2_1.jpg,B2,A2,0.3787
C:\Users\teflo\Desktop\Study\VLU\Comp vision\BT\Final\processed_data\test\B2\DSC02139_patch_2_3.jpg,B2,A2,0.6463
C:\Users\teflo\Desktop\Study\VLU\Comp vision\BT\Final\processed_data\test\B2\DSC02142_patch_0_0.jpg,B2,A1,0.4375
C:\Users\teflo\Desktop\Study\VLU\Comp vision\BT\Final\processed_data\test\B2\DSC02143_patch_3_4.jpg,B2,B1,0.6247
C:\Users\teflo\Desktop\Study\VLU\Comp vision\BT\Final\processed_data\test\B2\DSC02144_patch_3_3.jpg,B2,B1,0.5834
C:\Users\teflo\Desktop\Study\VLU\Comp vision\BT\Final\processed_data\test\B2\DSC02148_patch_2_3.jpg,B2,B1,0.6357
C:\Users\teflo\Desktop\Study\VLU\Comp vision\BT\Final\processed_data\test\B2\DSC02151_patch_2_4.jpg,B2,B1,0.4571
C:\Users\teflo\Desktop\Study\VLU\Comp vision\BT\Final\processed_data\test\B2\DSC02152_patch_2_4.jpg,B2,A2,0.4507
C:\Users\teflo\Desktop\Study\VLU\Comp vision\BT\Final\processed_data\test\B2\DSC02156_patch_2_4.jpg,B2,A2,0.3023
C:\Users\teflo\Desktop\Study\VLU\Comp vision\BT\Final\processed_data\test\B2\DSC02157_patch_2_5.jpg,B2,A1,0.5655
C:\Users\teflo\Desktop\Study\VLU\Comp vision\BT\Final\processed_data\test\B2\DSC02170_patch_3_1.jpg,B2,B1,0.626
C:\Users\teflo\Desktop\Study\VLU\Comp vision\BT\Final\processed_data\test\B2\DSC02174_patch_0_1.jpg,B2,B1,0.4123
C:\Users\teflo\Desktop\Study\VLU\Comp vision\BT\Final\processed_data\test\B2\DSC02178_patch_2_1.jpg,B2,B1,0.5037
C:\Users\teflo\Desktop\Study\VLU\Comp vision\BT\Final\processed_data\test\B2\DSC02180_patch_1_5.jpg,B2,A1,0.6795
C:\Users\teflo\Desktop\Study\VLU\Comp vision\BT\Final\processed_data\test\B2\DSC02181_patch_2_1.jpg,B2,B1,0.9079
C:\Users\teflo\Desktop\Study\VLU\Comp vision\BT\Final\processed_data\test\B2\DSC02184_patch_0_3.jpg,B2,A1,0.4553
C:\Users\teflo\Desktop\Study\VLU\Comp vision\BT\Final\processed_data\test\B2\DSC02187_patch_2_1.jpg,B2,A1,0.3782
C:\Users\teflo\Desktop\Study\VLU\Comp vision\BT\Final\processed_data\test\B2\DSC02188_patch_3_0.jpg,B2,B1,0.859
C:\Users\teflo\Desktop\Study\VLU\Comp vision\BT\Final\processed_data\test\B2\DSC02190_patch_0_0.jpg,B2,B1,0.6194
C:\Users\teflo\Desktop\Study\VLU\Comp vision\BT\Final\processed_data\test\B2\DSC02192_patch_0_0.jpg,B2,B1,0.5723
C:\Users\teflo\Desktop\Study\VLU\Comp vision\BT\Final\processed_data\test\B2\DSC02193_patch_3_4.jpg,B2,A1,0.6354
C:\Users\teflo\Desktop\Study\VLU\Comp vision\BT\Final\processed_data\test\B2\DSC02198_patch_3_2.jpg,B2,B1,0.4769
C:\Users\teflo\Desktop\Study\VLU\Comp vision\BT\Final\processed_data\test\B2\DSC02203_patch_3_0.jpg,B2,B1,0.8503
C:\Users\teflo\Desktop\Study\VLU\Comp vision\BT\Final\processed_data\test\B2\DSC02209_patch_2_3.jpg,B2,A1,0.3871
C:\Users\teflo\Desktop\Study\VLU\Comp vision\BT\Final\processed_data\test\B2\DSC02210_patch_2_4.jpg,B2,A1,0.4201
C:\Users\teflo\Desktop\Study\VLU\Comp vision\BT\Final\processed_data\test\B2\DSC02211_patch_3_1.jpg,B2,A1,0.5961
C:\Users\teflo\Desktop\Study\VLU\Comp vision\BT\Final\processed_data\test\B2\DSC02212_patch_3_1.jpg,B2,A1,0.4963
C:\Users\teflo\Desktop\Study\VLU\Comp vision\BT\Final\processed_data\test\B2\DSC02213_patch_2_5.jpg,B2,A1,0.4314
C:\Users\teflo\Desktop\Study\VLU\Comp vision\BT\Final\processed_data\test\B2\DSC02215_patch_2_3.jpg,B2,A1,0.7936
C:\Users\teflo\Desktop\Study\VLU\Comp vision\BT\Final\processed_data\test\B2\DSC02216_patch_2_1.jpg,B2,B1,0.5087
C:\Users\teflo\Desktop\Study\VLU\Comp vision\BT\Final\processed_data\test\B2\DSC02218_patch_1_3.jpg,B2,A1,0.4642
C:\Users\teflo\Desktop\Study\VLU\Comp vision\BT\Final\processed_data\test\B2\DSC02220_patch_1_2.jpg,B2,B1,0.7137
C:\Users\teflo\Desktop\Study\VLU\Comp vision\BT\Final\processed_data\test\B2\DSC02221_patch_1_0.jpg,B2,B1,0.7294
C:\Users\teflo\Desktop\Study\VLU\Comp vision\BT\Final\processed_data\test\B2\DSC02222_patch_0_4.jpg,B2,B1,0.5247
C:\Users\teflo\Desktop\Study\VLU\Comp vision\BT\Final\processed_data\test\B2\DSC02223_patch_0_2.jpg,B2,B1,0.5039
C:\Users\teflo\Desktop\Study\VLU\Comp vision\BT\Final\processed_data\test\B2\DSC02224_patch_3_5.jpg,B2,B1,0.563
C:\Users\teflo\Desktop\Study\VLU\Comp vision\BT\Final\processed_data\test\B2\DSC02228_patch_3_3.jpg,B2,B1,0.3446
C:\Users\teflo\Desktop\Study\VLU\Comp vision\BT\Final\processed_data\test\B2\DSC02232_patch_3_3.jpg,B2,A2,0.3063
C:\Users\teflo\Desktop\Study\VLU\Comp vision\BT\Final\processed_data\test\B2\DSC02239_patch_3_3.jpg,B2,B1,0.7456
C:\Users\teflo\Desktop\Study\VLU\Comp vision\BT\Final\processed_data\test\B2\DSC02240_patch_3_4.jpg,B2,B1,0.3932
C:\Users\teflo\Desktop\Study\VLU\Comp vision\BT\Final\processed_data\test\B2\DSC02241_patch_3_4.jpg,B2,B1,0.4141
C:\Users\teflo\Desktop\Study\VLU\Comp vision\BT\Final\processed_data\test\B2\DSC02242_patch_3_4.jpg,B2,B1,0.395
C:\Users\teflo\Desktop\Study\VLU\Comp vision\BT\Final\processed_data\test\B2\DSC02244_patch_1_2.jpg,B2,B1,0.6008
C:\Users\teflo\Desktop\Study\VLU\Comp vision\BT\Final\processed_data\test\B2\DSC02246_patch_3_3.jpg,B2,B1,0.6776
C:\Users\teflo\Desktop\Study\VLU\Comp vision\BT\Final\processed_data\test\B2\DSC02247_patch_3_5.jpg,B2,A1,0.3715
C:\Users\teflo\Desktop\Study\VLU\Comp vision\BT\Final\processed_data\test\B2\DSC02250_patch_0_2.jpg,B2,B1,0.9158
C:\Users\teflo\Desktop\Study\VLU\Comp vision\BT\Final\processed_data\test\B2\DSC02251_patch_0_0.jpg,B2,B1,0.4604
C:\Users\teflo\Desktop\Study\VLU\Comp vision\BT\Final\processed_data\test\B2\DSC02251_patch_3_5.jpg,B2,B1,0.7874
C:\Users\teflo\Desktop\Study\VLU\Comp vision\BT\Final\processed_data\test\B2\DSC02257_patch_3_0.jpg,B2,B1,0.5252
C:\Users\teflo\Desktop\Study\VLU\Comp vision\BT\Final\processed_data\test\B2\DSC02258_patch_2_4.jpg,B2,B1,0.6126
C:\Users\teflo\Desktop\Study\VLU\Comp vision\BT\Final\processed_data\test\B2\DSC02260_patch_2_3.jpg,B2,B1,0.474
C:\Users\teflo\Desktop\Study\VLU\Comp vision\BT\Final\processed_data\test\B2\DSC02262_patch_3_2.jpg,B2,B1,0.4706
C:\Users\teflo\Desktop\Study\VLU\Comp vision\BT\Final\processed_data\test\B2\DSC02264_patch_0_1.jpg,B2,B1,0.7122
C:\Users\teflo\Desktop\Study\VLU\Comp vision\BT\Final\processed_data\test\B2\DSC02267_patch_0_0.jpg,B2,A1,0.3595
C:\Users\teflo\Desktop\Study\VLU\Comp vision\BT\Final\processed_data\test\B2\DSC02267_patch_3_5.jpg,B2,B1,0.3551
C:\Users\teflo\Desktop\Study\VLU\Comp vision\BT\Final\processed_data\test\B2\DSC02269_patch_0_0.jpg,B2,B1,0.4588
C:\Users\teflo\Desktop\Study\VLU\Comp vision\BT\Final\processed_data\test\B2\DSC02269_patch_3_5.jpg,B2,A2,0.3331
C:\Users\teflo\Desktop\Study\VLU\Comp vision\BT\Final\processed_data\test\B2\DSC02270_patch_3_4.jpg,B2,A2,0.3822
C:\Users\teflo\Desktop\Study\VLU\Comp vision\BT\Final\processed_data\test\B2\DSC02272_patch_0_0.jpg,B2,A2,0.4027
C:\Users\teflo\Desktop\Study\VLU\Comp vision\BT\Final\processed_data\test\B2\DSC02273_patch_0_2.jpg,B2,A1,0.6062
C:\Users\teflo\Desktop\Study\VLU\Comp vision\BT\Final\processed_data\test\B2\DSC02274_patch_0_3.jpg,B2,B1,0.5404
C:\Users\teflo\Desktop\Study\VLU\Comp vision\BT\Final\processed_data\test\B2\DSC02275_patch_0_5.jpg,B2,B1,0.4546
C:\Users\teflo\Desktop\Study\VLU\Comp vision\BT\Final\processed_data\test\B2\DSC02276_patch_2_2.jpg,B2,A1,0.5928
C:\Users\teflo\Desktop\Study\VLU\Comp vision\BT\Final\processed_data\test\B2\DSC02277_patch_2_5.jpg,B2,A2,0.3491
C:\Users\teflo\Desktop\Study\VLU\Comp vision\BT\Final\processed_data\test\B2\DSC02279_patch_2_3.jpg,B2,B1,0.6215
C:\Users\teflo\Desktop\Study\VLU\Comp vision\BT\Final\processed_data\test\B2\DSC02280_patch_2_3.jpg,B2,B1,0.8272
C:\Users\teflo\Desktop\Study\VLU\Comp vision\BT\Final\processed_data\test\B2\DSC02283_patch_3_1.jpg,B2,A1,0.3954
C:\Users\teflo\Desktop\Study\VLU\Comp vision\BT\Final\processed_data\test\B2\DSC02284_patch_3_3.jpg,B2,A2,0.4878
C:\Users\teflo\Desktop\Study\VLU\Comp vision\BT\Final\processed_data\test\B2\DSC02285_patch_3_2.jpg,B2,A1,0.5826
C:\Users\teflo\Desktop\Study\VLU\Comp vision\BT\Final\processed_data\test\B2\DSC02286_patch_3_5.jpg,B2,A1,0.8045
C:\Users\teflo\Desktop\Study\VLU\Comp vision\BT\Final\processed_data\test\B2\DSC02296_patch_0_0.jpg,B2,B1,0.7038
C:\Users\teflo\Desktop\Study\VLU\Comp vision\BT\Final\processed_data\test\B2\DSC02301_patch_1_0.jpg,B2,B1,0.5938
C:\Users\teflo\Desktop\Study\VLU\Comp vision\BT\Final\processed_data\test\B2\DSC02306_patch_0_4.jpg,B2,A2,0.4184
C:\Users\teflo\Desktop\Study\VLU\Comp vision\BT\Final\processed_data\test\B2\DSC02308_patch_0_2.jpg,B2,B1,0.5794
C:\Users\teflo\Desktop\Study\VLU\Comp vision\BT\Final\processed_data\test\B2\DSC02309_patch_0_0.jpg,B2,B1,0.7845
C:\Users\teflo\Desktop\Study\VLU\Comp vision\BT\Final\processed_data\test\B2\DSC02309_patch_3_4.jpg,B2,B1,0.6628
C:\Users\teflo\Desktop\Study\VLU\Comp vision\BT\Final\processed_data\test\B2\DSC02310_patch_3_4.jpg,B2,A1,0.5452
C:\Users\teflo\Desktop\Study\VLU\Comp vision\BT\Final\processed_data\test\B2\DSC02311_patch_3_4.jpg,B2,B1,0.5744
C:\Users\teflo\Desktop\Study\VLU\Comp vision\BT\Final\processed_data\test\B2\DSC03143_patch_3_3.jpg,B2,B1,0.6084
C:\Users\teflo\Desktop\Study\VLU\Comp vision\BT\Final\processed_data\test\B2\DSC03144_patch_3_1.jpg,B2,A1,0.4108
C:\Users\teflo\Desktop\Study\VLU\Comp vision\BT\Final\processed_data\test\B2\DSC03145_patch_2_5.jpg,B2,A1,0.7307
C:\Users\teflo\Desktop\Study\VLU\Comp vision\BT\Final\processed_data\test\B2\DSC03146_patch_3_1.jpg,B2,B1,0.6727
C:\Users\teflo\Desktop\Study\VLU\Comp vision\BT\Final\processed_data\test\B2\DSC03147_patch_3_1.jpg,B2,B1,0.5475
C:\Users\teflo\Desktop\Study\VLU\Comp vision\BT\Final\processed_data\test\B2\DSC03148_patch_3_4.jpg,B2,B1,0.5193
C:\Users\teflo\Desktop\Study\VLU\Comp vision\BT\Final\processed_data\test\B2\DSC03149_patch_3_3.jpg,B2,B1,0.4023
C:\Users\teflo\Desktop\Study\VLU\Comp vision\BT\Final\processed_data\test\B2\DSC03152_patch_3_2.jpg,B2,B1,0.732
C:\Users\teflo\Desktop\Study\VLU\Comp vision\BT\Final\processed_data\test\B2\DSC03155_patch_3_1.jpg,B2,B1,0.894
C:\Users\teflo\Desktop\Study\VLU\Comp vision\BT\Final\processed_data\test\B2\DSC03157_patch_2_5.jpg,B2,B1,0.5308
C:\Users\teflo\Desktop\Study\VLU\Comp vision\BT\Final\processed_data\test\B2\DSC03158_patch_2_4.jpg,B2,B1,0.4751
C:\Users\teflo\Desktop\Study\VLU\Comp vision\BT\Final\processed_data\test\B2\DSC03162_patch_3_2.jpg,B2,B1,0.3862
C:\Users\teflo\Desktop\Study\VLU\Comp vision\BT\Final\processed_data\test\B2\DSC03163_patch_3_0.jpg,B2,B1,0.7278
C:\Users\teflo\Desktop\Study\VLU\Comp vision\BT\Final\processed_data\test\B2\DSC03165_patch_2_5.jpg,B2,B1,0.5472
C:\Users\teflo\Desktop\Study\VLU\Comp vision\BT\Final\processed_data\test\B2\DSC03169_patch_2_3.jpg,B2,B1,0.5846
C:\Users\teflo\Desktop\Study\VLU\Comp vision\BT\Final\processed_data\test\B2\DSC03170_patch_2_1.jpg,B2,B1,0.8077
C:\Users\teflo\Desktop\Study\VLU\Comp vision\BT\Final\processed_data\test\B2\DSC03171_patch_2_0.jpg,B2,B1,0.6843
C:\Users\teflo\Desktop\Study\VLU\Comp vision\BT\Final\processed_data\test\B2\DSC03172_patch_1_4.jpg,B2,B1,0.4969
C:\Users\teflo\Desktop\Study\VLU\Comp vision\BT\Final\processed_data\test\B2\DSC03173_patch_1_2.jpg,B2,B1,0.4567
C:\Users\teflo\Desktop\Study\VLU\Comp vision\BT\Final\processed_data\test\B2\DSC03175_patch_1_4.jpg,B2,A2,0.4237
C:\Users\teflo\Desktop\Study\VLU\Comp vision\BT\Final\processed_data\test\B2\DSC03177_patch_2_5.jpg,B2,B1,0.3989
C:\Users\teflo\Desktop\Study\VLU\Comp vision\BT\Final\processed_data\test\B2\DSC03179_patch_2_3.jpg,B2,B1,0.6346
C:\Users\teflo\Desktop\Study\VLU\Comp vision\BT\Final\processed_data\test\B2\DSC03180_patch_2_5.jpg,B2,A2,0.4453
C:\Users\teflo\Desktop\Study\VLU\Comp vision\BT\Final\processed_data\test\B2\DSC03181_patch_2_4.jpg,B2,B1,0.3581
C:\Users\teflo\Desktop\Study\VLU\Comp vision\BT\Final\processed_data\test\B2\DSC03182_patch_2_3.jpg,B2,B1,0.4471
C:\Users\teflo\Desktop\Study\VLU\Comp vision\BT\Final\processed_data\test\B2\DSC03187_patch_1_3.jpg,B2,B1,0.6578
C:\Users\teflo\Desktop\Study\VLU\Comp vision\BT\Final\processed_data\test\B2\DSC03188_patch_1_1.jpg,B2,B1,0.4655
C:\Users\teflo\Desktop\Study\VLU\Comp vision\BT\Final\processed_data\test\B2\DSC03195_patch_0_0.jpg,B2,A1,0.5993
C:\Users\teflo\Desktop\Study\VLU\Comp vision\BT\Final\processed_data\test\B2\DSC03196_patch_3_3.jpg,B2,B1,0.4564
C:\Users\teflo\Desktop\Study\VLU\Comp vision\BT\Final\processed_data\test\B2\DSC03204_patch_3_0.jpg,B2,A2,0.7928
C:\Users\teflo\Desktop\Study\VLU\Comp vision\BT\Final\processed_data\test\B2\DSC03205_patch_2_4.jpg,B2,B1,0.4071
C:\Users\teflo\Desktop\Study\VLU\Comp vision\BT\Final\processed_data\test\B2\DSC03208_patch_1_5.jpg,B2,B1,0.5259
C:\Users\teflo\Desktop\Study\VLU\Comp vision\BT\Final\processed_data\test\B2\DSC03213_patch_1_0.jpg,B2,A2,0.5008
C:\Users\teflo\Desktop\Study\VLU\Comp vision\BT\Final\processed_data\test\B2\DSC03215_patch_0_4.jpg,B2,A2,0.4325
C:\Users\teflo\Desktop\Study\VLU\Comp vision\BT\Final\processed_data\test\B2\DSC03216_patch_1_0.jpg,B2,B1,0.5296
C:\Users\teflo\Desktop\Study\VLU\Comp vision\BT\Final\processed_data\test\B2\DSC03217_patch_1_2.jpg,B2,B1,0.8052
C:\Users\teflo\Desktop\Study\VLU\Comp vision\BT\Final\processed_data\test\B2\DSC03218_patch_2_0.jpg,B2,B1,0.4941
C:\Users\teflo\Desktop\Study\VLU\Comp vision\BT\Final\processed_data\test\B2\DSC03219_patch_2_2.jpg,B2,B1,0.5187
C:\Users\teflo\Desktop\Study\VLU\Comp vision\BT\Final\processed_data\test\B2\DSC03222_patch_2_2.jpg,B2,B1,0.8414
C:\Users\teflo\Desktop\Study\VLU\Comp vision\BT\Final\processed_data\test\B2\DSC03224_patch_2_0.jpg,B2,B1,0.4654
C:\Users\teflo\Desktop\Study\VLU\Comp vision\BT\Final\processed_data\test\B2\DSC03229_patch_1_3.jpg,B2,B1,0.7797
C:\Users\teflo\Desktop\Study\VLU\Comp vision\BT\Final\processed_data\test\B2\DSC03231_patch_1_0.jpg,B2,B1,0.6731
C:\Users\teflo\Desktop\Study\VLU\Comp vision\BT\Final\processed_data\test\B2\DSC03233_patch_0_4.jpg,B2,A2,0.6062
C:\Users\teflo\Desktop\Study\VLU\Comp vision\BT\Final\processed_data\test\B2\DSC03234_patch_0_4.jpg,B2,B1,0.981
C:\Users\teflo\Desktop\Study\VLU\Comp vision\BT\Final\processed_data\test\B2\DSC03235_patch_0_2.jpg,B2,B1,0.9546
C:\Users\teflo\Desktop\Study\VLU\Comp vision\BT\Final\processed_data\test\B2\DSC03281_patch_0_0.jpg,B2,B1,0.5604
C:\Users\teflo\Desktop\Study\VLU\Comp vision\BT\Final\processed_data\test\B2\DSC03283_patch_0_0.jpg,B2,B1,0.8655
C:\Users\teflo\Desktop\Study\VLU\Comp vision\BT\Final\processed_data\test\B2\DSC03284_patch_0_0.jpg,B2,B1,0.8843
C:\Users\teflo\Desktop\Study\VLU\Comp vision\BT\Final\processed_data\test\B2\DSC03287_patch_0_1.jpg,B2,B1,0.4052
C:\Users\teflo\Desktop\Study\VLU\Comp vision\BT\Final\processed_data\test\B2\DSC03290_patch_0_1.jpg,B2,A1,0.8519
C:\Users\teflo\Desktop\Study\VLU\Comp vision\BT\Final\processed_data\test\B2\DSC03291_patch_0_2.jpg,B2,A1,0.5002
C:\Users\teflo\Desktop\Study\VLU\Comp vision\BT\Final\processed_data\test\B2\DSC03292_patch_0_2.jpg,B2,B1,0.4303
C:\Users\teflo\Desktop\Study\VLU\Comp vision\BT\Final\processed_data\test\B2\DSC03293_patch_0_1.jpg,B2,A1,0.5373
C:\Users\teflo\Desktop\Study\VLU\Comp vision\BT\Final\processed_data\test\B2\DSC03294_patch_0_1.jpg,B2,A1,0.6766
C:\Users\teflo\Desktop\Study\VLU\Comp vision\BT\Final\processed_data\test\B2\DSC03294_patch_3_5.jpg,B2,A1,0.4353
C:\Users\teflo\Desktop\Study\VLU\Comp vision\BT\Final\processed_data\test\B2\DSC03295_patch_3_3.jpg,B2,A2,0.522
C:\Users\teflo\Desktop\Study\VLU\Comp vision\BT\Final\processed_data\test\B2\DSC03296_patch_3_3.jpg,B2,A1,0.4183
C:\Users\teflo\Desktop\Study\VLU\Comp vision\BT\Final\processed_data\test\B2\DSC03297_patch_3_2.jpg,B2,A2,0.7977
C:\Users\teflo\Desktop\Study\VLU\Comp vision\BT\Final\processed_data\test\B2\DSC03298_patch_3_0.jpg,B2,B1,0.5926
C:\Users\teflo\Desktop\Study\VLU\Comp vision\BT\Final\processed_data\test\B2\DSC03299_patch_2_4.jpg,B2,B1,0.7901
C:\Users\teflo\Desktop\Study\VLU\Comp vision\BT\Final\processed_data\test\B2\DSC03300_patch_2_3.jpg,B2,A1,0.6312
C:\Users\teflo\Desktop\Study\VLU\Comp vision\BT\Final\processed_data\test\B2\DSC03301_patch_2_1.jpg,B2,B1,0.5852
C:\Users\teflo\Desktop\Study\VLU\Comp vision\BT\Final\processed_data\test\B2\DSC03302_patch_1_5.jpg,B2,B1,0.9327
C:\Users\teflo\Desktop\Study\VLU\Comp vision\BT\Final\processed_data\test\B2\DSC03303_patch_1_4.jpg,B2,B1,0.8597
C:\Users\teflo\Desktop\Study\VLU\Comp vision\BT\Final\processed_data\test\B2\DSC03304_patch_1_2.jpg,B2,A1,0.4831
C:\Users\teflo\Desktop\Study\VLU\Comp vision\BT\Final\processed_data\test\B2\DSC03306_patch_0_4.jpg,B2,B1,0.4736
C:\Users\teflo\Desktop\Study\VLU\Comp vision\BT\Final\processed_data\test\B2\DSC03307_patch_0_3.jpg,B2,B1,0.6086
C:\Users\teflo\Desktop\Study\VLU\Comp vision\BT\Final\processed_data\test\B2\DSC03308_patch_0_1.jpg,B2,B1,0.7744
C:\Users\teflo\Desktop\Study\VLU\Comp vision\BT\Final\processed_data\test\B2\DSC03308_patch_3_5.jpg,B2,A1,0.4786
C:\Users\teflo\Desktop\Study\VLU\Comp vision\BT\Final\processed_data\test\B2\DSC03309_patch_3_3.jpg,B2,B1,0.5134
C:\Users\teflo\Desktop\Study\VLU\Comp vision\BT\Final\processed_data\test\B2\DSC03310_patch_3_2.jpg,B2,B1,0.3895
C:\Users\teflo\Desktop\Study\VLU\Comp vision\BT\Final\processed_data\test\B2\DSC03311_patch_3_0.jpg,B2,A1,0.48
C:\Users\teflo\Desktop\Study\VLU\Comp vision\BT\Final\processed_data\test\B2\DSC03313_patch_2_4.jpg,B2,B1,0.6817
C:\Users\teflo\Desktop\Study\VLU\Comp vision\BT\Final\processed_data\test\B2\DSC03315_patch_2_2.jpg,B2,A1,0.5106
C:\Users\teflo\Desktop\Study\VLU\Comp vision\BT\Final\processed_data\test\B2\DSC03316_patch_2_1.jpg,B2,B1,0.5872
C:\Users\teflo\Desktop\Study\VLU\Comp vision\BT\Final\processed_data\test\B2\DSC03317_patch_1_5.jpg,B2,A1,0.5066
C:\Users\teflo\Desktop\Study\VLU\Comp vision\BT\Final\processed_data\test\B2\DSC03318_patch_1_3.jpg,B2,B1,0.5666
C:\Users\teflo\Desktop\Study\VLU\Comp vision\BT\Final\processed_data\test\B2\DSC03319_patch_1_2.jpg,B2,B1,0.8546
C:\Users\teflo\Desktop\Study\VLU\Comp vision\BT\Final\processed_data\test\B2\DSC03320_patch_1_0.jpg,B2,B1,0.4441
C:\Users\teflo\Desktop\Study\VLU\Comp vision\BT\Final\processed_data\test\B2\DSC03321_patch_0_4.jpg,B2,A1,0.6419
C:\Users\teflo\Desktop\Study\VLU\Comp vision\BT\Final\processed_data\test\B2\DSC03322_patch_0_2.jpg,B2,A2,0.3354
C:\Users\teflo\Desktop\Study\VLU\Comp vision\BT\Final\processed_data\test\B2\DSC03324_patch_0_2.jpg,B2,A2,0.3442
C:\Users\teflo\Desktop\Study\VLU\Comp vision\BT\Final\processed_data\test\B2\DSC03325_patch_0_0.jpg,B2,A1,0.4928
C:\Users\teflo\Desktop\Study\VLU\Comp vision\BT\Final\processed_data\test\B2\DSC03326_patch_3_2.jpg,B2,B1,0.9738
C:\Users\teflo\Desktop\Study\VLU\Comp vision\BT\Final\processed_data\test\B2\DSC03327_patch_3_1.jpg,B2,B1,0.9003
C:\Users\teflo\Desktop\Study\VLU\Comp vision\BT\Final\processed_data\test\B2\DSC03328_patch_2_5.jpg,B2,B1,0.5084
C:\Users\teflo\Desktop\Study\VLU\Comp vision\BT\Final\processed_data\test\B2\DSC03329_patch_2_4.jpg,B2,A1,0.6297
C:\Users\teflo\Desktop\Study\VLU\Comp vision\BT\Final\processed_data\test\B2\DSC03330_patch_2_4.jpg,B2,A1,0.4801
C:\Users\teflo\Desktop\Study\VLU\Comp vision\BT\Final\processed_data\test\B2\DSC03331_patch_2_2.jpg,B2,A2,0.4096
C:\Users\teflo\Desktop\Study\VLU\Comp vision\BT\Final\processed_data\test\B2\DSC03332_patch_2_0.jpg,B2,B1,0.7989
C:\Users\teflo\Desktop\Study\VLU\Comp vision\BT\Final\processed_data\test\B2\DSC03334_patch_1_4.jpg,B2,B1,0.4444
C:\Users\teflo\Desktop\Study\VLU\Comp vision\BT\Final\processed_data\test\B2\DSC03336_patch_1_3.jpg,B2,B1,0.7789
C:\Users\teflo\Desktop\Study\VLU\Comp vision\BT\Final\processed_data\test\B2\DSC03337_patch_1_2.jpg,B2,B1,0.7662
C:\Users\teflo\Desktop\Study\VLU\Comp vision\BT\Final\processed_data\test\B2\DSC03341_patch_1_1.jpg,B2,B1,0.6881
C:\Users\teflo\Desktop\Study\VLU\Comp vision\BT\Final\processed_data\test\B2\DSC03342_patch_1_2.jpg,B2,B1,0.6284
C:\Users\teflo\Desktop\Study\VLU\Comp vision\BT\Final\processed_data\test\B2\DSC03343_patch_1_3.jpg,B2,A2,0.7354
C:\Users\teflo\Desktop\Study\VLU\Comp vision\BT\Final\processed_data\test\B2\DSC03345_patch_1_3.jpg,B2,B1,0.7011
C:\Users\teflo\Desktop\Study\VLU\Comp vision\BT\Final\processed_data\test\B2\DSC03346_patch_1_1.jpg,B2,B1,0.8287
C:\Users\teflo\Desktop\Study\VLU\Comp vision\BT\Final\processed_data\test\B2\DSC03348_patch_1_0.jpg,B2,B1,0.9022
C:\Users\teflo\Desktop\Study\VLU\Comp vision\BT\Final\processed_data\test\B2\DSC03349_patch_0_4.jpg,B2,A2,0.5656
C:\Users\teflo\Desktop\Study\VLU\Comp vision\BT\Final\processed_data\test\B2\DSC03350_patch_0_2.jpg,B2,B1,0.5049
C:\Users\teflo\Desktop\Study\VLU\Comp vision\BT\Final\processed_data\test\B2\DSC03351_patch_0_1.jpg,B2,B1,0.6466
C:\Users\teflo\Desktop\Study\VLU\Comp vision\BT\Final\processed_data\test\B2\DSC03352_patch_3_3.jpg,B2,B1,0.8472
C:\Users\teflo\Desktop\Study\VLU\Comp vision\BT\Final\processed_data\test\B2\DSC03353_patch_3_1.jpg,B2,B1,0.8726
C:\Users\teflo\Desktop\Study\VLU\Comp vision\BT\Final\processed_data\test\B2\DSC03354_patch_3_2.jpg,B2,B1,0.3925
C:\Users\teflo\Desktop\Study\VLU\Comp vision\BT\Final\processed_data\test\B2\DSC03357_patch_3_0.jpg,B2,B1,0.8511
C:\Users\teflo\Desktop\Study\VLU\Comp vision\BT\Final\processed_data\test\B2\DSC03358_patch_3_0.jpg,B2,B1,0.7242
C:\Users\teflo\Desktop\Study\VLU\Comp vision\BT\Final\processed_data\test\B2\DSC03359_patch_2_4.jpg,B2,B1,0.9353
C:\Users\teflo\Desktop\Study\VLU\Comp vision\BT\Final\processed_data\test\B2\DSC03360_patch_2_3.jpg,B2,B1,0.8075
C:\Users\teflo\Desktop\Study\VLU\Comp vision\BT\Final\processed_data\test\B2\DSC03361_patch_2_1.jpg,B2,B1,0.8765
C:\Users\teflo\Desktop\Study\VLU\Comp vision\BT\Final\processed_data\test\B2\DSC03363_patch_1_5.jpg,B2,B1,0.7476
C:\Users\teflo\Desktop\Study\VLU\Comp vision\BT\Final\processed_data\test\B2\DSC03364_patch_2_1.jpg,B2,B1,0.4698
C:\Users\teflo\Desktop\Study\VLU\Comp vision\BT\Final\processed_data\test\B2\DSC03366_patch_3_1.jpg,B2,B1,0.8045
C:\Users\teflo\Desktop\Study\VLU\Comp vision\BT\Final\processed_data\test\B2\DSC03367_patch_3_3.jpg,B2,A2,0.4362
C:\Users\teflo\Desktop\Study\VLU\Comp vision\BT\Final\processed_data\test\B2\DSC03370_patch_0_0.jpg,B2,A1,0.7112
C:\Users\teflo\Desktop\Study\VLU\Comp vision\BT\Final\processed_data\test\B2\DSC03372_patch_0_4.jpg,B2,B1,0.5182
C:\Users\teflo\Desktop\Study\VLU\Comp vision\BT\Final\processed_data\test\B2\DSC03373_patch_0_3.jpg,B2,B1,0.5254
C:\Users\teflo\Desktop\Study\VLU\Comp vision\BT\Final\processed_data\test\B2\DSC03374_patch_0_2.jpg,B2,B1,0.8508
C:\Users\teflo\Desktop\Study\VLU\Comp vision\BT\Final\processed_data\test\B2\DSC03375_patch_0_1.jpg,B2,A2,0.5507
C:\Users\teflo\Desktop\Study\VLU\Comp vision\BT\Final\processed_data\test\B2\DSC03376_patch_0_0.jpg,B2,A2,0.6312
C:\Users\teflo\Desktop\Study\VLU\Comp vision\BT\Final\processed_data\test\B2\DSC03376_patch_3_4.jpg,B2,B1,0.4827
C:\Users\teflo\Desktop\Study\VLU\Comp vision\BT\Final\processed_data\test\B2\DSC03377_patch_3_2.jpg,B2,B1,0.6492
C:\Users\teflo\Desktop\Study\VLU\Comp vision\BT\Final\processed_data\test\B2\DSC03378_patch_3_0.jpg,B2,B1,0.4981
C:\Users\teflo\Desktop\Study\VLU\Comp vision\BT\Final\processed_data\test\B2\DSC03379_patch_2_5.jpg,B2,B1,0.5448
C:\Users\teflo\Desktop\Study\VLU\Comp vision\BT\Final\processed_data\test\B2\DSC03380_patch_2_3.jpg,B2,B1,0.4842
C:\Users\teflo\Desktop\Study\VLU\Comp vision\BT\Final\processed_data\test\B2\DSC03381_patch_2_1.jpg,B2,A2,0.6352
C:\Users\teflo\Desktop\Study\VLU\Comp vision\BT\Final\processed_data\test\B2\DSC03382_patch_1_5.jpg,B2,A2,0.57
C:\Users\teflo\Desktop\Study\VLU\Comp vision\BT\Final\processed_data\test\B2\DSC03383_patch_1_4.jpg,B2,B1,0.8413
C:\Users\teflo\Desktop\Study\VLU\Comp vision\BT\Final\processed_data\test\B2\DSC03384_patch_1_5.jpg,B2,B1,0.6764
C:\Users\teflo\Desktop\Study\VLU\Comp vision\BT\Final\processed_data\test\B2\DSC03385_patch_2_1.jpg,B2,B1,0.6699
C:\Users\teflo\Desktop\Study\VLU\Comp vision\BT\Final\processed_data\test\B2\DSC03386_patch_2_1.jpg,B2,B1,0.7585
C:\Users\teflo\Desktop\Study\VLU\Comp vision\BT\Final\processed_data\test\B2\DSC03387_patch_2_0.jpg,B2,B1,0.4166
C:\Users\teflo\Desktop\Study\VLU\Comp vision\BT\Final\processed_data\test\B2\DSC03389_patch_1_4.jpg,B2,A2,0.5678
C:\Users\teflo\Desktop\Study\VLU\Comp vision\BT\Final\processed_data\test\B2\DSC03390_patch_1_4.jpg,B2,B1,0.7621
C:\Users\teflo\Desktop\Study\VLU\Comp vision\BT\Final\processed_data\test\B2\DSC03391_patch_1_4.jpg,B2,B1,0.8079
C:\Users\teflo\Desktop\Study\VLU\Comp vision\BT\Final\processed_data\test\B2\DSC03395_patch_1_3.jpg,B2,B1,0.8185
C:\Users\teflo\Desktop\Study\VLU\Comp vision\BT\Final\processed_data\test\B2\DSC03398_patch_1_1.jpg,B2,B1,0.8728
C:\Users\teflo\Desktop\Study\VLU\Comp vision\BT\Final\processed_data\test\B2\DSC03399_patch_0_5.jpg,B2,A1,0.7423
C:\Users\teflo\Desktop\Study\VLU\Comp vision\BT\Final\processed_data\test\B2\DSC03400_patch_0_4.jpg,B2,B1,0.7654
C:\Users\teflo\Desktop\Study\VLU\Comp vision\BT\Final\processed_data\test\B2\DSC03401_patch_0_2.jpg,B2,A1,0.4823
C:\Users\teflo\Desktop\Study\VLU\Comp vision\BT\Final\processed_data\test\B2\DSC03402_patch_0_0.jpg,B2,B1,0.5026
C:\Users\teflo\Desktop\Study\VLU\Comp vision\BT\Final\processed_data\test\B2\DSC03402_patch_3_5.jpg,B2,B1,0.6453
C:\Users\teflo\Desktop\Study\VLU\Comp vision\BT\Final\processed_data\test\B2\DSC03403_patch_3_3.jpg,B2,B1,0.4055
C:\Users\teflo\Desktop\Study\VLU\Comp vision\BT\Final\processed_data\test\B2\DSC03404_patch_3_2.jpg,B2,B1,0.5677
C:\Users\teflo\Desktop\Study\VLU\Comp vision\BT\Final\processed_data\test\B2\DSC03405_patch_3_0.jpg,B2,B1,0.7953
C:\Users\teflo\Desktop\Study\VLU\Comp vision\BT\Final\processed_data\test\B2\DSC03407_patch_2_5.jpg,B2,B1,0.3823
C:\Users\teflo\Desktop\Study\VLU\Comp vision\BT\Final\processed_data\test\B2\DSC03409_patch_2_1.jpg,B2,A2,0.3397
C:\Users\teflo\Desktop\Study\VLU\Comp vision\BT\Final\processed_data\test\B2\DSC03410_patch_1_5.jpg,B2,B1,0.7843
C:\Users\teflo\Desktop\Study\VLU\Comp vision\BT\Final\processed_data\test\B2\DSC03411_patch_1_4.jpg,B2,B1,0.7708
C:\Users\teflo\Desktop\Study\VLU\Comp vision\BT\Final\processed_data\test\B2\DSC03412_patch_1_2.jpg,B2,B1,0.9297
C:\Users\teflo\Desktop\Study\VLU\Comp vision\BT\Final\processed_data\test\B2\DSC03413_patch_1_0.jpg,B2,B1,0.894
C:\Users\teflo\Desktop\Study\VLU\Comp vision\BT\Final\processed_data\test\B2\DSC03414_patch_0_4.jpg,B2,B1,0.8595
C:\Users\teflo\Desktop\Study\VLU\Comp vision\BT\Final\processed_data\test\B2\DSC03416_patch_0_4.jpg,B2,B1,0.6628
C:\Users\teflo\Desktop\Study\VLU\Comp vision\BT\Final\processed_data\test\B2\DSC03421_patch_0_1.jpg,B2,B1,0.7365
C:\Users\teflo\Desktop\Study\VLU\Comp vision\BT\Final\processed_data\test\B2\DSC03422_patch_0_0.jpg,B2,B1,0.9446
C:\Users\teflo\Desktop\Study\VLU\Comp vision\BT\Final\processed_data\test\B2\DSC03422_patch_3_5.jpg,B2,B1,0.6494
C:\Users\teflo\Desktop\Study\VLU\Comp vision\BT\Final\processed_data\test\B2\DSC03425_patch_3_3.jpg,B2,B1,0.8192
C:\Users\teflo\Desktop\Study\VLU\Comp vision\BT\Final\processed_data\test\B2\DSC03428_patch_3_0.jpg,B2,B1,0.8788
C:\Users\teflo\Desktop\Study\VLU\Comp vision\BT\Final\processed_data\test\B2\DSC03431_patch_3_0.jpg,B2,B1,0.8785
C:\Users\teflo\Desktop\Study\VLU\Comp vision\BT\Final\processed_data\test\B2\DSC03432_patch_3_0.jpg,B2,B1,0.6373
C:\Users\teflo\Desktop\Study\VLU\Comp vision\BT\Final\processed_data\test\B2\DSC03433_patch_2_5.jpg,B2,B1,0.7116
C:\Users\teflo\Desktop\Study\VLU\Comp vision\BT\Final\processed_data\test\B2\DSC03434_patch_2_5.jpg,B2,A2,0.6176
C:\Users\teflo\Desktop\Study\VLU\Comp vision\BT\Final\processed_data\test\B2\DSC03435_patch_2_4.jpg,B2,B1,0.5173
C:\Users\teflo\Desktop\Study\VLU\Comp vision\BT\Final\processed_data\test\B2\DSC03436_patch_2_4.jpg,B2,A2,0.3381
C:\Users\teflo\Desktop\Study\VLU\Comp vision\BT\Final\processed_data\test\B2\DSC03437_patch_2_3.jpg,B2,B1,0.8276
C:\Users\teflo\Desktop\Study\VLU\Comp vision\BT\Final\processed_data\test\B2\DSC03442_patch_2_0.jpg,B2,B1,0.8697
C:\Users\teflo\Desktop\Study\VLU\Comp vision\BT\Final\processed_data\test\B2\DSC03443_patch_1_4.jpg,B2,B1,0.9845
C:\Users\teflo\Desktop\Study\VLU\Comp vision\BT\Final\processed_data\test\B2\DSC03445_patch_1_3.jpg,B2,B1,0.6885
C:\Users\teflo\Desktop\Study\VLU\Comp vision\BT\Final\processed_data\test\B2\DSC03446_patch_1_3.jpg,B2,B1,0.8886
C:\Users\teflo\Desktop\Study\VLU\Comp vision\BT\Final\processed_data\test\B2\DSC03447_patch_1_3.jpg,B2,B1,0.6048
C:\Users\teflo\Desktop\Study\VLU\Comp vision\BT\Final\processed_data\test\B2\DSC03448_patch_1_2.jpg,B2,B1,0.6059
C:\Users\teflo\Desktop\Study\VLU\Comp vision\BT\Final\processed_data\test\B2\DSC03451_patch_1_2.jpg,B2,A1,0.6146
C:\Users\teflo\Desktop\Study\VLU\Comp vision\BT\Final\processed_data\test\B2\DSC03453_patch_1_1.jpg,B2,A1,0.5045
C:\Users\teflo\Desktop\Study\VLU\Comp vision\BT\Final\processed_data\test\B2\DSC03454_patch_1_0.jpg,B2,A1,0.5319
C:\Users\teflo\Desktop\Study\VLU\Comp vision\BT\Final\processed_data\test\B2\DSC03455_patch_0_5.jpg,B2,B1,0.9018
C:\Users\teflo\Desktop\Study\VLU\Comp vision\BT\Final\processed_data\test\B2\DSC03456_patch_0_5.jpg,B2,B1,0.7123
C:\Users\teflo\Desktop\Study\VLU\Comp vision\BT\Final\processed_data\test\B2\DSC03458_patch_0_1.jpg,B2,B1,0.9289
C:\Users\teflo\Desktop\Study\VLU\Comp vision\BT\Final\processed_data\test\B2\DSC03458_patch_3_5.jpg,B2,B1,0.7859
C:\Users\teflo\Desktop\Study\VLU\Comp vision\BT\Final\processed_data\test\B2\DSC03459_patch_3_4.jpg,B2,B1,0.8082
C:\Users\teflo\Desktop\Study\VLU\Comp vision\BT\Final\processed_data\test\B2\DSC03460_patch_3_2.jpg,B2,A2,0.602
C:\Users\teflo\Desktop\Study\VLU\Comp vision\BT\Final\processed_data\test\B2\DSC03462_patch_3_0.jpg,B2,B1,0.7537
C:\Users\teflo\Desktop\Study\VLU\Comp vision\BT\Final\processed_data\test\B2\DSC03463_patch_2_5.jpg,B2,B1,0.5601
C:\Users\teflo\Desktop\Study\VLU\Comp vision\BT\Final\processed_data\test\B2\DSC03466_patch_2_3.jpg,B2,B1,0.4487
C:\Users\teflo\Desktop\Study\VLU\Comp vision\BT\Final\processed_data\test\B2\DSC03467_patch_2_3.jpg,B2,B1,0.4109
C:\Users\teflo\Desktop\Study\VLU\Comp vision\BT\Final\processed_data\test\B2\DSC03468_patch_2_2.jpg,B2,B1,0.7776
C:\Users\teflo\Desktop\Study\VLU\Comp vision\BT\Final\processed_data\test\B2\DSC03470_patch_2_1.jpg,B2,B1,0.867
C:\Users\teflo\Desktop\Study\VLU\Comp vision\BT\Final\processed_data\test\B2\DSC03471_patch_1_5.jpg,B2,B1,0.4687
C:\Users\teflo\Desktop\Study\VLU\Comp vision\BT\Final\processed_data\test\B2\DSC03472_patch_1_3.jpg,B2,B1,0.9116
C:\Users\teflo\Desktop\Study\VLU\Comp vision\BT\Final\processed_data\test\B2\DSC03474_patch_1_1.jpg,B2,B1,0.7697
C:\Users\teflo\Desktop\Study\VLU\Comp vision\BT\Final\processed_data\test\B2\DSC03475_patch_1_0.jpg,B2,B1,0.8371
C:\Users\teflo\Desktop\Study\VLU\Comp vision\BT\Final\processed_data\test\B2\DSC03477_patch_1_2.jpg,B2,B1,0.5198
C:\Users\teflo\Desktop\Study\VLU\Comp vision\BT\Final\processed_data\test\B2\DSC03478_patch_1_3.jpg,B2,A1,0.4476
C:\Users\teflo\Desktop\Study\VLU\Comp vision\BT\Final\processed_data\test\B2\DSC03479_patch_1_4.jpg,B2,B1,0.7913
C:\Users\teflo\Desktop\Study\VLU\Comp vision\BT\Final\processed_data\test\B2\DSC03480_patch_1_3.jpg,B2,B1,0.8233
C:\Users\teflo\Desktop\Study\VLU\Comp vision\BT\Final\processed_data\test\B2\DSC03481_patch_1_3.jpg,B2,B1,0.5617
C:\Users\teflo\Desktop\Study\VLU\Comp vision\BT\Final\processed_data\test\B2\DSC03484_patch_1_2.jpg,B2,B1,0.4928
C:\Users\teflo\Desktop\Study\VLU\Comp vision\BT\Final\processed_data\test\B2\DSC03485_patch_1_1.jpg,B2,B1,0.8059
C:\Users\teflo\Desktop\Study\VLU\Comp vision\BT\Final\processed_data\test\B2\DSC03486_patch_0_5.jpg,B2,B1,0.931
C:\Users\teflo\Desktop\Study\VLU\Comp vision\BT\Final\processed_data\test\B2\DSC03487_patch_0_3.jpg,B2,B1,0.9229
C:\Users\teflo\Desktop\Study\VLU\Comp vision\BT\Final\processed_data\test\B2\DSC03488_patch_0_1.jpg,B2,B1,0.9211
C:\Users\teflo\Desktop\Study\VLU\Comp vision\BT\Final\processed_data\test\B2\DSC03489_patch_0_0.jpg,B2,B1,0.9324
C:\Users\teflo\Desktop\Study\VLU\Comp vision\BT\Final\processed_data\test\B2\DSC03489_patch_3_4.jpg,B2,B1,0.7547
C:\Users\teflo\Desktop\Study\VLU\Comp vision\BT\Final\processed_data\test\B2\DSC03490_patch_3_2.jpg,B2,B1,0.5736
C:\Users\teflo\Desktop\Study\VLU\Comp vision\BT\Final\processed_data\test\B2\DSC03491_patch_3_1.jpg,B2,A1,0.6921
C:\Users\teflo\Desktop\Study\VLU\Comp vision\BT\Final\processed_data\test\B2\DSC03493_patch_3_0.jpg,B2,A1,0.5562
C:\Users\teflo\Desktop\Study\VLU\Comp vision\BT\Final\processed_data\test\B2\DSC03495_patch_2_3.jpg,B2,B1,0.6178
C:\Users\teflo\Desktop\Study\VLU\Comp vision\BT\Final\processed_data\test\B2\DSC03496_patch_2_3.jpg,B2,B1,0.8255
C:\Users\teflo\Desktop\Study\VLU\Comp vision\BT\Final\processed_data\test\B2\DSC03498_patch_2_2.jpg,B2,B1,0.6214
C:\Users\teflo\Desktop\Study\VLU\Comp vision\BT\Final\processed_data\test\B2\DSC03500_patch_2_1.jpg,B2,B1,0.6395
C:\Users\teflo\Desktop\Study\VLU\Comp vision\BT\Final\processed_data\test\B2\DSC03501_patch_2_0.jpg,B2,A1,0.6297
C:\Users\teflo\Desktop\Study\VLU\Comp vision\BT\Final\processed_data\test\B2\DSC03502_patch_1_5.jpg,B2,B1,0.4847
C:\Users\teflo\Desktop\Study\VLU\Comp vision\BT\Final\processed_data\test\B2\DSC03503_patch_1_3.jpg,B2,B1,0.7319
C:\Users\teflo\Desktop\Study\VLU\Comp vision\BT\Final\processed_data\test\B2\DSC03504_patch_1_1.jpg,B2,A1,0.6951
C:\Users\teflo\Desktop\Study\VLU\Comp vision\BT\Final\processed_data\test\B2\DSC03505_patch_1_1.jpg,B2,B1,0.6624
C:\Users\teflo\Desktop\Study\VLU\Comp vision\BT\Final\processed_data\test\B2\DSC03506_patch_1_5.jpg,B2,A1,0.6196
C:\Users\teflo\Desktop\Study\VLU\Comp vision\BT\Final\processed_data\test\B2\DSC03507_patch_1_3.jpg,B2,B1,0.5372
C:\Users\teflo\Desktop\Study\VLU\Comp vision\BT\Final\processed_data\test\B2\DSC03508_patch_1_4.jpg,B2,A1,0.4709
C:\Users\teflo\Desktop\Study\VLU\Comp vision\BT\Final\processed_data\test\B2\DSC04208_patch_3_5.jpg,B2,B1,0.3826
C:\Users\teflo\Desktop\Study\VLU\Comp vision\BT\Final\processed_data\test\B2\DSC04212_patch_3_5.jpg,B2,B1,0.6058
C:\Users\teflo\Desktop\Study\VLU\Comp vision\BT\Final\processed_data\test\B2\DSC04214_patch_3_1.jpg,B2,B1,0.554
C:\Users\teflo\Desktop\Study\VLU\Comp vision\BT\Final\processed_data\test\B2\DSC07102_patch_3_1.jpg,B2,A2,0.6668
C:\Users\teflo\Desktop\Study\VLU\Comp vision\BT\Final\processed_data\test\B2\DSC07103_patch_3_1.jpg,B2,A2,0.5793
C:\Users\teflo\Desktop\Study\VLU\Comp vision\BT\Final\processed_data\test\B2\DSC07104_patch_2_5.jpg,B2,A2,0.8512
C:\Users\teflo\Desktop\Study\VLU\Comp vision\BT\Final\processed_data\test\B2\DSC07105_patch_2_3.jpg,B2,A2,0.6849
C:\Users\teflo\Desktop\Study\VLU\Comp vision\BT\Final\processed_data\test\B2\DSC07106_patch_2_1.jpg,B2,A2,0.7717
C:\Users\teflo\Desktop\Study\VLU\Comp vision\BT\Final\processed_data\test\B2\DSC07107_patch_2_0.jpg,B2,B1,0.5268
C:\Users\teflo\Desktop\Study\VLU\Comp vision\BT\Final\processed_data\test\B2\DSC07108_patch_1_4.jpg,B2,A2,0.6514
C:\Users\teflo\Desktop\Study\VLU\Comp vision\BT\Final\processed_data\test\B2\DSC07109_patch_1_3.jpg,B2,B1,0.7262
C:\Users\teflo\Desktop\Study\VLU\Comp vision\BT\Final\processed_data\test\B2\DSC07110_patch_1_2.jpg,B2,A2,0.6732
C:\Users\teflo\Desktop\Study\VLU\Comp vision\BT\Final\processed_data\test\B2\DSC07111_patch_1_1.jpg,B2,A2,0.7461
C:\Users\teflo\Desktop\Study\VLU\Comp vision\BT\Final\processed_data\test\B2\DSC07114_patch_0_3.jpg,B2,A2,0.837
C:\Users\teflo\Desktop\Study\VLU\Comp vision\BT\Final\processed_data\test\B2\DSC07115_patch_0_2.jpg,B2,A2,0.6661
C:\Users\teflo\Desktop\Study\VLU\Comp vision\BT\Final\processed_data\test\B2\DSC07116_patch_0_0.jpg,B2,A2,0.6659
C:\Users\teflo\Desktop\Study\VLU\Comp vision\BT\Final\processed_data\test\B2\DSC07116_patch_3_4.jpg,B2,A2,0.6871
C:\Users\teflo\Desktop\Study\VLU\Comp vision\BT\Final\processed_data\test\B2\DSC07117_patch_3_4.jpg,B2,A2,0.8609
C:\Users\teflo\Desktop\Study\VLU\Comp vision\BT\Final\processed_data\test\B2\DSC07118_patch_3_3.jpg,B2,A2,0.6731
C:\Users\teflo\Desktop\Study\VLU\Comp vision\BT\Final\processed_data\test\B2\DSC07120_patch_3_1.jpg,B2,B1,0.9232
C:\Users\teflo\Desktop\Study\VLU\Comp vision\BT\Final\processed_data\test\B2\DSC07123_patch_2_5.jpg,B2,A1,0.6638
C:\Users\teflo\Desktop\Study\VLU\Comp vision\BT\Final\processed_data\test\B2\DSC07124_patch_2_3.jpg,B2,B1,0.5484
C:\Users\teflo\Desktop\Study\VLU\Comp vision\BT\Final\processed_data\test\B2\DSC07125_patch_2_2.jpg,B2,A2,0.8917
C:\Users\teflo\Desktop\Study\VLU\Comp vision\BT\Final\processed_data\test\B2\DSC07126_patch_2_0.jpg,B2,A2,0.4341
C:\Users\teflo\Desktop\Study\VLU\Comp vision\BT\Final\processed_data\test\B2\DSC07130_patch_1_4.jpg,B2,A2,0.4824
C:\Users\teflo\Desktop\Study\VLU\Comp vision\BT\Final\processed_data\test\B2\DSC07131_patch_1_3.jpg,B2,A2,0.4405
C:\Users\teflo\Desktop\Study\VLU\Comp vision\BT\Final\processed_data\test\B2\DSC07132_patch_1_1.jpg,B2,A2,0.6679
C:\Users\teflo\Desktop\Study\VLU\Comp vision\BT\Final\processed_data\test\B2\DSC07133_patch_0_5.jpg,B2,A2,0.4782
C:\Users\teflo\Desktop\Study\VLU\Comp vision\BT\Final\processed_data\test\B2\DSC08413_patch_0_3.jpg,B2,A2,0.6051
C:\Users\teflo\Desktop\Study\VLU\Comp vision\BT\Final\processed_data\test\B2\DSC08414_patch_0_2.jpg,B2,B1,0.5754
C:\Users\teflo\Desktop\Study\VLU\Comp vision\BT\Final\processed_data\test\B2\DSC08417_patch_0_0.jpg,B2,B1,0.7551
C:\Users\teflo\Desktop\Study\VLU\Comp vision\BT\Final\processed_data\test\B2\DSC08417_patch_3_4.jpg,B2,A2,0.8373
C:\Users\teflo\Desktop\Study\VLU\Comp vision\BT\Final\processed_data\test\B2\DSC08419_patch_3_2.jpg,B2,A2,0.4974
C:\Users\teflo\Desktop\Study\VLU\Comp vision\BT\Final\processed_data\test\B2\DSC08569_patch_1_1.jpg,B2,A2,0.814
C:\Users\teflo\Desktop\Study\VLU\Comp vision\BT\Final\processed_data\test\B2\DSC08570_patch_1_3.jpg,B2,A2,0.9355
C:\Users\teflo\Desktop\Study\VLU\Comp vision\BT\Final\processed_data\test\B2\DSC08577_patch_1_4.jpg,B2,A2,0.6431
C:\Users\teflo\Desktop\Study\VLU\Comp vision\BT\Final\processed_data\test\B2\DSC08578_patch_1_3.jpg,B2,A2,0.8195
C:\Users\teflo\Desktop\Study\VLU\Comp vision\BT\Final\processed_data\test\B2\DSC08589_patch_1_2.jpg,B2,A2,0.8214
C:\Users\teflo\Desktop\Study\VLU\Comp vision\BT\Final\processed_data\test\B2\DSC08591_patch_2_0.jpg,B2,A2,0.834
C:\Users\teflo\Desktop\Study\VLU\Comp vision\BT\Final\processed_data\test\B2\DSC08593_patch_1_5.jpg,B2,A2,0.6709
C:\Users\teflo\Desktop\Study\VLU\Comp vision\BT\Final\processed_data\test\B2\DSC08660_patch_1_3.jpg,B2,A2,0.7549
C:\Users\teflo\Desktop\Study\VLU\Comp vision\BT\Final\processed_data\test\B2\DSC08666_patch_1_1.jpg,B2,A1,0.708
C:\Users\teflo\Desktop\Study\VLU\Comp vision\BT\Final\processed_data\test\B2\DSC08667_patch_0_5.jpg,B2,A1,0.5852
C:\Users\teflo\Desktop\Study\VLU\Comp vision\BT\Final\processed_data\test\B2\DSC08668_patch_0_4.jpg,B2,A2,0.8004
C:\Users\teflo\Desktop\Study\VLU\Comp vision\BT\Final\processed_data\test\B2\DSC08670_patch_0_0.jpg,B2,A1,0.5496
C:\Users\teflo\Desktop\Study\VLU\Comp vision\BT\Final\processed_data\test\B2\DSC08670_patch_3_4.jpg,B2,A1,0.3409
C:\Users\teflo\Desktop\Study\VLU\Comp vision\BT\Final\processed_data\test\B2\DSC08671_patch_3_3.jpg,B2,B1,0.3724
C:\Users\teflo\Desktop\Study\VLU\Comp vision\BT\Final\processed_data\test\B2\DSC08672_patch_3_1.jpg,B2,A2,0.755
C:\Users\teflo\Desktop\Study\VLU\Comp vision\BT\Final\processed_data\test\B2\DSC08673_patch_3_4.jpg,B2,A2,0.8378
C:\Users\teflo\Desktop\Study\VLU\Comp vision\BT\Final\processed_data\test\B2\DSC08674_patch_3_2.jpg,B2,A2,0.4635
C:\Users\teflo\Desktop\Study\VLU\Comp vision\BT\Final\processed_data\test\B2\DSC08675_patch_3_1.jpg,B2,A2,0.7562
C:\Users\teflo\Desktop\Study\VLU\Comp vision\BT\Final\processed_data\test\B2\DSC08676_patch_3_1.jpg,B2,A2,0.6361
C:\Users\teflo\Desktop\Study\VLU\Comp vision\BT\Final\processed_data\test\B2\DSC08677_patch_2_5.jpg,B2,A2,0.6419
C:\Users\teflo\Desktop\Study\VLU\Comp vision\BT\Final\processed_data\test\B2\DSC08678_patch_2_4.jpg,B2,A2,0.99
C:\Users\teflo\Desktop\Study\VLU\Comp vision\BT\Final\processed_data\test\B2\DSC08679_patch_2_2.jpg,B2,A2,0.9203
C:\Users\teflo\Desktop\Study\VLU\Comp vision\BT\Final\processed_data\test\B2\DSC08680_patch_2_0.jpg,B2,A2,0.62
C:\Users\teflo\Desktop\Study\VLU\Comp vision\BT\Final\processed_data\test\B2\DSC08681_patch_1_4.jpg,B2,A2,0.7881
C:\Users\teflo\Desktop\Study\VLU\Comp vision\BT\Final\processed_data\test\B2\DSC08682_patch_1_3.jpg,B2,B1,0.6639
C:\Users\teflo\Desktop\Study\VLU\Comp vision\BT\Final\processed_data\test\B2\DSC08684_patch_1_1.jpg,B2,A2,0.8305
C:\Users\teflo\Desktop\Study\VLU\Comp vision\BT\Final\processed_data\test\B2\DSC08685_patch_1_0.jpg,B2,A2,0.4698
C:\Users\teflo\Desktop\Study\VLU\Comp vision\BT\Final\processed_data\test\B2\DSC08686_patch_0_5.jpg,B2,A2,0.658
C:\Users\teflo\Desktop\Study\VLU\Comp vision\BT\Final\processed_data\test\B2\DSC08687_patch_1_2.jpg,B2,A2,0.4248
C:\Users\teflo\Desktop\Study\VLU\Comp vision\BT\Final\processed_data\test\B2\DSC08688_patch_1_0.jpg,B2,A2,0.4621
C:\Users\teflo\Desktop\Study\VLU\Comp vision\BT\Final\processed_data\test\B2\DSC08692_patch_0_4.jpg,B2,A2,0.7573
C:\Users\teflo\Desktop\Study\VLU\Comp vision\BT\Final\processed_data\test\B2\DSC08693_patch_0_3.jpg,B2,A2,0.8058
C:\Users\teflo\Desktop\Study\VLU\Comp vision\BT\Final\processed_data\test\B2\DSC08696_patch_0_1.jpg,B2,B1,0.8534
C:\Users\teflo\Desktop\Study\VLU\Comp vision\BT\Final\processed_data\test\B2\DSC08698_patch_0_0.jpg,B2,A2,0.612
C:\Users\teflo\Desktop\Study\VLU\Comp vision\BT\Final\processed_data\test\B2\DSC08698_patch_3_4.jpg,B2,A2,0.4901
C:\Users\teflo\Desktop\Study\VLU\Comp vision\BT\Final\processed_data\test\B2\DSC08699_patch_3_4.jpg,B2,A2,0.8288
C:\Users\teflo\Desktop\Study\VLU\Comp vision\BT\Final\processed_data\test\B2\DSC08839_patch_3_4.jpg,B2,A1,0.736
C:\Users\teflo\Desktop\Study\VLU\Comp vision\BT\Final\processed_data\test\B2\DSC08840_patch_3_3.jpg,B2,B1,0.5434
C:\Users\teflo\Desktop\Study\VLU\Comp vision\BT\Final\processed_data\test\B2\DSC08841_patch_3_2.jpg,B2,B1,0.6831
C:\Users\teflo\Desktop\Study\VLU\Comp vision\BT\Final\processed_data\test\B2\DSC08842_patch_3_4.jpg,B2,A1,0.5588
C:\Users\teflo\Desktop\Study\VLU\Comp vision\BT\Final\processed_data\test\B2\DSC08845_patch_0_1.jpg,B2,B1,0.7692
C:\Users\teflo\Desktop\Study\VLU\Comp vision\BT\Final\processed_data\test\B2\DSC08845_patch_3_5.jpg,B2,B1,0.5563
C:\Users\teflo\Desktop\Study\VLU\Comp vision\BT\Final\processed_data\test\B2\DSC08846_patch_3_5.jpg,B2,B1,0.459
C:\Users\teflo\Desktop\Study\VLU\Comp vision\BT\Final\processed_data\test\B2\DSC08847_patch_3_3.jpg,B2,B1,0.9857
C:\Users\teflo\Desktop\Study\VLU\Comp vision\BT\Final\processed_data\test\B2\DSC08848_patch_3_1.jpg,B2,B1,0.8656
C:\Users\teflo\Desktop\Study\VLU\Comp vision\BT\Final\processed_data\test\B2\DSC08849_patch_3_2.jpg,B2,B1,0.9514
C:\Users\teflo\Desktop\Study\VLU\Comp vision\BT\Final\processed_data\test\B2\DSC08850_patch_3_4.jpg,B2,B1,0.6436
C:\Users\teflo\Desktop\Study\VLU\Comp vision\BT\Final\processed_data\test\B2\DSC08851_patch_3_2.jpg,B2,B1,0.9362
C:\Users\teflo\Desktop\Study\VLU\Comp vision\BT\Final\processed_data\test\B2\DSC08852_patch_3_0.jpg,B2,B1,0.846
C:\Users\teflo\Desktop\Study\VLU\Comp vision\BT\Final\processed_data\test\B2\DSC08853_patch_2_5.jpg,B2,B1,0.9739
C:\Users\teflo\Desktop\Study\VLU\Comp vision\BT\Final\processed_data\test\B2\DSC08854_patch_3_2.jpg,B2,B1,0.6762
C:\Users\teflo\Desktop\Study\VLU\Comp vision\BT\Final\processed_data\test\B2\DSC08855_patch_3_1.jpg,B2,B1,0.8994
C:\Users\teflo\Desktop\Study\VLU\Comp vision\BT\Final\processed_data\test\B2\DSC08862_patch_2_0.jpg,B2,B1,0.3263
C:\Users\teflo\Desktop\Study\VLU\Comp vision\BT\Final\processed_data\test\B2\DSC08864_patch_2_1.jpg,B2,A1,0.4145
C:\Users\teflo\Desktop\Study\VLU\Comp vision\BT\Final\processed_data\test\B2\DSC08881_patch_0_5.jpg,B2,B1,0.9022
C:\Users\teflo\Desktop\Study\VLU\Comp vision\BT\Final\processed_data\test\B2\DSC08883_patch_1_3.jpg,B2,B1,0.7794
C:\Users\teflo\Desktop\Study\VLU\Comp vision\BT\Final\processed_data\test\B2\DSC08884_patch_1_3.jpg,B2,B1,0.396
C:\Users\teflo\Desktop\Study\VLU\Comp vision\BT\Final\processed_data\test\B2\DSC08885_patch_1_2.jpg,B2,B1,0.5794
C:\Users\teflo\Desktop\Study\VLU\Comp vision\BT\Final\processed_data\test\B2\DSC09106_patch_2_4.jpg,B2,A2,0.6771
C:\Users\teflo\Desktop\Study\VLU\Comp vision\BT\Final\processed_data\test\B2\DSC09108_patch_2_4.jpg,B2,B1,0.4439
C:\Users\teflo\Desktop\Study\VLU\Comp vision\BT\Final\processed_data\test\B2\DSC09131_patch_3_1.jpg,B2,A2,0.8197
